step,reward
1,6.58
2,5.3
3,9.74
4,13.94
5,5.3
6,9.74
7,8.68
8,10.87
9,7.84
10,8.91
11,9.28
12,9.83
13,9.26
14,8.86
15,5.3
16,9.07
17,10.84
18,5.3
19,5.3
20,9.84
21,9.09
22,8.64
23,9.38
24,11.96
25,9.43
26,9.1
27,11.52
28,5.3
29,5.3
30,9.92
31,5.3
32,9.17
33,9.71
34,9.94
35,5.3
36,8.58
37,5.3
38,9.21
39,9.88
40,8.2
41,8.24
42,5.3
43,12.29
44,8.93
45,9.35
46,13.2
47,12.55
48,8.63
49,9.34
50,5.88
51,14.79
52,11.64
53,9.42
54,5.3
55,8.74
56,8.94
57,10.11
58,8.56
59,8.68
60,9.47
61,10.08
62,5.3
63,5.3
64,7.29
65,11.09
66,5.3
67,9.19
68,12.76
69,9.29
70,9.98
71,10.59
72,5.3
73,14.29
74,11.71
75,8.49
76,5.3
77,10.12
78,5.3
79,5.3
80,13.61
81,9.53
82,9.16
83,8.15
84,9.07
85,8.15
86,5.3
87,8.99
88,5.3
89,5.3
90,11.38
91,17.53
92,9.09
93,8.71
94,9.41
95,5.3
96,13.81
97,10.03
98,9.03
99,6.86
100,9.7
101,11.12
102,9.5
103,5.3
104,9.06
105,8.22
106,8.99
107,10.44
108,5.3
109,9.45
110,11.3
111,5.3
112,9.28
113,16.38
114,14.21
115,9.01
116,7.47
117,9.42
118,12.02
119,7.6
120,10.0
121,14.2
122,9.01
123,9.6
124,5.3
125,14.7
126,10.89
127,13.84
128,13.75
129,11.32
130,14.61
131,10.99
132,12.11
133,5.3
134,14.15
135,5.3
136,8.57
137,13.57
138,13.91
139,5.3
140,5.3
141,5.3
142,11.05
143,9.59
144,13.21
145,8.44
146,5.3
147,5.75
148,14.58
149,8.89
150,8.58
151,9.02
152,7.7
153,5.3
154,15.79
155,9.54
156,12.34
157,8.74
158,8.88
159,5.3
160,8.1
161,5.3
162,8.94
163,9.65
164,17.5
165,13.92
166,5.3
167,9.64
168,5.3
169,12.41
170,5.3
171,5.3
172,13.44
173,5.3
174,10.91
175,11.5
176,6.57
177,8.59
178,10.0
179,9.21
180,5.3
181,8.54
182,11.92
183,9.55
184,9.3
185,9.45
186,5.3
187,11.89
188,10.62
189,5.3
190,5.3
191,10.68
192,8.35
193,5.3
194,5.3
195,9.44
196,11.02
197,5.3
198,9.79
199,5.3
200,5.3
201,14.56
202,8.02
203,9.49
204,8.79
205,11.39
206,5.3
207,9.14
208,9.73
209,9.24
210,5.3
211,5.3
212,14.15
213,11.41
214,5.3
215,13.05
216,13.91
217,9.3
218,5.3
219,5.3
220,14.42
221,5.3
222,5.3
223,5.3
224,9.91
225,5.3
226,7.39
227,8.8
228,9.95
229,10.17
230,5.3
231,9.51
232,5.3
233,5.3
234,9.18
235,14.81
236,5.3
237,8.97
238,13.58
239,5.3
240,5.3
241,8.54
242,5.3
243,9.28
244,5.3
245,5.3
246,9.61
247,8.45
248,8.53
249,12.84
250,11.98
251,15.06
252,8.52
253,9.46
254,12.14
255,5.3
256,8.87
257,5.3
258,5.3
259,5.3
260,9.77
261,8.84
262,13.65
263,9.44
264,5.3
265,8.52
266,9.54
267,9.11
268,8.81
269,9.66
270,7.08
271,9.83
272,5.3
273,5.3
274,11.43
275,9.32
276,8.78
277,9.8
278,5.3
279,13.38
280,5.3
281,8.3
282,9.47
283,10.34
284,8.1
285,9.39
286,5.3
287,5.3
288,5.3
289,9.27
290,8.64
291,9.68
292,10.32
293,8.21
294,5.3
295,9.68
296,13.42
297,13.9
298,8.71
299,13.91
300,9.05
301,9.39
302,5.3
303,12.75
304,11.63
305,9.0
306,8.72
307,16.18
308,5.3
309,9.43
310,5.3
311,8.23
312,9.55
313,5.3
314,9.37
315,10.12
316,9.56
317,13.97
318,13.56
319,5.3
320,9.05
321,9.75
322,14.71
323,8.44
324,10.29
325,9.62
326,14.8
327,8.28
328,9.78
329,5.3
330,5.3
331,5.3
332,9.27
333,8.33
334,9.59
335,5.3
336,9.06
337,9.55
338,8.35
339,8.73
340,10.34
341,5.3
342,5.3
343,8.06
344,9.23
345,9.24
346,16.19
347,5.3
348,9.09
349,9.67
350,11.25
351,8.62
352,9.21
353,13.1
354,9.36
355,10.77
356,5.3
357,9.45
358,5.3
359,9.49
360,9.77
361,8.8
362,9.17
363,13.21
364,11.82
365,9.28
366,8.83
367,5.3
368,11.78
369,9.24
370,5.3
371,8.65
372,11.27
373,10.16
374,5.3
375,9.48
376,8.93
377,13.59
378,5.3
379,9.44
380,13.85
381,9.11
382,6.11
383,5.3
384,14.03
385,8.63
386,5.3
387,5.3
388,9.71
389,9.16
390,5.3
391,13.91
392,8.69
393,5.3
394,5.3
395,5.3
396,5.3
397,12.28
398,5.3
399,9.04
400,9.56
401,5.3
402,14.21
403,5.3
404,9.95
405,7.63
406,9.53
407,5.3
408,12.21
409,13.96
410,5.3
411,13.77
412,5.3
413,5.3
414,12.29
415,9.97
416,8.69
417,5.3
418,9.16
419,9.63
420,5.3
421,5.3
422,5.3
423,5.3
424,12.27
425,5.3
426,8.92
427,13.33
428,11.24
429,5.3
430,5.3
431,9.44
432,14.37
433,9.59
434,5.3
435,5.3
436,12.69
437,13.04
438,5.3
439,6.74
440,5.3
441,9.53
442,5.3
443,9.42
444,15.34
445,10.01
446,9.72
447,6.47
448,8.37
449,5.3
450,8.95
451,5.3
452,9.09
453,10.21
454,5.3
455,12.49
456,14.86
457,9.61
458,11.29
459,9.59
460,5.3
461,12.79
462,14.25
463,5.3
464,5.3
465,5.3
466,10.32
467,5.3
468,9.26
469,5.3
470,8.86
471,8.9
472,5.3
473,8.62
474,9.76
475,13.27
476,5.3
477,11.91
478,5.3
479,5.3
480,14.0
481,9.41
482,5.3
483,9.54
484,12.68
485,11.45
486,9.53
487,13.3
488,12.23
489,7.39
490,9.39
491,8.56
492,10.48
493,12.43
494,9.68
495,5.3
496,8.42
497,5.3
498,8.86
499,5.3
500,8.43
501,8.51
502,8.07
503,19.6
504,12.53
505,8.17
506,9.17
507,8.81
508,8.98
509,5.3
510,5.3
511,11.01
512,5.3
513,5.3
514,10.1
515,9.01
516,5.3
517,16.56
518,14.86
519,9.63
520,9.08
521,12.42
522,5.3
523,9.22
524,5.3
525,14.27
526,5.3
527,14.22
528,8.55
529,5.3
530,9.52
531,5.3
532,5.3
533,11.57
534,9.77
535,5.3
536,9.18
537,14.57
538,8.38
539,11.49
540,5.3
541,10.35
542,10.74
543,5.3
544,5.3
545,8.52
546,12.69
547,10.08
548,7.74
549,13.69
550,5.3
551,15.93
552,5.3
553,13.79
554,5.3
555,8.11
556,12.47
557,5.3
558,9.42
559,5.3
560,14.49
561,14.16
562,8.72
563,9.88
564,8.67
565,5.3
566,9.4
567,15.42
568,8.7
569,9.17
570,5.3
571,5.3
572,5.3
573,8.88
574,5.3
575,8.91
576,14.29
577,12.88
578,5.3
579,9.86
580,12.35
581,9.19
582,12.03
583,8.87
584,9.12
585,8.37
586,8.85
587,8.77
588,12.61
589,8.51
590,5.3
591,9.36
592,5.3
593,14.1
594,9.31
595,5.3
596,5.3
597,8.58
598,8.99
599,10.27
600,5.3
601,9.98
602,9.45
603,10.28
604,5.3
605,5.3
606,5.3
607,13.21
608,9.29
609,6.33
610,5.3
611,5.3
612,9.99
613,9.01
614,5.3
615,11.75
616,13.45
617,5.3
618,9.0
619,5.3
620,9.24
621,8.56
622,5.3
623,14.21
624,12.1
625,8.78
626,13.75
627,12.04
628,8.17
629,5.3
630,12.56
631,5.3
632,11.06
633,5.3
634,9.48
635,8.7
636,14.17
637,15.56
638,9.57
639,5.3
640,5.3
641,5.3
642,8.66
643,5.3
644,5.3
645,10.1
646,5.3
647,5.3
648,5.3
649,11.27
650,5.3
651,9.06
652,9.51
653,8.6
654,8.8
655,17.15
656,10.26
657,9.21
658,10.52
659,5.3
660,10.35
661,15.38
662,11.56
663,9.92
664,9.22
665,12.11
666,5.3
667,6.26
668,10.66
669,15.06
670,5.3
671,13.29
672,8.91
673,5.3
674,10.62
675,9.15
676,8.68
677,5.3
678,8.66
679,8.04
680,10.03
681,13.26
682,5.3
683,11.64
684,5.3
685,12.21
686,9.12
687,9.5
688,16.4
689,13.72
690,8.52
691,8.61
692,5.3
693,10.85
694,14.29
695,9.17
696,15.58
697,12.0
698,13.24
699,5.3
700,10.89
701,5.3
702,10.81
703,9.23
704,10.81
705,13.33
706,8.53
707,13.78
708,5.3
709,9.18
710,9.16
711,9.25
712,13.77
713,13.53
714,5.3
715,8.35
716,10.41
717,9.56
718,16.06
719,8.81
720,7.85
721,9.33
722,5.3
723,13.45
724,9.68
725,5.3
726,14.09
727,10.01
728,5.3
729,10.78
730,9.0
731,5.8
732,8.48
733,6.83
734,5.95
735,10.33
736,8.1
737,10.07
738,6.32
739,13.46
740,9.25
741,8.83
742,8.92
743,14.48
744,5.3
745,9.21
746,5.3
747,12.35
748,5.3
749,9.67
750,9.46
751,12.51
752,5.3
753,14.91
754,5.3
755,5.3
756,8.71
757,5.3
758,5.3
759,5.3
760,10.18
761,12.02
762,8.8
763,9.47
764,5.3
765,5.3
766,13.11
767,10.09
768,9.23
769,15.65
770,9.81
771,7.95
772,10.2
773,5.3
774,13.01
775,5.3
776,10.57
777,5.3
778,5.3
779,9.36
780,15.07
781,5.3
782,9.32
783,8.81
784,5.3
785,5.3
786,5.3
787,5.3
788,5.3
789,5.3
790,13.17
791,5.3
792,9.18
793,9.2
794,5.3
795,9.08
796,5.3
797,8.34
798,13.15
799,9.87
800,9.56
801,5.3
802,11.81
803,9.5
804,5.3
805,5.3
806,8.92
807,5.3
808,7.79
809,5.3
810,13.58
811,8.07
812,9.86
813,9.17
814,5.3
815,11.97
816,9.59
817,10.88
818,8.45
819,8.79
820,7.19
821,5.3
822,14.5
823,5.3
824,9.28
825,5.3
826,11.22
827,5.3
828,12.55
829,5.3
830,16.77
831,5.3
832,14.1
833,5.3
834,5.3
835,9.55
836,5.3
837,5.3
838,13.26
839,5.3
840,5.3
841,5.3
842,10.06
843,11.96
844,9.27
845,7.74
846,7.27
847,9.37
848,9.22
849,9.15
850,14.69
851,5.3
852,5.3
853,10.62
854,13.88
855,5.3
856,8.96
857,5.3
858,8.5
859,9.97
860,13.16
861,11.13
862,5.3
863,10.17
864,9.26
865,5.3
866,12.51
867,12.42
868,10.15
869,12.98
870,5.3
871,5.3
872,5.3
873,10.19
874,5.3
875,9.8
876,12.06
877,5.3
878,9.87
879,5.3
880,5.3
881,14.5
882,10.94
883,5.3
884,11.7
885,6.48
886,12.42
887,8.93
888,14.92
889,12.29
890,9.44
891,10.92
892,5.3
893,5.3
894,5.3
895,5.3
896,10.37
897,13.99
898,8.86
899,9.81
900,10.16
901,11.11
902,5.3
903,8.64
904,5.3
905,5.3
906,10.96
907,11.26
908,5.3
909,5.3
910,11.21
911,5.3
912,8.37
913,9.46
914,14.85
915,8.39
916,10.72
917,5.3
918,13.48
919,8.88
920,13.09
921,9.71
922,10.82
923,8.84
924,5.3
925,9.42
926,8.11
927,9.39
928,8.16
929,10.35
930,8.76
931,8.72
932,10.36
933,10.37
934,9.6
935,9.48
936,5.3
937,9.86
938,5.3
939,5.3
940,8.64
941,9.27
942,5.3
943,5.3
944,8.81
945,5.3
946,9.59
947,8.66
948,9.68
949,12.82
950,9.74
951,9.17
952,12.78
953,10.98
954,8.99
955,5.3
956,13.77
957,9.79
958,5.3
959,15.15
960,10.03
961,13.83
962,9.08
963,5.3
964,11.99
965,5.3
966,5.3
967,5.3
968,5.3
969,12.76
970,8.02
971,5.3
972,5.3
973,5.3
974,14.84
975,14.57
976,12.76
977,13.29
978,9.57
979,5.3
980,5.3
981,5.3
982,5.3
983,9.13
984,12.76
985,14.62
986,8.52
987,6.75
988,5.3
989,5.3
990,10.88
991,8.93
992,5.3
993,5.3
994,9.1
995,12.39
996,9.64
997,5.3
998,15.86
999,5.3
1000,9.02
1001,8.96
1002,9.42
1003,5.3
1004,11.73
1005,9.79
1006,5.3
1007,8.69
1008,13.68
1009,5.3
1010,12.31
1011,8.31
1012,17.61
1013,5.3
1014,19.45
1015,12.91
1016,5.3
1017,10.5
1018,17.08
1019,13.34
1020,9.34
1021,14.6
1022,5.3
1023,5.3
1024,5.3
1025,14.49
1026,7.79
1027,12.05
1028,5.3
1029,5.3
1030,9.1
1031,9.08
1032,8.95
1033,8.47
1034,10.64
1035,8.9
1036,6.71
1037,9.09
1038,9.33
1039,9.14
1040,5.3
1041,5.3
1042,5.3
1043,5.3
1044,12.21
1045,13.76
1046,14.23
1047,10.67
1048,15.14
1049,9.47
1050,9.08
1051,9.06
1052,9.33
1053,13.83
1054,14.99
1055,9.69
1056,11.45
1057,9.44
1058,5.3
1059,9.64
1060,13.62
1061,9.0
1062,16.31
1063,9.0
1064,5.3
1065,5.3
1066,5.3
1067,9.15
1068,9.61
1069,5.3
1070,5.3
1071,9.52
1072,5.3
1073,14.43
1074,9.73
1075,8.89
1076,8.76
1077,8.77
1078,5.3
1079,5.3
1080,8.57
1081,11.77
1082,5.3
1083,9.76
1084,5.3
1085,5.3
1086,15.88
1087,5.3
1088,9.62
1089,5.3
1090,9.82
1091,5.3
1092,9.27
1093,9.5
1094,9.06
1095,11.79
1096,7.88
1097,8.48
1098,9.47
1099,10.11
1100,7.92
1101,8.76
1102,5.3
1103,8.46
1104,15.99
1105,5.3
1106,5.3
1107,10.69
1108,8.89
1109,9.27
1110,10.49
1111,8.89
1112,7.77
1113,9.71
1114,11.18
1115,5.3
1116,9.19
1117,5.3
1118,5.3
1119,5.3
1120,5.3
1121,9.49
1122,8.48
1123,8.56
1124,9.16
1125,5.3
1126,13.94
1127,5.3
1128,8.99
1129,10.07
1130,9.92
1131,9.32
1132,5.3
1133,9.43
1134,5.3
1135,12.96
1136,8.58
1137,11.46
1138,14.09
1139,9.51
1140,9.23
1141,10.68
1142,12.55
1143,5.3
1144,5.3
1145,11.95
1146,9.76
1147,5.3
1148,9.2
1149,14.56
1150,9.95
1151,10.11
1152,13.53
1153,8.98
1154,8.95
1155,14.45
1156,8.8
1157,5.3
1158,8.84
1159,8.87
1160,8.2
1161,8.9
1162,5.3
1163,8.89
1164,10.45
1165,8.17
1166,12.33
1167,8.96
1168,8.71
1169,9.32
1170,8.12
1171,5.3
1172,11.18
1173,8.74
1174,5.3
1175,8.76
1176,9.79
1177,11.15
1178,9.52
1179,5.3
1180,6.61
1181,6.5
1182,14.8
1183,10.62
1184,5.3
1185,10.6
1186,11.55
1187,12.39
1188,5.3
1189,12.31
1190,8.56
1191,5.3
1192,5.3
1193,12.7
1194,9.26
1195,13.19
1196,9.01
1197,14.63
1198,5.3
1199,13.84
1200,5.3
1201,11.25
1202,8.46
1203,12.04
1204,5.3
1205,5.3
1206,7.18
1207,12.24
1208,9.61
1209,5.3
1210,8.33
1211,8.92
1212,8.37
1213,10.98
1214,9.24
1215,7.83
1216,5.3
1217,8.88
1218,8.9
1219,9.13
1220,11.47
1221,12.03
1222,5.3
1223,8.12
1224,8.28
1225,8.9
1226,8.27
1227,8.81
1228,12.9
1229,5.3
1230,9.31
1231,5.3
1232,12.17
1233,15.27
1234,5.3
1235,5.3
1236,10.09
1237,14.5
1238,10.65
1239,13.12
1240,5.3
1241,9.84
1242,5.3
1243,14.89
1244,11.08
1245,9.09
1246,7.14
1247,5.3
1248,9.4
1249,5.3
1250,14.06
1251,10.6
1252,9.0
1253,12.29
1254,9.62
1255,5.3
1256,12.24
1257,8.97
1258,5.3
1259,8.31
1260,11.92
1261,12.37
1262,10.55
1263,9.05
1264,5.3
1265,12.11
1266,5.3
1267,14.48
1268,11.95
1269,8.33
1270,8.77
1271,7.02
1272,10.11
1273,9.12
1274,14.05
1275,9.13
1276,5.3
1277,6.97
1278,8.6
1279,9.9
1280,9.76
1281,5.3
1282,5.3
1283,9.08
1284,10.52
1285,10.31
1286,9.52
1287,9.02
1288,9.83
1289,8.13
1290,5.3
1291,11.13
1292,9.14
1293,8.62
1294,10.42
1295,5.3
1296,11.37
1297,5.3
1298,12.95
1299,9.17
1300,5.3
1301,10.07
1302,10.69
1303,8.38
1304,5.3
1305,13.6
1306,12.28
1307,9.57
1308,14.75
1309,9.09
1310,16.78
1311,5.3
1312,5.3
1313,8.92
1314,8.68
1315,5.57
1316,5.3
1317,13.99
1318,10.73
1319,8.96
1320,10.07
1321,12.38
1322,5.3
1323,9.15
1324,10.76
1325,5.3
1326,13.59
1327,8.69
1328,5.3
1329,12.15
1330,14.07
1331,10.49
1332,9.35
1333,5.3
1334,5.3
1335,8.66
1336,9.3
1337,8.79
1338,8.64
1339,9.34
1340,5.3
1341,8.45
1342,8.22
1343,5.3
1344,8.71
1345,6.26
1346,5.3
1347,5.3
1348,5.3
1349,13.28
1350,13.77
1351,15.03
1352,8.49
1353,5.3
1354,8.24
1355,14.12
1356,8.52
1357,11.95
1358,5.3
1359,9.5
1360,5.3
1361,5.3
1362,12.39
1363,16.4
1364,5.3
1365,11.96
1366,17.11
1367,10.29
1368,9.52
1369,11.79
1370,5.3
1371,5.3
1372,5.3
1373,7.48
1374,10.0
1375,5.3
1376,9.45
1377,8.52
1378,9.64
1379,9.86
1380,13.86
1381,12.55
1382,5.3
1383,8.32
1384,5.3
1385,9.06
1386,9.39
1387,5.3
1388,8.76
1389,11.5
1390,11.44
1391,9.1
1392,5.3
1393,5.3
1394,10.1
1395,10.24
1396,5.3
1397,13.73
1398,13.85
1399,17.12
1400,8.64
1401,8.58
1402,13.24
1403,8.12
1404,11.36
1405,8.33
1406,8.67
1407,8.99
1408,9.15
1409,9.15
1410,5.3
1411,7.75
1412,17.73
1413,13.07
1414,5.3
1415,5.3
1416,10.81
1417,5.3
1418,5.3
1419,12.06
1420,9.68
1421,5.3
1422,8.6
1423,5.3
1424,8.47
1425,4.54
1426,10.05
1427,5.3
1428,13.22
1429,5.3
1430,8.72
1431,13.53
1432,12.12
1433,10.03
1434,8.37
1435,9.15
1436,19.85
1437,8.48
1438,10.67
1439,8.48
1440,14.5
1441,5.3
1442,9.33
1443,6.93
1444,5.3
1445,9.41
1446,5.3
1447,9.17
1448,9.38
1449,5.3
1450,5.3
1451,5.3
1452,5.3
1453,9.76
1454,8.04
1455,8.54
1456,5.3
1457,5.3
1458,16.39
1459,8.32
1460,10.7
1461,11.3
1462,16.11
1463,8.83
1464,9.3
1465,10.99
1466,9.17
1467,9.07
1468,7.88
1469,8.98
1470,10.37
1471,8.72
1472,5.3
1473,11.03
1474,10.33
1475,12.38
1476,5.3
1477,5.3
1478,5.3
1479,5.3
1480,12.17
1481,11.23
1482,10.02
1483,19.4
1484,5.3
1485,10.18
1486,6.24
1487,15.2
1488,11.81
1489,5.62
1490,9.71
1491,8.86
1492,9.14
1493,9.88
1494,8.84
1495,9.3
1496,8.88
1497,14.93
1498,9.4
1499,8.64
1500,8.77
1501,5.3
1502,11.72
1503,9.51
1504,15.39
1505,9.16
1506,8.45
1507,9.86
1508,13.0
1509,11.17
1510,5.3
1511,13.43
1512,9.51
1513,8.48
1514,5.3
1515,11.77
1516,9.49
1517,5.3
1518,8.25
1519,5.3
1520,11.25
1521,5.3
1522,10.63
1523,8.29
1524,5.3
1525,5.3
1526,5.3
1527,5.3
1528,5.3
1529,10.38
1530,8.76
1531,10.92
1532,13.82
1533,5.3
1534,13.27
1535,9.03
1536,9.19
1537,13.73
1538,8.35
1539,8.79
1540,10.16
1541,12.46
1542,14.18
1543,12.86
1544,10.33
1545,6.45
1546,10.34
1547,12.03
1548,11.51
1549,8.83
1550,9.55
1551,5.3
1552,9.35
1553,10.72
1554,8.93
1555,14.3
1556,10.14
1557,8.61
1558,12.41
1559,8.68
1560,8.07
1561,9.06
1562,5.3
1563,10.59
1564,5.3
1565,12.4
1566,9.26
1567,5.3
1568,5.3
1569,5.3
1570,5.3
1571,5.3
1572,11.26
1573,11.46
1574,14.7
1575,5.3
1576,11.21
1577,8.48
1578,5.3
1579,9.88
1580,10.08
1581,9.15
1582,9.77
1583,5.3
1584,16.11
1585,7.46
1586,5.3
1587,7.82
1588,8.65
1589,5.3
1590,5.3
1591,5.3
1592,10.09
1593,8.87
1594,5.3
1595,5.3
1596,15.08
1597,9.48
1598,5.3
1599,5.3
1600,12.47
1601,10.55
1602,5.3
1603,8.91
1604,5.3
1605,13.62
1606,13.29
1607,8.42
1608,5.3
1609,5.3
1610,5.3
1611,5.3
1612,7.39
1613,9.37
1614,9.34
1615,9.09
1616,5.3
1617,10.55
1618,10.8
1619,10.29
1620,12.2
1621,5.3
1622,5.3
1623,8.4
1624,5.3
1625,9.02
1626,5.3
1627,5.3
1628,9.12
1629,13.61
1630,13.51
1631,10.21
1632,5.3
1633,9.44
1634,14.32
1635,8.3
1636,12.34
1637,5.3
1638,13.49
1639,5.3
1640,9.19
1641,14.82
1642,5.3
1643,11.42
1644,5.3
1645,5.3
1646,13.5
1647,10.56
1648,16.42
1649,9.54
1650,5.3
1651,6.65
1652,5.3
1653,5.3
1654,9.11
1655,17.66
1656,9.55
1657,12.82
1658,7.74
1659,9.92
1660,16.73
1661,5.3
1662,5.3
1663,11.56
1664,12.16
1665,9.46
1666,8.45
1667,5.3
1668,12.88
1669,13.77
1670,9.09
1671,11.99
1672,5.3
1673,10.88
1674,14.67
1675,8.93
1676,10.47
1677,12.79
1678,7.61
1679,5.3
1680,8.83
1681,11.02
1682,5.3
1683,5.3
1684,5.3
1685,9.39
1686,9.03
1687,9.49
1688,14.53
1689,6.51
1690,13.47
1691,8.7
1692,12.97
1693,14.51
1694,8.84
1695,5.3
1696,5.3
1697,10.57
1698,9.2
1699,15.65
1700,14.1
1701,10.22
1702,16.48
1703,5.3
1704,9.89
1705,5.61
1706,5.3
1707,8.82
1708,8.54
1709,13.37
1710,11.92
1711,13.15
1712,5.3
1713,9.96
1714,8.32
1715,12.6
1716,5.3
1717,8.59
1718,8.57
1719,9.49
1720,5.3
1721,13.93
1722,13.54
1723,5.3
1724,8.68
1725,5.3
1726,12.65
1727,9.3
1728,8.8
1729,9.33
1730,5.3
1731,9.83
1732,8.69
1733,11.14
1734,9.37
1735,5.3
1736,11.05
1737,14.17
1738,12.81
1739,12.17
1740,7.09
1741,5.3
1742,11.33
1743,5.3
1744,5.3
1745,12.13
1746,5.3
1747,10.45
1748,5.3
1749,12.98
1750,8.47
1751,5.3
1752,5.3
1753,9.74
1754,16.55
1755,9.54
1756,5.3
1757,18.83
1758,5.3
1759,8.59
1760,5.3
1761,15.15
1762,12.43
1763,5.3
1764,9.85
1765,13.84
1766,9.07
1767,9.09
1768,9.24
1769,5.3
1770,8.72
1771,9.72
1772,9.28
1773,9.47
1774,9.18
1775,5.3
1776,5.3
1777,8.81
1778,11.91
1779,11.56
1780,10.44
1781,8.73
1782,5.3
1783,5.3
1784,5.3
1785,5.3
1786,14.0
1787,10.54
1788,5.3
1789,9.76
1790,13.4
1791,8.96
1792,8.86
1793,10.74
1794,8.57
1795,10.85
1796,8.42
1797,7.24
1798,14.28
1799,8.72
1800,5.3
1801,11.69
1802,9.14
1803,5.3
1804,14.61
1805,14.29
1806,5.3
1807,9.29
1808,7.55
1809,14.1
1810,5.3
1811,8.96
1812,8.79
1813,7.48
1814,11.67
1815,13.71
1816,11.62
1817,8.74
1818,5.3
1819,5.3
1820,11.23
1821,9.94
1822,5.3
1823,9.29
1824,5.3
1825,10.49
1826,8.78
1827,11.25
1828,9.13
1829,9.11
1830,6.68
1831,12.07
1832,12.51
1833,5.3
1834,5.3
1835,8.79
1836,13.91
1837,8.83
1838,5.3
1839,9.23
1840,5.3
1841,7.96
1842,5.3
1843,10.37
1844,5.3
1845,5.3
1846,5.3
1847,9.49
1848,9.03
1849,5.3
1850,5.3
1851,5.3
1852,6.08
1853,9.59
1854,5.3
1855,12.08
1856,8.86
1857,8.32
1858,5.3
1859,5.3
1860,10.92
1861,11.89
1862,5.3
1863,12.07
1864,11.96
1865,14.52
1866,5.3
1867,9.3
1868,13.67
1869,12.86
1870,6.7
1871,5.3
1872,8.77
1873,8.97
1874,9.09
1875,5.87
1876,14.12
1877,5.3
1878,5.3
1879,5.3
1880,9.57
1881,11.14
1882,5.3
1883,5.3
1884,5.3
1885,9.52
1886,13.14
1887,8.45
1888,8.64
1889,8.35
1890,11.16
1891,14.45
1892,5.3
1893,13.31
1894,12.03
1895,8.29
1896,8.04
1897,14.14
1898,13.69
1899,8.84
1900,5.3
1901,12.64
1902,9.06
1903,10.62
1904,5.3
1905,9.36
1906,9.65
1907,12.87
1908,11.08
1909,5.3
1910,9.12
1911,8.81
1912,7.73
1913,5.3
1914,5.3
1915,8.86
1916,14.04
1917,8.49
1918,9.18
1919,9.37
1920,9.0
1921,8.43
1922,5.3
1923,12.47
1924,5.3
1925,9.0
1926,10.32
1927,13.96
1928,9.51
1929,11.56
1930,13.39
1931,5.3
1932,8.68
1933,10.79
1934,8.79
1935,5.3
1936,9.35
1937,11.54
1938,8.77
1939,8.46
1940,12.13
1941,5.3
1942,8.96
1943,11.59
1944,5.3
1945,13.4
1946,5.3
1947,10.44
1948,5.3
1949,14.12
1950,8.96
1951,9.01
1952,6.66
1953,7.35
1954,13.11
1955,9.82
1956,5.3
1957,13.01
1958,12.44
1959,8.89
1960,17.23
1961,12.64
1962,5.3
1963,8.23
1964,9.85
1965,5.3
1966,9.16
1967,5.3
1968,14.34
1969,10.73
1970,8.56
1971,5.3
1972,5.3
1973,13.98
1974,10.86
1975,5.3
1976,9.14
1977,5.3
1978,8.93
1979,8.44
1980,10.23
1981,9.87
1982,13.73
1983,10.39
1984,13.23
1985,5.3
1986,5.3
1987,9.35
1988,9.82
1989,5.3
1990,10.67
1991,10.07
1992,8.84
1993,10.7
1994,8.91
1995,5.3
1996,14.57
1997,9.91
1998,8.3
1999,16.38
2000,9.12
2001,11.94
2002,8.87
2003,5.3
2004,16.55
2005,15.84
2006,9.26
2007,7.72
2008,13.9
2009,9.75
2010,8.19
2011,16.0
2012,10.94
2013,5.3
2014,9.54
2015,9.28
2016,5.3
2017,9.02
2018,15.26
2019,5.3
2020,5.3
2021,13.3
2022,9.14
2023,9.59
2024,5.3
2025,5.3
2026,5.3
2027,11.03
2028,11.86
2029,9.09
2030,13.84
2031,10.46
2032,14.32
2033,8.61
2034,5.3
2035,5.3
2036,5.3
2037,5.3
2038,9.5
2039,5.3
2040,12.19
2041,5.3
2042,9.48
2043,16.88
2044,5.3
2045,9.48
2046,5.3
2047,8.62
2048,8.62
2049,8.7
2050,8.84
2051,13.55
2052,5.3
2053,5.3
2054,9.05
2055,9.58
2056,5.3
2057,14.14
2058,12.25
2059,10.26
2060,11.03
2061,8.67
2062,9.12
2063,5.3
2064,10.02
2065,5.3
2066,11.35
2067,14.1
2068,5.3
2069,9.7
2070,8.88
2071,14.6
2072,10.08
2073,16.11
2074,9.22
2075,10.38
2076,9.15
2077,7.74
2078,11.91
2079,5.3
2080,5.3
2081,11.45
2082,11.58
2083,8.45
2084,5.3
2085,12.79
2086,9.1
2087,9.0
2088,10.48
2089,13.79
2090,11.55
2091,8.53
2092,5.3
2093,9.43
2094,8.67
2095,10.08
2096,8.95
2097,5.3
2098,7.87
2099,8.4
2100,5.3
2101,13.97
2102,5.3
2103,8.92
2104,9.06
2105,13.5
2106,9.09
2107,5.3
2108,8.92
2109,5.3
2110,9.16
2111,9.4
2112,8.4
2113,14.45
2114,16.03
2115,9.5
2116,10.8
2117,10.74
2118,10.35
2119,9.29
2120,5.3
2121,7.66
2122,8.54
2123,9.13
2124,11.15
2125,5.3
2126,5.3
2127,12.38
2128,5.3
2129,5.3
2130,14.12
2131,9.52
2132,9.21
2133,8.45
2134,5.3
2135,11.15
2136,9.58
2137,5.3
2138,13.96
2139,10.51
2140,13.07
2141,12.26
2142,5.3
2143,13.34
2144,8.86
2145,13.89
2146,9.42
2147,8.91
2148,7.91
2149,11.46
2150,10.08
2151,5.3
2152,8.45
2153,12.41
2154,10.1
2155,9.86
2156,5.3
2157,8.14
2158,12.95
2159,8.33
2160,10.2
2161,10.81
2162,10.5
2163,11.18
2164,8.42
2165,9.89
2166,5.3
2167,12.34
2168,9.1
2169,14.36
2170,5.3
2171,9.23
2172,8.1
2173,8.94
2174,5.3
2175,8.75
2176,5.3
2177,5.3
2178,10.45
2179,5.3
2180,8.1
2181,15.58
2182,5.3
2183,5.3
2184,5.3
2185,10.46
2186,10.12
2187,12.07
2188,8.6
2189,14.42
2190,10.62
2191,5.3
2192,12.23
2193,8.96
2194,9.47
2195,8.69
2196,5.3
2197,8.25
2198,5.3
2199,5.3
2200,5.3
2201,5.3
2202,9.43
2203,8.86
2204,13.2
2205,10.99
2206,10.07
2207,9.26
2208,8.72
2209,13.88
2210,10.23
2211,9.52
2212,5.3
2213,8.06
2214,10.37
2215,7.66
2216,8.84
2217,5.3
2218,9.7
2219,11.39
2220,8.97
2221,9.31
2222,12.4
2223,9.02
2224,8.63
2225,8.65
2226,14.3
2227,8.72
2228,8.18
2229,10.03
2230,5.3
2231,8.92
2232,9.06
2233,14.59
2234,11.44
2235,5.3
2236,13.62
2237,5.3
2238,16.4
2239,5.3
2240,5.3
2241,10.74
2242,5.3
2243,11.71
2244,9.23
2245,15.3
2246,5.3
2247,14.31
2248,9.18
2249,8.45
2250,5.3
2251,9.03
2252,8.43
2253,9.6
2254,8.43
2255,9.55
2256,14.95
2257,5.3
2258,11.43
2259,8.41
2260,11.31
2261,8.7
2262,5.3
2263,5.3
2264,11.84
2265,9.08
2266,14.84
2267,10.66
2268,14.68
2269,5.3
2270,9.45
2271,5.3
2272,5.3
2273,8.76
2274,9.76
2275,5.3
2276,10.58
2277,9.4
2278,9.13
2279,5.3
2280,8.8
2281,5.3
2282,5.3
2283,9.29
2284,9.3
2285,8.82
2286,8.8
2287,5.3
2288,9.58
2289,5.3
2290,5.3
2291,13.73
2292,5.3
2293,8.96
2294,9.84
2295,5.3
2296,15.76
2297,9.1
2298,13.59
2299,9.02
2300,9.01
2301,5.3
2302,5.3
2303,11.9
2304,8.91
2305,5.3
2306,5.3
2307,9.21
2308,9.26
2309,5.3
2310,9.14
2311,5.3
2312,10.28
2313,9.36
2314,5.3
2315,9.33
2316,8.25
2317,10.59
2318,11.13
2319,8.5
2320,10.31
2321,5.3
2322,5.3
2323,13.36
2324,5.3
2325,9.1
2326,10.09
2327,8.75
2328,5.3
2329,9.21
2330,14.29
2331,9.44
2332,9.33
2333,8.55
2334,10.97
2335,5.3
2336,10.04
2337,9.26
2338,10.1
2339,12.88
2340,5.3
2341,9.07
2342,12.76
2343,8.08
2344,13.28
2345,5.3
2346,5.3
2347,11.16
2348,9.64
2349,5.3
2350,5.3
2351,12.43
2352,9.9
2353,9.41
2354,9.53
2355,5.3
2356,8.16
2357,5.3
2358,13.74
2359,9.94
2360,13.12
2361,5.3
2362,9.48
2363,5.3
2364,9.27
2365,11.23
2366,5.3
2367,8.72
2368,5.29
2369,5.3
2370,5.3
2371,5.3
2372,8.42
2373,11.62
2374,9.25
2375,5.3
2376,5.3
2377,9.74
2378,9.03
2379,14.72
2380,5.3
2381,5.3
2382,5.3
2383,5.3
2384,9.3
2385,8.98
2386,13.83
2387,14.83
2388,9.24
2389,5.3
2390,13.29
2391,13.44
2392,5.3
2393,10.19
2394,9.27
2395,11.0
2396,8.54
2397,5.3
2398,7.78
2399,8.3
2400,9.64
2401,13.46
2402,5.3
2403,10.99
2404,8.99
2405,9.96
2406,9.48
2407,9.08
2408,5.3
2409,5.3
2410,8.62
2411,8.68
2412,7.1
2413,9.15
2414,5.3
2415,9.48
2416,5.3
2417,5.3
2418,5.3
2419,9.14
2420,14.5
2421,11.66
2422,9.75
2423,7.8
2424,10.03
2425,9.25
2426,9.42
2427,13.15
2428,8.88
2429,5.3
2430,9.91
2431,10.1
2432,13.39
2433,8.97
2434,12.91
2435,9.51
2436,11.6
2437,7.54
2438,5.3
2439,14.57
2440,5.3
2441,5.3
2442,13.65
2443,5.3
2444,9.67
2445,9.3
2446,5.3
2447,11.68
2448,8.97
2449,8.75
2450,5.3
2451,14.14
2452,9.47
2453,8.5
2454,5.49
2455,5.3
2456,5.3
2457,11.29
2458,7.81
2459,14.37
2460,5.3
2461,5.3
2462,11.93
2463,8.84
2464,8.93
2465,8.04
2466,5.3
2467,9.21
2468,13.35
2469,8.46
2470,7.91
2471,5.3
2472,8.11
2473,7.6
2474,5.3
2475,5.3
2476,8.19
2477,8.37
2478,10.16
2479,7.4
2480,9.32
2481,5.3
2482,5.3
2483,9.4
2484,11.0
2485,5.3
2486,8.21
2487,9.11
2488,6.53
2489,5.3
2490,11.88
2491,5.3
2492,8.79
2493,5.3
2494,5.3
2495,5.3
2496,8.81
2497,5.3
2498,9.3
2499,5.3
2500,10.02
2501,5.3
2502,9.18
2503,9.3
2504,12.52
2505,14.74
2506,11.55
2507,5.3
2508,13.55
2509,8.21
2510,5.3
2511,13.01
2512,5.3
2513,5.3
2514,5.3
2515,10.9
2516,5.3
2517,9.09
2518,5.3
2519,8.77
2520,8.69
2521,9.06
2522,10.17
2523,9.96
2524,9.75
2525,8.71
2526,5.3
2527,5.3
2528,5.3
2529,8.84
2530,9.37
2531,9.2
2532,9.13
2533,10.96
2534,13.8
2535,12.77
2536,9.37
2537,15.54
2538,11.67
2539,5.3
2540,5.3
2541,8.35
2542,5.3
2543,5.3
2544,17.57
2545,11.06
2546,9.25
2547,9.34
2548,11.03
2549,9.59
2550,10.69
2551,8.7
2552,5.3
2553,9.4
2554,8.51
2555,7.91
2556,5.3
2557,14.77
2558,8.72
2559,5.3
2560,5.3
2561,8.8
2562,5.3
2563,10.12
2564,9.25
2565,5.3
2566,5.3
2567,5.3
2568,5.3
2569,9.66
2570,8.76
2571,9.11
2572,8.42
2573,14.74
2574,12.57
2575,8.56
2576,10.6
2577,5.3
2578,5.3
2579,13.98
2580,5.3
2581,5.3
2582,5.3
2583,5.3
2584,9.56
2585,8.69
2586,5.3
2587,14.34
2588,14.62
2589,7.48
2590,10.93
2591,10.11
2592,8.99
2593,5.3
2594,5.3
2595,8.63
2596,8.93
2597,10.19
2598,9.78
2599,11.38
2600,5.3
2601,5.3
2602,9.23
2603,5.3
2604,5.91
2605,10.19
2606,9.75
2607,8.42
2608,5.3
2609,8.77
2610,11.95
2611,10.53
2612,5.3
2613,5.3
2614,5.3
2615,12.39
2616,10.3
2617,5.3
2618,12.2
2619,8.8
2620,10.94
2621,5.3
2622,5.3
2623,5.3
2624,5.3
2625,7.27
2626,11.14
2627,5.3
2628,8.57
2629,5.3
2630,5.3
2631,9.51
2632,10.65
2633,8.59
2634,10.88
2635,15.25
2636,8.91
2637,12.24
2638,9.24
2639,10.09
2640,12.25
2641,8.06
2642,9.34
2643,8.68
2644,14.0
2645,8.92
2646,5.3
2647,12.48
2648,15.52
2649,12.16
2650,5.3
2651,13.18
2652,9.19
2653,13.82
2654,5.3
2655,8.23
2656,9.46
2657,5.3
2658,13.68
2659,9.52
2660,5.3
2661,8.93
2662,9.44
2663,12.05
2664,11.03
2665,13.27
2666,10.21
2667,6.13
2668,9.34
2669,9.87
2670,7.72
2671,9.44
2672,6.23
2673,13.38
2674,8.61
2675,5.3
2676,5.3
2677,8.74
2678,5.3
2679,10.97
2680,5.3
2681,6.23
2682,5.3
2683,9.14
2684,7.66
2685,5.3
2686,11.74
2687,14.39
2688,5.3
2689,5.3
2690,9.59
2691,10.12
2692,13.1
2693,5.3
2694,5.3
2695,5.3
2696,10.61
2697,11.49
2698,5.3
2699,5.3
2700,14.18
2701,13.14
2702,13.6
2703,5.3
2704,10.87
2705,5.3
2706,8.24
2707,5.3
2708,13.56
2709,5.3
2710,9.89
2711,9.73
2712,7.76
2713,9.3
2714,9.56
2715,11.81
2716,5.3
2717,5.3
2718,9.12
2719,9.73
2720,9.23
2721,8.9
2722,5.3
2723,5.3
2724,5.3
2725,10.59
2726,5.3
2727,9.35
2728,14.92
2729,12.53
2730,5.3
2731,11.07
2732,5.3
2733,5.3
2734,8.11
2735,8.74
2736,9.56
2737,10.46
2738,9.09
2739,8.54
2740,13.14
2741,9.09
2742,11.59
2743,9.31
2744,9.18
2745,8.98
2746,8.77
2747,9.28
2748,12.02
2749,9.46
2750,5.3
2751,5.3
2752,5.3
2753,9.17
2754,9.32
2755,9.45
2756,12.18
2757,10.21
2758,9.27
2759,9.71
2760,9.1
2761,8.65
2762,12.29
2763,9.5
2764,8.57
2765,5.3
2766,10.33
2767,5.3
2768,11.08
2769,8.44
2770,8.84
2771,14.06
2772,13.09
2773,8.36
2774,5.3
2775,13.1
2776,8.9
2777,5.3
2778,9.9
2779,7.12
2780,8.77
2781,12.88
2782,8.62
2783,5.3
2784,13.15
2785,5.3
2786,5.3
2787,10.91
2788,8.58
2789,13.72
2790,9.0
2791,8.99
2792,9.18
2793,9.0
2794,8.8
2795,5.3
2796,9.89
2797,11.5
2798,5.3
2799,10.49
2800,8.93
2801,5.3
2802,5.3
2803,10.61
2804,13.21
2805,12.63
2806,9.1
2807,5.3
2808,5.3
2809,9.81
2810,9.39
2811,5.3
2812,5.3
2813,16.88
2814,14.04
2815,9.29
2816,5.3
2817,8.87
2818,9.87
2819,15.34
2820,10.19
2821,8.83
2822,5.3
2823,13.6
2824,12.32
2825,10.24
2826,5.3
2827,10.39
2828,11.21
2829,9.75
2830,11.88
2831,9.57
2832,5.3
2833,5.3
2834,9.52
2835,13.57
2836,5.3
2837,9.6
2838,7.57
2839,8.88
2840,5.3
2841,13.7
2842,5.3
2843,13.95
2844,8.59
2845,11.86
2846,5.3
2847,5.3
2848,11.02
2849,9.26
2850,5.3
2851,10.1
2852,5.3
2853,15.78
2854,5.3
2855,5.3
2856,12.37
2857,10.45
2858,6.29
2859,7.62
2860,8.38
2861,13.54
2862,9.67
2863,5.3
2864,13.83
2865,9.03
2866,14.79
2867,5.3
2868,5.3
2869,9.04
2870,9.21
2871,5.3
2872,5.3
2873,9.18
2874,5.3
2875,15.98
2876,15.29
2877,8.75
2878,5.3
2879,5.3
2880,5.3
2881,10.37
2882,5.3
2883,5.3
2884,5.3
2885,5.3
2886,5.3
2887,5.3
2888,17.51
2889,14.17
2890,10.07
2891,9.15
2892,9.03
2893,5.3
2894,9.41
2895,5.3
2896,5.3
2897,10.59
2898,11.91
2899,10.05
2900,5.3
2901,13.47
2902,8.11
2903,14.38
2904,8.79
2905,8.49
2906,5.3
2907,5.3
2908,12.21
2909,11.3
2910,9.22
2911,5.3
2912,9.79
2913,5.3
2914,9.66
2915,9.35
2916,12.24
2917,8.6
2918,13.88
2919,8.58
2920,11.83
2921,5.3
2922,5.3
2923,8.12
2924,5.3
2925,5.3
2926,13.63
2927,10.44
2928,5.3
2929,8.86
2930,14.41
2931,13.74
2932,5.3
2933,9.06
2934,9.32
2935,5.3
2936,11.62
2937,5.3
2938,5.3
2939,9.17
2940,5.3
2941,5.3
2942,5.3
2943,8.34
2944,5.3
2945,5.3
2946,10.19
2947,5.3
2948,5.3
2949,10.55
2950,8.23
2951,5.3
2952,5.3
2953,5.3
2954,7.83
2955,5.3
2956,7.38
2957,10.24
2958,8.85
2959,5.3
2960,5.3
2961,7.38
2962,9.47
2963,13.99
2964,11.83
2965,5.3
2966,5.3
2967,14.09
2968,5.3
2969,9.63
2970,9.68
2971,9.84
2972,12.32
2973,5.3
2974,9.28
2975,13.63
2976,5.3
2977,7.93
2978,9.63
2979,5.3
2980,5.3
2981,10.22
2982,10.84
2983,9.35
2984,5.3
2985,10.45
2986,9.37
2987,17.04
2988,12.21
2989,10.71
2990,6.53
2991,5.3
2992,5.3
2993,12.84
2994,8.54
2995,9.44
2996,9.12
2997,8.84
2998,17.61
2999,15.17
3000,5.3
3001,9.2
3002,9.02
3003,5.3
3004,11.42
3005,8.2
3006,14.24
3007,14.19
3008,5.3
3009,8.56
3010,5.3
3011,9.06
3012,9.62
3013,9.41
3014,15.16
3015,5.3
3016,10.12
3017,5.3
3018,8.93
3019,8.02
3020,11.48
3021,9.44
3022,13.69
3023,13.35
3024,5.3
3025,10.93
3026,9.19
3027,11.01
3028,8.47
3029,9.17
3030,7.25
3031,5.3
3032,5.3
3033,9.99
3034,5.3
3035,5.3
3036,5.3
3037,10.59
3038,9.16
3039,8.11
3040,12.72
3041,10.29
3042,7.5
3043,5.3
3044,15.28
3045,5.3
3046,10.16
3047,10.98
3048,8.76
3049,9.3
3050,9.12
3051,16.54
3052,5.3
3053,9.36
3054,9.52
3055,5.3
3056,7.19
3057,5.3
3058,5.3
3059,8.72
3060,5.3
3061,10.47
3062,7.37
3063,8.51
3064,10.5
3065,11.14
3066,8.13
3067,5.3
3068,9.3
3069,8.72
3070,8.85
3071,5.3
3072,5.3
3073,8.86
3074,10.96
3075,13.95
3076,9.67
3077,13.46
3078,9.62
3079,5.3
3080,5.3
3081,12.94
3082,17.37
3083,11.51
3084,5.3
3085,5.3
3086,5.3
3087,13.42
3088,9.26
3089,5.3
3090,5.3
3091,9.76
3092,8.87
3093,5.3
3094,12.66
3095,13.32
3096,13.55
3097,8.77
3098,5.3
3099,5.3
3100,10.91
3101,13.37
3102,8.72
3103,5.3
3104,5.3
3105,8.28
3106,5.3
3107,5.3
3108,10.06
3109,11.32
3110,5.3
3111,5.3
3112,9.18
3113,7.62
3114,8.61
3115,5.3
3116,8.61
3117,10.06
3118,14.34
3119,9.92
3120,5.3
3121,5.3
3122,10.72
3123,8.64
3124,12.13
3125,9.59
3126,9.65
3127,8.55
3128,5.3
3129,8.86
3130,9.49
3131,5.3
3132,15.62
3133,9.41
3134,12.21
3135,8.8
3136,9.03
3137,7.65
3138,9.76
3139,5.3
3140,5.3
3141,5.3
3142,11.5
3143,5.3
3144,9.63
3145,9.25
3146,7.18
3147,5.3
3148,5.3
3149,5.3
3150,5.3
3151,8.3
3152,5.3
3153,5.3
3154,8.77
3155,8.83
3156,8.89
3157,8.27
3158,5.3
3159,10.44
3160,8.63
3161,5.3
3162,9.13
3163,5.5
3164,15.82
3165,13.23
3166,10.64
3167,12.46
3168,9.21
3169,10.13
3170,10.44
3171,8.99
3172,5.3
3173,5.3
3174,8.19
3175,8.5
3176,5.3
3177,5.3
3178,13.96
3179,7.41
3180,9.41
3181,5.3
3182,13.38
3183,5.3
3184,10.83
3185,5.3
3186,11.65
3187,9.11
3188,5.3
3189,12.34
3190,5.3
3191,9.5
3192,9.1
3193,5.3
3194,13.46
3195,14.02
3196,9.5
3197,5.3
3198,5.3
3199,9.76
3200,9.61
3201,9.04
3202,13.67
3203,9.08
3204,13.11
3205,5.3
3206,9.55
3207,8.43
3208,5.3
3209,12.89
3210,12.84
3211,14.3
3212,10.89
3213,9.61
3214,5.3
3215,10.17
3216,5.3
3217,5.3
3218,5.3
3219,9.43
3220,5.3
3221,11.12
3222,10.97
3223,9.47
3224,5.3
3225,10.07
3226,5.3
3227,5.3
3228,5.3
3229,12.87
3230,5.3
3231,5.3
3232,11.31
3233,9.8
3234,5.3
3235,5.3
3236,8.09
3237,5.3
3238,15.25
3239,5.3
3240,8.47
3241,8.42
3242,5.3
3243,5.63
3244,8.33
3245,12.86
3246,5.3
3247,8.65
3248,10.44
3249,13.9
3250,8.74
3251,13.99
3252,5.3
3253,5.3
3254,8.54
3255,9.19
3256,14.56
3257,9.26
3258,5.3
3259,5.3
3260,5.3
3261,9.85
3262,9.1
3263,8.47
3264,12.03
3265,5.3
3266,8.05
3267,5.3
3268,8.36
3269,8.66
3270,10.82
3271,11.22
3272,11.35
3273,13.08
3274,9.1
3275,7.62
3276,5.3
3277,7.91
3278,6.39
3279,5.3
3280,5.3
3281,5.3
3282,11.78
3283,10.91
3284,5.3
3285,8.46
3286,5.3
3287,12.07
3288,11.6
3289,5.3
3290,9.09
3291,8.87
3292,8.77
3293,10.08
3294,9.23
3295,10.0
3296,10.14
3297,9.01
3298,5.3
3299,8.72
3300,10.35
3301,8.29
3302,5.3
3303,8.11
3304,14.46
3305,11.53
3306,8.17
3307,14.73
3308,5.3
3309,9.97
3310,5.3
3311,11.67
3312,8.73
3313,11.03
3314,10.19
3315,5.3
3316,8.45
3317,8.76
3318,5.3
3319,10.96
3320,9.12
3321,8.51
3322,10.73
3323,5.3
3324,13.84
3325,13.17
3326,5.3
3327,9.06
3328,12.01
3329,12.21
3330,8.08
3331,5.3
3332,12.25
3333,9.92
3334,8.86
3335,14.09
3336,9.42
3337,7.53
3338,10.79
3339,5.3
3340,5.3
3341,5.3
3342,7.93
3343,5.3
3344,14.61
3345,5.3
3346,15.26
3347,10.41
3348,16.21
3349,9.08
3350,13.67
3351,5.3
3352,13.63
3353,9.99
3354,13.75
3355,10.74
3356,8.63
3357,9.38
3358,8.32
3359,8.07
3360,5.3
3361,5.3
3362,5.3
3363,5.3
3364,5.82
3365,5.3
3366,5.3
3367,5.3
3368,16.08
3369,9.19
3370,11.59
3371,8.82
3372,5.3
3373,9.05
3374,9.25
3375,12.28
3376,11.93
3377,11.22
3378,7.29
3379,9.46
3380,11.34
3381,9.73
3382,9.55
3383,9.37
3384,13.65
3385,9.46
3386,5.3
3387,5.3
3388,16.43
3389,9.98
3390,5.3
3391,9.53
3392,5.3
3393,12.16
3394,8.57
3395,5.3
3396,11.09
3397,13.32
3398,11.77
3399,12.77
3400,5.3
3401,14.44
3402,8.55
3403,8.7
3404,5.3
3405,16.88
3406,9.4
3407,9.74
3408,5.3
3409,5.3
3410,13.75
3411,5.3
3412,5.3
3413,5.3
3414,16.22
3415,9.24
3416,13.67
3417,9.69
3418,8.77
3419,5.3
3420,5.3
3421,13.38
3422,9.61
3423,5.3
3424,5.3
3425,5.3
3426,8.82
3427,5.3
3428,7.49
3429,5.3
3430,11.62
3431,5.3
3432,13.55
3433,5.3
3434,5.3
3435,12.53
3436,9.12
3437,9.31
3438,10.14
3439,5.3
3440,5.3
3441,5.3
3442,11.59
3443,11.17
3444,5.3
3445,8.69
3446,5.3
3447,5.3
3448,8.34
3449,5.3
3450,7.56
3451,8.82
3452,5.3
3453,14.62
3454,14.01
3455,5.3
3456,5.3
3457,5.3
3458,16.41
3459,5.3
3460,5.3
3461,5.3
3462,8.93
3463,8.93
3464,9.3
3465,5.3
3466,11.55
3467,11.47
3468,5.3
3469,5.3
3470,10.53
3471,8.73
3472,15.32
3473,5.3
3474,8.8
3475,5.3
3476,9.25
3477,9.52
3478,5.3
3479,14.23
3480,9.4
3481,14.6
3482,5.3
3483,8.27
3484,5.3
3485,5.3
3486,5.3
3487,5.3
3488,5.3
3489,5.3
3490,5.3
3491,5.3
3492,17.17
3493,5.3
3494,9.12
3495,11.18
3496,5.3
3497,6.08
3498,14.55
3499,14.4
3500,10.05
3501,10.42
3502,5.3
3503,14.1
3504,15.02
3505,9.22
3506,12.58
3507,9.28
3508,5.3
3509,9.17
3510,9.46
3511,13.96
3512,13.73
3513,5.3
3514,10.15
3515,12.3
3516,9.0
3517,5.3
3518,8.02
3519,9.54
3520,12.75
3521,5.3
3522,9.43
3523,13.59
3524,9.05
3525,8.01
3526,9.35
3527,13.18
3528,9.23
3529,5.3
3530,9.29
3531,15.32
3532,9.92
3533,8.82
3534,15.87
3535,9.74
3536,6.72
3537,14.72
3538,9.21
3539,10.3
3540,5.3
3541,13.38
3542,12.07
3543,11.35
3544,9.56
3545,9.06
3546,10.15
3547,9.56
3548,5.3
3549,5.76
3550,14.32
3551,8.96
3552,13.52
3553,10.75
3554,12.04
3555,5.3
3556,5.3
3557,9.9
3558,5.3
3559,5.3
3560,8.93
3561,5.3
3562,5.3
3563,5.3
3564,14.65
3565,11.77
3566,10.45
3567,5.3
3568,9.73
3569,9.23
3570,15.49
3571,18.36
3572,11.55
3573,9.2
3574,8.35
3575,5.3
3576,8.96
3577,8.1
3578,5.3
3579,5.3
3580,5.3
3581,9.16
3582,10.65
3583,5.3
3584,9.95
3585,8.57
3586,5.3
3587,16.21
3588,8.81
3589,8.41
3590,10.75
3591,8.56
3592,9.54
3593,16.28
3594,13.95
3595,5.3
3596,9.47
3597,10.56
3598,5.3
3599,14.8
3600,9.19
3601,7.94
3602,9.04
3603,8.32
3604,11.33
3605,8.27
3606,10.1
3607,10.77
3608,14.35
3609,9.29
3610,10.26
3611,8.74
3612,5.3
3613,5.3
3614,5.3
3615,8.61
3616,9.13
3617,9.23
3618,8.92
3619,5.3
3620,5.3
3621,5.3
3622,8.67
3623,5.3
3624,9.02
3625,5.3
3626,9.4
3627,5.3
3628,12.44
3629,9.1
3630,8.6
3631,9.79
3632,5.3
3633,5.3
3634,10.35
3635,14.6
3636,8.78
3637,9.61
3638,10.23
3639,8.78
3640,5.3
3641,13.07
3642,13.9
3643,12.07
3644,9.44
3645,13.81
3646,12.17
3647,10.72
3648,8.72
3649,8.74
3650,12.8
3651,5.3
3652,12.02
3653,8.44
3654,12.24
3655,9.32
3656,12.87
3657,10.34
3658,5.3
3659,8.84
3660,5.3
3661,5.3
3662,8.75
3663,7.31
3664,9.66
3665,15.86
3666,12.89
3667,9.25
3668,15.08
3669,8.57
3670,8.46
3671,9.88
3672,5.3
3673,8.55
3674,14.19
3675,9.96
3676,9.09
3677,5.3
3678,15.07
3679,9.88
3680,8.55
3681,13.03
3682,8.75
3683,5.3
3684,9.61
3685,13.33
3686,8.61
3687,9.34
3688,9.12
3689,10.79
3690,9.03
3691,5.3
3692,8.69
3693,5.3
3694,10.24
3695,13.93
3696,9.4
3697,8.3
3698,16.08
3699,10.17
3700,5.3
3701,9.49
3702,10.07
3703,9.54
3704,8.83
3705,9.52
3706,10.43
3707,8.61
3708,9.08
3709,8.74
3710,11.66
3711,5.3
3712,12.63
3713,8.02
3714,8.4
3715,13.48
3716,6.8
3717,9.65
3718,10.3
3719,5.3
3720,11.14
3721,13.55
3722,7.39
3723,9.56
3724,14.34
3725,10.43
3726,5.3
3727,7.55
3728,14.06
3729,9.51
3730,13.66
3731,5.3
3732,12.86
3733,5.3
3734,9.66
3735,9.45
3736,5.3
3737,8.92
3738,12.83
3739,5.3
3740,7.97
3741,5.3
3742,9.31
3743,9.37
3744,5.3
3745,5.3
3746,8.96
3747,9.83
3748,5.3
3749,12.12
3750,11.77
3751,11.24
3752,9.12
3753,9.35
3754,5.3
3755,9.1
3756,9.41
3757,8.72
3758,11.67
3759,10.53
3760,14.24
3761,8.57
3762,5.3
3763,5.3
3764,8.8
3765,9.87
3766,5.3
3767,16.95
3768,5.3
3769,13.71
3770,17.11
3771,5.3
3772,12.57
3773,9.76
3774,5.3
3775,13.5
3776,14.65
3777,5.3
3778,5.3
3779,8.81
3780,5.3
3781,8.09
3782,12.15
3783,13.74
3784,13.43
3785,8.84
3786,5.3
3787,10.11
3788,9.45
3789,7.6
3790,5.3
3791,11.54
3792,5.3
3793,9.58
3794,9.09
3795,5.3
3796,8.94
3797,7.61
3798,8.7
3799,8.75
3800,5.3
3801,8.24
3802,11.81
3803,5.3
3804,10.35
3805,8.33
3806,5.3
3807,5.3
3808,5.3
3809,14.34
3810,13.95
3811,5.3
3812,8.84
3813,9.19
3814,8.51
3815,7.14
3816,5.3
3817,5.3
3818,5.3
3819,9.54
3820,11.85
3821,11.11
3822,5.3
3823,8.88
3824,5.3
3825,13.43
3826,13.81
3827,5.3
3828,10.47
3829,8.24
3830,10.97
3831,10.82
3832,12.18
3833,5.3
3834,15.11
3835,7.6
3836,10.7
3837,10.6
3838,9.57
3839,15.93
3840,12.15
3841,10.96
3842,13.4
3843,5.3
3844,8.33
3845,5.3
3846,9.06
3847,14.69
3848,11.16
3849,14.63
3850,5.3
3851,16.74
3852,12.41
3853,8.89
3854,9.16
3855,10.54
3856,5.3
3857,13.42
3858,9.05
3859,11.21
3860,9.05
3861,5.3
3862,11.96
3863,8.87
3864,12.46
3865,10.04
3866,5.09
3867,13.29
3868,9.52
3869,13.86
3870,5.3
3871,9.28
3872,9.49
3873,5.3
3874,14.12
3875,8.66
3876,9.5
3877,8.38
3878,10.2
3879,5.3
3880,7.96
3881,12.56
3882,10.75
3883,9.09
3884,9.19
3885,5.3
3886,10.61
3887,5.3
3888,8.83
3889,11.84
3890,5.3
3891,9.97
3892,5.3
3893,6.38
3894,5.62
3895,5.3
3896,9.09
3897,9.4
3898,9.92
3899,5.3
3900,5.3
3901,12.36
3902,11.13
3903,5.3
3904,5.3
3905,9.14
3906,9.27
3907,8.23
3908,5.3
3909,8.81
3910,12.59
3911,12.0
3912,5.45
3913,9.1
3914,9.85
3915,8.86
3916,9.46
3917,8.39
3918,5.3
3919,5.3
3920,14.0
3921,5.3
3922,13.39
3923,12.91
3924,5.3
3925,10.51
3926,5.3
3927,11.27
3928,5.3
3929,8.68
3930,13.58
3931,13.94
3932,10.09
3933,9.07
3934,5.3
3935,5.3
3936,5.3
3937,5.3
3938,8.35
3939,5.3
3940,13.75
3941,11.3
3942,5.3
3943,5.3
3944,9.58
3945,14.55
3946,10.23
3947,14.81
3948,8.98
3949,7.48
3950,10.2
3951,14.41
3952,9.65
3953,13.45
3954,14.62
3955,11.02
3956,12.6
3957,11.28
3958,6.84
3959,5.3
3960,5.3
3961,13.29
3962,9.16
3963,9.39
3964,10.28
3965,9.53
3966,5.3
3967,9.43
3968,11.57
3969,5.3
3970,7.96
3971,5.3
3972,13.99
3973,8.74
3974,5.3
3975,5.3
3976,13.0
3977,14.66
3978,5.3
3979,5.3
3980,9.33
3981,5.3
3982,5.3
3983,5.3
3984,9.13
3985,5.3
3986,5.3
3987,10.92
3988,15.39
3989,12.29
3990,11.41
3991,9.22
3992,8.1
3993,17.2
3994,9.96
3995,13.74
3996,15.47
3997,5.3
3998,8.94
3999,5.3
4000,5.3
4001,5.3
4002,5.3
4003,8.87
4004,10.53
4005,9.13
4006,8.66
4007,5.3
4008,12.15
4009,9.0
4010,5.3
4011,10.46
4012,8.87
4013,8.31
4014,9.07
4015,5.3
4016,9.69
4017,8.67
4018,9.06
4019,8.81
4020,11.38
4021,10.05
4022,5.3
4023,14.82
4024,14.76
4025,8.43
4026,5.3
4027,5.3
4028,11.34
4029,14.98
4030,7.69
4031,8.35
4032,5.3
4033,18.1
4034,8.37
4035,8.56
4036,5.3
4037,16.13
4038,5.3
4039,12.57
4040,5.3
4041,12.38
4042,8.54
4043,12.08
4044,5.3
4045,8.9
4046,9.4
4047,8.62
4048,14.23
4049,13.52
4050,9.14
4051,5.3
4052,11.81
4053,8.44
4054,5.3
4055,9.28
4056,10.32
4057,5.3
4058,14.4
4059,5.3
4060,9.22
4061,5.3
4062,5.3
4063,12.07
4064,5.3
4065,14.77
4066,10.75
4067,5.3
4068,8.86
4069,6.47
4070,9.95
4071,8.64
4072,5.3
4073,14.3
4074,8.89
4075,13.53
4076,14.39
4077,8.12
4078,10.07
4079,11.3
4080,12.08
4081,10.0
4082,13.57
4083,5.67
4084,12.07
4085,5.3
4086,9.52
4087,9.28
4088,7.28
4089,5.3
4090,9.37
4091,5.3
4092,12.69
4093,9.27
4094,9.35
4095,9.78
4096,5.3
4097,5.3
4098,5.3
4099,11.41
4100,9.84
4101,8.52
4102,10.36
4103,9.32
4104,10.19
4105,11.82
4106,11.87
4107,5.3
4108,5.3
4109,15.4
4110,11.04
4111,11.07
4112,11.64
4113,11.3
4114,9.5
4115,5.3
4116,8.77
4117,13.29
4118,11.69
4119,5.3
4120,16.24
4121,17.19
4122,10.32
4123,11.87
4124,8.61
4125,12.72
4126,12.2
4127,11.3
4128,5.3
4129,16.01
4130,8.68
4131,10.25
4132,9.42
4133,5.3
4134,8.9
4135,12.29
4136,5.3
4137,8.5
4138,9.61
4139,9.06
4140,5.3
4141,9.2
4142,15.66
4143,15.82
4144,8.59
4145,5.3
4146,5.3
4147,12.59
4148,5.3
4149,9.97
4150,13.82
4151,5.3
4152,5.3
4153,5.3
4154,11.21
4155,10.22
4156,14.72
4157,10.72
4158,9.98
4159,5.3
4160,11.06
4161,5.3
4162,13.16
4163,9.38
4164,8.17
4165,11.13
4166,5.3
4167,8.96
4168,9.18
4169,12.16
4170,9.37
4171,8.23
4172,5.3
4173,5.3
4174,13.4
4175,12.9
4176,5.3
4177,5.3
4178,9.87
4179,5.3
4180,8.45
4181,13.61
4182,11.33
4183,5.3
4184,5.3
4185,9.13
4186,9.5
4187,5.3
4188,5.3
4189,12.04
4190,14.63
4191,9.05
4192,5.3
4193,9.63
4194,5.3
4195,11.92
4196,8.79
4197,5.3
4198,5.3
4199,8.68
4200,10.57
4201,9.62
4202,5.3
4203,10.77
4204,9.46
4205,11.42
4206,13.91
4207,8.6
4208,5.3
4209,8.66
4210,5.3
4211,5.3
4212,9.06
4213,12.13
4214,9.25
4215,13.06
4216,8.45
4217,8.91
4218,13.53
4219,13.29
4220,9.14
4221,10.96
4222,10.18
4223,9.25
4224,10.52
4225,5.3
4226,9.5
4227,12.16
4228,9.68
4229,8.87
4230,5.3
4231,10.25
4232,5.3
4233,5.3
4234,9.37
4235,5.3
4236,10.11
4237,13.35
4238,13.81
4239,5.3
4240,5.3
4241,5.3
4242,5.3
4243,8.62
4244,12.05
4245,9.22
4246,5.3
4247,9.27
4248,9.79
4249,12.41
4250,10.28
4251,8.49
4252,7.15
4253,7.97
4254,12.73
4255,9.35
4256,12.08
4257,8.71
4258,9.49
4259,10.42
4260,8.95
4261,13.63
4262,9.57
4263,9.1
4264,13.81
4265,5.83
4266,8.33
4267,14.79
4268,7.47
4269,12.36
4270,5.3
4271,5.3
4272,14.38
4273,5.3
4274,9.44
4275,5.3
4276,9.45
4277,15.73
4278,9.6
4279,5.3
4280,13.64
4281,14.62
4282,5.3
4283,8.65
4284,5.3
4285,9.37
4286,9.81
4287,10.28
4288,9.06
4289,12.89
4290,11.79
4291,5.3
4292,11.96
4293,17.25
4294,7.45
4295,8.48
4296,8.23
4297,5.3
4298,9.26
4299,8.48
4300,5.3
4301,9.37
4302,13.9
4303,11.19
4304,8.79
4305,5.3
4306,5.3
4307,14.15
4308,5.3
4309,5.3
4310,9.59
4311,5.3
4312,9.64
4313,5.3
4314,9.52
4315,5.3
4316,5.3
4317,5.3
4318,17.58
4319,13.36
4320,5.3
4321,9.26
4322,5.3
4323,12.21
4324,13.3
4325,11.96
4326,12.01
4327,9.62
4328,9.1
4329,14.24
4330,7.11
4331,8.56
4332,5.3
4333,15.26
4334,5.3
4335,16.24
4336,9.58
4337,12.23
4338,5.3
4339,12.12
4340,9.53
4341,5.3
4342,8.44
4343,12.21
4344,5.3
4345,10.87
4346,7.94
4347,12.2
4348,5.3
4349,10.7
4350,13.77
4351,9.55
4352,5.3
4353,10.17
4354,10.41
4355,9.4
4356,9.02
4357,5.3
4358,5.3
4359,8.78
4360,13.8
4361,5.3
4362,8.71
4363,5.3
4364,10.85
4365,7.28
4366,8.54
4367,5.3
4368,9.39
4369,8.51
4370,14.75
4371,9.03
4372,5.3
4373,9.09
4374,5.3
4375,6.43
4376,5.3
4377,12.12
4378,13.98
4379,8.3
4380,13.82
4381,10.4
4382,5.3
4383,12.35
4384,12.6
4385,5.3
4386,8.99
4387,10.02
4388,9.21
4389,16.91
4390,5.3
4391,15.35
4392,15.63
4393,5.3
4394,11.41
4395,12.75
4396,10.67
4397,9.26
4398,9.65
4399,8.69
4400,9.34
4401,5.3
4402,13.88
4403,8.97
4404,5.3
4405,12.76
4406,8.92
4407,8.94
4408,9.61
4409,14.91
4410,5.3
4411,7.73
4412,8.62
4413,12.22
4414,9.55
4415,13.93
4416,5.3
4417,8.15
4418,5.3
4419,11.07
4420,12.01
4421,13.17
4422,6.98
4423,5.3
4424,5.3
4425,9.08
4426,5.3
4427,5.3
4428,7.88
4429,10.1
4430,5.3
4431,5.3
4432,5.3
4433,13.95
4434,5.3
4435,5.3
4436,5.3
4437,13.56
4438,5.3
4439,9.5
4440,8.71
4441,15.45
4442,5.3
4443,10.61
4444,9.24
4445,9.31
4446,9.39
4447,14.22
4448,11.13
4449,9.76
4450,5.3
4451,11.27
4452,5.3
4453,5.3
4454,5.3
4455,10.14
4456,5.3
4457,5.3
4458,12.87
4459,9.45
4460,11.63
4461,9.47
4462,9.02
4463,14.58
4464,13.85
4465,15.85
4466,9.23
4467,12.23
4468,5.35
4469,10.83
4470,5.3
4471,8.2
4472,13.46
4473,5.3
4474,9.46
4475,7.08
4476,5.3
4477,5.3
4478,10.65
4479,11.34
4480,15.69
4481,10.66
4482,14.96
4483,5.3
4484,5.3
4485,9.76
4486,9.09
4487,8.69
4488,9.64
4489,9.31
4490,5.3
4491,12.32
4492,12.35
4493,9.6
4494,8.73
4495,13.54
4496,12.28
4497,13.33
4498,17.76
4499,8.3
4500,9.63
4501,5.3
4502,13.44
4503,5.3
4504,8.04
4505,11.69
4506,13.13
4507,13.64
4508,9.55
4509,8.97
4510,9.36
4511,10.73
4512,5.3
4513,8.97
4514,9.22
4515,9.56
4516,5.3
4517,13.62
4518,9.89
4519,8.95
4520,5.3
4521,9.16
4522,9.03
4523,8.67
4524,13.74
4525,11.4
4526,8.54
4527,6.5
4528,5.3
4529,5.3
4530,9.58
4531,14.32
4532,10.3
4533,5.3
4534,12.32
4535,9.18
4536,9.15
4537,15.26
4538,8.93
4539,15.7
4540,9.89
4541,13.28
4542,5.3
4543,11.99
4544,13.82
4545,5.3
4546,15.03
4547,10.75
4548,5.3
4549,5.3
4550,5.3
4551,10.33
4552,8.39
4553,5.3
4554,12.16
4555,12.02
4556,5.3
4557,13.58
4558,9.31
4559,5.3
4560,5.3
4561,10.4
4562,9.83
4563,7.31
4564,9.63
4565,9.6
4566,5.3
4567,9.14
4568,5.3
4569,13.82
4570,8.53
4571,10.54
4572,13.78
4573,10.1
4574,11.54
4575,5.3
4576,5.3
4577,9.37
4578,5.43
4579,8.2
4580,13.79
4581,14.27
4582,9.7
4583,12.11
4584,10.85
4585,9.12
4586,11.43
4587,9.1
4588,10.2
4589,8.59
4590,5.3
4591,11.57
4592,5.3
4593,5.3
4594,9.47
4595,10.98
4596,8.15
4597,13.38
4598,14.01
4599,5.06
4600,9.49
4601,9.05
4602,9.21
4603,5.3
4604,11.93
4605,8.94
4606,9.67
4607,11.89
4608,6.22
4609,5.3
4610,9.96
4611,10.86
4612,8.93
4613,5.3
4614,13.58
4615,13.99
4616,9.6
4617,13.48
4618,8.45
4619,5.3
4620,17.51
4621,10.69
4622,5.3
4623,9.55
4624,8.39
4625,7.6
4626,11.38
4627,5.3
4628,9.16
4629,13.0
4630,8.71
4631,5.3
4632,8.48
4633,8.77
4634,12.26
4635,10.77
4636,9.73
4637,8.28
4638,10.02
4639,5.3
4640,9.25
4641,8.74
4642,9.19
4643,12.07
4644,9.63
4645,9.01
4646,13.89
4647,15.01
4648,8.63
4649,8.76
4650,9.13
4651,14.53
4652,11.23
4653,9.69
4654,8.7
4655,12.44
4656,11.91
4657,10.63
4658,10.82
4659,12.42
4660,13.57
4661,5.3
4662,5.3
4663,5.3
4664,5.3
4665,14.29
4666,8.84
4667,11.57
4668,14.36
4669,5.3
4670,8.66
4671,8.96
4672,5.3
4673,10.74
4674,9.49
4675,8.76
4676,5.3
4677,14.04
4678,10.75
4679,8.07
4680,5.3
4681,5.3
4682,13.86
4683,8.46
4684,5.3
4685,9.15
4686,8.99
4687,12.04
4688,5.3
4689,9.39
4690,8.45
4691,9.46
4692,12.05
4693,9.19
4694,5.3
4695,11.48
4696,11.85
4697,11.75
4698,13.4
4699,5.3
4700,10.99
4701,7.55
4702,9.49
4703,8.57
4704,9.37
4705,9.95
4706,8.86
4707,8.75
4708,12.97
4709,13.83
4710,9.45
4711,10.09
4712,9.75
4713,11.7
4714,8.38
4715,8.93
4716,11.28
4717,13.67
4718,9.57
4719,8.47
4720,9.29
4721,16.25
4722,9.94
4723,5.3
4724,10.27
4725,5.3
4726,10.61
4727,9.3
4728,9.73
4729,13.94
4730,10.9
4731,13.74
4732,5.3
4733,8.44
4734,14.82
4735,8.85
4736,9.35
4737,8.21
4738,10.74
4739,13.83
4740,13.21
4741,5.3
4742,11.56
4743,9.64
4744,8.94
4745,9.9
4746,8.75
4747,10.9
4748,8.87
4749,7.15
4750,12.98
4751,5.3
4752,5.3
4753,5.3
4754,5.3
4755,13.91
4756,9.35
4757,7.68
4758,5.3
4759,12.28
4760,5.3
4761,9.58
4762,11.98
4763,5.3
4764,5.3
4765,10.55
4766,11.61
4767,13.88
4768,9.74
4769,9.84
4770,13.13
4771,8.6
4772,8.68
4773,9.37
4774,9.63
4775,13.89
4776,5.3
4777,8.35
4778,5.3
4779,5.3
4780,11.37
4781,9.24
4782,14.22
4783,9.32
4784,10.8
4785,8.64
4786,12.37
4787,8.54
4788,6.93
4789,9.58
4790,9.19
4791,13.88
4792,13.22
4793,8.18
4794,9.46
4795,13.27
4796,17.29
4797,8.98
4798,5.3
4799,5.3
4800,16.21
4801,5.3
4802,7.97
4803,9.72
4804,5.3
4805,5.3
4806,10.01
4807,5.3
4808,9.53
4809,5.3
4810,8.88
4811,11.6
4812,13.46
4813,5.3
4814,12.04
4815,9.26
4816,10.27
4817,5.3
4818,5.3
4819,16.18
4820,9.76
4821,8.61
4822,9.29
4823,12.65
4824,12.9
4825,13.2
4826,12.83
4827,8.5
4828,5.3
4829,5.3
4830,14.11
4831,7.64
4832,8.62
4833,11.27
4834,14.65
4835,13.24
4836,5.3
4837,8.18
4838,5.3
4839,13.74
4840,8.61
4841,5.3
4842,11.79
4843,11.57
4844,5.3
4845,5.3
4846,9.6
4847,7.9
4848,8.69
4849,8.74
4850,9.8
4851,14.31
4852,8.68
4853,12.83
4854,11.28
4855,13.6
4856,5.3
4857,5.3
4858,14.47
4859,14.57
4860,9.9
4861,15.09
4862,9.55
4863,5.3
4864,12.18
4865,13.46
4866,9.28
4867,16.29
4868,13.09
4869,10.04
4870,5.3
4871,13.92
4872,10.43
4873,8.64
4874,9.33
4875,5.3
4876,5.3
4877,11.21
4878,14.74
4879,5.3
4880,6.37
4881,8.75
4882,9.4
4883,5.3
4884,5.3
4885,14.97
4886,5.3
4887,9.53
4888,9.14
4889,8.52
4890,12.53
4891,11.2
4892,8.42
4893,9.4
4894,9.5
4895,9.78
4896,11.73
4897,5.3
4898,5.3
4899,8.49
4900,5.3
4901,4.93
4902,5.3
4903,11.98
4904,11.12
4905,9.47
4906,5.3
4907,5.3
4908,13.99
4909,10.23
4910,11.01
4911,9.55
4912,13.2
4913,14.5
4914,8.94
4915,12.64
4916,10.55
4917,10.09
4918,10.82
4919,11.68
4920,13.61
4921,9.72
4922,9.94
4923,9.17
4924,12.58
4925,5.3
4926,11.39
4927,5.3
4928,9.86
4929,9.29
4930,15.9
4931,9.27
4932,11.12
4933,8.3
4934,16.59
4935,14.5
4936,5.3
4937,13.88
4938,8.91
4939,5.3
4940,12.32
4941,14.3
4942,5.3
4943,7.03
4944,5.3
4945,10.88
4946,5.3
4947,7.78
4948,5.3
4949,14.42
4950,5.3
4951,8.94
4952,5.3
4953,5.3
4954,10.45
4955,13.52
4956,9.63
4957,12.03
4958,5.3
4959,9.4
4960,9.43
4961,9.14
4962,13.02
4963,5.3
4964,8.38
4965,12.27
4966,14.28
4967,16.26
4968,5.3
4969,9.59
4970,10.25
4971,9.64
4972,10.24
4973,5.3
4974,14.02
4975,9.26
4976,14.87
4977,5.3
4978,5.3
4979,9.7
4980,5.3
4981,9.05
4982,11.13
4983,12.94
4984,5.3
4985,9.5
4986,8.9
4987,7.23
4988,10.06
4989,17.61
4990,9.26
4991,10.06
4992,14.94
4993,13.52
4994,5.3
4995,12.16
4996,8.19
4997,5.3
4998,8.68
4999,11.14
5000,11.57
5001,14.56
5002,10.22
5003,9.29
5004,9.25
5005,5.3
5006,11.97
5007,5.3
5008,9.94
5009,12.59
5010,13.4
5011,9.98
5012,9.12
5013,5.3
5014,9.78
5015,14.23
5016,5.3
5017,10.35
5018,5.3
5019,8.86
5020,8.12
5021,8.53
5022,12.38
5023,11.71
5024,10.4
5025,8.41
5026,8.57
5027,15.57
5028,9.1
5029,10.0
5030,12.99
5031,15.2
5032,5.3
5033,5.3
5034,9.37
5035,15.1
5036,5.3
5037,5.3
5038,16.54
5039,10.99
5040,12.97
5041,5.3
5042,10.95
5043,9.39
5044,11.14
5045,9.02
5046,11.59
5047,5.3
5048,12.88
5049,9.12
5050,9.37
5051,11.39
5052,5.3
5053,9.28
5054,8.64
5055,9.16
5056,5.3
5057,8.38
5058,5.3
5059,9.58
5060,6.25
5061,5.3
5062,12.58
5063,14.22
5064,14.25
5065,5.3
5066,9.19
5067,12.87
5068,5.3
5069,5.3
5070,13.99
5071,8.89
5072,14.16
5073,5.3
5074,8.95
5075,9.44
5076,9.85
5077,5.3
5078,10.09
5079,8.89
5080,9.83
5081,5.65
5082,5.3
5083,9.28
5084,8.21
5085,5.3
5086,7.7
5087,9.39
5088,16.23
5089,9.57
5090,8.82
5091,5.3
5092,5.3
5093,5.3
5094,12.16
5095,5.3
5096,9.58
5097,13.61
5098,10.96
5099,5.3
5100,5.3
5101,11.55
5102,9.3
5103,5.3
5104,11.19
5105,9.97
5106,13.62
5107,5.3
5108,13.28
5109,5.3
5110,5.3
5111,10.45
5112,9.69
5113,5.3
5114,8.32
5115,5.3
5116,9.38
5117,9.1
5118,10.68
5119,11.92
5120,12.35
5121,5.3
5122,8.66
5123,8.75
5124,9.03
5125,8.28
5126,5.3
5127,8.29
5128,13.35
5129,9.14
5130,8.53
5131,5.3
5132,8.77
5133,9.29
5134,6.2
5135,11.88
5136,9.42
5137,12.77
5138,9.22
5139,5.3
5140,13.62
5141,5.3
5142,9.04
5143,8.82
5144,9.18
5145,18.7
5146,7.62
5147,10.7
5148,5.3
5149,5.3
5150,5.3
5151,13.33
5152,17.74
5153,5.3
5154,11.06
5155,13.3
5156,14.11
5157,5.3
5158,5.3
5159,12.31
5160,5.3
5161,5.3
5162,14.05
5163,16.41
5164,9.24
5165,7.57
5166,8.62
5167,5.3
5168,5.3
5169,10.21
5170,15.5
5171,10.8
5172,12.4
5173,11.71
5174,5.3
5175,15.09
5176,14.65
5177,5.3
5178,10.37
5179,8.72
5180,9.22
5181,9.08
5182,9.12
5183,5.3
5184,10.66
5185,15.86
5186,13.73
5187,13.87
5188,9.31
5189,5.3
5190,11.17
5191,5.3
5192,14.45
5193,8.96
5194,9.85
5195,5.3
5196,9.4
5197,10.6
5198,8.58
5199,15.37
5200,5.3
5201,11.85
5202,13.85
5203,5.3
5204,14.07
5205,12.2
5206,5.3
5207,11.1
5208,5.3
5209,9.34
5210,5.3
5211,6.21
5212,13.23
5213,9.2
5214,11.34
5215,13.47
5216,10.26
5217,9.59
5218,11.94
5219,8.88
5220,5.3
5221,5.3
5222,5.3
5223,9.84
5224,9.37
5225,5.3
5226,5.3
5227,9.61
5228,5.3
5229,5.3
5230,5.3
5231,5.3
5232,5.3
5233,7.37
5234,10.21
5235,8.31
5236,14.51
5237,9.63
5238,9.55
5239,11.71
5240,9.6
5241,12.2
5242,16.11
5243,8.11
5244,9.18
5245,15.2
5246,8.76
5247,5.3
5248,8.13
5249,8.42
5250,9.24
5251,5.3
5252,11.83
5253,13.89
5254,11.38
5255,9.45
5256,12.16
5257,10.13
5258,13.45
5259,8.14
5260,11.04
5261,9.15
5262,5.3
5263,10.24
5264,9.34
5265,5.3
5266,5.3
5267,9.75
5268,11.71
5269,10.2
5270,9.2
5271,9.11
5272,8.15
5273,5.3
5274,5.3
5275,10.83
5276,11.94
5277,8.84
5278,15.68
5279,5.3
5280,13.29
5281,8.2
5282,9.3
5283,13.94
5284,5.3
5285,5.3
5286,9.58
5287,8.71
5288,8.73
5289,10.95
5290,13.39
5291,5.3
5292,14.51
5293,9.72
5294,9.49
5295,8.8
5296,14.46
5297,8.38
5298,8.87
5299,10.95
5300,5.3
5301,9.35
5302,8.3
5303,5.3
5304,8.7
5305,5.3
5306,5.3
5307,9.22
5308,5.3
5309,9.64
5310,9.1
5311,11.6
5312,9.49
5313,15.2
5314,8.63
5315,5.22
5316,8.87
5317,5.3
5318,5.3
5319,8.51
5320,5.3
5321,13.8
5322,10.64
5323,17.9
5324,13.22
5325,13.32
5326,10.1
5327,10.26
5328,9.83
5329,13.02
5330,5.3
5331,8.88
5332,7.16
5333,14.68
5334,5.82
5335,13.6
5336,9.91
5337,13.98
5338,11.33
5339,10.12
5340,5.3
5341,8.74
5342,17.32
5343,10.7
5344,8.42
5345,12.89
5346,8.03
5347,9.21
5348,8.72
5349,12.49
5350,9.62
5351,10.47
5352,15.38
5353,9.54
5354,9.45
5355,5.3
5356,8.88
5357,11.7
5358,12.3
5359,5.3
5360,10.41
5361,13.53
5362,9.29
5363,11.96
5364,5.3
5365,5.3
5366,14.34
5367,9.38
5368,9.38
5369,8.53
5370,11.73
5371,10.57
5372,10.19
5373,9.71
5374,8.37
5375,10.9
5376,12.71
5377,5.3
5378,11.09
5379,14.77
5380,10.16
5381,5.3
5382,5.3
5383,9.21
5384,8.21
5385,6.6
5386,6.28
5387,13.96
5388,11.11
5389,11.65
5390,8.76
5391,8.1
5392,6.39
5393,9.42
5394,9.51
5395,13.77
5396,5.3
5397,5.3
5398,13.9
5399,9.72
5400,12.23
5401,10.1
5402,6.83
5403,8.73
5404,8.57
5405,5.3
5406,5.3
5407,8.44
5408,12.28
5409,5.3
5410,12.98
5411,5.3
5412,9.18
5413,9.4
5414,14.38
5415,9.39
5416,9.88
5417,9.34
5418,11.63
5419,5.3
5420,13.44
5421,9.56
5422,13.22
5423,5.3
5424,14.66
5425,5.3
5426,16.04
5427,5.3
5428,12.74
5429,12.32
5430,5.3
5431,8.99
5432,10.89
5433,5.3
5434,13.89
5435,5.3
5436,9.5
5437,8.57
5438,9.96
5439,10.63
5440,5.3
5441,8.84
5442,9.24
5443,11.92
5444,15.97
5445,12.16
5446,13.11
5447,10.36
5448,12.49
5449,8.0
5450,12.09
5451,12.78
5452,6.71
5453,8.79
5454,13.79
5455,13.52
5456,9.65
5457,12.78
5458,12.15
5459,8.65
5460,12.58
5461,12.29
5462,11.39
5463,9.24
5464,9.84
5465,10.44
5466,8.84
5467,14.56
5468,12.62
5469,5.3
5470,5.3
5471,10.89
5472,8.51
5473,5.3
5474,9.5
5475,9.42
5476,10.72
5477,8.89
5478,9.37
5479,5.3
5480,9.27
5481,9.03
5482,5.3
5483,8.97
5484,15.08
5485,13.6
5486,10.93
5487,7.25
5488,10.31
5489,5.3
5490,5.3
5491,5.3
5492,8.94
5493,14.09
5494,11.92
5495,13.69
5496,10.17
5497,10.62
5498,7.96
5499,5.3
5500,5.3
5501,8.97
5502,8.98
5503,9.15
5504,15.24
5505,9.0
5506,8.84
5507,5.3
5508,5.3
5509,10.74
5510,9.39
5511,12.0
5512,5.3
5513,9.18
5514,16.02
5515,5.3
5516,9.12
5517,5.3
5518,9.29
5519,10.08
5520,10.68
5521,10.71
5522,11.54
5523,14.04
5524,15.22
5525,8.76
5526,8.91
5527,13.57
5528,5.3
5529,5.3
5530,5.3
5531,5.3
5532,18.63
5533,5.3
5534,9.36
5535,14.43
5536,9.37
5537,9.21
5538,5.3
5539,13.35
5540,5.3
5541,9.46
5542,8.55
5543,5.3
5544,11.45
5545,9.59
5546,9.12
5547,8.72
5548,11.85
5549,9.01
5550,10.55
5551,12.29
5552,5.3
5553,5.3
5554,19.03
5555,15.13
5556,10.87
5557,14.65
5558,14.34
5559,10.17
5560,12.99
5561,5.3
5562,9.89
5563,9.87
5564,9.4
5565,13.85
5566,9.47
5567,5.3
5568,5.3
5569,8.39
5570,5.3
5571,5.3
5572,5.3
5573,5.3
5574,13.14
5575,5.3
5576,10.11
5577,9.61
5578,5.3
5579,9.22
5580,5.3
5581,8.52
5582,9.27
5583,8.2
5584,12.16
5585,8.42
5586,13.38
5587,11.22
5588,13.41
5589,8.92
5590,9.8
5591,18.88
5592,9.77
5593,9.35
5594,5.3
5595,9.9
5596,5.05
5597,8.76
5598,10.73
5599,9.12
5600,11.99
5601,9.04
5602,12.33
5603,8.12
5604,12.35
5605,8.31
5606,5.3
5607,13.93
5608,10.03
5609,8.86
5610,11.05
5611,8.97
5612,8.18
5613,10.15
5614,14.37
5615,10.77
5616,5.3
5617,9.21
5618,9.69
5619,5.3
5620,9.36
5621,14.3
5622,10.47
5623,9.39
5624,8.38
5625,13.94
5626,9.64
5627,6.8
5628,9.59
5629,5.3
5630,13.89
5631,10.1
5632,5.3
5633,9.3
5634,9.0
5635,14.21
5636,8.66
5637,5.3
5638,9.32
5639,10.48
5640,10.31
5641,8.96
5642,9.61
5643,12.13
5644,5.3
5645,8.99
5646,9.45
5647,7.04
5648,9.05
5649,5.3
5650,5.3
5651,9.51
5652,13.89
5653,9.99
5654,9.59
5655,15.32
5656,8.84
5657,7.98
5658,10.19
5659,14.67
5660,10.04
5661,9.74
5662,5.3
5663,11.56
5664,13.95
5665,9.58
5666,8.76
5667,8.79
5668,15.48
5669,8.1
5670,12.41
5671,15.16
5672,11.09
5673,11.12
5674,9.32
5675,5.3
5676,9.32
5677,8.08
5678,9.69
5679,8.08
5680,5.3
5681,5.3
5682,5.3
5683,5.3
5684,9.66
5685,8.7
5686,12.9
5687,9.48
5688,9.1
5689,13.91
5690,9.72
5691,9.8
5692,12.14
5693,13.23
5694,8.04
5695,9.71
5696,5.3
5697,11.28
5698,5.3
5699,8.8
5700,9.18
5701,11.85
5702,9.79
5703,9.74
5704,9.41
5705,9.44
5706,9.87
5707,10.51
5708,9.43
5709,5.3
5710,10.81
5711,7.97
5712,8.58
5713,13.53
5714,8.55
5715,8.52
5716,11.07
5717,9.18
5718,13.42
5719,9.71
5720,14.69
5721,10.16
5722,12.35
5723,5.3
5724,9.37
5725,8.92
5726,10.44
5727,10.68
5728,5.3
5729,5.3
5730,5.3
5731,12.7
5732,10.65
5733,8.18
5734,8.67
5735,10.53
5736,5.3
5737,12.77
5738,5.3
5739,15.19
5740,9.87
5741,5.3
5742,8.42
5743,10.53
5744,10.25
5745,9.53
5746,8.11
5747,9.61
5748,12.06
5749,13.68
5750,14.18
5751,7.8
5752,5.3
5753,5.3
5754,8.32
5755,5.3
5756,5.3
5757,12.79
5758,13.24
5759,9.36
5760,16.01
5761,8.77
5762,5.3
5763,8.0
5764,9.09
5765,5.3
5766,8.28
5767,9.29
5768,9.52
5769,12.17
5770,9.65
5771,5.3
5772,8.77
5773,5.3
5774,5.9
5775,7.38
5776,5.3
5777,11.69
5778,13.04
5779,5.3
5780,14.13
5781,11.53
5782,9.42
5783,13.13
5784,9.45
5785,14.63
5786,5.3
5787,12.95
5788,5.3
5789,6.34
5790,8.86
5791,13.11
5792,5.3
5793,5.3
5794,11.98
5795,10.68
5796,14.16
5797,13.0
5798,11.72
5799,11.55
5800,13.58
5801,9.7
5802,16.7
5803,5.3
5804,13.93
5805,5.3
5806,8.87
5807,11.56
5808,9.77
5809,5.3
5810,5.3
5811,8.33
5812,5.3
5813,13.18
5814,13.26
5815,8.38
5816,5.3
5817,5.3
5818,10.22
5819,5.3
5820,5.3
5821,12.02
5822,8.49
5823,5.3
5824,13.21
5825,5.3
5826,14.39
5827,8.43
5828,8.58
5829,8.97
5830,13.05
5831,13.34
5832,8.74
5833,5.3
5834,15.5
5835,12.42
5836,14.54
5837,5.3
5838,9.37
5839,5.3
5840,8.86
5841,8.57
5842,9.53
5843,8.86
5844,5.3
5845,8.96
5846,13.38
5847,10.27
5848,11.32
5849,15.18
5850,13.45
5851,8.59
5852,8.51
5853,9.47
5854,5.3
5855,8.54
5856,5.3
5857,10.47
5858,14.47
5859,13.81
5860,9.02
5861,8.97
5862,12.29
5863,5.3
5864,13.7
5865,12.51
5866,9.44
5867,11.19
5868,10.61
5869,12.21
5870,5.3
5871,11.07
5872,12.97
5873,8.75
5874,5.3
5875,10.9
5876,12.9
5877,5.3
5878,5.3
5879,14.31
5880,13.91
5881,10.99
5882,10.86
5883,9.19
5884,11.33
5885,5.3
5886,8.86
5887,13.05
5888,14.89
5889,12.09
5890,14.02
5891,13.03
5892,8.67
5893,8.91
5894,5.3
5895,14.38
5896,9.63
5897,11.08
5898,5.3
5899,5.3
5900,9.23
5901,9.64
5902,9.57
5903,5.3
5904,5.3
5905,10.1
5906,14.32
5907,11.17
5908,12.4
5909,5.3
5910,8.88
5911,10.5
5912,6.14
5913,5.3
5914,8.66
5915,8.9
5916,5.3
5917,9.45
5918,8.73
5919,18.46
5920,12.96
5921,5.3
5922,5.3
5923,8.89
5924,9.27
5925,8.39
5926,8.55
5927,9.13
5928,11.14
5929,5.3
5930,17.22
5931,5.3
5932,12.62
5933,8.71
5934,8.84
5935,8.28
5936,9.25
5937,9.57
5938,9.41
5939,7.57
5940,9.57
5941,9.8
5942,5.3
5943,10.74
5944,9.64
5945,5.3
5946,10.46
5947,5.3
5948,12.63
5949,5.3
5950,14.25
5951,5.3
5952,13.65
5953,8.88
5954,12.27
5955,16.39
5956,5.3
5957,6.3
5958,10.97
5959,5.3
5960,8.53
5961,5.3
5962,5.3
5963,5.3
5964,13.87
5965,5.3
5966,5.3
5967,7.94
5968,8.46
5969,5.3
5970,15.01
5971,12.32
5972,8.66
5973,5.3
5974,14.3
5975,14.66
5976,11.92
5977,14.79
5978,8.47
5979,10.74
5980,14.59
5981,5.3
5982,5.41
5983,14.3
5984,8.91
5985,11.38
5986,9.47
5987,10.61
5988,5.3
5989,17.64
5990,5.3
5991,14.13
5992,10.22
5993,5.3
5994,11.32
5995,5.3
5996,9.47
5997,8.71
5998,5.3
5999,8.82
6000,8.81
6001,8.09
6002,9.8
6003,11.38
6004,9.63
6005,13.66
6006,12.6
6007,5.3
6008,10.59
6009,8.71
6010,13.11
6011,8.67
6012,9.11
6013,13.83
6014,5.3
6015,10.85
6016,11.73
6017,7.84
6018,9.31
6019,9.48
6020,11.89
6021,5.3
6022,8.62
6023,5.3
6024,5.3
6025,5.3
6026,15.34
6027,10.68
6028,9.56
6029,15.22
6030,5.3
6031,5.3
6032,7.97
6033,8.08
6034,5.3
6035,12.56
6036,9.94
6037,5.3
6038,14.98
6039,5.3
6040,9.56
6041,5.3
6042,10.75
6043,5.3
6044,11.82
6045,13.54
6046,6.18
6047,11.03
6048,9.8
6049,8.79
6050,8.46
6051,14.42
6052,11.65
6053,5.3
6054,10.69
6055,9.86
6056,9.09
6057,5.3
6058,5.3
6059,9.66
6060,5.3
6061,10.06
6062,14.76
6063,8.31
6064,9.19
6065,5.3
6066,8.47
6067,5.3
6068,12.17
6069,9.99
6070,7.71
6071,13.5
6072,14.35
6073,11.63
6074,5.3
6075,8.06
6076,12.2
6077,17.25
6078,13.62
6079,9.21
6080,11.46
6081,8.61
6082,5.3
6083,5.3
6084,5.76
6085,16.42
6086,13.9
6087,8.59
6088,5.3
6089,9.14
6090,5.3
6091,9.28
6092,9.23
6093,5.3
6094,14.2
6095,11.49
6096,9.3
6097,5.3
6098,9.19
6099,9.33
6100,11.07
6101,9.3
6102,9.44
6103,9.23
6104,5.3
6105,8.65
6106,13.27
6107,8.52
6108,9.26
6109,5.3
6110,9.11
6111,9.64
6112,9.25
6113,8.63
6114,9.05
6115,8.43
6116,11.52
6117,5.3
6118,9.48
6119,10.08
6120,5.3
6121,5.3
6122,7.94
6123,10.14
6124,12.22
6125,9.01
6126,10.13
6127,12.09
6128,6.68
6129,13.99
6130,9.16
6131,11.46
6132,8.48
6133,12.48
6134,9.17
6135,8.55
6136,8.63
6137,12.01
6138,9.4
6139,8.06
6140,17.07
6141,13.64
6142,9.73
6143,7.96
6144,11.81
6145,9.24
6146,6.96
6147,8.98
6148,15.85
6149,13.55
6150,8.77
6151,9.5
6152,8.72
6153,6.93
6154,9.36
6155,5.3
6156,11.58
6157,8.83
6158,12.41
6159,13.14
6160,5.3
6161,9.28
6162,15.95
6163,10.21
6164,8.97
6165,5.3
6166,11.98
6167,5.3
6168,5.3
6169,13.84
6170,8.91
6171,8.35
6172,8.17
6173,8.88
6174,5.3
6175,8.77
6176,11.78
6177,8.9
6178,14.78
6179,11.92
6180,5.3
6181,14.12
6182,8.15
6183,11.55
6184,11.47
6185,8.26
6186,8.18
6187,8.98
6188,13.95
6189,16.14
6190,9.22
6191,10.41
6192,10.08
6193,9.75
6194,5.3
6195,8.96
6196,5.3
6197,15.68
6198,5.3
6199,8.87
6200,5.3
6201,9.46
6202,10.88
6203,9.54
6204,14.15
6205,13.65
6206,12.08
6207,5.3
6208,5.3
6209,7.91
6210,13.04
6211,12.85
6212,8.36
6213,9.26
6214,15.29
6215,8.06
6216,8.56
6217,9.48
6218,7.97
6219,10.91
6220,10.02
6221,14.71
6222,14.17
6223,13.22
6224,11.47
6225,11.56
6226,9.49
6227,10.95
6228,16.11
6229,9.68
6230,10.33
6231,8.64
6232,5.3
6233,13.67
6234,9.98
6235,9.78
6236,14.76
6237,15.08
6238,10.43
6239,8.62
6240,5.3
6241,14.72
6242,13.29
6243,9.58
6244,13.2
6245,8.42
6246,8.93
6247,12.8
6248,5.3
6249,9.97
6250,8.78
6251,10.47
6252,8.97
6253,9.21
6254,12.15
6255,12.21
6256,9.75
6257,8.65
6258,14.05
6259,9.11
6260,8.94
6261,12.07
6262,5.3
6263,5.3
6264,9.11
6265,9.54
6266,13.25
6267,5.3
6268,13.85
6269,9.24
6270,5.3
6271,15.51
6272,11.61
6273,13.92
6274,5.3
6275,8.26
6276,5.3
6277,5.3
6278,9.66
6279,13.57
6280,5.3
6281,5.3
6282,5.3
6283,9.71
6284,10.32
6285,9.91
6286,13.06
6287,5.3
6288,8.14
6289,14.25
6290,8.67
6291,12.47
6292,9.52
6293,9.11
6294,9.54
6295,11.76
6296,5.3
6297,9.48
6298,9.32
6299,13.79
6300,7.46
6301,12.07
6302,9.16
6303,13.07
6304,5.3
6305,9.54
6306,5.3
6307,9.53
6308,9.3
6309,8.11
6310,9.48
6311,9.22
6312,9.87
6313,14.38
6314,8.58
6315,10.11
6316,12.35
6317,8.97
6318,13.53
6319,12.05
6320,5.3
6321,9.24
6322,15.24
6323,9.35
6324,8.9
6325,8.45
6326,9.29
6327,5.46
6328,9.36
6329,7.9
6330,8.63
6331,11.62
6332,8.2
6333,13.58
6334,9.02
6335,10.93
6336,8.59
6337,12.23
6338,9.8
6339,5.3
6340,8.99
6341,12.67
6342,9.54
6343,5.3
6344,14.24
6345,13.06
6346,8.64
6347,5.3
6348,10.29
6349,11.42
6350,9.68
6351,8.98
6352,16.84
6353,12.29
6354,11.18
6355,5.3
6356,10.53
6357,8.54
6358,14.67
6359,5.3
6360,8.31
6361,9.12
6362,5.3
6363,8.7
6364,6.96
6365,9.92
6366,9.9
6367,7.09
6368,5.3
6369,13.9
6370,5.3
6371,9.41
6372,5.3
6373,8.48
6374,15.04
6375,5.3
6376,7.78
6377,9.32
6378,13.86
6379,10.28
6380,5.52
6381,8.42
6382,13.03
6383,9.6
6384,10.81
6385,9.16
6386,5.3
6387,11.63
6388,9.1
6389,9.86
6390,5.3
6391,9.93
6392,9.66
6393,8.74
6394,10.33
6395,14.31
6396,9.27
6397,9.53
6398,14.02
6399,5.3
6400,9.13
6401,5.3
6402,9.81
6403,8.52
6404,8.54
6405,8.22
6406,13.36
6407,14.71
6408,16.19
6409,8.56
6410,15.38
6411,5.3
6412,9.42
6413,13.48
6414,9.52
6415,8.98
6416,9.38
6417,13.21
6418,14.51
6419,5.3
6420,11.05
6421,8.1
6422,8.75
6423,5.3
6424,5.3
6425,9.79
6426,13.88
6427,14.6
6428,9.07
6429,15.09
6430,9.26
6431,9.26
6432,10.01
6433,9.19
6434,5.3
6435,11.13
6436,9.89
6437,13.37
6438,9.2
6439,9.3
6440,9.11
6441,13.96
6442,10.72
6443,5.3
6444,8.93
6445,8.61
6446,5.3
6447,9.1
6448,12.46
6449,8.66
6450,8.93
6451,11.32
6452,14.44
6453,11.26
6454,8.9
6455,15.89
6456,13.51
6457,5.3
6458,5.3
6459,9.33
6460,10.74
6461,5.3
6462,10.63
6463,11.2
6464,9.17
6465,8.81
6466,5.3
6467,5.3
6468,13.01
6469,14.79
6470,9.24
6471,9.53
6472,14.03
6473,9.01
6474,12.71
6475,9.41
6476,8.76
6477,13.07
6478,14.38
6479,9.07
6480,5.3
6481,5.3
6482,8.71
6483,7.91
6484,13.87
6485,9.47
6486,5.3
6487,12.87
6488,5.3
6489,12.74
6490,8.96
6491,8.99
6492,9.26
6493,5.3
6494,9.17
6495,5.3
6496,5.3
6497,5.3
6498,7.66
6499,12.9
6500,13.64
6501,13.53
6502,8.37
6503,7.38
6504,10.8
6505,11.87
6506,8.7
6507,12.52
6508,11.6
6509,5.3
6510,5.3
6511,12.38
6512,5.3
6513,10.34
6514,13.36
6515,12.18
6516,8.55
6517,9.3
6518,13.37
6519,5.3
6520,9.64
6521,5.3
6522,8.73
6523,5.3
6524,5.3
6525,9.15
6526,12.51
6527,14.18
6528,8.25
6529,16.58
6530,5.3
6531,14.8
6532,5.3
6533,5.3
6534,9.38
6535,7.51
6536,5.3
6537,5.3
6538,5.3
6539,5.3
6540,5.3
6541,5.3
6542,5.3
6543,9.45
6544,12.12
6545,5.3
6546,9.64
6547,8.6
6548,9.45
6549,5.85
6550,5.3
6551,9.38
6552,8.16
6553,5.3
6554,15.4
6555,12.05
6556,9.38
6557,5.3
6558,9.12
6559,7.82
6560,13.43
6561,9.09
6562,5.3
6563,5.3
6564,5.3
6565,8.75
6566,13.8
6567,9.53
6568,5.3
6569,5.3
6570,5.3
6571,11.24
6572,7.82
6573,11.2
6574,9.21
6575,5.3
6576,8.98
6577,5.3
6578,11.79
6579,10.83
6580,8.31
6581,10.1
6582,12.23
6583,5.3
6584,8.7
6585,8.33
6586,14.4
6587,5.3
6588,8.93
6589,13.82
6590,5.3
6591,9.77
6592,8.71
6593,5.3
6594,10.04
6595,6.25
6596,8.29
6597,5.3
6598,5.3
6599,12.13
6600,11.88
6601,7.63
6602,13.55
6603,8.9
6604,12.02
6605,5.3
6606,5.3
6607,7.94
6608,12.24
6609,5.3
6610,5.3
6611,7.77
6612,5.3
6613,11.72
6614,9.53
6615,16.65
6616,11.54
6617,14.58
6618,9.46
6619,8.87
6620,5.3
6621,13.64
6622,10.74
6623,11.72
6624,5.3
6625,12.87
6626,8.33
6627,5.3
6628,10.81
6629,9.62
6630,5.3
6631,9.65
6632,10.69
6633,12.53
6634,9.85
6635,8.51
6636,9.34
6637,9.72
6638,5.3
6639,5.3
6640,5.3
6641,11.62
6642,5.3
6643,7.3
6644,5.3
6645,13.65
6646,5.3
6647,7.47
6648,15.11
6649,5.3
6650,5.3
6651,8.86
6652,9.09
6653,5.3
6654,5.3
6655,8.52
6656,9.17
6657,7.96
6658,9.88
6659,9.73
6660,11.86
6661,11.56
6662,8.79
6663,8.25
6664,5.3
6665,13.58
6666,10.79
6667,11.68
6668,6.11
6669,8.93
6670,9.74
6671,9.11
6672,5.3
6673,13.48
6674,8.47
6675,10.75
6676,8.25
6677,5.3
6678,5.3
6679,8.39
6680,5.3
6681,8.99
6682,8.69
6683,8.83
6684,9.23
6685,9.46
6686,8.95
6687,5.3
6688,11.8
6689,8.24
6690,5.3
6691,8.78
6692,10.27
6693,8.79
6694,10.0
6695,13.2
6696,10.68
6697,13.35
6698,11.3
6699,8.32
6700,13.33
6701,5.3
6702,8.72
6703,8.62
6704,5.3
6705,10.03
6706,14.26
6707,11.3
6708,8.77
6709,9.19
6710,14.21
6711,14.59
6712,14.12
6713,5.3
6714,8.69
6715,11.09
6716,5.3
6717,9.53
6718,10.21
6719,15.02
6720,8.95
6721,8.97
6722,5.3
6723,12.39
6724,12.27
6725,5.3
6726,9.15
6727,9.43
6728,12.31
6729,8.94
6730,9.66
6731,13.73
6732,11.42
6733,5.3
6734,8.46
6735,9.14
6736,9.6
6737,9.21
6738,5.3
6739,12.97
6740,10.28
6741,7.53
6742,5.3
6743,5.3
6744,8.68
6745,14.71
6746,12.29
6747,8.66
6748,9.47
6749,10.07
6750,13.93
6751,8.82
6752,16.62
6753,9.66
6754,5.3
6755,11.81
6756,8.85
6757,12.33
6758,5.3
6759,12.39
6760,8.35
6761,10.67
6762,10.88
6763,10.27
6764,5.3
6765,8.83
6766,13.69
6767,5.3
6768,9.18
6769,13.88
6770,5.3
6771,15.63
6772,5.3
6773,5.3
6774,9.45
6775,5.3
6776,5.3
6777,5.3
6778,5.3
6779,9.51
6780,7.0
6781,5.3
6782,13.24
6783,9.45
6784,11.31
6785,10.96
6786,5.3
6787,15.7
6788,13.05
6789,11.59
6790,8.78
6791,9.23
6792,8.56
6793,9.82
6794,10.33
6795,5.3
6796,10.65
6797,9.31
6798,10.58
6799,8.18
6800,9.62
6801,5.3
6802,14.87
6803,9.79
6804,13.17
6805,9.29
6806,9.44
6807,9.99
6808,13.11
6809,9.12
6810,10.94
6811,8.34
6812,5.3
6813,10.24
6814,13.46
6815,10.59
6816,5.3
6817,13.68
6818,5.3
6819,5.3
6820,10.85
6821,9.27
6822,5.3
6823,11.17
6824,11.22
6825,12.91
6826,5.3
6827,9.09
6828,9.28
6829,8.98
6830,7.67
6831,5.3
6832,5.3
6833,5.3
6834,8.93
6835,8.21
6836,10.05
6837,9.03
6838,14.41
6839,5.3
6840,15.37
6841,12.73
6842,10.74
6843,8.64
6844,14.89
6845,8.24
6846,10.95
6847,5.3
6848,9.45
6849,9.68
6850,5.3
6851,9.92
6852,8.66
6853,13.12
6854,12.53
6855,5.3
6856,13.55
6857,5.3
6858,5.3
6859,9.4
6860,12.13
6861,5.3
6862,15.99
6863,14.41
6864,13.62
6865,8.79
6866,14.11
6867,5.3
6868,8.31
6869,8.49
6870,8.98
6871,8.96
6872,7.76
6873,9.13
6874,8.6
6875,10.58
6876,12.01
6877,5.3
6878,5.3
6879,13.68
6880,12.81
6881,5.3
6882,9.46
6883,5.3
6884,9.42
6885,8.56
6886,8.93
6887,12.2
6888,10.83
6889,9.5
6890,14.42
6891,5.3
6892,9.19
6893,5.3
6894,10.54
6895,8.63
6896,9.73
6897,5.3
6898,5.3
6899,5.3
6900,5.3
6901,5.89
6902,5.3
6903,5.3
6904,8.78
6905,9.31
6906,14.02
6907,9.57
6908,11.11
6909,8.61
6910,12.11
6911,10.41
6912,11.07
6913,14.18
6914,5.3
6915,5.3
6916,5.3
6917,9.5
6918,8.96
6919,12.19
6920,10.05
6921,5.3
6922,12.25
6923,5.3
6924,5.3
6925,8.81
6926,5.3
6927,8.22
6928,9.7
6929,8.99
6930,5.3
6931,11.22
6932,5.3
6933,5.3
6934,5.3
6935,8.29
6936,9.23
6937,8.09
6938,8.8
6939,5.3
6940,10.9
6941,12.15
6942,5.3
6943,5.3
6944,6.79
6945,10.44
6946,8.62
6947,13.38
6948,9.68
6949,9.41
6950,5.3
6951,16.9
6952,9.13
6953,12.26
6954,5.3
6955,16.45
6956,15.92
6957,5.3
6958,15.78
6959,15.18
6960,8.71
6961,13.06
6962,5.3
6963,13.09
6964,5.3
6965,8.48
6966,13.1
6967,11.4
6968,8.82
6969,10.76
6970,8.27
6971,9.72
6972,8.49
6973,10.38
6974,14.95
6975,8.85
6976,9.13
6977,8.27
6978,9.03
6979,13.49
6980,13.99
6981,5.3
6982,5.3
6983,12.12
6984,5.3
6985,5.3
6986,5.3
6987,10.1
6988,10.91
6989,13.59
6990,11.01
6991,10.79
6992,8.77
6993,14.14
6994,13.22
6995,5.3
6996,9.33
6997,17.23
6998,8.74
6999,13.11
7000,11.33
7001,5.3
7002,8.99
7003,12.91
7004,13.15
7005,9.0
7006,12.83
7007,5.3
7008,11.53
7009,14.14
7010,12.15
7011,9.32
7012,5.3
7013,11.64
7014,5.3
7015,5.3
7016,9.22
7017,13.69
7018,8.08
7019,9.14
7020,9.28
7021,5.3
7022,7.8
7023,18.35
7024,12.81
7025,5.3
7026,11.11
7027,10.42
7028,11.87
7029,5.3
7030,5.3
7031,13.99
7032,5.3
7033,10.71
7034,5.3
7035,11.0
7036,8.77
7037,8.11
7038,12.76
7039,8.01
7040,7.05
7041,10.33
7042,9.8
7043,9.59
7044,8.02
7045,5.3
7046,5.3
7047,9.29
7048,7.48
7049,11.11
7050,8.66
7051,9.55
7052,9.05
7053,12.27
7054,5.3
7055,5.3
7056,8.64
7057,5.3
7058,9.33
7059,10.9
7060,5.3
7061,11.94
7062,8.75
7063,8.84
7064,12.9
7065,5.3
7066,15.65
7067,11.31
7068,5.3
7069,9.71
7070,5.3
7071,9.34
7072,9.88
7073,9.34
7074,5.3
7075,9.54
7076,15.12
7077,10.94
7078,13.72
7079,5.3
7080,15.66
7081,9.31
7082,10.06
7083,12.75
7084,9.34
7085,10.04
7086,11.94
7087,5.3
7088,9.62
7089,9.89
7090,12.07
7091,14.47
7092,10.06
7093,14.56
7094,12.9
7095,5.3
7096,14.72
7097,8.66
7098,8.9
7099,5.3
7100,10.38
7101,5.3
7102,7.73
7103,5.3
7104,9.3
7105,10.34
7106,5.3
7107,11.24
7108,5.3
7109,5.3
7110,11.1
7111,16.4
7112,8.4
7113,13.28
7114,10.09
7115,13.26
7116,13.41
7117,8.19
7118,5.7
7119,12.06
7120,8.41
7121,5.3
7122,8.93
7123,13.42
7124,5.3
7125,14.64
7126,8.34
7127,9.87
7128,5.3
7129,5.3
7130,8.87
7131,5.3
7132,5.3
7133,8.78
7134,13.0
7135,10.31
7136,9.07
7137,11.99
7138,5.3
7139,11.38
7140,9.54
7141,13.17
7142,5.3
7143,5.3
7144,12.35
7145,6.95
7146,16.85
7147,8.72
7148,5.3
7149,5.3
7150,9.17
7151,7.89
7152,5.3
7153,5.3
7154,9.49
7155,9.13
7156,12.66
7157,5.3
7158,5.3
7159,14.27
7160,5.3
7161,10.45
7162,9.85
7163,9.15
7164,8.91
7165,14.09
7166,13.85
7167,15.36
7168,14.27
7169,9.29
7170,5.3
7171,13.93
7172,9.22
7173,10.15
7174,5.3
7175,9.6
7176,9.62
7177,5.3
7178,9.49
7179,14.3
7180,8.07
7181,9.65
7182,5.3
7183,5.3
7184,5.3
7185,13.49
7186,5.3
7187,12.65
7188,5.3
7189,5.3
7190,14.14
7191,8.27
7192,13.39
7193,6.46
7194,7.42
7195,8.92
7196,8.75
7197,13.05
7198,10.74
7199,7.19
7200,14.09
7201,10.85
7202,12.22
7203,5.3
7204,8.55
7205,5.3
7206,9.46
7207,9.59
7208,9.31
7209,12.57
7210,14.74
7211,5.3
7212,11.98
7213,5.3
7214,9.61
7215,6.68
7216,9.18
7217,5.3
7218,8.96
7219,5.3
7220,9.37
7221,5.3
7222,5.3
7223,5.3
7224,9.01
7225,13.63
7226,13.24
7227,9.43
7228,5.3
7229,12.79
7230,7.97
7231,5.3
7232,8.88
7233,6.57
7234,7.09
7235,5.3
7236,10.2
7237,9.19
7238,5.3
7239,9.32
7240,5.3
7241,9.85
7242,5.3
7243,9.03
7244,5.3
7245,9.92
7246,7.59
7247,9.56
7248,14.54
7249,5.3
7250,5.3
7251,5.3
7252,8.5
7253,8.68
7254,10.46
7255,5.3
7256,5.3
7257,9.6
7258,12.64
7259,8.58
7260,8.55
7261,5.3
7262,14.35
7263,11.05
7264,8.97
7265,10.3
7266,5.3
7267,5.3
7268,5.3
7269,5.3
7270,9.34
7271,10.73
7272,10.9
7273,12.12
7274,5.3
7275,5.3
7276,5.3
7277,5.3
7278,14.24
7279,8.97
7280,8.22
7281,14.96
7282,5.3
7283,5.3
7284,8.59
7285,5.3
7286,15.12
7287,13.82
7288,10.71
7289,9.33
7290,15.27
7291,11.82
7292,15.94
7293,12.79
7294,8.83
7295,10.0
7296,8.66
7297,5.3
7298,11.89
7299,7.71
7300,16.98
7301,5.3
7302,11.06
7303,9.49
7304,14.76
7305,10.11
7306,9.49
7307,12.03
7308,10.36
7309,5.3
7310,6.54
7311,14.7
7312,8.83
7313,9.57
7314,9.19
7315,8.91
7316,8.83
7317,5.3
7318,10.43
7319,9.96
7320,5.3
7321,13.64
7322,8.64
7323,9.57
7324,10.51
7325,5.3
7326,9.52
7327,7.89
7328,9.63
7329,5.3
7330,5.3
7331,9.21
7332,13.41
7333,5.89
7334,8.88
7335,7.91
7336,8.75
7337,8.81
7338,8.7
7339,5.3
7340,8.16
7341,5.3
7342,9.73
7343,9.85
7344,10.46
7345,8.89
7346,10.89
7347,7.27
7348,8.11
7349,10.63
7350,8.28
7351,14.34
7352,5.3
7353,9.06
7354,5.3
7355,9.52
7356,8.75
7357,5.3
7358,10.54
7359,5.3
7360,8.78
7361,8.51
7362,5.3
7363,13.35
7364,11.6
7365,9.45
7366,13.07
7367,9.2
7368,9.3
7369,5.3
7370,8.96
7371,17.23
7372,7.51
7373,5.3
7374,8.39
7375,10.87
7376,15.25
7377,15.17
7378,12.85
7379,10.39
7380,8.01
7381,11.75
7382,5.3
7383,15.56
7384,5.3
7385,9.33
7386,10.1
7387,14.5
7388,5.3
7389,13.17
7390,13.89
7391,5.3
7392,14.2
7393,10.76
7394,5.3
7395,5.3
7396,5.3
7397,5.3
7398,5.3
7399,9.74
7400,13.7
7401,14.68
7402,13.48
7403,11.56
7404,7.8
7405,7.3
7406,12.24
7407,9.1
7408,8.59
7409,9.28
7410,9.8
7411,11.69
7412,8.7
7413,9.28
7414,8.81
7415,12.04
7416,11.2
7417,5.3
7418,9.11
7419,12.5
7420,5.3
7421,11.62
7422,10.09
7423,9.92
7424,9.1
7425,5.3
7426,12.97
7427,5.3
7428,13.42
7429,9.34
7430,5.3
7431,12.3
7432,16.08
7433,11.99
7434,9.38
7435,14.49
7436,8.9
7437,10.47
7438,5.3
7439,8.25
7440,10.6
7441,5.3
7442,9.66
7443,13.28
7444,9.01
7445,10.8
7446,11.98
7447,9.79
7448,5.3
7449,10.24
7450,9.92
7451,11.32
7452,9.4
7453,9.18
7454,9.1
7455,9.66
7456,5.3
7457,9.24
7458,9.61
7459,5.3
7460,14.29
7461,14.58
7462,10.03
7463,5.3
7464,9.16
7465,10.13
7466,12.59
7467,14.23
7468,8.55
7469,7.8
7470,5.3
7471,9.06
7472,8.06
7473,5.3
7474,8.14
7475,5.3
7476,9.95
7477,9.64
7478,11.06
7479,10.6
7480,8.8
7481,12.19
7482,8.99
7483,5.3
7484,10.76
7485,5.3
7486,18.5
7487,15.68
7488,9.1
7489,8.92
7490,13.81
7491,9.73
7492,13.89
7493,8.71
7494,9.81
7495,14.75
7496,5.3
7497,9.14
7498,9.09
7499,10.8
7500,8.86
7501,9.9
7502,9.29
7503,5.3
7504,10.7
7505,15.1
7506,5.3
7507,10.16
7508,5.3
7509,5.3
7510,5.3
7511,11.54
7512,10.42
7513,12.23
7514,6.21
7515,9.85
7516,14.71
7517,8.46
7518,5.3
7519,15.92
7520,14.35
7521,9.57
7522,8.75
7523,8.64
7524,5.3
7525,12.51
7526,11.83
7527,5.3
7528,9.49
7529,5.78
7530,5.3
7531,9.89
7532,8.89
7533,12.08
7534,8.81
7535,7.45
7536,14.76
7537,5.3
7538,13.98
7539,9.37
7540,13.72
7541,12.24
7542,9.42
7543,9.1
7544,9.48
7545,9.95
7546,16.29
7547,8.67
7548,5.3
7549,8.4
7550,9.12
7551,13.68
7552,12.78
7553,8.25
7554,8.95
7555,9.45
7556,12.86
7557,10.89
7558,5.3
7559,5.3
7560,12.75
7561,5.3
7562,5.3
7563,11.22
7564,5.3
7565,13.1
7566,9.35
7567,9.18
7568,11.64
7569,5.3
7570,5.3
7571,8.56
7572,10.08
7573,5.3
7574,9.25
7575,13.81
7576,5.3
7577,13.61
7578,8.97
7579,9.63
7580,11.41
7581,12.7
7582,9.38
7583,11.95
7584,11.54
7585,8.8
7586,5.3
7587,14.85
7588,15.12
7589,12.12
7590,5.3
7591,5.3
7592,13.71
7593,8.67
7594,9.84
7595,11.0
7596,10.1
7597,10.97
7598,8.68
7599,13.93
7600,5.3
7601,5.3
7602,10.55
7603,8.71
7604,8.87
7605,9.58
7606,8.87
7607,5.3
7608,9.98
7609,13.79
7610,8.54
7611,11.27
7612,5.3
7613,14.04
7614,13.82
7615,14.03
7616,9.09
7617,5.3
7618,8.93
7619,14.08
7620,11.82
7621,5.3
7622,9.08
7623,7.95
7624,5.3
7625,5.3
7626,10.6
7627,8.24
7628,9.98
7629,9.55
7630,5.3
7631,13.54
7632,8.21
7633,8.92
7634,5.3
7635,14.33
7636,9.31
7637,15.37
7638,11.41
7639,9.52
7640,5.3
7641,5.3
7642,14.73
7643,5.3
7644,9.67
7645,5.3
7646,9.71
7647,5.3
7648,12.03
7649,5.3
7650,13.77
7651,10.27
7652,5.3
7653,9.24
7654,9.17
7655,8.86
7656,5.3
7657,9.36
7658,9.18
7659,14.81
7660,9.54
7661,11.1
7662,5.3
7663,12.33
7664,12.71
7665,5.3
7666,12.69
7667,11.0
7668,13.41
7669,11.85
7670,8.95
7671,9.71
7672,5.3
7673,9.15
7674,5.3
7675,14.62
7676,12.87
7677,8.8
7678,9.63
7679,9.26
7680,9.07
7681,9.66
7682,9.48
7683,9.46
7684,14.44
7685,8.87
7686,10.93
7687,9.37
7688,5.3
7689,9.29
7690,13.45
7691,11.23
7692,8.89
7693,13.61
7694,8.93
7695,11.7
7696,5.3
7697,10.0
7698,17.0
7699,9.85
7700,5.3
7701,5.3
7702,5.3
7703,9.35
7704,8.86
7705,14.32
7706,5.3
7707,5.3
7708,5.3
7709,9.43
7710,5.54
7711,12.28
7712,10.39
7713,5.3
7714,8.83
7715,5.3
7716,9.43
7717,5.3
7718,13.56
7719,8.77
7720,8.45
7721,9.13
7722,9.57
7723,11.5
7724,9.37
7725,6.94
7726,11.46
7727,5.3
7728,10.03
7729,9.35
7730,9.13
7731,10.17
7732,9.53
7733,10.94
7734,15.48
7735,14.36
7736,8.93
7737,12.78
7738,5.3
7739,5.3
7740,8.4
7741,5.3
7742,5.3
7743,9.08
7744,8.92
7745,5.3
7746,14.14
7747,9.52
7748,9.15
7749,7.95
7750,11.91
7751,11.32
7752,9.06
7753,9.91
7754,8.15
7755,9.48
7756,7.14
7757,8.99
7758,8.5
7759,9.85
7760,11.75
7761,17.34
7762,5.3
7763,11.83
7764,9.66
7765,9.58
7766,12.69
7767,9.07
7768,12.46
7769,8.14
7770,5.3
7771,13.88
7772,5.3
7773,16.62
7774,8.49
7775,13.42
7776,5.3
7777,9.55
7778,9.75
7779,15.42
7780,16.51
7781,10.0
7782,5.3
7783,9.57
7784,8.74
7785,14.79
7786,8.27
7787,10.75
7788,14.42
7789,9.39
7790,8.63
7791,5.3
7792,7.99
7793,17.59
7794,8.97
7795,9.09
7796,10.97
7797,9.51
7798,10.08
7799,5.3
7800,8.69
7801,15.56
7802,5.3
7803,9.19
7804,8.52
7805,8.45
7806,5.3
7807,9.01
7808,12.95
7809,8.29
7810,8.99
7811,8.74
7812,13.33
7813,9.69
7814,9.35
7815,10.53
7816,13.89
7817,5.3
7818,9.65
7819,13.99
7820,12.4
7821,13.54
7822,12.0
7823,12.24
7824,5.3
7825,8.96
7826,10.13
7827,5.76
7828,12.1
7829,5.3
7830,5.3
7831,9.22
7832,9.97
7833,8.91
7834,8.56
7835,8.81
7836,5.3
7837,11.07
7838,8.94
7839,5.3
7840,14.04
7841,7.77
7842,11.85
7843,5.3
7844,8.96
7845,14.84
7846,5.47
7847,10.73
7848,13.87
7849,5.3
7850,9.85
7851,9.44
7852,14.61
7853,8.25
7854,5.3
7855,11.77
7856,9.62
7857,8.89
7858,9.96
7859,16.15
7860,8.76
7861,13.13
7862,5.3
7863,7.7
7864,12.33
7865,9.5
7866,8.98
7867,5.3
7868,12.4
7869,11.17
7870,6.94
7871,10.18
7872,7.96
7873,8.84
7874,8.72
7875,17.26
7876,5.3
7877,9.56
7878,5.3
7879,5.3
7880,9.54
7881,12.63
7882,11.99
7883,5.3
7884,14.06
7885,5.3
7886,15.01
7887,9.46
7888,5.3
7889,13.58
7890,8.78
7891,8.7
7892,8.23
7893,8.13
7894,13.67
7895,10.62
7896,9.76
7897,16.0
7898,8.96
7899,13.0
7900,10.05
7901,11.54
7902,12.33
7903,9.37
7904,9.06
7905,8.41
7906,12.78
7907,5.3
7908,9.75
7909,7.93
7910,9.61
7911,9.55
7912,8.17
7913,5.3
7914,9.26
7915,8.08
7916,5.3
7917,5.3
7918,5.3
7919,6.65
7920,5.3
7921,5.3
7922,8.58
7923,8.46
7924,9.5
7925,5.3
7926,8.17
7927,9.32
7928,5.3
7929,5.3
7930,8.69
7931,5.3
7932,9.97
7933,8.62
7934,13.61
7935,8.83
7936,8.93
7937,14.04
7938,10.28
7939,5.3
7940,5.3
7941,5.3
7942,5.3
7943,5.3
7944,8.53
7945,14.16
7946,9.39
7947,13.9
7948,10.64
7949,12.35
7950,10.52
7951,11.2
7952,5.3
7953,9.5
7954,9.74
7955,9.69
7956,10.84
7957,13.42
7958,7.59
7959,10.6
7960,5.3
7961,11.99
7962,5.3
7963,8.89
7964,8.0
7965,12.3
7966,8.47
7967,9.8
7968,14.25
7969,5.3
7970,9.01
7971,14.02
7972,5.3
7973,9.57
7974,11.78
7975,5.3
7976,14.19
7977,8.91
7978,5.3
7979,11.36
7980,5.3
7981,12.38
7982,12.65
7983,5.3
7984,5.3
7985,9.28
7986,9.32
7987,5.3
7988,10.88
7989,10.19
7990,5.3
7991,9.48
7992,8.8
7993,8.83
7994,9.95
7995,11.29
7996,13.76
7997,9.01
7998,5.3
7999,9.65
8000,13.31
8001,9.17
8002,5.3
8003,12.56
8004,5.3
8005,9.15
8006,9.44
8007,10.39
8008,10.24
8009,11.49
8010,12.22
8011,12.61
8012,8.71
8013,8.5
8014,13.29
8015,11.59
8016,5.3
8017,5.3
8018,11.65
8019,10.03
8020,13.53
8021,5.3
8022,9.42
8023,6.14
8024,5.3
8025,5.3
8026,5.3
8027,9.1
8028,9.07
8029,5.3
8030,9.03
8031,8.54
8032,9.55
8033,16.42
8034,8.64
8035,12.44
8036,9.4
8037,9.41
8038,16.56
8039,5.3
8040,5.3
8041,11.93
8042,5.3
8043,17.97
8044,9.15
8045,9.2
8046,5.3
8047,5.3
8048,8.38
8049,13.84
8050,9.14
8051,9.5
8052,8.94
8053,5.3
8054,9.5
8055,6.07
8056,8.58
8057,5.3
8058,5.3
8059,11.17
8060,9.16
8061,15.39
8062,9.16
8063,9.06
8064,13.52
8065,5.3
8066,9.53
8067,12.03
8068,11.66
8069,8.71
8070,5.3
8071,13.92
8072,9.02
8073,8.89
8074,10.33
8075,11.97
8076,5.3
8077,8.73
8078,9.97
8079,15.17
8080,8.73
8081,12.98
8082,5.3
8083,14.83
8084,9.38
8085,8.68
8086,8.99
8087,5.85
8088,8.75
8089,9.55
8090,11.68
8091,10.52
8092,10.87
8093,15.65
8094,8.8
8095,9.21
8096,12.22
8097,14.77
8098,5.3
8099,10.02
8100,11.07
8101,8.81
8102,9.56
8103,14.53
8104,9.12
8105,9.99
8106,10.02
8107,11.64
8108,9.5
8109,13.52
8110,14.32
8111,9.0
8112,12.12
8113,7.29
8114,5.3
8115,11.55
8116,9.09
8117,14.86
8118,15.02
8119,8.85
8120,13.46
8121,9.03
8122,13.78
8123,8.59
8124,9.3
8125,14.01
8126,10.2
8127,11.15
8128,5.3
8129,7.73
8130,9.08
8131,8.22
8132,9.15
8133,11.19
8134,5.3
8135,5.3
8136,9.49
8137,12.58
8138,8.1
8139,8.21
8140,10.81
8141,13.59
8142,5.3
8143,15.63
8144,12.06
8145,5.3
8146,15.99
8147,9.06
8148,5.3
8149,5.3
8150,15.38
8151,14.47
8152,8.84
8153,5.3
8154,10.78
8155,5.3
8156,14.13
8157,12.78
8158,12.15
8159,9.91
8160,5.3
8161,12.63
8162,9.38
8163,8.42
8164,12.33
8165,9.42
8166,9.1
8167,9.25
8168,14.16
8169,8.69
8170,5.3
8171,15.04
8172,11.48
8173,5.3
8174,5.3
8175,9.12
8176,9.45
8177,5.3
8178,5.3
8179,11.36
8180,9.52
8181,10.06
8182,8.33
8183,5.3
8184,10.01
8185,13.46
8186,9.52
8187,15.07
8188,12.14
8189,5.3
8190,13.54
8191,13.84
8192,5.3
8193,9.17
8194,10.34
8195,15.8
8196,5.3
8197,9.34
8198,9.25
8199,19.22
8200,9.27
8201,13.04
8202,8.79
8203,9.1
8204,8.97
8205,9.17
8206,12.37
8207,5.3
8208,5.3
8209,9.85
8210,9.41
8211,8.95
8212,11.18
8213,8.61
8214,12.22
8215,11.3
8216,13.96
8217,12.23
8218,15.24
8219,7.1
8220,15.03
8221,11.77
8222,7.16
8223,11.38
8224,9.03
8225,12.86
8226,5.3
8227,12.45
8228,5.3
8229,14.14
8230,8.99
8231,9.54
8232,8.56
8233,13.8
8234,9.41
8235,18.5
8236,9.65
8237,8.92
8238,14.83
8239,5.3
8240,9.36
8241,5.3
8242,5.3
8243,13.06
8244,5.3
8245,5.3
8246,14.75
8247,5.3
8248,9.31
8249,5.3
8250,5.3
8251,9.36
8252,15.03
8253,10.55
8254,8.89
8255,13.89
8256,10.83
8257,8.88
8258,5.3
8259,14.02
8260,5.3
8261,5.3
8262,9.57
8263,9.7
8264,10.35
8265,11.34
8266,9.17
8267,8.24
8268,13.83
8269,5.3
8270,5.3
8271,8.7
8272,8.16
8273,8.96
8274,14.68
8275,5.3
8276,12.22
8277,9.06
8278,8.95
8279,9.12
8280,10.07
8281,5.3
8282,8.92
8283,10.94
8284,11.87
8285,9.51
8286,5.3
8287,9.76
8288,7.72
8289,10.88
8290,14.2
8291,10.38
8292,11.46
8293,9.31
8294,11.07
8295,8.71
8296,11.62
8297,5.3
8298,5.3
8299,10.53
8300,5.3
8301,8.75
8302,12.87
8303,5.3
8304,10.7
8305,5.3
8306,8.66
8307,13.65
8308,10.75
8309,5.3
8310,5.3
8311,5.3
8312,8.95
8313,14.0
8314,8.66
8315,8.25
8316,11.61
8317,8.81
8318,9.71
8319,12.69
8320,14.12
8321,14.35
8322,9.19
8323,10.12
8324,10.28
8325,5.3
8326,5.3
8327,9.69
8328,11.83
8329,8.61
8330,8.78
8331,10.84
8332,5.3
8333,15.6
8334,8.1
8335,14.85
8336,8.68
8337,9.47
8338,10.73
8339,12.87
8340,12.38
8341,12.1
8342,10.42
8343,9.93
8344,5.3
8345,10.15
8346,13.83
8347,11.89
8348,8.45
8349,5.3
8350,5.3
8351,9.24
8352,14.3
8353,13.49
8354,8.15
8355,13.83
8356,8.87
8357,9.23
8358,16.04
8359,11.94
8360,9.38
8361,8.6
8362,8.08
8363,11.74
8364,5.3
8365,9.0
8366,5.3
8367,8.12
8368,5.3
8369,8.81
8370,10.3
8371,8.71
8372,13.89
8373,10.83
8374,9.31
8375,7.41
8376,5.3
8377,9.1
8378,5.3
8379,14.17
8380,10.93
8381,12.37
8382,12.28
8383,9.4
8384,12.5
8385,10.14
8386,10.4
8387,5.3
8388,5.3
8389,8.48
8390,5.3
8391,9.05
8392,9.46
8393,12.67
8394,11.31
8395,8.85
8396,10.16
8397,10.08
8398,9.04
8399,5.3
8400,9.28
8401,8.6
8402,13.49
8403,13.24
8404,9.33
8405,8.12
8406,8.0
8407,14.34
8408,8.32
8409,8.28
8410,5.3
8411,13.68
8412,8.49
8413,5.3
8414,8.69
8415,14.1
8416,11.91
8417,5.3
8418,8.93
8419,17.29
8420,12.87
8421,10.93
8422,10.54
8423,11.12
8424,10.91
8425,11.26
8426,8.62
8427,9.9
8428,18.14
8429,9.5
8430,13.25
8431,8.84
8432,14.75
8433,12.06
8434,5.3
8435,14.2
8436,9.03
8437,9.42
8438,5.3
8439,9.87
8440,5.3
8441,8.12
8442,5.3
8443,5.3
8444,11.93
8445,5.3
8446,10.97
8447,10.52
8448,8.91
8449,12.51
8450,13.19
8451,14.79
8452,5.3
8453,8.81
8454,5.3
8455,9.47
8456,5.3
8457,8.58
8458,5.3
8459,13.59
8460,7.43
8461,10.65
8462,10.65
8463,15.04
8464,8.15
8465,9.85
8466,5.3
8467,10.4
8468,9.55
8469,14.62
8470,14.56
8471,13.46
8472,5.3
8473,15.68
8474,8.71
8475,10.91
8476,8.54
8477,9.9
8478,8.91
8479,8.37
8480,9.4
8481,9.87
8482,9.9
8483,5.3
8484,10.52
8485,9.52
8486,9.01
8487,13.11
8488,8.77
8489,5.3
8490,14.83
8491,14.37
8492,10.43
8493,14.47
8494,8.44
8495,5.3
8496,9.67
8497,5.3
8498,9.4
8499,12.67
8500,8.59
8501,15.11
8502,8.96
8503,14.01
8504,12.06
8505,14.19
8506,11.26
8507,5.3
8508,13.48
8509,11.85
8510,5.3
8511,8.65
8512,5.3
8513,9.33
8514,5.3
8515,9.2
8516,14.12
8517,11.28
8518,12.8
8519,14.06
8520,9.86
8521,13.83
8522,10.4
8523,13.92
8524,7.77
8525,5.3
8526,9.07
8527,5.3
8528,9.3
8529,13.58
8530,8.98
8531,5.3
8532,5.3
8533,14.6
8534,5.3
8535,12.05
8536,11.53
8537,13.85
8538,5.3
8539,13.68
8540,5.3
8541,12.54
8542,17.08
8543,9.26
8544,13.82
8545,10.04
8546,13.89
8547,9.22
8548,5.3
8549,10.24
8550,13.64
8551,5.3
8552,9.6
8553,11.45
8554,9.06
8555,9.48
8556,11.21
8557,5.3
8558,13.02
8559,5.3
8560,5.3
8561,9.84
8562,8.58
8563,9.32
8564,8.53
8565,10.09
8566,7.88
8567,13.99
8568,10.04
8569,5.3
8570,9.05
8571,8.73
8572,11.51
8573,5.3
8574,10.24
8575,7.9
8576,5.3
8577,13.25
8578,8.32
8579,9.07
8580,9.3
8581,11.48
8582,8.9
8583,15.69
8584,14.57
8585,9.13
8586,14.72
8587,11.7
8588,11.26
8589,8.94
8590,9.49
8591,5.3
8592,9.01
8593,5.3
8594,12.43
8595,9.34
8596,9.72
8597,12.15
8598,12.69
8599,8.49
8600,11.71
8601,5.46
8602,15.58
8603,9.77
8604,7.71
8605,12.47
8606,8.4
8607,11.08
8608,5.3
8609,5.3
8610,16.05
8611,9.49
8612,8.31
8613,9.72
8614,5.3
8615,5.3
8616,14.03
8617,9.75
8618,15.44
8619,9.45
8620,5.3
8621,11.73
8622,13.96
8623,9.95
8624,6.74
8625,9.17
8626,10.63
8627,11.85
8628,11.85
8629,14.24
8630,10.91
8631,10.01
8632,12.0
8633,10.97
8634,12.13
8635,8.67
8636,5.3
8637,5.3
8638,5.3
8639,8.13
8640,7.27
8641,10.56
8642,13.69
8643,6.55
8644,13.85
8645,6.97
8646,9.29
8647,7.91
8648,11.93
8649,8.92
8650,14.19
8651,9.51
8652,11.99
8653,12.57
8654,5.3
8655,8.86
8656,10.39
8657,8.38
8658,9.9
8659,15.56
8660,12.23
8661,10.58
8662,14.7
8663,10.46
8664,10.83
8665,9.43
8666,15.37
8667,18.13
8668,9.72
8669,9.48
8670,10.04
8671,5.3
8672,7.52
8673,9.37
8674,8.62
8675,15.68
8676,9.87
8677,8.92
8678,9.08
8679,11.12
8680,9.39
8681,5.3
8682,16.19
8683,13.9
8684,8.72
8685,10.22
8686,10.42
8687,9.37
8688,13.49
8689,8.5
8690,11.26
8691,9.41
8692,14.67
8693,9.06
8694,11.55
8695,10.77
8696,13.76
8697,9.93
8698,10.13
8699,10.08
8700,8.83
8701,7.16
8702,5.3
8703,12.15
8704,9.96
8705,9.0
8706,14.16
8707,5.3
8708,8.83
8709,9.66
8710,9.05
8711,10.76
8712,9.27
8713,10.65
8714,7.49
8715,13.44
8716,13.38
8717,5.3
8718,5.3
8719,12.26
8720,5.3
8721,7.97
8722,18.0
8723,10.43
8724,5.3
8725,10.73
8726,11.1
8727,8.93
8728,8.39
8729,7.18
8730,15.13
8731,14.68
8732,15.01
8733,8.29
8734,10.2
8735,5.3
8736,5.3
8737,13.35
8738,9.4
8739,11.47
8740,9.28
8741,9.04
8742,11.14
8743,5.3
8744,8.66
8745,9.34
8746,8.83
8747,9.59
8748,5.3
8749,5.3
8750,5.3
8751,10.2
8752,8.29
8753,11.24
8754,9.31
8755,8.33
8756,5.3
8757,9.21
8758,8.5
8759,13.9
8760,10.13
8761,11.08
8762,9.61
8763,7.64
8764,11.74
8765,9.55
8766,13.6
8767,9.39
8768,8.18
8769,12.94
8770,10.93
8771,9.45
8772,10.12
8773,10.93
8774,14.88
8775,5.3
8776,5.3
8777,9.36
8778,11.44
8779,5.3
8780,12.24
8781,8.98
8782,9.56
8783,5.3
8784,12.52
8785,10.81
8786,5.05
8787,9.54
8788,10.7
8789,5.3
8790,7.99
8791,9.33
8792,11.49
8793,14.46
8794,5.3
8795,11.76
8796,9.49
8797,11.96
8798,11.24
8799,14.9
8800,13.36
8801,14.08
8802,12.22
8803,9.86
8804,5.3
8805,9.1
8806,6.26
8807,10.17
8808,9.96
8809,5.3
8810,11.91
8811,5.3
8812,8.91
8813,5.3
8814,10.91
8815,9.43
8816,8.76
8817,12.84
8818,8.83
8819,9.72
8820,9.19
8821,14.04
8822,5.3
8823,5.3
8824,5.3
8825,7.01
8826,11.21
8827,5.3
8828,8.55
8829,13.97
8830,5.3
8831,9.75
8832,5.3
8833,13.93
8834,13.65
8835,9.04
8836,12.83
8837,9.33
8838,9.36
8839,8.95
8840,7.83
8841,5.3
8842,8.39
8843,5.3
8844,6.67
8845,8.4
8846,9.26
8847,10.25
8848,9.28
8849,9.5
8850,9.54
8851,8.91
8852,5.3
8853,11.78
8854,11.81
8855,8.39
8856,9.78
8857,9.54
8858,14.74
8859,5.3
8860,7.63
8861,11.15
8862,5.3
8863,8.39
8864,9.61
8865,16.64
8866,10.65
8867,11.93
8868,9.74
8869,11.4
8870,8.86
8871,9.55
8872,11.29
8873,8.91
8874,5.3
8875,9.98
8876,10.82
8877,14.69
8878,8.98
8879,10.37
8880,8.98
8881,11.83
8882,16.16
8883,10.04
8884,14.34
8885,5.3
8886,16.0
8887,6.92
8888,5.3
8889,11.86
8890,9.1
8891,9.64
8892,5.3
8893,13.42
8894,9.15
8895,8.92
8896,13.9
8897,9.54
8898,8.76
8899,8.93
8900,8.25
8901,9.12
8902,9.54
8903,7.74
8904,9.63
8905,10.03
8906,13.21
8907,5.3
8908,8.6
8909,11.14
8910,9.08
8911,8.25
8912,12.24
8913,10.38
8914,5.3
8915,9.21
8916,5.3
8917,10.13
8918,8.31
8919,14.11
8920,13.06
8921,13.68
8922,12.72
8923,5.3
8924,5.3
8925,10.25
8926,9.45
8927,11.34
8928,14.5
8929,12.86
8930,5.3
8931,9.15
8932,15.08
8933,6.28
8934,14.66
8935,9.63
8936,9.06
8937,5.3
8938,15.13
8939,5.3
8940,11.13
8941,7.85
8942,9.47
8943,5.3
8944,8.32
8945,9.42
8946,5.3
8947,8.82
8948,11.81
8949,9.88
8950,12.34
8951,5.3
8952,5.83
8953,5.3
8954,8.84
8955,13.17
8956,9.44
8957,10.58
8958,8.07
8959,8.14
8960,16.02
8961,8.6
8962,8.61
8963,5.3
8964,5.3
8965,10.99
8966,10.58
8967,13.07
8968,7.47
8969,13.53
8970,9.03
8971,9.87
8972,13.97
8973,8.89
8974,9.04
8975,13.92
8976,5.3
8977,12.98
8978,13.32
8979,12.55
8980,8.58
8981,8.61
8982,9.37
8983,9.97
8984,14.03
8985,13.62
8986,5.3
8987,11.72
8988,9.73
8989,5.3
8990,9.3
8991,5.3
8992,16.01
8993,5.3
8994,8.95
8995,9.01
8996,10.75
8997,8.37
8998,9.77
8999,8.17
9000,9.71
9001,9.37
9002,10.7
9003,8.49
9004,8.97
9005,8.75
9006,9.22
9007,8.94
9008,13.32
9009,12.58
9010,8.91
9011,9.36
9012,5.3
9013,9.32
9014,8.55
9015,13.23
9016,9.27
9017,13.72
9018,11.67
9019,6.76
9020,5.3
9021,12.24
9022,5.3
9023,5.3
9024,5.3
9025,8.34
9026,9.05
9027,5.3
9028,5.3
9029,15.0
9030,8.99
9031,9.9
9032,5.3
9033,16.52
9034,8.92
9035,5.3
9036,15.49
9037,5.3
9038,14.85
9039,10.23
9040,10.05
9041,10.36
9042,8.46
9043,5.3
9044,8.32
9045,8.84
9046,8.14
9047,5.3
9048,5.3
9049,9.18
9050,11.35
9051,11.58
9052,7.7
9053,13.93
9054,8.34
9055,5.3
9056,9.63
9057,9.83
9058,8.36
9059,14.11
9060,12.08
9061,9.77
9062,9.43
9063,9.12
9064,9.2
9065,11.9
9066,6.95
9067,9.86
9068,11.92
9069,8.78
9070,15.85
9071,9.74
9072,9.73
9073,8.83
9074,12.28
9075,13.19
9076,12.77
9077,5.3
9078,8.58
9079,5.3
9080,12.14
9081,9.13
9082,5.3
9083,9.57
9084,8.85
9085,9.47
9086,8.53
9087,11.41
9088,6.05
9089,8.8
9090,12.2
9091,11.07
9092,11.9
9093,8.94
9094,5.3
9095,12.03
9096,9.41
9097,5.3
9098,5.3
9099,7.32
9100,7.49
9101,8.7
9102,11.56
9103,9.12
9104,10.17
9105,8.56
9106,9.2
9107,8.99
9108,5.3
9109,9.57
9110,5.3
9111,9.43
9112,14.13
9113,8.86
9114,9.23
9115,12.22
9116,9.31
9117,5.3
9118,13.96
9119,8.97
9120,5.3
9121,7.4
9122,9.36
9123,9.65
9124,8.8
9125,8.34
9126,12.37
9127,8.12
9128,9.57
9129,7.34
9130,11.94
9131,8.54
9132,9.49
9133,8.37
9134,5.3
9135,13.99
9136,13.58
9137,8.12
9138,15.6
9139,12.87
9140,9.08
9141,11.89
9142,5.3
9143,9.17
9144,9.17
9145,5.3
9146,9.78
9147,5.3
9148,8.39
9149,9.87
9150,8.6
9151,10.74
9152,14.07
9153,16.25
9154,5.3
9155,9.6
9156,8.61
9157,5.3
9158,5.3
9159,5.3
9160,8.52
9161,5.3
9162,13.83
9163,5.3
9164,12.6
9165,5.3
9166,12.15
9167,9.97
9168,8.78
9169,5.3
9170,10.93
9171,5.3
9172,10.02
9173,12.35
9174,16.68
9175,13.72
9176,13.0
9177,5.3
9178,5.3
9179,7.23
9180,8.75
9181,11.37
9182,5.3
9183,9.34
9184,5.3
9185,9.85
9186,14.05
9187,9.49
9188,9.98
9189,9.11
9190,10.47
9191,15.31
9192,9.11
9193,8.86
9194,9.25
9195,10.94
9196,8.75
9197,5.54
9198,9.16
9199,5.3
9200,13.68
9201,5.3
9202,8.83
9203,11.46
9204,8.88
9205,10.21
9206,8.76
9207,9.86
9208,6.32
9209,14.96
9210,9.21
9211,15.6
9212,13.46
9213,8.18
9214,8.46
9215,9.5
9216,5.3
9217,8.69
9218,9.48
9219,9.16
9220,10.29
9221,9.41
9222,11.91
9223,10.68
9224,9.58
9225,8.77
9226,13.03
9227,13.8
9228,11.19
9229,11.15
9230,8.91
9231,9.34
9232,5.3
9233,9.05
9234,11.49
9235,5.3
9236,13.53
9237,8.82
9238,7.41
9239,5.3
9240,5.3
9241,10.02
9242,10.89
9243,11.4
9244,12.75
9245,12.35
9246,8.56
9247,12.7
9248,10.34
9249,5.3
9250,10.16
9251,9.39
9252,9.02
9253,10.0
9254,13.12
9255,9.42
9256,9.53
9257,5.3
9258,7.78
9259,9.99
9260,5.3
9261,5.3
9262,5.3
9263,14.53
9264,7.92
9265,8.84
9266,12.42
9267,9.41
9268,11.16
9269,5.3
9270,6.65
9271,12.17
9272,8.14
9273,10.4
9274,12.91
9275,8.63
9276,14.14
9277,6.58
9278,7.96
9279,9.45
9280,9.65
9281,15.23
9282,8.79
9283,5.3
9284,5.3
9285,9.34
9286,9.76
9287,9.67
9288,8.76
9289,15.45
9290,12.21
9291,8.41
9292,11.57
9293,14.62
9294,9.34
9295,9.23
9296,16.36
9297,14.21
9298,9.45
9299,5.3
9300,5.3
9301,5.3
9302,11.1
9303,8.18
9304,5.3
9305,11.58
9306,14.41
9307,9.55
9308,10.28
9309,9.87
9310,11.5
9311,8.84
9312,9.41
9313,8.23
9314,8.77
9315,13.37
9316,9.3
9317,9.12
9318,12.97
9319,9.84
9320,12.93
9321,9.29
9322,5.3
9323,16.18
9324,11.23
9325,9.77
9326,12.0
9327,11.79
9328,5.3
9329,5.3
9330,9.1
9331,5.3
9332,5.3
9333,9.51
9334,5.3
9335,5.3
9336,9.58
9337,8.83
9338,14.47
9339,14.23
9340,5.3
9341,5.3
9342,9.84
9343,8.97
9344,8.35
9345,15.96
9346,9.72
9347,12.45
9348,5.3
9349,9.35
9350,10.75
9351,9.09
9352,5.3
9353,5.3
9354,12.56
9355,13.6
9356,9.17
9357,5.3
9358,8.59
9359,14.27
9360,8.27
9361,5.3
9362,5.3
9363,5.3
9364,8.64
9365,5.3
9366,14.44
9367,5.3
9368,5.3
9369,13.42
9370,13.6
9371,13.18
9372,9.43
9373,8.11
9374,9.39
9375,8.69
9376,9.15
9377,9.28
9378,7.92
9379,5.3
9380,9.42
9381,12.2
9382,11.02
9383,9.48
9384,10.22
9385,15.77
9386,9.79
9387,13.66
9388,13.29
9389,16.24
9390,5.3
9391,13.63
9392,13.97
9393,13.93
9394,10.8
9395,6.6
9396,15.18
9397,8.6
9398,15.64
9399,10.13
9400,5.3
9401,9.43
9402,9.58
9403,9.1
9404,14.2
9405,7.74
9406,14.78
9407,5.3
9408,15.02
9409,8.54
9410,8.87
9411,13.8
9412,11.86
9413,8.15
9414,5.3
9415,9.58
9416,5.3
9417,9.38
9418,5.3
9419,10.11
9420,17.85
9421,11.2
9422,10.25
9423,5.3
9424,10.97
9425,11.11
9426,12.18
9427,9.23
9428,5.3
9429,9.86
9430,9.48
9431,15.37
9432,9.97
9433,13.58
9434,9.13
9435,9.51
9436,10.4
9437,9.63
9438,8.64
9439,15.02
9440,5.3
9441,10.34
9442,9.32
9443,9.23
9444,12.96
9445,5.3
9446,15.58
9447,11.4
9448,5.3
9449,10.48
9450,13.9
9451,11.22
9452,11.83
9453,14.06
9454,14.41
9455,8.06
9456,8.5
9457,12.94
9458,5.3
9459,9.89
9460,5.3
9461,5.3
9462,12.92
9463,6.61
9464,14.68
9465,5.71
9466,10.57
9467,7.66
9468,5.3
9469,9.79
9470,15.33
9471,5.3
9472,9.59
9473,13.21
9474,13.87
9475,14.74
9476,14.81
9477,13.89
9478,5.3
9479,9.12
9480,13.08
9481,9.78
9482,8.38
9483,11.11
9484,8.56
9485,9.2
9486,10.35
9487,5.3
9488,9.41
9489,5.3
9490,9.37
9491,13.5
9492,14.94
9493,7.69
9494,10.88
9495,8.59
9496,15.25
9497,5.3
9498,5.3
9499,13.84
9500,14.2
9501,8.03
9502,8.83
9503,13.21
9504,16.25
9505,9.47
9506,5.3
9507,8.55
9508,18.13
9509,14.03
9510,8.22
9511,13.77
9512,9.07
9513,14.44
9514,8.08
9515,5.3
9516,12.3
9517,11.17
9518,8.87
9519,9.55
9520,8.52
9521,14.35
9522,12.88
9523,9.09
9524,5.3
9525,10.09
9526,14.6
9527,9.82
9528,5.3
9529,8.52
9530,11.73
9531,8.44
9532,12.71
9533,8.35
9534,13.89
9535,15.49
9536,5.3
9537,8.23
9538,14.37
9539,8.58
9540,8.87
9541,8.95
9542,11.64
9543,5.3
9544,13.66
9545,9.85
9546,5.3
9547,9.05
9548,13.34
9549,5.3
9550,15.64
9551,8.16
9552,9.09
9553,16.89
9554,5.3
9555,9.1
9556,7.87
9557,15.42
9558,8.29
9559,13.83
9560,5.3
9561,12.09
9562,8.38
9563,11.64
9564,13.66
9565,9.89
9566,14.11
9567,13.72
9568,9.48
9569,5.3
9570,5.3
9571,12.36
9572,17.01
9573,9.56
9574,12.69
9575,9.53
9576,14.13
9577,8.87
9578,9.3
9579,5.3
9580,9.61
9581,8.77
9582,9.42
9583,15.3
9584,5.3
9585,9.38
9586,10.31
9587,11.94
9588,5.3
9589,10.67
9590,10.52
9591,8.76
9592,5.3
9593,13.54
9594,8.33
9595,10.4
9596,11.8
9597,8.74
9598,9.46
9599,13.75
9600,9.1
9601,7.79
9602,9.69
9603,10.1
9604,5.3
9605,9.54
9606,8.69
9607,8.8
9608,5.3
9609,10.11
9610,8.52
9611,5.3
9612,8.71
9613,10.23
9614,15.02
9615,9.7
9616,5.54
9617,13.72
9618,12.21
9619,5.3
9620,10.44
9621,10.94
9622,8.19
9623,8.32
9624,11.1
9625,8.58
9626,13.21
9627,8.25
9628,5.3
9629,9.9
9630,11.78
9631,9.05
9632,12.11
9633,11.71
9634,8.67
9635,8.84
9636,8.98
9637,5.3
9638,8.3
9639,8.18
9640,5.3
9641,5.3
9642,8.5
9643,8.08
9644,14.25
9645,13.18
9646,13.55
9647,5.3
9648,9.75
9649,11.12
9650,9.9
9651,10.57
9652,10.21
9653,5.3
9654,9.68
9655,13.35
9656,5.3
9657,16.3
9658,9.09
9659,10.88
9660,9.28
9661,13.1
9662,9.01
9663,5.3
9664,5.3
9665,16.26
9666,9.2
9667,9.06
9668,5.3
9669,10.32
9670,5.3
9671,9.53
9672,14.81
9673,9.92
9674,8.61
9675,5.3
9676,14.63
9677,8.49
9678,11.91
9679,9.77
9680,11.6
9681,12.94
9682,8.53
9683,11.17
9684,14.86
9685,8.64
9686,5.3
9687,9.8
9688,10.56
9689,9.3
9690,5.3
9691,5.68
9692,5.08
9693,8.7
9694,12.29
9695,9.2
9696,9.24
9697,9.76
9698,12.63
9699,5.3
9700,14.74
9701,8.53
9702,13.37
9703,12.75
9704,9.62
9705,5.3
9706,9.67
9707,8.87
9708,5.3
9709,8.85
9710,9.13
9711,10.66
9712,9.9
9713,8.83
9714,5.3
9715,5.3
9716,9.34
9717,8.38
9718,9.08
9719,10.18
9720,12.55
9721,9.2
9722,13.84
9723,11.33
9724,9.33
9725,14.36
9726,5.3
9727,9.73
9728,5.3
9729,8.81
9730,13.41
9731,7.9
9732,8.96
9733,8.53
9734,13.84
9735,11.0
9736,9.18
9737,12.13
9738,11.85
9739,5.3
9740,9.53
9741,11.72
9742,8.69
9743,8.82
9744,9.13
9745,5.3
9746,5.3
9747,10.04
9748,8.64
9749,5.3
9750,8.03
9751,13.68
9752,9.01
9753,8.93
9754,10.07
9755,12.63
9756,15.32
9757,9.22
9758,8.36
9759,9.51
9760,8.46
9761,10.0
9762,8.74
9763,11.56
9764,8.15
9765,8.86
9766,14.46
9767,10.53
9768,14.44
9769,12.63
9770,5.3
9771,8.79
9772,13.46
9773,5.3
9774,15.09
9775,8.16
9776,5.3
9777,15.98
9778,12.07
9779,12.23
9780,14.34
9781,15.47
9782,12.88
9783,12.39
9784,9.32
9785,8.92
9786,13.59
9787,5.3
9788,10.37
9789,5.3
9790,13.57
9791,9.74
9792,12.91
9793,5.3
9794,5.3
9795,8.69
9796,8.86
9797,9.89
9798,11.49
9799,11.71
9800,15.92
9801,5.3
9802,5.3
9803,9.25
9804,11.27
9805,9.0
9806,5.3
9807,8.82
9808,9.39
9809,15.25
9810,9.17
9811,12.16
9812,5.3
9813,8.84
9814,9.25
9815,9.51
9816,5.3
9817,11.0
9818,9.93
9819,9.1
9820,9.0
9821,13.78
9822,12.17
9823,6.93
9824,10.64
9825,5.3
9826,14.4
9827,5.3
9828,8.85
9829,9.98
9830,12.12
9831,8.03
9832,8.67
9833,10.18
9834,9.19
9835,5.3
9836,11.35
9837,19.27
9838,5.3
9839,15.67
9840,12.96
9841,11.0
9842,10.68
9843,13.91
9844,8.56
9845,5.3
9846,8.75
9847,14.07
9848,9.33
9849,8.46
9850,5.3
9851,8.21
9852,8.96
9853,8.07
9854,9.06
9855,8.21
9856,14.06
9857,8.31
9858,15.66
9859,5.3
9860,9.06
9861,20.25
9862,5.3
9863,5.3
9864,10.04
9865,8.41
9866,9.01
9867,5.3
9868,9.14
9869,11.27
9870,8.54
9871,14.9
9872,9.67
9873,14.27
9874,5.3
9875,5.3
9876,8.47
9877,5.3
9878,11.01
9879,13.07
9880,9.35
9881,8.97
9882,5.3
9883,8.6
9884,5.3
9885,9.73
9886,8.13
9887,8.91
9888,9.46
9889,5.3
9890,8.35
9891,5.3
9892,8.41
9893,8.21
9894,10.98
9895,9.44
9896,10.46
9897,5.3
9898,12.95
9899,5.3
9900,9.98
9901,13.89
9902,13.94
9903,10.24
9904,13.96
9905,5.3
9906,10.58
9907,8.53
9908,9.84
9909,8.41
9910,5.3
9911,5.3
9912,13.92
9913,5.3
9914,5.3
9915,5.3
9916,5.3
9917,8.93
9918,5.3
9919,5.3
9920,8.86
9921,13.6
9922,8.72
9923,11.2
9924,8.1
9925,11.17
9926,8.18
9927,9.66
9928,9.83
9929,8.26
9930,12.68
9931,10.0
9932,9.65
9933,5.3
9934,9.38
9935,9.89
9936,5.3
9937,8.27
9938,8.42
9939,13.9
9940,8.85
9941,9.12
9942,15.18
9943,5.3
9944,5.3
9945,10.0
9946,5.3
9947,5.3
9948,5.3
9949,13.94
9950,8.51
9951,9.42
9952,13.8
9953,12.03
9954,5.3
9955,13.29
9956,12.0
9957,7.07
9958,11.63
9959,11.29
9960,9.61
9961,8.94
9962,10.01
9963,8.66
9964,5.3
9965,9.26
9966,19.03
9967,13.83
9968,5.3
9969,5.3
9970,10.42
9971,9.09
9972,11.37
9973,5.3
9974,9.8
9975,9.01
9976,12.99
9977,12.96
9978,9.28
9979,8.89
9980,9.48
9981,12.15
9982,10.71
9983,5.3
9984,9.14
9985,5.3
9986,13.59
9987,11.04
9988,9.13
9989,11.56
9990,5.3
9991,13.14
9992,7.07
9993,9.65
9994,9.27
9995,8.66
9996,7.54
9997,10.68
9998,5.3
9999,5.3
10000,5.3
10001,12.21
10002,11.96
10003,13.06
10004,9.19
10005,8.98
10006,10.88
10007,5.3
10008,11.06
10009,8.42
10010,10.78
10011,9.34
10012,13.43
10013,9.01
10014,5.3
10015,9.95
10016,14.28
10017,8.2
10018,8.92
10019,11.3
10020,5.3
10021,12.04
10022,10.32
10023,9.45
10024,10.22
10025,13.02
10026,12.09
10027,10.9
10028,11.45
10029,8.89
10030,10.97
10031,10.83
10032,9.78
10033,10.99
10034,7.54
10035,14.99
10036,5.3
10037,5.2
10038,9.52
10039,8.06
10040,10.23
10041,9.27
10042,14.17
10043,5.3
10044,9.07
10045,11.56
10046,9.04
10047,10.64
10048,9.5
10049,7.96
10050,8.7
10051,14.09
10052,10.55
10053,15.59
10054,9.44
10055,12.02
10056,10.4
10057,5.3
10058,12.39
10059,12.17
10060,13.86
10061,8.69
10062,12.53
10063,9.49
10064,11.38
10065,14.52
10066,11.25
10067,9.3
10068,7.19
10069,9.14
10070,5.3
10071,8.6
10072,8.93
10073,10.59
10074,8.96
10075,8.41
10076,10.24
10077,12.35
10078,8.65
10079,9.22
10080,10.64
10081,13.69
10082,8.38
10083,9.48
10084,12.82
10085,8.4
10086,9.41
10087,14.02
10088,10.96
10089,12.2
10090,9.54
10091,9.37
10092,9.28
10093,15.22
10094,10.61
10095,8.31
10096,9.12
10097,9.82
10098,11.08
10099,8.11
10100,10.47
10101,11.45
10102,11.99
10103,10.76
10104,14.49
10105,12.84
10106,12.4
10107,9.51
10108,14.0
10109,10.74
10110,11.59
10111,8.49
10112,9.53
10113,8.48
10114,13.66
10115,5.3
10116,8.78
10117,5.3
10118,5.3
10119,11.6
10120,9.99
10121,8.8
10122,15.11
10123,7.4
10124,11.87
10125,5.3
10126,10.67
10127,9.56
10128,9.2
10129,9.96
10130,9.93
10131,9.65
10132,10.87
10133,7.3
10134,14.07
10135,5.3
10136,7.47
10137,12.24
10138,8.61
10139,11.93
10140,5.3
10141,5.3
10142,9.42
10143,12.41
10144,7.56
10145,5.3
10146,11.68
10147,8.53
10148,9.31
10149,10.11
10150,13.39
10151,8.59
10152,15.99
10153,10.85
10154,5.3
10155,5.3
10156,12.35
10157,5.3
10158,9.54
10159,5.3
10160,9.63
10161,13.66
10162,9.89
10163,15.33
10164,10.09
10165,12.72
10166,14.7
10167,5.3
10168,11.39
10169,9.74
10170,13.26
10171,10.23
10172,10.32
10173,14.64
10174,10.98
10175,9.24
10176,15.66
10177,8.34
10178,8.89
10179,13.75
10180,11.34
10181,7.86
10182,8.08
10183,5.3
10184,12.18
10185,13.12
10186,9.75
10187,9.55
10188,9.67
10189,5.49
10190,9.45
10191,5.3
10192,9.83
10193,5.3
10194,12.34
10195,5.3
10196,9.29
10197,8.91
10198,11.62
10199,10.3
10200,8.81
10201,6.55
10202,9.86
10203,7.39
10204,9.97
10205,5.3
10206,7.58
10207,11.69
10208,12.18
10209,14.31
10210,8.79
10211,8.36
10212,5.3
10213,5.3
10214,9.76
10215,11.69
10216,9.13
10217,9.43
10218,5.3
10219,9.21
10220,5.3
10221,8.75
10222,9.37
10223,6.08
10224,8.43
10225,8.54
10226,7.92
10227,9.53
10228,10.51
10229,9.6
10230,8.23
10231,13.19
10232,9.49
10233,8.47
10234,10.11
10235,14.23
10236,12.63
10237,15.48
10238,8.49
10239,12.56
10240,15.86
10241,5.74
10242,14.81
10243,5.78
10244,11.06
10245,5.3
10246,12.27
10247,9.15
10248,10.4
10249,9.0
10250,12.2
10251,7.81
10252,12.12
10253,9.8
10254,11.6
10255,14.88
10256,5.3
10257,11.79
10258,11.88
10259,9.58
10260,5.3
10261,5.3
10262,5.94
10263,13.84
10264,5.3
10265,9.11
10266,10.95
10267,8.93
10268,9.1
10269,5.3
10270,8.58
10271,8.11
10272,6.97
10273,9.25
10274,13.61
10275,9.09
10276,9.17
10277,7.84
10278,13.57
10279,9.02
10280,10.57
10281,7.77
10282,14.06
10283,12.44
10284,10.26
10285,5.84
10286,9.08
10287,13.47
10288,10.96
10289,9.33
10290,9.36
10291,8.77
10292,8.83
10293,12.9
10294,9.11
10295,5.3
10296,12.35
10297,5.3
10298,14.99
10299,14.47
10300,17.69
10301,5.3
10302,13.3
10303,16.21
10304,5.3
10305,13.63
10306,15.16
10307,10.09
10308,9.54
10309,7.59
10310,8.43
10311,9.69
10312,9.3
10313,5.3
10314,4.89
10315,13.31
10316,8.87
10317,5.3
10318,5.3
10319,9.91
10320,8.59
10321,9.82
10322,14.3
10323,15.01
10324,11.29
10325,9.72
10326,5.3
10327,8.96
10328,9.34
10329,5.3
10330,5.3
10331,15.16
10332,5.3
10333,8.85
10334,11.39
10335,9.6
10336,5.3
10337,5.3
10338,15.61
10339,13.91
10340,10.83
10341,13.86
10342,13.38
10343,11.6
10344,5.3
10345,5.3
10346,15.29
10347,9.42
10348,13.3
10349,8.54
10350,8.61
10351,9.77
10352,5.3
10353,9.22
10354,9.18
10355,10.69
10356,9.43
10357,5.3
10358,8.71
10359,10.77
10360,9.47
10361,16.0
10362,5.3
10363,8.88
10364,5.3
10365,14.56
10366,11.52
10367,8.59
10368,7.75
10369,9.09
10370,9.9
10371,10.97
10372,9.87
10373,11.58
10374,5.3
10375,14.47
10376,10.75
10377,8.39
10378,12.22
10379,15.6
10380,12.19
10381,8.83
10382,5.3
10383,9.52
10384,11.16
10385,5.3
10386,11.32
10387,14.58
10388,9.79
10389,6.52
10390,5.3
10391,14.36
10392,5.3
10393,12.97
10394,13.33
10395,14.21
10396,13.82
10397,10.56
10398,11.79
10399,11.94
10400,9.47
10401,14.53
10402,5.3
10403,8.85
10404,10.04
10405,9.11
10406,5.3
10407,13.39
10408,8.65
10409,11.37
10410,13.73
10411,7.32
10412,12.11
10413,10.36
10414,9.82
10415,8.78
10416,12.41
10417,5.3
10418,8.69
10419,12.83
10420,9.86
10421,11.02
10422,9.59
10423,10.12
10424,9.08
10425,5.3
10426,13.65
10427,13.88
10428,13.14
10429,12.99
10430,5.3
10431,8.82
10432,5.3
10433,12.33
10434,9.65
10435,9.77
10436,5.3
10437,9.36
10438,9.87
10439,5.3
10440,11.52
10441,12.63
10442,9.71
10443,10.12
10444,8.83
10445,8.76
10446,9.51
10447,11.93
10448,9.65
10449,14.07
10450,13.95
10451,9.17
10452,12.78
10453,15.24
10454,11.91
10455,7.64
10456,8.65
10457,18.55
10458,7.67
10459,10.32
10460,14.87
10461,11.3
10462,11.19
10463,5.3
10464,8.95
10465,8.99
10466,8.58
10467,12.18
10468,5.3
10469,13.89
10470,9.41
10471,10.19
10472,13.22
10473,13.76
10474,8.88
10475,8.33
10476,10.58
10477,7.85
10478,9.23
10479,13.78
10480,9.15
10481,9.62
10482,5.3
10483,12.23
10484,8.85
10485,9.64
10486,13.63
10487,9.44
10488,8.02
10489,16.58
10490,12.98
10491,10.22
10492,9.65
10493,5.3
10494,11.69
10495,9.31
10496,5.3
10497,5.3
10498,13.26
10499,13.34
10500,5.3
10501,15.37
10502,11.11
10503,9.41
10504,9.71
10505,14.3
10506,11.73
10507,9.73
10508,11.89
10509,6.28
10510,10.84
10511,9.81
10512,9.16
10513,9.59
10514,11.27
10515,10.99
10516,11.45
10517,10.2
10518,12.37
10519,9.26
10520,14.63
10521,10.98
10522,10.27
10523,5.3
10524,8.43
10525,11.78
10526,10.33
10527,9.66
10528,8.67
10529,11.1
10530,12.17
10531,9.65
10532,6.18
10533,9.52
10534,13.9
10535,9.37
10536,9.13
10537,9.08
10538,5.3
10539,10.07
10540,5.3
10541,9.08
10542,13.31
10543,9.05
10544,8.76
10545,12.08
10546,12.71
10547,14.01
10548,9.04
10549,5.3
10550,13.98
10551,8.14
10552,5.3
10553,9.03
10554,10.9
10555,15.75
10556,5.3
10557,8.66
10558,8.11
10559,10.7
10560,9.16
10561,9.46
10562,12.23
10563,11.07
10564,13.49
10565,16.31
10566,5.3
10567,9.77
10568,12.0
10569,9.26
10570,5.3
10571,12.16
10572,5.3
10573,5.3
10574,8.34
10575,8.62
10576,5.3
10577,11.74
10578,9.56
10579,10.85
10580,7.67
10581,10.66
10582,8.8
10583,5.3
10584,5.3
10585,8.6
10586,12.14
10587,9.0
10588,11.09
10589,11.03
10590,13.61
10591,8.35
10592,14.15
10593,13.18
10594,7.3
10595,6.87
10596,8.68
10597,9.32
10598,9.78
10599,9.42
10600,5.3
10601,5.3
10602,11.52
10603,10.82
10604,9.0
10605,9.78
10606,14.96
10607,17.51
10608,9.08
10609,11.86
10610,10.69
10611,14.21
10612,9.47
10613,5.3
10614,9.48
10615,10.0
10616,5.3
10617,5.3
10618,5.3
10619,9.41
10620,14.22
10621,5.3
10622,10.64
10623,12.03
10624,11.97
10625,5.3
10626,5.3
10627,5.3
10628,12.24
10629,9.64
10630,9.18
10631,18.35
10632,13.3
10633,5.3
10634,7.31
10635,8.78
10636,5.3
10637,5.3
10638,16.88
10639,9.21
10640,14.17
10641,5.3
10642,5.3
10643,5.3
10644,13.81
10645,11.19
10646,10.98
10647,9.25
10648,14.27
10649,8.85
10650,8.58
10651,13.07
10652,5.3
10653,10.84
10654,11.69
10655,9.08
10656,15.29
10657,5.3
10658,9.57
10659,9.71
10660,14.65
10661,9.65
10662,12.95
10663,13.12
10664,9.96
10665,13.4
10666,9.83
10667,8.48
10668,12.11
10669,9.34
10670,8.37
10671,8.73
10672,5.3
10673,8.5
10674,5.3
10675,9.37
10676,5.3
10677,5.3
10678,5.3
10679,9.66
10680,8.96
10681,11.76
10682,5.3
10683,11.01
10684,9.31
10685,9.2
10686,13.74
10687,5.3
10688,5.3
10689,10.08
10690,8.81
10691,12.63
10692,12.73
10693,8.75
10694,13.99
10695,13.85
10696,9.4
10697,5.3
10698,5.3
10699,12.9
10700,8.83
10701,17.58
10702,11.13
10703,5.3
10704,9.41
10705,8.76
10706,5.3
10707,10.11
10708,11.03
10709,11.19
10710,14.93
10711,10.62
10712,5.3
10713,12.9
10714,5.3
10715,9.52
10716,11.47
10717,8.14
10718,5.3
10719,11.41
10720,12.77
10721,12.87
10722,10.09
10723,5.3
10724,11.31
10725,9.36
10726,9.54
10727,12.89
10728,12.7
10729,8.4
10730,8.47
10731,11.63
10732,8.83
10733,8.91
10734,6.78
10735,13.23
10736,8.54
10737,8.79
10738,8.43
10739,9.51
10740,9.42
10741,11.61
10742,9.09
10743,9.79
10744,9.36
10745,9.01
10746,8.53
10747,11.49
10748,5.3
10749,10.86
10750,9.54
10751,5.3
10752,8.62
10753,9.62
10754,9.83
10755,9.33
10756,5.3
10757,8.67
10758,8.88
10759,14.01
10760,9.05
10761,10.06
10762,9.37
10763,5.3
10764,9.85
10765,10.18
10766,12.24
10767,8.99
10768,9.16
10769,12.61
10770,15.24
10771,5.3
10772,8.53
10773,9.09
10774,11.46
10775,9.58
10776,12.78
10777,12.05
10778,14.18
10779,13.85
10780,5.3
10781,10.59
10782,11.98
10783,8.82
10784,9.25
10785,11.83
10786,5.3
10787,5.22
10788,9.37
10789,15.55
10790,9.46
10791,9.51
10792,10.99
10793,5.3
10794,8.94
10795,8.73
10796,8.7
10797,8.74
10798,10.86
10799,10.86
10800,11.1
10801,5.3
10802,9.79
10803,9.84
10804,5.3
10805,5.3
10806,5.3
10807,5.3
10808,14.25
10809,8.36
10810,13.4
10811,12.51
10812,8.99
10813,11.09
10814,10.46
10815,5.3
10816,12.31
10817,12.27
10818,9.57
10819,13.27
10820,9.72
10821,13.93
10822,19.18
10823,5.3
10824,11.24
10825,8.7
10826,14.06
10827,10.24
10828,5.3
10829,5.3
10830,5.3
10831,9.13
10832,9.91
10833,8.75
10834,11.44
10835,9.23
10836,13.1
10837,9.17
10838,8.62
10839,8.18
10840,9.87
10841,5.3
10842,9.17
10843,8.41
10844,5.3
10845,9.56
10846,9.38
10847,11.05
10848,9.73
10849,9.92
10850,14.0
10851,9.33
10852,8.91
10853,9.35
10854,7.08
10855,9.25
10856,9.57
10857,5.3
10858,12.31
10859,9.07
10860,8.83
10861,5.3
10862,13.53
10863,9.8
10864,12.75
10865,10.19
10866,11.85
10867,5.3
10868,13.97
10869,9.6
10870,8.44
10871,5.3
10872,9.46
10873,11.52
10874,9.25
10875,14.07
10876,5.3
10877,9.56
10878,9.64
10879,5.3
10880,14.88
10881,15.86
10882,11.76
10883,13.33
10884,9.05
10885,13.54
10886,5.3
10887,5.3
10888,12.68
10889,8.24
10890,5.3
10891,9.75
10892,8.71
10893,14.76
10894,10.44
10895,15.54
10896,5.3
10897,8.63
10898,13.64
10899,5.3
10900,11.08
10901,5.3
10902,5.3
10903,9.83
10904,11.31
10905,8.72
10906,12.47
10907,12.62
10908,5.3
10909,9.14
10910,5.3
10911,10.59
10912,11.86
10913,9.17
10914,6.98
10915,9.1
10916,16.58
10917,15.39
10918,8.61
10919,8.77
10920,13.59
10921,13.3
10922,8.73
10923,5.3
10924,9.14
10925,9.92
10926,5.3
10927,5.3
10928,10.41
10929,12.45
10930,7.61
10931,11.74
10932,5.3
10933,9.56
10934,9.33
10935,14.92
10936,11.76
10937,5.3
10938,11.39
10939,7.9
10940,14.71
10941,9.83
10942,8.84
10943,9.68
10944,14.98
10945,7.5
10946,13.95
10947,5.3
10948,9.42
10949,12.34
10950,13.9
10951,16.98
10952,8.51
10953,14.71
10954,5.3
10955,5.3
10956,16.09
10957,9.58
10958,9.6
10959,12.9
10960,11.22
10961,8.59
10962,13.0
10963,16.92
10964,8.52
10965,5.3
10966,8.71
10967,9.22
10968,11.31
10969,8.82
10970,8.83
10971,10.36
10972,9.46
10973,9.41
10974,5.3
10975,15.11
10976,10.69
10977,10.6
10978,5.3
10979,13.32
10980,9.49
10981,10.14
10982,5.3
10983,9.68
10984,8.41
10985,5.3
10986,9.83
10987,12.78
10988,8.28
10989,12.35
10990,9.81
10991,11.68
10992,5.3
10993,5.3
10994,11.56
10995,14.19
10996,11.99
10997,5.3
10998,15.53
10999,5.3
11000,9.03
11001,5.3
11002,13.18
11003,9.34
11004,9.43
11005,5.3
11006,5.3
11007,8.53
11008,5.71
11009,12.21
11010,8.77
11011,9.39
11012,5.3
11013,5.3
11014,11.17
11015,5.3
11016,9.32
11017,14.31
11018,5.3
11019,5.3
11020,9.58
11021,9.84
11022,16.95
11023,5.3
11024,7.29
11025,9.29
11026,13.85
11027,9.7
11028,13.54
11029,14.99
11030,10.54
11031,8.72
11032,9.18
11033,9.59
11034,9.33
11035,9.49
11036,11.73
11037,5.3
11038,13.82
11039,13.08
11040,9.53
11041,9.26
11042,13.17
11043,15.51
11044,5.3
11045,11.58
11046,8.21
11047,14.65
11048,8.76
11049,11.18
11050,13.92
11051,8.45
11052,5.3
11053,5.3
11054,9.43
11055,9.28
11056,8.59
11057,10.28
11058,5.3
11059,9.41
11060,5.3
11061,5.3
11062,5.3
11063,5.3
11064,15.6
11065,12.52
11066,9.42
11067,5.3
11068,13.08
11069,9.64
11070,14.96
11071,13.81
11072,15.26
11073,13.86
11074,8.72
11075,5.3
11076,5.3
11077,12.15
11078,14.35
11079,12.13
11080,8.99
11081,9.52
11082,9.5
11083,8.61
11084,13.2
11085,5.3
11086,8.55
11087,8.96
11088,13.8
11089,10.62
11090,13.59
11091,18.8
11092,12.64
11093,9.68
11094,8.82
11095,11.22
11096,13.76
11097,11.71
11098,9.09
11099,13.53
11100,9.07
11101,6.02
11102,9.24
11103,13.33
11104,8.36
11105,5.3
11106,15.56
11107,13.72
11108,8.55
11109,8.19
11110,11.27
11111,9.2
11112,11.1
11113,5.3
11114,9.13
11115,8.76
11116,10.26
11117,17.84
11118,5.3
11119,14.94
11120,10.79
11121,8.33
11122,14.07
11123,16.98
11124,5.3
11125,14.81
11126,9.17
11127,5.3
11128,14.87
11129,10.92
11130,13.84
11131,9.46
11132,5.3
11133,14.65
11134,9.06
11135,12.46
11136,9.92
11137,10.69
11138,10.72
11139,13.86
11140,14.04
11141,8.73
11142,10.97
11143,10.45
11144,9.49
11145,14.6
11146,10.95
11147,9.41
11148,5.3
11149,8.77
11150,9.36
11151,13.37
11152,10.47
11153,8.4
11154,16.47
11155,5.3
11156,8.86
11157,8.48
11158,14.48
11159,5.3
11160,8.3
11161,13.7
11162,10.7
11163,5.3
11164,15.5
11165,5.3
11166,11.05
11167,8.24
11168,9.81
11169,10.68
11170,8.25
11171,9.45
11172,5.3
11173,5.3
11174,5.3
11175,8.83
11176,10.47
11177,11.97
11178,10.57
11179,8.24
11180,10.04
11181,5.3
11182,13.79
11183,10.97
11184,8.72
11185,5.3
11186,10.55
11187,13.74
11188,10.91
11189,6.32
11190,8.82
11191,11.38
11192,13.77
11193,5.3
11194,9.29
11195,5.3
11196,14.79
11197,8.31
11198,5.3
11199,9.6
11200,5.3
11201,15.95
11202,9.96
11203,8.95
11204,12.19
11205,13.76
11206,13.37
11207,9.76
11208,11.33
11209,12.56
11210,5.3
11211,10.51
11212,11.77
11213,5.3
11214,5.3
11215,6.76
11216,8.3
11217,13.48
11218,15.78
11219,5.3
11220,5.3
11221,9.75
11222,8.5
11223,5.3
11224,9.7
11225,8.6
11226,9.82
11227,13.83
11228,5.3
11229,14.54
11230,10.08
11231,8.64
11232,10.92
11233,8.76
11234,11.19
11235,9.59
11236,10.77
11237,5.3
11238,12.84
11239,5.3
11240,9.19
11241,8.92
11242,8.3
11243,9.04
11244,14.37
11245,9.91
11246,10.97
11247,9.66
11248,8.29
11249,10.09
11250,5.3
11251,5.3
11252,9.06
11253,9.0
11254,14.55
11255,11.25
11256,12.34
11257,11.35
11258,5.3
11259,10.05
11260,10.73
11261,11.68
11262,9.99
11263,5.3
11264,6.83
11265,5.3
11266,8.99
11267,8.45
11268,9.52
11269,9.47
11270,9.24
11271,11.19
11272,10.12
11273,5.3
11274,9.16
11275,7.84
11276,9.85
11277,5.3
11278,8.99
11279,5.3
11280,9.46
11281,9.18
11282,9.15
11283,10.33
11284,8.61
11285,9.26
11286,5.3
11287,8.6
11288,5.3
11289,5.3
11290,5.3
11291,8.53
11292,8.56
11293,16.56
11294,5.3
11295,5.3
11296,14.59
11297,14.66
11298,5.3
11299,8.55
11300,13.68
11301,12.48
11302,12.6
11303,9.27
11304,9.17
11305,13.71
11306,12.17
11307,7.57
11308,5.3
11309,9.85
11310,9.19
11311,9.04
11312,15.04
11313,8.13
11314,9.95
11315,14.63
11316,9.24
11317,9.99
11318,8.24
11319,8.79
11320,7.89
11321,8.83
11322,5.3
11323,11.5
11324,13.89
11325,14.58
11326,13.09
11327,10.74
11328,8.97
11329,8.9
11330,13.4
11331,5.3
11332,9.64
11333,14.62
11334,5.3
11335,8.85
11336,11.47
11337,11.46
11338,8.36
11339,15.5
11340,9.0
11341,12.07
11342,9.72
11343,7.97
11344,8.85
11345,8.69
11346,9.49
11347,9.57
11348,9.26
11349,5.3
11350,5.3
11351,12.83
11352,5.3
11353,12.18
11354,8.71
11355,8.65
11356,10.94
11357,5.3
11358,9.25
11359,13.93
11360,9.27
11361,8.97
11362,10.34
11363,5.3
11364,13.2
11365,7.24
11366,9.4
11367,8.74
11368,5.3
11369,12.7
11370,6.05
11371,7.36
11372,13.6
11373,9.17
11374,9.2
11375,6.38
11376,8.67
11377,11.42
11378,10.53
11379,11.75
11380,11.78
11381,5.3
11382,9.47
11383,14.26
11384,10.9
11385,8.98
11386,15.36
11387,9.01
11388,9.22
11389,6.03
11390,9.97
11391,5.3
11392,14.44
11393,10.66
11394,10.63
11395,9.65
11396,5.3
11397,9.26
11398,12.22
11399,5.3
11400,5.3
11401,9.51
11402,9.3
11403,5.3
11404,10.44
11405,6.59
11406,12.09
11407,17.38
11408,5.3
11409,12.12
11410,9.36
11411,10.06
11412,11.74
11413,13.74
11414,5.3
11415,5.3
11416,11.32
11417,13.7
11418,13.32
11419,8.68
11420,8.14
11421,11.15
11422,13.72
11423,15.54
11424,5.3
11425,9.15
11426,13.62
11427,5.3
11428,12.23
11429,8.79
11430,9.97
11431,9.52
11432,9.84
11433,5.87
11434,8.8
11435,8.11
11436,9.21
11437,8.97
11438,13.89
11439,8.74
11440,11.97
11441,8.59
11442,12.6
11443,14.47
11444,8.76
11445,9.51
11446,9.51
11447,5.3
11448,9.15
11449,14.22
11450,9.59
11451,5.3
11452,5.3
11453,11.51
11454,5.3
11455,12.58
11456,13.33
11457,9.04
11458,9.58
11459,9.93
11460,14.7
11461,12.13
11462,9.62
11463,11.73
11464,10.5
11465,5.3
11466,11.75
11467,7.22
11468,13.66
11469,5.3
11470,8.3
11471,8.06
11472,8.58
11473,9.46
11474,9.25
11475,10.52
11476,6.41
11477,8.6
11478,9.65
11479,5.3
11480,9.9
11481,13.63
11482,5.3
11483,5.3
11484,9.49
11485,12.04
11486,10.14
11487,12.01
11488,12.89
11489,6.05
11490,9.6
11491,14.08
11492,8.72
11493,10.93
11494,13.33
11495,13.07
11496,9.72
11497,5.3
11498,14.53
11499,13.72
11500,8.9
11501,10.26
11502,10.7
11503,10.65
11504,5.3
11505,11.2
11506,12.09
11507,5.3
11508,12.86
11509,9.12
11510,10.21
11511,8.88
11512,8.43
11513,13.55
11514,8.92
11515,10.22
11516,10.52
11517,9.59
11518,10.9
11519,13.72
11520,9.75
11521,5.3
11522,9.85
11523,5.3
11524,5.3
11525,8.99
11526,5.3
11527,10.02
11528,14.12
11529,17.6
11530,12.13
11531,10.35
11532,11.62
11533,9.16
11534,12.83
11535,9.33
11536,11.67
11537,9.39
11538,8.38
11539,16.95
11540,5.3
11541,11.36
11542,14.31
11543,10.07
11544,9.64
11545,5.3
11546,14.65
11547,9.09
11548,5.3
11549,5.3
11550,13.02
11551,5.3
11552,11.53
11553,7.23
11554,11.99
11555,8.58
11556,8.45
11557,13.94
11558,5.3
11559,13.12
11560,9.15
11561,8.9
11562,12.38
11563,9.14
11564,9.14
11565,5.3
11566,10.5
11567,9.13
11568,9.03
11569,5.3
11570,13.56
11571,14.54
11572,9.59
11573,9.47
11574,5.3
11575,12.3
11576,9.11
11577,11.27
11578,9.27
11579,5.3
11580,11.19
11581,13.15
11582,10.45
11583,11.43
11584,9.59
11585,10.89
11586,9.28
11587,9.87
11588,5.3
11589,13.83
11590,5.3
11591,10.6
11592,5.3
11593,9.61
11594,5.3
11595,8.48
11596,15.93
11597,9.56
11598,13.65
11599,12.77
11600,13.72
11601,9.58
11602,9.43
11603,8.79
11604,9.31
11605,10.32
11606,9.29
11607,10.76
11608,9.38
11609,10.01
11610,10.76
11611,5.3
11612,13.03
11613,16.02
11614,9.01
11615,5.3
11616,5.3
11617,5.3
11618,9.75
11619,8.77
11620,12.98
11621,14.46
11622,8.75
11623,5.3
11624,14.32
11625,14.9
11626,10.06
11627,9.62
11628,9.44
11629,10.79
11630,5.3
11631,8.71
11632,5.3
11633,8.79
11634,8.63
11635,13.19
11636,5.3
11637,15.56
11638,9.71
11639,9.69
11640,11.44
11641,11.67
11642,14.09
11643,5.3
11644,13.29
11645,11.67
11646,9.53
11647,8.88
11648,9.51
11649,5.3
11650,5.3
11651,8.65
11652,5.3
11653,5.3
11654,9.04
11655,14.38
11656,9.5
11657,9.37
11658,5.3
11659,9.27
11660,8.04
11661,8.48
11662,14.97
11663,8.86
11664,5.3
11665,7.5
11666,5.3
11667,9.58
11668,11.91
11669,5.3
11670,9.22
11671,9.14
11672,8.75
11673,8.74
11674,7.47
11675,5.3
11676,5.3
11677,5.3
11678,9.69
11679,12.29
11680,9.09
11681,5.3
11682,5.3
11683,9.47
11684,5.3
11685,16.17
11686,5.3
11687,9.65
11688,14.29
11689,14.9
11690,13.22
11691,5.3
11692,9.15
11693,10.0
11694,5.3
11695,9.32
11696,14.32
11697,7.59
11698,11.32
11699,9.17
11700,13.98
11701,8.95
11702,8.63
11703,9.86
11704,10.16
11705,6.44
11706,5.3
11707,9.35
11708,9.52
11709,8.64
11710,9.63
11711,5.3
11712,11.36
11713,8.89
11714,8.3
11715,8.26
11716,8.2
11717,6.98
11718,10.72
11719,5.3
11720,8.17
11721,9.63
11722,9.78
11723,5.3
11724,14.3
11725,10.02
11726,8.66
11727,10.07
11728,10.12
11729,9.71
11730,12.14
11731,17.63
11732,8.31
11733,11.08
11734,5.3
11735,8.51
11736,5.3
11737,7.82
11738,7.42
11739,9.48
11740,7.42
11741,8.7
11742,11.64
11743,5.3
11744,15.01
11745,18.01
11746,5.3
11747,5.3
11748,5.3
11749,15.01
11750,11.49
11751,9.94
11752,8.16
11753,8.71
11754,9.1
11755,8.17
11756,5.3
11757,5.3
11758,9.04
11759,8.6
11760,8.66
11761,14.78
11762,10.02
11763,8.69
11764,9.53
11765,11.17
11766,9.73
11767,5.3
11768,9.24
11769,13.77
11770,5.3
11771,5.3
11772,12.32
11773,16.09
11774,12.68
11775,7.41
11776,5.3
11777,14.12
11778,9.2
11779,13.07
11780,8.77
11781,12.59
11782,15.63
11783,5.3
11784,13.67
11785,8.99
11786,13.31
11787,11.73
11788,10.37
11789,11.14
11790,14.74
11791,16.31
11792,10.72
11793,13.67
11794,11.77
11795,15.47
11796,10.38
11797,9.76
11798,8.15
11799,5.3
11800,9.5
11801,8.83
11802,12.28
11803,8.43
11804,14.32
11805,10.74
11806,8.83
11807,8.74
11808,12.09
11809,5.3
11810,11.87
11811,10.04
11812,5.3
11813,8.8
11814,9.1
11815,8.86
11816,5.3
11817,8.62
11818,8.46
11819,16.42
11820,11.72
11821,5.3
11822,5.3
11823,14.09
11824,9.58
11825,12.19
11826,10.56
11827,5.3
11828,11.14
11829,9.62
11830,5.3
11831,13.62
11832,5.3
11833,5.3
11834,8.69
11835,5.3
11836,9.53
11837,14.03
11838,9.83
11839,7.37
11840,11.73
11841,8.72
11842,5.3
11843,10.26
11844,5.3
11845,13.55
11846,13.98
11847,9.62
11848,8.58
11849,9.21
11850,8.33
11851,13.92
11852,12.41
11853,5.3
11854,10.83
11855,5.3
11856,11.11
11857,8.52
11858,10.49
11859,9.35
11860,12.25
11861,12.52
11862,13.7
11863,8.85
11864,11.47
11865,9.86
11866,9.71
11867,9.35
11868,5.3
11869,5.3
11870,5.3
11871,9.73
11872,9.85
11873,9.47
11874,9.28
11875,8.85
11876,13.4
11877,12.36
11878,10.02
11879,13.64
11880,8.25
11881,8.85
11882,9.71
11883,9.58
11884,12.08
11885,9.56
11886,13.48
11887,10.31
11888,7.02
11889,8.65
11890,11.71
11891,9.89
11892,15.21
11893,7.96
11894,11.94
11895,9.03
11896,5.3
11897,11.76
11898,9.81
11899,15.77
11900,11.55
11901,9.88
11902,9.46
11903,5.3
11904,10.54
11905,5.3
11906,11.74
11907,9.79
11908,8.4
11909,10.5
11910,5.3
11911,8.7
11912,5.3
11913,14.11
11914,5.3
11915,15.75
11916,11.12
11917,5.3
11918,13.98
11919,10.17
11920,5.3
11921,8.97
11922,9.45
11923,8.75
11924,12.09
11925,5.3
11926,8.87
11927,9.54
11928,8.64
11929,5.3
11930,5.3
11931,9.15
11932,14.84
11933,5.3
11934,13.87
11935,11.33
11936,10.88
11937,6.78
11938,10.38
11939,13.43
11940,12.81
11941,9.2
11942,11.4
11943,8.84
11944,11.42
11945,8.82
11946,9.14
11947,9.17
11948,14.47
11949,5.3
11950,12.28
11951,13.93
11952,5.3
11953,13.68
11954,11.3
11955,9.06
11956,9.04
11957,7.73
11958,11.84
11959,8.57
11960,14.16
11961,10.16
11962,5.3
11963,10.18
11964,5.3
11965,9.28
11966,13.06
11967,8.07
11968,15.01
11969,8.65
11970,8.34
11971,9.45
11972,14.18
11973,11.48
11974,9.61
11975,5.3
11976,15.23
11977,10.21
11978,7.88
11979,14.21
11980,9.04
11981,9.78
11982,8.65
11983,5.3
11984,13.3
11985,11.75
11986,13.59
11987,5.3
11988,9.18
11989,8.68
11990,8.96
11991,5.3
11992,8.59
11993,11.33
11994,14.41
11995,5.3
11996,18.27
11997,14.2
11998,12.83
11999,9.16
12000,5.3
12001,13.6
12002,14.18
12003,8.89
12004,12.23
12005,13.23
12006,8.42
12007,9.46
12008,9.16
12009,9.27
12010,5.3
12011,10.34
12012,9.86
12013,9.85
12014,9.66
12015,13.71
12016,9.38
12017,13.57
12018,9.04
12019,9.23
12020,14.66
12021,12.19
12022,13.58
12023,10.17
12024,5.3
12025,5.3
12026,9.3
12027,7.8
12028,9.48
12029,5.3
12030,8.7
12031,6.07
12032,15.51
12033,10.12
12034,5.3
12035,14.62
12036,13.73
12037,5.3
12038,11.13
12039,9.07
12040,5.3
12041,8.57
12042,8.73
12043,9.35
12044,14.27
12045,8.89
12046,9.16
12047,12.07
12048,15.13
12049,13.3
12050,9.98
12051,5.3
12052,10.96
12053,9.98
12054,9.19
12055,13.79
12056,9.53
12057,13.93
12058,13.43
12059,8.43
12060,13.52
12061,13.04
12062,5.3
12063,13.31
12064,14.26
12065,5.3
12066,14.71
12067,11.41
12068,5.3
12069,8.93
12070,8.9
12071,5.3
12072,14.18
12073,13.46
12074,6.12
12075,10.2
12076,7.06
12077,9.86
12078,8.67
12079,15.98
12080,9.56
12081,14.73
12082,8.86
12083,8.91
12084,9.68
12085,11.91
12086,14.4
12087,8.41
12088,13.44
12089,8.41
12090,5.3
12091,5.3
12092,11.67
12093,13.53
12094,14.52
12095,10.1
12096,5.3
12097,9.01
12098,10.04
12099,9.66
12100,9.29
12101,13.45
12102,11.91
12103,5.3
12104,8.89
12105,9.64
12106,5.3
12107,12.19
12108,9.27
12109,7.56
12110,12.37
12111,9.64
12112,5.3
12113,8.6
12114,9.43
12115,10.18
12116,8.74
12117,5.3
12118,5.3
12119,5.3
12120,9.25
12121,9.25
12122,9.19
12123,12.03
12124,9.58
12125,10.05
12126,5.3
12127,10.87
12128,16.45
12129,8.6
12130,8.84
12131,11.41
12132,14.22
12133,5.3
12134,14.32
12135,5.3
12136,14.22
12137,8.6
12138,9.05
12139,8.46
12140,7.84
12141,10.86
12142,5.3
12143,8.47
12144,11.79
12145,15.29
12146,9.39
12147,8.14
12148,10.63
12149,9.74
12150,14.26
12151,8.3
12152,8.99
12153,8.79
12154,14.96
12155,8.47
12156,9.58
12157,8.72
12158,15.14
12159,14.15
12160,9.05
12161,5.3
12162,13.82
12163,9.56
12164,10.1
12165,9.6
12166,12.74
12167,15.62
12168,9.58
12169,8.99
12170,7.27
12171,8.61
12172,9.68
12173,5.3
12174,8.44
12175,9.36
12176,13.84
12177,9.42
12178,9.29
12179,7.1
12180,5.3
12181,8.89
12182,8.58
12183,9.39
12184,15.57
12185,14.16
12186,8.4
12187,10.15
12188,9.04
12189,8.69
12190,9.2
12191,5.3
12192,5.3
12193,5.3
12194,13.96
12195,12.18
12196,13.46
12197,9.36
12198,9.22
12199,11.85
12200,5.3
12201,5.3
12202,10.94
12203,12.19
12204,5.3
12205,14.94
12206,9.14
12207,10.4
12208,5.3
12209,5.3
12210,10.09
12211,8.64
12212,10.83
12213,12.08
12214,5.3
12215,10.72
12216,8.97
12217,10.3
12218,8.9
12219,9.17
12220,5.3
12221,9.26
12222,5.3
12223,9.16
12224,15.16
12225,9.15
12226,9.71
12227,13.48
12228,5.3
12229,5.3
12230,9.3
12231,13.82
12232,13.74
12233,8.62
12234,8.87
12235,12.65
12236,9.11
12237,16.15
12238,5.3
12239,5.3
12240,8.6
12241,11.03
12242,12.04
12243,9.91
12244,8.71
12245,10.21
12246,5.3
12247,5.3
12248,7.46
12249,13.33
12250,5.3
12251,9.71
12252,11.12
12253,10.3
12254,12.08
12255,11.19
12256,8.77
12257,13.15
12258,8.85
12259,5.3
12260,7.72
12261,13.12
12262,8.78
12263,9.0
12264,8.54
12265,13.22
12266,5.3
12267,15.65
12268,10.67
12269,13.47
12270,11.24
12271,5.3
12272,9.45
12273,4.9
12274,9.12
12275,13.41
12276,7.93
12277,5.3
12278,14.51
12279,9.35
12280,10.61
12281,5.3
12282,9.61
12283,8.66
12284,11.62
12285,12.59
12286,9.06
12287,15.72
12288,9.37
12289,13.99
12290,13.35
12291,8.32
12292,15.44
12293,17.33
12294,11.17
12295,5.3
12296,9.37
12297,5.87
12298,5.3
12299,11.43
12300,12.11
12301,17.31
12302,14.56
12303,5.3
12304,17.22
12305,12.71
12306,13.97
12307,9.3
12308,9.74
12309,8.84
12310,5.3
12311,9.38
12312,13.41
12313,5.3
12314,12.05
12315,8.56
12316,11.15
12317,5.3
12318,15.19
12319,5.3
12320,9.56
12321,9.58
12322,5.49
12323,14.47
12324,9.36
12325,8.95
12326,5.3
12327,8.95
12328,12.48
12329,7.35
12330,8.41
12331,11.88
12332,12.35
12333,12.24
12334,10.29
12335,10.95
12336,13.15
12337,5.3
12338,8.45
12339,12.41
12340,5.3
12341,9.07
12342,11.45
12343,5.3
12344,5.3
12345,9.7
12346,5.3
12347,14.83
12348,9.2
12349,5.3
12350,5.3
12351,11.44
12352,10.16
12353,9.41
12354,10.03
12355,9.02
12356,8.6
12357,15.97
12358,9.04
12359,9.22
12360,10.59
12361,12.03
12362,15.87
12363,12.55
12364,8.83
12365,13.62
12366,11.33
12367,13.53
12368,5.3
12369,10.97
12370,5.3
12371,12.53
12372,9.46
12373,9.71
12374,5.3
12375,8.12
12376,7.99
12377,9.67
12378,14.17
12379,5.3
12380,13.31
12381,5.3
12382,5.3
12383,8.24
12384,8.85
12385,9.34
12386,8.88
12387,11.4
12388,14.17
12389,13.2
12390,9.34
12391,5.3
12392,8.66
12393,12.46
12394,11.39
12395,5.3
12396,5.3
12397,5.3
12398,9.16
12399,18.95
12400,5.3
12401,5.89
12402,9.25
12403,12.01
12404,9.03
12405,8.75
12406,10.68
12407,11.16
12408,14.27
12409,10.2
12410,8.43
12411,9.0
12412,14.12
12413,14.24
12414,10.91
12415,5.3
12416,13.93
12417,13.28
12418,5.3
12419,9.86
12420,10.53
12421,8.35
12422,5.3
12423,5.3
12424,13.82
12425,10.09
12426,10.25
12427,10.9
12428,14.74
12429,8.69
12430,12.73
12431,11.47
12432,13.54
12433,5.3
12434,10.75
12435,13.94
12436,9.33
12437,17.85
12438,8.96
12439,9.19
12440,9.92
12441,17.33
12442,11.53
12443,8.86
12444,13.06
12445,11.47
12446,10.63
12447,14.47
12448,10.19
12449,14.15
12450,14.77
12451,14.29
12452,11.49
12453,5.3
12454,8.95
12455,8.79
12456,5.3
12457,11.57
12458,9.56
12459,15.32
12460,5.3
12461,9.32
12462,13.45
12463,10.1
12464,13.91
12465,8.16
12466,8.78
12467,5.3
12468,14.76
12469,5.3
12470,9.32
12471,13.55
12472,5.3
12473,14.71
12474,8.33
12475,8.79
12476,9.4
12477,9.81
12478,6.39
12479,14.3
12480,10.65
12481,13.59
12482,8.22
12483,8.61
12484,10.07
12485,12.05
12486,9.61
12487,5.3
12488,18.01
12489,5.3
12490,9.72
12491,6.71
12492,14.26
12493,14.12
12494,10.68
12495,8.67
12496,8.86
12497,13.85
12498,9.07
12499,13.15
12500,10.77
12501,11.99
12502,5.3
12503,13.86
12504,10.2
12505,12.0
12506,10.27
12507,5.3
12508,11.82
12509,11.77
12510,12.07
12511,12.41
12512,10.07
12513,5.3
12514,8.63
12515,8.86
12516,5.3
12517,9.09
12518,7.69
12519,5.3
12520,11.19
12521,10.07
12522,8.93
12523,9.31
12524,13.49
12525,9.93
12526,5.3
12527,8.87
12528,18.03
12529,9.03
12530,10.69
12531,9.73
12532,10.0
12533,9.21
12534,9.38
12535,5.3
12536,9.54
12537,10.07
12538,12.09
12539,10.5
12540,5.3
12541,8.92
12542,9.88
12543,5.3
12544,14.13
12545,9.69
12546,5.3
12547,5.3
12548,12.46
12549,12.18
12550,8.57
12551,10.96
12552,8.91
12553,13.39
12554,9.63
12555,5.3
12556,5.3
12557,5.3
12558,7.76
12559,11.91
12560,5.3
12561,8.21
12562,9.96
12563,13.23
12564,5.3
12565,7.61
12566,8.97
12567,5.3
12568,5.3
12569,5.3
12570,9.93
12571,13.24
12572,5.3
12573,5.3
12574,10.29
12575,5.3
12576,8.71
12577,9.16
12578,9.75
12579,9.47
12580,15.19
12581,8.9
12582,9.27
12583,14.85
12584,13.28
12585,9.62
12586,5.3
12587,5.3
12588,10.6
12589,5.3
12590,9.08
12591,9.57
12592,7.66
12593,9.14
12594,5.3
12595,5.3
12596,8.2
12597,13.87
12598,5.3
12599,5.3
12600,12.76
12601,11.3
12602,8.29
12603,13.93
12604,13.61
12605,16.36
12606,11.94
12607,10.31
12608,12.54
12609,9.4
12610,13.34
12611,9.22
12612,8.18
12613,9.15
12614,11.84
12615,6.11
12616,8.29
12617,8.82
12618,16.53
12619,8.89
12620,9.56
12621,5.3
12622,11.05
12623,10.52
12624,5.3
12625,8.87
12626,9.29
12627,10.6
12628,12.26
12629,14.49
12630,8.95
12631,9.73
12632,5.3
12633,9.46
12634,14.2
12635,8.81
12636,5.3
12637,15.97
12638,14.51
12639,9.58
12640,10.47
12641,8.61
12642,11.44
12643,7.93
12644,9.8
12645,7.82
12646,9.37
12647,12.85
12648,5.3
12649,14.38
12650,13.32
12651,13.3
12652,8.2
12653,13.01
12654,5.3
12655,9.54
12656,5.3
12657,13.43
12658,12.43
12659,9.49
12660,8.42
12661,5.3
12662,5.3
12663,8.12
12664,11.1
12665,10.37
12666,5.3
12667,9.85
12668,13.49
12669,5.3
12670,10.91
12671,10.95
12672,8.82
12673,13.71
12674,10.73
12675,9.16
12676,11.62
12677,10.07
12678,5.3
12679,14.02
12680,8.87
12681,9.56
12682,10.05
12683,15.44
12684,8.77
12685,7.81
12686,5.3
12687,9.8
12688,9.66
12689,8.6
12690,9.04
12691,13.04
12692,8.71
12693,9.47
12694,8.41
12695,10.13
12696,5.3
12697,7.67
12698,5.3
12699,5.3
12700,5.3
12701,13.46
12702,5.3
12703,11.75
12704,5.3
12705,5.3
12706,9.31
12707,5.3
12708,5.3
12709,12.62
12710,12.85
12711,12.22
12712,12.37
12713,9.97
12714,8.99
12715,8.49
12716,11.77
12717,9.52
12718,15.13
12719,16.04
12720,8.09
12721,7.93
12722,11.6
12723,5.3
12724,15.86
12725,9.15
12726,13.93
12727,14.31
12728,5.3
12729,14.2
12730,9.77
12731,16.09
12732,9.61
12733,5.3
12734,9.5
12735,9.88
12736,8.93
12737,11.39
12738,5.3
12739,14.57
12740,12.46
12741,10.25
12742,8.32
12743,10.79
12744,10.36
12745,10.21
12746,11.79
12747,8.33
12748,5.3
12749,11.36
12750,8.19
12751,5.3
12752,13.79
12753,8.67
12754,5.3
12755,9.36
12756,11.9
12757,10.01
12758,9.59
12759,11.71
12760,9.57
12761,5.3
12762,13.56
12763,16.13
12764,12.74
12765,14.25
12766,5.3
12767,16.66
12768,10.36
12769,9.95
12770,8.6
12771,11.3
12772,12.3
12773,12.37
12774,9.71
12775,13.09
12776,5.3
12777,9.78
12778,10.84
12779,8.08
12780,9.81
12781,9.52
12782,10.29
12783,12.19
12784,9.23
12785,12.17
12786,9.31
12787,13.75
12788,15.02
12789,5.3
12790,5.3
12791,8.52
12792,14.13
12793,6.13
12794,9.15
12795,14.09
12796,13.56
12797,9.58
12798,9.22
12799,5.3
12800,8.28
12801,10.32
12802,13.74
12803,9.59
12804,5.3
12805,10.53
12806,8.74
12807,8.59
12808,5.3
12809,16.12
12810,9.9
12811,6.66
12812,9.26
12813,8.36
12814,10.41
12815,15.8
12816,6.74
12817,5.3
12818,10.02
12819,10.54
12820,12.98
12821,14.83
12822,8.61
12823,12.81
12824,10.15
12825,9.79
12826,10.71
12827,9.51
12828,13.69
12829,13.86
12830,11.58
12831,10.64
12832,9.78
12833,9.68
12834,8.9
12835,10.45
12836,8.94
12837,8.93
12838,8.4
12839,9.36
12840,11.88
12841,14.29
12842,12.03
12843,7.17
12844,5.3
12845,8.69
12846,9.43
12847,10.79
12848,9.52
12849,5.3
12850,8.97
12851,5.3
12852,9.02
12853,8.57
12854,8.75
12855,8.71
12856,16.73
12857,5.3
12858,11.89
12859,12.6
12860,15.28
12861,9.1
12862,9.13
12863,15.42
12864,10.3
12865,5.3
12866,11.4
12867,12.55
12868,14.49
12869,8.64
12870,8.56
12871,11.35
12872,5.3
12873,11.87
12874,5.3
12875,5.3
12876,11.23
12877,8.95
12878,11.28
12879,11.23
12880,5.3
12881,9.71
12882,14.18
12883,10.62
12884,5.3
12885,8.55
12886,10.85
12887,14.89
12888,10.63
12889,9.67
12890,15.03
12891,10.4
12892,9.51
12893,10.6
12894,12.37
12895,11.9
12896,7.48
12897,8.27
12898,9.92
12899,8.93
12900,9.06
12901,9.99
12902,11.88
12903,9.92
12904,9.24
12905,17.08
12906,11.5
12907,9.42
12908,11.66
12909,14.09
12910,9.66
12911,5.3
12912,13.2
12913,8.75
12914,8.68
12915,11.97
12916,8.81
12917,10.36
12918,5.3
12919,8.97
12920,8.82
12921,14.1
12922,14.55
12923,5.3
12924,9.59
12925,9.37
12926,9.59
12927,10.71
12928,9.6
12929,9.67
12930,5.3
12931,12.31
12932,5.3
12933,11.34
12934,8.59
12935,5.3
12936,11.06
12937,10.96
12938,13.03
12939,14.16
12940,11.98
12941,10.48
12942,9.56
12943,9.08
12944,5.3
12945,11.24
12946,13.8
12947,8.57
12948,5.3
12949,14.57
12950,8.85
12951,12.44
12952,5.3
12953,8.62
12954,5.3
12955,5.3
12956,9.64
12957,8.9
12958,11.68
12959,7.34
12960,14.07
12961,7.6
12962,5.3
12963,10.04
12964,13.61
12965,13.89
12966,9.1
12967,9.77
12968,13.04
12969,9.02
12970,13.03
12971,10.19
12972,5.3
12973,9.06
12974,8.5
12975,5.3
12976,11.44
12977,14.85
12978,11.8
12979,15.55
12980,5.3
12981,13.95
12982,12.09
12983,14.92
12984,5.3
12985,13.26
12986,5.3
12987,8.47
12988,14.88
12989,9.82
12990,11.19
12991,9.59
12992,11.47
12993,14.23
12994,9.54
12995,14.46
12996,5.3
12997,8.49
12998,9.97
12999,13.4
13000,5.3
13001,15.31
13002,15.62
13003,13.38
13004,10.3
13005,8.91
13006,6.34
13007,11.39
13008,13.84
13009,16.99
13010,8.31
13011,5.3
13012,10.36
13013,10.28
13014,13.06
13015,6.57
13016,8.41
13017,7.42
13018,8.9
13019,9.11
13020,13.69
13021,13.56
13022,13.46
13023,13.65
13024,9.29
13025,11.85
13026,10.12
13027,9.07
13028,9.62
13029,10.64
13030,8.61
13031,8.93
13032,10.64
13033,16.77
13034,5.3
13035,14.06
13036,5.3
13037,11.04
13038,9.93
13039,12.48
13040,11.5
13041,10.63
13042,12.52
13043,5.3
13044,13.13
13045,5.3
13046,11.59
13047,5.3
13048,10.93
13049,14.92
13050,5.3
13051,12.25
13052,11.17
13053,9.51
13054,11.0
13055,8.49
13056,9.11
13057,9.62
13058,12.57
13059,8.25
13060,13.74
13061,13.68
13062,6.43
13063,5.3
13064,9.76
13065,11.81
13066,8.52
13067,10.55
13068,5.3
13069,5.3
13070,12.49
13071,13.79
13072,10.81
13073,9.36
13074,14.5
13075,8.97
13076,13.9
13077,9.2
13078,9.37
13079,16.95
13080,11.25
13081,11.73
13082,9.92
13083,13.91
13084,9.67
13085,8.49
13086,9.08
13087,9.72
13088,10.08
13089,11.52
13090,8.28
13091,14.35
13092,8.41
13093,5.3
13094,14.38
13095,14.09
13096,10.06
13097,8.2
13098,12.88
13099,11.25
13100,9.04
13101,12.7
13102,8.95
13103,7.3
13104,13.42
13105,9.48
13106,10.07
13107,11.46
13108,9.5
13109,5.3
13110,10.68
13111,9.66
13112,9.65
13113,9.8
13114,11.4
13115,5.3
13116,9.58
13117,8.33
13118,9.53
13119,8.94
13120,13.94
13121,7.66
13122,10.81
13123,8.75
13124,13.6
13125,8.34
13126,9.16
13127,9.36
13128,5.3
13129,15.43
13130,9.04
13131,5.3
13132,6.12
13133,14.43
13134,8.77
13135,6.04
13136,16.07
13137,9.28
13138,12.98
13139,8.26
13140,14.58
13141,14.81
13142,11.68
13143,13.75
13144,5.3
13145,14.0
13146,11.26
13147,12.33
13148,13.3
13149,9.04
13150,7.3
13151,11.27
13152,5.3
13153,9.43
13154,13.99
13155,5.3
13156,5.3
13157,12.22
13158,10.54
13159,8.87
13160,8.33
13161,10.03
13162,5.3
13163,11.56
13164,5.3
13165,12.33
13166,9.13
13167,8.85
13168,5.3
13169,8.68
13170,5.3
13171,12.17
13172,5.3
13173,8.77
13174,11.55
13175,15.01
13176,5.52
13177,5.3
13178,13.4
13179,8.55
13180,10.64
13181,14.62
13182,8.72
13183,14.02
13184,11.3
13185,9.49
13186,5.3
13187,9.37
13188,8.83
13189,5.3
13190,8.83
13191,9.55
13192,8.81
13193,9.2
13194,7.91
13195,10.3
13196,10.92
13197,5.3
13198,5.3
13199,9.2
13200,9.5
13201,14.91
13202,10.41
13203,15.43
13204,10.9
13205,9.15
13206,18.19
13207,11.47
13208,9.8
13209,9.78
13210,5.3
13211,10.9
13212,14.04
13213,9.93
13214,14.77
13215,9.37
13216,5.3
13217,10.9
13218,8.48
13219,15.64
13220,9.73
13221,9.49
13222,10.12
13223,8.24
13224,5.3
13225,8.56
13226,10.74
13227,8.59
13228,8.84
13229,9.73
13230,11.9
13231,9.08
13232,9.18
13233,5.3
13234,5.3
13235,9.95
13236,10.97
13237,9.14
13238,9.42
13239,14.49
13240,10.25
13241,9.1
13242,9.86
13243,7.34
13244,12.05
13245,5.3
13246,5.3
13247,12.64
13248,9.05
13249,8.03
13250,8.38
13251,5.3
13252,14.32
13253,13.5
13254,8.25
13255,13.63
13256,10.98
13257,11.1
13258,5.3
13259,9.3
13260,8.82
13261,10.08
13262,10.86
13263,11.86
13264,10.02
13265,8.49
13266,5.3
13267,9.49
13268,5.3
13269,9.72
13270,11.94
13271,8.31
13272,5.3
13273,16.5
13274,8.94
13275,7.59
13276,8.56
13277,5.3
13278,12.2
13279,9.62
13280,13.45
13281,5.3
13282,5.3
13283,8.49
13284,7.43
13285,9.07
13286,9.52
13287,8.8
13288,14.56
13289,10.84
13290,11.9
13291,8.94
13292,9.75
13293,9.48
13294,5.3
13295,5.3
13296,11.34
13297,10.49
13298,5.3
13299,11.25
13300,12.51
13301,12.8
13302,10.1
13303,9.5
13304,18.05
13305,13.49
13306,5.3
13307,7.7
13308,9.75
13309,8.88
13310,14.49
13311,17.54
13312,13.42
13313,12.7
13314,5.3
13315,11.19
13316,13.96
13317,9.1
13318,5.3
13319,9.91
13320,5.3
13321,10.34
13322,10.87
13323,5.3
13324,9.41
13325,11.04
13326,10.67
13327,16.72
13328,9.58
13329,5.3
13330,5.3
13331,17.91
13332,9.08
13333,14.49
13334,5.3
13335,5.3
13336,9.0
13337,8.02
13338,5.3
13339,17.32
13340,14.3
13341,5.3
13342,8.75
13343,9.55
13344,8.96
13345,5.3
13346,12.27
13347,8.69
13348,9.34
13349,11.37
13350,10.51
13351,9.11
13352,12.07
13353,8.92
13354,9.54
13355,7.8
13356,13.9
13357,13.31
13358,14.69
13359,12.8
13360,5.3
13361,9.81
13362,8.94
13363,8.31
13364,10.91
13365,5.3
13366,14.27
13367,5.3
13368,5.3
13369,9.09
13370,13.37
13371,11.48
13372,10.43
13373,11.7
13374,14.22
13375,10.02
13376,9.57
13377,8.63
13378,5.3
13379,8.15
13380,13.89
13381,9.26
13382,5.3
13383,11.18
13384,5.3
13385,12.3
13386,12.94
13387,14.93
13388,9.0
13389,9.35
13390,9.28
13391,9.1
13392,12.65
13393,5.3
13394,9.12
13395,17.52
13396,16.89
13397,5.3
13398,5.3
13399,5.3
13400,5.3
13401,12.18
13402,12.56
13403,9.4
13404,9.9
13405,8.94
13406,9.68
13407,9.36
13408,9.23
13409,11.12
13410,5.3
13411,5.3
13412,17.6
13413,10.62
13414,5.3
13415,13.67
13416,8.22
13417,9.87
13418,9.05
13419,5.3
13420,10.36
13421,8.74
13422,8.61
13423,13.94
13424,14.7
13425,11.01
13426,5.3
13427,9.76
13428,9.55
13429,5.3
13430,10.86
13431,12.65
13432,8.73
13433,8.39
13434,9.15
13435,5.3
13436,5.3
13437,9.42
13438,9.66
13439,6.2
13440,10.87
13441,8.71
13442,12.13
13443,14.9
13444,9.45
13445,11.71
13446,5.3
13447,15.82
13448,8.61
13449,8.23
13450,9.41
13451,13.42
13452,9.24
13453,8.55
13454,10.92
13455,9.51
13456,5.3
13457,10.75
13458,10.0
13459,14.08
13460,8.78
13461,9.31
13462,9.08
13463,10.88
13464,5.3
13465,9.65
13466,12.19
13467,12.63
13468,12.18
13469,5.3
13470,15.03
13471,13.05
13472,9.02
13473,8.91
13474,10.74
13475,9.49
13476,9.65
13477,5.3
13478,9.19
13479,13.95
13480,6.23
13481,15.01
13482,8.48
13483,5.3
13484,5.3
13485,15.32
13486,11.69
13487,9.22
13488,9.11
13489,8.87
13490,12.36
13491,8.71
13492,15.02
13493,10.33
13494,9.28
13495,9.06
13496,10.96
13497,13.46
13498,8.35
13499,9.03
13500,5.3
13501,9.47
13502,15.3
13503,9.22
13504,8.82
13505,10.22
13506,14.52
13507,9.34
13508,8.82
13509,5.3
13510,5.3
13511,13.51
13512,8.95
13513,8.81
13514,10.6
13515,12.64
13516,12.69
13517,8.7
13518,5.3
13519,15.41
13520,8.8
13521,9.11
13522,14.51
13523,8.45
13524,15.97
13525,10.11
13526,12.11
13527,5.3
13528,13.5
13529,6.28
13530,12.25
13531,13.04
13532,5.3
13533,11.55
13534,12.87
13535,9.11
13536,11.65
13537,13.93
13538,10.89
13539,5.3
13540,10.86
13541,14.03
13542,9.01
13543,9.47
13544,8.14
13545,9.59
13546,10.07
13547,11.27
13548,8.47
13549,14.88
13550,9.59
13551,10.73
13552,5.3
13553,5.3
13554,5.3
13555,9.66
13556,6.13
13557,9.27
13558,5.3
13559,5.3
13560,9.75
13561,8.86
13562,5.3
13563,13.99
13564,9.18
13565,9.6
13566,5.3
13567,5.3
13568,10.8
13569,11.61
13570,9.31
13571,8.77
13572,9.06
13573,7.03
13574,9.76
13575,12.32
13576,14.82
13577,13.93
13578,11.32
13579,11.43
13580,10.86
13581,5.3
13582,5.3
13583,9.14
13584,12.57
13585,9.15
13586,13.82
13587,11.0
13588,13.45
13589,13.32
13590,5.3
13591,5.3
13592,12.06
13593,17.47
13594,6.17
13595,12.17
13596,12.15
13597,5.3
13598,5.3
13599,5.3
13600,11.03
13601,13.64
13602,10.6
13603,12.16
13604,13.43
13605,8.58
13606,13.05
13607,8.69
13608,8.39
13609,8.36
13610,10.38
13611,17.18
13612,9.6
13613,10.74
13614,9.92
13615,14.51
13616,6.57
13617,13.49
13618,9.05
13619,13.94
13620,8.11
13621,5.3
13622,5.3
13623,9.82
13624,9.27
13625,9.37
13626,13.51
13627,9.68
13628,9.64
13629,9.51
13630,13.34
13631,5.3
13632,5.3
13633,9.35
13634,14.01
13635,15.67
13636,5.3
13637,8.96
13638,8.83
13639,13.52
13640,5.97
13641,5.3
13642,8.73
13643,12.91
13644,9.29
13645,5.3
13646,12.92
13647,15.71
13648,9.7
13649,8.85
13650,9.65
13651,9.12
13652,17.16
13653,8.75
13654,12.54
13655,7.37
13656,15.64
13657,8.8
13658,8.98
13659,5.3
13660,5.3
13661,8.49
13662,5.3
13663,5.3
13664,11.14
13665,13.87
13666,13.66
13667,9.09
13668,8.46
13669,12.2
13670,8.2
13671,14.7
13672,10.08
13673,8.5
13674,14.74
13675,5.3
13676,8.74
13677,9.19
13678,8.79
13679,14.38
13680,9.79
13681,15.15
13682,5.3
13683,11.16
13684,11.0
13685,8.76
13686,9.68
13687,10.46
13688,9.16
13689,13.95
13690,8.37
13691,12.13
13692,10.02
13693,12.42
13694,13.89
13695,8.9
13696,13.84
13697,9.08
13698,12.78
13699,11.06
13700,5.3
13701,9.42
13702,8.66
13703,12.59
13704,11.94
13705,10.84
13706,12.58
13707,8.37
13708,8.27
13709,10.47
13710,14.52
13711,13.48
13712,8.87
13713,10.92
13714,5.62
13715,8.78
13716,11.55
13717,12.13
13718,5.3
13719,13.87
13720,12.52
13721,8.8
13722,6.69
13723,13.11
13724,15.11
13725,13.84
13726,9.27
13727,11.34
13728,11.77
13729,5.3
13730,16.26
13731,5.3
13732,10.67
13733,5.3
13734,18.7
13735,9.21
13736,5.3
13737,5.3
13738,12.93
13739,10.51
13740,8.68
13741,15.09
13742,14.36
13743,5.3
13744,5.3
13745,8.4
13746,8.46
13747,15.49
13748,13.12
13749,8.91
13750,16.62
13751,5.3
13752,5.3
13753,13.93
13754,10.95
13755,5.3
13756,10.08
13757,11.45
13758,10.14
13759,8.13
13760,14.04
13761,5.3
13762,9.45
13763,5.3
13764,11.61
13765,13.55
13766,14.77
13767,9.45
13768,8.75
13769,5.3
13770,9.69
13771,13.8
13772,13.88
13773,12.46
13774,10.89
13775,10.76
13776,12.73
13777,8.53
13778,5.3
13779,5.3
13780,10.2
13781,13.25
13782,8.76
13783,9.26
13784,9.3
13785,11.58
13786,13.92
13787,12.33
13788,8.78
13789,13.41
13790,7.65
13791,9.21
13792,14.16
13793,13.3
13794,8.0
13795,16.87
13796,5.3
13797,8.95
13798,9.01
13799,11.88
13800,5.3
13801,8.77
13802,8.85
13803,12.58
13804,15.24
13805,8.97
13806,14.47
13807,13.72
13808,12.71
13809,9.46
13810,13.5
13811,9.36
13812,11.61
13813,12.79
13814,5.3
13815,5.3
13816,11.12
13817,8.58
13818,5.3
13819,11.49
13820,5.3
13821,12.2
13822,11.97
13823,12.22
13824,8.9
13825,9.39
13826,9.75
13827,5.3
13828,8.96
13829,11.69
13830,5.3
13831,5.3
13832,14.12
13833,9.2
13834,9.84
13835,15.03
13836,14.09
13837,14.19
13838,10.11
13839,9.54
13840,11.3
13841,9.47
13842,12.28
13843,5.3
13844,5.3
13845,9.36
13846,14.36
13847,8.84
13848,5.3
13849,5.3
13850,9.57
13851,9.49
13852,10.68
13853,5.3
13854,8.51
13855,9.67
13856,5.3
13857,8.71
13858,12.58
13859,5.3
13860,9.03
13861,10.03
13862,10.41
13863,10.23
13864,9.48
13865,15.38
13866,9.39
13867,13.88
13868,11.67
13869,13.56
13870,9.31
13871,5.3
13872,8.76
13873,16.32
13874,11.0
13875,8.91
13876,9.41
13877,10.86
13878,13.88
13879,8.19
13880,5.3
13881,10.75
13882,5.3
13883,5.3
13884,12.27
13885,9.54
13886,14.95
13887,8.87
13888,5.3
13889,5.3
13890,5.3
13891,5.3
13892,17.49
13893,14.07
13894,6.92
13895,8.5
13896,8.95
13897,16.47
13898,8.93
13899,14.86
13900,8.45
13901,15.42
13902,11.94
13903,11.59
13904,11.59
13905,12.24
13906,9.44
13907,8.46
13908,7.87
13909,8.85
13910,9.71
13911,8.79
13912,10.99
13913,5.3
13914,11.8
13915,9.62
13916,10.44
13917,12.32
13918,9.33
13919,5.3
13920,9.28
13921,8.7
13922,5.3
13923,14.16
13924,9.29
13925,5.3
13926,13.87
13927,8.87
13928,9.59
13929,8.84
13930,9.09
13931,9.03
13932,9.3
13933,10.67
13934,13.47
13935,5.3
13936,9.04
13937,5.3
13938,14.62
13939,11.74
13940,9.94
13941,14.22
13942,5.3
13943,5.3
13944,13.27
13945,8.76
13946,16.02
13947,9.46
13948,13.64
13949,11.67
13950,5.3
13951,13.84
13952,5.3
13953,15.92
13954,14.43
13955,10.14
13956,10.32
13957,11.25
13958,9.36
13959,5.3
13960,9.04
13961,11.63
13962,5.3
13963,11.81
13964,7.71
13965,11.84
13966,14.22
13967,9.42
13968,10.99
13969,9.21
13970,5.3
13971,16.52
13972,5.3
13973,13.07
13974,13.29
13975,11.16
13976,9.67
13977,8.87
13978,13.9
13979,5.3
13980,9.23
13981,10.78
13982,9.37
13983,9.74
13984,10.11
13985,8.67
13986,6.1
13987,5.3
13988,15.69
13989,8.3
13990,17.71
13991,9.47
13992,9.87
13993,12.98
13994,10.42
13995,8.47
13996,9.04
13997,9.09
13998,9.43
13999,17.17
14000,8.53
14001,9.33
14002,14.22
14003,9.48
14004,10.74
14005,10.18
14006,10.21
14007,11.36
14008,5.3
14009,9.32
14010,5.3
14011,12.8
14012,14.69
14013,13.81
14014,15.11
14015,6.28
14016,13.96
14017,9.2
14018,8.67
14019,8.61
14020,15.17
14021,13.06
14022,5.3
14023,9.56
14024,9.13
14025,5.3
14026,9.21
14027,10.24
14028,10.88
14029,5.3
14030,15.11
14031,5.3
14032,12.0
14033,8.78
14034,9.08
14035,13.56
14036,5.89
14037,15.61
14038,12.54
14039,18.11
14040,5.3
14041,7.78
14042,9.58
14043,9.19
14044,10.5
14045,11.18
14046,5.3
14047,5.3
14048,14.46
14049,5.3
14050,5.3
14051,8.72
14052,12.27
14053,12.04
14054,10.73
14055,9.44
14056,5.3
14057,15.01
14058,5.3
14059,9.05
14060,10.23
14061,11.48
14062,13.62
14063,9.51
14064,7.22
14065,10.34
14066,14.01
14067,12.21
14068,14.82
14069,8.54
14070,5.3
14071,8.78
14072,13.27
14073,8.32
14074,11.38
14075,9.85
14076,5.3
14077,13.29
14078,10.35
14079,10.95
14080,13.89
14081,9.38
14082,12.86
14083,7.51
14084,5.3
14085,10.36
14086,16.83
14087,12.59
14088,5.3
14089,5.3
14090,8.04
14091,11.26
14092,9.06
14093,8.36
14094,8.42
14095,11.76
14096,5.3
14097,10.8
14098,5.3
14099,8.25
14100,8.84
14101,13.53
14102,9.12
14103,9.78
14104,12.63
14105,9.08
14106,15.39
14107,9.58
14108,8.63
14109,5.3
14110,9.3
14111,13.1
14112,8.79
14113,16.3
14114,5.3
14115,5.3
14116,9.29
14117,10.83
14118,10.42
14119,12.53
14120,8.25
14121,11.51
14122,5.3
14123,8.84
14124,13.75
14125,8.59
14126,13.67
14127,14.91
14128,5.3
14129,11.63
14130,12.9
14131,9.5
14132,9.8
14133,8.68
14134,12.9
14135,12.36
14136,5.3
14137,13.03
14138,7.84
14139,12.8
14140,9.79
14141,5.3
14142,8.78
14143,14.12
14144,5.3
14145,13.92
14146,12.51
14147,5.3
14148,16.71
14149,5.3
14150,5.77
14151,9.2
14152,14.34
14153,5.3
14154,10.91
14155,16.67
14156,9.15
14157,9.47
14158,9.61
14159,9.64
14160,11.46
14161,6.94
14162,7.49
14163,8.46
14164,7.57
14165,11.26
14166,11.14
14167,9.59
14168,9.69
14169,11.8
14170,8.98
14171,8.52
14172,14.15
14173,5.3
14174,8.79
14175,12.87
14176,5.3
14177,8.85
14178,13.56
14179,12.08
14180,8.22
14181,5.3
14182,13.39
14183,10.17
14184,14.65
14185,14.01
14186,14.15
14187,12.94
14188,10.3
14189,10.63
14190,12.97
14191,10.98
14192,7.3
14193,10.64
14194,5.3
14195,14.01
14196,11.75
14197,5.3
14198,12.56
14199,10.34
14200,13.95
14201,11.55
14202,8.8
14203,7.75
14204,7.78
14205,8.87
14206,10.03
14207,12.16
14208,8.71
14209,16.33
14210,11.57
14211,13.21
14212,9.55
14213,5.3
14214,14.85
14215,10.44
14216,8.72
14217,8.94
14218,9.11
14219,9.78
14220,5.3
14221,9.25
14222,8.41
14223,9.43
14224,9.04
14225,5.3
14226,8.84
14227,11.73
14228,5.3
14229,9.07
14230,10.97
14231,9.93
14232,9.96
14233,11.55
14234,10.43
14235,5.99
14236,10.77
14237,13.59
14238,13.59
14239,5.3
14240,11.0
14241,13.45
14242,11.16
14243,12.16
14244,10.52
14245,9.02
14246,9.72
14247,8.92
14248,9.79
14249,5.72
14250,5.3
14251,8.75
14252,5.3
14253,9.5
14254,10.81
14255,9.44
14256,8.51
14257,13.46
14258,12.18
14259,13.95
14260,5.69
14261,14.91
14262,8.51
14263,15.4
14264,5.3
14265,10.29
14266,11.92
14267,8.79
14268,8.9
14269,9.43
14270,10.66
14271,13.48
14272,14.17
14273,14.91
14274,10.9
14275,8.18
14276,12.92
14277,11.77
14278,5.3
14279,5.3
14280,13.23
14281,13.99
14282,9.95
14283,10.74
14284,9.54
14285,14.7
14286,8.55
14287,13.67
14288,9.48
14289,9.16
14290,8.26
14291,14.23
14292,9.51
14293,5.3
14294,5.3
14295,17.01
14296,14.41
14297,5.3
14298,9.95
14299,9.22
14300,5.3
14301,8.97
14302,9.31
14303,8.85
14304,8.43
14305,10.81
14306,11.17
14307,8.53
14308,9.0
14309,10.95
14310,12.27
14311,5.3
14312,15.89
14313,9.58
14314,14.41
14315,8.85
14316,11.81
14317,16.23
14318,8.73
14319,11.8
14320,9.06
14321,10.43
14322,5.3
14323,11.73
14324,16.26
14325,5.3
14326,11.53
14327,14.7
14328,12.97
14329,9.69
14330,8.39
14331,12.1
14332,5.3
14333,8.34
14334,8.2
14335,14.24
14336,9.27
14337,5.3
14338,11.45
14339,12.91
14340,12.61
14341,10.36
14342,13.32
14343,5.3
14344,14.26
14345,12.83
14346,5.3
14347,8.22
14348,12.3
14349,9.16
14350,15.01
14351,14.06
14352,9.21
14353,8.52
14354,5.3
14355,8.4
14356,10.77
14357,6.15
14358,14.12
14359,13.7
14360,15.16
14361,14.44
14362,9.22
14363,12.87
14364,14.11
14365,10.83
14366,12.81
14367,5.3
14368,12.39
14369,8.5
14370,5.3
14371,8.76
14372,9.09
14373,6.01
14374,5.3
14375,9.1
14376,5.3
14377,9.36
14378,9.04
14379,5.3
14380,10.08
14381,13.73
14382,9.66
14383,13.75
14384,12.86
14385,12.36
14386,10.62
14387,9.34
14388,11.18
14389,13.86
14390,9.76
14391,8.54
14392,13.35
14393,9.43
14394,9.87
14395,9.21
14396,15.11
14397,5.3
14398,11.71
14399,8.55
14400,9.09
14401,9.25
14402,8.85
14403,11.09
14404,11.04
14405,8.7
14406,13.04
14407,14.28
14408,8.79
14409,15.33
14410,7.97
14411,13.24
14412,11.78
14413,9.66
14414,13.99
14415,8.39
14416,13.84
14417,12.0
14418,10.0
14419,8.53
14420,9.5
14421,5.3
14422,17.09
14423,5.3
14424,5.3
14425,8.96
14426,9.52
14427,14.45
14428,12.21
14429,8.7
14430,5.3
14431,14.98
14432,13.41
14433,8.38
14434,10.86
14435,9.51
14436,5.3
14437,11.11
14438,14.83
14439,9.51
14440,9.55
14441,8.0
14442,11.77
14443,11.66
14444,8.27
14445,8.83
14446,9.34
14447,8.57
14448,9.12
14449,13.96
14450,14.06
14451,10.51
14452,11.69
14453,15.96
14454,7.98
14455,8.85
14456,5.3
14457,10.27
14458,9.02
14459,8.61
14460,9.15
14461,10.05
14462,14.57
14463,13.94
14464,8.79
14465,5.3
14466,5.3
14467,5.3
14468,5.3
14469,5.3
14470,5.3
14471,9.11
14472,14.99
14473,5.3
14474,16.93
14475,12.41
14476,10.59
14477,9.73
14478,12.19
14479,14.49
14480,10.69
14481,9.5
14482,12.91
14483,5.3
14484,8.61
14485,14.17
14486,9.47
14487,9.81
14488,9.05
14489,8.68
14490,12.39
14491,5.3
14492,12.22
14493,9.08
14494,11.52
14495,8.78
14496,11.98
14497,11.22
14498,11.08
14499,13.06
14500,15.04
14501,14.25
14502,10.24
14503,14.52
14504,8.44
14505,11.3
14506,11.24
14507,12.09
14508,13.91
14509,8.65
14510,10.94
14511,12.23
14512,9.34
14513,12.23
14514,9.41
14515,9.68
14516,14.24
14517,8.57
14518,8.86
14519,14.86
14520,9.41
14521,16.17
14522,5.3
14523,9.73
14524,11.51
14525,10.57
14526,7.2
14527,5.3
14528,9.09
14529,11.06
14530,9.64
14531,9.28
14532,9.93
14533,9.4
14534,12.1
14535,9.11
14536,5.3
14537,15.41
14538,8.95
14539,14.99
14540,11.39
14541,17.27
14542,12.27
14543,14.06
14544,17.03
14545,12.36
14546,14.7
14547,10.94
14548,16.76
14549,14.91
14550,11.67
14551,5.3
14552,10.42
14553,14.26
14554,9.63
14555,5.3
14556,10.32
14557,7.75
14558,8.49
14559,13.24
14560,14.82
14561,10.91
14562,11.53
14563,11.48
14564,9.08
14565,8.68
14566,9.49
14567,8.75
14568,14.76
14569,5.67
14570,8.83
14571,10.92
14572,8.72
14573,13.78
14574,13.58
14575,7.38
14576,10.93
14577,5.3
14578,13.41
14579,5.3
14580,13.42
14581,15.71
14582,10.85
14583,9.32
14584,13.81
14585,5.3
14586,11.88
14587,9.14
14588,12.3
14589,12.3
14590,5.3
14591,9.62
14592,9.96
14593,9.89
14594,5.3
14595,11.44
14596,7.46
14597,8.97
14598,8.4
14599,13.98
14600,9.34
14601,8.8
14602,8.68
14603,5.3
14604,15.2
14605,8.77
14606,7.82
14607,10.97
14608,11.88
14609,16.54
14610,8.31
14611,11.77
14612,9.15
14613,5.3
14614,5.3
14615,11.33
14616,8.27
14617,5.3
14618,14.47
14619,10.07
14620,8.62
14621,8.37
14622,9.12
14623,15.79
14624,15.09
14625,7.94
14626,9.05
14627,9.13
14628,13.82
14629,9.51
14630,8.9
14631,9.0
14632,13.76
14633,5.3
14634,5.3
14635,10.06
14636,12.1
14637,9.29
14638,9.53
14639,11.37
14640,9.15
14641,16.17
14642,12.69
14643,5.3
14644,9.76
14645,8.66
14646,11.29
14647,9.27
14648,8.83
14649,10.96
14650,12.14
14651,12.92
14652,12.53
14653,9.67
14654,9.15
14655,8.94
14656,13.83
14657,12.14
14658,5.53
14659,5.3
14660,12.63
14661,8.33
14662,14.18
14663,10.7
14664,8.28
14665,12.1
14666,14.08
14667,12.7
14668,13.88
14669,15.28
14670,5.3
14671,12.85
14672,9.81
14673,10.26
14674,13.83
14675,5.3
14676,5.3
14677,5.3
14678,10.09
14679,10.41
14680,5.3
14681,14.21
14682,10.03
14683,9.31
14684,9.12
14685,5.3
14686,13.0
14687,12.59
14688,9.66
14689,16.16
14690,8.79
14691,8.53
14692,12.49
14693,15.33
14694,8.53
14695,11.24
14696,5.3
14697,12.07
14698,13.32
14699,9.25
14700,10.07
14701,15.39
14702,5.3
14703,9.0
14704,10.76
14705,11.03
14706,12.1
14707,14.13
14708,11.42
14709,10.59
14710,11.21
14711,13.77
14712,11.69
14713,9.82
14714,8.22
14715,5.3
14716,9.84
14717,11.47
14718,13.62
14719,12.08
14720,5.3
14721,10.07
14722,9.05
14723,14.35
14724,15.68
14725,5.3
14726,9.8
14727,11.98
14728,9.26
14729,10.24
14730,9.81
14731,14.59
14732,9.64
14733,8.88
14734,8.58
14735,5.3
14736,15.48
14737,10.43
14738,8.15
14739,13.03
14740,5.3
14741,9.59
14742,14.74
14743,5.3
14744,11.54
14745,7.11
14746,8.34
14747,13.39
14748,12.21
14749,12.48
14750,8.79
14751,5.3
14752,8.75
14753,11.28
14754,8.72
14755,8.89
14756,5.3
14757,13.22
14758,8.79
14759,8.72
14760,5.3
14761,9.66
14762,11.54
14763,11.58
14764,9.01
14765,9.52
14766,12.69
14767,12.04
14768,5.3
14769,8.59
14770,9.01
14771,10.49
14772,8.11
14773,16.02
14774,9.98
14775,5.3
14776,9.36
14777,10.86
14778,9.32
14779,9.39
14780,10.28
14781,9.74
14782,11.22
14783,15.17
14784,9.57
14785,8.9
14786,6.21
14787,6.38
14788,5.3
14789,12.74
14790,5.3
14791,14.11
14792,13.32
14793,9.25
14794,8.59
14795,8.28
14796,8.45
14797,5.3
14798,8.78
14799,10.25
14800,12.15
14801,10.87
14802,6.72
14803,9.11
14804,12.17
14805,5.3
14806,15.81
14807,5.3
14808,12.63
14809,19.17
14810,7.47
14811,9.06
14812,11.98
14813,9.36
14814,8.67
14815,9.38
14816,8.55
14817,11.27
14818,8.81
14819,12.95
14820,13.56
14821,10.51
14822,13.68
14823,14.25
14824,14.75
14825,15.05
14826,9.19
14827,5.3
14828,12.57
14829,14.57
14830,13.65
14831,9.25
14832,14.98
14833,8.82
14834,14.57
14835,13.8
14836,5.3
14837,5.3
14838,8.89
14839,10.11
14840,5.3
14841,12.85
14842,9.96
14843,12.94
14844,13.57
14845,11.72
14846,10.04
14847,12.1
14848,5.3
14849,9.67
14850,14.55
14851,9.06
14852,7.81
14853,9.55
14854,11.43
14855,5.3
14856,5.3
14857,9.71
14858,13.76
14859,11.36
14860,5.3
14861,9.13
14862,10.88
14863,10.62
14864,17.63
14865,5.3
14866,11.28
14867,14.07
14868,5.3
14869,9.7
14870,9.1
14871,9.61
14872,9.13
14873,7.44
14874,8.61
14875,13.35
14876,9.39
14877,5.3
14878,15.16
14879,5.3
14880,13.8
14881,9.87
14882,14.06
14883,5.3
14884,15.51
14885,8.34
14886,13.96
14887,7.17
14888,14.21
14889,13.75
14890,12.14
14891,15.28
14892,9.67
14893,8.94
14894,11.54
14895,14.51
14896,5.3
14897,13.14
14898,8.17
14899,8.84
14900,9.57
14901,8.92
14902,5.3
14903,8.74
14904,9.57
14905,14.29
14906,8.65
14907,9.16
14908,8.91
14909,13.39
14910,10.96
14911,14.32
14912,5.3
14913,9.49
14914,11.83
14915,9.42
14916,8.79
14917,10.98
14918,5.3
14919,8.79
14920,11.54
14921,13.11
14922,10.04
14923,9.89
14924,17.11
14925,10.21
14926,9.36
14927,10.57
14928,9.54
14929,5.3
14930,12.41
14931,10.95
14932,5.3
14933,8.87
14934,8.85
14935,10.75
14936,15.63
14937,11.16
14938,9.53
14939,5.3
14940,12.12
14941,13.59
14942,11.3
14943,9.31
14944,9.79
14945,9.57
14946,12.65
14947,9.99
14948,10.29
14949,9.08
14950,17.12
14951,9.46
14952,8.38
14953,10.44
14954,5.3
14955,9.51
14956,5.3
14957,9.62
14958,11.6
14959,16.7
14960,10.12
14961,8.4
14962,8.92
14963,14.15
14964,13.51
14965,5.3
14966,8.9
14967,5.3
14968,14.71
14969,13.08
14970,19.45
14971,9.41
14972,5.3
14973,9.27
14974,9.37
14975,9.43
14976,12.08
14977,13.97
14978,12.68
14979,8.75
14980,12.27
14981,17.4
14982,7.53
14983,9.68
14984,5.3
14985,10.7
14986,14.63
14987,8.35
14988,8.37
14989,14.54
14990,12.04
14991,12.11
14992,16.86
14993,11.39
14994,6.03
14995,8.41
14996,11.47
14997,11.15
14998,13.69
14999,7.76
15000,5.3
15001,12.35
15002,16.3
15003,8.75
15004,12.89
15005,10.74
15006,5.3
15007,5.3
15008,15.68
15009,9.92
15010,5.3
15011,5.3
15012,5.3
15013,10.24
15014,5.3
15015,13.24
15016,9.49
15017,5.3
15018,13.69
15019,10.01
15020,13.82
15021,8.3
15022,5.3
15023,9.77
15024,11.55
15025,15.3
15026,11.53
15027,17.11
15028,8.7
15029,10.17
15030,5.3
15031,10.39
15032,5.3
15033,14.51
15034,8.82
15035,10.8
15036,14.07
15037,12.15
15038,8.97
15039,5.3
15040,12.23
15041,7.09
15042,13.72
15043,9.64
15044,15.03
15045,8.76
15046,14.05
15047,9.39
15048,13.65
15049,11.68
15050,13.43
15051,13.95
15052,14.37
15053,9.16
15054,8.61
15055,5.3
15056,8.68
15057,5.3
15058,13.45
15059,10.79
15060,11.43
15061,9.15
15062,11.95
15063,12.09
15064,9.24
15065,5.3
15066,14.78
15067,9.25
15068,13.84
15069,10.16
15070,5.3
15071,5.3
15072,5.3
15073,12.57
15074,8.81
15075,13.8
15076,10.64
15077,14.36
15078,5.3
15079,5.3
15080,9.85
15081,11.01
15082,10.6
15083,12.75
15084,5.3
15085,8.14
15086,13.89
15087,5.3
15088,12.05
15089,15.6
15090,5.3
15091,9.24
15092,12.58
15093,8.41
15094,11.7
15095,9.54
15096,9.31
15097,13.1
15098,9.12
15099,5.3
15100,14.52
15101,11.77
15102,15.03
15103,9.52
15104,13.83
15105,12.61
15106,5.3
15107,10.54
15108,5.3
15109,11.04
15110,19.2
15111,9.93
15112,8.14
15113,11.94
15114,14.07
15115,13.97
15116,8.14
15117,12.2
15118,5.3
15119,11.69
15120,13.73
15121,8.82
15122,5.3
15123,5.3
15124,9.62
15125,10.05
15126,8.79
15127,11.62
15128,8.48
15129,12.04
15130,14.18
15131,15.96
15132,5.77
15133,8.52
15134,11.4
15135,8.49
15136,8.63
15137,12.43
15138,9.14
15139,13.34
15140,12.4
15141,8.63
15142,9.24
15143,9.65
15144,9.34
15145,11.2
15146,11.29
15147,10.04
15148,10.01
15149,8.36
15150,15.37
15151,18.22
15152,13.77
15153,13.87
15154,8.93
15155,9.37
15156,9.12
15157,9.58
15158,10.95
15159,15.97
15160,8.66
15161,12.83
15162,10.37
15163,17.39
15164,5.3
15165,16.21
15166,12.2
15167,5.3
15168,10.31
15169,14.07
15170,10.48
15171,8.1
15172,5.3
15173,11.36
15174,9.53
15175,5.3
15176,9.23
15177,12.18
15178,9.51
15179,7.67
15180,11.65
15181,5.3
15182,9.75
15183,12.8
15184,11.3
15185,10.53
15186,15.02
15187,8.63
15188,5.3
15189,9.57
15190,5.3
15191,14.18
15192,9.41
15193,16.3
15194,17.08
15195,15.87
15196,13.58
15197,13.5
15198,14.13
15199,8.32
15200,9.27
15201,8.56
15202,14.45
15203,11.86
15204,5.3
15205,11.67
15206,11.16
15207,9.46
15208,9.48
15209,8.57
15210,9.65
15211,11.34
15212,13.74
15213,8.27
15214,10.13
15215,14.17
15216,5.98
15217,9.6
15218,9.47
15219,12.64
15220,10.95
15221,8.82
15222,12.32
15223,15.15
15224,9.29
15225,9.59
15226,12.61
15227,5.26
15228,15.3
15229,5.3
15230,12.15
15231,11.14
15232,8.56
15233,8.51
15234,13.77
15235,12.14
15236,14.62
15237,5.3
15238,8.3
15239,9.36
15240,5.3
15241,9.63
15242,17.05
15243,13.24
15244,16.27
15245,9.87
15246,9.2
15247,5.3
15248,11.59
15249,10.64
15250,10.46
15251,12.75
15252,11.36
15253,5.3
15254,7.09
15255,8.69
15256,14.08
15257,12.54
15258,11.47
15259,12.82
15260,13.3
15261,9.12
15262,13.67
15263,8.87
15264,8.8
15265,12.63
15266,14.01
15267,8.15
15268,12.15
15269,5.3
15270,10.19
15271,13.26
15272,9.27
15273,11.13
15274,9.89
15275,5.3
15276,5.3
15277,9.24
15278,14.81
15279,13.06
15280,5.3
15281,12.17
15282,8.98
15283,15.66
15284,9.5
15285,8.02
15286,14.11
15287,12.39
15288,5.91
15289,10.25
15290,11.38
15291,14.01
15292,7.11
15293,9.55
15294,12.94
15295,8.85
15296,9.17
15297,12.57
15298,10.82
15299,11.06
15300,12.12
15301,5.3
15302,9.52
15303,8.68
15304,9.21
15305,14.34
15306,7.61
15307,8.81
15308,13.98
15309,11.44
15310,9.84
15311,16.22
15312,10.36
15313,16.19
15314,5.3
15315,5.3
15316,9.71
15317,14.26
15318,16.21
15319,5.3
15320,9.63
15321,8.21
15322,11.8
15323,8.44
15324,5.3
15325,14.81
15326,12.17
15327,9.37
15328,10.09
15329,8.91
15330,8.84
15331,10.45
15332,8.57
15333,8.92
15334,12.3
15335,5.3
15336,5.3
15337,10.82
15338,10.39
15339,10.46
15340,9.1
15341,15.82
15342,12.12
15343,5.3
15344,9.51
15345,5.3
15346,5.3
15347,18.26
15348,9.08
15349,13.63
15350,11.53
15351,9.29
15352,8.39
15353,12.09
15354,10.4
15355,11.86
15356,9.51
15357,13.53
15358,10.49
15359,9.62
15360,8.6
15361,11.48
15362,10.13
15363,15.38
15364,14.38
15365,8.41
15366,12.0
15367,8.97
15368,8.91
15369,9.3
15370,9.36
15371,5.3
15372,10.42
15373,9.92
15374,9.55
15375,5.3
15376,13.97
15377,9.57
15378,11.9
15379,8.74
15380,14.14
15381,8.95
15382,11.45
15383,5.3
15384,8.86
15385,12.8
15386,8.51
15387,16.87
15388,11.84
15389,11.87
15390,14.04
15391,10.12
15392,13.33
15393,13.86
15394,14.13
15395,9.81
15396,10.88
15397,9.04
15398,5.3
15399,14.31
15400,10.55
15401,8.72
15402,10.6
15403,14.19
15404,9.9
15405,9.42
15406,13.27
15407,5.3
15408,5.3
15409,9.62
15410,9.19
15411,10.02
15412,13.66
15413,5.3
15414,9.74
15415,5.3
15416,14.2
15417,12.12
15418,10.61
15419,12.27
15420,5.3
15421,5.3
15422,9.17
15423,13.05
15424,5.3
15425,10.16
15426,7.74
15427,11.19
15428,9.2
15429,10.21
15430,8.33
15431,7.81
15432,11.2
15433,13.32
15434,7.71
15435,8.63
15436,11.69
15437,9.0
15438,15.96
15439,14.78
15440,13.38
15441,5.3
15442,14.62
15443,14.06
15444,9.2
15445,8.33
15446,8.87
15447,10.22
15448,7.49
15449,10.49
15450,8.24
15451,14.21
15452,8.81
15453,5.3
15454,10.26
15455,15.82
15456,5.3
15457,8.78
15458,5.3
15459,11.54
15460,8.55
15461,8.88
15462,7.02
15463,13.66
15464,11.59
15465,11.14
15466,8.93
15467,11.82
15468,9.39
15469,9.47
15470,14.99
15471,9.23
15472,11.33
15473,9.81
15474,5.3
15475,8.15
15476,8.56
15477,15.5
15478,11.83
15479,9.92
15480,12.78
15481,16.24
15482,12.67
15483,6.42
15484,11.59
15485,5.3
15486,14.07
15487,8.7
15488,5.3
15489,13.86
15490,12.24
15491,9.64
15492,9.0
15493,8.31
15494,5.3
15495,5.3
15496,5.59
15497,11.56
15498,13.63
15499,11.17
15500,12.52
15501,9.78
15502,13.81
15503,10.58
15504,5.3
15505,8.62
15506,16.15
15507,12.82
15508,9.01
15509,5.3
15510,5.3
15511,12.71
15512,9.54
15513,10.95
15514,13.39
15515,9.96
15516,8.73
15517,10.09
15518,11.22
15519,9.5
15520,5.3
15521,10.06
15522,5.02
15523,10.03
15524,8.9
15525,5.3
15526,13.99
15527,9.61
15528,7.93
15529,5.3
15530,14.34
15531,14.66
15532,11.77
15533,12.22
15534,9.04
15535,14.48
15536,13.56
15537,5.3
15538,12.81
15539,8.89
15540,8.59
15541,5.3
15542,8.51
15543,14.4
15544,8.75
15545,8.92
15546,14.67
15547,8.88
15548,9.77
15549,5.3
15550,5.3
15551,8.72
15552,8.14
15553,9.13
15554,12.57
15555,13.55
15556,9.48
15557,9.07
15558,5.3
15559,11.64
15560,14.56
15561,10.24
15562,8.83
15563,9.28
15564,8.38
15565,8.62
15566,9.91
15567,5.3
15568,9.36
15569,14.05
15570,8.89
15571,9.87
15572,5.3
15573,5.3
15574,11.46
15575,10.07
15576,13.47
15577,5.3
15578,13.14
15579,8.65
15580,9.17
15581,5.3
15582,8.84
15583,9.01
15584,9.93
15585,10.88
15586,11.75
15587,8.14
15588,5.3
15589,6.53
15590,14.34
15591,5.3
15592,13.54
15593,8.31
15594,9.07
15595,5.3
15596,9.46
15597,9.84
15598,10.3
15599,8.08
15600,9.48
15601,15.23
15602,11.95
15603,8.29
15604,13.39
15605,12.26
15606,11.5
15607,9.16
15608,8.31
15609,5.3
15610,8.04
15611,12.45
15612,8.67
15613,9.84
15614,9.16
15615,9.15
15616,5.3
15617,9.08
15618,8.59
15619,13.73
15620,8.83
15621,5.3
15622,5.3
15623,7.05
15624,8.08
15625,8.89
15626,14.37
15627,10.96
15628,15.99
15629,8.76
15630,9.2
15631,10.61
15632,9.71
15633,12.04
15634,13.55
15635,10.57
15636,5.3
15637,11.23
15638,10.42
15639,10.88
15640,9.75
15641,13.53
15642,13.1
15643,5.3
15644,9.33
15645,8.82
15646,12.35
15647,14.07
15648,13.76
15649,12.69
15650,10.15
15651,11.93
15652,13.98
15653,8.93
15654,11.01
15655,15.29
15656,9.47
15657,9.41
15658,15.72
15659,9.48
15660,8.23
15661,11.86
15662,10.99
15663,9.04
15664,8.53
15665,9.14
15666,5.3
15667,10.04
15668,5.3
15669,13.94
15670,12.97
15671,14.09
15672,9.86
15673,16.26
15674,11.68
15675,14.03
15676,11.1
15677,12.46
15678,9.11
15679,9.26
15680,12.84
15681,9.25
15682,14.21
15683,11.2
15684,5.3
15685,16.09
15686,8.79
15687,13.21
15688,13.12
15689,13.96
15690,12.5
15691,12.2
15692,12.0
15693,14.49
15694,9.15
15695,5.3
15696,8.85
15697,11.64
15698,5.3
15699,8.32
15700,12.5
15701,13.93
15702,9.19
15703,14.83
15704,13.78
15705,15.49
15706,9.02
15707,11.3
15708,11.22
15709,13.81
15710,6.97
15711,8.49
15712,9.42
15713,5.3
15714,14.06
15715,12.84
15716,14.07
15717,8.1
15718,9.12
15719,9.93
15720,9.1
15721,15.57
15722,11.56
15723,9.26
15724,8.0
15725,9.5
15726,14.25
15727,5.3
15728,12.57
15729,8.16
15730,5.3
15731,9.04
15732,11.9
15733,9.21
15734,8.58
15735,5.3
15736,10.57
15737,9.61
15738,5.3
15739,13.76
15740,14.84
15741,11.91
15742,8.87
15743,9.24
15744,10.99
15745,10.25
15746,8.76
15747,8.95
15748,13.71
15749,14.52
15750,9.91
15751,12.29
15752,8.81
15753,11.03
15754,5.3
15755,13.88
15756,8.91
15757,9.32
15758,9.76
15759,9.16
15760,7.4
15761,12.14
15762,5.3
15763,5.3
15764,9.26
15765,9.64
15766,17.53
15767,13.9
15768,9.22
15769,13.0
15770,9.52
15771,5.3
15772,13.09
15773,10.46
15774,17.85
15775,9.7
15776,5.3
15777,11.32
15778,5.3
15779,5.3
15780,5.3
15781,11.36
15782,14.48
15783,5.3
15784,9.0
15785,9.33
15786,14.05
15787,9.68
15788,8.55
15789,9.34
15790,12.08
15791,5.3
15792,16.0
15793,10.79
15794,5.3
15795,5.3
15796,10.14
15797,13.07
15798,8.6
15799,8.58
15800,13.79
15801,13.92
15802,9.15
15803,12.96
15804,14.84
15805,9.89
15806,5.3
15807,5.3
15808,12.09
15809,8.81
15810,15.51
15811,13.87
15812,13.66
15813,9.31
15814,9.9
15815,17.56
15816,6.96
15817,12.83
15818,8.63
15819,13.63
15820,13.9
15821,10.0
15822,16.02
15823,9.52
15824,9.12
15825,14.75
15826,8.79
15827,10.28
15828,15.71
15829,8.26
15830,11.07
15831,12.25
15832,10.1
15833,13.43
15834,13.73
15835,5.3
15836,9.71
15837,9.57
15838,9.5
15839,5.3
15840,10.6
15841,11.59
15842,8.79
15843,5.3
15844,17.15
15845,5.3
15846,5.3
15847,10.33
15848,13.47
15849,5.3
15850,14.51
15851,7.12
15852,8.95
15853,13.73
15854,8.9
15855,8.22
15856,9.88
15857,10.04
15858,8.22
15859,5.3
15860,10.44
15861,8.73
15862,9.12
15863,16.9
15864,11.65
15865,9.54
15866,17.42
15867,9.33
15868,10.52
15869,8.83
15870,9.43
15871,5.3
15872,9.1
15873,15.64
15874,10.92
15875,11.82
15876,10.93
15877,10.1
15878,13.25
15879,9.68
15880,9.07
15881,5.3
15882,16.64
15883,9.6
15884,14.77
15885,13.86
15886,7.57
15887,10.63
15888,10.49
15889,8.78
15890,11.53
15891,12.69
15892,5.3
15893,11.88
15894,13.68
15895,9.52
15896,9.25
15897,9.37
15898,14.66
15899,15.74
15900,6.14
15901,6.13
15902,9.39
15903,9.1
15904,15.73
15905,16.1
15906,12.38
15907,5.3
15908,9.39
15909,5.3
15910,5.3
15911,12.07
15912,9.75
15913,10.38
15914,12.2
15915,9.48
15916,6.1
15917,5.88
15918,5.3
15919,10.74
15920,5.3
15921,12.79
15922,9.59
15923,11.03
15924,14.81
15925,7.44
15926,11.22
15927,5.3
15928,5.3
15929,13.61
15930,10.22
15931,12.33
15932,14.13
15933,8.7
15934,11.35
15935,5.3
15936,9.54
15937,11.34
15938,5.3
15939,13.24
15940,7.31
15941,13.79
15942,12.4
15943,8.41
15944,5.3
15945,5.3
15946,12.09
15947,9.27
15948,9.39
15949,11.15
15950,10.74
15951,8.96
15952,9.26
15953,9.42
15954,14.71
15955,9.98
15956,14.29
15957,12.26
15958,7.78
15959,9.29
15960,5.3
15961,5.3
15962,17.12
15963,10.13
15964,8.68
15965,10.67
15966,10.48
15967,15.13
15968,14.7
15969,5.3
15970,12.21
15971,13.05
15972,9.51
15973,10.04
15974,8.64
15975,15.67
15976,5.3
15977,8.59
15978,8.16
15979,9.94
15980,14.54
15981,10.09
15982,8.88
15983,12.42
15984,14.01
15985,9.73
15986,9.05
15987,5.3
15988,9.53
15989,5.3
15990,9.97
15991,8.61
15992,13.03
15993,9.23
15994,11.14
15995,10.29
15996,13.64
15997,13.17
15998,9.75
15999,11.77
16000,10.38
16001,10.13
16002,9.29
16003,9.01
16004,8.58
16005,9.0
16006,5.3
16007,8.83
16008,5.3
16009,11.99
16010,12.36
16011,10.03
16012,19.02
16013,11.85
16014,5.3
16015,5.3
16016,9.47
16017,8.12
16018,10.96
16019,6.14
16020,12.61
16021,10.51
16022,10.88
16023,12.57
16024,8.68
16025,8.94
16026,12.04
16027,8.74
16028,15.17
16029,9.36
16030,8.74
16031,9.46
16032,12.11
16033,12.67
16034,9.95
16035,5.3
16036,5.3
16037,14.19
16038,9.63
16039,10.77
16040,12.79
16041,8.07
16042,11.75
16043,13.1
16044,5.3
16045,11.41
16046,5.3
16047,5.3
16048,5.3
16049,9.0
16050,8.79
16051,9.71
16052,12.8
16053,5.3
16054,11.8
16055,8.02
16056,8.59
16057,8.4
16058,9.67
16059,5.3
16060,14.61
16061,5.3
16062,9.06
16063,8.16
16064,5.3
16065,14.38
16066,8.96
16067,9.41
16068,13.97
16069,8.92
16070,8.33
16071,8.69
16072,11.62
16073,14.18
16074,5.3
16075,9.56
16076,16.27
16077,10.44
16078,5.3
16079,10.65
16080,14.83
16081,11.49
16082,8.32
16083,10.06
16084,10.43
16085,9.61
16086,13.52
16087,9.42
16088,5.3
16089,14.89
16090,8.91
16091,10.46
16092,13.74
16093,9.3
16094,5.3
16095,12.78
16096,8.36
16097,7.9
16098,9.21
16099,13.41
16100,14.91
16101,12.7
16102,9.12
16103,9.71
16104,9.23
16105,13.5
16106,14.25
16107,5.3
16108,9.6
16109,5.3
16110,5.3
16111,9.5
16112,12.43
16113,5.3
16114,14.4
16115,13.95
16116,5.3
16117,9.41
16118,13.53
16119,9.52
16120,9.33
16121,8.97
16122,8.8
16123,11.6
16124,9.37
16125,9.14
16126,9.84
16127,13.91
16128,12.72
16129,10.03
16130,9.19
16131,13.35
16132,8.88
16133,14.23
16134,9.8
16135,11.49
16136,13.58
16137,8.47
16138,9.51
16139,9.07
16140,10.54
16141,9.58
16142,9.4
16143,11.4
16144,11.14
16145,9.94
16146,8.9
16147,15.76
16148,9.75
16149,9.66
16150,10.69
16151,9.65
16152,10.88
16153,14.11
16154,9.88
16155,10.01
16156,14.32
16157,11.12
16158,10.88
16159,8.85
16160,9.32
16161,5.3
16162,14.84
16163,17.7
16164,13.54
16165,9.3
16166,5.3
16167,13.33
16168,11.19
16169,11.2
16170,5.3
16171,5.3
16172,16.05
16173,8.17
16174,15.82
16175,5.3
16176,8.54
16177,8.9
16178,8.98
16179,9.01
16180,9.35
16181,9.86
16182,11.24
16183,14.02
16184,14.1
16185,9.29
16186,11.76
16187,8.77
16188,11.46
16189,8.55
16190,8.9
16191,5.3
16192,9.55
16193,13.84
16194,5.3
16195,9.31
16196,10.22
16197,10.43
16198,12.23
16199,11.21
16200,5.3
16201,12.24
16202,10.11
16203,11.55
16204,16.17
16205,8.81
16206,11.32
16207,9.16
16208,10.79
16209,13.93
16210,10.36
16211,5.3
16212,9.56
16213,9.68
16214,11.73
16215,9.06
16216,5.3
16217,12.03
16218,14.81
16219,14.45
16220,5.3
16221,5.3
16222,11.59
16223,8.53
16224,5.3
16225,5.3
16226,10.14
16227,10.05
16228,9.09
16229,12.5
16230,5.3
16231,14.08
16232,12.65
16233,11.95
16234,9.4
16235,8.77
16236,10.62
16237,8.61
16238,5.3
16239,13.76
16240,10.15
16241,13.4
16242,9.63
16243,8.27
16244,13.74
16245,5.3
16246,15.46
16247,9.78
16248,9.09
16249,12.6
16250,11.68
16251,11.66
16252,13.41
16253,13.23
16254,5.3
16255,12.24
16256,11.14
16257,13.87
16258,8.67
16259,8.31
16260,8.12
16261,9.3
16262,6.26
16263,8.93
16264,9.41
16265,10.01
16266,8.84
16267,5.3
16268,9.36
16269,10.79
16270,9.61
16271,5.3
16272,8.73
16273,10.85
16274,15.7
16275,9.1
16276,5.3
16277,11.17
16278,5.3
16279,9.29
16280,8.49
16281,5.3
16282,15.19
16283,14.57
16284,7.46
16285,11.27
16286,12.24
16287,10.5
16288,8.38
16289,5.3
16290,8.83
16291,11.89
16292,5.3
16293,15.21
16294,5.3
16295,8.75
16296,12.37
16297,10.57
16298,5.3
16299,12.74
16300,9.54
16301,9.5
16302,15.03
16303,11.2
16304,5.3
16305,12.62
16306,11.27
16307,11.57
16308,9.0
16309,12.48
16310,11.38
16311,12.34
16312,14.08
16313,11.05
16314,5.3
16315,9.16
16316,8.53
16317,9.97
16318,9.5
16319,9.6
16320,5.3
16321,9.29
16322,9.31
16323,8.35
16324,12.15
16325,15.37
16326,9.53
16327,5.3
16328,11.04
16329,10.42
16330,8.78
16331,5.3
16332,8.95
16333,8.73
16334,11.33
16335,9.5
16336,8.82
16337,10.81
16338,9.71
16339,5.3
16340,10.35
16341,8.88
16342,15.67
16343,11.97
16344,9.18
16345,12.26
16346,10.33
16347,11.22
16348,9.48
16349,16.86
16350,12.15
16351,10.79
16352,8.23
16353,8.7
16354,10.08
16355,5.3
16356,9.85
16357,11.31
16358,13.31
16359,8.85
16360,8.36
16361,10.31
16362,8.91
16363,11.28
16364,8.29
16365,5.3
16366,9.43
16367,9.43
16368,8.68
16369,10.71
16370,16.33
16371,13.66
16372,8.9
16373,9.29
16374,9.75
16375,5.3
16376,10.07
16377,8.78
16378,14.18
16379,13.86
16380,5.3
16381,12.82
16382,15.18
16383,13.46
16384,5.3
16385,6.34
16386,15.7
16387,10.24
16388,9.31
16389,9.22
16390,14.94
16391,5.3
16392,5.3
16393,14.02
16394,11.94
16395,8.69
16396,17.49
16397,12.82
16398,14.34
16399,10.52
16400,5.3
16401,5.3
16402,15.28
16403,9.65
16404,13.68
16405,9.25
16406,10.84
16407,12.19
16408,14.86
16409,10.48
16410,8.3
16411,9.77
16412,8.63
16413,9.16
16414,8.84
16415,13.35
16416,10.99
16417,15.86
16418,5.3
16419,8.8
16420,8.67
16421,9.27
16422,11.11
16423,14.2
16424,8.34
16425,17.3
16426,10.42
16427,10.96
16428,12.22
16429,13.84
16430,13.28
16431,11.86
16432,13.81
16433,12.93
16434,9.8
16435,9.05
16436,10.88
16437,8.88
16438,8.97
16439,9.15
16440,5.3
16441,11.34
16442,9.1
16443,19.88
16444,6.0
16445,9.52
16446,5.3
16447,15.78
16448,5.21
16449,9.56
16450,10.73
16451,7.7
16452,13.99
16453,13.34
16454,10.65
16455,11.43
16456,15.23
16457,10.41
16458,11.37
16459,9.93
16460,8.33
16461,15.04
16462,12.75
16463,13.64
16464,16.57
16465,9.4
16466,12.82
16467,8.48
16468,12.04
16469,10.36
16470,10.93
16471,13.9
16472,6.32
16473,10.63
16474,5.3
16475,9.42
16476,11.95
16477,8.3
16478,14.77
16479,5.3
16480,11.5
16481,13.98
16482,9.34
16483,7.97
16484,5.3
16485,11.21
16486,9.99
16487,10.87
16488,8.89
16489,9.55
16490,10.45
16491,8.96
16492,5.3
16493,11.7
16494,13.8
16495,8.67
16496,12.87
16497,5.3
16498,8.16
16499,5.3
16500,11.17
16501,11.84
16502,11.71
16503,8.34
16504,7.71
16505,8.98
16506,9.59
16507,14.09
16508,9.38
16509,14.07
16510,11.44
16511,9.03
16512,8.6
16513,9.18
16514,12.68
16515,11.89
16516,8.88
16517,5.3
16518,9.72
16519,15.51
16520,10.01
16521,9.96
16522,9.31
16523,8.93
16524,14.77
16525,13.65
16526,9.32
16527,8.78
16528,5.3
16529,12.26
16530,14.94
16531,8.47
16532,8.62
16533,10.37
16534,8.53
16535,8.66
16536,13.27
16537,16.49
16538,5.3
16539,12.63
16540,13.63
16541,10.1
16542,14.08
16543,9.39
16544,8.44
16545,9.14
16546,8.99
16547,5.3
16548,11.5
16549,7.51
16550,11.93
16551,13.64
16552,5.3
16553,8.76
16554,9.24
16555,12.52
16556,14.34
16557,8.76
16558,11.73
16559,13.99
16560,7.85
16561,5.3
16562,11.06
16563,9.1
16564,10.72
16565,10.8
16566,13.98
16567,13.21
16568,9.68
16569,5.3
16570,8.92
16571,14.02
16572,5.3
16573,9.13
16574,10.73
16575,9.17
16576,8.71
16577,5.3
16578,8.84
16579,12.6
16580,15.31
16581,5.3
16582,5.3
16583,9.04
16584,14.31
16585,5.3
16586,12.0
16587,9.52
16588,9.14
16589,5.3
16590,12.67
16591,8.73
16592,9.31
16593,10.71
16594,11.26
16595,5.3
16596,8.56
16597,5.3
16598,14.42
16599,5.3
16600,5.3
16601,16.6
16602,14.23
16603,13.75
16604,12.27
16605,13.09
16606,10.52
16607,14.07
16608,14.56
16609,11.25
16610,13.54
16611,8.98
16612,7.73
16613,10.93
16614,9.79
16615,11.12
16616,12.55
16617,11.84
16618,13.41
16619,12.28
16620,10.55
16621,9.61
16622,5.3
16623,12.57
16624,13.95
16625,11.02
16626,8.8
16627,8.51
16628,5.3
16629,13.81
16630,12.13
16631,12.48
16632,5.3
16633,7.01
16634,9.86
16635,5.3
16636,9.34
16637,9.6
16638,5.3
16639,15.28
16640,8.79
16641,9.5
16642,10.45
16643,5.3
16644,16.43
16645,9.78
16646,9.12
16647,9.79
16648,13.51
16649,9.79
16650,12.09
16651,15.98
16652,15.4
16653,10.03
16654,9.51
16655,5.3
16656,9.8
16657,9.16
16658,10.39
16659,11.37
16660,9.01
16661,9.39
16662,8.58
16663,5.3
16664,11.55
16665,5.3
16666,10.57
16667,13.52
16668,5.3
16669,12.49
16670,9.46
16671,13.91
16672,13.6
16673,8.87
16674,9.49
16675,10.18
16676,13.89
16677,11.0
16678,9.15
16679,9.19
16680,9.52
16681,12.73
16682,12.17
16683,13.92
16684,8.98
16685,8.69
16686,13.84
16687,5.3
16688,8.82
16689,13.03
16690,5.3
16691,13.76
16692,14.33
16693,9.76
16694,10.34
16695,11.94
16696,9.53
16697,7.68
16698,8.79
16699,9.83
16700,5.3
16701,8.83
16702,9.03
16703,9.84
16704,14.62
16705,7.84
16706,10.88
16707,5.3
16708,5.3
16709,13.68
16710,13.33
16711,5.3
16712,8.29
16713,9.48
16714,8.96
16715,5.3
16716,9.28
16717,5.3
16718,9.67
16719,15.19
16720,10.88
16721,12.58
16722,15.57
16723,11.3
16724,12.78
16725,12.33
16726,5.3
16727,13.6
16728,13.15
16729,9.54
16730,15.73
16731,8.86
16732,9.47
16733,8.09
16734,11.04
16735,13.95
16736,12.16
16737,14.31
16738,5.3
16739,14.11
16740,5.3
16741,12.32
16742,11.6
16743,14.85
16744,5.3
16745,13.7
16746,14.18
16747,12.3
16748,17.32
16749,8.56
16750,9.56
16751,8.71
16752,13.41
16753,5.3
16754,9.19
16755,9.39
16756,9.62
16757,11.08
16758,11.34
16759,13.66
16760,10.28
16761,9.63
16762,13.87
16763,12.05
16764,10.54
16765,10.33
16766,13.95
16767,9.99
16768,5.3
16769,14.72
16770,15.74
16771,8.9
16772,8.77
16773,9.92
16774,5.3
16775,5.3
16776,9.15
16777,13.23
16778,9.88
16779,11.13
16780,13.0
16781,13.68
16782,16.38
16783,16.38
16784,12.68
16785,7.57
16786,9.59
16787,8.73
16788,8.57
16789,9.89
16790,9.5
16791,9.34
16792,9.99
16793,11.07
16794,8.85
16795,10.12
16796,9.33
16797,7.09
16798,5.3
16799,9.53
16800,9.6
16801,11.7
16802,8.62
16803,10.55
16804,15.82
16805,8.85
16806,13.11
16807,8.95
16808,5.3
16809,13.62
16810,5.3
16811,9.57
16812,5.3
16813,14.04
16814,9.25
16815,11.15
16816,15.67
16817,7.54
16818,8.33
16819,9.23
16820,11.92
16821,9.34
16822,9.34
16823,9.84
16824,13.76
16825,9.24
16826,10.29
16827,9.33
16828,5.3
16829,15.15
16830,14.47
16831,9.37
16832,5.3
16833,9.64
16834,12.1
16835,13.35
16836,11.7
16837,11.62
16838,5.3
16839,10.63
16840,13.45
16841,5.3
16842,7.4
16843,8.44
16844,8.49
16845,12.13
16846,13.49
16847,13.77
16848,10.33
16849,9.12
16850,12.59
16851,13.03
16852,9.54
16853,10.57
16854,12.01
16855,9.27
16856,14.41
16857,8.16
16858,8.77
16859,11.77
16860,13.6
16861,7.9
16862,9.58
16863,9.13
16864,14.59
16865,13.54
16866,5.3
16867,11.84
16868,5.3
16869,9.8
16870,9.43
16871,12.11
16872,12.05
16873,9.4
16874,15.31
16875,5.3
16876,8.64
16877,14.2
16878,12.25
16879,7.89
16880,15.64
16881,10.58
16882,11.66
16883,12.33
16884,8.55
16885,5.3
16886,13.88
16887,9.37
16888,14.25
16889,14.45
16890,9.48
16891,13.98
16892,15.0
16893,11.09
16894,8.98
16895,11.94
16896,9.2
16897,13.86
16898,10.5
16899,9.58
16900,10.32
16901,5.3
16902,5.3
16903,12.37
16904,9.27
16905,13.9
16906,12.54
16907,14.69
16908,14.64
16909,12.74
16910,14.85
16911,12.04
16912,8.54
16913,12.29
16914,10.34
16915,10.97
16916,5.3
16917,5.3
16918,13.93
16919,7.27
16920,9.74
16921,11.87
16922,11.45
16923,9.0
16924,5.3
16925,9.2
16926,12.19
16927,14.39
16928,9.27
16929,14.05
16930,10.37
16931,5.3
16932,13.75
16933,8.56
16934,14.94
16935,14.23
16936,10.29
16937,13.9
16938,11.53
16939,14.17
16940,14.09
16941,14.53
16942,9.45
16943,11.63
16944,20.54
16945,5.3
16946,5.3
16947,10.25
16948,8.84
16949,17.48
16950,7.43
16951,9.16
16952,13.12
16953,12.42
16954,8.96
16955,11.58
16956,12.89
16957,12.97
16958,9.29
16959,12.37
16960,8.72
16961,5.3
16962,14.35
16963,12.76
16964,9.0
16965,14.46
16966,8.29
16967,5.3
16968,5.3
16969,8.78
16970,5.3
16971,15.42
16972,14.49
16973,9.8
16974,9.28
16975,5.3
16976,9.73
16977,11.43
16978,10.04
16979,7.81
16980,10.13
16981,16.37
16982,5.3
16983,5.3
16984,5.3
16985,9.53
16986,5.3
16987,9.1
16988,10.17
16989,14.04
16990,15.69
16991,9.03
16992,10.19
16993,11.05
16994,9.55
16995,14.89
16996,13.95
16997,8.72
16998,10.36
16999,14.18
17000,10.23
17001,12.59
17002,7.04
17003,9.49
17004,10.51
17005,12.37
17006,5.3
17007,5.3
17008,6.08
17009,10.22
17010,11.07
17011,14.75
17012,9.52
17013,11.13
17014,9.02
17015,13.0
17016,5.3
17017,14.92
17018,14.73
17019,5.3
17020,12.57
17021,5.3
17022,8.53
17023,12.43
17024,14.8
17025,5.3
17026,5.3
17027,13.53
17028,13.2
17029,13.96
17030,15.76
17031,5.3
17032,11.89
17033,13.69
17034,11.69
17035,9.32
17036,9.58
17037,12.46
17038,13.97
17039,9.43
17040,12.83
17041,11.15
17042,9.63
17043,9.75
17044,8.81
17045,10.97
17046,8.93
17047,11.19
17048,11.94
17049,9.3
17050,15.39
17051,9.5
17052,9.12
17053,13.9
17054,9.31
17055,5.3
17056,8.42
17057,9.45
17058,13.91
17059,8.84
17060,11.05
17061,13.23
17062,8.26
17063,11.65
17064,10.93
17065,8.96
17066,14.33
17067,9.89
17068,14.5
17069,19.2
17070,9.49
17071,14.18
17072,8.49
17073,8.86
17074,10.22
17075,9.48
17076,9.34
17077,8.62
17078,5.3
17079,5.3
17080,11.5
17081,9.67
17082,8.22
17083,7.95
17084,14.57
17085,12.33
17086,15.41
17087,10.41
17088,8.82
17089,18.55
17090,5.3
17091,5.3
17092,5.3
17093,13.74
17094,5.3
17095,10.47
17096,13.63
17097,9.03
17098,14.41
17099,10.95
17100,16.95
17101,9.23
17102,9.11
17103,13.09
17104,13.37
17105,9.07
17106,9.27
17107,5.3
17108,12.08
17109,9.37
17110,13.97
17111,9.85
17112,9.28
17113,5.3
17114,12.68
17115,14.07
17116,9.45
17117,16.39
17118,18.73
17119,8.69
17120,13.08
17121,11.22
17122,5.3
17123,9.48
17124,11.54
17125,9.58
17126,8.94
17127,8.08
17128,8.88
17129,11.0
17130,9.84
17131,9.89
17132,14.52
17133,12.67
17134,8.82
17135,5.3
17136,10.71
17137,5.3
17138,13.54
17139,15.66
17140,15.31
17141,10.5
17142,17.86
17143,5.3
17144,8.47
17145,10.18
17146,5.3
17147,10.57
17148,14.49
17149,9.74
17150,10.16
17151,10.93
17152,12.65
17153,12.89
17154,9.31
17155,9.07
17156,12.31
17157,8.86
17158,5.3
17159,9.0
17160,9.27
17161,13.94
17162,11.7
17163,13.8
17164,5.3
17165,13.54
17166,12.26
17167,9.29
17168,12.04
17169,9.18
17170,13.47
17171,14.29
17172,5.3
17173,9.21
17174,9.24
17175,13.89
17176,9.65
17177,11.85
17178,9.71
17179,11.13
17180,13.92
17181,11.65
17182,5.3
17183,12.35
17184,14.11
17185,5.3
17186,9.37
17187,9.61
17188,5.3
17189,14.69
17190,14.35
17191,11.56
17192,13.56
17193,5.3
17194,8.22
17195,8.33
17196,9.13
17197,13.22
17198,11.47
17199,18.06
17200,12.08
17201,12.66
17202,5.3
17203,12.06
17204,9.54
17205,12.94
17206,9.94
17207,8.72
17208,11.64
17209,9.37
17210,13.04
17211,15.96
17212,10.06
17213,14.03
17214,9.37
17215,10.4
17216,8.88
17217,9.55
17218,13.46
17219,13.5
17220,20.04
17221,5.3
17222,17.2
17223,12.11
17224,11.27
17225,10.73
17226,9.54
17227,9.13
17228,10.97
17229,12.53
17230,10.58
17231,13.74
17232,12.63
17233,9.12
17234,13.31
17235,9.71
17236,13.55
17237,13.27
17238,10.94
17239,12.28
17240,13.82
17241,5.3
17242,12.51
17243,10.99
17244,5.3
17245,11.88
17246,5.3
17247,10.71
17248,9.11
17249,10.23
17250,5.3
17251,8.71
17252,8.66
17253,12.97
17254,14.02
17255,9.12
17256,9.76
17257,14.13
17258,10.47
17259,9.08
17260,13.69
17261,9.12
17262,13.38
17263,8.88
17264,8.13
17265,9.84
17266,10.35
17267,10.82
17268,10.31
17269,10.95
17270,10.3
17271,9.89
17272,9.65
17273,9.36
17274,9.22
17275,8.33
17276,6.53
17277,5.3
17278,9.85
17279,8.69
17280,11.84
17281,5.3
17282,9.4
17283,11.51
17284,10.02
17285,9.49
17286,8.49
17287,14.34
17288,8.77
17289,10.1
17290,9.31
17291,8.69
17292,5.3
17293,8.86
17294,11.09
17295,10.88
17296,11.44
17297,10.05
17298,9.39
17299,8.84
17300,9.81
17301,10.87
17302,9.27
17303,8.03
17304,10.43
17305,9.67
17306,16.18
17307,12.61
17308,8.69
17309,13.71
17310,5.3
17311,12.65
17312,8.87
17313,9.55
17314,14.76
17315,13.49
17316,7.67
17317,9.75
17318,13.37
17319,13.08
17320,13.96
17321,11.56
17322,9.85
17323,10.21
17324,12.72
17325,10.25
17326,8.24
17327,8.43
17328,5.3
17329,5.3
17330,9.09
17331,12.18
17332,11.89
17333,8.49
17334,9.35
17335,13.07
17336,10.71
17337,9.81
17338,10.47
17339,13.64
17340,7.79
17341,12.08
17342,13.82
17343,17.31
17344,8.93
17345,5.3
17346,15.58
17347,13.4
17348,8.5
17349,13.08
17350,10.17
17351,8.19
17352,12.79
17353,10.92
17354,9.19
17355,11.18
17356,10.53
17357,11.26
17358,8.86
17359,5.3
17360,9.96
17361,12.52
17362,9.48
17363,8.63
17364,13.07
17365,8.18
17366,13.9
17367,10.48
17368,13.15
17369,9.12
17370,12.03
17371,13.13
17372,8.93
17373,5.3
17374,9.43
17375,12.05
17376,16.64
17377,13.85
17378,5.3
17379,9.93
17380,10.32
17381,11.86
17382,12.22
17383,9.4
17384,8.7
17385,9.52
17386,9.61
17387,14.08
17388,14.12
17389,9.87
17390,5.3
17391,8.41
17392,10.26
17393,9.84
17394,8.59
17395,14.92
17396,10.2
17397,13.71
17398,12.98
17399,12.21
17400,9.05
17401,8.79
17402,9.28
17403,10.54
17404,11.93
17405,13.19
17406,14.14
17407,11.54
17408,9.33
17409,9.65
17410,7.91
17411,5.3
17412,15.21
17413,9.31
17414,13.99
17415,5.3
17416,9.68
17417,7.45
17418,5.3
17419,8.7
17420,5.3
17421,10.51
17422,11.93
17423,5.3
17424,5.3
17425,10.54
17426,8.64
17427,10.07
17428,8.54
17429,9.38
17430,5.3
17431,5.3
17432,16.44
17433,11.14
17434,9.08
17435,12.06
17436,12.14
17437,8.84
17438,9.79
17439,14.69
17440,9.98
17441,8.63
17442,10.82
17443,5.3
17444,8.92
17445,13.65
17446,8.31
17447,10.3
17448,8.92
17449,8.7
17450,16.53
17451,5.3
17452,5.3
17453,5.3
17454,8.95
17455,9.24
17456,12.33
17457,8.37
17458,9.77
17459,13.72
17460,9.0
17461,9.65
17462,8.39
17463,14.55
17464,16.18
17465,10.22
17466,11.79
17467,9.54
17468,11.63
17469,9.39
17470,5.3
17471,10.41
17472,9.4
17473,13.99
17474,10.01
17475,9.85
17476,8.24
17477,5.97
17478,10.55
17479,12.27
17480,13.42
17481,9.64
17482,10.08
17483,10.55
17484,5.3
17485,13.09
17486,9.18
17487,15.72
17488,9.41
17489,5.3
17490,8.86
17491,9.66
17492,5.3
17493,13.58
17494,13.35
17495,5.3
17496,12.46
17497,5.3
17498,13.94
17499,12.06
17500,17.41
17501,8.83
17502,6.74
17503,9.4
17504,5.3
17505,9.8
17506,8.27
17507,13.52
17508,14.92
17509,9.22
17510,13.36
17511,9.32
17512,9.71
17513,11.23
17514,10.85
17515,9.59
17516,9.12
17517,13.07
17518,9.13
17519,9.78
17520,13.99
17521,10.23
17522,5.3
17523,14.51
17524,5.3
17525,5.3
17526,9.53
17527,9.37
17528,8.65
17529,9.35
17530,9.12
17531,9.25
17532,9.79
17533,8.46
17534,9.12
17535,9.77
17536,12.22
17537,5.9
17538,9.82
17539,9.52
17540,13.85
17541,10.79
17542,5.3
17543,7.94
17544,8.9
17545,14.23
17546,9.65
17547,8.78
17548,9.36
17549,9.5
17550,5.3
17551,15.44
17552,10.19
17553,9.88
17554,10.64
17555,8.75
17556,12.57
17557,8.45
17558,13.01
17559,9.9
17560,11.14
17561,9.53
17562,5.3
17563,9.05
17564,10.32
17565,5.3
17566,8.41
17567,14.22
17568,13.96
17569,9.64
17570,5.3
17571,10.42
17572,8.22
17573,13.19
17574,11.25
17575,12.73
17576,12.81
17577,13.82
17578,6.92
17579,12.21
17580,9.43
17581,13.76
17582,11.67
17583,10.88
17584,5.3
17585,9.78
17586,10.8
17587,10.91
17588,9.29
17589,11.01
17590,13.62
17591,10.67
17592,11.66
17593,11.92
17594,15.19
17595,13.82
17596,13.99
17597,8.72
17598,9.44
17599,5.3
17600,9.69
17601,10.95
17602,9.29
17603,5.3
17604,9.2
17605,12.86
17606,14.03
17607,5.3
17608,11.07
17609,10.38
17610,9.81
17611,11.3
17612,13.77
17613,8.52
17614,10.63
17615,14.05
17616,14.04
17617,9.24
17618,5.3
17619,10.53
17620,8.47
17621,10.98
17622,13.95
17623,8.71
17624,5.3
17625,13.93
17626,12.11
17627,8.88
17628,5.3
17629,13.55
17630,12.31
17631,5.3
17632,8.58
17633,14.72
17634,11.94
17635,8.58
17636,8.77
17637,11.22
17638,5.3
17639,5.3
17640,14.06
17641,9.53
17642,12.84
17643,10.11
17644,13.13
17645,10.66
17646,5.3
17647,5.3
17648,9.72
17649,11.95
17650,10.33
17651,10.3
17652,15.26
17653,9.6
17654,13.43
17655,8.5
17656,9.24
17657,11.75
17658,13.66
17659,8.84
17660,13.5
17661,9.79
17662,12.02
17663,5.3
17664,9.79
17665,9.27
17666,15.47
17667,9.16
17668,6.75
17669,13.84
17670,9.7
17671,15.86
17672,15.76
17673,17.53
17674,8.61
17675,14.39
17676,11.2
17677,5.3
17678,5.3
17679,9.74
17680,9.61
17681,9.33
17682,12.25
17683,10.02
17684,6.87
17685,12.89
17686,13.18
17687,10.12
17688,9.17
17689,5.3
17690,9.5
17691,13.36
17692,9.31
17693,12.53
17694,9.41
17695,10.61
17696,5.3
17697,12.18
17698,13.94
17699,9.86
17700,14.8
17701,12.45
17702,13.46
17703,8.7
17704,9.26
17705,12.39
17706,11.65
17707,13.14
17708,9.08
17709,9.3
17710,14.34
17711,12.87
17712,9.21
17713,11.22
17714,14.44
17715,14.32
17716,9.15
17717,8.96
17718,8.62
17719,9.97
17720,7.35
17721,9.26
17722,12.76
17723,5.3
17724,8.17
17725,12.27
17726,12.35
17727,5.3
17728,9.22
17729,10.1
17730,9.88
17731,14.81
17732,8.24
17733,9.54
17734,12.83
17735,6.17
17736,10.64
17737,11.36
17738,11.06
17739,9.66
17740,13.0
17741,8.69
17742,8.89
17743,8.46
17744,10.15
17745,11.13
17746,12.72
17747,7.1
17748,5.3
17749,8.9
17750,16.12
17751,12.16
17752,9.28
17753,11.53
17754,5.3
17755,9.41
17756,9.25
17757,9.05
17758,11.94
17759,8.83
17760,8.1
17761,11.81
17762,13.33
17763,13.41
17764,8.69
17765,9.85
17766,15.91
17767,9.08
17768,10.06
17769,9.54
17770,12.79
17771,5.3
17772,11.41
17773,9.66
17774,8.12
17775,12.54
17776,18.84
17777,5.3
17778,9.41
17779,9.07
17780,13.93
17781,10.4
17782,9.24
17783,9.47
17784,14.52
17785,5.3
17786,12.16
17787,15.46
17788,8.84
17789,9.31
17790,14.3
17791,9.17
17792,9.41
17793,8.66
17794,14.65
17795,7.44
17796,12.24
17797,10.72
17798,16.81
17799,8.41
17800,14.63
17801,8.4
17802,12.85
17803,5.3
17804,5.3
17805,9.04
17806,11.03
17807,11.64
17808,5.3
17809,9.53
17810,8.27
17811,15.05
17812,11.71
17813,10.87
17814,10.3
17815,9.63
17816,8.86
17817,7.92
17818,8.71
17819,8.81
17820,13.6
17821,12.85
17822,13.2
17823,12.03
17824,9.44
17825,9.62
17826,7.24
17827,9.55
17828,5.3
17829,12.21
17830,9.91
17831,8.96
17832,14.95
17833,9.81
17834,8.89
17835,8.87
17836,9.77
17837,9.9
17838,13.95
17839,14.02
17840,13.99
17841,9.02
17842,5.3
17843,9.0
17844,13.56
17845,13.8
17846,11.32
17847,11.1
17848,10.26
17849,10.17
17850,13.28
17851,5.3
17852,9.04
17853,16.62
17854,8.88
17855,13.99
17856,5.3
17857,12.43
17858,15.84
17859,11.07
17860,14.13
17861,8.97
17862,13.83
17863,5.3
17864,12.21
17865,18.02
17866,11.3
17867,13.01
17868,13.03
17869,5.3
17870,9.25
17871,7.67
17872,5.3
17873,14.25
17874,12.23
17875,13.37
17876,9.23
17877,14.76
17878,12.04
17879,8.56
17880,8.99
17881,14.4
17882,8.47
17883,5.3
17884,5.3
17885,9.81
17886,14.84
17887,9.74
17888,15.36
17889,8.46
17890,18.84
17891,13.14
17892,9.76
17893,7.37
17894,13.9
17895,5.3
17896,11.51
17897,8.12
17898,8.65
17899,7.9
17900,11.83
17901,10.26
17902,7.18
17903,5.3
17904,14.86
17905,8.92
17906,11.54
17907,8.04
17908,14.19
17909,14.27
17910,14.86
17911,13.56
17912,9.11
17913,5.3
17914,14.17
17915,9.01
17916,10.02
17917,5.3
17918,15.0
17919,9.73
17920,8.6
17921,5.3
17922,13.62
17923,7.85
17924,11.08
17925,8.64
17926,10.8
17927,15.37
17928,8.9
17929,9.78
17930,12.27
17931,13.33
17932,5.3
17933,10.08
17934,5.3
17935,5.3
17936,9.12
17937,5.3
17938,10.14
17939,14.37
17940,5.3
17941,10.7
17942,14.6
17943,14.57
17944,13.53
17945,10.14
17946,13.33
17947,9.83
17948,8.72
17949,9.08
17950,5.3
17951,11.45
17952,10.44
17953,9.34
17954,5.3
17955,15.56
17956,8.74
17957,13.0
17958,9.02
17959,11.49
17960,11.04
17961,9.95
17962,9.31
17963,9.14
17964,8.65
17965,8.35
17966,9.58
17967,13.81
17968,11.46
17969,9.47
17970,9.15
17971,9.29
17972,14.09
17973,9.16
17974,13.96
17975,4.57
17976,14.12
17977,9.19
17978,13.87
17979,9.23
17980,13.26
17981,5.3
17982,8.47
17983,7.65
17984,15.41
17985,14.0
17986,11.47
17987,14.13
17988,14.68
17989,8.8
17990,5.3
17991,8.55
17992,15.01
17993,9.49
17994,14.98
17995,13.58
17996,9.54
17997,5.3
17998,9.85
17999,12.18
18000,14.93
18001,5.3
18002,14.28
18003,12.55
18004,11.4
18005,6.53
18006,11.95
18007,8.67
18008,12.92
18009,9.89
18010,9.73
18011,8.22
18012,13.86
18013,9.7
18014,8.34
18015,11.19
18016,5.3
18017,16.61
18018,8.91
18019,12.42
18020,10.15
18021,5.3
18022,9.61
18023,13.77
18024,9.45
18025,9.49
18026,10.79
18027,5.3
18028,9.47
18029,12.53
18030,12.16
18031,9.5
18032,5.3
18033,5.3
18034,10.43
18035,8.49
18036,8.52
18037,7.84
18038,5.3
18039,5.3
18040,8.32
18041,14.06
18042,8.68
18043,5.3
18044,5.41
18045,12.07
18046,15.59
18047,8.69
18048,9.6
18049,10.45
18050,14.65
18051,16.2
18052,11.72
18053,12.52
18054,9.23
18055,14.37
18056,10.45
18057,14.32
18058,8.66
18059,9.89
18060,13.69
18061,9.57
18062,12.62
18063,8.48
18064,5.3
18065,12.25
18066,14.41
18067,8.88
18068,9.9
18069,13.08
18070,12.29
18071,12.33
18072,8.91
18073,12.47
18074,8.99
18075,8.74
18076,9.92
18077,12.93
18078,14.29
18079,11.34
18080,9.04
18081,10.8
18082,5.3
18083,9.04
18084,11.09
18085,9.55
18086,12.25
18087,10.55
18088,10.12
18089,12.66
18090,8.59
18091,11.49
18092,10.72
18093,14.7
18094,5.3
18095,9.45
18096,14.72
18097,12.11
18098,9.23
18099,5.3
18100,9.47
18101,17.64
18102,8.38
18103,8.45
18104,16.04
18105,8.82
18106,15.45
18107,14.69
18108,17.26
18109,11.9
18110,10.25
18111,14.35
18112,10.06
18113,9.23
18114,19.48
18115,17.17
18116,13.15
18117,5.3
18118,12.06
18119,8.96
18120,13.24
18121,12.06
18122,8.78
18123,12.14
18124,14.09
18125,5.3
18126,9.29
18127,8.41
18128,5.3
18129,8.1
18130,14.08
18131,9.0
18132,10.73
18133,12.47
18134,10.38
18135,9.67
18136,13.49
18137,12.15
18138,9.76
18139,15.2
18140,12.3
18141,5.3
18142,5.3
18143,11.87
18144,5.3
18145,5.3
18146,5.3
18147,8.32
18148,5.3
18149,9.31
18150,9.89
18151,5.3
18152,14.13
18153,9.43
18154,9.03
18155,13.83
18156,9.63
18157,9.12
18158,14.38
18159,9.42
18160,14.81
18161,9.38
18162,5.52
18163,13.72
18164,5.3
18165,9.69
18166,13.39
18167,16.72
18168,9.3
18169,9.02
18170,14.42
18171,11.46
18172,8.51
18173,12.08
18174,8.8
18175,8.93
18176,11.34
18177,5.3
18178,10.18
18179,8.46
18180,8.65
18181,11.32
18182,9.56
18183,9.56
18184,12.06
18185,5.3
18186,10.48
18187,8.76
18188,11.2
18189,13.21
18190,8.41
18191,10.67
18192,9.47
18193,13.9
18194,7.52
18195,16.16
18196,10.38
18197,8.81
18198,10.12
18199,10.49
18200,13.54
18201,5.3
18202,11.57
18203,9.5
18204,11.91
18205,9.17
18206,9.45
18207,8.71
18208,14.02
18209,9.0
18210,13.45
18211,5.3
18212,13.92
18213,9.65
18214,13.67
18215,13.53
18216,8.37
18217,14.21
18218,14.14
18219,10.59
18220,8.75
18221,13.85
18222,5.3
18223,12.45
18224,16.04
18225,14.1
18226,12.37
18227,14.18
18228,14.52
18229,12.86
18230,7.61
18231,8.96
18232,9.36
18233,5.3
18234,5.3
18235,18.57
18236,9.27
18237,5.3
18238,8.49
18239,12.5
18240,8.52
18241,14.71
18242,8.4
18243,5.3
18244,13.94
18245,10.91
18246,7.88
18247,11.8
18248,5.3
18249,14.01
18250,9.52
18251,8.98
18252,12.22
18253,5.3
18254,8.33
18255,5.3
18256,8.82
18257,10.35
18258,13.67
18259,11.38
18260,10.45
18261,8.84
18262,16.14
18263,5.3
18264,9.73
18265,11.55
18266,9.51
18267,11.89
18268,12.47
18269,11.52
18270,11.5
18271,5.3
18272,14.74
18273,11.82
18274,5.3
18275,5.3
18276,8.22
18277,13.36
18278,8.55
18279,13.63
18280,8.31
18281,14.83
18282,13.68
18283,6.14
18284,9.14
18285,15.18
18286,12.7
18287,9.25
18288,13.28
18289,10.31
18290,9.97
18291,5.3
18292,10.88
18293,5.3
18294,14.74
18295,8.7
18296,14.23
18297,12.59
18298,11.27
18299,15.29
18300,12.84
18301,10.71
18302,11.16
18303,5.3
18304,9.13
18305,9.34
18306,16.18
18307,5.3
18308,13.65
18309,16.36
18310,9.37
18311,9.26
18312,5.3
18313,13.58
18314,5.3
18315,14.01
18316,8.32
18317,13.3
18318,5.3
18319,13.97
18320,9.92
18321,9.34
18322,15.47
18323,5.3
18324,17.39
18325,8.29
18326,13.93
18327,12.82
18328,15.11
18329,11.37
18330,9.54
18331,10.49
18332,10.18
18333,11.94
18334,12.31
18335,12.22
18336,8.56
18337,8.25
18338,11.6
18339,11.98
18340,8.72
18341,9.13
18342,9.88
18343,5.3
18344,13.75
18345,9.04
18346,8.94
18347,14.39
18348,14.07
18349,9.25
18350,9.18
18351,5.3
18352,9.34
18353,9.46
18354,14.22
18355,10.58
18356,12.09
18357,10.21
18358,10.77
18359,10.95
18360,5.3
18361,5.3
18362,13.96
18363,12.87
18364,8.53
18365,18.75
18366,14.45
18367,13.61
18368,11.07
18369,9.08
18370,11.05
18371,9.66
18372,10.12
18373,10.04
18374,13.39
18375,10.98
18376,11.13
18377,8.92
18378,13.74
18379,5.3
18380,9.47
18381,5.3
18382,8.57
18383,11.42
18384,7.56
18385,10.29
18386,10.11
18387,5.3
18388,15.97
18389,13.84
18390,5.3
18391,5.3
18392,5.3
18393,8.96
18394,13.58
18395,9.82
18396,6.8
18397,11.22
18398,16.95
18399,8.52
18400,8.24
18401,12.25
18402,14.26
18403,12.4
18404,5.3
18405,14.44
18406,10.52
18407,5.3
18408,9.66
18409,5.3
18410,14.48
18411,14.18
18412,9.35
18413,13.24
18414,12.9
18415,14.39
18416,9.64
18417,8.78
18418,9.45
18419,8.64
18420,9.29
18421,8.76
18422,8.96
18423,15.0
18424,5.62
18425,9.43
18426,11.84
18427,8.84
18428,13.24
18429,7.29
18430,5.3
18431,12.92
18432,13.2
18433,14.44
18434,14.5
18435,8.13
18436,7.98
18437,5.3
18438,8.78
18439,5.3
18440,11.4
18441,5.3
18442,8.6
18443,13.65
18444,13.83
18445,10.3
18446,13.36
18447,8.54
18448,13.15
18449,9.17
18450,5.3
18451,9.37
18452,12.05
18453,9.4
18454,10.64
18455,12.27
18456,5.3
18457,13.31
18458,10.65
18459,9.08
18460,13.0
18461,11.7
18462,11.7
18463,8.69
18464,14.76
18465,9.56
18466,13.92
18467,8.32
18468,10.62
18469,15.94
18470,9.01
18471,10.77
18472,8.35
18473,12.24
18474,8.8
18475,9.02
18476,10.31
18477,13.04
18478,17.19
18479,5.3
18480,5.3
18481,14.33
18482,14.56
18483,14.23
18484,8.89
18485,9.68
18486,12.98
18487,10.22
18488,11.46
18489,9.62
18490,12.47
18491,9.41
18492,9.79
18493,11.69
18494,9.48
18495,15.0
18496,12.99
18497,8.8
18498,14.44
18499,8.53
18500,13.9
18501,9.14
18502,11.76
18503,14.75
18504,14.4
18505,13.54
18506,5.3
18507,9.33
18508,9.66
18509,15.83
18510,8.9
18511,12.12
18512,9.14
18513,5.3
18514,15.22
18515,12.17
18516,5.3
18517,13.83
18518,14.73
18519,9.02
18520,11.59
18521,13.15
18522,11.44
18523,8.44
18524,9.04
18525,9.31
18526,5.3
18527,8.68
18528,13.44
18529,9.48
18530,5.3
18531,9.96
18532,11.49
18533,9.03
18534,8.76
18535,8.75
18536,7.71
18537,11.22
18538,18.87
18539,10.49
18540,8.82
18541,11.43
18542,14.76
18543,9.22
18544,13.52
18545,5.3
18546,5.3
18547,8.84
18548,9.82
18549,13.88
18550,5.3
18551,8.71
18552,8.58
18553,10.97
18554,13.83
18555,5.3
18556,8.93
18557,9.26
18558,10.24
18559,8.73
18560,12.94
18561,8.88
18562,13.86
18563,5.3
18564,12.26
18565,16.0
18566,15.35
18567,10.17
18568,13.87
18569,8.52
18570,9.07
18571,11.13
18572,13.98
18573,9.07
18574,10.72
18575,14.44
18576,11.7
18577,14.47
18578,8.99
18579,12.05
18580,11.58
18581,18.84
18582,8.7
18583,8.8
18584,13.37
18585,16.19
18586,5.66
18587,13.97
18588,13.83
18589,8.29
18590,11.73
18591,15.8
18592,5.3
18593,10.34
18594,12.3
18595,13.81
18596,9.16
18597,5.3
18598,13.38
18599,9.18
18600,11.81
18601,9.59
18602,13.04
18603,7.56
18604,8.32
18605,5.3
18606,9.68
18607,11.48
18608,8.99
18609,12.36
18610,12.76
18611,9.08
18612,9.43
18613,12.91
18614,8.99
18615,12.39
18616,9.42
18617,5.3
18618,14.37
18619,13.42
18620,14.06
18621,8.96
18622,9.27
18623,9.57
18624,5.3
18625,14.31
18626,9.49
18627,10.62
18628,8.72
18629,9.18
18630,13.21
18631,12.12
18632,11.17
18633,15.5
18634,11.2
18635,11.73
18636,5.3
18637,13.75
18638,9.29
18639,12.81
18640,11.81
18641,13.14
18642,12.7
18643,17.67
18644,13.17
18645,7.09
18646,14.69
18647,8.89
18648,8.83
18649,13.93
18650,9.13
18651,14.66
18652,11.53
18653,10.52
18654,5.3
18655,10.44
18656,8.86
18657,5.3
18658,9.35
18659,13.65
18660,10.03
18661,8.74
18662,11.54
18663,7.83
18664,5.3
18665,7.92
18666,11.15
18667,9.0
18668,13.81
18669,9.87
18670,10.45
18671,5.3
18672,12.8
18673,9.41
18674,11.42
18675,10.41
18676,8.35
18677,5.3
18678,12.01
18679,10.53
18680,9.52
18681,8.48
18682,8.24
18683,8.49
18684,8.58
18685,13.61
18686,8.29
18687,8.21
18688,13.79
18689,10.12
18690,9.5
18691,5.3
18692,14.56
18693,9.88
18694,10.36
18695,9.53
18696,8.73
18697,11.12
18698,16.23
18699,11.77
18700,5.3
18701,13.22
18702,12.19
18703,7.24
18704,8.82
18705,7.42
18706,10.68
18707,10.91
18708,12.3
18709,19.25
18710,8.8
18711,12.01
18712,10.24
18713,10.71
18714,16.43
18715,14.11
18716,17.25
18717,8.5
18718,13.89
18719,9.47
18720,5.3
18721,11.75
18722,9.75
18723,12.89
18724,8.12
18725,5.3
18726,9.43
18727,13.87
18728,9.72
18729,9.49
18730,10.0
18731,9.09
18732,13.45
18733,8.97
18734,12.14
18735,9.99
18736,5.3
18737,9.17
18738,15.52
18739,10.94
18740,8.33
18741,9.28
18742,8.52
18743,11.85
18744,11.97
18745,14.74
18746,5.3
18747,5.3
18748,5.3
18749,10.38
18750,9.48
18751,10.71
18752,15.28
18753,12.52
18754,8.95
18755,14.56
18756,8.07
18757,11.79
18758,14.46
18759,13.07
18760,11.98
18761,14.05
18762,5.3
18763,11.02
18764,10.72
18765,9.46
18766,10.28
18767,12.21
18768,11.19
18769,10.17
18770,10.36
18771,9.98
18772,12.11
18773,5.3
18774,9.17
18775,8.98
18776,14.07
18777,14.5
18778,5.3
18779,10.39
18780,9.12
18781,16.07
18782,9.41
18783,12.07
18784,15.31
18785,5.3
18786,5.3
18787,9.69
18788,12.35
18789,9.82
18790,9.4
18791,9.25
18792,5.3
18793,9.18
18794,12.85
18795,8.75
18796,11.43
18797,12.25
18798,8.56
18799,10.33
18800,9.08
18801,9.85
18802,10.42
18803,9.38
18804,8.42
18805,9.36
18806,9.02
18807,5.3
18808,8.5
18809,8.83
18810,5.3
18811,13.98
18812,12.18
18813,8.67
18814,14.49
18815,10.4
18816,13.73
18817,10.37
18818,10.31
18819,8.46
18820,10.61
18821,10.84
18822,11.71
18823,13.7
18824,8.25
18825,11.02
18826,11.02
18827,9.21
18828,14.16
18829,14.36
18830,9.16
18831,5.3
18832,14.53
18833,8.7
18834,5.3
18835,12.22
18836,12.47
18837,5.97
18838,9.53
18839,11.31
18840,8.14
18841,12.84
18842,8.34
18843,7.53
18844,10.09
18845,9.37
18846,16.83
18847,5.3
18848,5.3
18849,11.03
18850,8.86
18851,5.33
18852,5.3
18853,12.03
18854,13.14
18855,8.42
18856,12.87
18857,15.57
18858,13.87
18859,5.3
18860,10.79
18861,11.42
18862,8.94
18863,13.93
18864,11.55
18865,5.3
18866,15.68
18867,12.35
18868,12.67
18869,13.42
18870,11.94
18871,9.94
18872,9.15
18873,5.3
18874,5.3
18875,8.59
18876,9.81
18877,10.99
18878,9.7
18879,5.3
18880,5.3
18881,17.07
18882,9.35
18883,9.35
18884,9.53
18885,15.24
18886,11.42
18887,12.1
18888,14.54
18889,9.19
18890,5.3
18891,10.52
18892,5.3
18893,5.3
18894,11.06
18895,12.93
18896,11.36
18897,11.94
18898,12.41
18899,9.01
18900,12.58
18901,10.3
18902,9.58
18903,5.3
18904,12.01
18905,9.92
18906,9.54
18907,12.37
18908,8.59
18909,11.18
18910,5.3
18911,14.3
18912,13.61
18913,16.5
18914,13.72
18915,9.0
18916,8.57
18917,13.4
18918,9.52
18919,8.83
18920,12.57
18921,14.15
18922,9.67
18923,9.32
18924,5.3
18925,8.77
18926,9.88
18927,8.81
18928,8.84
18929,14.82
18930,9.24
18931,9.11
18932,8.05
18933,9.57
18934,11.95
18935,13.05
18936,9.22
18937,9.44
18938,9.29
18939,14.34
18940,11.02
18941,10.43
18942,9.92
18943,13.24
18944,8.96
18945,5.3
18946,5.3
18947,11.21
18948,10.12
18949,11.01
18950,5.3
18951,11.37
18952,8.4
18953,8.79
18954,10.19
18955,13.57
18956,13.15
18957,5.3
18958,5.3
18959,11.81
18960,8.53
18961,9.49
18962,9.46
18963,15.29
18964,11.82
18965,16.9
18966,15.78
18967,13.85
18968,9.81
18969,13.35
18970,12.88
18971,5.3
18972,9.01
18973,7.01
18974,5.3
18975,10.0
18976,5.3
18977,10.71
18978,9.14
18979,11.35
18980,12.04
18981,9.59
18982,8.62
18983,9.26
18984,12.5
18985,13.49
18986,8.78
18987,5.3
18988,5.3
18989,9.4
18990,12.74
18991,9.38
18992,13.45
18993,15.09
18994,9.58
18995,9.39
18996,5.3
18997,14.73
18998,5.3
18999,8.51
19000,17.33
19001,12.22
19002,15.11
19003,5.3
19004,8.87
19005,11.24
19006,11.02
19007,9.46
19008,5.3
19009,5.3
19010,5.45
19011,9.49
19012,9.87
19013,9.07
19014,14.16
19015,16.01
19016,11.68
19017,14.64
19018,13.98
19019,15.08
19020,12.3
19021,5.3
19022,9.01
19023,5.3
19024,14.03
19025,9.1
19026,8.75
19027,12.53
19028,9.3
19029,9.44
19030,10.73
19031,10.9
19032,11.59
19033,12.62
19034,8.56
19035,10.54
19036,13.96
19037,8.81
19038,6.84
19039,9.91
19040,9.34
19041,13.7
19042,5.3
19043,8.38
19044,12.29
19045,9.46
19046,5.3
19047,9.02
19048,10.89
19049,10.44
19050,15.46
19051,8.92
19052,5.3
19053,11.04
19054,11.49
19055,11.15
19056,8.82
19057,12.06
19058,9.19
19059,12.0
19060,13.9
19061,9.45
19062,14.22
19063,9.14
19064,10.38
19065,5.3
19066,9.17
19067,8.86
19068,14.88
19069,5.3
19070,10.66
19071,5.3
19072,10.83
19073,8.04
19074,14.64
19075,10.05
19076,8.83
19077,10.29
19078,9.21
19079,11.67
19080,9.43
19081,9.09
19082,9.05
19083,5.3
19084,13.55
19085,10.64
19086,14.08
19087,12.03
19088,14.12
19089,5.3
19090,14.68
19091,8.25
19092,5.3
19093,10.45
19094,5.3
19095,7.58
19096,8.68
19097,11.85
19098,10.37
19099,9.65
19100,16.17
19101,12.58
19102,12.64
19103,8.59
19104,8.27
19105,9.08
19106,8.34
19107,10.26
19108,14.54
19109,14.58
19110,9.92
19111,5.3
19112,8.24
19113,10.17
19114,13.34
19115,8.57
19116,9.4
19117,5.3
19118,11.26
19119,13.96
19120,14.27
19121,14.41
19122,10.09
19123,10.32
19124,10.85
19125,17.79
19126,9.28
19127,14.38
19128,9.09
19129,11.32
19130,8.71
19131,11.83
19132,8.0
19133,13.37
19134,14.17
19135,14.5
19136,15.78
19137,10.22
19138,9.49
19139,9.57
19140,9.21
19141,16.98
19142,9.23
19143,9.51
19144,13.52
19145,9.74
19146,8.84
19147,8.06
19148,5.3
19149,9.32
19150,12.21
19151,14.27
19152,9.95
19153,8.66
19154,14.07
19155,11.67
19156,12.23
19157,7.05
19158,16.97
19159,12.61
19160,5.3
19161,13.58
19162,8.83
19163,15.12
19164,15.52
19165,14.28
19166,13.25
19167,11.26
19168,13.6
19169,10.01
19170,11.91
19171,9.99
19172,5.3
19173,9.61
19174,11.13
19175,5.3
19176,9.33
19177,8.55
19178,8.68
19179,13.11
19180,7.7
19181,12.47
19182,10.81
19183,10.07
19184,9.44
19185,9.24
19186,12.58
19187,13.46
19188,13.06
19189,11.06
19190,5.3
19191,5.3
19192,9.56
19193,9.02
19194,11.0
19195,15.67
19196,12.17
19197,14.52
19198,5.3
19199,5.3
19200,13.71
19201,8.79
19202,14.29
19203,14.07
19204,13.96
19205,9.03
19206,12.02
19207,10.84
19208,11.61
19209,13.89
19210,9.37
19211,9.48
19212,16.43
19213,9.69
19214,12.58
19215,12.35
19216,9.1
19217,9.11
19218,8.39
19219,9.07
19220,7.99
19221,9.58
19222,11.48
19223,12.79
19224,14.22
19225,10.02
19226,10.17
19227,5.3
19228,13.09
19229,12.25
19230,13.09
19231,14.15
19232,8.49
19233,12.4
19234,5.3
19235,9.45
19236,9.17
19237,9.43
19238,13.05
19239,9.06
19240,13.86
19241,10.14
19242,14.21
19243,9.34
19244,15.38
19245,5.3
19246,13.82
19247,8.29
19248,13.45
19249,9.18
19250,8.99
19251,17.56
19252,8.26
19253,5.3
19254,9.13
19255,7.74
19256,11.57
19257,14.66
19258,11.29
19259,13.02
19260,5.3
19261,5.3
19262,11.96
19263,9.15
19264,10.21
19265,10.09
19266,9.74
19267,8.99
19268,14.17
19269,9.23
19270,9.39
19271,9.2
19272,13.93
19273,5.3
19274,11.9
19275,11.31
19276,10.35
19277,9.08
19278,5.3
19279,13.93
19280,11.11
19281,10.91
19282,12.4
19283,10.55
19284,13.5
19285,8.38
19286,9.97
19287,5.3
19288,8.87
19289,9.74
19290,12.09
19291,10.97
19292,8.93
19293,11.03
19294,14.59
19295,12.02
19296,13.71
19297,12.71
19298,9.07
19299,5.3
19300,13.25
19301,5.3
19302,13.75
19303,13.81
19304,9.88
19305,13.89
19306,13.65
19307,13.88
19308,16.81
19309,13.01
19310,13.25
19311,10.14
19312,13.11
19313,8.83
19314,5.3
19315,8.98
19316,5.3
19317,9.06
19318,9.91
19319,9.48
19320,5.3
19321,8.67
19322,8.81
19323,13.73
19324,11.15
19325,5.3
19326,11.97
19327,5.3
19328,13.6
19329,10.94
19330,9.4
19331,13.86
19332,12.89
19333,9.28
19334,8.82
19335,13.44
19336,5.3
19337,11.84
19338,12.1
19339,5.3
19340,8.62
19341,10.39
19342,9.73
19343,11.98
19344,10.18
19345,6.14
19346,8.82
19347,9.25
19348,9.29
19349,15.8
19350,18.18
19351,8.98
19352,9.5
19353,10.21
19354,13.15
19355,9.98
19356,8.97
19357,5.3
19358,9.94
19359,9.76
19360,9.28
19361,11.81
19362,12.04
19363,8.65
19364,5.3
19365,14.84
19366,5.3
19367,12.33
19368,9.25
19369,14.47
19370,14.92
19371,9.57
19372,13.18
19373,9.42
19374,12.44
19375,9.07
19376,9.72
19377,5.3
19378,13.18
19379,12.19
19380,13.25
19381,11.19
19382,8.69
19383,13.44
19384,10.2
19385,12.28
19386,13.32
19387,8.46
19388,5.3
19389,15.76
19390,13.76
19391,14.12
19392,13.56
19393,9.19
19394,17.52
19395,8.17
19396,12.28
19397,5.3
19398,12.46
19399,12.61
19400,15.29
19401,9.18
19402,10.06
19403,9.44
19404,9.58
19405,13.39
19406,9.63
19407,5.3
19408,10.35
19409,13.85
19410,10.96
19411,12.04
19412,13.7
19413,10.75
19414,11.07
19415,16.92
19416,5.54
19417,8.33
19418,5.3
19419,8.36
19420,10.15
19421,14.46
19422,5.3
19423,5.3
19424,16.3
19425,12.72
19426,9.75
19427,13.58
19428,9.01
19429,8.65
19430,5.3
19431,13.62
19432,16.3
19433,13.23
19434,8.98
19435,12.3
19436,9.03
19437,8.85
19438,11.42
19439,14.31
19440,5.3
19441,10.54
19442,13.73
19443,8.92
19444,13.11
19445,8.11
19446,15.07
19447,11.35
19448,5.3
19449,5.3
19450,8.68
19451,7.19
19452,9.49
19453,9.34
19454,13.53
19455,9.02
19456,10.65
19457,9.77
19458,18.23
19459,10.03
19460,14.07
19461,13.91
19462,5.3
19463,9.65
19464,13.77
19465,10.53
19466,8.87
19467,15.38
19468,10.17
19469,15.66
19470,9.31
19471,8.83
19472,13.25
19473,13.31
19474,7.61
19475,8.23
19476,9.03
19477,8.35
19478,14.67
19479,7.32
19480,9.8
19481,8.19
19482,7.48
19483,9.4
19484,9.37
19485,14.29
19486,5.3
19487,9.24
19488,8.64
19489,9.38
19490,9.41
19491,9.0
19492,8.81
19493,5.52
19494,13.69
19495,9.23
19496,9.68
19497,13.95
19498,5.3
19499,13.93
19500,12.92
19501,11.7
19502,9.05
19503,12.74
19504,11.37
19505,10.35
19506,12.53
19507,5.3
19508,9.05
19509,14.6
19510,11.46
19511,5.3
19512,9.31
19513,14.75
19514,9.87
19515,8.49
19516,11.72
19517,11.85
19518,9.59
19519,12.08
19520,9.17
19521,8.53
19522,11.07
19523,9.2
19524,9.27
19525,13.89
19526,14.37
19527,9.48
19528,14.24
19529,5.3
19530,13.74
19531,10.25
19532,8.12
19533,13.83
19534,10.92
19535,13.73
19536,9.2
19537,15.33
19538,5.3
19539,9.32
19540,5.64
19541,8.24
19542,5.3
19543,12.45
19544,8.83
19545,15.78
19546,9.74
19547,12.3
19548,9.73
19549,8.74
19550,7.82
19551,8.93
19552,15.6
19553,5.3
19554,9.88
19555,13.61
19556,14.08
19557,13.26
19558,12.86
19559,13.25
19560,8.54
19561,6.78
19562,11.69
19563,5.3
19564,8.72
19565,14.83
19566,9.28
19567,11.97
19568,13.23
19569,9.14
19570,10.62
19571,9.33
19572,10.68
19573,11.78
19574,12.08
19575,9.02
19576,14.39
19577,8.3
19578,9.41
19579,9.32
19580,11.24
19581,17.4
19582,8.85
19583,10.08
19584,5.3
19585,9.56
19586,14.75
19587,12.1
19588,8.72
19589,16.09
19590,14.37
19591,8.99
19592,11.94
19593,9.49
19594,14.52
19595,9.35
19596,10.26
19597,9.14
19598,5.3
19599,8.61
19600,9.5
19601,10.85
19602,8.67
19603,5.3
19604,9.49
19605,13.16
19606,14.31
19607,8.69
19608,8.12
19609,8.66
19610,9.51
19611,8.25
19612,5.3
19613,9.85
19614,14.1
19615,8.57
19616,15.7
19617,14.33
19618,5.3
19619,15.44
19620,8.57
19621,5.3
19622,12.75
19623,9.09
19624,9.67
19625,5.3
19626,5.3
19627,9.43
19628,9.09
19629,15.5
19630,8.38
19631,5.3
19632,9.59
19633,5.3
19634,9.12
19635,9.62
19636,9.02
19637,10.48
19638,5.3
19639,14.47
19640,12.1
19641,8.94
19642,9.84
19643,10.16
19644,17.66
19645,9.78
19646,13.71
19647,12.16
19648,12.13
19649,16.39
19650,14.74
19651,8.77
19652,5.3
19653,5.3
19654,14.55
19655,10.79
19656,9.91
19657,11.45
19658,9.16
19659,15.89
19660,8.87
19661,12.14
19662,9.97
19663,15.52
19664,12.22
19665,13.01
19666,10.16
19667,8.57
19668,10.09
19669,11.86
19670,5.3
19671,14.24
19672,9.63
19673,8.17
19674,9.24
19675,16.23
19676,18.23
19677,11.24
19678,16.25
19679,5.3
19680,15.06
19681,7.87
19682,5.3
19683,11.55
19684,8.54
19685,8.98
19686,13.92
19687,5.3
19688,8.0
19689,10.98
19690,10.58
19691,13.68
19692,9.32
19693,9.41
19694,14.77
19695,8.57
19696,15.95
19697,11.56
19698,11.0
19699,9.04
19700,13.21
19701,11.14
19702,8.59
19703,12.57
19704,9.58
19705,9.51
19706,13.94
19707,8.65
19708,9.42
19709,11.81
19710,8.37
19711,8.55
19712,7.63
19713,5.3
19714,9.81
19715,5.3
19716,8.52
19717,8.61
19718,5.3
19719,9.72
19720,12.05
19721,10.12
19722,8.68
19723,13.97
19724,13.78
19725,8.48
19726,12.22
19727,14.65
19728,5.3
19729,8.75
19730,13.68
19731,13.41
19732,5.3
19733,12.55
19734,13.84
19735,14.06
19736,12.05
19737,12.76
19738,7.06
19739,8.02
19740,9.0
19741,9.3
19742,9.6
19743,10.71
19744,11.86
19745,8.17
19746,16.85
19747,5.3
19748,13.76
19749,12.09
19750,11.38
19751,8.37
19752,9.65
19753,13.79
19754,12.39
19755,12.62
19756,12.36
19757,11.18
19758,8.73
19759,12.09
19760,14.61
19761,9.46
19762,10.86
19763,9.25
19764,8.77
19765,8.17
19766,9.33
19767,8.97
19768,7.53
19769,5.3
19770,9.28
19771,14.61
19772,10.63
19773,9.09
19774,14.32
19775,9.27
19776,5.3
19777,5.3
19778,9.72
19779,9.29
19780,9.1
19781,14.46
19782,5.3
19783,5.3
19784,11.3
19785,8.15
19786,10.76
19787,7.63
19788,13.45
19789,5.3
19790,13.41
19791,11.79
19792,9.65
19793,9.13
19794,17.8
19795,8.95
19796,14.98
19797,12.16
19798,9.58
19799,11.18
19800,8.89
19801,8.73
19802,13.95
19803,9.53
19804,8.58
19805,11.59
19806,11.16
19807,13.6
19808,15.06
19809,18.59
19810,14.14
19811,17.04
19812,5.3
19813,14.16
19814,13.77
19815,10.97
19816,11.05
19817,9.86
19818,12.09
19819,13.4
19820,12.44
19821,11.37
19822,10.48
19823,16.69
19824,14.02
19825,9.04
19826,13.75
19827,13.98
19828,5.3
19829,12.89
19830,14.67
19831,11.38
19832,9.41
19833,10.68
19834,12.26
19835,8.88
19836,9.21
19837,7.67
19838,9.63
19839,5.3
19840,9.51
19841,14.01
19842,12.83
19843,12.36
19844,9.29
19845,5.3
19846,9.39
19847,13.65
19848,13.74
19849,9.3
19850,8.86
19851,9.39
19852,9.28
19853,12.1
19854,9.02
19855,5.3
19856,13.78
19857,12.3
19858,15.89
19859,11.95
19860,5.3
19861,13.67
19862,5.3
19863,9.99
19864,10.03
19865,8.85
19866,10.11
19867,13.65
19868,9.39
19869,13.69
19870,17.28
19871,10.9
19872,5.3
19873,8.94
19874,5.3
19875,9.55
19876,11.08
19877,9.35
19878,12.14
19879,5.3
19880,9.51
19881,11.46
19882,14.01
19883,5.3
19884,13.13
19885,8.75
19886,9.34
19887,13.59
19888,14.03
19889,5.0
19890,8.32
19891,9.13
19892,11.77
19893,11.25
19894,13.23
19895,8.89
19896,5.3
19897,13.71
19898,8.52
19899,8.25
19900,9.5
19901,9.49
19902,11.55
19903,9.4
19904,13.47
19905,10.09
19906,13.56
19907,10.07
19908,10.42
19909,8.87
19910,10.12
19911,12.28
19912,5.3
19913,12.72
19914,10.2
19915,14.6
19916,9.67
19917,5.3
19918,10.09
19919,8.68
19920,12.76
19921,12.19
19922,13.92
19923,8.88
19924,9.43
19925,15.28
19926,11.66
19927,5.3
19928,11.95
19929,13.37
19930,11.35
19931,9.76
19932,13.84
19933,15.41
19934,10.34
19935,11.41
19936,10.74
19937,8.15
19938,15.72
19939,8.67
19940,5.3
19941,10.36
19942,12.46
19943,11.89
19944,16.79
19945,8.72
19946,5.3
19947,13.7
19948,10.6
19949,6.93
19950,8.87
19951,5.3
19952,10.56
19953,10.85
19954,8.99
19955,10.4
19956,9.44
19957,13.37
19958,15.67
19959,8.22
19960,9.87
19961,9.28
19962,13.52
19963,7.6
19964,8.92
19965,13.67
19966,15.2
19967,8.59
19968,8.69
19969,10.73
19970,5.3
19971,13.36
19972,13.69
19973,14.33
19974,13.1
19975,15.38
19976,9.92
19977,8.9
19978,9.33
19979,12.17
19980,14.5
19981,9.63
19982,8.16
19983,8.54
19984,9.61
19985,17.23
19986,8.16
19987,9.0
19988,5.3
19989,10.08
19990,11.81
19991,14.31
19992,11.05
19993,13.49
19994,9.77
19995,9.37
19996,10.15
19997,12.03
19998,5.3
19999,13.51
20000,9.58
20001,8.33
20002,12.17
20003,10.79
20004,8.42
20005,12.06
20006,8.79
20007,8.34
20008,5.3
20009,13.88
20010,10.76
20011,5.3
20012,15.3
20013,8.79
20014,16.35
20015,5.3
20016,13.94
20017,8.82
20018,14.11
20019,5.3
20020,5.3
20021,9.3
20022,5.3
20023,9.43
20024,10.11
20025,12.19
20026,11.61
20027,9.31
20028,10.28
20029,9.59
20030,10.08
20031,8.61
20032,13.06
20033,11.89
20034,13.99
20035,13.98
20036,9.32
20037,6.67
20038,5.3
20039,8.35
20040,13.97
20041,12.03
20042,9.22
20043,5.3
20044,12.97
20045,10.42
20046,12.3
20047,5.3
20048,10.22
20049,9.34
20050,5.3
20051,5.3
20052,11.86
20053,10.24
20054,13.23
20055,12.18
20056,8.72
20057,9.99
20058,5.3
20059,5.3
20060,8.2
20061,10.62
20062,11.71
20063,15.01
20064,10.33
20065,9.85
20066,10.05
20067,5.3
20068,9.38
20069,12.56
20070,5.3
20071,9.93
20072,17.88
20073,17.09
20074,7.58
20075,5.3
20076,5.3
20077,8.67
20078,5.3
20079,5.3
20080,9.5
20081,9.33
20082,14.62
20083,5.3
20084,10.88
20085,11.52
20086,11.91
20087,15.13
20088,14.88
20089,11.15
20090,8.35
20091,15.4
20092,12.57
20093,12.15
20094,5.3
20095,10.49
20096,9.27
20097,8.49
20098,9.86
20099,13.84
20100,9.56
20101,12.83
20102,14.17
20103,10.44
20104,8.36
20105,7.64
20106,10.63
20107,8.66
20108,9.38
20109,5.3
20110,9.87
20111,10.45
20112,8.56
20113,15.13
20114,14.15
20115,5.3
20116,10.9
20117,12.4
20118,12.36
20119,11.55
20120,8.69
20121,9.37
20122,9.26
20123,14.57
20124,10.09
20125,8.16
20126,13.98
20127,5.3
20128,15.77
20129,8.71
20130,9.02
20131,9.79
20132,11.83
20133,10.95
20134,9.66
20135,9.93
20136,5.3
20137,9.62
20138,12.48
20139,10.42
20140,9.73
20141,9.69
20142,9.35
20143,8.72
20144,15.22
20145,11.91
20146,14.09
20147,11.4
20148,9.79
20149,13.66
20150,9.08
20151,10.34
20152,10.92
20153,14.12
20154,9.6
20155,14.08
20156,9.39
20157,9.67
20158,5.3
20159,12.24
20160,5.3
20161,15.53
20162,5.3
20163,11.37
20164,9.47
20165,11.84
20166,9.47
20167,10.47
20168,11.46
20169,16.45
20170,14.08
20171,8.08
20172,9.63
20173,13.62
20174,10.54
20175,15.2
20176,16.76
20177,11.26
20178,16.53
20179,12.34
20180,9.9
20181,12.0
20182,8.73
20183,9.22
20184,5.3
20185,11.03
20186,9.5
20187,9.82
20188,13.04
20189,5.3
20190,15.06
20191,11.2
20192,9.62
20193,5.3
20194,9.9
20195,13.71
20196,9.55
20197,12.13
20198,12.76
20199,5.3
20200,10.73
20201,5.3
20202,10.29
20203,14.42
20204,10.01
20205,10.15
20206,9.09
20207,5.3
20208,5.3
20209,11.04
20210,10.83
20211,5.3
20212,5.3
20213,5.3
20214,8.39
20215,12.18
20216,8.43
20217,13.67
20218,10.19
20219,9.8
20220,8.8
20221,12.7
20222,6.43
20223,15.19
20224,5.15
20225,13.46
20226,10.21
20227,13.14
20228,9.14
20229,14.15
20230,10.07
20231,9.67
20232,8.56
20233,5.3
20234,12.1
20235,14.84
20236,13.64
20237,8.74
20238,18.0
20239,5.3
20240,5.3
20241,9.55
20242,12.44
20243,14.11
20244,5.3
20245,9.65
20246,9.71
20247,17.21
20248,5.3
20249,5.3
20250,12.05
20251,10.03
20252,13.6
20253,11.32
20254,7.24
20255,9.36
20256,8.15
20257,5.3
20258,5.3
20259,9.55
20260,11.21
20261,13.23
20262,9.15
20263,12.93
20264,12.24
20265,12.13
20266,9.27
20267,14.22
20268,11.7
20269,8.86
20270,8.77
20271,5.3
20272,15.89
20273,9.3
20274,14.94
20275,12.18
20276,9.27
20277,10.52
20278,5.3
20279,5.3
20280,12.64
20281,13.41
20282,14.12
20283,11.0
20284,8.64
20285,13.68
20286,9.6
20287,9.14
20288,9.7
20289,8.42
20290,8.73
20291,8.35
20292,11.2
20293,8.41
20294,8.74
20295,15.07
20296,18.4
20297,10.68
20298,8.23
20299,8.59
20300,13.66
20301,7.46
20302,8.58
20303,5.3
20304,13.06
20305,5.3
20306,13.79
20307,8.62
20308,14.3
20309,9.35
20310,9.73
20311,8.85
20312,7.44
20313,9.05
20314,10.06
20315,8.67
20316,9.42
20317,9.01
20318,10.46
20319,12.88
20320,5.3
20321,9.06
20322,10.51
20323,5.3
20324,11.66
20325,11.05
20326,8.8
20327,12.12
20328,8.27
20329,13.08
20330,10.43
20331,10.86
20332,10.87
20333,9.33
20334,9.8
20335,5.3
20336,9.27
20337,5.3
20338,5.3
20339,5.3
20340,5.3
20341,9.95
20342,9.17
20343,11.65
20344,14.49
20345,9.57
20346,10.02
20347,10.11
20348,7.14
20349,10.18
20350,5.3
20351,10.49
20352,8.91
20353,13.07
20354,13.79
20355,11.08
20356,13.96
20357,9.76
20358,9.24
20359,9.19
20360,5.3
20361,9.02
20362,5.3
20363,8.68
20364,13.45
20365,12.54
20366,5.3
20367,12.71
20368,8.52
20369,8.86
20370,13.64
20371,8.54
20372,8.83
20373,13.44
20374,14.95
20375,14.77
20376,17.28
20377,8.88
20378,13.25
20379,19.01
20380,8.39
20381,13.83
20382,12.21
20383,5.3
20384,8.77
20385,17.08
20386,5.3
20387,5.3
20388,5.3
20389,14.72
20390,5.3
20391,11.76
20392,9.14
20393,14.05
20394,13.85
20395,5.3
20396,8.11
20397,8.8
20398,8.34
20399,9.55
20400,13.07
20401,9.46
20402,5.3
20403,12.46
20404,11.69
20405,14.27
20406,13.54
20407,12.0
20408,9.1
20409,9.25
20410,18.45
20411,14.8
20412,5.3
20413,15.46
20414,9.56
20415,10.37
20416,16.62
20417,11.1
20418,14.77
20419,12.29
20420,13.95
20421,15.9
20422,7.5
20423,15.74
20424,10.33
20425,9.41
20426,9.39
20427,5.3
20428,5.3
20429,12.36
20430,9.56
20431,14.68
20432,8.94
20433,11.52
20434,9.91
20435,5.3
20436,8.74
20437,14.76
20438,13.25
20439,5.3
20440,8.59
20441,12.35
20442,9.93
20443,8.82
20444,5.3
20445,9.21
20446,10.7
20447,9.12
20448,9.98
20449,9.24
20450,17.89
20451,10.27
20452,9.62
20453,11.08
20454,5.3
20455,12.98
20456,14.05
20457,13.12
20458,10.51
20459,8.68
20460,9.21
20461,9.66
20462,16.17
20463,14.53
20464,9.86
20465,9.81
20466,9.28
20467,9.92
20468,10.99
20469,5.3
20470,13.09
20471,9.14
20472,11.23
20473,9.87
20474,8.77
20475,8.82
20476,11.28
20477,13.98
20478,12.33
20479,11.05
20480,13.9
20481,11.18
20482,5.3
20483,5.3
20484,12.96
20485,9.66
20486,13.64
20487,12.7
20488,10.26
20489,11.18
20490,14.05
20491,10.16
20492,8.55
20493,15.0
20494,5.3
20495,14.83
20496,10.36
20497,13.68
20498,9.26
20499,14.54
20500,14.11
20501,10.34
20502,18.07
20503,8.03
20504,10.63
20505,9.28
20506,17.04
20507,9.05
20508,9.64
20509,8.54
20510,11.72
20511,5.3
20512,9.42
20513,13.14
20514,13.09
20515,9.12
20516,10.22
20517,12.23
20518,14.15
20519,9.38
20520,14.86
20521,11.94
20522,5.3
20523,13.56
20524,18.6
20525,11.65
20526,14.41
20527,5.3
20528,10.11
20529,8.79
20530,11.47
20531,9.03
20532,9.65
20533,8.48
20534,9.03
20535,10.88
20536,14.89
20537,12.06
20538,5.3
20539,9.82
20540,9.0
20541,12.91
20542,5.3
20543,12.12
20544,11.57
20545,8.97
20546,5.3
20547,12.2
20548,12.57
20549,5.3
20550,13.44
20551,10.22
20552,16.58
20553,4.76
20554,15.7
20555,9.53
20556,12.09
20557,13.96
20558,13.27
20559,9.16
20560,9.49
20561,14.34
20562,9.06
20563,14.42
20564,10.47
20565,9.67
20566,12.75
20567,13.82
20568,5.3
20569,9.75
20570,13.2
20571,12.07
20572,13.69
20573,13.85
20574,10.25
20575,13.99
20576,5.3
20577,9.75
20578,11.59
20579,9.15
20580,14.22
20581,13.42
20582,13.02
20583,14.56
20584,10.34
20585,14.08
20586,9.6
20587,12.24
20588,8.96
20589,9.42
20590,9.31
20591,10.71
20592,10.24
20593,11.42
20594,13.66
20595,5.3
20596,5.3
20597,9.44
20598,13.58
20599,12.11
20600,8.52
20601,13.1
20602,5.3
20603,14.94
20604,9.39
20605,10.19
20606,8.68
20607,9.62
20608,11.72
20609,12.66
20610,10.81
20611,14.79
20612,13.32
20613,8.81
20614,8.55
20615,12.04
20616,10.87
20617,13.99
20618,9.06
20619,14.4
20620,9.49
20621,9.49
20622,8.26
20623,13.24
20624,13.65
20625,13.82
20626,5.3
20627,13.63
20628,8.24
20629,9.85
20630,5.3
20631,6.04
20632,5.3
20633,5.3
20634,9.76
20635,5.3
20636,13.62
20637,5.3
20638,10.51
20639,9.13
20640,14.46
20641,8.67
20642,14.0
20643,9.33
20644,11.81
20645,13.91
20646,13.26
20647,5.3
20648,12.42
20649,12.41
20650,11.98
20651,12.88
20652,13.39
20653,14.19
20654,8.62
20655,11.17
20656,5.3
20657,9.98
20658,9.61
20659,13.37
20660,12.61
20661,12.05
20662,8.9
20663,5.3
20664,11.45
20665,10.9
20666,8.49
20667,14.74
20668,8.75
20669,9.07
20670,9.37
20671,5.3
20672,7.24
20673,16.01
20674,12.94
20675,14.31
20676,10.83
20677,8.93
20678,11.76
20679,15.56
20680,9.99
20681,5.3
20682,8.86
20683,13.34
20684,14.01
20685,13.5
20686,14.5
20687,9.08
20688,9.61
20689,13.83
20690,11.94
20691,14.16
20692,12.72
20693,12.78
20694,13.68
20695,10.76
20696,13.67
20697,5.96
20698,12.04
20699,14.17
20700,7.78
20701,13.48
20702,12.0
20703,9.15
20704,14.08
20705,5.3
20706,11.62
20707,13.27
20708,6.07
20709,13.26
20710,8.77
20711,12.99
20712,8.38
20713,9.72
20714,8.33
20715,8.78
20716,5.3
20717,5.3
20718,9.58
20719,12.36
20720,8.5
20721,9.25
20722,8.79
20723,8.92
20724,14.77
20725,13.67
20726,11.89
20727,13.72
20728,8.71
20729,15.72
20730,12.72
20731,11.98
20732,9.58
20733,8.31
20734,9.09
20735,12.18
20736,12.14
20737,6.12
20738,12.16
20739,5.3
20740,10.66
20741,9.35
20742,16.53
20743,13.41
20744,12.35
20745,9.26
20746,16.02
20747,8.35
20748,13.02
20749,14.08
20750,10.1
20751,12.04
20752,9.3
20753,5.3
20754,9.95
20755,10.05
20756,12.26
20757,10.43
20758,8.73
20759,13.79
20760,15.61
20761,8.81
20762,9.35
20763,9.08
20764,9.34
20765,5.63
20766,9.26
20767,8.66
20768,14.11
20769,12.79
20770,8.77
20771,12.07
20772,12.91
20773,12.75
20774,14.93
20775,9.66
20776,15.16
20777,8.81
20778,8.87
20779,10.81
20780,8.8
20781,14.74
20782,13.83
20783,5.3
20784,12.21
20785,9.42
20786,9.37
20787,9.49
20788,11.71
20789,17.04
20790,10.54
20791,10.78
20792,10.71
20793,15.74
20794,13.68
20795,9.14
20796,11.53
20797,13.19
20798,15.62
20799,11.92
20800,14.75
20801,9.19
20802,14.18
20803,8.13
20804,8.87
20805,13.2
20806,15.47
20807,10.4
20808,8.81
20809,9.4
20810,12.03
20811,8.09
20812,9.03
20813,10.11
20814,12.03
20815,10.04
20816,11.95
20817,10.92
20818,14.45
20819,5.3
20820,11.11
20821,13.56
20822,9.26
20823,13.83
20824,14.11
20825,15.56
20826,9.01
20827,16.37
20828,10.93
20829,8.15
20830,5.3
20831,9.38
20832,8.75
20833,8.85
20834,11.88
20835,14.1
20836,5.3
20837,5.3
20838,7.17
20839,13.61
20840,8.83
20841,16.0
20842,9.16
20843,11.5
20844,12.25
20845,11.99
20846,8.94
20847,5.3
20848,18.18
20849,16.58
20850,8.55
20851,13.0
20852,13.13
20853,13.87
20854,9.57
20855,8.31
20856,12.17
20857,8.92
20858,10.08
20859,15.6
20860,9.07
20861,15.17
20862,8.8
20863,5.3
20864,9.62
20865,10.58
20866,5.3
20867,10.16
20868,13.21
20869,13.26
20870,15.92
20871,8.86
20872,9.59
20873,8.49
20874,13.95
20875,17.58
20876,5.3
20877,14.33
20878,14.16
20879,9.71
20880,13.41
20881,15.33
20882,5.3
20883,8.73
20884,10.56
20885,5.3
20886,15.0
20887,9.59
20888,5.3
20889,5.3
20890,12.83
20891,13.37
20892,5.3
20893,9.25
20894,8.46
20895,10.92
20896,9.28
20897,9.29
20898,11.13
20899,14.63
20900,13.82
20901,12.19
20902,5.3
20903,12.55
20904,14.12
20905,15.58
20906,9.49
20907,8.37
20908,8.78
20909,13.04
20910,9.66
20911,10.39
20912,14.11
20913,11.25
20914,14.73
20915,10.58
20916,12.96
20917,11.95
20918,13.55
20919,13.82
20920,9.36
20921,13.8
20922,12.11
20923,11.01
20924,11.49
20925,12.75
20926,10.2
20927,5.3
20928,5.3
20929,13.25
20930,9.22
20931,15.33
20932,8.81
20933,13.52
20934,9.49
20935,5.3
20936,15.32
20937,12.43
20938,5.3
20939,8.8
20940,8.8
20941,5.3
20942,13.27
20943,12.82
20944,8.87
20945,12.05
20946,8.66
20947,10.8
20948,10.86
20949,13.63
20950,13.15
20951,8.55
20952,12.96
20953,5.3
20954,14.88
20955,9.47
20956,9.84
20957,11.97
20958,12.17
20959,13.39
20960,5.3
20961,8.76
20962,7.72
20963,10.56
20964,14.92
20965,9.68
20966,14.01
20967,17.64
20968,14.62
20969,8.33
20970,13.54
20971,15.86
20972,13.9
20973,5.3
20974,14.89
20975,13.79
20976,8.0
20977,13.21
20978,13.74
20979,9.59
20980,9.87
20981,12.14
20982,9.37
20983,12.38
20984,9.9
20985,5.3
20986,12.48
20987,8.71
20988,13.41
20989,18.78
20990,10.5
20991,5.3
20992,13.66
20993,9.44
20994,5.3
20995,11.12
20996,5.3
20997,11.54
20998,5.3
20999,8.78
21000,14.69
21001,5.3
21002,8.53
21003,14.19
21004,10.56
21005,11.54
21006,9.41
21007,9.07
21008,9.91
21009,9.09
21010,14.74
21011,8.28
21012,10.43
21013,13.61
21014,5.3
21015,9.43
21016,8.84
21017,9.42
21018,5.3
21019,12.61
21020,9.26
21021,9.26
21022,9.42
21023,14.59
21024,14.17
21025,9.68
21026,14.05
21027,14.44
21028,10.87
21029,13.39
21030,5.3
21031,13.67
21032,9.17
21033,12.31
21034,5.3
21035,7.38
21036,9.07
21037,5.3
21038,7.59
21039,9.34
21040,5.3
21041,13.63
21042,13.27
21043,5.3
21044,14.49
21045,13.35
21046,10.4
21047,13.84
21048,9.11
21049,8.92
21050,15.99
21051,9.32
21052,12.56
21053,13.45
21054,9.61
21055,14.07
21056,13.06
21057,13.1
21058,15.37
21059,10.2
21060,13.08
21061,12.37
21062,9.38
21063,14.99
21064,11.79
21065,12.79
21066,14.38
21067,8.46
21068,5.3
21069,8.58
21070,11.04
21071,11.62
21072,10.12
21073,9.43
21074,8.52
21075,9.24
21076,15.33
21077,17.24
21078,12.05
21079,13.75
21080,8.83
21081,9.33
21082,9.48
21083,12.41
21084,15.31
21085,9.11
21086,15.53
21087,10.65
21088,11.83
21089,5.3
21090,8.74
21091,13.81
21092,10.44
21093,7.35
21094,7.19
21095,5.3
21096,9.29
21097,10.98
21098,9.63
21099,5.3
21100,17.32
21101,13.61
21102,15.18
21103,10.22
21104,15.08
21105,8.66
21106,5.3
21107,15.3
21108,11.52
21109,11.32
21110,11.13
21111,5.3
21112,13.18
21113,9.23
21114,10.03
21115,7.56
21116,11.67
21117,8.56
21118,13.25
21119,14.15
21120,12.49
21121,15.21
21122,9.25
21123,10.45
21124,9.52
21125,13.97
21126,9.2
21127,12.46
21128,5.23
21129,8.91
21130,9.23
21131,14.7
21132,17.61
21133,9.51
21134,14.61
21135,5.3
21136,9.01
21137,15.32
21138,10.47
21139,12.38
21140,9.87
21141,5.3
21142,16.65
21143,14.82
21144,16.2
21145,5.3
21146,5.3
21147,15.95
21148,9.46
21149,9.6
21150,14.3
21151,10.53
21152,9.28
21153,13.85
21154,15.16
21155,9.48
21156,11.98
21157,5.3
21158,9.64
21159,12.08
21160,9.95
21161,9.44
21162,12.95
21163,14.49
21164,14.75
21165,13.55
21166,15.76
21167,5.3
21168,5.3
21169,9.47
21170,9.14
21171,9.71
21172,9.57
21173,10.75
21174,13.17
21175,12.35
21176,19.41
21177,9.79
21178,11.95
21179,10.66
21180,5.3
21181,9.58
21182,5.3
21183,8.62
21184,12.16
21185,11.74
21186,9.13
21187,14.1
21188,13.39
21189,8.48
21190,10.03
21191,5.3
21192,12.89
21193,5.77
21194,8.87
21195,12.65
21196,11.1
21197,13.85
21198,10.15
21199,13.63
21200,12.85
21201,13.89
21202,9.68
21203,5.3
21204,9.76
21205,15.36
21206,11.68
21207,12.46
21208,14.2
21209,12.45
21210,9.4
21211,10.24
21212,14.48
21213,7.11
21214,13.3
21215,8.72
21216,12.15
21217,9.7
21218,10.1
21219,15.8
21220,15.76
21221,12.61
21222,9.5
21223,5.3
21224,10.01
21225,9.15
21226,12.33
21227,5.3
21228,8.82
21229,10.04
21230,9.12
21231,13.88
21232,17.27
21233,8.45
21234,9.25
21235,13.75
21236,5.3
21237,9.66
21238,13.17
21239,13.4
21240,9.5
21241,10.17
21242,14.25
21243,9.9
21244,5.3
21245,9.33
21246,14.11
21247,8.29
21248,8.92
21249,13.2
21250,11.99
21251,10.2
21252,5.3
21253,13.63
21254,8.63
21255,8.79
21256,14.16
21257,10.29
21258,11.69
21259,13.01
21260,8.1
21261,10.97
21262,9.74
21263,11.07
21264,10.96
21265,13.94
21266,5.3
21267,9.98
21268,10.46
21269,7.68
21270,12.43
21271,5.3
21272,9.86
21273,8.82
21274,9.39
21275,11.17
21276,12.53
21277,9.57
21278,8.4
21279,9.64
21280,5.3
21281,13.74
21282,10.73
21283,9.52
21284,5.3
21285,17.32
21286,13.94
21287,11.2
21288,12.05
21289,13.75
21290,14.57
21291,9.78
21292,13.15
21293,11.88
21294,14.19
21295,9.41
21296,5.3
21297,9.03
21298,12.3
21299,14.04
21300,5.3
21301,13.8
21302,15.8
21303,11.27
21304,13.57
21305,9.1
21306,12.54
21307,12.17
21308,14.15
21309,9.03
21310,9.52
21311,8.89
21312,13.96
21313,5.3
21314,12.17
21315,18.95
21316,8.81
21317,9.53
21318,9.25
21319,14.37
21320,5.3
21321,11.8
21322,9.29
21323,9.02
21324,9.97
21325,8.94
21326,9.56
21327,13.42
21328,12.14
21329,13.55
21330,12.09
21331,10.05
21332,13.8
21333,15.12
21334,14.75
21335,9.13
21336,16.05
21337,14.49
21338,15.27
21339,11.5
21340,8.47
21341,8.9
21342,15.19
21343,13.11
21344,10.07
21345,9.87
21346,8.87
21347,13.27
21348,13.82
21349,13.49
21350,12.13
21351,9.93
21352,9.97
21353,8.87
21354,10.46
21355,7.91
21356,11.7
21357,10.62
21358,6.67
21359,9.33
21360,13.77
21361,13.76
21362,14.35
21363,13.88
21364,10.36
21365,9.47
21366,14.65
21367,9.18
21368,8.15
21369,5.3
21370,9.03
21371,13.35
21372,13.33
21373,9.72
21374,10.27
21375,15.12
21376,15.04
21377,9.27
21378,12.04
21379,14.42
21380,5.3
21381,7.21
21382,11.15
21383,9.69
21384,10.05
21385,16.84
21386,8.79
21387,8.85
21388,13.76
21389,9.3
21390,11.38
21391,5.3
21392,5.3
21393,8.92
21394,12.43
21395,12.82
21396,12.64
21397,11.6
21398,8.85
21399,13.74
21400,14.05
21401,9.61
21402,8.96
21403,13.14
21404,15.77
21405,13.96
21406,12.27
21407,16.32
21408,10.47
21409,8.48
21410,5.3
21411,12.78
21412,12.21
21413,8.76
21414,14.73
21415,5.3
21416,16.18
21417,12.08
21418,9.48
21419,14.54
21420,13.69
21421,13.83
21422,9.12
21423,13.88
21424,15.04
21425,8.94
21426,12.18
21427,8.69
21428,9.78
21429,9.29
21430,8.15
21431,11.93
21432,8.95
21433,11.24
21434,14.45
21435,9.43
21436,16.18
21437,10.86
21438,15.31
21439,9.54
21440,5.3
21441,5.3
21442,13.47
21443,11.63
21444,14.6
21445,9.57
21446,8.64
21447,8.18
21448,12.58
21449,9.15
21450,8.48
21451,12.16
21452,12.8
21453,12.96
21454,11.06
21455,9.32
21456,16.57
21457,13.59
21458,11.53
21459,13.53
21460,5.3
21461,14.75
21462,10.38
21463,13.14
21464,11.35
21465,9.71
21466,11.07
21467,12.34
21468,9.61
21469,14.28
21470,14.63
21471,9.14
21472,5.3
21473,14.0
21474,11.14
21475,14.62
21476,11.17
21477,11.99
21478,11.76
21479,9.37
21480,15.85
21481,5.3
21482,8.17
21483,11.76
21484,10.34
21485,13.56
21486,12.83
21487,9.28
21488,15.91
21489,8.15
21490,13.35
21491,5.3
21492,11.0
21493,11.99
21494,14.9
21495,9.86
21496,14.57
21497,11.7
21498,5.3
21499,9.66
21500,10.87
21501,14.14
21502,12.28
21503,9.49
21504,8.03
21505,12.07
21506,9.86
21507,9.72
21508,11.36
21509,5.3
21510,8.47
21511,9.52
21512,8.4
21513,11.34
21514,5.3
21515,13.51
21516,9.91
21517,8.63
21518,14.77
21519,8.84
21520,18.75
21521,9.03
21522,13.03
21523,9.31
21524,9.84
21525,12.13
21526,10.15
21527,10.18
21528,14.66
21529,11.24
21530,5.3
21531,9.19
21532,11.58
21533,9.47
21534,5.3
21535,13.93
21536,5.3
21537,7.62
21538,12.7
21539,13.3
21540,9.17
21541,8.64
21542,9.15
21543,9.62
21544,14.81
21545,13.42
21546,16.1
21547,12.73
21548,10.05
21549,11.25
21550,8.57
21551,5.3
21552,11.05
21553,17.08
21554,8.88
21555,14.77
21556,5.3
21557,11.28
21558,15.22
21559,5.3
21560,11.88
21561,12.05
21562,8.33
21563,9.65
21564,17.5
21565,12.32
21566,13.64
21567,9.05
21568,5.3
21569,12.36
21570,14.38
21571,5.3
21572,14.28
21573,13.7
21574,9.67
21575,12.03
21576,8.99
21577,13.9
21578,5.3
21579,10.06
21580,13.13
21581,13.32
21582,5.3
21583,9.66
21584,11.62
21585,13.92
21586,13.83
21587,15.69
21588,8.98
21589,7.58
21590,11.38
21591,15.34
21592,7.78
21593,5.3
21594,13.54
21595,12.3
21596,12.12
21597,11.65
21598,12.68
21599,16.94
21600,5.3
21601,10.07
21602,8.93
21603,5.3
21604,14.32
21605,11.57
21606,10.59
21607,8.49
21608,13.5
21609,8.93
21610,8.57
21611,11.7
21612,10.03
21613,12.18
21614,13.8
21615,14.29
21616,8.61
21617,15.82
21618,7.69
21619,9.49
21620,13.96
21621,10.35
21622,9.41
21623,13.59
21624,5.3
21625,13.61
21626,16.1
21627,14.47
21628,12.0
21629,9.42
21630,5.3
21631,9.18
21632,5.3
21633,5.3
21634,11.48
21635,9.43
21636,9.09
21637,12.42
21638,9.07
21639,9.99
21640,12.9
21641,8.12
21642,11.03
21643,12.5
21644,10.38
21645,14.65
21646,8.8
21647,13.72
21648,14.44
21649,14.45
21650,12.22
21651,11.69
21652,13.85
21653,13.68
21654,12.31
21655,13.95
21656,13.28
21657,10.33
21658,9.16
21659,8.09
21660,9.21
21661,10.05
21662,9.31
21663,8.73
21664,9.28
21665,8.86
21666,11.65
21667,12.17
21668,9.71
21669,5.3
21670,13.0
21671,9.3
21672,13.37
21673,15.43
21674,5.3
21675,12.85
21676,14.13
21677,9.07
21678,15.66
21679,9.34
21680,12.01
21681,14.65
21682,9.42
21683,5.3
21684,9.45
21685,9.15
21686,12.81
21687,10.63
21688,9.75
21689,14.41
21690,9.14
21691,12.29
21692,14.81
21693,10.4
21694,12.52
21695,9.23
21696,5.3
21697,10.08
21698,10.96
21699,12.31
21700,11.63
21701,12.36
21702,14.33
21703,9.22
21704,11.56
21705,5.3
21706,12.6
21707,5.3
21708,11.26
21709,5.3
21710,8.75
21711,8.41
21712,5.3
21713,14.01
21714,9.6
21715,14.18
21716,13.84
21717,14.82
21718,15.68
21719,10.01
21720,12.67
21721,8.62
21722,8.39
21723,15.89
21724,12.28
21725,13.32
21726,8.12
21727,9.59
21728,8.97
21729,5.3
21730,12.81
21731,10.9
21732,12.43
21733,10.16
21734,13.88
21735,14.38
21736,10.27
21737,13.11
21738,5.3
21739,13.31
21740,5.3
21741,9.84
21742,17.4
21743,5.3
21744,8.03
21745,11.49
21746,9.13
21747,8.21
21748,11.13
21749,11.19
21750,8.52
21751,13.83
21752,11.16
21753,13.59
21754,8.86
21755,12.72
21756,8.01
21757,11.36
21758,8.23
21759,14.02
21760,8.73
21761,9.19
21762,10.13
21763,9.57
21764,5.3
21765,5.3
21766,9.97
21767,9.55
21768,11.4
21769,12.15
21770,9.32
21771,14.38
21772,8.78
21773,9.53
21774,13.28
21775,9.54
21776,8.82
21777,12.97
21778,15.8
21779,15.35
21780,14.42
21781,10.01
21782,9.43
21783,9.76
21784,12.67
21785,17.63
21786,13.22
21787,13.51
21788,10.17
21789,10.09
21790,14.37
21791,9.12
21792,9.3
21793,11.78
21794,10.18
21795,5.3
21796,13.54
21797,11.37
21798,13.9
21799,5.3
21800,10.55
21801,14.77
21802,8.91
21803,9.69
21804,8.96
21805,5.3
21806,8.6
21807,14.67
21808,13.4
21809,18.3
21810,10.09
21811,13.59
21812,9.6
21813,10.07
21814,5.3
21815,5.3
21816,9.04
21817,5.3
21818,9.58
21819,5.3
21820,13.07
21821,13.08
21822,13.52
21823,7.46
21824,13.68
21825,12.5
21826,9.32
21827,12.39
21828,12.22
21829,15.98
21830,13.64
21831,5.3
21832,9.92
21833,10.83
21834,14.36
21835,8.96
21836,9.85
21837,8.93
21838,5.3
21839,8.51
21840,13.14
21841,5.3
21842,5.3
21843,9.54
21844,8.77
21845,13.13
21846,10.71
21847,12.09
21848,10.92
21849,14.98
21850,8.95
21851,9.53
21852,8.36
21853,11.29
21854,13.98
21855,14.23
21856,9.01
21857,9.93
21858,10.1
21859,10.4
21860,8.79
21861,9.36
21862,19.86
21863,14.28
21864,9.23
21865,5.3
21866,9.06
21867,18.16
21868,10.16
21869,10.36
21870,5.3
21871,13.23
21872,10.06
21873,5.3
21874,13.57
21875,15.84
21876,9.19
21877,14.89
21878,9.47
21879,9.63
21880,9.56
21881,8.92
21882,12.6
21883,11.05
21884,9.97
21885,8.75
21886,13.17
21887,8.97
21888,10.12
21889,10.3
21890,14.43
21891,16.04
21892,11.12
21893,8.85
21894,9.74
21895,13.37
21896,9.94
21897,8.84
21898,13.95
21899,13.95
21900,9.9
21901,15.45
21902,8.64
21903,8.75
21904,8.52
21905,9.36
21906,10.93
21907,14.51
21908,12.51
21909,5.3
21910,5.3
21911,11.28
21912,8.87
21913,10.28
21914,8.67
21915,14.39
21916,14.31
21917,8.42
21918,5.3
21919,9.22
21920,10.34
21921,10.44
21922,10.54
21923,5.3
21924,10.65
21925,10.76
21926,9.68
21927,8.53
21928,10.02
21929,14.91
21930,15.0
21931,16.38
21932,9.84
21933,12.11
21934,5.3
21935,13.74
21936,14.11
21937,10.7
21938,9.16
21939,11.64
21940,7.19
21941,5.3
21942,14.69
21943,8.91
21944,10.67
21945,10.76
21946,12.96
21947,12.37
21948,8.92
21949,5.3
21950,13.16
21951,8.41
21952,8.18
21953,13.6
21954,9.25
21955,9.28
21956,10.31
21957,12.22
21958,15.53
21959,9.21
21960,7.38
21961,9.13
21962,15.5
21963,14.13
21964,11.0
21965,5.3
21966,10.09
21967,9.51
21968,8.99
21969,14.61
21970,12.96
21971,16.36
21972,9.49
21973,8.8
21974,14.31
21975,13.24
21976,13.01
21977,8.49
21978,8.53
21979,17.35
21980,5.3
21981,14.44
21982,12.27
21983,13.51
21984,5.3
21985,13.86
21986,11.78
21987,12.09
21988,5.3
21989,13.59
21990,9.34
21991,8.65
21992,9.96
21993,9.1
21994,13.91
21995,11.86
21996,15.49
21997,7.44
21998,5.3
21999,10.79
22000,9.26
22001,12.83
22002,5.3
22003,8.57
22004,5.3
22005,9.8
22006,16.35
22007,9.93
22008,13.93
22009,10.43
22010,14.6
22011,9.38
22012,14.33
22013,9.05
22014,12.7
22015,13.75
22016,8.09
22017,14.41
22018,9.23
22019,12.25
22020,9.44
22021,13.34
22022,13.17
22023,8.31
22024,14.3
22025,9.44
22026,10.55
22027,13.8
22028,12.2
22029,9.34
22030,13.78
22031,9.59
22032,5.3
22033,12.91
22034,5.3
22035,8.93
22036,13.45
22037,9.16
22038,16.2
22039,13.99
22040,15.87
22041,10.12
22042,13.38
22043,8.69
22044,12.99
22045,5.3
22046,8.88
22047,11.42
22048,9.25
22049,13.46
22050,10.73
22051,13.89
22052,9.28
22053,9.31
22054,16.1
22055,15.08
22056,8.53
22057,9.02
22058,14.11
22059,14.56
22060,11.94
22061,12.45
22062,11.67
22063,9.78
22064,13.99
22065,5.3
22066,13.55
22067,12.49
22068,9.35
22069,10.23
22070,8.53
22071,10.39
22072,9.31
22073,8.14
22074,14.24
22075,12.51
22076,16.16
22077,5.3
22078,12.2
22079,13.87
22080,5.3
22081,11.96
22082,10.08
22083,5.3
22084,10.9
22085,11.49
22086,15.39
22087,11.69
22088,9.49
22089,8.62
22090,8.98
22091,13.5
22092,12.44
22093,14.61
22094,10.82
22095,14.28
22096,8.47
22097,12.68
22098,9.13
22099,13.19
22100,12.77
22101,15.13
22102,11.5
22103,8.88
22104,5.3
22105,11.9
22106,5.3
22107,8.52
22108,14.23
22109,9.72
22110,13.94
22111,5.3
22112,14.33
22113,11.9
22114,9.15
22115,15.08
22116,13.1
22117,13.62
22118,11.99
22119,13.96
22120,13.78
22121,9.24
22122,5.3
22123,8.89
22124,9.49
22125,15.77
22126,14.83
22127,14.2
22128,9.43
22129,10.08
22130,12.64
22131,10.28
22132,13.11
22133,8.91
22134,8.65
22135,13.46
22136,5.3
22137,9.17
22138,10.58
22139,8.52
22140,9.5
22141,13.08
22142,15.86
22143,9.57
22144,9.05
22145,5.3
22146,13.84
22147,9.62
22148,13.01
22149,10.56
22150,5.3
22151,8.56
22152,8.99
22153,10.78
22154,9.45
22155,5.3
22156,11.87
22157,12.14
22158,9.89
22159,8.7
22160,13.04
22161,16.18
22162,8.38
22163,12.37
22164,11.56
22165,14.34
22166,9.65
22167,13.89
22168,8.62
22169,8.19
22170,9.14
22171,5.3
22172,9.01
22173,8.63
22174,8.66
22175,11.07
22176,13.55
22177,9.8
22178,13.41
22179,5.3
22180,10.1
22181,11.0
22182,15.5
22183,9.58
22184,11.7
22185,14.27
22186,9.79
22187,9.61
22188,13.65
22189,10.66
22190,13.08
22191,9.22
22192,16.18
22193,8.78
22194,15.44
22195,10.44
22196,9.38
22197,10.06
22198,16.07
22199,8.96
22200,14.11
22201,9.34
22202,5.3
22203,8.6
22204,15.73
22205,9.62
22206,11.38
22207,14.4
22208,15.31
22209,12.36
22210,9.2
22211,13.58
22212,9.35
22213,8.64
22214,11.72
22215,8.64
22216,12.31
22217,10.99
22218,5.3
22219,8.91
22220,9.5
22221,8.48
22222,9.92
22223,14.16
22224,10.54
22225,12.97
22226,11.72
22227,8.25
22228,13.64
22229,12.4
22230,12.96
22231,9.04
22232,12.5
22233,11.95
22234,13.74
22235,9.01
22236,10.15
22237,9.6
22238,9.28
22239,15.48
22240,14.03
22241,8.75
22242,8.81
22243,13.62
22244,18.2
22245,14.2
22246,5.3
22247,12.75
22248,9.52
22249,12.85
22250,9.44
22251,11.62
22252,11.04
22253,13.46
22254,13.57
22255,10.43
22256,13.76
22257,5.3
22258,12.0
22259,10.14
22260,15.0
22261,9.02
22262,8.27
22263,15.6
22264,5.3
22265,14.88
22266,9.1
22267,11.63
22268,20.19
22269,12.46
22270,5.3
22271,9.52
22272,9.68
22273,12.21
22274,12.42
22275,5.3
22276,8.66
22277,14.37
22278,9.03
22279,13.48
22280,11.27
22281,8.94
22282,11.37
22283,9.55
22284,11.21
22285,15.09
22286,6.47
22287,5.3
22288,9.6
22289,15.1
22290,9.22
22291,11.49
22292,15.01
22293,9.14
22294,8.76
22295,5.3
22296,11.4
22297,13.83
22298,14.76
22299,12.29
22300,8.68
22301,13.88
22302,10.49
22303,7.29
22304,5.3
22305,9.87
22306,15.44
22307,10.03
22308,9.4
22309,13.34
22310,10.79
22311,9.98
22312,13.55
22313,14.61
22314,14.18
22315,8.98
22316,12.3
22317,10.31
22318,11.37
22319,9.17
22320,14.23
22321,8.56
22322,10.77
22323,11.88
22324,6.31
22325,8.42
22326,15.2
22327,12.76
22328,5.3
22329,11.15
22330,9.26
22331,5.3
22332,8.71
22333,9.9
22334,12.12
22335,15.62
22336,8.52
22337,12.03
22338,8.66
22339,13.52
22340,12.29
22341,13.91
22342,14.16
22343,12.03
22344,9.57
22345,5.3
22346,5.3
22347,10.81
22348,9.25
22349,8.23
22350,14.53
22351,5.3
22352,15.98
22353,10.13
22354,12.07
22355,15.24
22356,13.33
22357,9.29
22358,5.3
22359,13.55
22360,8.66
22361,9.56
22362,8.72
22363,15.09
22364,19.05
22365,10.91
22366,14.05
22367,14.81
22368,9.24
22369,15.3
22370,8.87
22371,5.3
22372,9.67
22373,9.49
22374,9.12
22375,12.57
22376,13.39
22377,8.8
22378,16.48
22379,5.3
22380,17.36
22381,13.93
22382,9.35
22383,13.04
22384,13.59
22385,10.66
22386,13.64
22387,9.54
22388,9.31
22389,18.08
22390,5.3
22391,9.54
22392,15.24
22393,8.99
22394,5.3
22395,8.94
22396,7.83
22397,12.33
22398,8.95
22399,9.67
22400,8.76
22401,12.2
22402,6.74
22403,5.3
22404,7.68
22405,14.0
22406,8.51
22407,11.95
22408,15.65
22409,5.3
22410,11.39
22411,18.45
22412,11.26
22413,9.4
22414,5.3
22415,5.3
22416,12.45
22417,10.82
22418,8.74
22419,13.44
22420,10.36
22421,16.09
22422,9.44
22423,5.3
22424,16.37
22425,6.6
22426,7.96
22427,10.85
22428,13.82
22429,5.3
22430,11.13
22431,14.1
22432,8.78
22433,8.94
22434,14.16
22435,8.32
22436,14.29
22437,9.47
22438,9.74
22439,8.48
22440,14.05
22441,14.4
22442,11.67
22443,8.7
22444,10.35
22445,13.1
22446,13.79
22447,9.11
22448,12.32
22449,15.01
22450,9.61
22451,13.33
22452,10.91
22453,10.76
22454,13.12
22455,10.4
22456,12.17
22457,10.87
22458,12.74
22459,6.42
22460,8.38
22461,14.62
22462,18.2
22463,10.12
22464,8.8
22465,12.11
22466,7.61
22467,8.47
22468,15.55
22469,13.49
22470,11.93
22471,8.2
22472,9.24
22473,14.91
22474,5.3
22475,5.3
22476,9.42
22477,11.79
22478,9.64
22479,9.98
22480,10.22
22481,5.3
22482,12.79
22483,14.33
22484,5.3
22485,8.43
22486,13.63
22487,5.3
22488,7.69
22489,8.56
22490,5.3
22491,15.47
22492,5.3
22493,11.29
22494,9.28
22495,10.64
22496,11.02
22497,9.87
22498,13.32
22499,13.53
22500,12.11
22501,8.89
22502,11.29
22503,18.86
22504,12.14
22505,14.22
22506,9.74
22507,9.54
22508,5.3
22509,9.55
22510,12.35
22511,9.13
22512,17.05
22513,5.3
22514,8.72
22515,12.08
22516,9.18
22517,10.2
22518,5.3
22519,9.77
22520,14.27
22521,11.25
22522,13.25
22523,15.22
22524,5.3
22525,5.3
22526,14.99
22527,14.48
22528,12.63
22529,12.76
22530,11.0
22531,19.32
22532,10.52
22533,15.12
22534,9.73
22535,7.21
22536,5.3
22537,14.59
22538,10.26
22539,11.3
22540,13.47
22541,5.3
22542,5.3
22543,9.31
22544,10.81
22545,14.52
22546,9.14
22547,9.52
22548,9.3
22549,5.3
22550,9.47
22551,9.55
22552,13.34
22553,15.8
22554,5.3
22555,8.92
22556,14.99
22557,14.96
22558,14.12
22559,9.29
22560,9.24
22561,12.42
22562,11.81
22563,8.54
22564,9.97
22565,9.22
22566,11.63
22567,8.53
22568,5.3
22569,13.2
22570,10.17
22571,14.06
22572,11.28
22573,14.68
22574,5.3
22575,5.3
22576,15.65
22577,10.58
22578,9.02
22579,15.62
22580,12.12
22581,8.62
22582,11.16
22583,12.38
22584,14.66
22585,9.06
22586,14.72
22587,10.26
22588,13.85
22589,13.67
22590,8.6
22591,9.53
22592,8.57
22593,9.05
22594,10.12
22595,9.48
22596,13.24
22597,12.74
22598,8.79
22599,13.91
22600,7.71
22601,10.78
22602,11.93
22603,11.1
22604,9.33
22605,10.53
22606,9.31
22607,5.3
22608,5.3
22609,13.4
22610,10.62
22611,9.44
22612,5.3
22613,10.03
22614,5.3
22615,15.41
22616,11.3
22617,13.82
22618,13.43
22619,10.72
22620,18.17
22621,9.27
22622,8.94
22623,12.7
22624,9.29
22625,18.19
22626,15.21
22627,15.35
22628,5.3
22629,15.72
22630,8.5
22631,13.98
22632,9.81
22633,9.0
22634,13.98
22635,9.13
22636,5.3
22637,9.92
22638,14.26
22639,17.18
22640,15.98
22641,14.23
22642,8.71
22643,9.38
22644,5.3
22645,5.3
22646,5.3
22647,11.37
22648,5.3
22649,14.11
22650,12.46
22651,11.68
22652,6.94
22653,9.92
22654,13.33
22655,11.29
22656,5.3
22657,9.37
22658,12.15
22659,10.04
22660,9.65
22661,9.07
22662,6.14
22663,16.27
22664,8.8
22665,9.33
22666,9.53
22667,10.43
22668,8.98
22669,11.86
22670,14.05
22671,8.97
22672,12.45
22673,12.82
22674,16.2
22675,9.83
22676,16.06
22677,5.3
22678,14.02
22679,10.4
22680,10.65
22681,5.3
22682,8.28
22683,9.77
22684,9.16
22685,12.77
22686,11.28
22687,8.93
22688,10.87
22689,10.55
22690,13.91
22691,5.3
22692,9.65
22693,13.85
22694,16.42
22695,8.77
22696,13.0
22697,5.3
22698,9.02
22699,15.29
22700,10.34
22701,13.76
22702,8.35
22703,8.18
22704,5.3
22705,5.3
22706,9.27
22707,5.3
22708,10.54
22709,14.03
22710,9.73
22711,11.34
22712,14.1
22713,8.97
22714,16.32
22715,12.43
22716,13.18
22717,5.3
22718,14.99
22719,8.34
22720,9.42
22721,10.09
22722,9.58
22723,14.19
22724,10.71
22725,8.91
22726,13.41
22727,8.8
22728,13.44
22729,9.95
22730,10.94
22731,14.18
22732,8.96
22733,18.48
22734,13.42
22735,13.78
22736,8.62
22737,8.86
22738,11.92
22739,9.59
22740,17.85
22741,13.1
22742,13.27
22743,9.0
22744,13.76
22745,9.1
22746,10.42
22747,9.37
22748,13.45
22749,9.95
22750,9.57
22751,14.92
22752,12.53
22753,9.59
22754,8.45
22755,8.06
22756,12.46
22757,9.6
22758,5.3
22759,7.39
22760,13.75
22761,14.33
22762,8.6
22763,15.5
22764,13.8
22765,8.76
22766,14.39
22767,9.61
22768,13.25
22769,13.55
22770,5.3
22771,9.17
22772,11.29
22773,14.17
22774,9.18
22775,12.18
22776,10.45
22777,9.29
22778,9.58
22779,5.3
22780,9.62
22781,15.11
22782,5.3
22783,10.57
22784,5.3
22785,5.3
22786,14.64
22787,9.43
22788,14.55
22789,9.95
22790,13.6
22791,16.36
22792,10.54
22793,13.61
22794,10.68
22795,13.47
22796,12.07
22797,9.5
22798,8.73
22799,16.32
22800,13.42
22801,13.92
22802,8.06
22803,14.65
22804,9.58
22805,10.16
22806,14.66
22807,14.13
22808,12.76
22809,5.3
22810,9.03
22811,9.41
22812,11.49
22813,14.78
22814,5.3
22815,5.3
22816,9.09
22817,15.09
22818,8.62
22819,10.63
22820,11.57
22821,9.22
22822,8.29
22823,9.21
22824,12.07
22825,16.33
22826,13.95
22827,8.06
22828,11.31
22829,10.79
22830,11.31
22831,5.3
22832,13.08
22833,11.78
22834,11.78
22835,5.3
22836,14.58
22837,10.44
22838,13.85
22839,14.18
22840,12.9
22841,10.31
22842,12.28
22843,12.02
22844,14.01
22845,9.72
22846,5.3
22847,5.3
22848,10.17
22849,13.41
22850,9.51
22851,10.1
22852,9.44
22853,13.46
22854,8.3
22855,8.24
22856,10.39
22857,8.1
22858,11.45
22859,11.57
22860,13.73
22861,14.61
22862,5.3
22863,10.96
22864,13.7
22865,5.3
22866,10.04
22867,8.53
22868,12.83
22869,5.3
22870,9.38
22871,5.3
22872,5.3
22873,5.3
22874,9.52
22875,5.3
22876,9.93
22877,14.8
22878,15.33
22879,10.94
22880,5.3
22881,14.13
22882,13.23
22883,15.01
22884,9.56
22885,14.58
22886,13.5
22887,11.58
22888,9.11
22889,8.44
22890,12.2
22891,12.86
22892,13.42
22893,13.17
22894,8.12
22895,15.62
22896,9.62
22897,8.94
22898,9.08
22899,8.26
22900,9.08
22901,13.77
22902,5.3
22903,15.12
22904,15.27
22905,9.01
22906,5.3
22907,13.14
22908,9.64
22909,8.93
22910,14.29
22911,11.06
22912,13.72
22913,12.07
22914,9.84
22915,9.32
22916,9.36
22917,14.82
22918,11.21
22919,9.69
22920,13.29
22921,5.3
22922,5.3
22923,10.16
22924,11.34
22925,5.3
22926,10.19
22927,16.74
22928,6.12
22929,15.45
22930,11.54
22931,9.5
22932,8.68
22933,14.31
22934,8.31
22935,14.25
22936,8.88
22937,16.17
22938,8.75
22939,18.0
22940,11.65
22941,5.3
22942,12.81
22943,13.07
22944,13.18
22945,5.3
22946,5.3
22947,9.24
22948,5.3
22949,12.44
22950,13.25
22951,6.29
22952,16.25
22953,10.28
22954,14.1
22955,9.11
22956,12.26
22957,13.19
22958,8.08
22959,15.16
22960,5.3
22961,9.53
22962,14.67
22963,14.76
22964,13.94
22965,14.0
22966,13.02
22967,9.18
22968,9.48
22969,10.91
22970,10.08
22971,8.81
22972,13.95
22973,5.3
22974,9.35
22975,10.9
22976,6.72
22977,5.3
22978,14.78
22979,16.36
22980,8.89
22981,11.72
22982,14.53
22983,8.28
22984,5.9
22985,8.7
22986,6.57
22987,11.63
22988,14.0
22989,8.99
22990,9.8
22991,11.28
22992,14.63
22993,13.57
22994,13.5
22995,16.4
22996,9.44
22997,5.3
22998,9.79
22999,11.71
23000,9.52
23001,14.41
23002,13.99
23003,11.09
23004,5.3
23005,8.14
23006,5.3
23007,9.77
23008,8.92
23009,11.29
23010,11.28
23011,12.1
23012,12.01
23013,8.91
23014,5.3
23015,9.64
23016,10.47
23017,12.01
23018,9.23
23019,10.78
23020,5.3
23021,5.3
23022,9.76
23023,10.3
23024,9.47
23025,12.3
23026,14.44
23027,13.76
23028,9.07
23029,5.3
23030,9.93
23031,13.3
23032,12.15
23033,8.83
23034,16.1
23035,5.3
23036,9.57
23037,8.73
23038,10.21
23039,13.92
23040,13.58
23041,11.0
23042,9.53
23043,12.93
23044,8.89
23045,15.26
23046,14.0
23047,11.93
23048,13.97
23049,9.03
23050,13.95
23051,12.31
23052,9.74
23053,13.87
23054,9.51
23055,9.72
23056,12.31
23057,12.89
23058,9.85
23059,16.76
23060,13.34
23061,14.55
23062,9.08
23063,12.33
23064,9.49
23065,10.19
23066,14.12
23067,14.25
23068,15.13
23069,14.03
23070,10.42
23071,9.7
23072,9.28
23073,8.65
23074,5.3
23075,13.64
23076,15.45
23077,13.9
23078,9.58
23079,5.3
23080,9.55
23081,5.3
23082,8.82
23083,8.01
23084,14.29
23085,9.77
23086,9.13
23087,5.3
23088,17.11
23089,8.89
23090,5.67
23091,9.34
23092,9.99
23093,7.97
23094,9.05
23095,7.55
23096,10.92
23097,9.57
23098,12.23
23099,8.54
23100,8.93
23101,8.73
23102,14.34
23103,14.65
23104,9.94
23105,7.26
23106,12.27
23107,9.11
23108,16.17
23109,8.64
23110,13.31
23111,9.53
23112,10.23
23113,10.29
23114,10.17
23115,8.95
23116,9.24
23117,14.49
23118,9.06
23119,8.83
23120,13.52
23121,12.3
23122,8.65
23123,16.95
23124,10.72
23125,13.81
23126,14.43
23127,6.18
23128,5.3
23129,9.6
23130,10.61
23131,5.3
23132,8.78
23133,6.49
23134,13.83
23135,8.12
23136,15.7
23137,16.25
23138,5.3
23139,11.73
23140,14.88
23141,10.29
23142,14.51
23143,14.9
23144,9.26
23145,5.3
23146,5.3
23147,10.89
23148,9.53
23149,9.31
23150,11.54
23151,14.97
23152,9.52
23153,9.72
23154,12.35
23155,14.54
23156,15.09
23157,14.6
23158,5.3
23159,9.63
23160,12.35
23161,5.3
23162,8.73
23163,13.37
23164,9.28
23165,12.35
23166,9.93
23167,8.98
23168,10.92
23169,8.93
23170,8.84
23171,11.63
23172,12.12
23173,9.9
23174,14.46
23175,9.53
23176,5.3
23177,10.87
23178,8.68
23179,13.45
23180,11.65
23181,8.72
23182,9.47
23183,12.27
23184,12.76
23185,9.7
23186,14.25
23187,14.27
23188,9.51
23189,10.16
23190,8.87
23191,9.44
23192,8.73
23193,10.42
23194,14.13
23195,10.91
23196,17.58
23197,13.78
23198,13.74
23199,12.58
23200,16.19
23201,8.44
23202,5.3
23203,15.14
23204,13.92
23205,10.13
23206,10.44
23207,13.43
23208,10.45
23209,14.7
23210,15.06
23211,8.42
23212,9.94
23213,10.77
23214,13.38
23215,9.66
23216,13.62
23217,11.06
23218,10.12
23219,8.61
23220,9.08
23221,9.47
23222,10.98
23223,11.78
23224,8.74
23225,9.18
23226,13.76
23227,9.03
23228,10.85
23229,14.33
23230,10.81
23231,9.03
23232,5.3
23233,9.16
23234,9.72
23235,9.02
23236,15.32
23237,8.34
23238,5.3
23239,11.82
23240,12.08
23241,5.3
23242,9.09
23243,14.26
23244,9.7
23245,12.31
23246,9.38
23247,12.93
23248,16.59
23249,11.15
23250,9.16
23251,16.32
23252,13.87
23253,9.16
23254,9.77
23255,9.4
23256,9.63
23257,5.3
23258,11.09
23259,12.73
23260,8.82
23261,12.17
23262,10.05
23263,9.37
23264,7.84
23265,8.68
23266,12.1
23267,9.47
23268,8.77
23269,10.57
23270,8.73
23271,9.6
23272,5.3
23273,8.32
23274,11.96
23275,9.91
23276,10.82
23277,5.3
23278,5.3
23279,14.6
23280,5.3
23281,8.2
23282,8.34
23283,9.36
23284,13.49
23285,11.33
23286,15.18
23287,9.74
23288,13.22
23289,9.59
23290,10.44
23291,10.08
23292,11.45
23293,9.83
23294,14.17
23295,11.05
23296,9.1
23297,10.4
23298,9.36
23299,10.7
23300,9.62
23301,14.21
23302,9.59
23303,9.34
23304,5.3
23305,8.68
23306,13.55
23307,11.97
23308,14.19
23309,13.48
23310,9.04
23311,5.3
23312,15.87
23313,5.3
23314,12.83
23315,14.35
23316,8.48
23317,8.94
23318,13.68
23319,15.55
23320,12.81
23321,8.89
23322,13.41
23323,11.59
23324,5.3
23325,15.11
23326,5.3
23327,16.44
23328,9.62
23329,14.1
23330,5.3
23331,10.22
23332,12.66
23333,9.42
23334,5.3
23335,8.57
23336,15.71
23337,8.98
23338,5.3
23339,15.17
23340,5.3
23341,9.63
23342,8.69
23343,13.56
23344,14.34
23345,9.87
23346,5.3
23347,13.77
23348,13.8
23349,8.76
23350,14.12
23351,13.29
23352,15.24
23353,8.14
23354,8.54
23355,7.75
23356,13.2
23357,5.3
23358,9.26
23359,9.76
23360,12.33
23361,12.87
23362,8.51
23363,8.71
23364,12.4
23365,12.91
23366,5.3
23367,14.91
23368,9.21
23369,9.69
23370,13.07
23371,17.26
23372,13.88
23373,15.56
23374,9.38
23375,9.28
23376,10.51
23377,7.53
23378,14.66
23379,13.85
23380,10.69
23381,9.16
23382,9.02
23383,9.03
23384,11.09
23385,14.61
23386,5.3
23387,13.31
23388,14.66
23389,5.3
23390,11.0
23391,8.98
23392,8.62
23393,9.74
23394,13.14
23395,9.44
23396,5.3
23397,14.34
23398,9.54
23399,9.46
23400,5.3
23401,15.36
23402,13.7
23403,10.1
23404,8.87
23405,8.82
23406,14.01
23407,8.54
23408,9.39
23409,15.55
23410,13.84
23411,10.85
23412,9.67
23413,5.3
23414,5.3
23415,7.5
23416,9.71
23417,13.24
23418,13.52
23419,13.49
23420,13.9
23421,15.32
23422,11.45
23423,11.91
23424,5.3
23425,5.3
23426,15.24
23427,15.74
23428,9.82
23429,10.49
23430,9.07
23431,15.58
23432,11.85
23433,11.89
23434,13.97
23435,9.98
23436,10.03
23437,18.91
23438,10.26
23439,5.3
23440,13.5
23441,9.55
23442,10.24
23443,9.41
23444,5.3
23445,12.42
23446,11.59
23447,8.42
23448,13.33
23449,13.78
23450,9.52
23451,8.81
23452,15.05
23453,13.3
23454,5.3
23455,5.3
23456,14.4
23457,12.41
23458,9.03
23459,15.71
23460,11.53
23461,11.01
23462,9.33
23463,9.4
23464,14.74
23465,16.86
23466,8.28
23467,8.59
23468,11.34
23469,13.79
23470,14.7
23471,5.3
23472,9.89
23473,13.96
23474,14.21
23475,12.01
23476,13.9
23477,8.77
23478,6.28
23479,9.19
23480,8.82
23481,13.89
23482,16.55
23483,12.08
23484,9.43
23485,13.37
23486,13.25
23487,5.3
23488,9.39
23489,8.81
23490,7.03
23491,11.0
23492,9.65
23493,8.28
23494,13.77
23495,15.47
23496,9.35
23497,12.1
23498,10.1
23499,9.95
23500,5.3
23501,7.43
23502,11.72
23503,14.87
23504,5.3
23505,5.3
23506,8.38
23507,11.62
23508,15.38
23509,17.16
23510,12.08
23511,5.3
23512,9.11
23513,14.22
23514,12.43
23515,5.3
23516,10.52
23517,8.82
23518,10.31
23519,9.01
23520,12.26
23521,10.65
23522,10.85
23523,10.12
23524,10.75
23525,8.7
23526,12.96
23527,9.7
23528,9.53
23529,5.3
23530,11.09
23531,5.3
23532,13.66
23533,8.43
23534,8.9
23535,16.55
23536,10.1
23537,12.94
23538,5.3
23539,15.07
23540,10.23
23541,8.47
23542,13.53
23543,5.3
23544,15.66
23545,10.67
23546,16.38
23547,11.19
23548,8.79
23549,13.94
23550,9.39
23551,9.91
23552,9.12
23553,10.84
23554,9.21
23555,9.41
23556,9.25
23557,10.08
23558,14.91
23559,13.42
23560,9.61
23561,14.08
23562,5.3
23563,5.3
23564,13.12
23565,9.55
23566,5.3
23567,19.25
23568,10.21
23569,5.3
23570,13.94
23571,15.36
23572,8.96
23573,12.96
23574,11.31
23575,9.65
23576,12.42
23577,5.3
23578,14.86
23579,16.65
23580,9.49
23581,13.86
23582,13.98
23583,11.36
23584,10.54
23585,17.53
23586,6.93
23587,13.8
23588,13.89
23589,6.33
23590,16.39
23591,12.13
23592,16.11
23593,9.87
23594,10.3
23595,5.3
23596,9.66
23597,5.3
23598,11.49
23599,9.52
23600,17.39
23601,10.3
23602,13.42
23603,12.93
23604,5.3
23605,5.3
23606,9.49
23607,15.03
23608,9.61
23609,5.3
23610,9.35
23611,11.5
23612,11.85
23613,5.3
23614,9.38
23615,5.3
23616,9.98
23617,9.59
23618,5.3
23619,11.78
23620,15.56
23621,13.27
23622,14.64
23623,17.36
23624,8.8
23625,5.3
23626,14.2
23627,8.14
23628,10.29
23629,11.12
23630,14.05
23631,13.42
23632,5.3
23633,8.35
23634,5.3
23635,9.16
23636,9.76
23637,10.89
23638,8.73
23639,9.56
23640,5.3
23641,12.27
23642,15.2
23643,11.3
23644,12.86
23645,14.91
23646,9.8
23647,12.06
23648,13.97
23649,14.49
23650,12.24
23651,14.57
23652,9.17
23653,15.3
23654,14.36
23655,8.74
23656,9.11
23657,8.57
23658,13.89
23659,12.69
23660,7.82
23661,9.4
23662,13.31
23663,13.56
23664,14.12
23665,12.18
23666,16.09
23667,8.3
23668,9.32
23669,9.17
23670,14.28
23671,5.3
23672,9.07
23673,9.94
23674,14.01
23675,9.63
23676,9.85
23677,12.76
23678,8.03
23679,11.03
23680,8.8
23681,12.2
23682,5.3
23683,14.2
23684,6.08
23685,8.66
23686,9.25
23687,9.82
23688,11.82
23689,11.42
23690,9.93
23691,11.35
23692,14.25
23693,5.3
23694,9.03
23695,12.08
23696,8.24
23697,8.69
23698,8.97
23699,13.4
23700,14.76
23701,10.02
23702,11.42
23703,14.89
23704,8.61
23705,9.56
23706,9.35
23707,9.32
23708,9.36
23709,13.0
23710,13.79
23711,6.97
23712,13.56
23713,13.66
23714,8.37
23715,13.9
23716,11.3
23717,12.94
23718,9.82
23719,13.1
23720,12.28
23721,9.57
23722,13.36
23723,13.81
23724,8.71
23725,16.52
23726,8.69
23727,9.96
23728,14.59
23729,8.5
23730,5.3
23731,14.31
23732,10.25
23733,15.09
23734,14.31
23735,10.57
23736,6.67
23737,8.74
23738,9.54
23739,8.68
23740,11.04
23741,13.43
23742,11.89
23743,5.3
23744,10.54
23745,14.23
23746,9.95
23747,15.89
23748,8.58
23749,13.12
23750,13.97
23751,7.16
23752,10.2
23753,12.59
23754,9.4
23755,5.3
23756,12.46
23757,14.18
23758,8.82
23759,11.36
23760,10.69
23761,9.81
23762,5.3
23763,14.6
23764,11.36
23765,14.17
23766,5.3
23767,13.5
23768,12.62
23769,8.81
23770,13.16
23771,5.3
23772,14.44
23773,11.97
23774,14.26
23775,15.39
23776,13.95
23777,5.3
23778,14.09
23779,11.66
23780,13.56
23781,15.0
23782,11.44
23783,14.06
23784,8.73
23785,10.8
23786,10.07
23787,9.84
23788,9.15
23789,10.8
23790,12.27
23791,5.3
23792,9.62
23793,8.5
23794,9.52
23795,13.15
23796,15.27
23797,10.29
23798,10.78
23799,12.59
23800,9.62
23801,10.81
23802,5.3
23803,5.3
23804,11.49
23805,9.69
23806,13.47
23807,11.0
23808,8.98
23809,11.48
23810,14.62
23811,17.8
23812,8.27
23813,9.63
23814,5.3
23815,13.71
23816,9.33
23817,11.25
23818,10.55
23819,5.3
23820,13.42
23821,13.03
23822,11.99
23823,11.73
23824,8.4
23825,13.08
23826,12.62
23827,8.94
23828,14.2
23829,8.55
23830,9.69
23831,14.06
23832,12.41
23833,5.3
23834,14.61
23835,8.77
23836,15.83
23837,17.82
23838,14.47
23839,16.23
23840,15.05
23841,11.06
23842,8.9
23843,9.8
23844,17.53
23845,13.45
23846,10.16
23847,11.01
23848,15.28
23849,14.77
23850,9.41
23851,9.47
23852,9.59
23853,8.95
23854,9.8
23855,8.33
23856,8.45
23857,11.11
23858,10.66
23859,8.96
23860,5.3
23861,14.13
23862,5.3
23863,5.3
23864,5.3
23865,14.25
23866,13.35
23867,12.16
23868,8.68
23869,9.55
23870,13.67
23871,14.11
23872,13.93
23873,11.27
23874,12.61
23875,12.15
23876,8.43
23877,8.86
23878,11.81
23879,11.88
23880,14.1
23881,9.94
23882,9.67
23883,12.51
23884,9.56
23885,14.44
23886,14.04
23887,8.26
23888,9.53
23889,7.17
23890,5.3
23891,10.88
23892,8.86
23893,16.1
23894,7.81
23895,12.88
23896,5.3
23897,8.86
23898,8.33
23899,13.32
23900,11.65
23901,8.96
23902,12.18
23903,14.18
23904,14.92
23905,13.13
23906,5.3
23907,12.16
23908,11.25
23909,11.51
23910,9.2
23911,5.3
23912,10.63
23913,5.3
23914,12.07
23915,14.86
23916,12.14
23917,12.93
23918,14.53
23919,9.55
23920,13.52
23921,10.54
23922,5.3
23923,13.24
23924,12.14
23925,11.14
23926,15.17
23927,11.65
23928,12.2
23929,13.56
23930,11.17
23931,9.76
23932,12.27
23933,9.84
23934,12.44
23935,9.32
23936,16.09
23937,8.75
23938,8.79
23939,9.2
23940,9.7
23941,8.43
23942,9.52
23943,8.91
23944,12.32
23945,5.3
23946,5.3
23947,9.41
23948,10.86
23949,12.33
23950,10.96
23951,9.59
23952,10.95
23953,9.12
23954,9.48
23955,15.23
23956,5.3
23957,13.8
23958,14.74
23959,8.57
23960,9.65
23961,13.88
23962,11.37
23963,8.51
23964,10.98
23965,14.31
23966,9.65
23967,11.91
23968,5.3
23969,14.47
23970,5.3
23971,8.84
23972,11.48
23973,12.2
23974,8.87
23975,5.3
23976,11.84
23977,10.14
23978,12.34
23979,7.18
23980,13.79
23981,10.5
23982,9.53
23983,9.6
23984,9.5
23985,8.6
23986,5.3
23987,5.3
23988,9.64
23989,12.53
23990,10.94
23991,7.22
23992,9.62
23993,14.73
23994,9.04
23995,12.27
23996,8.6
23997,16.38
23998,13.12
23999,10.47
24000,5.3
24001,13.19
24002,5.3
24003,12.48
24004,12.23
24005,11.12
24006,12.4
24007,8.79
24008,7.51
24009,9.64
24010,9.45
24011,8.33
24012,8.93
24013,15.8
24014,5.3
24015,5.3
24016,8.85
24017,12.11
24018,16.19
24019,10.87
24020,8.74
24021,9.37
24022,9.08
24023,12.23
24024,11.24
24025,5.3
24026,14.67
24027,11.52
24028,14.27
24029,9.44
24030,8.34
24031,8.77
24032,8.75
24033,10.24
24034,12.75
24035,10.54
24036,14.67
24037,9.54
24038,14.88
24039,14.32
24040,14.35
24041,13.92
24042,13.84
24043,9.34
24044,5.3
24045,9.62
24046,14.2
24047,12.83
24048,12.63
24049,13.76
24050,11.32
24051,16.72
24052,5.3
24053,12.33
24054,13.45
24055,15.18
24056,8.4
24057,9.99
24058,8.5
24059,10.74
24060,8.84
24061,12.84
24062,13.41
24063,13.33
24064,8.79
24065,14.72
24066,11.44
24067,9.19
24068,10.42
24069,9.86
24070,14.55
24071,14.55
24072,9.97
24073,10.76
24074,11.11
24075,13.23
24076,5.3
24077,13.77
24078,11.42
24079,16.01
24080,14.3
24081,13.28
24082,11.57
24083,13.44
24084,8.88
24085,8.13
24086,9.23
24087,5.3
24088,8.84
24089,9.91
24090,9.38
24091,8.97
24092,5.3
24093,9.2
24094,5.3
24095,8.46
24096,9.93
24097,8.82
24098,14.46
24099,14.2
24100,8.51
24101,16.11
24102,9.73
24103,10.89
24104,13.69
24105,12.1
24106,8.64
24107,13.84
24108,13.7
24109,11.08
24110,9.36
24111,9.95
24112,5.3
24113,15.39
24114,14.5
24115,13.22
24116,9.92
24117,14.34
24118,9.88
24119,13.87
24120,5.3
24121,10.21
24122,15.66
24123,17.2
24124,15.48
24125,5.3
24126,11.28
24127,13.94
24128,5.3
24129,10.82
24130,5.3
24131,12.3
24132,9.59
24133,8.32
24134,14.22
24135,9.78
24136,13.7
24137,10.26
24138,9.56
24139,5.3
24140,7.9
24141,9.01
24142,14.87
24143,8.73
24144,8.87
24145,9.32
24146,13.74
24147,13.62
24148,13.7
24149,13.39
24150,9.59
24151,9.05
24152,13.02
24153,14.57
24154,10.75
24155,11.33
24156,16.07
24157,12.94
24158,9.16
24159,14.1
24160,12.35
24161,9.18
24162,14.28
24163,9.49
24164,9.77
24165,15.48
24166,11.47
24167,12.87
24168,15.37
24169,8.75
24170,11.54
24171,14.12
24172,14.3
24173,9.28
24174,15.77
24175,12.67
24176,14.5
24177,10.38
24178,17.95
24179,8.49
24180,14.22
24181,10.42
24182,9.76
24183,7.91
24184,14.35
24185,12.04
24186,5.3
24187,14.73
24188,15.0
24189,7.21
24190,9.84
24191,14.06
24192,11.84
24193,13.38
24194,9.0
24195,17.67
24196,11.14
24197,9.1
24198,7.81
24199,9.27
24200,5.3
24201,5.3
24202,9.1
24203,8.7
24204,8.98
24205,14.31
24206,15.23
24207,12.69
24208,5.3
24209,13.45
24210,11.98
24211,12.57
24212,14.68
24213,8.13
24214,10.26
24215,5.3
24216,11.38
24217,10.25
24218,9.3
24219,13.32
24220,8.57
24221,15.81
24222,6.65
24223,8.6
24224,10.63
24225,12.01
24226,10.2
24227,9.93
24228,5.3
24229,13.89
24230,12.11
24231,8.88
24232,8.89
24233,16.31
24234,9.29
24235,5.3
24236,8.73
24237,5.3
24238,12.36
24239,16.06
24240,9.54
24241,15.1
24242,12.84
24243,14.1
24244,14.43
24245,12.24
24246,11.57
24247,11.62
24248,14.87
24249,5.3
24250,15.68
24251,13.49
24252,17.06
24253,14.75
24254,14.76
24255,11.6
24256,13.43
24257,10.86
24258,5.3
24259,8.96
24260,10.03
24261,12.34
24262,5.3
24263,13.16
24264,14.38
24265,5.3
24266,9.42
24267,13.0
24268,12.14
24269,9.97
24270,15.94
24271,8.85
24272,5.3
24273,10.13
24274,18.3
24275,15.23
24276,10.89
24277,5.3
24278,9.01
24279,9.35
24280,10.3
24281,8.54
24282,12.92
24283,9.47
24284,14.15
24285,10.62
24286,8.92
24287,13.03
24288,15.34
24289,14.41
24290,9.51
24291,8.91
24292,11.59
24293,5.3
24294,13.43
24295,8.12
24296,10.52
24297,8.32
24298,11.41
24299,12.51
24300,10.95
24301,9.02
24302,9.65
24303,14.82
24304,9.56
24305,9.7
24306,9.17
24307,5.3
24308,14.25
24309,6.42
24310,10.68
24311,16.72
24312,9.48
24313,10.06
24314,13.33
24315,10.34
24316,5.3
24317,13.82
24318,13.25
24319,11.43
24320,12.15
24321,13.36
24322,8.55
24323,9.0
24324,8.47
24325,8.76
24326,8.63
24327,16.37
24328,13.16
24329,5.3
24330,5.3
24331,13.01
24332,8.99
24333,16.61
24334,11.7
24335,14.46
24336,14.05
24337,9.07
24338,13.41
24339,14.05
24340,10.68
24341,10.71
24342,11.32
24343,11.76
24344,5.3
24345,15.38
24346,13.49
24347,10.64
24348,10.95
24349,9.62
24350,13.15
24351,11.64
24352,10.38
24353,9.11
24354,15.41
24355,12.26
24356,14.61
24357,5.3
24358,8.66
24359,13.12
24360,14.44
24361,9.46
24362,11.19
24363,13.2
24364,10.46
24365,12.3
24366,5.3
24367,13.48
24368,8.45
24369,5.3
24370,15.08
24371,11.58
24372,10.56
24373,5.3
24374,9.36
24375,15.08
24376,9.37
24377,13.85
24378,12.59
24379,9.65
24380,16.11
24381,8.14
24382,9.07
24383,12.53
24384,14.79
24385,8.0
24386,10.71
24387,14.16
24388,14.14
24389,5.3
24390,15.3
24391,18.96
24392,9.11
24393,8.32
24394,15.81
24395,10.73
24396,9.33
24397,5.3
24398,8.58
24399,12.16
24400,11.62
24401,11.34
24402,15.65
24403,12.09
24404,13.48
24405,11.68
24406,14.36
24407,14.13
24408,12.77
24409,12.56
24410,5.3
24411,12.64
24412,9.48
24413,8.61
24414,11.71
24415,11.91
24416,9.48
24417,8.22
24418,10.59
24419,15.17
24420,12.18
24421,15.49
24422,15.88
24423,8.31
24424,10.24
24425,14.25
24426,13.86
24427,16.31
24428,12.03
24429,13.48
24430,9.13
24431,10.72
24432,12.01
24433,13.36
24434,8.7
24435,13.14
24436,5.3
24437,8.59
24438,8.17
24439,9.59
24440,10.52
24441,9.82
24442,13.8
24443,12.21
24444,5.3
24445,9.86
24446,12.43
24447,13.85
24448,13.53
24449,15.76
24450,8.18
24451,9.66
24452,12.49
24453,12.73
24454,12.02
24455,9.84
24456,5.65
24457,5.3
24458,13.45
24459,8.92
24460,12.34
24461,15.26
24462,14.95
24463,5.3
24464,13.31
24465,8.12
24466,10.03
24467,15.13
24468,13.16
24469,9.37
24470,5.3
24471,14.96
24472,14.26
24473,9.56
24474,13.18
24475,13.27
24476,8.89
24477,13.75
24478,9.99
24479,9.68
24480,10.51
24481,5.3
24482,8.46
24483,11.63
24484,9.74
24485,14.17
24486,10.64
24487,9.45
24488,9.46
24489,9.87
24490,14.11
24491,10.69
24492,9.55
24493,16.79
24494,9.58
24495,13.32
24496,11.55
24497,15.04
24498,10.81
24499,12.24
24500,14.52
24501,8.94
24502,9.39
24503,10.33
24504,8.22
24505,9.83
24506,10.74
24507,9.99
24508,11.44
24509,9.24
24510,8.85
24511,16.47
24512,10.23
24513,8.57
24514,10.08
24515,5.3
24516,9.93
24517,8.84
24518,5.3
24519,15.53
24520,14.1
24521,9.05
24522,9.54
24523,5.3
24524,10.38
24525,11.28
24526,10.22
24527,13.87
24528,15.02
24529,11.87
24530,5.3
24531,16.35
24532,9.9
24533,14.53
24534,17.4
24535,14.48
24536,9.05
24537,9.39
24538,13.87
24539,14.46
24540,14.85
24541,9.01
24542,10.44
24543,9.37
24544,5.3
24545,8.62
24546,5.3
24547,12.73
24548,7.45
24549,10.8
24550,5.3
24551,14.29
24552,5.3
24553,11.43
24554,8.23
24555,9.61
24556,11.08
24557,9.11
24558,9.4
24559,12.93
24560,8.75
24561,14.3
24562,9.24
24563,9.49
24564,11.85
24565,9.58
24566,15.05
24567,5.3
24568,11.02
24569,12.48
24570,14.17
24571,14.14
24572,5.3
24573,10.12
24574,13.49
24575,15.54
24576,9.73
24577,15.91
24578,8.64
24579,9.14
24580,9.73
24581,9.25
24582,10.33
24583,13.56
24584,13.68
24585,8.23
24586,9.52
24587,15.61
24588,9.11
24589,9.18
24590,9.49
24591,16.15
24592,7.75
24593,5.3
24594,9.23
24595,12.53
24596,11.47
24597,8.83
24598,14.1
24599,12.04
24600,8.89
24601,5.3
24602,5.3
24603,8.82
24604,5.3
24605,15.53
24606,9.91
24607,8.69
24608,14.61
24609,14.23
24610,9.84
24611,5.3
24612,12.71
24613,8.66
24614,14.3
24615,7.96
24616,12.44
24617,14.15
24618,9.03
24619,9.28
24620,12.95
24621,8.4
24622,8.39
24623,13.02
24624,9.05
24625,10.78
24626,14.75
24627,12.49
24628,9.85
24629,9.7
24630,12.75
24631,8.18
24632,13.99
24633,10.24
24634,10.03
24635,12.07
24636,9.33
24637,16.46
24638,9.02
24639,11.34
24640,5.3
24641,9.87
24642,10.23
24643,15.8
24644,10.67
24645,13.43
24646,12.42
24647,5.3
24648,6.97
24649,9.85
24650,11.35
24651,13.17
24652,15.36
24653,9.01
24654,9.48
24655,13.37
24656,11.95
24657,9.61
24658,13.79
24659,11.92
24660,5.3
24661,7.93
24662,10.48
24663,8.72
24664,12.86
24665,13.58
24666,6.14
24667,11.82
24668,11.0
24669,5.3
24670,11.86
24671,13.78
24672,11.86
24673,8.6
24674,8.55
24675,15.98
24676,11.56
24677,14.76
24678,8.92
24679,10.6
24680,13.16
24681,9.47
24682,5.3
24683,13.6
24684,5.3
24685,9.24
24686,13.94
24687,9.01
24688,8.22
24689,9.35
24690,14.53
24691,13.44
24692,10.74
24693,8.81
24694,12.42
24695,14.13
24696,8.18
24697,9.19
24698,9.06
24699,12.67
24700,5.3
24701,12.17
24702,8.86
24703,15.96
24704,11.95
24705,5.3
24706,9.78
24707,8.82
24708,11.3
24709,14.0
24710,13.81
24711,13.8
24712,17.21
24713,5.3
24714,12.25
24715,7.99
24716,12.63
24717,9.07
24718,16.66
24719,13.54
24720,14.36
24721,12.36
24722,9.16
24723,14.91
24724,11.65
24725,16.43
24726,9.45
24727,9.91
24728,11.94
24729,16.58
24730,15.17
24731,12.04
24732,12.95
24733,14.07
24734,14.67
24735,10.44
24736,11.12
24737,6.85
24738,9.05
24739,5.3
24740,8.89
24741,12.17
24742,13.3
24743,14.51
24744,9.26
24745,8.33
24746,11.59
24747,13.2
24748,8.61
24749,11.19
24750,12.88
24751,9.22
24752,13.17
24753,14.46
24754,8.81
24755,11.62
24756,17.99
24757,15.78
24758,5.36
24759,8.59
24760,12.92
24761,12.62
24762,11.85
24763,12.23
24764,18.0
24765,13.72
24766,14.41
24767,12.56
24768,5.3
24769,13.63
24770,12.56
24771,13.81
24772,14.3
24773,8.44
24774,12.12
24775,9.83
24776,11.5
24777,9.59
24778,9.58
24779,8.12
24780,10.7
24781,8.52
24782,9.39
24783,16.31
24784,16.05
24785,10.63
24786,11.76
24787,5.39
24788,14.47
24789,10.88
24790,8.54
24791,9.42
24792,7.99
24793,10.17
24794,15.54
24795,5.3
24796,9.22
24797,5.3
24798,12.76
24799,13.38
24800,8.65
24801,10.77
24802,13.48
24803,11.44
24804,5.3
24805,5.3
24806,12.12
24807,8.69
24808,14.87
24809,13.71
24810,14.19
24811,9.41
24812,10.5
24813,11.19
24814,13.69
24815,12.73
24816,15.58
24817,9.28
24818,7.21
24819,11.63
24820,12.26
24821,9.47
24822,15.16
24823,11.04
24824,14.22
24825,9.38
24826,15.35
24827,9.77
24828,13.5
24829,12.82
24830,8.8
24831,9.84
24832,14.12
24833,5.3
24834,10.89
24835,8.5
24836,9.26
24837,11.9
24838,13.78
24839,16.38
24840,10.31
24841,9.63
24842,9.81
24843,8.9
24844,9.86
24845,14.3
24846,9.59
24847,15.68
24848,14.96
24849,9.04
24850,13.43
24851,8.77
24852,10.56
24853,12.59
24854,14.4
24855,15.05
24856,10.75
24857,11.81
24858,9.31
24859,5.3
24860,7.67
24861,9.37
24862,9.73
24863,11.04
24864,9.19
24865,13.84
24866,13.32
24867,13.6
24868,15.32
24869,11.75
24870,13.9
24871,10.37
24872,10.26
24873,9.24
24874,17.45
24875,10.32
24876,10.81
24877,9.7
24878,9.89
24879,10.58
24880,9.17
24881,16.83
24882,16.67
24883,9.46
24884,11.32
24885,11.51
24886,12.25
24887,8.95
24888,14.05
24889,14.85
24890,15.59
24891,15.56
24892,13.29
24893,8.75
24894,8.74
24895,8.84
24896,5.3
24897,5.74
24898,13.58
24899,9.52
24900,14.4
24901,12.41
24902,15.08
24903,10.62
24904,13.08
24905,15.3
24906,15.58
24907,11.02
24908,9.45
24909,12.01
24910,15.6
24911,9.76
24912,8.7
24913,14.08
24914,13.38
24915,9.17
24916,13.98
24917,15.17
24918,13.32
24919,9.31
24920,5.3
24921,5.3
24922,15.63
24923,9.57
24924,10.11
24925,12.2
24926,5.3
24927,14.6
24928,10.23
24929,9.31
24930,5.3
24931,13.38
24932,8.62
24933,9.05
24934,13.67
24935,13.76
24936,7.08
24937,9.38
24938,8.93
24939,7.91
24940,13.75
24941,5.3
24942,8.14
24943,12.36
24944,9.14
24945,14.85
24946,14.03
24947,14.47
24948,12.92
24949,11.64
24950,16.06
24951,9.41
24952,9.06
24953,10.52
24954,9.14
24955,17.43
24956,14.68
24957,6.32
24958,10.52
24959,12.84
24960,5.3
24961,11.95
24962,5.3
24963,14.29
24964,13.96
24965,11.39
24966,10.25
24967,13.33
24968,9.42
24969,11.93
24970,9.43
24971,8.33
24972,11.34
24973,13.04
24974,10.02
24975,5.3
24976,13.79
24977,11.52
24978,13.92
24979,13.89
24980,10.68
24981,11.36
24982,13.38
24983,13.86
24984,9.41
24985,5.3
24986,13.51
24987,8.33
24988,13.55
24989,12.31
24990,11.55
24991,9.69
24992,8.37
24993,8.82
24994,11.66
24995,8.63
24996,9.49
24997,13.47
24998,9.44
24999,8.68
25000,14.23
25001,9.65
25002,5.3
25003,13.73
25004,9.87
25005,14.6
25006,13.35
25007,9.41
25008,8.21
25009,9.62
25010,11.36
25011,13.69
25012,9.22
25013,14.8
25014,10.79
25015,16.11
25016,14.05
25017,8.92
25018,9.15
25019,10.61
25020,10.21
25021,15.41
25022,14.95
25023,14.0
25024,5.3
25025,14.7
25026,9.97
25027,13.0
25028,9.13
25029,9.0
25030,10.56
25031,16.18
25032,14.23
25033,14.81
25034,5.3
25035,5.3
25036,11.35
25037,14.64
25038,8.28
25039,7.38
25040,11.94
25041,11.19
25042,14.44
25043,8.55
25044,8.93
25045,14.03
25046,9.71
25047,9.01
25048,12.94
25049,12.3
25050,8.59
25051,13.0
25052,5.3
25053,13.48
25054,10.08
25055,11.7
25056,12.33
25057,7.65
25058,9.62
25059,5.3
25060,8.59
25061,9.39
25062,8.38
25063,13.95
25064,11.51
25065,12.55
25066,9.99
25067,13.44
25068,5.3
25069,14.57
25070,14.97
25071,15.3
25072,12.58
25073,5.3
25074,9.7
25075,11.22
25076,9.24
25077,11.41
25078,9.46
25079,15.53
25080,13.0
25081,9.31
25082,9.99
25083,14.4
25084,13.08
25085,9.8
25086,11.2
25087,8.87
25088,8.56
25089,9.6
25090,11.31
25091,9.28
25092,12.02
25093,8.7
25094,10.61
25095,8.47
25096,11.89
25097,12.3
25098,12.5
25099,9.94
25100,11.03
25101,14.44
25102,10.35
25103,10.51
25104,11.32
25105,10.8
25106,16.04
25107,8.03
25108,9.05
25109,7.62
25110,16.42
25111,8.62
25112,12.89
25113,5.3
25114,9.19
25115,14.4
25116,9.44
25117,9.18
25118,16.66
25119,13.42
25120,8.78
25121,11.28
25122,8.83
25123,8.99
25124,14.43
25125,10.8
25126,12.1
25127,9.01
25128,8.67
25129,13.36
25130,5.3
25131,10.09
25132,14.0
25133,10.78
25134,16.44
25135,9.13
25136,13.97
25137,13.16
25138,11.6
25139,5.3
25140,14.28
25141,8.48
25142,11.87
25143,5.3
25144,14.28
25145,8.77
25146,9.88
25147,14.62
25148,16.87
25149,14.24
25150,5.3
25151,5.3
25152,13.22
25153,11.27
25154,10.36
25155,8.09
25156,11.88
25157,12.25
25158,7.44
25159,7.24
25160,8.85
25161,10.52
25162,9.42
25163,12.2
25164,5.3
25165,9.37
25166,9.69
25167,5.3
25168,10.24
25169,5.3
25170,9.15
25171,12.24
25172,13.92
25173,11.18
25174,8.13
25175,10.3
25176,9.26
25177,9.0
25178,14.36
25179,10.42
25180,14.59
25181,14.4
25182,13.85
25183,15.27
25184,12.79
25185,9.38
25186,10.96
25187,9.7
25188,5.3
25189,14.42
25190,12.16
25191,9.01
25192,13.78
25193,12.09
25194,13.79
25195,8.01
25196,10.78
25197,10.2
25198,5.3
25199,9.68
25200,9.85
25201,8.64
25202,7.71
25203,11.42
25204,14.36
25205,8.79
25206,13.42
25207,8.97
25208,13.34
25209,10.14
25210,15.8
25211,10.82
25212,13.07
25213,13.09
25214,9.54
25215,9.77
25216,5.3
25217,14.65
25218,9.98
25219,14.82
25220,14.05
25221,9.6
25222,14.09
25223,5.3
25224,15.88
25225,6.9
25226,10.42
25227,5.3
25228,5.3
25229,8.49
25230,10.63
25231,9.51
25232,5.3
25233,5.3
25234,8.71
25235,12.89
25236,8.01
25237,5.3
25238,5.3
25239,8.47
25240,16.53
25241,9.41
25242,5.3
25243,13.83
25244,15.64
25245,8.7
25246,11.76
25247,17.44
25248,12.47
25249,8.66
25250,13.16
25251,9.79
25252,14.23
25253,13.34
25254,10.59
25255,11.5
25256,12.88
25257,14.47
25258,14.56
25259,11.82
25260,10.45
25261,11.18
25262,9.81
25263,14.04
25264,14.22
25265,11.52
25266,11.0
25267,14.99
25268,13.35
25269,5.3
25270,13.97
25271,15.37
25272,13.65
25273,5.3
25274,9.48
25275,19.18
25276,14.4
25277,13.65
25278,10.98
25279,11.34
25280,12.06
25281,12.37
25282,15.43
25283,12.66
25284,14.85
25285,10.15
25286,7.24
25287,14.89
25288,9.19
25289,11.61
25290,8.47
25291,9.71
25292,9.41
25293,9.2
25294,12.99
25295,9.31
25296,11.8
25297,13.42
25298,15.83
25299,5.3
25300,9.21
25301,11.43
25302,5.3
25303,14.17
25304,9.36
25305,17.15
25306,8.58
25307,11.0
25308,14.21
25309,8.84
25310,9.81
25311,8.92
25312,8.44
25313,12.48
25314,8.9
25315,16.33
25316,8.58
25317,12.67
25318,9.96
25319,12.17
25320,9.95
25321,12.98
25322,12.1
25323,13.26
25324,5.3
25325,8.43
25326,5.3
25327,10.31
25328,10.7
25329,12.3
25330,10.3
25331,14.36
25332,9.48
25333,8.87
25334,13.66
25335,10.4
25336,9.89
25337,9.91
25338,15.37
25339,10.97
25340,14.22
25341,13.58
25342,5.3
25343,8.65
25344,12.32
25345,15.92
25346,11.08
25347,9.79
25348,13.94
25349,13.75
25350,8.97
25351,14.6
25352,19.81
25353,7.77
25354,12.45
25355,12.56
25356,14.04
25357,15.72
25358,12.16
25359,16.96
25360,10.53
25361,10.24
25362,5.3
25363,18.99
25364,10.75
25365,14.31
25366,9.05
25367,14.82
25368,9.22
25369,5.3
25370,11.31
25371,13.54
25372,9.61
25373,13.89
25374,5.3
25375,14.79
25376,5.3
25377,11.31
25378,9.46
25379,11.82
25380,14.42
25381,9.31
25382,16.31
25383,12.92
25384,5.3
25385,14.07
25386,18.68
25387,9.42
25388,14.99
25389,12.92
25390,10.96
25391,16.83
25392,11.23
25393,13.75
25394,9.04
25395,9.18
25396,14.0
25397,13.38
25398,8.44
25399,14.82
25400,13.02
25401,10.07
25402,9.66
25403,9.33
25404,9.05
25405,17.28
25406,8.76
25407,15.78
25408,13.26
25409,8.72
25410,9.64
25411,14.86
25412,10.99
25413,14.63
25414,5.3
25415,8.43
25416,8.63
25417,14.78
25418,13.55
25419,8.52
25420,5.3
25421,8.58
25422,5.3
25423,5.3
25424,15.52
25425,13.14
25426,14.22
25427,12.46
25428,9.58
25429,9.66
25430,14.06
25431,5.3
25432,8.97
25433,13.02
25434,12.88
25435,17.3
25436,17.24
25437,8.73
25438,10.71
25439,9.86
25440,9.58
25441,8.74
25442,11.22
25443,13.08
25444,11.54
25445,14.42
25446,14.86
25447,9.49
25448,9.12
25449,11.22
25450,11.03
25451,14.35
25452,13.66
25453,10.15
25454,13.36
25455,13.55
25456,9.85
25457,12.54
25458,9.5
25459,7.27
25460,12.91
25461,15.53
25462,16.63
25463,13.3
25464,9.12
25465,16.16
25466,12.62
25467,12.38
25468,12.54
25469,5.3
25470,12.75
25471,10.57
25472,8.11
25473,5.3
25474,10.22
25475,13.36
25476,14.89
25477,14.42
25478,17.14
25479,13.71
25480,13.57
25481,12.3
25482,15.06
25483,12.09
25484,8.63
25485,15.05
25486,11.62
25487,13.0
25488,13.79
25489,13.77
25490,5.3
25491,11.71
25492,11.2
25493,10.08
25494,13.87
25495,8.92
25496,13.91
25497,10.03
25498,18.14
25499,14.22
25500,9.82
25501,9.55
25502,9.35
25503,8.44
25504,8.99
25505,5.3
25506,8.3
25507,14.29
25508,5.3
25509,14.0
25510,12.79
25511,9.81
25512,12.11
25513,15.91
25514,5.3
25515,11.11
25516,11.01
25517,8.28
25518,5.3
25519,12.34
25520,9.46
25521,10.26
25522,14.91
25523,9.52
25524,9.19
25525,9.91
25526,15.85
25527,10.38
25528,10.63
25529,16.14
25530,15.43
25531,5.3
25532,8.17
25533,8.52
25534,9.79
25535,9.33
25536,13.86
25537,9.35
25538,5.3
25539,10.21
25540,12.72
25541,8.6
25542,13.99
25543,13.2
25544,13.2
25545,8.64
25546,15.09
25547,12.35
25548,12.04
25549,11.59
25550,15.23
25551,15.48
25552,12.55
25553,9.39
25554,13.51
25555,12.08
25556,14.03
25557,15.5
25558,10.79
25559,9.01
25560,9.55
25561,10.75
25562,9.42
25563,9.96
25564,5.3
25565,5.3
25566,10.21
25567,8.95
25568,14.45
25569,8.86
25570,9.24
25571,5.3
25572,8.54
25573,12.1
25574,14.28
25575,12.08
25576,12.6
25577,9.47
25578,8.73
25579,19.56
25580,5.3
25581,8.87
25582,9.65
25583,10.68
25584,13.22
25585,14.65
25586,12.73
25587,9.79
25588,16.71
25589,12.35
25590,5.3
25591,11.55
25592,10.38
25593,10.58
25594,13.29
25595,12.19
25596,13.77
25597,9.43
25598,9.81
25599,8.31
25600,12.55
25601,10.68
25602,9.28
25603,5.3
25604,11.5
25605,8.26
25606,8.78
25607,14.9
25608,14.15
25609,13.61
25610,12.07
25611,9.02
25612,17.78
25613,9.63
25614,13.37
25615,14.81
25616,14.49
25617,7.38
25618,11.63
25619,12.62
25620,9.18
25621,9.57
25622,12.89
25623,10.85
25624,8.63
25625,13.42
25626,8.94
25627,9.65
25628,13.43
25629,9.47
25630,10.46
25631,9.46
25632,9.72
25633,12.18
25634,12.78
25635,12.65
25636,5.3
25637,5.3
25638,9.71
25639,13.95
25640,16.98
25641,17.28
25642,7.08
25643,14.76
25644,9.47
25645,8.91
25646,11.96
25647,13.52
25648,5.3
25649,5.3
25650,12.63
25651,8.81
25652,13.69
25653,10.98
25654,13.03
25655,8.25
25656,15.01
25657,8.87
25658,13.58
25659,8.67
25660,14.33
25661,5.3
25662,9.46
25663,7.5
25664,12.87
25665,13.06
25666,13.26
25667,9.38
25668,15.4
25669,5.3
25670,12.08
25671,9.78
25672,9.29
25673,12.9
25674,14.55
25675,8.61
25676,13.23
25677,11.75
25678,14.26
25679,11.86
25680,12.88
25681,13.8
25682,11.38
25683,9.94
25684,8.57
25685,8.81
25686,13.4
25687,10.6
25688,11.68
25689,5.3
25690,13.75
25691,17.29
25692,9.49
25693,13.56
25694,15.55
25695,9.82
25696,9.51
25697,9.71
25698,8.6
25699,9.43
25700,9.31
25701,13.11
25702,15.17
25703,9.48
25704,14.47
25705,12.15
25706,16.64
25707,9.85
25708,8.48
25709,14.78
25710,5.3
25711,8.82
25712,11.07
25713,9.54
25714,8.28
25715,10.05
25716,10.14
25717,12.62
25718,9.22
25719,13.67
25720,12.78
25721,7.49
25722,12.06
25723,9.22
25724,12.46
25725,13.87
25726,9.35
25727,12.46
25728,13.8
25729,9.46
25730,8.71
25731,14.06
25732,11.82
25733,13.78
25734,15.01
25735,14.37
25736,16.13
25737,7.19
25738,11.93
25739,12.52
25740,9.61
25741,17.48
25742,5.3
25743,5.3
25744,9.74
25745,10.16
25746,9.37
25747,13.29
25748,8.62
25749,9.82
25750,8.94
25751,5.3
25752,11.06
25753,9.48
25754,8.56
25755,13.35
25756,11.53
25757,9.9
25758,8.64
25759,6.56
25760,14.24
25761,11.99
25762,8.81
25763,6.39
25764,5.3
25765,12.31
25766,12.4
25767,14.56
25768,10.66
25769,12.1
25770,10.47
25771,14.12
25772,9.33
25773,11.52
25774,13.63
25775,8.71
25776,5.3
25777,9.86
25778,8.43
25779,9.53
25780,10.2
25781,11.1
25782,13.33
25783,9.74
25784,5.3
25785,5.3
25786,13.36
25787,13.36
25788,9.3
25789,9.07
25790,9.23
25791,17.19
25792,16.29
25793,11.0
25794,14.59
25795,5.3
25796,13.91
25797,9.11
25798,14.55
25799,5.3
25800,13.81
25801,10.95
25802,12.28
25803,11.18
25804,10.98
25805,10.45
25806,17.78
25807,9.63
25808,9.53
25809,10.05
25810,11.43
25811,16.71
25812,8.54
25813,5.3
25814,14.61
25815,11.87
25816,9.92
25817,13.31
25818,8.96
25819,12.46
25820,11.4
25821,12.09
25822,14.3
25823,8.87
25824,5.3
25825,13.54
25826,9.16
25827,10.04
25828,8.92
25829,13.57
25830,5.3
25831,12.02
25832,11.05
25833,12.51
25834,9.37
25835,13.75
25836,14.37
25837,10.62
25838,13.03
25839,10.92
25840,14.72
25841,10.82
25842,9.86
25843,11.54
25844,8.57
25845,5.3
25846,9.37
25847,9.44
25848,5.3
25849,9.31
25850,5.39
25851,12.03
25852,9.66
25853,10.21
25854,10.1
25855,9.13
25856,5.3
25857,14.23
25858,10.23
25859,10.33
25860,8.91
25861,9.89
25862,14.98
25863,13.65
25864,10.36
25865,11.43
25866,12.33
25867,11.18
25868,9.73
25869,13.13
25870,9.6
25871,11.51
25872,11.9
25873,13.72
25874,8.61
25875,13.34
25876,9.84
25877,5.82
25878,8.1
25879,11.16
25880,11.81
25881,10.05
25882,16.72
25883,6.1
25884,11.67
25885,10.52
25886,15.46
25887,10.32
25888,12.1
25889,13.09
25890,11.93
25891,10.66
25892,13.94
25893,9.28
25894,9.1
25895,9.09
25896,12.73
25897,5.3
25898,5.3
25899,10.96
25900,5.3
25901,9.95
25902,14.63
25903,11.32
25904,14.16
25905,10.0
25906,9.2
25907,14.11
25908,5.3
25909,14.39
25910,14.9
25911,10.44
25912,13.37
25913,8.42
25914,9.74
25915,13.02
25916,12.74
25917,11.91
25918,14.49
25919,13.92
25920,11.22
25921,8.0
25922,15.49
25923,13.87
25924,8.31
25925,11.32
25926,9.46
25927,9.96
25928,16.26
25929,13.0
25930,15.32
25931,5.3
25932,14.08
25933,9.6
25934,12.56
25935,11.47
25936,11.29
25937,11.77
25938,10.73
25939,13.94
25940,13.63
25941,14.91
25942,12.07
25943,12.37
25944,16.54
25945,9.2
25946,10.68
25947,8.65
25948,10.3
25949,9.2
25950,5.3
25951,10.77
25952,8.75
25953,8.51
25954,10.11
25955,9.49
25956,15.29
25957,14.76
25958,17.12
25959,5.3
25960,8.45
25961,9.56
25962,11.68
25963,15.59
25964,14.26
25965,14.12
25966,8.52
25967,11.33
25968,8.94
25969,13.71
25970,5.3
25971,13.48
25972,10.24
25973,5.3
25974,5.3
25975,14.1
25976,14.36
25977,9.61
25978,10.23
25979,14.24
25980,14.43
25981,14.28
25982,11.98
25983,13.38
25984,9.11
25985,8.91
25986,13.21
25987,8.93
25988,13.12
25989,11.73
25990,10.41
25991,8.32
25992,9.73
25993,14.82
25994,9.33
25995,8.59
25996,12.62
25997,9.61
25998,9.75
25999,14.72
26000,16.85
26001,8.67
26002,11.7
26003,9.17
26004,9.38
26005,8.81
26006,12.17
26007,10.78
26008,13.52
26009,5.3
26010,13.78
26011,12.46
26012,9.49
26013,13.23
26014,8.45
26015,13.47
26016,10.56
26017,11.5
26018,5.3
26019,8.73
26020,9.81
26021,9.03
26022,5.3
26023,15.31
26024,12.6
26025,12.4
26026,10.99
26027,5.3
26028,13.38
26029,9.9
26030,14.3
26031,12.88
26032,7.85
26033,8.86
26034,9.43
26035,11.22
26036,11.27
26037,13.3
26038,8.34
26039,5.3
26040,12.24
26041,5.3
26042,8.21
26043,13.88
26044,9.32
26045,12.61
26046,11.2
26047,13.49
26048,9.47
26049,15.22
26050,13.78
26051,13.99
26052,5.3
26053,5.3
26054,10.56
26055,5.3
26056,10.0
26057,14.89
26058,9.06
26059,14.04
26060,5.3
26061,11.39
26062,9.24
26063,9.4
26064,9.01
26065,15.19
26066,9.7
26067,13.63
26068,12.42
26069,14.82
26070,9.55
26071,9.27
26072,5.3
26073,12.15
26074,9.85
26075,16.33
26076,10.34
26077,14.23
26078,7.9
26079,8.43
26080,10.85
26081,9.11
26082,9.42
26083,20.25
26084,15.57
26085,12.52
26086,10.78
26087,9.49
26088,13.91
26089,12.08
26090,16.85
26091,13.73
26092,11.98
26093,5.3
26094,10.13
26095,13.27
26096,13.74
26097,13.79
26098,8.93
26099,11.12
26100,11.48
26101,11.06
26102,9.62
26103,11.89
26104,12.69
26105,5.3
26106,5.3
26107,12.0
26108,9.6
26109,10.24
26110,13.8
26111,14.43
26112,9.0
26113,8.82
26114,10.05
26115,8.53
26116,9.05
26117,5.3
26118,13.33
26119,15.45
26120,14.33
26121,13.64
26122,18.01
26123,8.62
26124,5.3
26125,15.31
26126,9.86
26127,13.43
26128,10.45
26129,17.37
26130,16.21
26131,5.3
26132,5.3
26133,12.16
26134,15.11
26135,17.66
26136,12.04
26137,5.3
26138,11.06
26139,13.13
26140,5.3
26141,9.46
26142,10.67
26143,9.76
26144,14.34
26145,5.3
26146,10.41
26147,12.01
26148,10.91
26149,14.16
26150,12.68
26151,8.51
26152,5.3
26153,9.55
26154,8.84
26155,14.43
26156,15.94
26157,9.26
26158,8.69
26159,13.95
26160,14.47
26161,8.72
26162,16.11
26163,9.46
26164,9.74
26165,8.48
26166,12.94
26167,14.52
26168,11.57
26169,13.34
26170,12.43
26171,10.56
26172,14.63
26173,14.25
26174,8.7
26175,15.61
26176,13.01
26177,9.54
26178,9.15
26179,13.46
26180,14.6
26181,9.28
26182,9.49
26183,14.06
26184,14.56
26185,10.12
26186,14.72
26187,13.3
26188,14.55
26189,12.82
26190,12.25
26191,9.29
26192,10.92
26193,5.3
26194,17.05
26195,14.2
26196,5.3
26197,13.12
26198,9.01
26199,9.89
26200,13.51
26201,14.12
26202,8.4
26203,10.82
26204,5.3
26205,12.84
26206,5.3
26207,19.21
26208,13.57
26209,13.45
26210,9.29
26211,12.44
26212,9.46
26213,8.25
26214,8.26
26215,5.3
26216,16.87
26217,10.26
26218,13.97
26219,5.3
26220,12.57
26221,5.3
26222,16.77
26223,14.13
26224,12.67
26225,9.05
26226,14.15
26227,12.4
26228,10.82
26229,9.05
26230,11.7
26231,5.3
26232,9.87
26233,8.7
26234,18.46
26235,5.3
26236,12.48
26237,8.13
26238,13.65
26239,5.3
26240,13.16
26241,12.6
26242,16.45
26243,12.37
26244,10.88
26245,8.58
26246,13.82
26247,9.32
26248,10.67
26249,5.3
26250,13.77
26251,14.48
26252,7.88
26253,11.35
26254,12.21
26255,8.85
26256,5.3
26257,15.9
26258,10.67
26259,9.27
26260,9.94
26261,16.8
26262,13.71
26263,12.35
26264,13.43
26265,13.5
26266,10.01
26267,9.78
26268,13.8
26269,10.97
26270,5.3
26271,13.81
26272,12.24
26273,13.82
26274,16.39
26275,13.86
26276,14.62
26277,14.07
26278,13.26
26279,15.21
26280,13.69
26281,15.52
26282,14.97
26283,5.3
26284,13.08
26285,12.24
26286,11.91
26287,14.85
26288,10.93
26289,14.26
26290,9.08
26291,5.3
26292,9.42
26293,13.21
26294,13.62
26295,9.13
26296,11.74
26297,13.82
26298,9.54
26299,14.81
26300,14.83
26301,14.2
26302,8.94
26303,12.21
26304,9.24
26305,5.3
26306,17.82
26307,13.36
26308,10.04
26309,9.53
26310,8.82
26311,12.37
26312,11.94
26313,5.3
26314,12.53
26315,9.27
26316,9.42
26317,5.3
26318,17.17
26319,12.23
26320,14.05
26321,13.98
26322,10.65
26323,10.77
26324,8.84
26325,5.3
26326,5.3
26327,8.73
26328,13.12
26329,8.64
26330,13.32
26331,14.92
26332,13.87
26333,7.86
26334,10.81
26335,12.16
26336,13.27
26337,5.3
26338,12.34
26339,14.0
26340,9.92
26341,12.86
26342,8.92
26343,9.12
26344,8.99
26345,9.0
26346,10.35
26347,15.85
26348,10.95
26349,9.17
26350,9.41
26351,14.87
26352,5.3
26353,10.97
26354,9.7
26355,17.71
26356,9.34
26357,5.3
26358,5.3
26359,14.12
26360,13.51
26361,15.57
26362,13.13
26363,13.4
26364,13.03
26365,9.1
26366,11.22
26367,11.52
26368,8.78
26369,14.4
26370,9.45
26371,13.71
26372,18.08
26373,11.53
26374,7.93
26375,5.3
26376,15.81
26377,10.67
26378,10.88
26379,13.42
26380,14.91
26381,9.39
26382,12.25
26383,14.62
26384,9.36
26385,5.3
26386,11.06
26387,15.44
26388,5.3
26389,9.37
26390,12.82
26391,9.51
26392,12.18
26393,12.08
26394,9.04
26395,10.97
26396,13.61
26397,8.54
26398,8.97
26399,12.01
26400,8.54
26401,12.92
26402,12.34
26403,9.51
26404,10.53
26405,13.94
26406,9.87
26407,11.09
26408,13.66
26409,13.83
26410,9.46
26411,16.22
26412,14.62
26413,12.37
26414,11.6
26415,5.3
26416,12.22
26417,8.32
26418,9.21
26419,8.18
26420,11.55
26421,5.3
26422,9.58
26423,13.12
26424,12.09
26425,9.49
26426,5.3
26427,9.24
26428,14.45
26429,13.15
26430,9.42
26431,8.15
26432,13.3
26433,10.66
26434,11.28
26435,17.75
26436,14.64
26437,8.66
26438,13.17
26439,14.11
26440,14.12
26441,13.93
26442,14.32
26443,10.94
26444,5.3
26445,12.21
26446,16.0
26447,12.99
26448,10.43
26449,14.11
26450,8.77
26451,8.9
26452,5.3
26453,9.42
26454,11.8
26455,14.41
26456,10.61
26457,8.97
26458,8.93
26459,9.81
26460,8.47
26461,9.18
26462,12.13
26463,9.41
26464,13.21
26465,8.72
26466,15.75
26467,8.65
26468,8.42
26469,12.91
26470,10.13
26471,13.68
26472,12.1
26473,8.65
26474,8.4
26475,9.16
26476,9.68
26477,13.81
26478,9.6
26479,5.39
26480,8.93
26481,12.96
26482,10.42
26483,13.29
26484,5.3
26485,13.75
26486,12.13
26487,8.32
26488,15.09
26489,5.3
26490,15.94
26491,8.94
26492,13.57
26493,5.3
26494,13.84
26495,13.51
26496,9.51
26497,13.71
26498,8.79
26499,5.3
26500,10.7
26501,11.45
26502,14.31
26503,21.07
26504,9.47
26505,11.55
26506,14.44
26507,8.1
26508,10.73
26509,8.79
26510,10.61
26511,14.76
26512,8.59
26513,14.35
26514,14.06
26515,8.9
26516,10.9
26517,9.03
26518,13.19
26519,8.74
26520,9.26
26521,10.89
26522,10.23
26523,11.34
26524,14.8
26525,10.92
26526,8.38
26527,11.82
26528,13.84
26529,16.42
26530,10.68
26531,8.79
26532,5.3
26533,14.61
26534,10.85
26535,12.85
26536,13.79
26537,12.56
26538,11.28
26539,9.28
26540,12.51
26541,16.0
26542,5.3
26543,7.1
26544,15.22
26545,8.41
26546,5.3
26547,9.5
26548,13.89
26549,9.77
26550,9.44
26551,11.85
26552,12.88
26553,11.62
26554,9.29
26555,15.38
26556,9.01
26557,8.43
26558,13.3
26559,8.83
26560,14.15
26561,8.78
26562,5.3
26563,10.36
26564,8.69
26565,13.15
26566,13.91
26567,8.29
26568,11.19
26569,13.95
26570,7.92
26571,13.42
26572,9.03
26573,5.3
26574,13.16
26575,11.31
26576,5.3
26577,5.3
26578,9.11
26579,5.3
26580,9.25
26581,8.8
26582,13.34
26583,11.61
26584,11.85
26585,10.74
26586,15.96
26587,13.89
26588,10.16
26589,13.16
26590,9.83
26591,9.35
26592,12.63
26593,9.73
26594,11.45
26595,8.6
26596,8.43
26597,9.04
26598,9.35
26599,9.49
26600,10.3
26601,13.73
26602,9.11
26603,11.3
26604,13.99
26605,11.48
26606,16.62
26607,12.43
26608,11.36
26609,8.51
26610,12.45
26611,8.46
26612,11.75
26613,10.79
26614,11.66
26615,9.15
26616,12.37
26617,15.56
26618,9.48
26619,9.77
26620,9.16
26621,9.2
26622,9.53
26623,9.86
26624,9.95
26625,11.76
26626,8.63
26627,14.6
26628,13.43
26629,5.3
26630,8.36
26631,10.18
26632,5.3
26633,8.72
26634,8.17
26635,16.31
26636,9.83
26637,9.06
26638,15.34
26639,11.48
26640,8.76
26641,11.6
26642,8.85
26643,14.34
26644,5.3
26645,7.76
26646,14.01
26647,11.76
26648,9.5
26649,15.04
26650,9.52
26651,14.7
26652,15.0
26653,8.72
26654,13.11
26655,10.7
26656,13.4
26657,10.95
26658,5.3
26659,10.96
26660,11.11
26661,18.19
26662,5.3
26663,15.66
26664,8.76
26665,12.9
26666,13.54
26667,10.48
26668,9.81
26669,12.84
26670,17.72
26671,9.8
26672,13.07
26673,9.58
26674,9.8
26675,9.44
26676,9.8
26677,11.13
26678,13.26
26679,12.05
26680,12.56
26681,8.7
26682,11.51
26683,8.9
26684,10.38
26685,9.36
26686,13.71
26687,15.15
26688,12.05
26689,13.85
26690,12.96
26691,10.58
26692,9.93
26693,13.45
26694,16.17
26695,11.26
26696,12.64
26697,12.63
26698,13.86
26699,8.49
26700,9.68
26701,13.8
26702,9.09
26703,12.2
26704,5.3
26705,8.83
26706,13.31
26707,14.24
26708,9.02
26709,11.23
26710,12.31
26711,14.63
26712,14.01
26713,13.29
26714,17.36
26715,9.72
26716,15.0
26717,9.93
26718,10.71
26719,10.54
26720,5.3
26721,11.52
26722,13.55
26723,9.28
26724,9.13
26725,16.6
26726,16.92
26727,12.77
26728,15.07
26729,9.6
26730,14.13
26731,10.31
26732,13.7
26733,15.82
26734,7.06
26735,11.32
26736,5.3
26737,13.87
26738,11.03
26739,5.3
26740,9.3
26741,13.84
26742,8.72
26743,9.68
26744,8.74
26745,10.2
26746,11.55
26747,9.89
26748,12.77
26749,5.3
26750,11.1
26751,19.53
26752,13.47
26753,9.52
26754,14.07
26755,5.3
26756,8.57
26757,5.3
26758,9.48
26759,13.79
26760,8.66
26761,8.56
26762,9.28
26763,16.89
26764,16.83
26765,13.9
26766,9.61
26767,14.08
26768,8.6
26769,9.72
26770,11.25
26771,5.3
26772,13.27
26773,12.22
26774,11.56
26775,14.0
26776,9.6
26777,9.82
26778,10.87
26779,13.71
26780,5.3
26781,13.89
26782,8.78
26783,8.68
26784,5.3
26785,14.47
26786,15.24
26787,13.54
26788,7.76
26789,9.04
26790,13.25
26791,14.31
26792,9.19
26793,12.14
26794,12.62
26795,8.23
26796,9.49
26797,5.3
26798,15.55
26799,10.97
26800,13.17
26801,17.14
26802,13.79
26803,8.36
26804,10.47
26805,13.62
26806,5.3
26807,10.98
26808,8.2
26809,9.1
26810,11.74
26811,10.76
26812,13.93
26813,12.51
26814,11.73
26815,5.3
26816,14.46
26817,13.1
26818,9.14
26819,14.33
26820,13.61
26821,12.22
26822,7.75
26823,12.19
26824,13.89
26825,11.19
26826,14.62
26827,11.78
26828,5.3
26829,13.44
26830,15.02
26831,8.46
26832,12.32
26833,8.9
26834,11.74
26835,11.04
26836,5.3
26837,14.72
26838,14.21
26839,12.1
26840,11.69
26841,11.63
26842,13.93
26843,9.38
26844,9.18
26845,5.3
26846,8.91
26847,14.13
26848,16.02
26849,10.65
26850,14.09
26851,9.4
26852,9.36
26853,8.93
26854,9.48
26855,10.31
26856,11.75
26857,11.61
26858,5.3
26859,9.59
26860,12.72
26861,9.36
26862,15.64
26863,8.57
26864,5.3
26865,13.34
26866,15.46
26867,8.43
26868,10.88
26869,14.19
26870,10.16
26871,13.01
26872,10.54
26873,14.09
26874,11.02
26875,13.91
26876,8.97
26877,9.42
26878,9.6
26879,13.86
26880,13.53
26881,17.24
26882,14.64
26883,13.67
26884,10.06
26885,5.3
26886,12.96
26887,8.98
26888,9.99
26889,5.3
26890,11.53
26891,12.03
26892,9.3
26893,11.33
26894,13.69
26895,5.3
26896,8.87
26897,9.93
26898,8.12
26899,9.37
26900,12.34
26901,13.73
26902,5.3
26903,13.83
26904,11.07
26905,11.9
26906,15.22
26907,14.66
26908,13.62
26909,10.04
26910,9.0
26911,11.38
26912,13.52
26913,13.6
26914,9.28
26915,9.17
26916,9.07
26917,11.13
26918,13.73
26919,14.38
26920,8.62
26921,9.08
26922,14.93
26923,9.86
26924,19.83
26925,10.86
26926,13.79
26927,16.64
26928,13.98
26929,12.28
26930,10.25
26931,8.63
26932,7.78
26933,9.06
26934,7.11
26935,9.9
26936,13.97
26937,13.17
26938,14.29
26939,14.35
26940,14.9
26941,5.3
26942,9.47
26943,10.15
26944,16.81
26945,15.73
26946,11.01
26947,13.9
26948,13.13
26949,12.73
26950,9.5
26951,13.99
26952,8.12
26953,14.16
26954,7.69
26955,8.93
26956,14.07
26957,9.5
26958,10.96
26959,13.73
26960,8.74
26961,9.89
26962,10.01
26963,5.3
26964,13.66
26965,13.73
26966,10.86
26967,14.19
26968,11.34
26969,10.59
26970,8.03
26971,17.37
26972,13.37
26973,9.09
26974,9.64
26975,14.88
26976,12.52
26977,11.96
26978,9.48
26979,5.3
26980,12.27
26981,10.94
26982,7.1
26983,9.07
26984,12.38
26985,10.36
26986,15.08
26987,16.97
26988,13.83
26989,9.25
26990,10.63
26991,5.3
26992,9.49
26993,16.35
26994,9.02
26995,7.01
26996,11.66
26997,9.18
26998,11.71
26999,9.46
27000,11.35
27001,10.39
27002,13.19
27003,13.04
27004,13.6
27005,11.89
27006,9.2
27007,9.31
27008,12.53
27009,14.59
27010,8.65
27011,15.58
27012,8.88
27013,5.3
27014,13.61
27015,12.33
27016,9.35
27017,9.72
27018,12.72
27019,5.3
27020,11.66
27021,10.05
27022,10.92
27023,12.37
27024,9.62
27025,5.3
27026,9.86
27027,8.7
27028,9.33
27029,8.19
27030,12.22
27031,11.29
27032,9.42
27033,11.39
27034,10.58
27035,10.11
27036,12.52
27037,12.02
27038,8.76
27039,8.27
27040,9.32
27041,11.76
27042,9.91
27043,10.21
27044,18.55
27045,5.3
27046,9.22
27047,11.54
27048,8.88
27049,12.95
27050,12.55
27051,11.92
27052,13.86
27053,10.32
27054,8.17
27055,13.49
27056,13.1
27057,11.65
27058,9.78
27059,8.85
27060,13.74
27061,8.88
27062,9.56
27063,15.46
27064,10.71
27065,9.16
27066,13.54
27067,5.3
27068,5.3
27069,11.43
27070,13.61
27071,11.01
27072,10.98
27073,15.88
27074,17.63
27075,8.99
27076,5.3
27077,9.97
27078,11.72
27079,10.93
27080,15.4
27081,9.86
27082,7.09
27083,8.42
27084,8.38
27085,13.72
27086,13.69
27087,14.0
27088,8.57
27089,8.11
27090,9.47
27091,8.95
27092,12.24
27093,12.01
27094,9.16
27095,10.95
27096,14.45
27097,8.86
27098,9.51
27099,12.27
27100,9.1
27101,13.89
27102,8.79
27103,10.57
27104,5.3
27105,8.25
27106,14.59
27107,10.45
27108,11.53
27109,14.22
27110,5.3
27111,13.9
27112,16.26
27113,16.3
27114,12.32
27115,13.9
27116,5.3
27117,14.47
27118,5.3
27119,13.95
27120,9.52
27121,5.3
27122,11.6
27123,9.54
27124,12.51
27125,13.24
27126,9.58
27127,13.38
27128,12.6
27129,14.18
27130,13.54
27131,9.4
27132,9.61
27133,13.96
27134,10.48
27135,13.45
27136,13.68
27137,9.3
27138,12.81
27139,10.95
27140,8.84
27141,11.6
27142,5.3
27143,13.15
27144,14.15
27145,14.52
27146,12.75
27147,10.3
27148,9.38
27149,11.86
27150,11.49
27151,13.22
27152,11.16
27153,11.06
27154,13.34
27155,11.59
27156,11.25
27157,13.92
27158,12.1
27159,14.06
27160,9.2
27161,5.3
27162,14.63
27163,10.85
27164,12.02
27165,10.07
27166,14.61
27167,9.45
27168,13.86
27169,15.5
27170,5.3
27171,5.3
27172,9.82
27173,16.8
27174,13.92
27175,5.3
27176,16.21
27177,9.04
27178,9.07
27179,14.98
27180,13.8
27181,10.15
27182,10.91
27183,15.61
27184,9.51
27185,19.87
27186,13.91
27187,10.37
27188,12.65
27189,12.22
27190,5.3
27191,8.91
27192,5.54
27193,14.84
27194,14.28
27195,11.9
27196,5.3
27197,8.54
27198,14.09
27199,9.32
27200,13.1
27201,9.46
27202,9.74
27203,16.23
27204,14.89
27205,8.54
27206,11.53
27207,9.23
27208,8.99
27209,13.96
27210,9.99
27211,6.96
27212,13.32
27213,14.2
27214,9.74
27215,8.32
27216,12.89
27217,10.16
27218,8.95
27219,7.82
27220,5.3
27221,10.99
27222,12.36
27223,11.4
27224,8.94
27225,7.59
27226,9.5
27227,8.78
27228,8.72
27229,14.38
27230,12.26
27231,14.5
27232,9.51
27233,13.6
27234,16.77
27235,11.65
27236,12.39
27237,9.97
27238,14.2
27239,8.94
27240,11.05
27241,16.21
27242,9.82
27243,9.03
27244,11.42
27245,14.95
27246,8.78
27247,14.42
27248,12.95
27249,14.13
27250,9.49
27251,14.58
27252,9.67
27253,11.2
27254,13.89
27255,11.36
27256,9.66
27257,14.71
27258,5.3
27259,15.42
27260,12.11
27261,9.59
27262,15.4
27263,13.18
27264,8.68
27265,8.96
27266,5.3
27267,12.59
27268,11.56
27269,11.3
27270,9.37
27271,11.5
27272,12.8
27273,14.06
27274,12.07
27275,10.26
27276,14.31
27277,5.3
27278,16.92
27279,14.15
27280,9.5
27281,11.9
27282,10.63
27283,14.37
27284,12.15
27285,9.93
27286,8.57
27287,12.86
27288,5.3
27289,10.32
27290,13.39
27291,14.26
27292,14.41
27293,14.44
27294,14.54
27295,15.77
27296,13.04
27297,9.62
27298,10.07
27299,14.41
27300,13.04
27301,9.17
27302,9.81
27303,13.66
27304,8.98
27305,14.98
27306,13.06
27307,9.66
27308,8.9
27309,13.67
27310,8.56
27311,13.79
27312,17.08
27313,13.37
27314,13.62
27315,8.57
27316,11.58
27317,12.03
27318,14.88
27319,14.7
27320,12.0
27321,11.05
27322,10.31
27323,5.3
27324,10.43
27325,13.8
27326,17.38
27327,13.2
27328,9.37
27329,8.37
27330,10.86
27331,9.5
27332,13.92
27333,6.05
27334,11.67
27335,9.68
27336,16.02
27337,14.63
27338,18.75
27339,17.11
27340,13.3
27341,9.09
27342,14.03
27343,11.06
27344,12.39
27345,11.13
27346,16.35
27347,12.2
27348,12.48
27349,15.92
27350,10.41
27351,13.06
27352,10.15
27353,9.7
27354,10.05
27355,8.34
27356,5.3
27357,8.33
27358,14.24
27359,14.29
27360,11.67
27361,10.7
27362,10.28
27363,11.12
27364,14.14
27365,15.09
27366,13.19
27367,9.26
27368,8.87
27369,8.29
27370,13.44
27371,10.05
27372,12.08
27373,11.88
27374,12.36
27375,12.94
27376,9.48
27377,10.39
27378,13.1
27379,12.08
27380,5.3
27381,13.93
27382,12.22
27383,8.66
27384,9.27
27385,12.81
27386,5.3
27387,5.3
27388,14.97
27389,8.38
27390,15.6
27391,8.42
27392,9.26
27393,9.32
27394,11.12
27395,9.64
27396,12.93
27397,9.26
27398,15.0
27399,15.22
27400,11.79
27401,9.39
27402,13.69
27403,12.28
27404,16.22
27405,16.0
27406,13.41
27407,9.63
27408,9.64
27409,5.3
27410,5.3
27411,11.74
27412,14.65
27413,12.46
27414,13.59
27415,8.69
27416,10.8
27417,19.57
27418,12.08
27419,9.32
27420,8.17
27421,9.41
27422,14.23
27423,12.01
27424,12.96
27425,8.65
27426,14.68
27427,9.73
27428,15.85
27429,7.51
27430,5.3
27431,5.3
27432,8.92
27433,13.0
27434,9.78
27435,9.46
27436,7.53
27437,12.72
27438,14.12
27439,13.84
27440,11.25
27441,15.67
27442,14.71
27443,8.76
27444,10.72
27445,8.49
27446,8.36
27447,13.63
27448,9.44
27449,9.71
27450,15.62
27451,9.19
27452,8.96
27453,9.24
27454,9.3
27455,9.11
27456,10.84
27457,17.19
27458,13.49
27459,5.3
27460,12.01
27461,13.3
27462,14.11
27463,9.57
27464,8.75
27465,13.5
27466,11.01
27467,12.22
27468,14.09
27469,9.53
27470,10.54
27471,10.04
27472,8.57
27473,10.65
27474,9.46
27475,9.72
27476,13.06
27477,9.02
27478,14.47
27479,13.72
27480,13.19
27481,12.1
27482,11.88
27483,13.75
27484,10.16
27485,13.94
27486,11.93
27487,12.35
27488,15.84
27489,9.55
27490,13.69
27491,14.15
27492,11.36
27493,14.11
27494,13.22
27495,13.88
27496,13.78
27497,5.3
27498,9.7
27499,9.44
27500,11.74
27501,5.3
27502,13.64
27503,9.39
27504,13.89
27505,12.8
27506,8.57
27507,11.65
27508,9.8
27509,15.39
27510,14.27
27511,15.52
27512,16.95
27513,15.83
27514,9.19
27515,9.92
27516,8.3
27517,15.91
27518,13.19
27519,8.52
27520,8.67
27521,17.01
27522,5.3
27523,13.25
27524,7.14
27525,8.8
27526,10.91
27527,10.52
27528,9.87
27529,14.99
27530,10.7
27531,5.3
27532,9.17
27533,5.56
27534,14.93
27535,13.41
27536,11.5
27537,11.23
27538,8.8
27539,6.8
27540,12.61
27541,13.81
27542,9.77
27543,12.16
27544,13.75
27545,13.09
27546,12.36
27547,9.47
27548,13.17
27549,10.55
27550,8.34
27551,5.3
27552,13.13
27553,15.5
27554,10.19
27555,14.43
27556,13.68
27557,13.93
27558,9.56
27559,11.32
27560,12.83
27561,9.46
27562,4.74
27563,9.12
27564,9.15
27565,12.15
27566,8.53
27567,14.58
27568,8.73
27569,10.91
27570,11.02
27571,9.95
27572,13.46
27573,5.3
27574,5.3
27575,16.23
27576,13.75
27577,10.8
27578,9.3
27579,8.65
27580,15.36
27581,8.97
27582,11.85
27583,13.95
27584,11.84
27585,8.51
27586,13.65
27587,9.4
27588,14.6
27589,9.16
27590,9.53
27591,12.01
27592,7.43
27593,11.04
27594,8.6
27595,10.66
27596,13.58
27597,11.08
27598,9.74
27599,12.12
27600,5.3
27601,9.24
27602,10.38
27603,15.6
27604,9.15
27605,14.69
27606,12.72
27607,9.58
27608,8.83
27609,8.47
27610,15.38
27611,13.13
27612,8.77
27613,9.85
27614,15.83
27615,11.85
27616,9.35
27617,13.83
27618,9.73
27619,8.26
27620,10.87
27621,10.28
27622,16.71
27623,13.33
27624,9.44
27625,14.11
27626,11.99
27627,9.76
27628,6.2
27629,9.62
27630,10.22
27631,5.3
27632,8.68
27633,13.24
27634,9.5
27635,9.58
27636,14.66
27637,8.5
27638,10.74
27639,8.1
27640,12.45
27641,11.55
27642,11.79
27643,12.03
27644,11.36
27645,5.3
27646,9.96
27647,9.4
27648,13.8
27649,5.3
27650,9.81
27651,8.83
27652,7.69
27653,10.63
27654,13.53
27655,8.31
27656,9.95
27657,8.75
27658,12.23
27659,13.17
27660,13.55
27661,14.81
27662,12.63
27663,13.67
27664,9.43
27665,10.82
27666,15.06
27667,10.68
27668,5.3
27669,9.17
27670,13.8
27671,10.94
27672,10.54
27673,9.08
27674,13.42
27675,8.22
27676,14.6
27677,5.3
27678,14.27
27679,13.95
27680,14.0
27681,14.94
27682,5.3
27683,11.19
27684,5.3
27685,13.56
27686,13.03
27687,10.08
27688,14.65
27689,15.31
27690,13.41
27691,14.5
27692,14.18
27693,10.08
27694,13.87
27695,9.04
27696,12.8
27697,9.61
27698,5.3
27699,15.93
27700,9.72
27701,13.16
27702,8.55
27703,14.31
27704,8.68
27705,11.9
27706,10.09
27707,8.47
27708,13.35
27709,8.45
27710,8.79
27711,13.32
27712,6.74
27713,8.72
27714,11.27
27715,15.54
27716,15.25
27717,8.41
27718,12.07
27719,8.76
27720,11.67
27721,15.82
27722,11.75
27723,12.2
27724,14.71
27725,10.88
27726,10.12
27727,14.43
27728,10.53
27729,9.44
27730,11.87
27731,9.46
27732,12.87
27733,12.38
27734,14.67
27735,15.29
27736,13.89
27737,8.86
27738,12.45
27739,12.26
27740,14.72
27741,14.83
27742,8.6
27743,9.09
27744,14.76
27745,11.24
27746,7.95
27747,13.2
27748,9.48
27749,5.3
27750,9.51
27751,14.04
27752,10.86
27753,9.26
27754,12.55
27755,8.84
27756,5.3
27757,12.48
27758,8.45
27759,14.19
27760,11.0
27761,5.3
27762,10.7
27763,13.41
27764,10.96
27765,9.9
27766,10.57
27767,9.98
27768,5.3
27769,14.05
27770,9.42
27771,13.2
27772,5.3
27773,14.91
27774,7.82
27775,10.77
27776,5.3
27777,9.61
27778,13.9
27779,9.47
27780,12.43
27781,5.3
27782,8.2
27783,12.23
27784,10.33
27785,13.12
27786,15.97
27787,9.78
27788,12.11
27789,11.61
27790,9.88
27791,9.63
27792,13.22
27793,13.95
27794,10.74
27795,5.3
27796,8.72
27797,10.7
27798,8.27
27799,14.84
27800,13.6
27801,5.3
27802,14.35
27803,9.49
27804,14.85
27805,10.05
27806,13.16
27807,5.3
27808,12.51
27809,11.36
27810,12.25
27811,15.22
27812,9.64
27813,9.47
27814,14.28
27815,11.42
27816,9.78
27817,12.49
27818,8.93
27819,8.5
27820,9.13
27821,9.48
27822,9.26
27823,8.04
27824,5.3
27825,9.63
27826,10.02
27827,10.87
27828,8.29
27829,14.32
27830,9.32
27831,12.29
27832,5.3
27833,5.3
27834,9.94
27835,12.2
27836,9.44
27837,5.3
27838,12.89
27839,13.65
27840,10.59
27841,8.15
27842,8.74
27843,11.88
27844,14.14
27845,11.15
27846,15.27
27847,13.82
27848,13.43
27849,9.49
27850,9.82
27851,12.14
27852,11.9
27853,13.04
27854,11.97
27855,8.6
27856,16.92
27857,8.95
27858,9.59
27859,11.64
27860,11.66
27861,12.47
27862,9.13
27863,12.52
27864,10.8
27865,9.84
27866,5.3
27867,10.0
27868,15.76
27869,10.72
27870,13.05
27871,14.08
27872,16.11
27873,9.48
27874,15.43
27875,13.5
27876,9.59
27877,12.01
27878,12.44
27879,8.78
27880,16.99
27881,12.1
27882,9.96
27883,15.64
27884,12.36
27885,11.99
27886,13.62
27887,9.61
27888,9.05
27889,8.95
27890,10.55
27891,9.79
27892,8.59
27893,14.44
27894,8.87
27895,5.3
27896,11.2
27897,13.26
27898,12.21
27899,8.32
27900,10.99
27901,15.45
27902,16.12
27903,10.9
27904,7.62
27905,8.44
27906,10.59
27907,5.3
27908,12.71
27909,9.29
27910,12.34
27911,13.8
27912,12.26
27913,11.29
27914,13.17
27915,8.4
27916,14.23
27917,9.64
27918,10.29
27919,15.73
27920,16.33
27921,13.05
27922,11.65
27923,8.72
27924,10.59
27925,11.7
27926,5.3
27927,14.49
27928,12.16
27929,9.99
27930,14.82
27931,15.53
27932,8.47
27933,14.44
27934,15.46
27935,13.83
27936,8.6
27937,12.14
27938,13.33
27939,9.37
27940,13.66
27941,8.58
27942,10.18
27943,13.32
27944,10.79
27945,14.85
27946,9.29
27947,8.64
27948,8.61
27949,12.92
27950,14.27
27951,14.52
27952,8.0
27953,13.33
27954,10.67
27955,5.3
27956,17.09
27957,9.45
27958,10.47
27959,8.5
27960,9.44
27961,11.94
27962,14.4
27963,8.65
27964,5.3
27965,12.06
27966,11.77
27967,11.66
27968,12.3
27969,5.3
27970,11.04
27971,8.97
27972,8.68
27973,13.67
27974,9.91
27975,14.68
27976,9.41
27977,5.3
27978,5.3
27979,16.03
27980,8.53
27981,8.73
27982,8.29
27983,9.31
27984,10.83
27985,15.28
27986,15.32
27987,8.61
27988,10.73
27989,13.72
27990,12.16
27991,18.59
27992,12.99
27993,11.58
27994,10.21
27995,9.43
27996,12.11
27997,13.83
27998,13.34
27999,5.3
28000,9.36
28001,8.61
28002,9.52
28003,11.11
28004,11.64
28005,16.34
28006,5.3
28007,8.59
28008,15.9
28009,13.63
28010,9.94
28011,8.86
28012,9.58
28013,5.3
28014,14.69
28015,14.41
28016,14.07
28017,8.61
28018,10.74
28019,13.53
28020,12.17
28021,6.97
28022,17.99
28023,9.36
28024,14.51
28025,14.45
28026,10.39
28027,5.3
28028,14.02
28029,15.08
28030,9.49
28031,11.85
28032,5.3
28033,13.98
28034,13.97
28035,11.72
28036,5.3
28037,9.08
28038,9.37
28039,10.03
28040,13.75
28041,8.84
28042,10.03
28043,8.74
28044,13.26
28045,5.3
28046,8.4
28047,13.62
28048,11.41
28049,5.3
28050,19.45
28051,9.95
28052,9.2
28053,12.05
28054,9.22
28055,8.79
28056,13.09
28057,11.87
28058,15.42
28059,9.27
28060,9.02
28061,13.05
28062,10.75
28063,5.3
28064,15.09
28065,8.07
28066,17.33
28067,8.21
28068,9.72
28069,9.94
28070,12.0
28071,14.67
28072,8.86
28073,14.35
28074,13.31
28075,8.11
28076,12.58
28077,5.3
28078,8.91
28079,12.77
28080,9.49
28081,19.51
28082,9.22
28083,9.07
28084,16.48
28085,14.82
28086,8.84
28087,8.28
28088,11.45
28089,11.66
28090,15.76
28091,7.14
28092,11.8
28093,12.56
28094,15.05
28095,5.3
28096,12.25
28097,8.77
28098,12.18
28099,14.58
28100,8.32
28101,9.58
28102,11.74
28103,13.46
28104,9.54
28105,5.3
28106,9.64
28107,9.62
28108,15.37
28109,17.18
28110,8.62
28111,13.56
28112,9.58
28113,12.14
28114,9.55
28115,12.79
28116,5.3
28117,12.55
28118,8.6
28119,13.78
28120,9.23
28121,13.99
28122,9.46
28123,7.98
28124,14.12
28125,9.4
28126,13.57
28127,13.51
28128,13.52
28129,13.15
28130,8.75
28131,5.3
28132,5.3
28133,5.3
28134,11.06
28135,8.81
28136,9.92
28137,10.81
28138,13.79
28139,8.97
28140,15.91
28141,9.27
28142,9.36
28143,14.28
28144,13.96
28145,11.76
28146,7.27
28147,11.54
28148,13.45
28149,8.73
28150,11.9
28151,9.56
28152,9.97
28153,5.3
28154,8.6
28155,13.5
28156,12.76
28157,11.97
28158,15.26
28159,11.37
28160,16.1
28161,9.47
28162,9.86
28163,12.34
28164,18.53
28165,13.82
28166,9.67
28167,14.67
28168,16.31
28169,8.49
28170,11.43
28171,11.58
28172,12.19
28173,9.14
28174,10.28
28175,6.93
28176,14.6
28177,13.79
28178,8.99
28179,14.33
28180,5.3
28181,8.3
28182,9.05
28183,13.72
28184,10.03
28185,5.3
28186,11.46
28187,5.3
28188,13.86
28189,5.3
28190,12.64
28191,13.95
28192,12.66
28193,15.0
28194,13.82
28195,5.3
28196,5.3
28197,13.86
28198,11.62
28199,13.25
28200,9.97
28201,11.65
28202,13.76
28203,13.68
28204,9.47
28205,10.45
28206,12.44
28207,13.04
28208,10.56
28209,12.32
28210,8.3
28211,12.49
28212,9.52
28213,12.18
28214,8.91
28215,9.43
28216,13.23
28217,5.3
28218,5.3
28219,19.55
28220,15.59
28221,8.91
28222,9.62
28223,13.7
28224,9.05
28225,15.53
28226,12.15
28227,9.58
28228,11.44
28229,5.3
28230,13.1
28231,14.19
28232,16.68
28233,13.09
28234,10.79
28235,11.69
28236,18.02
28237,13.46
28238,14.69
28239,13.69
28240,14.92
28241,14.82
28242,8.86
28243,11.44
28244,9.87
28245,11.92
28246,14.54
28247,13.45
28248,5.3
28249,9.23
28250,8.6
28251,14.25
28252,12.97
28253,11.15
28254,9.12
28255,11.54
28256,15.03
28257,8.71
28258,9.29
28259,9.68
28260,14.8
28261,18.53
28262,15.22
28263,11.28
28264,14.67
28265,5.3
28266,12.28
28267,11.84
28268,12.14
28269,11.85
28270,14.41
28271,8.89
28272,8.85
28273,11.47
28274,10.81
28275,13.74
28276,13.23
28277,8.42
28278,10.86
28279,14.32
28280,14.04
28281,10.99
28282,14.44
28283,8.35
28284,13.1
28285,14.41
28286,9.87
28287,14.01
28288,9.1
28289,15.29
28290,9.55
28291,5.3
28292,10.9
28293,9.71
28294,13.01
28295,11.14
28296,9.48
28297,10.88
28298,13.48
28299,12.48
28300,12.88
28301,13.06
28302,13.23
28303,5.3
28304,14.97
28305,14.5
28306,10.31
28307,9.22
28308,7.82
28309,8.77
28310,11.41
28311,12.18
28312,9.73
28313,14.16
28314,9.23
28315,12.51
28316,11.84
28317,8.95
28318,9.39
28319,14.06
28320,9.02
28321,5.3
28322,13.42
28323,9.44
28324,14.37
28325,18.36
28326,13.58
28327,14.4
28328,8.3
28329,15.59
28330,9.44
28331,9.48
28332,11.09
28333,5.3
28334,9.91
28335,14.96
28336,14.1
28337,14.5
28338,10.74
28339,8.84
28340,13.46
28341,11.46
28342,9.64
28343,9.73
28344,12.43
28345,14.37
28346,14.63
28347,7.86
28348,14.17
28349,14.43
28350,12.15
28351,5.3
28352,14.15
28353,8.25
28354,10.54
28355,14.93
28356,11.64
28357,12.56
28358,12.18
28359,13.2
28360,9.28
28361,15.63
28362,14.07
28363,13.5
28364,10.02
28365,11.96
28366,10.69
28367,9.74
28368,15.28
28369,10.29
28370,11.49
28371,13.65
28372,15.49
28373,13.65
28374,8.36
28375,9.29
28376,11.17
28377,12.11
28378,13.52
28379,9.24
28380,13.48
28381,16.63
28382,5.3
28383,17.3
28384,9.44
28385,13.39
28386,9.6
28387,13.97
28388,10.95
28389,9.46
28390,10.08
28391,12.98
28392,9.25
28393,10.96
28394,8.81
28395,5.3
28396,10.63
28397,10.44
28398,11.1
28399,10.3
28400,10.04
28401,9.97
28402,17.9
28403,14.24
28404,14.44
28405,5.3
28406,15.7
28407,13.06
28408,10.69
28409,14.09
28410,16.06
28411,5.3
28412,15.21
28413,13.73
28414,9.74
28415,14.31
28416,10.34
28417,9.81
28418,14.78
28419,13.67
28420,5.3
28421,13.31
28422,10.81
28423,10.85
28424,7.6
28425,9.36
28426,9.29
28427,11.51
28428,12.94
28429,5.3
28430,16.39
28431,8.42
28432,9.38
28433,9.71
28434,9.44
28435,14.61
28436,11.67
28437,13.33
28438,8.99
28439,10.93
28440,13.16
28441,5.3
28442,10.39
28443,8.22
28444,12.17
28445,13.65
28446,11.07
28447,10.96
28448,9.38
28449,14.36
28450,12.41
28451,13.59
28452,12.25
28453,9.18
28454,14.43
28455,14.71
28456,10.41
28457,12.04
28458,10.11
28459,5.3
28460,14.39
28461,14.07
28462,5.3
28463,10.91
28464,5.3
28465,13.56
28466,8.41
28467,9.91
28468,10.39
28469,12.75
28470,13.36
28471,12.91
28472,9.81
28473,8.44
28474,10.16
28475,14.65
28476,8.16
28477,5.3
28478,14.24
28479,10.26
28480,11.8
28481,14.74
28482,5.3
28483,8.54
28484,10.5
28485,9.64
28486,9.33
28487,11.63
28488,14.38
28489,8.5
28490,9.25
28491,8.57
28492,13.11
28493,15.26
28494,10.37
28495,12.23
28496,9.24
28497,12.01
28498,8.93
28499,14.66
28500,8.94
28501,18.02
28502,9.64
28503,12.64
28504,15.16
28505,13.9
28506,10.19
28507,10.17
28508,12.12
28509,10.84
28510,13.05
28511,13.25
28512,12.61
28513,14.66
28514,5.3
28515,15.04
28516,11.6
28517,18.81
28518,15.37
28519,14.99
28520,13.76
28521,9.35
28522,12.39
28523,13.49
28524,12.49
28525,9.58
28526,13.48
28527,13.73
28528,13.91
28529,12.39
28530,15.39
28531,12.4
28532,12.12
28533,10.17
28534,13.28
28535,11.55
28536,5.3
28537,12.44
28538,9.27
28539,9.85
28540,12.04
28541,14.74
28542,5.3
28543,13.92
28544,17.92
28545,12.84
28546,14.18
28547,13.91
28548,10.02
28549,13.0
28550,9.5
28551,14.06
28552,11.38
28553,8.76
28554,12.94
28555,11.44
28556,12.42
28557,11.36
28558,11.21
28559,10.95
28560,10.12
28561,9.17
28562,12.9
28563,11.37
28564,15.65
28565,12.73
28566,9.36
28567,9.18
28568,13.07
28569,8.96
28570,14.1
28571,8.81
28572,12.43
28573,10.22
28574,11.69
28575,8.62
28576,9.81
28577,9.03
28578,13.56
28579,9.43
28580,8.81
28581,8.02
28582,9.16
28583,13.37
28584,14.52
28585,11.22
28586,9.81
28587,13.95
28588,14.63
28589,11.29
28590,10.46
28591,10.76
28592,13.83
28593,12.01
28594,8.7
28595,14.37
28596,13.98
28597,13.63
28598,10.27
28599,9.86
28600,13.41
28601,12.25
28602,12.26
28603,5.3
28604,14.45
28605,13.61
28606,8.87
28607,13.09
28608,12.16
28609,9.99
28610,12.71
28611,14.17
28612,14.66
28613,9.86
28614,10.42
28615,9.29
28616,8.23
28617,7.85
28618,12.35
28619,13.26
28620,12.9
28621,14.79
28622,9.4
28623,14.04
28624,13.82
28625,5.3
28626,16.26
28627,14.51
28628,13.5
28629,10.18
28630,9.69
28631,8.39
28632,5.3
28633,8.28
28634,8.83
28635,8.55
28636,5.3
28637,9.84
28638,14.33
28639,11.09
28640,14.46
28641,13.33
28642,12.19
28643,8.84
28644,9.55
28645,10.17
28646,8.89
28647,11.12
28648,14.09
28649,8.75
28650,11.09
28651,8.79
28652,13.66
28653,15.1
28654,11.87
28655,14.4
28656,10.9
28657,13.1
28658,13.65
28659,14.8
28660,9.38
28661,10.98
28662,12.57
28663,13.69
28664,10.85
28665,14.77
28666,13.25
28667,14.94
28668,9.23
28669,10.29
28670,7.86
28671,8.98
28672,5.3
28673,13.43
28674,12.59
28675,11.66
28676,5.3
28677,11.8
28678,8.46
28679,5.3
28680,5.3
28681,9.76
28682,12.43
28683,14.0
28684,8.84
28685,12.86
28686,12.02
28687,13.77
28688,9.49
28689,5.3
28690,13.39
28691,10.59
28692,14.12
28693,8.81
28694,11.81
28695,13.76
28696,10.43
28697,12.22
28698,8.55
28699,8.57
28700,11.32
28701,8.56
28702,8.96
28703,10.96
28704,13.71
28705,9.84
28706,16.02
28707,12.37
28708,14.56
28709,14.53
28710,11.69
28711,9.16
28712,12.8
28713,12.34
28714,17.32
28715,11.11
28716,8.84
28717,13.64
28718,13.92
28719,9.56
28720,10.6
28721,13.78
28722,8.94
28723,12.41
28724,9.67
28725,8.84
28726,9.26
28727,9.18
28728,10.56
28729,8.78
28730,14.27
28731,13.44
28732,12.41
28733,8.57
28734,13.19
28735,5.3
28736,9.69
28737,5.3
28738,12.84
28739,5.3
28740,10.75
28741,13.16
28742,9.08
28743,5.3
28744,8.93
28745,12.74
28746,9.34
28747,16.92
28748,8.56
28749,11.51
28750,13.42
28751,15.74
28752,5.3
28753,8.94
28754,13.43
28755,14.69
28756,9.75
28757,13.95
28758,13.48
28759,14.48
28760,10.39
28761,13.29
28762,8.99
28763,10.83
28764,16.5
28765,11.96
28766,14.16
28767,13.19
28768,9.14
28769,10.52
28770,13.96
28771,14.31
28772,8.15
28773,8.34
28774,12.96
28775,11.17
28776,9.04
28777,8.88
28778,12.43
28779,11.2
28780,9.42
28781,13.97
28782,14.4
28783,13.69
28784,17.75
28785,5.3
28786,8.29
28787,15.11
28788,13.61
28789,6.11
28790,9.39
28791,12.55
28792,10.41
28793,5.3
28794,8.78
28795,14.88
28796,10.16
28797,11.15
28798,13.92
28799,11.0
28800,14.0
28801,11.3
28802,13.8
28803,9.99
28804,11.37
28805,12.05
28806,14.07
28807,8.84
28808,12.54
28809,11.78
28810,8.64
28811,12.19
28812,15.29
28813,13.03
28814,9.59
28815,8.76
28816,12.58
28817,11.83
28818,9.31
28819,12.78
28820,9.3
28821,8.26
28822,9.0
28823,13.94
28824,8.69
28825,16.2
28826,14.57
28827,13.12
28828,5.3
28829,14.31
28830,9.27
28831,5.3
28832,8.76
28833,15.07
28834,15.83
28835,5.3
28836,8.72
28837,13.64
28838,11.65
28839,8.43
28840,9.14
28841,12.93
28842,14.41
28843,11.01
28844,13.71
28845,12.29
28846,12.3
28847,10.88
28848,13.45
28849,12.91
28850,14.58
28851,14.59
28852,8.93
28853,8.62
28854,13.2
28855,9.22
28856,9.4
28857,9.57
28858,8.64
28859,9.35
28860,12.42
28861,9.74
28862,8.86
28863,12.84
28864,12.21
28865,13.42
28866,5.3
28867,14.01
28868,10.55
28869,5.3
28870,11.06
28871,13.13
28872,13.73
28873,9.46
28874,9.96
28875,10.11
28876,5.3
28877,14.04
28878,11.41
28879,15.97
28880,9.31
28881,13.92
28882,13.79
28883,8.81
28884,14.3
28885,8.32
28886,14.14
28887,8.32
28888,10.62
28889,11.4
28890,15.08
28891,13.07
28892,12.6
28893,13.6
28894,8.73
28895,5.3
28896,14.16
28897,11.84
28898,13.69
28899,13.83
28900,9.35
28901,10.77
28902,9.46
28903,10.62
28904,10.46
28905,9.45
28906,10.71
28907,8.21
28908,11.19
28909,14.04
28910,11.23
28911,11.18
28912,5.3
28913,14.25
28914,16.65
28915,11.61
28916,10.87
28917,14.0
28918,11.43
28919,12.65
28920,9.81
28921,13.92
28922,10.1
28923,11.78
28924,5.3
28925,10.52
28926,9.42
28927,10.48
28928,12.59
28929,9.36
28930,5.3
28931,9.99
28932,9.08
28933,8.12
28934,8.88
28935,13.95
28936,5.3
28937,16.18
28938,12.14
28939,13.71
28940,13.62
28941,13.02
28942,10.21
28943,14.18
28944,8.65
28945,13.28
28946,9.78
28947,10.74
28948,13.06
28949,9.06
28950,13.4
28951,8.7
28952,14.0
28953,14.19
28954,9.52
28955,16.21
28956,9.49
28957,11.12
28958,9.45
28959,9.33
28960,11.99
28961,13.39
28962,14.09
28963,5.3
28964,12.83
28965,9.02
28966,14.06
28967,8.72
28968,10.29
28969,13.58
28970,8.22
28971,8.38
28972,15.08
28973,8.78
28974,12.24
28975,14.1
28976,8.66
28977,9.37
28978,14.48
28979,10.97
28980,13.95
28981,10.59
28982,12.65
28983,14.5
28984,14.11
28985,9.69
28986,14.08
28987,8.8
28988,13.61
28989,14.34
28990,12.12
28991,12.47
28992,9.44
28993,13.97
28994,12.36
28995,5.3
28996,13.83
28997,8.6
28998,9.9
28999,8.95
29000,9.16
29001,8.85
29002,9.73
29003,14.69
29004,10.28
29005,12.58
29006,10.65
29007,9.26
29008,9.3
29009,5.3
29010,9.53
29011,15.02
29012,9.18
29013,8.83
29014,13.04
29015,9.67
29016,8.7
29017,19.6
29018,9.24
29019,14.22
29020,5.3
29021,5.3
29022,12.36
29023,14.71
29024,8.82
29025,11.76
29026,16.83
29027,11.94
29028,15.14
29029,13.35
29030,11.23
29031,11.08
29032,10.2
29033,14.05
29034,11.06
29035,12.12
29036,10.79
29037,9.13
29038,14.75
29039,11.22
29040,7.58
29041,14.26
29042,9.32
29043,14.26
29044,13.01
29045,10.48
29046,14.62
29047,14.03
29048,8.75
29049,12.71
29050,9.57
29051,5.3
29052,8.57
29053,10.68
29054,13.92
29055,9.05
29056,14.6
29057,17.24
29058,9.66
29059,8.74
29060,5.3
29061,17.72
29062,8.3
29063,9.24
29064,10.21
29065,13.85
29066,9.2
29067,12.48
29068,8.99
29069,14.3
29070,13.24
29071,16.1
29072,14.27
29073,12.22
29074,10.48
29075,12.14
29076,10.91
29077,13.94
29078,12.44
29079,16.7
29080,9.23
29081,10.1
29082,5.3
29083,10.88
29084,15.6
29085,9.63
29086,12.68
29087,8.83
29088,5.3
29089,10.53
29090,9.81
29091,9.47
29092,14.11
29093,9.87
29094,13.89
29095,9.68
29096,17.47
29097,14.87
29098,5.3
29099,5.3
29100,9.43
29101,10.5
29102,5.3
29103,11.58
29104,9.54
29105,12.87
29106,14.74
29107,10.7
29108,9.79
29109,14.5
29110,12.56
29111,11.39
29112,12.28
29113,10.5
29114,13.77
29115,13.97
29116,16.89
29117,18.52
29118,9.38
29119,14.88
29120,9.35
29121,9.69
29122,15.4
29123,16.84
29124,5.3
29125,10.32
29126,13.92
29127,8.79
29128,13.89
29129,5.3
29130,14.09
29131,8.21
29132,7.76
29133,5.3
29134,9.42
29135,12.16
29136,13.84
29137,9.69
29138,8.94
29139,10.12
29140,8.83
29141,15.94
29142,9.11
29143,16.83
29144,15.71
29145,11.02
29146,9.84
29147,9.44
29148,9.72
29149,9.9
29150,13.11
29151,12.02
29152,9.11
29153,5.3
29154,17.88
29155,9.19
29156,12.2
29157,14.64
29158,9.17
29159,10.77
29160,9.7
29161,12.88
29162,13.68
29163,5.3
29164,16.17
29165,10.62
29166,16.12
29167,11.98
29168,14.05
29169,15.11
29170,15.83
29171,9.28
29172,14.34
29173,9.52
29174,5.3
29175,12.18
29176,13.94
29177,13.09
29178,15.19
29179,8.82
29180,10.6
29181,13.0
29182,15.54
29183,8.66
29184,13.67
29185,5.3
29186,8.75
29187,13.83
29188,9.09
29189,9.06
29190,13.5
29191,13.19
29192,15.42
29193,9.88
29194,10.28
29195,14.01
29196,11.1
29197,10.08
29198,9.78
29199,8.78
29200,14.23
29201,11.08
29202,14.29
29203,8.54
29204,9.24
29205,9.4
29206,8.47
29207,8.75
29208,12.16
29209,17.83
29210,9.95
29211,5.3
29212,9.82
29213,12.07
29214,13.65
29215,14.37
29216,8.79
29217,14.5
29218,12.47
29219,8.05
29220,10.32
29221,13.95
29222,17.04
29223,9.47
29224,12.97
29225,9.14
29226,11.02
29227,10.43
29228,10.34
29229,15.12
29230,12.08
29231,13.98
29232,9.43
29233,10.95
29234,14.42
29235,5.3
29236,12.6
29237,12.67
29238,15.97
29239,13.78
29240,10.0
29241,12.82
29242,15.27
29243,15.76
29244,8.24
29245,5.3
29246,13.29
29247,5.3
29248,14.04
29249,13.09
29250,13.23
29251,9.44
29252,5.3
29253,14.61
29254,7.94
29255,5.3
29256,12.2
29257,5.3
29258,11.65
29259,9.56
29260,13.33
29261,5.3
29262,13.62
29263,9.19
29264,16.44
29265,8.73
29266,17.7
29267,11.0
29268,10.91
29269,9.67
29270,9.51
29271,14.62
29272,5.3
29273,10.61
29274,15.51
29275,13.62
29276,14.71
29277,8.21
29278,12.18
29279,15.84
29280,8.45
29281,13.75
29282,7.07
29283,13.45
29284,11.64
29285,9.02
29286,6.78
29287,16.81
29288,14.6
29289,10.56
29290,9.85
29291,9.53
29292,14.65
29293,15.53
29294,13.64
29295,5.3
29296,9.58
29297,9.72
29298,8.76
29299,8.63
29300,8.76
29301,13.96
29302,8.63
29303,9.1
29304,11.13
29305,9.91
29306,9.28
29307,10.62
29308,14.7
29309,9.37
29310,12.32
29311,5.3
29312,19.27
29313,13.82
29314,12.76
29315,5.3
29316,15.26
29317,11.19
29318,13.41
29319,13.49
29320,13.98
29321,12.48
29322,12.1
29323,5.3
29324,9.11
29325,13.77
29326,8.23
29327,13.63
29328,8.57
29329,14.11
29330,14.08
29331,8.89
29332,15.29
29333,5.3
29334,13.39
29335,13.12
29336,9.34
29337,17.96
29338,8.52
29339,10.94
29340,11.59
29341,9.23
29342,13.17
29343,13.55
29344,8.51
29345,14.14
29346,12.33
29347,9.46
29348,9.09
29349,14.45
29350,9.08
29351,9.87
29352,8.63
29353,9.5
29354,13.58
29355,15.2
29356,8.99
29357,12.5
29358,14.0
29359,13.51
29360,14.42
29361,5.3
29362,9.1
29363,13.91
29364,15.59
29365,13.07
29366,9.04
29367,10.08
29368,8.09
29369,13.4
29370,11.05
29371,13.05
29372,13.7
29373,14.72
29374,8.59
29375,14.57
29376,14.17
29377,13.07
29378,10.88
29379,13.56
29380,13.81
29381,5.3
29382,11.62
29383,13.85
29384,9.78
29385,5.3
29386,11.36
29387,8.63
29388,13.32
29389,12.06
29390,13.9
29391,8.5
29392,9.62
29393,13.53
29394,16.35
29395,13.1
29396,12.69
29397,9.75
29398,9.72
29399,13.23
29400,5.3
29401,13.2
29402,9.79
29403,5.3
29404,12.23
29405,7.65
29406,14.63
29407,13.34
29408,14.21
29409,13.8
29410,13.63
29411,9.53
29412,8.93
29413,10.88
29414,15.51
29415,9.37
29416,14.04
29417,9.13
29418,5.55
29419,9.59
29420,10.53
29421,12.45
29422,15.04
29423,9.85
29424,13.77
29425,15.88
29426,12.33
29427,9.93
29428,9.27
29429,6.35
29430,13.08
29431,8.84
29432,14.05
29433,14.08
29434,8.38
29435,11.35
29436,11.77
29437,17.5
29438,12.4
29439,13.2
29440,8.86
29441,7.13
29442,14.54
29443,10.22
29444,5.3
29445,16.24
29446,11.94
29447,10.38
29448,5.3
29449,14.78
29450,9.49
29451,13.76
29452,14.0
29453,9.68
29454,16.31
29455,15.14
29456,12.27
29457,13.3
29458,10.29
29459,11.5
29460,8.29
29461,5.3
29462,14.14
29463,12.07
29464,14.1
29465,12.33
29466,15.86
29467,13.29
29468,14.53
29469,12.9
29470,15.14
29471,8.77
29472,8.36
29473,9.53
29474,14.03
29475,11.18
29476,11.93
29477,15.15
29478,12.76
29479,10.14
29480,13.28
29481,11.89
29482,11.04
29483,14.26
29484,14.47
29485,13.42
29486,7.78
29487,15.76
29488,16.14
29489,13.27
29490,9.1
29491,15.56
29492,16.46
29493,13.28
29494,14.3
29495,10.48
29496,13.45
29497,15.31
29498,10.38
29499,13.64
29500,12.42
29501,13.95
29502,13.48
29503,8.87
29504,11.88
29505,15.67
29506,11.5
29507,10.14
29508,14.63
29509,15.86
29510,13.83
29511,11.28
29512,11.72
29513,10.32
29514,9.67
29515,9.82
29516,11.61
29517,11.62
29518,5.3
29519,10.25
29520,9.09
29521,8.76
29522,9.06
29523,9.05
29524,14.66
29525,13.51
29526,5.3
29527,8.76
29528,14.35
29529,11.84
29530,5.3
29531,5.3
29532,11.77
29533,10.33
29534,8.42
29535,5.3
29536,9.98
29537,8.35
29538,12.97
29539,9.5
29540,8.32
29541,5.3
29542,8.91
29543,10.41
29544,14.54
29545,9.31
29546,9.32
29547,13.42
29548,12.2
29549,11.65
29550,12.98
29551,10.47
29552,12.63
29553,8.71
29554,12.87
29555,14.54
29556,12.94
29557,12.18
29558,10.59
29559,12.86
29560,16.98
29561,15.83
29562,7.36
29563,9.77
29564,9.67
29565,13.69
29566,9.63
29567,13.19
29568,9.05
29569,10.77
29570,13.07
29571,15.25
29572,9.55
29573,5.3
29574,9.32
29575,9.78
29576,12.47
29577,11.22
29578,11.62
29579,15.0
29580,9.6
29581,12.11
29582,8.46
29583,9.54
29584,10.37
29585,14.01
29586,14.89
29587,8.68
29588,9.31
29589,8.6
29590,10.73
29591,11.94
29592,12.45
29593,15.64
29594,13.42
29595,12.12
29596,14.03
29597,12.88
29598,13.95
29599,10.06
29600,13.16
29601,13.53
29602,8.89
29603,11.56
29604,8.9
29605,10.09
29606,14.27
29607,9.93
29608,5.3
29609,14.61
29610,9.76
29611,12.98
29612,9.25
29613,13.68
29614,12.18
29615,8.44
29616,13.72
29617,13.46
29618,14.03
29619,12.47
29620,10.23
29621,11.17
29622,14.82
29623,5.3
29624,9.97
29625,15.23
29626,10.18
29627,14.24
29628,8.53
29629,14.28
29630,5.3
29631,11.3
29632,5.3
29633,15.66
29634,13.16
29635,14.24
29636,11.3
29637,16.4
29638,10.06
29639,8.63
29640,17.63
29641,14.73
29642,12.09
29643,11.66
29644,11.99
29645,16.52
29646,14.18
29647,12.18
29648,15.02
29649,15.48
29650,5.3
29651,15.13
29652,8.94
29653,11.96
29654,5.3
29655,15.73
29656,11.22
29657,13.52
29658,11.93
29659,5.3
29660,9.0
29661,7.52
29662,12.63
29663,10.84
29664,5.3
29665,12.52
29666,14.16
29667,9.83
29668,5.3
29669,15.75
29670,9.8
29671,11.77
29672,15.97
29673,12.04
29674,9.46
29675,9.86
29676,16.25
29677,9.9
29678,12.18
29679,8.74
29680,13.99
29681,5.3
29682,14.27
29683,9.24
29684,15.34
29685,9.55
29686,12.46
29687,13.64
29688,13.02
29689,13.7
29690,9.61
29691,13.42
29692,10.28
29693,19.56
29694,8.53
29695,10.26
29696,9.65
29697,9.92
29698,9.7
29699,9.08
29700,10.87
29701,15.14
29702,5.3
29703,5.3
29704,14.55
29705,7.55
29706,5.3
29707,13.48
29708,14.04
29709,12.95
29710,9.5
29711,14.0
29712,5.3
29713,9.46
29714,11.28
29715,15.94
29716,13.95
29717,16.42
29718,9.69
29719,13.98
29720,5.3
29721,10.24
29722,10.22
29723,9.65
29724,16.24
29725,9.5
29726,9.47
29727,8.96
29728,10.97
29729,14.03
29730,5.3
29731,15.14
29732,12.99
29733,9.79
29734,9.27
29735,16.1
29736,12.22
29737,8.65
29738,11.33
29739,11.78
29740,8.47
29741,13.81
29742,13.78
29743,5.3
29744,13.52
29745,10.91
29746,9.07
29747,13.77
29748,13.67
29749,10.04
29750,14.18
29751,16.66
29752,11.2
29753,16.21
29754,11.12
29755,11.87
29756,8.44
29757,11.15
29758,14.0
29759,14.18
29760,11.38
29761,12.52
29762,9.31
29763,15.95
29764,9.35
29765,18.72
29766,13.16
29767,9.58
29768,13.98
29769,5.3
29770,11.94
29771,10.23
29772,13.86
29773,14.37
29774,18.81
29775,8.84
29776,11.97
29777,13.22
29778,12.48
29779,12.28
29780,11.08
29781,9.6
29782,5.3
29783,9.32
29784,13.81
29785,10.82
29786,14.36
29787,13.2
29788,12.77
29789,14.4
29790,8.95
29791,15.71
29792,15.33
29793,13.74
29794,9.4
29795,13.87
29796,10.11
29797,13.91
29798,13.52
29799,13.97
29800,14.13
29801,10.56
29802,8.4
29803,5.3
29804,15.79
29805,14.63
29806,9.0
29807,11.3
29808,8.78
29809,10.18
29810,12.23
29811,12.17
29812,14.13
29813,8.73
29814,5.3
29815,11.21
29816,12.65
29817,12.03
29818,11.83
29819,9.06
29820,16.59
29821,9.13
29822,17.14
29823,14.02
29824,14.51
29825,10.98
29826,13.25
29827,8.72
29828,9.94
29829,10.06
29830,11.04
29831,12.06
29832,9.67
29833,9.54
29834,10.0
29835,15.7
29836,10.98
29837,12.37
29838,11.37
29839,12.18
29840,13.11
29841,13.57
29842,14.06
29843,13.64
29844,9.31
29845,11.91
29846,9.67
29847,11.41
29848,15.36
29849,8.64
29850,12.56
29851,5.3
29852,9.55
29853,13.83
29854,12.7
29855,9.43
29856,9.79
29857,12.69
29858,5.3
29859,8.45
29860,18.05
29861,16.9
29862,9.83
29863,13.97
29864,5.3
29865,8.68
29866,13.84
29867,14.38
29868,13.65
29869,13.38
29870,5.3
29871,8.87
29872,14.5
29873,12.48
29874,12.13
29875,13.68
29876,9.22
29877,13.17
29878,10.52
29879,9.55
29880,9.86
29881,8.0
29882,11.89
29883,5.3
29884,9.84
29885,5.3
29886,14.18
29887,14.49
29888,13.61
29889,13.06
29890,12.96
29891,13.14
29892,9.55
29893,10.8
29894,13.62
29895,10.09
29896,14.06
29897,13.27
29898,11.53
29899,14.56
29900,14.92
29901,10.88
29902,8.95
29903,14.34
29904,9.37
29905,9.83
29906,8.6
29907,14.79
29908,11.72
29909,5.3
29910,14.35
29911,11.88
29912,5.3
29913,15.93
29914,10.27
29915,13.52
29916,8.52
29917,12.72
29918,19.15
29919,14.0
29920,9.0
29921,13.13
29922,13.98
29923,9.42
29924,9.76
29925,14.2
29926,9.41
29927,9.71
29928,8.41
29929,18.9
29930,13.42
29931,13.43
29932,14.08
29933,10.94
29934,14.68
29935,9.56
29936,13.12
29937,12.54
29938,12.07
29939,5.3
29940,8.59
29941,11.79
29942,10.42
29943,16.3
29944,12.15
29945,10.86
29946,9.14
29947,5.3
29948,5.3
29949,9.46
29950,13.47
29951,13.75
29952,9.75
29953,13.65
29954,12.98
29955,13.53
29956,9.96
29957,15.0
29958,12.03
29959,5.3
29960,14.34
29961,14.63
29962,13.34
29963,10.43
29964,12.32
29965,11.04
29966,11.37
29967,17.21
29968,10.65
29969,11.51
29970,14.1
29971,11.94
29972,9.69
29973,10.87
29974,9.89
29975,15.43
29976,9.36
29977,9.04
29978,8.67
29979,13.11
29980,9.64
29981,14.24
29982,10.77
29983,9.1
29984,11.52
29985,12.01
29986,7.82
29987,14.75
29988,5.3
29989,8.78
29990,11.3
29991,10.26
29992,13.43
29993,12.23
29994,9.94
29995,13.27
29996,5.3
29997,11.25
29998,13.84
29999,5.3
30000,12.46
30001,13.74
30002,14.46
30003,11.58
30004,13.62
30005,11.8
30006,10.55
30007,9.69
30008,9.51
30009,12.14
30010,8.12
30011,9.49
30012,9.32
30013,12.14
30014,17.18
30015,8.5
30016,5.3
30017,9.75
30018,16.73
30019,9.21
30020,14.07
30021,8.17
30022,14.7
30023,12.06
30024,12.52
30025,15.97
30026,9.89
30027,12.09
30028,9.73
30029,5.3
30030,12.23
30031,12.54
30032,10.98
30033,10.81
30034,5.3
30035,16.55
30036,10.11
30037,12.36
30038,10.12
30039,14.4
30040,14.14
30041,9.6
30042,9.7
30043,13.51
30044,9.6
30045,9.58
30046,5.3
30047,14.28
30048,12.92
30049,8.5
30050,5.3
30051,5.3
30052,10.29
30053,10.15
30054,9.85
30055,12.37
30056,13.22
30057,14.62
30058,12.32
30059,16.18
30060,9.4
30061,10.11
30062,8.12
30063,9.17
30064,9.92
30065,5.3
30066,15.12
30067,8.63
30068,12.47
30069,13.94
30070,15.94
30071,12.24
30072,12.23
30073,12.68
30074,15.06
30075,15.09
30076,8.96
30077,15.47
30078,9.49
30079,12.89
30080,9.33
30081,11.03
30082,14.73
30083,13.77
30084,8.53
30085,11.32
30086,5.3
30087,9.16
30088,13.42
30089,13.83
30090,9.28
30091,9.77
30092,5.3
30093,8.35
30094,17.18
30095,15.09
30096,9.13
30097,14.37
30098,10.23
30099,13.52
30100,13.19
30101,8.81
30102,15.68
30103,10.7
30104,5.3
30105,8.87
30106,16.19
30107,14.54
30108,9.71
30109,13.96
30110,9.76
30111,15.38
30112,9.69
30113,14.01
30114,12.36
30115,15.19
30116,10.3
30117,14.59
30118,9.64
30119,12.35
30120,13.33
30121,8.72
30122,12.52
30123,13.21
30124,16.04
30125,14.79
30126,10.07
30127,9.38
30128,13.36
30129,10.12
30130,8.95
30131,13.95
30132,11.27
30133,13.37
30134,13.84
30135,14.35
30136,11.1
30137,11.29
30138,11.29
30139,14.49
30140,9.98
30141,10.29
30142,9.45
30143,9.25
30144,5.3
30145,8.39
30146,14.82
30147,13.73
30148,9.15
30149,8.86
30150,5.3
30151,9.68
30152,9.3
30153,10.72
30154,14.79
30155,13.85
30156,12.58
30157,15.02
30158,12.53
30159,12.77
30160,9.22
30161,8.18
30162,9.38
30163,10.02
30164,9.38
30165,9.74
30166,10.13
30167,5.3
30168,12.02
30169,14.33
30170,9.43
30171,9.62
30172,13.16
30173,14.03
30174,9.44
30175,5.3
30176,16.59
30177,10.97
30178,9.22
30179,13.77
30180,12.78
30181,5.3
30182,12.24
30183,9.28
30184,15.83
30185,8.77
30186,8.79
30187,13.85
30188,13.05
30189,9.99
30190,15.0
30191,16.4
30192,10.79
30193,12.27
30194,13.48
30195,11.7
30196,13.99
30197,15.01
30198,14.27
30199,10.64
30200,8.56
30201,15.2
30202,17.95
30203,13.44
30204,14.75
30205,8.38
30206,11.14
30207,14.89
30208,14.94
30209,12.68
30210,12.99
30211,12.0
30212,12.19
30213,14.53
30214,8.81
30215,9.02
30216,9.1
30217,12.26
30218,12.47
30219,13.1
30220,9.55
30221,5.3
30222,14.41
30223,12.18
30224,10.95
30225,11.09
30226,13.61
30227,12.61
30228,9.84
30229,14.13
30230,16.02
30231,9.95
30232,8.3
30233,11.53
30234,13.53
30235,13.02
30236,16.77
30237,10.81
30238,13.83
30239,10.14
30240,14.86
30241,10.3
30242,7.48
30243,9.68
30244,7.37
30245,12.35
30246,13.54
30247,12.57
30248,7.58
30249,16.95
30250,17.05
30251,11.92
30252,9.63
30253,9.41
30254,13.22
30255,12.03
30256,12.65
30257,13.16
30258,9.44
30259,13.69
30260,11.16
30261,12.36
30262,9.23
30263,12.88
30264,8.98
30265,11.58
30266,9.22
30267,15.52
30268,5.3
30269,9.35
30270,10.64
30271,12.07
30272,9.15
30273,13.73
30274,11.09
30275,13.28
30276,12.14
30277,14.31
30278,13.23
30279,14.0
30280,9.21
30281,14.2
30282,10.84
30283,13.42
30284,8.46
30285,15.99
30286,15.54
30287,14.08
30288,5.3
30289,8.82
30290,14.93
30291,14.04
30292,13.04
30293,13.71
30294,12.42
30295,13.53
30296,12.14
30297,9.01
30298,8.32
30299,5.3
30300,5.3
30301,13.89
30302,12.08
30303,10.02
30304,11.5
30305,8.89
30306,13.45
30307,18.35
30308,14.72
30309,9.58
30310,13.12
30311,8.97
30312,14.05
30313,13.62
30314,9.51
30315,10.97
30316,9.27
30317,13.13
30318,15.09
30319,10.21
30320,5.3
30321,9.07
30322,9.34
30323,9.91
30324,15.62
30325,10.93
30326,15.04
30327,9.54
30328,13.33
30329,10.14
30330,15.96
30331,9.83
30332,11.31
30333,14.32
30334,9.44
30335,13.36
30336,5.3
30337,13.81
30338,8.86
30339,12.47
30340,13.66
30341,9.7
30342,13.06
30343,11.03
30344,12.96
30345,10.07
30346,12.24
30347,9.55
30348,7.45
30349,9.61
30350,12.95
30351,10.62
30352,13.73
30353,11.2
30354,9.93
30355,5.3
30356,10.73
30357,12.05
30358,14.9
30359,11.19
30360,13.09
30361,11.51
30362,11.99
30363,8.92
30364,11.19
30365,8.79
30366,13.33
30367,10.22
30368,5.3
30369,15.15
30370,5.3
30371,11.29
30372,13.67
30373,13.58
30374,10.06
30375,12.66
30376,14.0
30377,12.18
30378,11.06
30379,15.93
30380,14.07
30381,9.43
30382,16.45
30383,15.41
30384,10.74
30385,9.49
30386,14.2
30387,13.96
30388,12.65
30389,5.3
30390,13.52
30391,15.69
30392,10.8
30393,14.29
30394,17.71
30395,10.59
30396,5.3
30397,12.75
30398,15.07
30399,14.17
30400,6.7
30401,9.87
30402,13.68
30403,11.27
30404,13.79
30405,13.07
30406,13.8
30407,11.66
30408,9.67
30409,9.41
30410,13.68
30411,13.47
30412,11.96
30413,14.82
30414,14.17
30415,8.75
30416,14.28
30417,9.93
30418,13.25
30419,14.51
30420,10.41
30421,5.3
30422,15.51
30423,13.89
30424,13.29
30425,8.99
30426,8.58
30427,12.06
30428,10.16
30429,14.21
30430,13.81
30431,13.22
30432,13.09
30433,14.95
30434,15.78
30435,8.06
30436,5.3
30437,9.45
30438,14.95
30439,8.3
30440,9.43
30441,11.74
30442,5.3
30443,12.76
30444,14.67
30445,12.0
30446,14.37
30447,13.85
30448,15.86
30449,9.72
30450,10.59
30451,15.71
30452,13.01
30453,8.8
30454,14.48
30455,12.08
30456,11.6
30457,9.53
30458,13.11
30459,8.57
30460,14.03
30461,8.9
30462,5.3
30463,11.99
30464,13.54
30465,9.42
30466,12.29
30467,5.3
30468,8.85
30469,10.82
30470,13.21
30471,13.1
30472,9.6
30473,13.58
30474,8.73
30475,12.21
30476,5.3
30477,8.51
30478,10.88
30479,10.23
30480,7.78
30481,12.12
30482,15.24
30483,9.85
30484,8.57
30485,5.3
30486,14.24
30487,14.5
30488,12.35
30489,11.27
30490,12.43
30491,13.2
30492,13.42
30493,13.21
30494,9.87
30495,7.8
30496,15.27
30497,12.03
30498,9.27
30499,14.11
30500,14.72
30501,9.59
30502,10.39
30503,13.96
30504,11.7
30505,10.47
30506,13.95
30507,15.89
30508,10.25
30509,13.92
30510,12.18
30511,14.64
30512,14.05
30513,9.42
30514,13.08
30515,11.67
30516,9.94
30517,11.9
30518,9.32
30519,9.71
30520,8.75
30521,16.11
30522,12.62
30523,11.06
30524,12.19
30525,9.44
30526,14.34
30527,13.37
30528,9.92
30529,14.81
30530,12.66
30531,9.68
30532,5.3
30533,5.3
30534,9.16
30535,12.27
30536,13.65
30537,9.78
30538,14.36
30539,13.06
30540,10.04
30541,9.16
30542,8.71
30543,13.72
30544,11.59
30545,12.73
30546,8.29
30547,5.3
30548,13.82
30549,12.02
30550,12.08
30551,9.84
30552,15.87
30553,9.0
30554,13.67
30555,8.02
30556,10.96
30557,9.42
30558,9.14
30559,9.65
30560,6.82
30561,11.0
30562,12.25
30563,8.52
30564,5.3
30565,13.5
30566,11.07
30567,5.3
30568,14.23
30569,15.78
30570,10.02
30571,11.51
30572,17.24
30573,13.58
30574,9.0
30575,15.56
30576,9.64
30577,14.68
30578,9.36
30579,9.11
30580,16.21
30581,16.61
30582,11.7
30583,14.48
30584,9.82
30585,10.81
30586,5.3
30587,12.81
30588,7.98
30589,13.83
30590,8.63
30591,14.61
30592,12.85
30593,12.62
30594,14.07
30595,13.97
30596,13.78
30597,5.3
30598,11.01
30599,12.28
30600,12.95
30601,9.71
30602,5.3
30603,10.18
30604,13.57
30605,9.07
30606,16.32
30607,12.46
30608,5.3
30609,14.13
30610,14.05
30611,13.74
30612,14.26
30613,5.3
30614,12.34
30615,11.09
30616,9.94
30617,10.4
30618,13.55
30619,14.66
30620,10.04
30621,11.68
30622,13.69
30623,12.63
30624,12.72
30625,10.25
30626,11.07
30627,11.35
30628,9.47
30629,5.3
30630,11.13
30631,12.49
30632,9.47
30633,10.15
30634,8.96
30635,13.47
30636,13.03
30637,10.57
30638,8.61
30639,9.5
30640,11.14
30641,10.52
30642,5.3
30643,11.2
30644,15.33
30645,9.55
30646,9.3
30647,13.85
30648,8.91
30649,14.76
30650,5.3
30651,16.7
30652,8.7
30653,16.47
30654,5.3
30655,12.55
30656,10.77
30657,15.6
30658,11.82
30659,10.64
30660,9.28
30661,9.58
30662,10.18
30663,9.19
30664,9.26
30665,16.02
30666,8.38
30667,13.94
30668,13.88
30669,13.71
30670,14.71
30671,8.49
30672,14.06
30673,13.55
30674,8.39
30675,5.3
30676,8.79
30677,14.94
30678,9.7
30679,11.32
30680,16.8
30681,9.62
30682,5.3
30683,11.05
30684,13.5
30685,13.44
30686,10.58
30687,13.68
30688,14.86
30689,13.65
30690,10.22
30691,12.59
30692,13.42
30693,14.95
30694,17.61
30695,13.37
30696,15.03
30697,14.04
30698,13.36
30699,9.56
30700,13.77
30701,13.63
30702,9.72
30703,7.77
30704,13.11
30705,12.16
30706,8.69
30707,11.01
30708,12.21
30709,10.82
30710,12.58
30711,15.35
30712,8.57
30713,7.24
30714,9.38
30715,13.68
30716,14.27
30717,15.64
30718,9.56
30719,9.66
30720,9.73
30721,13.48
30722,11.05
30723,10.59
30724,13.39
30725,10.99
30726,12.84
30727,8.58
30728,9.69
30729,5.3
30730,9.4
30731,8.74
30732,8.98
30733,9.16
30734,9.02
30735,11.3
30736,9.29
30737,13.38
30738,14.85
30739,5.3
30740,15.94
30741,14.36
30742,13.66
30743,11.21
30744,9.18
30745,16.8
30746,12.11
30747,12.4
30748,11.16
30749,14.58
30750,15.01
30751,8.86
30752,12.93
30753,10.23
30754,15.04
30755,8.72
30756,15.58
30757,12.57
30758,14.25
30759,13.17
30760,14.14
30761,10.01
30762,5.3
30763,9.27
30764,9.02
30765,14.02
30766,12.08
30767,8.53
30768,13.0
30769,10.39
30770,13.62
30771,9.91
30772,16.93
30773,12.77
30774,14.22
30775,9.94
30776,11.91
30777,13.04
30778,5.3
30779,9.92
30780,14.44
30781,14.23
30782,12.49
30783,5.3
30784,5.3
30785,7.79
30786,9.29
30787,11.96
30788,10.3
30789,11.9
30790,11.48
30791,10.92
30792,9.06
30793,13.97
30794,11.96
30795,12.41
30796,10.37
30797,9.17
30798,13.68
30799,8.94
30800,9.1
30801,12.06
30802,8.89
30803,14.05
30804,9.01
30805,12.49
30806,14.07
30807,15.9
30808,15.25
30809,5.3
30810,11.71
30811,10.68
30812,10.23
30813,5.3
30814,14.07
30815,13.83
30816,6.18
30817,11.58
30818,14.9
30819,10.96
30820,9.36
30821,16.72
30822,12.2
30823,10.88
30824,17.02
30825,13.39
30826,11.52
30827,9.72
30828,12.96
30829,9.12
30830,9.02
30831,12.14
30832,8.6
30833,11.31
30834,14.8
30835,12.09
30836,8.94
30837,8.87
30838,5.3
30839,13.69
30840,9.65
30841,8.56
30842,15.61
30843,5.3
30844,8.16
30845,11.05
30846,8.1
30847,15.5
30848,9.99
30849,9.95
30850,15.92
30851,8.75
30852,10.28
30853,14.25
30854,10.4
30855,5.3
30856,5.3
30857,11.37
30858,10.37
30859,8.83
30860,15.24
30861,5.3
30862,13.7
30863,8.62
30864,13.81
30865,12.41
30866,18.04
30867,9.96
30868,8.07
30869,9.01
30870,13.53
30871,9.52
30872,12.28
30873,5.3
30874,13.85
30875,13.61
30876,11.39
30877,12.4
30878,12.6
30879,12.53
30880,9.86
30881,12.09
30882,13.92
30883,16.03
30884,14.84
30885,10.86
30886,13.94
30887,16.52
30888,15.42
30889,9.78
30890,16.39
30891,13.51
30892,8.54
30893,15.05
30894,10.44
30895,15.21
30896,13.61
30897,5.3
30898,14.07
30899,12.9
30900,11.99
30901,10.92
30902,8.62
30903,16.54
30904,10.35
30905,12.32
30906,13.2
30907,18.26
30908,9.26
30909,11.43
30910,9.6
30911,9.27
30912,7.81
30913,10.33
30914,14.39
30915,13.63
30916,8.53
30917,11.04
30918,9.42
30919,5.3
30920,8.69
30921,8.75
30922,14.65
30923,12.41
30924,14.93
30925,8.2
30926,13.88
30927,13.66
30928,9.16
30929,13.47
30930,11.58
30931,9.32
30932,9.1
30933,10.76
30934,8.78
30935,15.83
30936,9.37
30937,14.17
30938,11.6
30939,11.61
30940,9.53
30941,9.07
30942,13.58
30943,16.02
30944,14.78
30945,14.68
30946,15.89
30947,8.82
30948,13.38
30949,10.69
30950,14.22
30951,14.08
30952,16.51
30953,9.34
30954,14.65
30955,5.3
30956,9.18
30957,10.73
30958,5.3
30959,9.07
30960,12.15
30961,10.29
30962,5.3
30963,12.13
30964,13.91
30965,9.74
30966,13.88
30967,12.32
30968,12.18
30969,12.04
30970,9.62
30971,13.81
30972,9.1
30973,13.95
30974,10.99
30975,13.9
30976,9.61
30977,12.29
30978,12.63
30979,11.04
30980,11.33
30981,10.31
30982,12.36
30983,13.31
30984,12.72
30985,10.45
30986,11.92
30987,11.15
30988,15.14
30989,13.21
30990,12.22
30991,9.92
30992,9.35
30993,12.06
30994,5.3
30995,18.95
30996,13.06
30997,9.51
30998,9.16
30999,8.96
31000,10.18
31001,10.75
31002,12.02
31003,13.16
31004,12.41
31005,14.07
31006,9.12
31007,15.04
31008,9.83
31009,12.4
31010,13.9
31011,11.97
31012,9.35
31013,9.14
31014,10.53
31015,13.06
31016,8.5
31017,12.21
31018,10.52
31019,12.54
31020,18.29
31021,8.49
31022,14.41
31023,14.6
31024,9.35
31025,16.25
31026,15.47
31027,5.3
31028,10.88
31029,8.25
31030,8.89
31031,5.3
31032,10.22
31033,10.5
31034,9.26
31035,12.23
31036,15.06
31037,5.3
31038,17.77
31039,8.98
31040,9.05
31041,5.3
31042,10.38
31043,10.83
31044,8.7
31045,13.16
31046,11.7
31047,7.58
31048,14.22
31049,9.06
31050,12.78
31051,9.34
31052,9.87
31053,5.3
31054,8.77
31055,12.5
31056,15.06
31057,16.55
31058,15.22
31059,10.41
31060,11.45
31061,8.32
31062,12.28
31063,8.69
31064,14.18
31065,13.78
31066,13.86
31067,15.94
31068,15.07
31069,9.52
31070,11.59
31071,12.36
31072,9.7
31073,14.4
31074,14.92
31075,8.41
31076,11.22
31077,16.63
31078,9.33
31079,10.24
31080,17.73
31081,5.3
31082,12.19
31083,15.09
31084,11.62
31085,11.51
31086,12.16
31087,13.18
31088,9.81
31089,7.85
31090,8.73
31091,10.68
31092,13.55
31093,14.17
31094,12.35
31095,13.28
31096,15.75
31097,5.3
31098,9.6
31099,8.52
31100,14.51
31101,8.44
31102,13.96
31103,10.91
31104,9.46
31105,15.9
31106,5.3
31107,9.1
31108,11.55
31109,12.32
31110,9.18
31111,16.31
31112,13.41
31113,13.35
31114,13.44
31115,5.3
31116,11.89
31117,5.3
31118,10.45
31119,5.3
31120,15.58
31121,16.36
31122,10.55
31123,12.26
31124,14.23
31125,14.71
31126,15.51
31127,14.73
31128,5.86
31129,13.06
31130,13.24
31131,7.38
31132,5.3
31133,9.74
31134,14.67
31135,11.46
31136,13.9
31137,15.09
31138,13.6
31139,11.14
31140,13.96
31141,12.26
31142,8.95
31143,9.98
31144,12.06
31145,14.1
31146,14.97
31147,9.91
31148,9.08
31149,11.68
31150,13.34
31151,12.83
31152,9.67
31153,15.02
31154,9.48
31155,10.63
31156,14.44
31157,14.43
31158,8.97
31159,8.75
31160,13.4
31161,5.3
31162,9.18
31163,13.75
31164,7.27
31165,15.95
31166,12.58
31167,14.24
31168,13.63
31169,10.04
31170,13.19
31171,9.42
31172,11.49
31173,5.61
31174,11.7
31175,15.82
31176,9.64
31177,10.83
31178,14.22
31179,9.25
31180,13.94
31181,14.08
31182,14.06
31183,14.16
31184,10.21
31185,9.78
31186,12.25
31187,5.3
31188,14.76
31189,8.57
31190,12.44
31191,9.63
31192,11.52
31193,10.62
31194,14.06
31195,16.55
31196,13.85
31197,14.45
31198,14.93
31199,13.25
31200,9.17
31201,8.86
31202,5.3
31203,8.55
31204,5.3
31205,12.36
31206,5.3
31207,12.05
31208,9.31
31209,12.58
31210,10.18
31211,15.24
31212,10.09
31213,8.2
31214,8.33
31215,8.87
31216,15.13
31217,10.05
31218,16.71
31219,13.77
31220,11.53
31221,5.3
31222,8.29
31223,8.7
31224,5.3
31225,16.48
31226,10.51
31227,12.0
31228,8.46
31229,12.29
31230,8.63
31231,12.31
31232,13.43
31233,9.66
31234,10.46
31235,9.49
31236,12.15
31237,13.6
31238,18.34
31239,14.57
31240,10.53
31241,13.74
31242,11.85
31243,10.74
31244,10.6
31245,8.89
31246,8.9
31247,15.65
31248,15.02
31249,10.13
31250,12.87
31251,5.01
31252,5.3
31253,9.19
31254,14.02
31255,7.74
31256,13.26
31257,10.7
31258,5.3
31259,7.93
31260,5.3
31261,8.21
31262,10.28
31263,14.05
31264,10.68
31265,14.22
31266,13.56
31267,9.47
31268,14.56
31269,15.52
31270,14.64
31271,11.18
31272,9.04
31273,13.57
31274,12.2
31275,8.8
31276,14.24
31277,11.46
31278,8.42
31279,16.56
31280,9.52
31281,14.3
31282,9.98
31283,12.91
31284,8.78
31285,13.59
31286,14.91
31287,17.16
31288,9.56
31289,12.67
31290,13.56
31291,9.04
31292,13.86
31293,13.5
31294,5.3
31295,9.28
31296,14.56
31297,12.97
31298,11.21
31299,13.43
31300,13.04
31301,14.17
31302,12.12
31303,9.52
31304,9.37
31305,8.84
31306,9.65
31307,10.5
31308,14.51
31309,8.61
31310,10.81
31311,12.34
31312,9.65
31313,9.96
31314,11.62
31315,12.95
31316,13.59
31317,13.76
31318,11.11
31319,13.93
31320,14.67
31321,5.3
31322,5.3
31323,9.53
31324,14.11
31325,13.76
31326,8.32
31327,12.96
31328,11.24
31329,14.41
31330,10.52
31331,10.23
31332,13.54
31333,5.3
31334,11.5
31335,14.08
31336,11.64
31337,11.3
31338,10.77
31339,14.94
31340,14.06
31341,13.22
31342,5.3
31343,11.33
31344,5.3
31345,13.28
31346,8.74
31347,15.9
31348,8.3
31349,15.91
31350,11.52
31351,14.76
31352,9.94
31353,15.3
31354,15.78
31355,9.64
31356,10.4
31357,11.68
31358,9.58
31359,16.32
31360,9.87
31361,5.3
31362,17.34
31363,12.28
31364,13.86
31365,13.0
31366,9.11
31367,9.74
31368,13.16
31369,15.26
31370,8.28
31371,5.3
31372,16.73
31373,10.68
31374,12.11
31375,9.0
31376,5.3
31377,14.83
31378,12.9
31379,13.9
31380,9.76
31381,12.17
31382,10.74
31383,14.95
31384,13.81
31385,10.98
31386,13.87
31387,14.47
31388,10.83
31389,13.4
31390,9.98
31391,9.98
31392,12.21
31393,13.89
31394,5.3
31395,5.3
31396,10.89
31397,9.8
31398,8.77
31399,17.3
31400,14.58
31401,16.01
31402,11.56
31403,13.77
31404,12.9
31405,15.2
31406,9.59
31407,8.84
31408,11.47
31409,13.85
31410,5.3
31411,10.81
31412,14.5
31413,13.66
31414,15.15
31415,9.46
31416,13.74
31417,13.68
31418,8.84
31419,15.06
31420,9.19
31421,16.4
31422,13.32
31423,16.2
31424,14.23
31425,17.03
31426,7.31
31427,9.26
31428,10.16
31429,13.42
31430,5.3
31431,10.5
31432,15.45
31433,13.6
31434,14.22
31435,11.37
31436,8.99
31437,16.64
31438,5.3
31439,14.11
31440,10.88
31441,8.84
31442,13.01
31443,13.56
31444,15.59
31445,15.76
31446,10.68
31447,13.79
31448,9.56
31449,5.3
31450,9.51
31451,10.76
31452,5.3
31453,13.06
31454,11.17
31455,14.95
31456,9.81
31457,14.16
31458,13.29
31459,11.39
31460,8.24
31461,11.22
31462,8.34
31463,13.31
31464,8.12
31465,5.3
31466,8.25
31467,14.17
31468,9.57
31469,9.48
31470,17.35
31471,8.57
31472,9.38
31473,10.23
31474,8.28
31475,11.16
31476,8.6
31477,11.93
31478,8.62
31479,13.77
31480,13.08
31481,9.42
31482,13.21
31483,13.7
31484,13.92
31485,13.65
31486,10.62
31487,9.37
31488,14.47
31489,5.3
31490,12.74
31491,9.57
31492,13.48
31493,10.76
31494,12.76
31495,14.02
31496,14.24
31497,15.64
31498,14.6
31499,9.66
31500,11.61
31501,13.14
31502,5.3
31503,12.72
31504,9.38
31505,13.33
31506,11.75
31507,12.96
31508,11.25
31509,14.27
31510,18.08
31511,9.29
31512,17.2
31513,14.04
31514,5.3
31515,8.64
31516,9.8
31517,12.0
31518,14.65
31519,12.0
31520,9.67
31521,14.14
31522,14.66
31523,10.71
31524,9.0
31525,9.13
31526,15.31
31527,16.75
31528,12.71
31529,10.72
31530,13.79
31531,10.6
31532,12.58
31533,12.15
31534,12.97
31535,8.92
31536,13.09
31537,9.84
31538,15.81
31539,13.67
31540,5.3
31541,5.3
31542,12.54
31543,7.79
31544,8.64
31545,9.09
31546,13.41
31547,8.05
31548,9.36
31549,13.67
31550,5.3
31551,15.0
31552,13.27
31553,8.42
31554,11.62
31555,8.55
31556,8.41
31557,5.3
31558,14.93
31559,5.3
31560,11.96
31561,9.51
31562,8.44
31563,12.34
31564,8.3
31565,5.3
31566,13.83
31567,13.09
31568,8.91
31569,11.45
31570,10.0
31571,15.54
31572,14.36
31573,9.9
31574,15.96
31575,9.08
31576,10.5
31577,10.06
31578,10.4
31579,14.46
31580,11.85
31581,13.75
31582,9.0
31583,12.54
31584,9.71
31585,10.23
31586,12.48
31587,14.27
31588,9.18
31589,11.3
31590,12.29
31591,13.04
31592,10.73
31593,5.3
31594,8.45
31595,9.04
31596,9.51
31597,9.32
31598,16.78
31599,11.58
31600,13.96
31601,15.27
31602,14.07
31603,13.17
31604,13.81
31605,8.65
31606,9.5
31607,10.43
31608,12.85
31609,13.72
31610,14.96
31611,13.59
31612,11.09
31613,7.44
31614,13.42
31615,9.57
31616,11.99
31617,14.57
31618,5.3
31619,10.93
31620,11.6
31621,5.3
31622,12.0
31623,10.18
31624,12.68
31625,12.25
31626,5.3
31627,13.27
31628,13.47
31629,11.83
31630,8.49
31631,9.26
31632,9.49
31633,10.15
31634,12.34
31635,12.25
31636,9.38
31637,10.3
31638,5.3
31639,17.11
31640,15.1
31641,13.03
31642,8.45
31643,17.1
31644,8.26
31645,13.13
31646,8.83
31647,15.25
31648,7.37
31649,10.01
31650,13.88
31651,14.32
31652,9.5
31653,12.24
31654,17.57
31655,13.04
31656,9.37
31657,15.73
31658,5.78
31659,10.51
31660,12.23
31661,12.57
31662,8.47
31663,14.21
31664,13.46
31665,14.59
31666,15.49
31667,11.36
31668,12.15
31669,8.8
31670,7.6
31671,13.31
31672,15.2
31673,9.32
31674,7.88
31675,12.36
31676,9.13
31677,13.13
31678,11.55
31679,5.3
31680,14.02
31681,13.06
31682,11.2
31683,14.18
31684,10.55
31685,9.67
31686,5.3
31687,9.98
31688,8.73
31689,12.21
31690,15.06
31691,8.8
31692,14.41
31693,9.83
31694,11.12
31695,15.15
31696,12.97
31697,9.49
31698,10.2
31699,11.95
31700,9.43
31701,9.47
31702,12.53
31703,10.31
31704,12.25
31705,11.29
31706,9.5
31707,10.34
31708,13.59
31709,10.77
31710,14.87
31711,11.27
31712,10.72
31713,10.8
31714,10.51
31715,9.07
31716,9.09
31717,14.32
31718,14.46
31719,9.26
31720,8.22
31721,9.53
31722,9.1
31723,13.27
31724,14.35
31725,14.6
31726,14.56
31727,10.44
31728,9.98
31729,10.65
31730,11.7
31731,5.3
31732,15.76
31733,12.37
31734,11.14
31735,12.65
31736,13.54
31737,12.06
31738,8.8
31739,5.3
31740,13.38
31741,8.93
31742,12.5
31743,7.29
31744,9.81
31745,9.11
31746,5.3
31747,5.3
31748,10.64
31749,9.33
31750,13.85
31751,5.3
31752,14.09
31753,14.38
31754,5.3
31755,14.53
31756,9.54
31757,12.2
31758,9.54
31759,16.72
31760,9.84
31761,12.95
31762,11.5
31763,9.63
31764,11.19
31765,5.3
31766,9.61
31767,14.11
31768,9.08
31769,16.34
31770,14.35
31771,11.94
31772,13.49
31773,13.31
31774,13.25
31775,8.69
31776,16.72
31777,18.83
31778,9.4
31779,12.65
31780,11.51
31781,14.29
31782,12.73
31783,8.77
31784,10.64
31785,8.57
31786,9.32
31787,9.49
31788,9.51
31789,14.12
31790,8.77
31791,9.85
31792,9.6
31793,13.55
31794,5.3
31795,10.18
31796,15.58
31797,10.4
31798,16.26
31799,12.69
31800,15.22
31801,14.06
31802,15.3
31803,15.02
31804,12.42
31805,9.52
31806,10.63
31807,5.3
31808,13.55
31809,14.77
31810,14.01
31811,12.9
31812,12.41
31813,13.16
31814,11.85
31815,12.41
31816,12.23
31817,13.42
31818,9.07
31819,10.4
31820,8.61
31821,5.3
31822,11.25
31823,13.02
31824,11.75
31825,14.44
31826,15.18
31827,8.66
31828,9.52
31829,12.62
31830,8.55
31831,11.59
31832,13.16
31833,14.09
31834,12.41
31835,11.5
31836,12.96
31837,16.08
31838,8.63
31839,5.3
31840,14.49
31841,10.07
31842,10.4
31843,8.71
31844,9.8
31845,13.87
31846,8.46
31847,14.69
31848,9.16
31849,9.47
31850,9.08
31851,10.95
31852,13.95
31853,15.78
31854,5.3
31855,13.84
31856,10.35
31857,12.58
31858,10.61
31859,12.87
31860,9.57
31861,13.47
31862,9.47
31863,8.48
31864,15.51
31865,8.24
31866,11.1
31867,14.15
31868,13.33
31869,10.02
31870,13.19
31871,10.76
31872,10.88
31873,8.82
31874,7.48
31875,8.68
31876,9.76
31877,13.73
31878,10.1
31879,5.3
31880,12.77
31881,5.3
31882,13.66
31883,11.87
31884,12.63
31885,8.59
31886,8.54
31887,9.02
31888,10.98
31889,9.12
31890,12.19
31891,11.54
31892,8.84
31893,9.7
31894,5.3
31895,14.52
31896,18.46
31897,11.81
31898,8.71
31899,9.93
31900,12.08
31901,11.66
31902,9.8
31903,10.63
31904,11.64
31905,8.3
31906,12.41
31907,5.3
31908,17.82
31909,14.52
31910,8.1
31911,5.3
31912,10.96
31913,9.33
31914,11.73
31915,9.46
31916,12.31
31917,10.98
31918,9.62
31919,10.87
31920,9.65
31921,11.62
31922,14.97
31923,12.49
31924,5.3
31925,9.26
31926,11.05
31927,8.8
31928,16.2
31929,9.03
31930,13.99
31931,13.94
31932,10.78
31933,12.86
31934,14.96
31935,14.35
31936,11.88
31937,15.05
31938,13.37
31939,9.56
31940,16.1
31941,10.5
31942,9.26
31943,5.3
31944,9.73
31945,13.32
31946,4.95
31947,13.89
31948,8.67
31949,9.05
31950,15.94
31951,9.75
31952,5.3
31953,8.8
31954,8.74
31955,14.65
31956,15.18
31957,12.98
31958,10.06
31959,15.43
31960,15.37
31961,13.29
31962,14.67
31963,8.84
31964,9.09
31965,7.8
31966,8.22
31967,10.42
31968,11.43
31969,13.4
31970,15.83
31971,13.59
31972,9.44
31973,11.61
31974,9.48
31975,8.62
31976,12.07
31977,16.79
31978,13.44
31979,10.02
31980,8.99
31981,17.06
31982,10.69
31983,9.19
31984,9.54
31985,8.94
31986,14.7
31987,8.34
31988,10.75
31989,13.93
31990,10.78
31991,9.9
31992,9.06
31993,14.16
31994,11.13
31995,12.46
31996,13.17
31997,18.45
31998,12.98
31999,14.05
32000,15.88
32001,8.64
32002,9.3
32003,12.01
32004,5.3
32005,10.82
32006,12.52
32007,8.74
32008,14.95
32009,14.39
32010,12.55
32011,9.72
32012,12.27
32013,5.3
32014,5.3
32015,12.5
32016,14.01
32017,8.76
32018,14.16
32019,8.53
32020,7.1
32021,10.9
32022,9.87
32023,9.09
32024,12.17
32025,13.31
32026,14.35
32027,11.79
32028,12.49
32029,5.3
32030,14.41
32031,15.81
32032,9.34
32033,9.57
32034,11.63
32035,11.05
32036,12.99
32037,10.02
32038,8.62
32039,13.18
32040,14.78
32041,8.97
32042,8.96
32043,13.85
32044,8.77
32045,9.4
32046,13.89
32047,12.33
32048,11.72
32049,18.13
32050,11.24
32051,9.17
32052,8.42
32053,9.21
32054,13.69
32055,8.64
32056,14.15
32057,9.85
32058,13.93
32059,13.78
32060,8.88
32061,9.48
32062,14.39
32063,14.48
32064,12.22
32065,14.01
32066,16.5
32067,9.71
32068,12.3
32069,8.19
32070,15.63
32071,9.42
32072,13.64
32073,13.26
32074,8.52
32075,12.37
32076,9.69
32077,9.45
32078,16.68
32079,14.68
32080,15.17
32081,9.4
32082,13.89
32083,16.34
32084,15.45
32085,5.3
32086,12.53
32087,7.29
32088,15.09
32089,12.77
32090,11.44
32091,14.03
32092,9.58
32093,5.3
32094,9.05
32095,14.83
32096,13.29
32097,13.56
32098,9.16
32099,12.08
32100,8.32
32101,9.6
32102,11.56
32103,6.88
32104,8.61
32105,5.3
32106,16.11
32107,5.3
32108,10.87
32109,15.13
32110,12.06
32111,9.31
32112,18.19
32113,9.73
32114,9.62
32115,13.67
32116,6.84
32117,12.46
32118,9.83
32119,8.75
32120,10.03
32121,17.33
32122,13.66
32123,11.16
32124,8.41
32125,14.53
32126,9.52
32127,13.13
32128,12.87
32129,7.49
32130,12.17
32131,10.35
32132,4.47
32133,8.35
32134,7.99
32135,15.37
32136,11.16
32137,14.18
32138,14.67
32139,9.41
32140,7.48
32141,11.35
32142,14.8
32143,14.38
32144,12.58
32145,19.34
32146,11.68
32147,8.7
32148,13.79
32149,16.93
32150,9.32
32151,12.2
32152,12.8
32153,9.41
32154,14.0
32155,14.54
32156,5.3
32157,10.55
32158,9.41
32159,12.05
32160,9.59
32161,16.57
32162,12.98
32163,5.3
32164,11.49
32165,8.99
32166,5.3
32167,9.23
32168,5.3
32169,13.12
32170,12.92
32171,13.37
32172,10.97
32173,9.07
32174,14.12
32175,13.53
32176,9.61
32177,5.3
32178,11.16
32179,7.8
32180,9.57
32181,8.3
32182,12.69
32183,9.37
32184,16.94
32185,11.34
32186,9.01
32187,12.7
32188,10.44
32189,13.73
32190,8.84
32191,17.07
32192,11.26
32193,9.23
32194,9.69
32195,15.13
32196,12.15
32197,5.3
32198,12.79
32199,8.69
32200,8.85
32201,16.13
32202,13.95
32203,9.63
32204,9.33
32205,9.42
32206,9.35
32207,11.98
32208,9.32
32209,15.36
32210,9.2
32211,10.37
32212,8.59
32213,13.87
32214,13.91
32215,5.3
32216,13.86
32217,5.3
32218,13.96
32219,8.87
32220,14.74
32221,10.0
32222,8.86
32223,12.09
32224,14.04
32225,5.3
32226,8.36
32227,10.68
32228,13.44
32229,14.25
32230,9.41
32231,9.64
32232,13.79
32233,9.11
32234,11.97
32235,10.17
32236,13.02
32237,11.97
32238,11.99
32239,12.75
32240,9.9
32241,9.66
32242,16.11
32243,15.37
32244,12.65
32245,15.4
32246,8.25
32247,14.27
32248,11.22
32249,13.88
32250,14.51
32251,11.75
32252,14.06
32253,13.81
32254,14.35
32255,5.3
32256,14.74
32257,14.67
32258,11.52
32259,5.3
32260,9.2
32261,9.21
32262,13.34
32263,16.37
32264,13.83
32265,5.3
32266,10.06
32267,13.16
32268,9.58
32269,15.71
32270,12.99
32271,12.76
32272,16.06
32273,8.87
32274,8.78
32275,9.73
32276,10.84
32277,10.42
32278,5.3
32279,11.81
32280,14.43
32281,10.22
32282,12.71
32283,11.91
32284,9.67
32285,8.32
32286,9.87
32287,9.93
32288,18.21
32289,5.3
32290,11.14
32291,9.96
32292,9.77
32293,9.83
32294,9.27
32295,9.67
32296,14.0
32297,10.31
32298,14.97
32299,15.11
32300,14.38
32301,11.72
32302,13.84
32303,11.04
32304,9.62
32305,5.3
32306,9.15
32307,12.12
32308,5.3
32309,17.89
32310,9.9
32311,12.98
32312,12.72
32313,12.47
32314,13.48
32315,9.9
32316,15.97
32317,13.39
32318,13.59
32319,13.58
32320,14.59
32321,16.07
32322,12.35
32323,13.13
32324,9.6
32325,8.86
32326,14.16
32327,10.88
32328,9.1
32329,7.38
32330,12.34
32331,8.53
32332,8.92
32333,15.17
32334,5.3
32335,9.6
32336,14.39
32337,14.91
32338,11.92
32339,5.3
32340,9.53
32341,17.09
32342,13.58
32343,5.3
32344,14.7
32345,14.25
32346,14.48
32347,13.58
32348,14.44
32349,9.37
32350,11.88
32351,9.65
32352,13.92
32353,14.05
32354,8.96
32355,8.41
32356,9.02
32357,14.61
32358,14.22
32359,9.86
32360,9.18
32361,5.3
32362,11.34
32363,10.29
32364,9.3
32365,12.45
32366,9.55
32367,9.34
32368,8.32
32369,11.75
32370,13.49
32371,13.23
32372,11.18
32373,5.3
32374,14.53
32375,10.24
32376,10.23
32377,9.36
32378,9.67
32379,13.66
32380,17.95
32381,11.36
32382,13.71
32383,13.12
32384,12.52
32385,10.82
32386,10.04
32387,11.45
32388,10.94
32389,13.77
32390,15.17
32391,7.22
32392,11.09
32393,10.88
32394,14.36
32395,12.64
32396,11.79
32397,17.97
32398,8.96
32399,13.11
32400,10.85
32401,10.44
32402,11.92
32403,14.89
32404,12.09
32405,15.72
32406,5.3
32407,12.58
32408,9.79
32409,12.37
32410,9.27
32411,14.85
32412,14.21
32413,8.72
32414,13.11
32415,5.3
32416,5.3
32417,9.3
32418,13.92
32419,8.59
32420,14.56
32421,8.81
32422,14.04
32423,9.62
32424,8.73
32425,14.18
32426,11.13
32427,8.35
32428,11.58
32429,9.03
32430,10.12
32431,11.88
32432,12.42
32433,15.28
32434,13.72
32435,14.36
32436,5.3
32437,5.3
32438,14.12
32439,9.45
32440,12.09
32441,11.98
32442,7.71
32443,13.81
32444,15.55
32445,10.84
32446,14.48
32447,12.2
32448,15.93
32449,10.55
32450,9.76
32451,13.15
32452,9.36
32453,11.03
32454,16.0
32455,10.11
32456,5.91
32457,8.38
32458,14.05
32459,15.32
32460,12.32
32461,13.59
32462,14.11
32463,15.19
32464,8.6
32465,14.2
32466,9.52
32467,5.3
32468,8.65
32469,12.08
32470,12.28
32471,9.55
32472,13.9
32473,8.65
32474,9.94
32475,15.09
32476,13.49
32477,16.65
32478,13.05
32479,15.42
32480,8.22
32481,14.04
32482,9.17
32483,9.22
32484,5.3
32485,15.58
32486,8.79
32487,5.3
32488,13.77
32489,10.88
32490,10.29
32491,11.31
32492,8.88
32493,9.66
32494,10.0
32495,9.54
32496,12.11
32497,15.67
32498,5.3
32499,14.04
32500,5.3
32501,15.57
32502,12.08
32503,13.88
32504,9.14
32505,8.51
32506,9.58
32507,9.37
32508,8.35
32509,14.9
32510,12.41
32511,15.31
32512,5.3
32513,9.0
32514,13.32
32515,12.74
32516,9.24
32517,9.54
32518,5.3
32519,13.97
32520,9.69
32521,8.91
32522,9.47
32523,12.99
32524,15.06
32525,13.94
32526,8.75
32527,13.92
32528,12.27
32529,8.7
32530,10.44
32531,10.22
32532,10.97
32533,14.55
32534,12.61
32535,5.3
32536,14.33
32537,15.93
32538,14.13
32539,12.05
32540,5.3
32541,13.22
32542,10.29
32543,9.95
32544,7.55
32545,9.24
32546,9.03
32547,10.38
32548,13.83
32549,9.81
32550,13.92
32551,11.02
32552,10.83
32553,13.12
32554,5.3
32555,16.16
32556,11.59
32557,13.37
32558,13.99
32559,14.38
32560,12.33
32561,12.1
32562,6.26
32563,9.98
32564,14.28
32565,11.55
32566,14.76
32567,10.39
32568,10.41
32569,9.55
32570,10.44
32571,13.63
32572,9.11
32573,12.08
32574,5.3
32575,5.3
32576,13.16
32577,5.3
32578,13.68
32579,12.4
32580,15.86
32581,11.05
32582,9.02
32583,13.98
32584,9.79
32585,5.3
32586,7.08
32587,16.41
32588,9.47
32589,9.54
32590,14.62
32591,8.43
32592,11.81
32593,11.93
32594,15.27
32595,9.44
32596,16.48
32597,12.3
32598,10.73
32599,14.32
32600,13.23
32601,11.46
32602,8.96
32603,5.3
32604,7.18
32605,16.91
32606,10.05
32607,14.51
32608,8.4
32609,13.81
32610,14.83
32611,9.15
32612,11.78
32613,11.33
32614,14.08
32615,9.05
32616,12.92
32617,14.66
32618,5.3
32619,15.34
32620,11.74
32621,14.2
32622,9.63
32623,8.98
32624,12.07
32625,14.29
32626,13.52
32627,9.48
32628,10.67
32629,9.06
32630,14.62
32631,10.56
32632,8.76
32633,12.11
32634,15.1
32635,11.5
32636,12.87
32637,12.15
32638,15.76
32639,11.14
32640,8.84
32641,14.9
32642,9.51
32643,14.85
32644,14.17
32645,12.77
32646,9.28
32647,13.03
32648,12.03
32649,16.3
32650,12.06
32651,8.26
32652,12.53
32653,14.82
32654,17.56
32655,9.71
32656,8.34
32657,9.42
32658,8.62
32659,11.15
32660,9.5
32661,14.73
32662,12.82
32663,11.14
32664,9.45
32665,9.51
32666,8.6
32667,10.01
32668,5.3
32669,13.11
32670,10.43
32671,11.34
32672,8.17
32673,9.52
32674,12.59
32675,11.27
32676,8.63
32677,15.12
32678,9.21
32679,14.15
32680,8.66
32681,8.88
32682,9.98
32683,12.0
32684,8.75
32685,8.8
32686,13.47
32687,10.4
32688,9.67
32689,9.76
32690,11.84
32691,13.54
32692,11.36
32693,9.82
32694,13.39
32695,13.3
32696,8.34
32697,15.65
32698,13.68
32699,13.63
32700,10.31
32701,13.7
32702,14.33
32703,12.97
32704,12.14
32705,5.3
32706,9.29
32707,12.39
32708,12.43
32709,5.3
32710,9.91
32711,11.66
32712,9.35
32713,8.13
32714,11.42
32715,9.19
32716,14.08
32717,12.77
32718,13.28
32719,13.65
32720,13.93
32721,12.22
32722,10.76
32723,12.16
32724,13.73
32725,9.12
32726,10.38
32727,14.15
32728,11.86
32729,9.23
32730,11.39
32731,13.36
32732,8.88
32733,9.12
32734,9.88
32735,13.11
32736,9.04
32737,10.04
32738,12.03
32739,13.61
32740,10.06
32741,13.22
32742,14.36
32743,13.98
32744,11.71
32745,11.25
32746,17.44
32747,10.25
32748,15.19
32749,13.88
32750,16.19
32751,16.28
32752,10.07
32753,12.6
32754,9.61
32755,14.21
32756,10.94
32757,10.42
32758,11.38
32759,13.81
32760,11.11
32761,12.13
32762,16.53
32763,10.9
32764,15.68
32765,5.3
32766,13.44
32767,12.22
32768,14.31
32769,5.3
32770,13.95
32771,8.06
32772,11.98
32773,12.91
32774,13.08
32775,13.91
32776,9.73
32777,9.38
32778,11.04
32779,14.71
32780,8.83
32781,15.97
32782,12.72
32783,5.3
32784,9.72
32785,5.3
32786,14.72
32787,8.73
32788,8.59
32789,15.83
32790,13.16
32791,11.41
32792,8.35
32793,8.81
32794,5.3
32795,17.59
32796,8.66
32797,13.46
32798,8.11
32799,11.13
32800,15.79
32801,9.28
32802,9.29
32803,14.07
32804,12.37
32805,9.46
32806,13.97
32807,12.78
32808,13.7
32809,10.22
32810,13.37
32811,9.64
32812,8.16
32813,8.69
32814,13.54
32815,11.47
32816,9.45
32817,14.72
32818,8.89
32819,12.25
32820,8.17
32821,12.13
32822,11.61
32823,9.92
32824,13.21
32825,14.02
32826,10.26
32827,14.75
32828,13.87
32829,11.41
32830,5.3
32831,10.6
32832,10.62
32833,13.9
32834,13.91
32835,11.74
32836,11.88
32837,14.85
32838,9.32
32839,13.72
32840,17.74
32841,13.77
32842,10.14
32843,5.3
32844,8.88
32845,13.31
32846,13.94
32847,12.35
32848,9.24
32849,16.01
32850,11.65
32851,9.74
32852,8.87
32853,11.9
32854,11.91
32855,11.32
32856,7.98
32857,11.33
32858,15.94
32859,13.45
32860,10.24
32861,12.77
32862,18.39
32863,9.56
32864,12.82
32865,5.3
32866,14.46
32867,8.5
32868,10.13
32869,5.3
32870,8.07
32871,8.95
32872,13.47
32873,5.3
32874,12.44
32875,9.67
32876,15.34
32877,14.18
32878,8.44
32879,9.25
32880,8.98
32881,12.83
32882,12.72
32883,13.73
32884,9.09
32885,13.83
32886,8.86
32887,9.1
32888,9.61
32889,13.37
32890,10.87
32891,11.9
32892,9.36
32893,10.54
32894,11.92
32895,9.84
32896,12.64
32897,10.6
32898,13.99
32899,13.48
32900,5.3
32901,11.76
32902,13.3
32903,12.2
32904,14.14
32905,14.71
32906,13.9
32907,13.09
32908,12.18
32909,8.89
32910,10.68
32911,16.21
32912,8.97
32913,11.59
32914,13.61
32915,13.5
32916,9.43
32917,12.76
32918,14.33
32919,9.88
32920,8.56
32921,18.48
32922,13.05
32923,12.26
32924,9.15
32925,13.98
32926,15.94
32927,9.67
32928,13.92
32929,10.29
32930,12.99
32931,11.99
32932,9.06
32933,8.84
32934,10.72
32935,5.3
32936,11.05
32937,13.39
32938,8.21
32939,13.59
32940,5.3
32941,14.57
32942,8.88
32943,8.24
32944,14.45
32945,9.4
32946,9.62
32947,14.46
32948,11.77
32949,11.4
32950,14.14
32951,12.14
32952,11.0
32953,9.57
32954,10.25
32955,9.58
32956,12.91
32957,5.3
32958,9.8
32959,14.48
32960,11.43
32961,15.66
32962,12.92
32963,9.46
32964,15.0
32965,13.8
32966,8.61
32967,8.48
32968,6.63
32969,15.41
32970,9.63
32971,12.78
32972,12.59
32973,16.62
32974,5.3
32975,9.94
32976,13.59
32977,13.75
32978,13.04
32979,13.74
32980,13.49
32981,9.52
32982,14.67
32983,13.49
32984,14.13
32985,9.47
32986,8.98
32987,9.07
32988,5.3
32989,5.3
32990,9.1
32991,13.32
32992,12.95
32993,11.39
32994,12.39
32995,9.05
32996,12.04
32997,8.74
32998,15.06
32999,13.59
33000,12.07
33001,9.72
33002,12.8
33003,11.76
33004,10.79
33005,11.08
33006,14.34
33007,14.37
33008,5.3
33009,13.95
33010,13.93
33011,8.62
33012,12.94
33013,8.86
33014,14.94
33015,9.1
33016,14.07
33017,12.56
33018,9.57
33019,9.22
33020,14.35
33021,11.03
33022,8.31
33023,10.35
33024,14.22
33025,10.92
33026,12.94
33027,15.75
33028,13.2
33029,9.44
33030,13.97
33031,10.37
33032,13.86
33033,5.3
33034,13.36
33035,9.74
33036,9.03
33037,9.71
33038,11.23
33039,8.92
33040,11.55
33041,15.25
33042,13.77
33043,5.3
33044,13.1
33045,14.03
33046,13.74
33047,5.3
33048,13.91
33049,10.45
33050,9.65
33051,12.83
33052,8.71
33053,5.3
33054,12.36
33055,12.81
33056,14.22
33057,13.6
33058,11.78
33059,14.86
33060,15.03
33061,9.04
33062,9.49
33063,16.51
33064,5.3
33065,18.12
33066,8.58
33067,15.13
33068,13.79
33069,15.55
33070,13.24
33071,12.95
33072,5.3
33073,9.56
33074,14.18
33075,5.3
33076,13.77
33077,5.3
33078,8.47
33079,9.22
33080,8.22
33081,12.7
33082,15.23
33083,11.91
33084,16.16
33085,13.01
33086,13.89
33087,10.56
33088,11.54
33089,9.56
33090,12.9
33091,12.95
33092,9.21
33093,5.3
33094,5.3
33095,5.3
33096,5.3
33097,15.49
33098,13.45
33099,7.41
33100,5.3
33101,17.49
33102,14.98
33103,9.17
33104,13.1
33105,9.84
33106,9.75
33107,16.33
33108,14.26
33109,10.18
33110,9.94
33111,7.99
33112,5.3
33113,9.14
33114,9.25
33115,14.17
33116,9.14
33117,14.36
33118,5.3
33119,9.85
33120,14.25
33121,14.72
33122,14.78
33123,5.3
33124,11.41
33125,15.16
33126,11.3
33127,9.01
33128,11.81
33129,13.6
33130,12.81
33131,11.56
33132,9.56
33133,12.59
33134,12.99
33135,13.22
33136,15.04
33137,10.4
33138,14.62
33139,14.44
33140,9.95
33141,5.3
33142,10.28
33143,13.83
33144,9.94
33145,14.94
33146,12.23
33147,11.77
33148,9.13
33149,8.69
33150,13.34
33151,16.87
33152,13.44
33153,5.3
33154,11.43
33155,11.16
33156,9.38
33157,5.3
33158,15.52
33159,16.1
33160,12.09
33161,11.67
33162,12.63
33163,13.7
33164,15.54
33165,8.71
33166,15.19
33167,13.27
33168,12.37
33169,10.18
33170,16.98
33171,12.47
33172,12.97
33173,10.92
33174,9.92
33175,13.29
33176,5.3
33177,9.44
33178,9.14
33179,9.09
33180,8.62
33181,11.04
33182,8.87
33183,8.38
33184,13.15
33185,8.55
33186,8.7
33187,14.57
33188,5.3
33189,9.13
33190,10.1
33191,12.13
33192,16.84
33193,6.3
33194,9.63
33195,15.58
33196,14.12
33197,13.82
33198,16.52
33199,11.34
33200,9.19
33201,18.02
33202,9.02
33203,5.3
33204,5.3
33205,16.78
33206,15.2
33207,14.01
33208,9.41
33209,9.37
33210,10.84
33211,12.96
33212,10.09
33213,15.15
33214,13.94
33215,9.16
33216,14.61
33217,11.38
33218,13.93
33219,14.18
33220,10.49
33221,9.35
33222,12.51
33223,15.12
33224,15.07
33225,14.41
33226,11.52
33227,14.0
33228,15.16
33229,12.9
33230,5.3
33231,15.96
33232,9.17
33233,10.91
33234,14.19
33235,13.94
33236,13.68
33237,16.07
33238,9.44
33239,9.73
33240,9.59
33241,12.66
33242,13.74
33243,13.27
33244,13.32
33245,10.37
33246,11.58
33247,13.93
33248,11.18
33249,13.1
33250,13.97
33251,13.73
33252,13.74
33253,9.5
33254,9.26
33255,7.78
33256,12.99
33257,14.21
33258,13.28
33259,5.3
33260,11.44
33261,12.5
33262,14.65
33263,14.26
33264,8.18
33265,13.31
33266,11.16
33267,5.3
33268,5.3
33269,13.27
33270,10.38
33271,13.44
33272,13.09
33273,5.3
33274,6.16
33275,13.45
33276,18.74
33277,13.58
33278,15.16
33279,15.15
33280,14.53
33281,8.55
33282,10.36
33283,15.29
33284,13.43
33285,5.3
33286,13.11
33287,10.53
33288,5.3
33289,11.43
33290,14.28
33291,9.34
33292,13.95
33293,9.59
33294,7.96
33295,13.54
33296,13.21
33297,13.2
33298,12.86
33299,13.64
33300,13.97
33301,15.1
33302,11.18
33303,13.26
33304,12.2
33305,9.62
33306,8.84
33307,14.39
33308,16.57
33309,11.01
33310,5.3
33311,14.38
33312,5.3
33313,10.88
33314,15.94
33315,5.3
33316,14.88
33317,13.69
33318,13.71
33319,9.22
33320,12.61
33321,10.73
33322,15.95
33323,9.39
33324,12.77
33325,8.74
33326,12.61
33327,14.19
33328,11.17
33329,9.53
33330,13.69
33331,12.66
33332,11.59
33333,9.51
33334,8.4
33335,9.74
33336,8.52
33337,9.13
33338,15.81
33339,14.17
33340,8.6
33341,13.63
33342,14.47
33343,14.21
33344,12.08
33345,13.66
33346,13.11
33347,13.7
33348,11.94
33349,17.47
33350,9.67
33351,13.72
33352,5.3
33353,5.3
33354,13.82
33355,8.55
33356,13.72
33357,9.38
33358,10.35
33359,9.51
33360,16.28
33361,15.02
33362,13.54
33363,5.3
33364,12.11
33365,5.3
33366,9.51
33367,12.58
33368,13.77
33369,5.3
33370,13.84
33371,13.13
33372,9.07
33373,13.59
33374,14.75
33375,14.19
33376,11.55
33377,14.53
33378,11.32
33379,13.95
33380,10.05
33381,13.85
33382,10.37
33383,9.71
33384,13.8
33385,11.22
33386,13.32
33387,9.71
33388,8.18
33389,13.63
33390,13.96
33391,8.59
33392,8.51
33393,9.3
33394,14.62
33395,8.85
33396,10.44
33397,13.44
33398,15.35
33399,12.13
33400,12.57
33401,14.54
33402,5.3
33403,13.23
33404,11.82
33405,16.59
33406,8.63
33407,10.6
33408,10.3
33409,8.37
33410,13.97
33411,13.02
33412,12.11
33413,13.45
33414,16.13
33415,5.3
33416,11.07
33417,16.08
33418,14.35
33419,9.81
33420,17.85
33421,9.27
33422,9.25
33423,8.39
33424,9.58
33425,14.36
33426,13.33
33427,5.3
33428,8.95
33429,14.96
33430,5.3
33431,11.45
33432,14.65
33433,5.3
33434,13.87
33435,10.6
33436,14.58
33437,17.55
33438,11.06
33439,11.12
33440,14.25
33441,12.34
33442,8.11
33443,10.22
33444,12.86
33445,14.12
33446,8.97
33447,13.87
33448,10.61
33449,12.13
33450,13.92
33451,18.62
33452,7.74
33453,12.56
33454,13.97
33455,15.05
33456,14.65
33457,13.17
33458,10.93
33459,10.68
33460,14.37
33461,12.39
33462,12.1
33463,5.3
33464,13.21
33465,5.3
33466,16.6
33467,8.71
33468,15.3
33469,14.41
33470,12.63
33471,15.42
33472,13.62
33473,14.4
33474,16.61
33475,14.05
33476,9.4
33477,5.3
33478,13.93
33479,9.18
33480,9.74
33481,13.55
33482,5.3
33483,11.33
33484,13.12
33485,15.31
33486,7.66
33487,13.73
33488,12.77
33489,5.3
33490,10.85
33491,9.34
33492,14.47
33493,13.32
33494,9.01
33495,14.71
33496,9.53
33497,13.53
33498,14.16
33499,12.55
33500,9.06
33501,8.59
33502,14.29
33503,9.79
33504,9.64
33505,9.26
33506,10.95
33507,12.87
33508,18.51
33509,14.68
33510,13.99
33511,5.3
33512,10.72
33513,13.35
33514,13.78
33515,5.3
33516,5.3
33517,8.8
33518,9.33
33519,10.14
33520,14.02
33521,5.3
33522,8.88
33523,14.76
33524,12.3
33525,12.88
33526,9.55
33527,9.27
33528,12.65
33529,9.03
33530,13.19
33531,14.12
33532,13.4
33533,13.59
33534,10.8
33535,14.93
33536,14.8
33537,12.21
33538,9.06
33539,13.13
33540,12.27
33541,13.46
33542,13.33
33543,15.32
33544,14.75
33545,9.44
33546,10.02
33547,10.68
33548,17.36
33549,13.17
33550,12.43
33551,12.19
33552,17.65
33553,13.5
33554,9.56
33555,9.24
33556,15.17
33557,13.12
33558,11.75
33559,15.77
33560,11.41
33561,14.52
33562,9.48
33563,14.53
33564,15.2
33565,8.69
33566,13.5
33567,9.48
33568,10.52
33569,13.88
33570,13.14
33571,10.67
33572,9.91
33573,16.55
33574,14.16
33575,12.5
33576,12.06
33577,10.45
33578,5.3
33579,13.91
33580,9.86
33581,10.84
33582,10.16
33583,8.64
33584,10.64
33585,5.3
33586,13.74
33587,16.33
33588,8.63
33589,18.34
33590,14.32
33591,7.26
33592,17.07
33593,12.46
33594,10.61
33595,12.05
33596,14.33
33597,11.53
33598,12.82
33599,9.65
33600,10.11
33601,10.5
33602,16.02
33603,16.04
33604,9.41
33605,9.49
33606,10.96
33607,14.1
33608,9.5
33609,14.19
33610,14.23
33611,16.34
33612,16.54
33613,9.44
33614,12.02
33615,10.2
33616,8.75
33617,13.82
33618,10.98
33619,9.89
33620,15.39
33621,15.15
33622,10.33
33623,15.05
33624,9.07
33625,13.78
33626,14.04
33627,10.56
33628,8.62
33629,15.07
33630,13.28
33631,9.33
33632,9.41
33633,14.28
33634,13.45
33635,14.69
33636,9.54
33637,13.49
33638,5.3
33639,13.93
33640,9.45
33641,10.81
33642,13.98
33643,10.68
33644,14.84
33645,15.71
33646,17.23
33647,17.86
33648,11.85
33649,9.42
33650,11.18
33651,8.31
33652,14.25
33653,9.19
33654,14.63
33655,10.44
33656,13.48
33657,13.16
33658,14.93
33659,9.18
33660,5.3
33661,13.74
33662,9.32
33663,13.5
33664,14.1
33665,15.05
33666,5.3
33667,8.61
33668,9.45
33669,5.3
33670,5.3
33671,9.88
33672,12.56
33673,13.91
33674,5.3
33675,12.85
33676,11.11
33677,9.09
33678,10.77
33679,8.5
33680,13.39
33681,13.29
33682,9.49
33683,12.6
33684,15.55
33685,13.23
33686,11.07
33687,10.98
33688,13.18
33689,14.09
33690,9.25
33691,9.14
33692,15.31
33693,14.89
33694,12.41
33695,13.91
33696,12.06
33697,13.88
33698,13.93
33699,12.16
33700,9.56
33701,14.58
33702,12.86
33703,9.13
33704,9.96
33705,13.27
33706,7.98
33707,9.14
33708,8.57
33709,19.69
33710,15.65
33711,13.97
33712,13.59
33713,14.04
33714,5.3
33715,15.2
33716,15.52
33717,11.57
33718,17.11
33719,12.12
33720,16.9
33721,6.81
33722,16.05
33723,12.14
33724,12.34
33725,13.87
33726,9.64
33727,12.69
33728,13.12
33729,5.3
33730,13.34
33731,13.85
33732,8.81
33733,5.3
33734,13.11
33735,9.84
33736,12.44
33737,17.17
33738,13.57
33739,15.65
33740,8.93
33741,12.21
33742,10.25
33743,10.85
33744,13.64
33745,9.57
33746,16.42
33747,14.16
33748,14.05
33749,14.96
33750,13.31
33751,5.3
33752,12.75
33753,7.91
33754,7.58
33755,8.54
33756,8.51
33757,14.13
33758,7.81
33759,11.19
33760,11.64
33761,14.06
33762,15.43
33763,12.42
33764,12.95
33765,15.19
33766,12.95
33767,5.3
33768,9.18
33769,11.07
33770,8.71
33771,7.77
33772,13.15
33773,13.64
33774,12.77
33775,6.39
33776,12.98
33777,14.9
33778,12.29
33779,9.35
33780,10.52
33781,16.6
33782,14.47
33783,11.85
33784,14.41
33785,5.3
33786,13.81
33787,13.73
33788,13.78
33789,10.68
33790,8.63
33791,15.04
33792,10.36
33793,15.13
33794,10.06
33795,8.27
33796,10.68
33797,10.44
33798,13.99
33799,12.62
33800,5.3
33801,7.87
33802,13.21
33803,12.98
33804,9.65
33805,14.07
33806,15.12
33807,14.96
33808,8.51
33809,15.5
33810,12.35
33811,14.44
33812,9.12
33813,5.3
33814,13.94
33815,14.16
33816,14.75
33817,9.5
33818,9.73
33819,13.49
33820,10.61
33821,9.06
33822,8.64
33823,9.26
33824,12.16
33825,11.23
33826,10.06
33827,11.22
33828,13.52
33829,13.79
33830,5.3
33831,14.4
33832,15.25
33833,11.32
33834,10.44
33835,13.28
33836,5.3
33837,15.65
33838,5.3
33839,8.9
33840,10.85
33841,12.77
33842,14.09
33843,8.68
33844,11.11
33845,11.66
33846,8.94
33847,16.04
33848,11.04
33849,9.04
33850,10.23
33851,9.41
33852,12.56
33853,12.99
33854,17.48
33855,11.94
33856,11.13
33857,9.58
33858,14.07
33859,15.56
33860,9.77
33861,13.7
33862,10.59
33863,11.33
33864,5.3
33865,14.74
33866,8.4
33867,11.83
33868,14.25
33869,11.11
33870,14.72
33871,5.3
33872,14.0
33873,10.46
33874,14.39
33875,9.61
33876,5.3
33877,14.09
33878,14.29
33879,13.28
33880,13.75
33881,8.56
33882,10.5
33883,14.14
33884,13.97
33885,11.15
33886,14.41
33887,13.95
33888,8.99
33889,10.19
33890,13.66
33891,8.88
33892,8.08
33893,13.7
33894,8.7
33895,14.96
33896,12.37
33897,9.55
33898,12.31
33899,13.83
33900,13.3
33901,11.04
33902,14.08
33903,9.25
33904,12.04
33905,14.38
33906,15.89
33907,9.25
33908,17.48
33909,5.3
33910,13.42
33911,9.57
33912,8.72
33913,11.33
33914,10.9
33915,13.49
33916,12.17
33917,11.71
33918,15.27
33919,13.76
33920,9.6
33921,9.66
33922,12.29
33923,8.52
33924,10.52
33925,10.56
33926,11.62
33927,9.34
33928,5.3
33929,10.96
33930,15.08
33931,12.08
33932,13.38
33933,9.76
33934,8.78
33935,16.41
33936,14.57
33937,9.7
33938,9.16
33939,14.19
33940,14.05
33941,13.9
33942,8.68
33943,13.5
33944,11.3
33945,8.83
33946,9.66
33947,5.3
33948,13.02
33949,14.31
33950,14.23
33951,13.43
33952,11.05
33953,8.63
33954,14.84
33955,14.11
33956,13.92
33957,12.95
33958,14.17
33959,11.68
33960,9.84
33961,14.14
33962,5.3
33963,8.07
33964,10.52
33965,13.59
33966,5.3
33967,11.43
33968,15.54
33969,12.14
33970,5.3
33971,13.5
33972,9.71
33973,13.43
33974,16.09
33975,14.88
33976,12.54
33977,9.95
33978,12.48
33979,9.5
33980,13.27
33981,11.6
33982,14.2
33983,9.36
33984,13.13
33985,14.26
33986,9.53
33987,13.94
33988,17.99
33989,17.23
33990,11.05
33991,9.23
33992,9.36
33993,14.08
33994,14.14
33995,9.66
33996,13.14
33997,9.09
33998,13.88
33999,8.32
34000,8.56
34001,11.86
34002,15.03
34003,12.88
34004,5.3
34005,14.54
34006,9.58
34007,13.77
34008,10.12
34009,13.52
34010,9.97
34011,11.35
34012,9.42
34013,8.69
34014,8.66
34015,14.22
34016,13.82
34017,12.37
34018,13.74
34019,14.2
34020,5.3
34021,12.52
34022,13.06
34023,9.16
34024,8.16
34025,13.56
34026,15.73
34027,9.59
34028,13.71
34029,15.22
34030,10.71
34031,10.1
34032,12.46
34033,9.51
34034,13.91
34035,11.98
34036,14.52
34037,8.99
34038,9.44
34039,12.35
34040,14.12
34041,11.37
34042,13.58
34043,14.29
34044,10.42
34045,10.84
34046,13.53
34047,11.92
34048,13.77
34049,14.01
34050,9.34
34051,15.65
34052,11.92
34053,17.92
34054,9.35
34055,13.81
34056,13.65
34057,9.91
34058,10.59
34059,13.52
34060,15.9
34061,11.64
34062,9.51
34063,10.09
34064,14.76
34065,5.3
34066,9.6
34067,14.42
34068,13.92
34069,12.14
34070,13.21
34071,12.42
34072,14.16
34073,14.19
34074,15.02
34075,9.39
34076,14.86
34077,7.99
34078,12.71
34079,11.64
34080,5.3
34081,9.51
34082,14.35
34083,8.87
34084,13.97
34085,9.87
34086,7.72
34087,9.45
34088,14.06
34089,10.95
34090,15.2
34091,8.85
34092,11.59
34093,9.62
34094,9.16
34095,14.11
34096,8.49
34097,5.3
34098,9.96
34099,13.55
34100,11.35
34101,10.24
34102,17.24
34103,8.85
34104,9.81
34105,12.43
34106,9.33
34107,13.88
34108,15.37
34109,9.96
34110,12.4
34111,13.24
34112,12.14
34113,11.67
34114,14.02
34115,5.3
34116,12.46
34117,7.0
34118,13.7
34119,13.72
34120,10.47
34121,13.82
34122,13.27
34123,6.55
34124,12.46
34125,12.54
34126,14.38
34127,5.3
34128,13.59
34129,9.62
34130,13.45
34131,7.42
34132,13.24
34133,11.74
34134,13.88
34135,9.43
34136,9.54
34137,18.75
34138,5.3
34139,18.57
34140,12.75
34141,13.9
34142,12.61
34143,10.83
34144,12.55
34145,12.74
34146,11.85
34147,5.3
34148,13.63
34149,13.13
34150,8.73
34151,12.48
34152,10.45
34153,8.88
34154,11.58
34155,11.4
34156,5.3
34157,12.87
34158,8.88
34159,13.24
34160,12.3
34161,9.18
34162,14.3
34163,12.68
34164,13.24
34165,14.71
34166,15.1
34167,8.83
34168,12.28
34169,11.1
34170,13.8
34171,12.6
34172,9.27
34173,8.57
34174,13.44
34175,8.91
34176,11.47
34177,17.22
34178,9.84
34179,14.05
34180,11.07
34181,14.35
34182,5.3
34183,10.26
34184,9.7
34185,9.71
34186,13.38
34187,15.36
34188,10.49
34189,12.0
34190,9.55
34191,14.16
34192,16.12
34193,17.04
34194,12.75
34195,11.07
34196,5.3
34197,8.74
34198,9.94
34199,8.65
34200,9.25
34201,13.07
34202,13.31
34203,10.67
34204,14.07
34205,14.97
34206,9.69
34207,7.83
34208,18.69
34209,5.3
34210,8.99
34211,14.59
34212,9.63
34213,9.7
34214,14.48
34215,15.32
34216,13.41
34217,10.42
34218,13.79
34219,14.26
34220,14.62
34221,13.58
34222,8.49
34223,12.16
34224,8.98
34225,8.82
34226,13.65
34227,16.37
34228,12.18
34229,12.13
34230,11.57
34231,9.46
34232,17.39
34233,9.63
34234,10.06
34235,5.3
34236,16.34
34237,12.35
34238,11.07
34239,8.35
34240,9.39
34241,9.0
34242,14.37
34243,8.38
34244,12.34
34245,8.27
34246,11.89
34247,14.61
34248,10.2
34249,10.96
34250,9.28
34251,13.9
34252,15.27
34253,11.58
34254,8.57
34255,13.43
34256,13.76
34257,8.82
34258,5.3
34259,13.89
34260,9.57
34261,14.24
34262,11.7
34263,14.53
34264,14.13
34265,5.3
34266,14.4
34267,14.93
34268,10.98
34269,11.82
34270,5.3
34271,14.88
34272,10.13
34273,10.97
34274,18.14
34275,13.85
34276,12.86
34277,13.53
34278,8.27
34279,10.42
34280,12.9
34281,11.35
34282,8.05
34283,9.59
34284,9.83
34285,10.14
34286,10.2
34287,8.81
34288,13.97
34289,9.32
34290,15.66
34291,14.22
34292,13.42
34293,6.62
34294,18.17
34295,13.61
34296,13.6
34297,9.35
34298,8.62
34299,14.13
34300,13.43
34301,10.43
34302,12.72
34303,10.28
34304,13.83
34305,4.71
34306,10.29
34307,9.59
34308,5.3
34309,13.74
34310,12.36
34311,11.54
34312,13.42
34313,12.42
34314,15.78
34315,15.14
34316,11.85
34317,8.49
34318,11.27
34319,10.91
34320,13.42
34321,9.66
34322,13.85
34323,5.3
34324,11.61
34325,17.13
34326,15.3
34327,5.3
34328,11.76
34329,13.6
34330,8.72
34331,8.73
34332,13.36
34333,13.4
34334,10.87
34335,9.02
34336,8.71
34337,11.42
34338,14.67
34339,13.32
34340,10.88
34341,10.55
34342,13.57
34343,13.03
34344,13.54
34345,8.66
34346,13.69
34347,11.5
34348,9.46
34349,9.48
34350,15.24
34351,13.84
34352,9.71
34353,9.53
34354,15.58
34355,11.17
34356,14.29
34357,9.63
34358,10.67
34359,15.22
34360,9.18
34361,9.28
34362,13.49
34363,9.1
34364,11.65
34365,11.03
34366,14.32
34367,13.59
34368,9.2
34369,13.73
34370,5.3
34371,5.3
34372,12.16
34373,8.98
34374,12.47
34375,15.54
34376,7.27
34377,11.34
34378,15.02
34379,13.87
34380,12.43
34381,13.67
34382,13.93
34383,13.43
34384,12.41
34385,12.26
34386,14.68
34387,10.62
34388,14.29
34389,12.79
34390,10.19
34391,8.46
34392,13.34
34393,13.66
34394,13.01
34395,9.69
34396,15.04
34397,11.02
34398,11.31
34399,17.13
34400,8.89
34401,13.86
34402,11.76
34403,15.33
34404,8.58
34405,8.93
34406,8.74
34407,14.23
34408,12.99
34409,9.09
34410,11.59
34411,15.06
34412,13.67
34413,11.94
34414,9.8
34415,8.84
34416,12.3
34417,8.37
34418,10.87
34419,9.04
34420,15.94
34421,8.77
34422,10.56
34423,14.2
34424,10.54
34425,13.19
34426,9.71
34427,14.26
34428,10.5
34429,14.02
34430,10.01
34431,8.79
34432,14.49
34433,13.43
34434,11.48
34435,10.89
34436,9.12
34437,13.93
34438,10.06
34439,12.42
34440,8.34
34441,15.73
34442,11.23
34443,5.3
34444,13.06
34445,9.69
34446,9.6
34447,12.32
34448,15.74
34449,8.58
34450,14.82
34451,11.03
34452,8.92
34453,17.91
34454,9.86
34455,5.3
34456,12.9
34457,12.09
34458,13.48
34459,13.06
34460,13.51
34461,11.62
34462,12.0
34463,13.72
34464,11.19
34465,15.59
34466,11.87
34467,12.1
34468,8.19
34469,9.55
34470,9.4
34471,5.3
34472,15.61
34473,5.3
34474,8.29
34475,16.08
34476,15.55
34477,9.48
34478,13.4
34479,9.32
34480,10.81
34481,13.27
34482,13.94
34483,8.3
34484,9.56
34485,11.65
34486,5.3
34487,8.95
34488,9.56
34489,14.06
34490,8.32
34491,16.06
34492,13.02
34493,10.31
34494,13.66
34495,9.72
34496,12.38
34497,10.13
34498,13.7
34499,9.45
34500,9.45
34501,14.6
34502,13.91
34503,14.16
34504,9.45
34505,15.0
34506,9.49
34507,13.78
34508,14.41
34509,9.72
34510,10.12
34511,15.45
34512,16.57
34513,14.16
34514,5.3
34515,12.89
34516,13.73
34517,15.22
34518,14.71
34519,9.31
34520,17.0
34521,13.49
34522,11.18
34523,15.04
34524,13.84
34525,13.85
34526,9.34
34527,9.74
34528,12.04
34529,12.9
34530,12.12
34531,9.93
34532,9.13
34533,17.68
34534,14.47
34535,10.4
34536,8.7
34537,12.7
34538,11.14
34539,11.09
34540,15.49
34541,8.91
34542,8.45
34543,14.39
34544,11.27
34545,10.16
34546,9.45
34547,12.17
34548,13.56
34549,9.66
34550,13.65
34551,14.35
34552,13.54
34553,11.51
34554,8.87
34555,11.25
34556,12.17
34557,13.15
34558,13.21
34559,10.77
34560,13.75
34561,9.43
34562,12.62
34563,9.8
34564,13.58
34565,8.61
34566,10.35
34567,14.77
34568,19.03
34569,9.24
34570,9.13
34571,14.01
34572,9.61
34573,12.05
34574,8.68
34575,8.53
34576,12.96
34577,14.44
34578,14.35
34579,13.98
34580,16.17
34581,5.3
34582,12.25
34583,9.31
34584,19.33
34585,13.27
34586,10.97
34587,11.34
34588,9.44
34589,8.9
34590,13.71
34591,11.31
34592,13.83
34593,14.22
34594,13.38
34595,12.25
34596,13.55
34597,14.13
34598,17.03
34599,13.97
34600,15.44
34601,10.15
34602,15.6
34603,14.87
34604,9.23
34605,12.38
34606,10.01
34607,9.21
34608,10.89
34609,10.31
34610,14.16
34611,14.03
34612,10.55
34613,13.59
34614,13.44
34615,13.73
34616,12.04
34617,13.91
34618,11.95
34619,6.26
34620,12.35
34621,14.87
34622,14.11
34623,8.21
34624,9.51
34625,12.12
34626,9.16
34627,10.57
34628,13.04
34629,5.3
34630,9.34
34631,15.39
34632,10.19
34633,5.3
34634,11.86
34635,14.54
34636,9.73
34637,9.64
34638,13.27
34639,10.79
34640,12.16
34641,9.45
34642,9.66
34643,13.9
34644,5.3
34645,14.17
34646,15.7
34647,11.78
34648,9.46
34649,7.78
34650,16.5
34651,9.4
34652,9.29
34653,10.46
34654,10.76
34655,10.72
34656,15.98
34657,8.82
34658,12.98
34659,8.8
34660,7.44
34661,14.47
34662,14.68
34663,10.18
34664,17.63
34665,14.53
34666,13.62
34667,14.84
34668,11.31
34669,12.9
34670,12.04
34671,10.83
34672,13.43
34673,15.22
34674,8.5
34675,12.05
34676,5.3
34677,13.99
34678,13.59
34679,8.95
34680,9.57
34681,11.61
34682,11.3
34683,16.37
34684,11.94
34685,9.81
34686,10.57
34687,14.61
34688,10.56
34689,13.93
34690,13.24
34691,9.07
34692,8.55
34693,13.82
34694,11.32
34695,8.47
34696,9.46
34697,12.34
34698,6.61
34699,14.15
34700,9.57
34701,15.11
34702,12.46
34703,10.71
34704,14.22
34705,11.16
34706,13.81
34707,13.82
34708,10.21
34709,13.9
34710,17.43
34711,9.75
34712,14.33
34713,11.56
34714,10.54
34715,13.29
34716,18.94
34717,16.28
34718,13.89
34719,9.54
34720,9.11
34721,13.48
34722,12.18
34723,12.22
34724,9.89
34725,12.2
34726,11.53
34727,18.42
34728,11.07
34729,9.32
34730,11.15
34731,9.34
34732,10.33
34733,5.3
34734,12.06
34735,14.32
34736,16.08
34737,12.52
34738,9.54
34739,9.17
34740,14.58
34741,14.62
34742,15.39
34743,5.3
34744,10.05
34745,5.3
34746,10.3
34747,11.05
34748,13.34
34749,12.92
34750,8.91
34751,12.24
34752,13.39
34753,12.43
34754,10.98
34755,8.1
34756,13.04
34757,5.3
34758,9.61
34759,14.35
34760,5.3
34761,13.3
34762,12.07
34763,14.65
34764,18.32
34765,10.93
34766,8.3
34767,13.96
34768,14.14
34769,9.52
34770,13.89
34771,5.3
34772,14.8
34773,13.22
34774,10.23
34775,5.3
34776,10.58
34777,11.38
34778,17.21
34779,12.35
34780,9.67
34781,9.78
34782,13.28
34783,15.0
34784,9.97
34785,10.76
34786,9.81
34787,9.64
34788,13.48
34789,9.07
34790,10.84
34791,7.26
34792,11.46
34793,8.65
34794,13.75
34795,12.45
34796,12.02
34797,14.59
34798,10.75
34799,12.42
34800,11.2
34801,13.76
34802,6.59
34803,10.16
34804,15.04
34805,14.08
34806,13.38
34807,8.62
34808,9.55
34809,13.39
34810,11.17
34811,13.06
34812,8.63
34813,13.69
34814,11.96
34815,14.66
34816,15.45
34817,12.74
34818,15.95
34819,16.77
34820,14.69
34821,14.78
34822,15.39
34823,13.76
34824,9.92
34825,9.36
34826,12.29
34827,10.67
34828,13.79
34829,14.84
34830,11.99
34831,9.83
34832,12.33
34833,13.41
34834,13.92
34835,9.0
34836,13.92
34837,9.21
34838,14.49
34839,8.98
34840,13.48
34841,8.17
34842,9.19
34843,14.21
34844,17.35
34845,12.72
34846,15.01
34847,15.08
34848,11.09
34849,13.77
34850,5.3
34851,13.21
34852,5.3
34853,13.81
34854,17.4
34855,5.3
34856,11.83
34857,11.85
34858,9.53
34859,9.82
34860,15.01
34861,5.3
34862,14.0
34863,18.11
34864,9.72
34865,8.89
34866,16.57
34867,9.41
34868,10.68
34869,13.92
34870,14.2
34871,8.55
34872,14.85
34873,9.19
34874,15.07
34875,11.63
34876,8.27
34877,12.5
34878,11.98
34879,5.3
34880,8.75
34881,9.56
34882,9.78
34883,14.78
34884,8.39
34885,11.11
34886,8.73
34887,9.26
34888,10.96
34889,13.87
34890,11.07
34891,9.66
34892,11.76
34893,5.3
34894,13.44
34895,14.01
34896,12.05
34897,11.23
34898,12.61
34899,10.3
34900,11.02
34901,12.14
34902,13.11
34903,5.3
34904,11.01
34905,10.07
34906,10.94
34907,8.72
34908,14.6
34909,9.72
34910,14.29
34911,15.43
34912,9.89
34913,10.14
34914,14.7
34915,8.87
34916,14.36
34917,14.41
34918,11.97
34919,9.44
34920,11.54
34921,9.2
34922,13.46
34923,8.24
34924,13.47
34925,8.74
34926,14.84
34927,12.52
34928,9.43
34929,9.65
34930,5.3
34931,8.98
34932,13.9
34933,9.37
34934,12.75
34935,11.38
34936,14.97
34937,11.79
34938,13.26
34939,13.29
34940,11.37
34941,15.33
34942,9.68
34943,13.77
34944,13.25
34945,13.48
34946,13.91
34947,5.3
34948,8.53
34949,12.96
34950,14.81
34951,11.86
34952,9.89
34953,8.85
34954,14.31
34955,5.3
34956,14.32
34957,8.79
34958,15.17
34959,8.62
34960,13.02
34961,15.81
34962,12.38
34963,10.79
34964,12.12
34965,8.52
34966,14.81
34967,17.56
34968,18.9
34969,9.57
34970,11.37
34971,9.08
34972,13.99
34973,13.33
34974,5.3
34975,13.45
34976,14.35
34977,12.5
34978,11.05
34979,14.8
34980,8.8
34981,13.52
34982,13.92
34983,11.18
34984,13.36
34985,9.46
34986,8.57
34987,8.64
34988,14.49
34989,8.35
34990,12.35
34991,14.44
34992,8.46
34993,9.58
34994,18.38
34995,8.82
34996,13.79
34997,11.25
34998,17.34
34999,8.39
35000,9.1
35001,8.87
35002,8.78
35003,10.02
35004,13.56
35005,11.37
35006,9.78
35007,13.77
35008,12.65
35009,10.2
35010,10.27
35011,8.66
35012,12.09
35013,14.39
35014,9.7
35015,8.54
35016,10.47
35017,13.45
35018,14.53
35019,13.57
35020,12.55
35021,9.66
35022,11.19
35023,5.3
35024,10.2
35025,12.46
35026,14.91
35027,12.95
35028,8.87
35029,10.13
35030,13.23
35031,15.2
35032,9.99
35033,8.85
35034,8.69
35035,11.63
35036,12.09
35037,9.04
35038,9.49
35039,13.98
35040,14.84
35041,14.36
35042,8.41
35043,17.21
35044,5.3
35045,14.04
35046,13.69
35047,13.84
35048,19.25
35049,15.31
35050,14.88
35051,9.93
35052,9.14
35053,5.3
35054,10.45
35055,14.04
35056,13.9
35057,8.79
35058,11.46
35059,8.98
35060,15.2
35061,12.16
35062,15.11
35063,12.25
35064,14.61
35065,9.14
35066,8.7
35067,10.06
35068,9.4
35069,13.89
35070,17.06
35071,16.38
35072,9.28
35073,10.22
35074,13.65
35075,13.09
35076,9.31
35077,12.18
35078,8.95
35079,17.68
35080,5.3
35081,9.79
35082,12.33
35083,14.45
35084,13.18
35085,15.03
35086,10.09
35087,10.16
35088,11.09
35089,11.64
35090,15.32
35091,13.39
35092,8.5
35093,8.31
35094,14.98
35095,12.17
35096,8.73
35097,12.65
35098,5.3
35099,13.42
35100,13.65
35101,15.4
35102,10.45
35103,9.52
35104,12.23
35105,7.94
35106,13.32
35107,9.39
35108,13.17
35109,15.82
35110,14.43
35111,10.93
35112,11.15
35113,12.37
35114,13.07
35115,6.0
35116,14.1
35117,5.3
35118,9.19
35119,9.7
35120,12.76
35121,5.3
35122,12.39
35123,10.37
35124,13.34
35125,10.16
35126,15.78
35127,14.8
35128,10.24
35129,12.14
35130,11.22
35131,8.94
35132,14.21
35133,12.4
35134,9.02
35135,10.58
35136,10.4
35137,9.44
35138,12.32
35139,13.49
35140,10.61
35141,12.55
35142,11.4
35143,9.36
35144,8.66
35145,14.83
35146,16.69
35147,17.05
35148,11.71
35149,10.08
35150,11.3
35151,9.17
35152,14.21
35153,11.3
35154,14.34
35155,16.13
35156,10.48
35157,17.78
35158,14.75
35159,12.07
35160,13.9
35161,8.88
35162,15.57
35163,11.2
35164,14.62
35165,11.66
35166,8.89
35167,14.1
35168,8.75
35169,14.91
35170,9.43
35171,11.0
35172,13.97
35173,14.04
35174,10.64
35175,8.57
35176,9.51
35177,13.79
35178,14.86
35179,8.62
35180,9.64
35181,9.12
35182,9.46
35183,18.02
35184,11.75
35185,14.1
35186,13.03
35187,17.95
35188,5.3
35189,5.3
35190,10.82
35191,5.3
35192,14.04
35193,13.66
35194,9.07
35195,13.86
35196,11.05
35197,10.87
35198,11.66
35199,12.7
35200,11.66
35201,17.06
35202,5.3
35203,14.14
35204,7.86
35205,15.82
35206,14.26
35207,9.37
35208,15.4
35209,12.13
35210,14.71
35211,15.1
35212,14.25
35213,10.2
35214,12.02
35215,10.49
35216,11.3
35217,14.8
35218,9.15
35219,10.37
35220,18.42
35221,14.21
35222,12.25
35223,13.33
35224,10.54
35225,14.1
35226,12.98
35227,13.84
35228,11.73
35229,11.02
35230,8.35
35231,14.67
35232,16.41
35233,10.34
35234,12.24
35235,15.57
35236,17.56
35237,5.3
35238,18.1
35239,12.82
35240,14.02
35241,11.36
35242,13.76
35243,5.3
35244,13.93
35245,12.77
35246,9.86
35247,9.99
35248,15.96
35249,11.07
35250,11.26
35251,15.46
35252,13.76
35253,12.91
35254,13.77
35255,12.06
35256,13.19
35257,14.62
35258,5.3
35259,10.7
35260,13.89
35261,17.16
35262,14.88
35263,14.15
35264,15.77
35265,11.87
35266,19.07
35267,12.92
35268,15.39
35269,13.47
35270,8.79
35271,14.15
35272,9.56
35273,9.51
35274,12.54
35275,14.58
35276,11.54
35277,8.56
35278,14.23
35279,9.16
35280,8.99
35281,12.2
35282,9.74
35283,12.63
35284,11.65
35285,11.77
35286,14.36
35287,8.73
35288,15.08
35289,9.53
35290,9.68
35291,9.84
35292,5.3
35293,9.96
35294,15.17
35295,5.3
35296,10.51
35297,13.29
35298,12.15
35299,9.45
35300,12.53
35301,16.33
35302,5.3
35303,11.55
35304,16.99
35305,17.97
35306,12.22
35307,13.59
35308,13.71
35309,12.69
35310,12.96
35311,10.07
35312,5.3
35313,5.3
35314,5.3
35315,8.7
35316,9.97
35317,13.54
35318,13.68
35319,8.74
35320,10.95
35321,15.2
35322,12.12
35323,16.82
35324,9.11
35325,12.86
35326,13.26
35327,11.8
35328,14.7
35329,13.5
35330,10.1
35331,11.97
35332,13.34
35333,12.36
35334,13.6
35335,8.66
35336,11.14
35337,8.65
35338,10.09
35339,12.95
35340,14.83
35341,8.1
35342,14.35
35343,10.11
35344,13.9
35345,14.3
35346,9.33
35347,10.48
35348,15.13
35349,9.86
35350,13.21
35351,14.16
35352,9.51
35353,10.02
35354,14.02
35355,13.19
35356,12.53
35357,11.61
35358,9.57
35359,17.11
35360,9.68
35361,5.3
35362,13.99
35363,13.91
35364,13.38
35365,11.48
35366,13.09
35367,5.3
35368,9.38
35369,10.67
35370,11.04
35371,13.48
35372,9.52
35373,9.02
35374,9.39
35375,12.39
35376,9.61
35377,13.93
35378,15.69
35379,8.94
35380,9.2
35381,13.02
35382,14.62
35383,9.37
35384,13.82
35385,9.58
35386,13.03
35387,14.43
35388,10.76
35389,15.77
35390,11.41
35391,9.9
35392,13.84
35393,16.68
35394,14.01
35395,12.51
35396,12.27
35397,14.01
35398,12.88
35399,13.88
35400,9.54
35401,11.81
35402,14.24
35403,12.58
35404,11.66
35405,8.51
35406,10.23
35407,9.55
35408,5.3
35409,13.46
35410,13.24
35411,12.14
35412,10.84
35413,14.8
35414,10.66
35415,14.1
35416,5.3
35417,15.4
35418,5.3
35419,14.49
35420,10.77
35421,13.43
35422,14.14
35423,15.9
35424,8.72
35425,9.37
35426,9.75
35427,9.54
35428,8.91
35429,10.44
35430,14.71
35431,8.31
35432,15.81
35433,8.16
35434,11.02
35435,8.39
35436,6.75
35437,10.72
35438,12.14
35439,10.1
35440,12.39
35441,13.46
35442,15.0
35443,12.11
35444,13.95
35445,13.31
35446,14.84
35447,10.13
35448,13.29
35449,16.25
35450,5.3
35451,10.01
35452,5.3
35453,8.81
35454,16.08
35455,13.58
35456,11.92
35457,5.3
35458,5.3
35459,5.3
35460,13.07
35461,14.2
35462,13.37
35463,13.22
35464,13.9
35465,15.71
35466,6.26
35467,12.34
35468,10.83
35469,9.26
35470,11.78
35471,9.85
35472,9.97
35473,15.74
35474,9.49
35475,9.43
35476,14.45
35477,16.94
35478,14.88
35479,12.3
35480,9.63
35481,12.78
35482,11.92
35483,9.85
35484,14.49
35485,9.14
35486,13.92
35487,7.08
35488,14.05
35489,8.49
35490,10.25
35491,9.36
35492,11.96
35493,13.91
35494,10.05
35495,14.88
35496,12.94
35497,14.68
35498,15.8
35499,9.38
35500,8.63
35501,8.59
35502,9.41
35503,10.28
35504,8.4
35505,5.3
35506,8.66
35507,13.43
35508,12.45
35509,9.49
35510,14.31
35511,9.64
35512,14.97
35513,14.83
35514,11.24
35515,13.49
35516,15.49
35517,14.54
35518,13.52
35519,13.59
35520,14.58
35521,14.19
35522,9.59
35523,9.28
35524,12.84
35525,14.07
35526,14.34
35527,10.87
35528,9.58
35529,16.29
35530,13.12
35531,13.64
35532,13.06
35533,13.95
35534,11.27
35535,14.78
35536,12.42
35537,14.28
35538,13.91
35539,6.95
35540,8.94
35541,12.34
35542,13.28
35543,16.5
35544,14.26
35545,7.2
35546,14.2
35547,13.4
35548,9.93
35549,5.3
35550,15.68
35551,15.6
35552,8.71
35553,14.15
35554,14.2
35555,9.0
35556,13.84
35557,13.3
35558,9.41
35559,14.9
35560,11.9
35561,15.09
35562,15.85
35563,11.05
35564,9.14
35565,9.84
35566,16.12
35567,9.87
35568,14.03
35569,17.42
35570,8.34
35571,8.29
35572,13.64
35573,17.17
35574,15.73
35575,9.96
35576,15.12
35577,5.3
35578,12.73
35579,9.38
35580,5.3
35581,10.13
35582,13.76
35583,14.14
35584,8.83
35585,9.28
35586,11.5
35587,13.77
35588,16.74
35589,14.33
35590,12.62
35591,9.33
35592,9.67
35593,13.97
35594,8.7
35595,12.61
35596,5.3
35597,12.66
35598,8.95
35599,13.46
35600,12.99
35601,13.89
35602,13.63
35603,11.25
35604,13.67
35605,13.02
35606,6.74
35607,5.3
35608,13.91
35609,13.02
35610,8.77
35611,9.15
35612,12.21
35613,10.62
35614,12.46
35615,14.38
35616,11.99
35617,17.97
35618,15.14
35619,14.07
35620,13.28
35621,11.49
35622,9.38
35623,10.09
35624,9.66
35625,8.89
35626,13.97
35627,14.69
35628,18.99
35629,9.94
35630,15.24
35631,11.98
35632,9.67
35633,9.7
35634,11.82
35635,5.3
35636,13.93
35637,5.8
35638,9.72
35639,15.84
35640,13.41
35641,9.23
35642,17.45
35643,12.58
35644,13.04
35645,16.41
35646,8.64
35647,14.46
35648,13.55
35649,14.28
35650,11.15
35651,16.72
35652,13.51
35653,16.84
35654,12.72
35655,13.51
35656,5.3
35657,11.39
35658,12.25
35659,9.12
35660,5.3
35661,14.16
35662,14.24
35663,15.8
35664,12.16
35665,12.77
35666,12.19
35667,9.81
35668,5.3
35669,9.42
35670,16.52
35671,9.44
35672,9.61
35673,13.89
35674,13.17
35675,14.76
35676,8.08
35677,9.25
35678,9.42
35679,8.7
35680,16.71
35681,10.06
35682,9.54
35683,13.53
35684,11.26
35685,18.05
35686,10.19
35687,10.75
35688,7.76
35689,5.3
35690,10.62
35691,15.36
35692,12.43
35693,10.55
35694,13.68
35695,14.59
35696,12.33
35697,5.3
35698,15.29
35699,9.91
35700,14.64
35701,9.55
35702,8.49
35703,13.58
35704,9.04
35705,9.05
35706,9.01
35707,15.33
35708,16.71
35709,5.3
35710,8.96
35711,5.3
35712,13.76
35713,9.08
35714,13.59
35715,10.46
35716,13.55
35717,13.82
35718,13.88
35719,12.18
35720,13.4
35721,11.47
35722,5.3
35723,13.87
35724,13.09
35725,5.3
35726,13.66
35727,5.3
35728,11.31
35729,8.51
35730,12.41
35731,5.3
35732,15.89
35733,11.37
35734,11.49
35735,12.3
35736,14.11
35737,13.75
35738,15.62
35739,14.62
35740,9.4
35741,5.3
35742,10.02
35743,12.05
35744,14.0
35745,9.98
35746,13.38
35747,13.36
35748,14.29
35749,16.2
35750,11.51
35751,13.46
35752,15.49
35753,11.33
35754,18.67
35755,8.45
35756,10.51
35757,13.91
35758,5.3
35759,5.3
35760,10.46
35761,12.23
35762,14.78
35763,5.3
35764,8.34
35765,15.76
35766,5.3
35767,10.06
35768,9.65
35769,14.16
35770,10.61
35771,8.55
35772,14.31
35773,11.89
35774,8.47
35775,11.26
35776,10.03
35777,12.37
35778,12.53
35779,8.69
35780,17.97
35781,13.02
35782,12.89
35783,10.36
35784,10.63
35785,12.4
35786,14.81
35787,13.91
35788,13.78
35789,9.44
35790,13.39
35791,12.42
35792,8.05
35793,10.82
35794,9.34
35795,8.78
35796,13.71
35797,12.17
35798,13.64
35799,13.65
35800,9.24
35801,9.81
35802,10.49
35803,9.47
35804,13.41
35805,12.71
35806,9.27
35807,9.74
35808,5.3
35809,13.85
35810,5.3
35811,11.11
35812,9.67
35813,9.86
35814,14.38
35815,8.72
35816,15.75
35817,13.76
35818,13.67
35819,14.89
35820,12.2
35821,13.92
35822,9.57
35823,9.85
35824,9.54
35825,14.19
35826,14.3
35827,11.25
35828,8.43
35829,9.06
35830,19.73
35831,16.52
35832,8.66
35833,12.85
35834,15.14
35835,14.1
35836,11.94
35837,9.57
35838,14.09
35839,9.11
35840,15.15
35841,10.44
35842,14.79
35843,9.47
35844,12.48
35845,13.58
35846,8.95
35847,8.49
35848,11.82
35849,9.64
35850,13.89
35851,13.45
35852,16.72
35853,13.41
35854,5.3
35855,9.98
35856,14.89
35857,13.97
35858,14.75
35859,11.67
35860,13.11
35861,11.05
35862,13.9
35863,9.63
35864,11.36
35865,9.08
35866,13.61
35867,13.88
35868,14.8
35869,16.14
35870,14.6
35871,12.75
35872,14.28
35873,10.13
35874,9.01
35875,12.56
35876,10.71
35877,15.83
35878,11.81
35879,9.4
35880,10.32
35881,8.82
35882,13.21
35883,13.11
35884,12.1
35885,9.79
35886,14.05
35887,13.65
35888,9.08
35889,8.52
35890,9.1
35891,13.91
35892,15.87
35893,12.92
35894,8.85
35895,14.67
35896,8.75
35897,10.16
35898,14.02
35899,11.24
35900,13.44
35901,9.52
35902,10.89
35903,13.03
35904,14.47
35905,9.51
35906,14.05
35907,11.04
35908,8.78
35909,14.26
35910,13.65
35911,10.58
35912,14.32
35913,9.01
35914,14.75
35915,11.72
35916,8.94
35917,8.1
35918,9.44
35919,14.43
35920,12.36
35921,13.32
35922,9.9
35923,9.08
35924,11.85
35925,10.47
35926,15.62
35927,12.78
35928,10.9
35929,10.56
35930,9.65
35931,14.91
35932,14.78
35933,14.43
35934,11.94
35935,17.61
35936,8.64
35937,14.12
35938,5.3
35939,12.16
35940,5.3
35941,15.49
35942,8.51
35943,17.46
35944,8.84
35945,17.75
35946,11.91
35947,9.97
35948,12.36
35949,8.99
35950,13.97
35951,13.04
35952,11.65
35953,10.34
35954,15.23
35955,10.73
35956,16.73
35957,14.08
35958,15.17
35959,15.98
35960,13.7
35961,13.25
35962,12.13
35963,9.34
35964,12.32
35965,12.18
35966,11.35
35967,9.12
35968,15.35
35969,13.56
35970,13.76
35971,13.97
35972,14.05
35973,13.71
35974,10.68
35975,10.56
35976,9.53
35977,13.99
35978,14.12
35979,5.3
35980,7.22
35981,10.09
35982,8.82
35983,15.35
35984,12.88
35985,9.16
35986,13.99
35987,9.24
35988,16.13
35989,12.31
35990,14.62
35991,9.65
35992,14.15
35993,10.19
35994,9.1
35995,14.39
35996,14.08
35997,15.38
35998,9.81
35999,10.04
36000,11.95
36001,10.22
36002,8.85
36003,10.88
36004,13.3
36005,13.46
36006,8.22
36007,8.01
36008,13.9
36009,8.8
36010,5.3
36011,12.88
36012,9.19
36013,13.25
36014,14.61
36015,10.39
36016,13.91
36017,15.64
36018,10.55
36019,14.46
36020,6.99
36021,9.79
36022,5.3
36023,5.3
36024,14.51
36025,8.59
36026,10.89
36027,14.09
36028,9.38
36029,10.36
36030,14.5
36031,14.19
36032,14.07
36033,13.54
36034,11.89
36035,13.06
36036,9.91
36037,13.97
36038,13.59
36039,13.26
36040,11.74
36041,10.36
36042,14.01
36043,13.45
36044,8.67
36045,8.69
36046,9.64
36047,9.7
36048,9.39
36049,15.06
36050,8.69
36051,8.93
36052,17.94
36053,5.3
36054,8.72
36055,5.3
36056,15.34
36057,14.13
36058,8.51
36059,14.99
36060,14.12
36061,8.74
36062,9.37
36063,13.05
36064,9.39
36065,10.21
36066,13.75
36067,8.41
36068,8.45
36069,15.35
36070,5.3
36071,8.96
36072,8.87
36073,13.34
36074,10.13
36075,10.87
36076,10.61
36077,11.08
36078,15.07
36079,9.75
36080,9.09
36081,14.0
36082,14.85
36083,13.56
36084,12.18
36085,10.85
36086,14.89
36087,11.07
36088,5.3
36089,14.3
36090,11.62
36091,13.92
36092,11.95
36093,15.74
36094,5.3
36095,5.3
36096,10.44
36097,13.5
36098,14.13
36099,8.71
36100,15.86
36101,12.93
36102,11.17
36103,9.08
36104,9.24
36105,17.44
36106,5.3
36107,13.2
36108,16.96
36109,15.59
36110,15.21
36111,13.95
36112,10.57
36113,12.37
36114,9.08
36115,9.11
36116,14.21
36117,14.86
36118,11.34
36119,15.03
36120,13.72
36121,14.05
36122,13.31
36123,9.1
36124,11.65
36125,13.87
36126,13.21
36127,12.09
36128,14.07
36129,8.58
36130,14.83
36131,16.9
36132,16.52
36133,16.18
36134,10.73
36135,15.06
36136,5.3
36137,12.46
36138,11.6
36139,14.71
36140,10.8
36141,16.36
36142,9.53
36143,13.15
36144,11.06
36145,5.3
36146,10.41
36147,14.77
36148,12.31
36149,13.66
36150,5.3
36151,11.66
36152,13.0
36153,13.09
36154,9.87
36155,5.3
36156,8.98
36157,13.97
36158,10.17
36159,10.99
36160,9.41
36161,5.3
36162,9.78
36163,11.67
36164,13.29
36165,14.57
36166,13.65
36167,7.98
36168,14.19
36169,14.97
36170,5.3
36171,14.1
36172,13.5
36173,8.85
36174,19.94
36175,13.36
36176,8.85
36177,11.55
36178,13.76
36179,14.15
36180,5.3
36181,9.52
36182,14.56
36183,13.73
36184,13.75
36185,5.3
36186,10.27
36187,10.08
36188,13.22
36189,16.42
36190,9.59
36191,9.74
36192,13.34
36193,16.53
36194,11.08
36195,14.22
36196,15.76
36197,12.52
36198,13.34
36199,14.55
36200,12.08
36201,12.75
36202,16.05
36203,10.66
36204,12.65
36205,18.95
36206,9.93
36207,17.67
36208,12.5
36209,13.63
36210,14.15
36211,8.47
36212,9.74
36213,14.15
36214,12.74
36215,16.02
36216,14.25
36217,9.28
36218,12.84
36219,14.42
36220,12.54
36221,9.98
36222,14.92
36223,18.17
36224,14.04
36225,13.33
36226,12.92
36227,9.37
36228,13.59
36229,12.35
36230,5.3
36231,9.42
36232,13.06
36233,9.37
36234,12.83
36235,6.79
36236,14.81
36237,12.33
36238,11.24
36239,13.79
36240,9.58
36241,15.4
36242,13.23
36243,16.55
36244,9.97
36245,14.1
36246,11.1
36247,9.62
36248,10.64
36249,14.03
36250,13.26
36251,14.95
36252,9.35
36253,10.48
36254,9.41
36255,14.18
36256,8.9
36257,9.58
36258,15.72
36259,9.77
36260,14.17
36261,12.32
36262,15.16
36263,10.42
36264,9.09
36265,11.01
36266,9.93
36267,9.43
36268,12.53
36269,9.53
36270,9.58
36271,12.22
36272,15.06
36273,15.39
36274,13.01
36275,5.3
36276,8.82
36277,12.84
36278,13.68
36279,10.38
36280,5.3
36281,8.9
36282,18.25
36283,11.94
36284,16.29
36285,15.41
36286,11.47
36287,10.33
36288,10.19
36289,12.63
36290,14.87
36291,8.84
36292,17.27
36293,9.38
36294,15.48
36295,13.66
36296,5.3
36297,8.39
36298,14.51
36299,5.3
36300,15.3
36301,13.85
36302,14.08
36303,13.87
36304,13.3
36305,9.49
36306,10.0
36307,8.32
36308,12.24
36309,9.04
36310,8.23
36311,5.3
36312,8.13
36313,8.62
36314,13.06
36315,19.06
36316,16.69
36317,13.53
36318,10.26
36319,11.33
36320,12.24
36321,9.23
36322,12.92
36323,13.13
36324,13.98
36325,12.77
36326,15.13
36327,12.12
36328,15.28
36329,11.67
36330,12.78
36331,9.45
36332,15.22
36333,10.55
36334,11.94
36335,9.76
36336,12.14
36337,11.78
36338,13.78
36339,15.03
36340,10.32
36341,13.87
36342,11.02
36343,15.1
36344,5.3
36345,13.76
36346,12.18
36347,5.46
36348,10.19
36349,13.78
36350,14.14
36351,14.22
36352,12.36
36353,10.12
36354,9.0
36355,8.84
36356,9.5
36357,14.41
36358,10.57
36359,12.38
36360,11.52
36361,14.56
36362,14.71
36363,14.16
36364,9.89
36365,10.62
36366,10.67
36367,15.83
36368,9.97
36369,15.61
36370,8.93
36371,6.85
36372,9.51
36373,11.21
36374,5.3
36375,8.23
36376,13.13
36377,12.89
36378,8.95
36379,15.24
36380,14.05
36381,13.5
36382,13.47
36383,9.14
36384,13.68
36385,13.51
36386,13.3
36387,13.96
36388,14.69
36389,12.43
36390,14.18
36391,15.04
36392,12.06
36393,9.27
36394,14.04
36395,15.09
36396,11.53
36397,14.84
36398,12.03
36399,15.35
36400,9.99
36401,10.64
36402,8.95
36403,9.49
36404,13.66
36405,10.33
36406,8.76
36407,12.01
36408,9.3
36409,8.38
36410,15.03
36411,9.78
36412,9.4
36413,13.69
36414,13.91
36415,16.69
36416,12.71
36417,11.48
36418,13.72
36419,13.77
36420,15.19
36421,13.55
36422,13.49
36423,14.43
36424,13.93
36425,14.33
36426,13.8
36427,14.1
36428,9.4
36429,16.87
36430,18.67
36431,14.2
36432,12.43
36433,11.7
36434,5.3
36435,13.31
36436,5.3
36437,11.03
36438,11.42
36439,16.3
36440,10.49
36441,15.38
36442,9.57
36443,11.31
36444,10.07
36445,14.28
36446,5.3
36447,10.61
36448,13.89
36449,13.81
36450,13.67
36451,13.94
36452,14.02
36453,15.71
36454,5.3
36455,9.72
36456,8.8
36457,16.63
36458,9.05
36459,11.46
36460,9.17
36461,13.58
36462,11.32
36463,9.54
36464,14.31
36465,9.55
36466,15.15
36467,8.46
36468,10.2
36469,12.39
36470,10.39
36471,13.61
36472,15.94
36473,9.84
36474,13.79
36475,9.52
36476,9.02
36477,13.27
36478,5.3
36479,8.61
36480,16.03
36481,9.48
36482,5.3
36483,14.45
36484,9.92
36485,13.64
36486,10.45
36487,12.01
36488,5.3
36489,8.75
36490,14.65
36491,14.84
36492,11.49
36493,13.95
36494,15.83
36495,8.54
36496,14.2
36497,5.3
36498,13.33
36499,8.3
36500,6.8
36501,9.45
36502,13.67
36503,9.8
36504,10.29
36505,8.94
36506,10.35
36507,9.02
36508,15.42
36509,11.94
36510,5.3
36511,10.42
36512,13.47
36513,8.08
36514,8.85
36515,14.64
36516,8.76
36517,9.27
36518,12.72
36519,11.57
36520,14.99
36521,13.14
36522,12.33
36523,9.97
36524,14.91
36525,15.13
36526,5.3
36527,14.27
36528,18.99
36529,18.26
36530,8.7
36531,5.3
36532,8.46
36533,9.77
36534,9.94
36535,8.56
36536,5.3
36537,5.3
36538,18.02
36539,9.08
36540,9.31
36541,5.3
36542,5.3
36543,5.3
36544,8.81
36545,9.9
36546,13.95
36547,9.92
36548,13.48
36549,13.58
36550,9.6
36551,15.22
36552,5.3
36553,8.28
36554,5.3
36555,13.32
36556,13.45
36557,14.77
36558,13.98
36559,8.72
36560,12.29
36561,14.5
36562,13.69
36563,13.03
36564,14.42
36565,14.0
36566,10.57
36567,12.04
36568,11.67
36569,12.83
36570,13.14
36571,9.63
36572,10.16
36573,16.74
36574,11.97
36575,9.73
36576,12.67
36577,13.47
36578,15.7
36579,8.62
36580,13.8
36581,14.44
36582,9.61
36583,10.97
36584,9.09
36585,9.85
36586,12.51
36587,14.17
36588,10.09
36589,5.3
36590,12.1
36591,5.3
36592,9.33
36593,13.46
36594,9.56
36595,14.5
36596,12.91
36597,14.18
36598,10.41
36599,13.49
36600,9.23
36601,14.2
36602,14.29
36603,7.36
36604,9.43
36605,11.51
36606,17.98
36607,13.92
36608,14.01
36609,13.8
36610,6.7
36611,11.73
36612,13.42
36613,10.46
36614,13.92
36615,9.43
36616,9.42
36617,13.84
36618,13.53
36619,5.3
36620,14.8
36621,11.69
36622,18.21
36623,18.5
36624,15.81
36625,12.04
36626,9.32
36627,13.96
36628,9.52
36629,15.42
36630,10.13
36631,10.58
36632,12.07
36633,14.25
36634,9.66
36635,12.41
36636,9.9
36637,8.79
36638,5.3
36639,13.01
36640,9.68
36641,11.15
36642,9.11
36643,15.43
36644,10.24
36645,10.45
36646,9.89
36647,14.72
36648,10.23
36649,15.28
36650,11.81
36651,14.36
36652,17.27
36653,14.18
36654,8.53
36655,10.67
36656,11.09
36657,11.5
36658,5.3
36659,9.81
36660,12.66
36661,9.17
36662,13.02
36663,13.34
36664,10.42
36665,9.46
36666,13.5
36667,9.8
36668,12.73
36669,9.95
36670,11.66
36671,9.27
36672,5.3
36673,12.05
36674,8.97
36675,10.05
36676,13.01
36677,16.38
36678,14.31
36679,13.16
36680,13.14
36681,9.11
36682,12.64
36683,10.21
36684,11.38
36685,9.65
36686,14.97
36687,12.32
36688,12.05
36689,13.87
36690,9.11
36691,8.67
36692,14.82
36693,13.34
36694,5.3
36695,17.99
36696,5.3
36697,12.79
36698,9.51
36699,5.3
36700,8.79
36701,13.57
36702,8.55
36703,14.27
36704,8.63
36705,13.51
36706,13.24
36707,8.77
36708,9.78
36709,13.52
36710,9.19
36711,12.02
36712,9.07
36713,13.47
36714,11.95
36715,16.47
36716,9.55
36717,10.98
36718,13.42
36719,14.23
36720,15.37
36721,13.46
36722,18.05
36723,10.39
36724,9.56
36725,14.77
36726,9.13
36727,13.48
36728,12.24
36729,13.54
36730,8.54
36731,9.5
36732,13.62
36733,8.86
36734,5.3
36735,11.7
36736,5.3
36737,14.98
36738,9.34
36739,9.97
36740,9.52
36741,13.5
36742,10.76
36743,15.79
36744,12.17
36745,13.26
36746,8.79
36747,13.83
36748,12.67
36749,15.81
36750,12.04
36751,5.97
36752,15.14
36753,9.02
36754,13.25
36755,10.98
36756,9.6
36757,12.96
36758,9.68
36759,12.43
36760,15.01
36761,10.09
36762,9.57
36763,14.62
36764,17.13
36765,8.73
36766,13.55
36767,9.12
36768,9.46
36769,11.3
36770,11.77
36771,11.97
36772,13.9
36773,11.23
36774,5.3
36775,8.29
36776,13.8
36777,12.35
36778,8.7
36779,13.38
36780,14.16
36781,5.3
36782,7.39
36783,9.45
36784,11.41
36785,9.45
36786,10.41
36787,9.39
36788,15.37
36789,10.87
36790,14.15
36791,13.45
36792,13.11
36793,8.77
36794,10.5
36795,9.91
36796,12.28
36797,13.55
36798,9.0
36799,13.64
36800,15.9
36801,16.8
36802,12.92
36803,9.97
36804,12.45
36805,15.16
36806,14.66
36807,14.41
36808,10.99
36809,9.17
36810,13.55
36811,15.01
36812,8.53
36813,13.03
36814,12.53
36815,15.0
36816,14.13
36817,12.4
36818,13.97
36819,14.88
36820,15.17
36821,11.13
36822,15.13
36823,16.44
36824,14.51
36825,14.84
36826,13.95
36827,12.49
36828,13.91
36829,13.15
36830,13.86
36831,13.99
36832,8.71
36833,12.48
36834,8.57
36835,12.51
36836,12.16
36837,13.1
36838,10.57
36839,8.37
36840,13.48
36841,11.14
36842,9.08
36843,12.22
36844,9.56
36845,9.48
36846,9.3
36847,14.23
36848,9.2
36849,13.38
36850,14.72
36851,11.15
36852,14.07
36853,13.12
36854,13.98
36855,11.9
36856,9.88
36857,10.42
36858,9.09
36859,10.63
36860,5.3
36861,12.86
36862,11.41
36863,9.28
36864,9.77
36865,16.39
36866,9.66
36867,13.97
36868,13.27
36869,14.04
36870,13.34
36871,12.92
36872,13.92
36873,14.2
36874,16.56
36875,15.37
36876,9.03
36877,13.36
36878,11.37
36879,11.82
36880,13.1
36881,10.69
36882,14.77
36883,14.2
36884,13.61
36885,14.05
36886,14.03
36887,11.19
36888,10.19
36889,17.1
36890,11.49
36891,13.37
36892,9.04
36893,15.08
36894,13.85
36895,13.85
36896,9.62
36897,8.82
36898,9.43
36899,14.77
36900,14.13
36901,13.54
36902,14.36
36903,14.61
36904,8.55
36905,8.74
36906,9.2
36907,8.77
36908,12.45
36909,16.3
36910,10.38
36911,15.64
36912,14.87
36913,14.67
36914,13.15
36915,14.54
36916,15.17
36917,10.56
36918,14.97
36919,13.47
36920,13.83
36921,15.41
36922,5.3
36923,5.3
36924,13.62
36925,14.79
36926,10.86
36927,12.17
36928,14.05
36929,5.3
36930,14.23
36931,10.96
36932,8.58
36933,9.58
36934,5.3
36935,17.53
36936,11.01
36937,12.53
36938,5.3
36939,14.29
36940,12.66
36941,15.71
36942,8.4
36943,13.5
36944,13.66
36945,16.46
36946,13.23
36947,11.33
36948,8.39
36949,8.5
36950,11.02
36951,11.59
36952,13.76
36953,5.3
36954,9.14
36955,14.09
36956,10.94
36957,15.44
36958,5.3
36959,5.3
36960,12.81
36961,14.55
36962,12.27
36963,14.57
36964,13.17
36965,14.06
36966,8.93
36967,10.3
36968,11.69
36969,5.3
36970,5.3
36971,13.43
36972,16.67
36973,12.08
36974,8.79
36975,14.74
36976,16.08
36977,12.31
36978,14.96
36979,5.3
36980,9.67
36981,13.89
36982,12.56
36983,15.67
36984,14.26
36985,14.89
36986,16.64
36987,14.34
36988,15.41
36989,5.3
36990,13.19
36991,13.71
36992,9.9
36993,10.36
36994,10.33
36995,9.38
36996,14.0
36997,11.49
36998,16.49
36999,12.91
37000,12.45
37001,10.85
37002,15.19
37003,6.94
37004,9.57
37005,11.44
37006,14.53
37007,14.55
37008,10.49
37009,13.81
37010,9.01
37011,8.84
37012,5.0
37013,9.77
37014,5.3
37015,9.61
37016,13.84
37017,14.01
37018,13.64
37019,14.98
37020,11.83
37021,14.73
37022,14.54
37023,9.52
37024,9.55
37025,8.33
37026,14.14
37027,5.3
37028,9.22
37029,17.63
37030,13.14
37031,13.77
37032,13.93
37033,12.44
37034,9.65
37035,13.7
37036,9.3
37037,12.21
37038,11.94
37039,13.29
37040,13.89
37041,8.78
37042,13.31
37043,12.79
37044,14.26
37045,11.58
37046,13.77
37047,11.91
37048,10.15
37049,9.39
37050,9.42
37051,8.85
37052,10.08
37053,10.31
37054,9.2
37055,15.31
37056,15.31
37057,9.18
37058,12.23
37059,9.66
37060,14.48
37061,11.88
37062,11.72
37063,16.2
37064,15.79
37065,9.11
37066,11.31
37067,9.33
37068,15.37
37069,6.03
37070,13.92
37071,8.68
37072,10.47
37073,14.04
37074,13.9
37075,14.56
37076,16.57
37077,12.6
37078,5.3
37079,14.21
37080,16.27
37081,9.94
37082,13.8
37083,12.31
37084,14.58
37085,14.29
37086,14.44
37087,13.83
37088,10.65
37089,8.75
37090,13.73
37091,11.57
37092,13.85
37093,19.58
37094,13.85
37095,12.16
37096,5.3
37097,13.28
37098,16.39
37099,8.72
37100,16.65
37101,14.34
37102,11.35
37103,10.51
37104,18.08
37105,11.88
37106,5.3
37107,12.76
37108,13.85
37109,12.64
37110,9.26
37111,14.31
37112,11.44
37113,15.94
37114,15.05
37115,9.2
37116,12.49
37117,14.05
37118,14.16
37119,14.81
37120,9.51
37121,14.03
37122,8.93
37123,8.79
37124,13.33
37125,13.87
37126,10.13
37127,11.6
37128,10.05
37129,14.11
37130,9.3
37131,10.85
37132,12.72
37133,15.18
37134,13.26
37135,15.67
37136,12.81
37137,14.02
37138,14.47
37139,18.64
37140,11.15
37141,13.44
37142,13.09
37143,11.01
37144,12.39
37145,11.19
37146,13.7
37147,11.27
37148,11.32
37149,14.29
37150,11.15
37151,8.25
37152,11.76
37153,5.3
37154,8.86
37155,15.92
37156,12.23
37157,15.92
37158,13.95
37159,14.5
37160,8.92
37161,11.36
37162,12.3
37163,11.06
37164,10.79
37165,7.17
37166,16.19
37167,9.5
37168,13.75
37169,12.24
37170,14.09
37171,14.35
37172,10.12
37173,14.21
37174,12.47
37175,13.93
37176,15.16
37177,12.19
37178,12.45
37179,16.98
37180,12.32
37181,9.61
37182,5.3
37183,16.8
37184,14.12
37185,13.26
37186,9.53
37187,15.96
37188,16.28
37189,15.37
37190,9.84
37191,17.35
37192,9.12
37193,9.55
37194,13.75
37195,9.35
37196,14.15
37197,11.63
37198,11.93
37199,9.87
37200,14.22
37201,12.55
37202,12.18
37203,14.05
37204,5.3
37205,11.76
37206,9.13
37207,16.11
37208,11.0
37209,11.11
37210,11.66
37211,9.81
37212,10.22
37213,13.88
37214,13.39
37215,10.28
37216,15.15
37217,12.63
37218,9.31
37219,12.46
37220,11.67
37221,8.66
37222,5.3
37223,11.2
37224,15.17
37225,12.47
37226,13.78
37227,9.85
37228,12.62
37229,11.4
37230,7.29
37231,15.66
37232,13.11
37233,13.19
37234,11.13
37235,8.91
37236,13.61
37237,14.65
37238,11.05
37239,14.56
37240,11.85
37241,13.95
37242,13.38
37243,12.22
37244,5.3
37245,9.14
37246,13.08
37247,15.93
37248,6.67
37249,12.36
37250,10.28
37251,13.97
37252,15.21
37253,8.92
37254,13.65
37255,14.29
37256,14.14
37257,11.59
37258,13.68
37259,8.22
37260,17.81
37261,16.27
37262,12.61
37263,9.64
37264,5.3
37265,15.05
37266,10.36
37267,13.89
37268,13.96
37269,12.06
37270,11.81
37271,12.24
37272,15.65
37273,16.97
37274,11.13
37275,9.32
37276,9.25
37277,9.69
37278,13.11
37279,12.48
37280,9.26
37281,10.81
37282,13.53
37283,11.79
37284,12.84
37285,8.77
37286,11.82
37287,19.58
37288,13.83
37289,14.16
37290,9.47
37291,14.02
37292,9.48
37293,5.3
37294,13.72
37295,11.58
37296,10.54
37297,9.35
37298,9.75
37299,9.0
37300,15.19
37301,9.4
37302,5.3
37303,14.62
37304,13.0
37305,13.32
37306,15.59
37307,11.36
37308,13.74
37309,9.9
37310,11.82
37311,14.19
37312,12.41
37313,12.89
37314,8.97
37315,18.76
37316,14.24
37317,5.3
37318,13.7
37319,14.71
37320,11.1
37321,13.32
37322,11.18
37323,12.09
37324,10.28
37325,11.16
37326,13.12
37327,10.71
37328,13.07
37329,13.17
37330,13.76
37331,13.59
37332,13.84
37333,10.3
37334,16.46
37335,11.85
37336,14.56
37337,5.3
37338,13.43
37339,10.98
37340,10.47
37341,12.23
37342,5.3
37343,8.78
37344,13.68
37345,10.27
37346,9.21
37347,14.35
37348,8.89
37349,9.06
37350,12.93
37351,14.03
37352,10.76
37353,10.11
37354,11.13
37355,9.94
37356,10.62
37357,16.34
37358,15.31
37359,10.09
37360,11.61
37361,13.36
37362,9.06
37363,16.16
37364,9.66
37365,12.45
37366,14.8
37367,9.66
37368,9.17
37369,15.33
37370,12.06
37371,13.39
37372,14.5
37373,9.27
37374,8.94
37375,13.22
37376,10.06
37377,8.94
37378,12.22
37379,13.34
37380,13.03
37381,14.84
37382,13.91
37383,16.54
37384,5.3
37385,8.95
37386,13.26
37387,14.26
37388,14.86
37389,13.43
37390,11.94
37391,15.66
37392,8.97
37393,11.29
37394,14.35
37395,9.02
37396,13.24
37397,5.3
37398,8.72
37399,17.89
37400,9.42
37401,11.04
37402,10.84
37403,10.88
37404,13.57
37405,15.81
37406,9.25
37407,13.84
37408,5.52
37409,13.76
37410,14.36
37411,9.14
37412,12.54
37413,12.16
37414,14.12
37415,12.46
37416,12.94
37417,13.25
37418,11.57
37419,13.94
37420,8.47
37421,11.81
37422,14.85
37423,12.83
37424,9.98
37425,14.77
37426,9.07
37427,9.96
37428,8.94
37429,14.71
37430,14.37
37431,12.52
37432,9.17
37433,14.67
37434,14.29
37435,5.3
37436,14.02
37437,9.34
37438,16.71
37439,12.23
37440,14.01
37441,9.59
37442,9.05
37443,8.84
37444,12.96
37445,10.99
37446,5.3
37447,14.06
37448,12.87
37449,14.36
37450,14.44
37451,14.45
37452,14.63
37453,14.03
37454,14.61
37455,13.34
37456,14.14
37457,14.76
37458,5.3
37459,16.55
37460,14.86
37461,12.26
37462,14.35
37463,5.3
37464,13.44
37465,12.87
37466,8.78
37467,15.41
37468,14.23
37469,13.9
37470,16.35
37471,9.75
37472,14.15
37473,13.49
37474,13.61
37475,14.01
37476,12.92
37477,8.99
37478,13.24
37479,14.37
37480,10.75
37481,15.63
37482,14.46
37483,12.02
37484,13.91
37485,12.14
37486,14.02
37487,9.51
37488,12.84
37489,13.59
37490,9.93
37491,13.8
37492,5.3
37493,9.59
37494,11.95
37495,14.37
37496,8.61
37497,13.7
37498,13.36
37499,11.01
37500,14.75
37501,9.53
37502,8.57
37503,12.82
37504,13.03
37505,9.54
37506,13.17
37507,11.09
37508,13.84
37509,5.3
37510,10.09
37511,12.21
37512,14.95
37513,13.76
37514,8.26
37515,13.51
37516,8.36
37517,9.68
37518,8.82
37519,17.24
37520,12.11
37521,7.37
37522,5.3
37523,15.93
37524,13.46
37525,12.43
37526,14.5
37527,9.4
37528,9.51
37529,14.59
37530,10.82
37531,15.54
37532,12.7
37533,8.6
37534,9.09
37535,13.77
37536,14.0
37537,13.9
37538,16.32
37539,9.11
37540,12.57
37541,8.54
37542,15.37
37543,5.3
37544,12.93
37545,12.22
37546,13.67
37547,13.89
37548,12.6
37549,10.8
37550,9.32
37551,9.45
37552,9.44
37553,12.58
37554,14.43
37555,10.22
37556,10.56
37557,11.19
37558,13.46
37559,14.35
37560,12.69
37561,12.34
37562,11.54
37563,14.46
37564,14.86
37565,10.92
37566,18.47
37567,16.53
37568,12.42
37569,12.14
37570,9.34
37571,10.3
37572,11.57
37573,10.63
37574,13.72
37575,9.94
37576,13.76
37577,11.02
37578,13.89
37579,12.74
37580,14.34
37581,16.17
37582,14.38
37583,18.08
37584,5.3
37585,11.57
37586,12.41
37587,9.1
37588,14.11
37589,14.21
37590,9.3
37591,12.94
37592,10.44
37593,14.46
37594,11.41
37595,9.55
37596,8.59
37597,13.97
37598,15.82
37599,11.43
37600,14.57
37601,15.23
37602,14.47
37603,12.3
37604,10.98
37605,10.78
37606,18.09
37607,13.11
37608,13.9
37609,9.63
37610,11.85
37611,13.28
37612,10.29
37613,12.24
37614,10.15
37615,17.99
37616,12.82
37617,14.55
37618,14.17
37619,12.15
37620,11.02
37621,10.15
37622,5.3
37623,14.94
37624,12.12
37625,14.5
37626,11.61
37627,9.79
37628,13.05
37629,13.66
37630,11.9
37631,9.95
37632,10.44
37633,12.86
37634,13.45
37635,14.26
37636,13.9
37637,9.99
37638,10.96
37639,11.36
37640,9.63
37641,16.18
37642,9.48
37643,11.77
37644,11.92
37645,14.51
37646,15.19
37647,13.86
37648,11.31
37649,11.23
37650,5.3
37651,9.01
37652,14.93
37653,13.82
37654,13.91
37655,10.85
37656,12.96
37657,11.86
37658,13.08
37659,13.1
37660,14.93
37661,11.89
37662,13.76
37663,9.87
37664,10.06
37665,5.3
37666,9.4
37667,5.3
37668,8.69
37669,15.11
37670,9.59
37671,15.35
37672,14.61
37673,11.13
37674,13.96
37675,9.68
37676,16.07
37677,13.91
37678,5.3
37679,7.25
37680,12.26
37681,15.73
37682,13.08
37683,9.03
37684,9.12
37685,13.94
37686,14.16
37687,14.69
37688,10.44
37689,12.44
37690,14.05
37691,8.56
37692,14.97
37693,12.65
37694,8.7
37695,9.11
37696,9.72
37697,14.08
37698,10.74
37699,9.25
37700,9.73
37701,9.47
37702,9.7
37703,16.48
37704,11.49
37705,15.88
37706,8.88
37707,8.31
37708,15.04
37709,9.29
37710,13.26
37711,9.34
37712,9.0
37713,14.64
37714,9.24
37715,13.27
37716,9.5
37717,9.63
37718,5.3
37719,15.18
37720,12.67
37721,11.93
37722,12.89
37723,16.11
37724,14.27
37725,9.3
37726,15.0
37727,15.92
37728,5.3
37729,8.9
37730,14.54
37731,14.43
37732,14.07
37733,18.49
37734,13.63
37735,5.3
37736,15.39
37737,5.3
37738,9.39
37739,16.32
37740,9.21
37741,13.18
37742,14.08
37743,15.62
37744,11.77
37745,11.45
37746,13.91
37747,15.31
37748,10.55
37749,11.67
37750,10.38
37751,12.44
37752,13.23
37753,15.68
37754,14.56
37755,8.95
37756,9.97
37757,13.91
37758,12.18
37759,11.44
37760,15.74
37761,12.01
37762,15.21
37763,13.6
37764,9.48
37765,13.72
37766,15.24
37767,10.34
37768,7.53
37769,14.84
37770,13.71
37771,9.59
37772,14.71
37773,11.04
37774,12.54
37775,16.13
37776,15.39
37777,11.23
37778,12.14
37779,8.33
37780,11.32
37781,13.49
37782,14.7
37783,15.06
37784,13.71
37785,5.3
37786,10.97
37787,11.53
37788,14.2
37789,13.77
37790,9.43
37791,14.69
37792,14.21
37793,14.06
37794,13.77
37795,9.16
37796,9.6
37797,11.65
37798,13.98
37799,11.07
37800,15.16
37801,15.21
37802,15.72
37803,10.12
37804,16.26
37805,11.34
37806,13.97
37807,13.99
37808,10.36
37809,9.49
37810,7.65
37811,11.34
37812,11.6
37813,15.75
37814,8.73
37815,9.0
37816,15.51
37817,9.03
37818,14.45
37819,9.77
37820,9.03
37821,5.3
37822,9.31
37823,9.81
37824,10.71
37825,9.3
37826,15.27
37827,13.34
37828,17.41
37829,12.86
37830,14.51
37831,13.04
37832,13.79
37833,14.59
37834,15.01
37835,12.08
37836,12.14
37837,14.44
37838,12.65
37839,10.49
37840,14.93
37841,20.06
37842,16.6
37843,12.64
37844,11.75
37845,9.66
37846,14.08
37847,13.09
37848,6.66
37849,11.27
37850,11.35
37851,12.41
37852,15.43
37853,10.02
37854,9.63
37855,12.85
37856,8.82
37857,10.88
37858,12.43
37859,11.15
37860,5.3
37861,14.06
37862,13.46
37863,7.82
37864,13.42
37865,9.82
37866,12.4
37867,11.37
37868,9.58
37869,13.74
37870,9.14
37871,12.26
37872,14.82
37873,12.5
37874,12.94
37875,7.48
37876,14.08
37877,9.75
37878,8.97
37879,8.55
37880,11.12
37881,12.0
37882,14.73
37883,14.32
37884,5.3
37885,14.93
37886,13.18
37887,10.05
37888,9.17
37889,13.77
37890,10.34
37891,5.3
37892,13.79
37893,17.81
37894,12.89
37895,6.88
37896,13.24
37897,14.55
37898,14.48
37899,12.99
37900,12.43
37901,9.76
37902,10.17
37903,10.58
37904,13.93
37905,13.87
37906,12.8
37907,5.3
37908,15.13
37909,11.06
37910,10.31
37911,8.77
37912,13.73
37913,11.74
37914,8.89
37915,13.47
37916,13.03
37917,14.7
37918,5.3
37919,15.85
37920,13.58
37921,12.25
37922,13.35
37923,9.59
37924,8.93
37925,13.92
37926,17.26
37927,11.91
37928,13.49
37929,13.53
37930,9.27
37931,5.3
37932,12.28
37933,10.38
37934,9.63
37935,8.45
37936,11.9
37937,14.01
37938,9.82
37939,15.14
37940,14.06
37941,13.98
37942,11.08
37943,14.84
37944,14.69
37945,12.71
37946,8.64
37947,15.52
37948,8.93
37949,10.39
37950,8.95
37951,14.02
37952,9.94
37953,14.91
37954,13.91
37955,16.78
37956,13.2
37957,5.3
37958,7.68
37959,11.74
37960,9.57
37961,12.3
37962,10.71
37963,13.55
37964,11.33
37965,11.2
37966,8.25
37967,11.15
37968,8.59
37969,14.46
37970,12.76
37971,14.28
37972,13.65
37973,12.0
37974,14.71
37975,15.69
37976,13.84
37977,14.44
37978,16.03
37979,13.74
37980,11.34
37981,6.75
37982,14.91
37983,14.34
37984,12.31
37985,16.51
37986,9.58
37987,13.69
37988,10.07
37989,12.6
37990,15.28
37991,9.56
37992,13.68
37993,13.87
37994,13.9
37995,13.45
37996,13.93
37997,5.3
37998,9.49
37999,11.89
38000,16.81
38001,13.9
38002,13.32
38003,11.64
38004,13.57
38005,5.3
38006,8.85
38007,9.49
38008,13.4
38009,14.76
38010,9.78
38011,9.55
38012,15.88
38013,10.08
38014,13.76
38015,9.03
38016,10.95
38017,12.58
38018,13.85
38019,13.3
38020,13.61
38021,10.33
38022,11.86
38023,9.5
38024,12.25
38025,12.27
38026,9.42
38027,13.8
38028,14.32
38029,17.98
38030,13.96
38031,13.36
38032,9.62
38033,13.92
38034,10.31
38035,9.49
38036,12.74
38037,17.58
38038,9.21
38039,12.71
38040,12.1
38041,11.01
38042,14.03
38043,9.43
38044,13.74
38045,12.1
38046,14.21
38047,8.3
38048,13.95
38049,17.0
38050,9.57
38051,14.69
38052,5.3
38053,10.72
38054,5.3
38055,12.82
38056,15.12
38057,10.48
38058,15.19
38059,13.69
38060,14.18
38061,15.23
38062,13.45
38063,13.08
38064,9.45
38065,12.27
38066,11.44
38067,9.17
38068,8.66
38069,14.01
38070,12.98
38071,14.05
38072,11.11
38073,10.34
38074,16.13
38075,16.67
38076,11.64
38077,8.83
38078,14.27
38079,14.16
38080,16.63
38081,13.97
38082,13.91
38083,9.07
38084,9.4
38085,14.15
38086,13.87
38087,12.25
38088,13.66
38089,13.9
38090,5.3
38091,13.26
38092,13.51
38093,9.68
38094,8.02
38095,18.26
38096,13.45
38097,10.29
38098,12.99
38099,12.16
38100,13.64
38101,11.92
38102,14.21
38103,16.35
38104,9.15
38105,15.79
38106,9.83
38107,13.89
38108,5.3
38109,5.3
38110,13.22
38111,10.39
38112,9.91
38113,13.47
38114,10.86
38115,12.84
38116,12.48
38117,5.3
38118,15.89
38119,11.88
38120,14.12
38121,15.28
38122,13.3
38123,10.74
38124,13.58
38125,14.7
38126,15.04
38127,13.26
38128,13.42
38129,11.93
38130,5.3
38131,11.33
38132,14.55
38133,13.86
38134,13.92
38135,12.9
38136,13.56
38137,12.15
38138,8.96
38139,5.3
38140,13.3
38141,15.02
38142,13.66
38143,12.12
38144,8.8
38145,14.87
38146,14.04
38147,11.94
38148,9.72
38149,14.35
38150,8.93
38151,12.78
38152,9.29
38153,11.16
38154,14.05
38155,8.98
38156,8.88
38157,15.61
38158,12.13
38159,16.26
38160,11.62
38161,14.41
38162,13.75
38163,11.91
38164,11.08
38165,10.1
38166,12.49
38167,8.78
38168,14.61
38169,5.3
38170,11.6
38171,14.55
38172,8.02
38173,8.99
38174,9.02
38175,14.51
38176,9.88
38177,5.3
38178,13.73
38179,12.28
38180,11.56
38181,11.66
38182,13.92
38183,9.69
38184,14.09
38185,13.56
38186,13.92
38187,14.31
38188,13.04
38189,11.29
38190,14.12
38191,8.96
38192,13.26
38193,10.91
38194,12.46
38195,12.07
38196,9.6
38197,14.51
38198,9.22
38199,14.54
38200,19.36
38201,10.15
38202,13.92
38203,9.2
38204,17.86
38205,7.26
38206,13.04
38207,11.1
38208,9.25
38209,5.3
38210,11.39
38211,12.01
38212,8.57
38213,12.39
38214,11.01
38215,17.81
38216,15.81
38217,13.76
38218,11.32
38219,8.73
38220,12.4
38221,14.39
38222,12.85
38223,14.6
38224,13.58
38225,10.07
38226,10.44
38227,9.72
38228,17.41
38229,13.61
38230,11.93
38231,8.77
38232,17.04
38233,14.0
38234,13.58
38235,10.0
38236,11.06
38237,14.72
38238,16.43
38239,13.94
38240,8.15
38241,14.0
38242,12.8
38243,10.34
38244,8.81
38245,15.37
38246,8.55
38247,10.54
38248,11.96
38249,10.28
38250,9.95
38251,8.67
38252,13.15
38253,14.11
38254,13.17
38255,13.47
38256,8.75
38257,9.24
38258,12.7
38259,17.85
38260,8.12
38261,10.42
38262,11.29
38263,14.49
38264,14.12
38265,11.42
38266,13.64
38267,10.98
38268,5.3
38269,14.0
38270,5.3
38271,13.44
38272,10.38
38273,10.62
38274,9.82
38275,15.58
38276,9.77
38277,10.71
38278,5.3
38279,5.3
38280,13.63
38281,12.86
38282,5.3
38283,5.3
38284,9.63
38285,7.3
38286,14.04
38287,10.34
38288,15.77
38289,10.22
38290,5.3
38291,15.34
38292,9.01
38293,5.3
38294,14.13
38295,5.3
38296,8.87
38297,14.96
38298,9.37
38299,12.07
38300,17.69
38301,11.26
38302,12.21
38303,11.91
38304,11.42
38305,14.98
38306,9.68
38307,14.28
38308,10.05
38309,14.07
38310,13.26
38311,9.91
38312,9.21
38313,5.3
38314,11.11
38315,14.04
38316,14.41
38317,12.59
38318,13.34
38319,9.88
38320,13.91
38321,14.04
38322,17.41
38323,9.41
38324,15.09
38325,14.97
38326,14.12
38327,11.33
38328,9.83
38329,11.39
38330,12.06
38331,9.24
38332,13.76
38333,12.18
38334,10.54
38335,7.53
38336,13.97
38337,13.97
38338,10.96
38339,5.3
38340,9.54
38341,9.41
38342,14.61
38343,11.5
38344,12.14
38345,18.93
38346,15.06
38347,9.39
38348,13.14
38349,10.37
38350,10.25
38351,9.45
38352,11.67
38353,15.92
38354,13.86
38355,14.72
38356,9.63
38357,11.52
38358,13.81
38359,10.05
38360,11.93
38361,9.9
38362,9.46
38363,10.31
38364,13.76
38365,12.22
38366,11.1
38367,10.62
38368,10.59
38369,13.16
38370,16.28
38371,14.6
38372,10.91
38373,10.82
38374,12.48
38375,12.58
38376,13.6
38377,11.88
38378,14.15
38379,9.1
38380,9.99
38381,13.61
38382,13.46
38383,12.45
38384,12.2
38385,9.69
38386,13.75
38387,5.3
38388,14.01
38389,12.0
38390,14.14
38391,10.08
38392,9.62
38393,8.94
38394,9.11
38395,11.15
38396,6.12
38397,5.3
38398,13.4
38399,14.21
38400,9.86
38401,18.82
38402,13.13
38403,15.18
38404,20.35
38405,15.22
38406,12.9
38407,13.51
38408,13.81
38409,9.02
38410,9.74
38411,13.9
38412,11.6
38413,8.65
38414,14.93
38415,20.09
38416,5.3
38417,14.79
38418,15.93
38419,15.16
38420,9.0
38421,11.34
38422,14.58
38423,14.79
38424,13.9
38425,15.36
38426,5.3
38427,12.85
38428,14.64
38429,15.42
38430,12.09
38431,10.26
38432,9.49
38433,12.27
38434,8.04
38435,9.06
38436,13.05
38437,13.89
38438,13.3
38439,16.0
38440,14.04
38441,13.62
38442,8.93
38443,14.89
38444,14.48
38445,15.23
38446,12.18
38447,8.8
38448,9.59
38449,10.38
38450,9.17
38451,18.28
38452,13.93
38453,14.2
38454,9.07
38455,8.61
38456,9.56
38457,9.69
38458,11.09
38459,12.22
38460,11.88
38461,9.97
38462,13.89
38463,14.68
38464,9.9
38465,13.91
38466,11.3
38467,16.04
38468,14.19
38469,17.61
38470,17.31
38471,10.93
38472,11.12
38473,14.03
38474,8.83
38475,14.66
38476,13.36
38477,10.27
38478,5.3
38479,13.76
38480,14.89
38481,13.96
38482,14.13
38483,11.84
38484,10.19
38485,15.05
38486,15.67
38487,13.65
38488,13.48
38489,8.71
38490,10.79
38491,14.54
38492,9.72
38493,14.35
38494,9.41
38495,12.39
38496,16.21
38497,12.28
38498,8.96
38499,12.87
38500,13.89
38501,13.01
38502,8.36
38503,13.98
38504,20.13
38505,14.14
38506,15.58
38507,13.7
38508,14.82
38509,9.95
38510,8.18
38511,14.12
38512,13.09
38513,9.59
38514,12.37
38515,12.79
38516,18.63
38517,16.35
38518,11.28
38519,14.82
38520,12.02
38521,14.45
38522,13.72
38523,8.78
38524,13.68
38525,12.36
38526,13.63
38527,9.05
38528,11.92
38529,8.93
38530,9.57
38531,8.28
38532,5.3
38533,13.79
38534,9.55
38535,15.02
38536,17.43
38537,11.4
38538,12.68
38539,13.66
38540,13.67
38541,16.39
38542,12.93
38543,9.03
38544,8.66
38545,14.28
38546,10.56
38547,9.15
38548,12.09
38549,12.24
38550,14.25
38551,11.01
38552,15.43
38553,10.45
38554,9.68
38555,14.19
38556,14.09
38557,11.79
38558,10.27
38559,5.3
38560,16.18
38561,14.09
38562,12.37
38563,15.52
38564,8.45
38565,12.28
38566,13.21
38567,11.2
38568,17.6
38569,13.9
38570,11.2
38571,10.26
38572,11.81
38573,9.75
38574,13.93
38575,12.89
38576,12.43
38577,5.3
38578,13.2
38579,13.73
38580,13.88
38581,9.64
38582,12.12
38583,5.3
38584,14.71
38585,8.4
38586,12.25
38587,11.89
38588,13.01
38589,12.85
38590,14.83
38591,9.65
38592,8.41
38593,12.64
38594,8.91
38595,12.42
38596,5.3
38597,17.44
38598,9.99
38599,10.93
38600,9.63
38601,14.94
38602,12.93
38603,14.72
38604,14.0
38605,5.3
38606,12.47
38607,9.46
38608,15.03
38609,14.83
38610,9.93
38611,8.17
38612,9.24
38613,11.63
38614,12.83
38615,10.0
38616,5.3
38617,8.52
38618,13.32
38619,14.71
38620,13.08
38621,9.05
38622,15.58
38623,9.39
38624,11.27
38625,14.59
38626,11.4
38627,17.78
38628,9.29
38629,10.03
38630,9.5
38631,14.0
38632,8.97
38633,9.61
38634,9.15
38635,13.64
38636,10.58
38637,13.98
38638,9.38
38639,14.24
38640,10.54
38641,14.74
38642,11.74
38643,13.03
38644,10.88
38645,12.05
38646,9.73
38647,8.78
38648,12.11
38649,11.86
38650,14.14
38651,9.85
38652,13.08
38653,5.3
38654,9.25
38655,14.27
38656,9.63
38657,14.29
38658,16.03
38659,16.35
38660,9.71
38661,12.77
38662,13.53
38663,14.53
38664,8.64
38665,13.79
38666,14.96
38667,8.31
38668,8.64
38669,13.49
38670,13.56
38671,14.79
38672,15.32
38673,13.85
38674,14.12
38675,5.3
38676,12.36
38677,9.6
38678,15.62
38679,14.63
38680,8.69
38681,11.05
38682,9.2
38683,13.24
38684,15.67
38685,12.4
38686,11.67
38687,15.41
38688,11.69
38689,15.97
38690,13.1
38691,11.44
38692,9.31
38693,11.66
38694,13.31
38695,13.17
38696,15.13
38697,5.3
38698,8.69
38699,13.39
38700,14.57
38701,13.86
38702,9.87
38703,12.11
38704,14.79
38705,11.31
38706,6.98
38707,5.3
38708,8.88
38709,9.6
38710,13.85
38711,12.18
38712,10.07
38713,9.86
38714,14.88
38715,11.94
38716,12.55
38717,10.8
38718,9.46
38719,9.19
38720,14.09
38721,8.81
38722,8.71
38723,12.06
38724,12.52
38725,13.2
38726,9.37
38727,16.13
38728,15.67
38729,5.3
38730,10.19
38731,7.18
38732,16.13
38733,16.78
38734,11.02
38735,13.84
38736,9.94
38737,11.9
38738,12.02
38739,9.8
38740,14.99
38741,10.44
38742,10.55
38743,13.99
38744,14.01
38745,13.39
38746,10.34
38747,14.12
38748,11.81
38749,11.34
38750,13.74
38751,15.11
38752,8.51
38753,13.6
38754,11.66
38755,10.75
38756,13.6
38757,10.5
38758,9.44
38759,12.78
38760,8.84
38761,10.21
38762,12.83
38763,16.07
38764,13.93
38765,11.18
38766,8.61
38767,9.32
38768,15.42
38769,11.56
38770,8.8
38771,17.05
38772,5.3
38773,10.24
38774,10.52
38775,12.66
38776,15.43
38777,9.24
38778,11.98
38779,13.79
38780,11.77
38781,8.78
38782,8.87
38783,9.56
38784,10.37
38785,12.12
38786,10.33
38787,13.59
38788,12.75
38789,10.7
38790,14.08
38791,11.99
38792,12.18
38793,17.18
38794,13.67
38795,5.3
38796,11.91
38797,8.75
38798,9.41
38799,10.25
38800,9.85
38801,12.98
38802,9.32
38803,16.59
38804,8.62
38805,13.84
38806,11.46
38807,9.46
38808,13.99
38809,13.35
38810,8.75
38811,12.8
38812,13.52
38813,9.51
38814,14.42
38815,5.3
38816,15.1
38817,13.71
38818,10.25
38819,8.82
38820,8.88
38821,10.65
38822,15.89
38823,8.99
38824,13.08
38825,10.45
38826,11.78
38827,13.2
38828,12.23
38829,13.68
38830,17.3
38831,5.3
38832,19.26
38833,14.18
38834,12.2
38835,14.88
38836,10.58
38837,9.33
38838,13.4
38839,9.39
38840,13.27
38841,17.36
38842,13.64
38843,14.71
38844,14.29
38845,12.15
38846,14.4
38847,12.33
38848,9.03
38849,13.68
38850,12.11
38851,12.81
38852,5.3
38853,12.91
38854,5.3
38855,12.37
38856,9.81
38857,13.87
38858,13.88
38859,13.96
38860,13.48
38861,13.4
38862,9.45
38863,11.83
38864,11.81
38865,15.19
38866,13.96
38867,11.6
38868,9.68
38869,9.05
38870,10.66
38871,13.67
38872,11.7
38873,9.74
38874,12.5
38875,9.26
38876,16.78
38877,11.49
38878,5.3
38879,13.89
38880,13.07
38881,13.56
38882,12.64
38883,18.75
38884,12.51
38885,12.42
38886,9.81
38887,10.26
38888,13.74
38889,9.08
38890,14.08
38891,15.94
38892,9.12
38893,15.91
38894,9.44
38895,15.01
38896,9.19
38897,10.11
38898,14.77
38899,8.24
38900,9.25
38901,10.26
38902,14.62
38903,11.79
38904,13.83
38905,14.06
38906,13.26
38907,10.95
38908,11.65
38909,13.76
38910,11.68
38911,12.3
38912,9.03
38913,8.65
38914,9.59
38915,14.01
38916,8.77
38917,11.87
38918,10.21
38919,15.56
38920,5.3
38921,9.19
38922,13.64
38923,11.24
38924,9.35
38925,12.15
38926,12.69
38927,9.15
38928,13.43
38929,14.07
38930,17.97
38931,12.0
38932,12.08
38933,13.38
38934,10.92
38935,5.3
38936,13.4
38937,5.3
38938,13.74
38939,12.8
38940,12.38
38941,14.38
38942,7.73
38943,9.09
38944,19.09
38945,13.68
38946,15.34
38947,9.32
38948,9.28
38949,14.88
38950,8.57
38951,13.92
38952,10.99
38953,9.72
38954,8.28
38955,9.54
38956,8.55
38957,11.69
38958,14.16
38959,13.29
38960,18.4
38961,16.31
38962,9.57
38963,14.73
38964,14.02
38965,11.33
38966,12.2
38967,8.84
38968,9.41
38969,16.8
38970,10.5
38971,13.61
38972,9.12
38973,9.38
38974,7.75
38975,16.33
38976,8.86
38977,14.01
38978,12.67
38979,11.27
38980,11.13
38981,15.6
38982,13.44
38983,13.57
38984,14.01
38985,8.78
38986,9.21
38987,15.52
38988,13.41
38989,14.77
38990,8.94
38991,5.3
38992,14.69
38993,13.83
38994,13.11
38995,13.54
38996,12.73
38997,13.78
38998,13.93
38999,9.81
39000,5.3
39001,8.86
39002,12.18
39003,13.9
39004,5.3
39005,14.76
39006,15.26
39007,15.68
39008,9.49
39009,13.01
39010,8.02
39011,13.78
39012,5.3
39013,9.46
39014,8.08
39015,9.5
39016,15.98
39017,13.74
39018,12.05
39019,13.96
39020,8.91
39021,9.71
39022,13.89
39023,9.33
39024,13.28
39025,11.96
39026,10.28
39027,13.93
39028,8.85
39029,10.69
39030,13.45
39031,11.26
39032,14.78
39033,11.99
39034,14.33
39035,9.24
39036,13.41
39037,11.56
39038,5.3
39039,8.79
39040,13.6
39041,12.12
39042,8.12
39043,14.35
39044,8.63
39045,14.98
39046,12.41
39047,5.3
39048,12.95
39049,13.66
39050,10.5
39051,9.33
39052,12.53
39053,10.76
39054,14.25
39055,11.29
39056,14.08
39057,9.58
39058,14.64
39059,13.51
39060,13.56
39061,13.99
39062,9.36
39063,13.38
39064,14.24
39065,12.42
39066,13.6
39067,12.25
39068,11.49
39069,11.77
39070,10.74
39071,9.56
39072,5.3
39073,14.73
39074,11.31
39075,9.14
39076,12.45
39077,8.44
39078,15.61
39079,9.63
39080,5.3
39081,15.68
39082,8.3
39083,13.44
39084,9.58
39085,13.97
39086,14.54
39087,8.86
39088,14.78
39089,9.71
39090,13.01
39091,8.63
39092,12.75
39093,14.06
39094,16.09
39095,14.12
39096,11.62
39097,15.26
39098,12.86
39099,11.27
39100,9.45
39101,14.08
39102,15.57
39103,12.47
39104,5.3
39105,8.86
39106,12.93
39107,11.26
39108,9.52
39109,12.44
39110,14.02
39111,13.91
39112,14.25
39113,15.22
39114,15.67
39115,9.57
39116,15.2
39117,13.56
39118,15.31
39119,13.88
39120,9.96
39121,11.26
39122,12.23
39123,11.94
39124,14.14
39125,9.79
39126,10.08
39127,12.27
39128,12.21
39129,11.18
39130,9.23
39131,10.69
39132,11.48
39133,12.87
39134,10.01
39135,14.14
39136,8.74
39137,5.3
39138,9.97
39139,13.72
39140,15.66
39141,5.3
39142,14.25
39143,16.01
39144,14.59
39145,5.3
39146,8.41
39147,9.9
39148,9.27
39149,8.47
39150,15.24
39151,12.24
39152,8.87
39153,13.96
39154,9.82
39155,9.71
39156,8.84
39157,8.91
39158,12.39
39159,6.86
39160,5.3
39161,13.61
39162,15.26
39163,8.28
39164,14.83
39165,11.44
39166,8.42
39167,13.37
39168,15.15
39169,13.16
39170,15.62
39171,9.92
39172,11.08
39173,9.5
39174,8.45
39175,13.57
39176,11.37
39177,17.5
39178,9.5
39179,10.24
39180,12.23
39181,5.3
39182,5.3
39183,11.59
39184,15.7
39185,12.22
39186,15.47
39187,14.7
39188,10.61
39189,11.13
39190,13.95
39191,9.25
39192,15.61
39193,5.3
39194,9.83
39195,9.46
39196,10.88
39197,18.28
39198,13.34
39199,11.25
39200,15.81
39201,13.43
39202,10.36
39203,14.97
39204,8.86
39205,9.3
39206,14.39
39207,12.52
39208,14.26
39209,13.72
39210,12.85
39211,9.35
39212,13.68
39213,9.9
39214,14.39
39215,8.58
39216,14.76
39217,17.86
39218,10.29
39219,10.69
39220,16.1
39221,8.75
39222,7.35
39223,8.84
39224,10.41
39225,14.86
39226,9.39
39227,14.27
39228,14.36
39229,10.19
39230,13.9
39231,13.03
39232,9.89
39233,14.81
39234,5.3
39235,14.27
39236,10.25
39237,13.43
39238,5.3
39239,11.62
39240,17.07
39241,13.05
39242,13.32
39243,13.45
39244,13.83
39245,15.23
39246,14.41
39247,9.02
39248,13.89
39249,9.39
39250,11.22
39251,9.27
39252,8.56
39253,10.61
39254,14.25
39255,9.38
39256,14.22
39257,12.87
39258,13.93
39259,14.13
39260,13.97
39261,13.55
39262,11.71
39263,10.03
39264,14.66
39265,11.81
39266,5.3
39267,9.6
39268,10.02
39269,9.69
39270,10.6
39271,5.3
39272,12.17
39273,13.34
39274,13.73
39275,5.3
39276,14.58
39277,9.02
39278,12.37
39279,16.13
39280,14.31
39281,16.58
39282,12.11
39283,16.47
39284,10.49
39285,13.18
39286,10.11
39287,11.69
39288,9.09
39289,9.79
39290,10.38
39291,13.45
39292,13.78
39293,13.86
39294,11.42
39295,10.43
39296,9.21
39297,15.25
39298,15.65
39299,18.04
39300,13.0
39301,12.13
39302,10.08
39303,8.17
39304,16.34
39305,8.46
39306,9.15
39307,16.22
39308,15.33
39309,14.47
39310,11.35
39311,13.83
39312,14.55
39313,13.81
39314,10.14
39315,13.81
39316,9.45
39317,9.8
39318,13.39
39319,13.37
39320,9.07
39321,13.53
39322,8.37
39323,10.6
39324,14.08
39325,9.61
39326,13.68
39327,12.78
39328,9.41
39329,14.32
39330,10.28
39331,13.2
39332,5.3
39333,14.11
39334,9.57
39335,13.86
39336,12.49
39337,13.88
39338,14.41
39339,8.73
39340,10.68
39341,5.3
39342,14.32
39343,9.15
39344,12.96
39345,8.94
39346,12.52
39347,13.86
39348,15.77
39349,11.0
39350,12.7
39351,13.77
39352,14.59
39353,14.06
39354,11.78
39355,14.82
39356,9.3
39357,5.3
39358,5.3
39359,8.99
39360,11.22
39361,13.63
39362,5.3
39363,14.14
39364,15.33
39365,14.16
39366,13.24
39367,10.07
39368,8.33
39369,14.86
39370,11.44
39371,13.88
39372,11.16
39373,14.1
39374,9.42
39375,9.25
39376,13.16
39377,11.75
39378,14.82
39379,9.75
39380,10.31
39381,13.93
39382,13.85
39383,14.57
39384,8.54
39385,5.3
39386,5.3
39387,16.46
39388,12.5
39389,13.76
39390,5.3
39391,14.44
39392,13.45
39393,10.12
39394,13.84
39395,9.03
39396,15.32
39397,11.48
39398,9.54
39399,12.96
39400,13.08
39401,11.36
39402,13.35
39403,9.76
39404,5.69
39405,17.04
39406,8.92
39407,9.42
39408,14.67
39409,17.14
39410,13.65
39411,14.22
39412,5.3
39413,12.92
39414,11.75
39415,14.46
39416,13.46
39417,10.71
39418,9.2
39419,9.33
39420,14.32
39421,18.43
39422,14.19
39423,9.42
39424,15.82
39425,12.71
39426,13.81
39427,14.87
39428,11.92
39429,13.17
39430,13.27
39431,12.85
39432,9.56
39433,8.59
39434,14.75
39435,12.58
39436,10.8
39437,11.97
39438,13.36
39439,15.54
39440,5.3
39441,12.29
39442,11.49
39443,13.51
39444,16.16
39445,9.94
39446,13.35
39447,14.06
39448,9.45
39449,8.15
39450,9.08
39451,7.1
39452,12.43
39453,15.38
39454,13.79
39455,12.97
39456,10.84
39457,8.95
39458,9.65
39459,8.64
39460,5.3
39461,9.23
39462,15.59
39463,13.2
39464,15.29
39465,9.56
39466,17.4
39467,14.66
39468,11.19
39469,13.73
39470,13.53
39471,14.45
39472,13.29
39473,8.99
39474,9.36
39475,16.31
39476,11.86
39477,11.03
39478,11.69
39479,9.31
39480,11.55
39481,13.24
39482,10.54
39483,10.0
39484,9.73
39485,12.1
39486,9.08
39487,13.6
39488,9.4
39489,11.49
39490,13.77
39491,14.95
39492,12.93
39493,9.36
39494,13.01
39495,13.48
39496,15.43
39497,15.87
39498,9.6
39499,14.12
39500,11.56
39501,12.65
39502,10.28
39503,12.62
39504,13.69
39505,11.26
39506,13.5
39507,7.39
39508,9.3
39509,11.8
39510,5.3
39511,8.97
39512,15.94
39513,11.62
39514,8.07
39515,13.91
39516,5.3
39517,15.15
39518,14.63
39519,5.3
39520,10.52
39521,9.09
39522,14.98
39523,7.44
39524,10.01
39525,17.78
39526,12.11
39527,14.24
39528,8.39
39529,6.74
39530,9.94
39531,16.37
39532,13.22
39533,12.52
39534,12.81
39535,9.48
39536,14.86
39537,10.96
39538,13.22
39539,11.07
39540,10.01
39541,12.02
39542,5.3
39543,13.83
39544,15.85
39545,10.48
39546,15.11
39547,10.64
39548,11.88
39549,11.09
39550,9.59
39551,18.48
39552,9.87
39553,12.37
39554,14.23
39555,10.25
39556,8.36
39557,11.13
39558,11.27
39559,9.5
39560,12.76
39561,12.32
39562,12.39
39563,9.75
39564,12.05
39565,9.34
39566,8.54
39567,14.86
39568,15.62
39569,11.97
39570,17.59
39571,13.91
39572,13.83
39573,13.71
39574,14.36
39575,11.13
39576,11.5
39577,9.54
39578,6.84
39579,12.16
39580,15.08
39581,13.76
39582,12.46
39583,13.65
39584,9.47
39585,14.78
39586,15.15
39587,10.72
39588,10.03
39589,14.54
39590,14.43
39591,13.92
39592,13.87
39593,10.22
39594,14.5
39595,9.46
39596,15.12
39597,10.21
39598,14.13
39599,10.06
39600,13.96
39601,10.02
39602,12.47
39603,14.37
39604,13.89
39605,14.49
39606,10.82
39607,11.1
39608,14.01
39609,11.28
39610,14.2
39611,14.01
39612,9.48
39613,8.72
39614,15.05
39615,9.28
39616,14.5
39617,12.94
39618,9.3
39619,12.76
39620,11.28
39621,14.92
39622,13.53
39623,13.69
39624,14.29
39625,15.94
39626,10.86
39627,11.49
39628,13.31
39629,14.2
39630,5.3
39631,12.96
39632,16.06
39633,10.04
39634,9.36
39635,8.8
39636,8.75
39637,17.86
39638,11.38
39639,14.82
39640,9.68
39641,18.15
39642,9.4
39643,15.25
39644,15.02
39645,13.55
39646,6.9
39647,8.5
39648,8.73
39649,16.24
39650,12.42
39651,10.09
39652,14.51
39653,14.36
39654,9.38
39655,8.81
39656,14.94
39657,5.3
39658,12.08
39659,9.14
39660,8.8
39661,14.23
39662,8.76
39663,10.27
39664,13.74
39665,13.68
39666,10.18
39667,9.14
39668,14.01
39669,14.11
39670,11.76
39671,12.27
39672,11.42
39673,12.64
39674,10.65
39675,15.66
39676,11.31
39677,13.62
39678,9.74
39679,5.3
39680,12.56
39681,13.83
39682,16.55
39683,15.63
39684,14.03
39685,14.13
39686,14.15
39687,13.75
39688,8.67
39689,8.96
39690,5.3
39691,13.69
39692,15.74
39693,13.65
39694,7.74
39695,8.85
39696,9.67
39697,11.78
39698,13.13
39699,15.44
39700,16.03
39701,12.49
39702,12.05
39703,12.73
39704,14.13
39705,14.57
39706,9.16
39707,14.37
39708,13.38
39709,13.42
39710,15.81
39711,13.55
39712,13.11
39713,9.93
39714,8.9
39715,13.59
39716,9.92
39717,11.47
39718,14.93
39719,14.02
39720,13.79
39721,9.02
39722,9.24
39723,9.44
39724,14.42
39725,10.21
39726,9.82
39727,12.32
39728,13.75
39729,9.41
39730,8.5
39731,14.12
39732,13.28
39733,13.35
39734,8.92
39735,13.12
39736,14.73
39737,14.95
39738,9.72
39739,8.31
39740,8.67
39741,17.75
39742,14.43
39743,8.83
39744,11.22
39745,9.56
39746,8.2
39747,12.51
39748,7.49
39749,14.15
39750,12.98
39751,14.87
39752,17.12
39753,5.3
39754,12.5
39755,13.38
39756,11.5
39757,9.46
39758,14.66
39759,5.3
39760,8.54
39761,11.18
39762,13.47
39763,5.3
39764,9.19
39765,5.3
39766,12.12
39767,14.33
39768,15.43
39769,14.54
39770,14.56
39771,11.89
39772,14.07
39773,11.41
39774,13.82
39775,5.3
39776,10.31
39777,11.42
39778,14.66
39779,11.53
39780,9.04
39781,9.48
39782,5.3
39783,14.62
39784,10.89
39785,13.78
39786,15.5
39787,9.94
39788,13.84
39789,14.88
39790,9.3
39791,10.56
39792,13.75
39793,10.47
39794,16.01
39795,13.95
39796,13.84
39797,12.17
39798,13.43
39799,14.69
39800,13.74
39801,5.3
39802,9.04
39803,9.7
39804,9.73
39805,13.77
39806,9.16
39807,13.75
39808,13.84
39809,9.2
39810,13.62
39811,8.86
39812,8.69
39813,13.91
39814,8.67
39815,10.74
39816,15.8
39817,17.19
39818,5.3
39819,5.3
39820,13.45
39821,9.31
39822,14.3
39823,8.41
39824,9.45
39825,14.11
39826,11.87
39827,8.6
39828,13.05
39829,8.69
39830,10.63
39831,16.05
39832,13.37
39833,14.41
39834,11.46
39835,15.38
39836,9.71
39837,14.64
39838,14.28
39839,12.3
39840,13.2
39841,9.47
39842,13.76
39843,13.43
39844,13.78
39845,12.7
39846,9.49
39847,13.45
39848,15.44
39849,13.98
39850,9.65
39851,8.24
39852,12.12
39853,15.59
39854,10.65
39855,13.64
39856,12.71
39857,10.45
39858,11.59
39859,9.98
39860,14.47
39861,5.3
39862,18.18
39863,11.48
39864,12.16
39865,14.61
39866,15.14
39867,13.55
39868,13.35
39869,13.83
39870,15.53
39871,12.92
39872,15.83
39873,8.54
39874,12.13
39875,11.99
39876,14.6
39877,9.24
39878,9.47
39879,9.39
39880,11.77
39881,14.22
39882,14.67
39883,11.17
39884,8.89
39885,16.91
39886,14.32
39887,14.25
39888,15.35
39889,9.14
39890,14.06
39891,17.4
39892,15.62
39893,13.53
39894,11.06
39895,8.98
39896,13.89
39897,8.28
39898,10.75
39899,9.3
39900,8.93
39901,9.17
39902,12.25
39903,10.86
39904,14.54
39905,14.07
39906,14.86
39907,14.13
39908,13.93
39909,12.61
39910,8.81
39911,5.3
39912,12.37
39913,5.3
39914,9.09
39915,16.83
39916,9.72
39917,14.4
39918,16.14
39919,11.44
39920,14.53
39921,13.58
39922,9.43
39923,15.83
39924,12.8
39925,15.46
39926,9.07
39927,10.73
39928,14.12
39929,13.87
39930,13.9
39931,9.32
39932,13.32
39933,13.78
39934,13.02
39935,11.19
39936,13.91
39937,12.01
39938,10.63
39939,13.03
39940,16.35
39941,13.98
39942,14.0
39943,19.53
39944,11.33
39945,17.71
39946,9.86
39947,9.58
39948,13.83
39949,13.42
39950,8.24
39951,9.23
39952,13.15
39953,14.35
39954,15.86
39955,12.36
39956,16.72
39957,9.35
39958,7.6
39959,10.2
39960,8.46
39961,14.71
39962,15.36
39963,9.6
39964,14.59
39965,19.33
39966,17.12
39967,9.15
39968,14.25
39969,13.56
39970,14.53
39971,11.03
39972,13.87
39973,13.11
39974,14.18
39975,15.37
39976,8.6
39977,7.57
39978,12.79
39979,13.37
39980,14.36
39981,14.22
39982,12.19
39983,13.62
39984,10.46
39985,13.62
39986,15.53
39987,11.43
39988,9.68
39989,14.23
39990,8.95
39991,13.39
39992,9.92
39993,13.27
39994,12.14
39995,14.65
39996,15.11
39997,11.94
39998,13.74
39999,5.3
40000,13.37
40001,12.02
40002,13.53
40003,15.73
40004,14.12
40005,5.3
40006,10.1
40007,14.24
40008,10.47
40009,5.3
40010,5.3
40011,8.48
40012,10.4
40013,9.02
40014,9.36
40015,13.58
40016,5.3
40017,8.88
40018,14.19
40019,9.07
40020,5.3
40021,12.79
40022,9.6
40023,13.12
40024,13.45
40025,19.11
40026,8.68
40027,10.85
40028,11.93
40029,15.0
40030,12.79
40031,5.3
40032,15.39
40033,13.21
40034,9.04
40035,14.28
40036,14.34
40037,16.21
40038,13.97
40039,12.96
40040,12.13
40041,11.79
40042,13.39
40043,11.86
40044,10.35
40045,9.55
40046,10.9
40047,11.92
40048,15.9
40049,13.03
40050,18.98
40051,10.81
40052,11.61
40053,9.72
40054,9.67
40055,10.79
40056,5.3
40057,5.3
40058,16.54
40059,13.76
40060,9.15
40061,15.49
40062,12.4
40063,14.18
40064,14.01
40065,8.92
40066,9.71
40067,10.81
40068,14.01
40069,14.42
40070,13.86
40071,11.58
40072,13.82
40073,15.22
40074,15.67
40075,12.17
40076,13.99
40077,8.92
40078,9.27
40079,8.4
40080,14.9
40081,13.69
40082,9.11
40083,14.21
40084,15.21
40085,14.62
40086,8.22
40087,9.03
40088,9.24
40089,9.44
40090,15.84
40091,10.01
40092,11.04
40093,13.44
40094,9.21
40095,15.16
40096,10.53
40097,15.82
40098,12.01
40099,12.29
40100,9.39
40101,13.58
40102,9.33
40103,8.93
40104,9.18
40105,10.81
40106,13.28
40107,13.09
40108,12.76
40109,9.46
40110,10.47
40111,16.65
40112,12.54
40113,15.63
40114,9.78
40115,10.73
40116,16.47
40117,14.89
40118,8.02
40119,14.61
40120,10.81
40121,13.49
40122,10.31
40123,14.23
40124,15.41
40125,9.1
40126,11.26
40127,13.03
40128,12.15
40129,15.23
40130,9.83
40131,14.05
40132,11.8
40133,13.94
40134,15.14
40135,11.21
40136,13.79
40137,14.26
40138,9.09
40139,12.38
40140,5.3
40141,14.78
40142,12.96
40143,11.87
40144,13.95
40145,11.51
40146,10.96
40147,9.6
40148,13.21
40149,14.23
40150,13.01
40151,14.76
40152,13.46
40153,12.08
40154,10.76
40155,13.88
40156,16.46
40157,9.21
40158,13.76
40159,12.55
40160,9.0
40161,9.26
40162,8.21
40163,15.73
40164,9.52
40165,15.98
40166,15.61
40167,14.85
40168,10.09
40169,14.29
40170,12.72
40171,13.54
40172,13.84
40173,11.43
40174,14.9
40175,13.88
40176,11.52
40177,12.32
40178,8.69
40179,14.39
40180,15.13
40181,5.3
40182,12.94
40183,9.8
40184,8.82
40185,5.3
40186,14.32
40187,8.15
40188,13.72
40189,11.26
40190,13.89
40191,8.14
40192,14.35
40193,13.73
40194,10.32
40195,8.63
40196,12.85
40197,5.3
40198,10.24
40199,16.97
40200,16.24
40201,9.61
40202,12.91
40203,13.77
40204,7.87
40205,12.85
40206,11.06
40207,5.3
40208,5.3
40209,13.81
40210,14.09
40211,15.68
40212,7.92
40213,8.5
40214,9.09
40215,10.65
40216,14.61
40217,10.15
40218,9.04
40219,13.56
40220,13.82
40221,5.3
40222,13.7
40223,9.58
40224,10.2
40225,15.89
40226,14.32
40227,13.78
40228,11.42
40229,8.04
40230,13.37
40231,14.69
40232,12.95
40233,15.93
40234,9.23
40235,12.05
40236,8.64
40237,9.67
40238,9.47
40239,11.99
40240,9.92
40241,5.3
40242,14.57
40243,11.97
40244,10.88
40245,15.06
40246,19.87
40247,10.9
40248,8.97
40249,10.32
40250,11.26
40251,11.53
40252,13.92
40253,14.49
40254,11.65
40255,15.88
40256,13.58
40257,14.56
40258,14.77
40259,8.99
40260,11.57
40261,12.31
40262,9.97
40263,13.9
40264,16.38
40265,15.53
40266,12.19
40267,10.1
40268,10.8
40269,16.64
40270,14.93
40271,8.59
40272,9.77
40273,9.35
40274,14.6
40275,14.12
40276,12.69
40277,15.1
40278,9.53
40279,18.26
40280,13.08
40281,13.76
40282,15.42
40283,16.53
40284,13.44
40285,12.21
40286,11.85
40287,12.86
40288,8.32
40289,11.66
40290,11.38
40291,13.58
40292,11.09
40293,9.28
40294,9.83
40295,8.48
40296,9.62
40297,16.26
40298,15.69
40299,14.35
40300,15.02
40301,16.82
40302,9.26
40303,10.59
40304,14.16
40305,12.25
40306,11.09
40307,12.99
40308,15.07
40309,15.84
40310,15.32
40311,10.89
40312,9.39
40313,10.82
40314,13.65
40315,10.19
40316,14.59
40317,10.32
40318,12.94
40319,8.49
40320,11.16
40321,13.31
40322,8.8
40323,14.71
40324,13.97
40325,12.83
40326,10.11
40327,13.19
40328,7.0
40329,11.87
40330,13.88
40331,9.14
40332,17.02
40333,13.04
40334,9.0
40335,8.8
40336,17.88
40337,13.37
40338,15.78
40339,14.97
40340,14.69
40341,10.22
40342,11.72
40343,15.36
40344,9.49
40345,14.04
40346,15.45
40347,11.76
40348,14.57
40349,12.51
40350,12.49
40351,11.87
40352,9.75
40353,13.63
40354,8.76
40355,10.67
40356,9.02
40357,13.77
40358,12.49
40359,14.75
40360,10.1
40361,5.3
40362,11.52
40363,11.09
40364,9.37
40365,14.76
40366,14.88
40367,9.54
40368,5.3
40369,13.65
40370,17.83
40371,13.98
40372,8.69
40373,11.97
40374,11.39
40375,13.53
40376,5.3
40377,15.97
40378,13.41
40379,13.09
40380,11.06
40381,12.01
40382,8.08
40383,9.35
40384,14.72
40385,17.4
40386,15.02
40387,10.85
40388,13.42
40389,9.58
40390,18.67
40391,13.58
40392,12.54
40393,8.75
40394,8.87
40395,5.3
40396,13.42
40397,11.13
40398,8.64
40399,11.83
40400,12.17
40401,12.27
40402,8.68
40403,12.61
40404,15.22
40405,18.64
40406,14.06
40407,15.41
40408,19.63
40409,13.44
40410,9.04
40411,12.47
40412,14.1
40413,14.52
40414,13.9
40415,9.23
40416,16.71
40417,12.96
40418,9.08
40419,11.14
40420,5.3
40421,9.44
40422,12.27
40423,10.8
40424,16.54
40425,12.2
40426,11.97
40427,12.27
40428,14.04
40429,12.12
40430,10.89
40431,10.43
40432,9.81
40433,7.02
40434,8.38
40435,15.22
40436,11.33
40437,10.45
40438,9.15
40439,13.83
40440,12.54
40441,12.34
40442,9.61
40443,13.02
40444,10.7
40445,13.96
40446,5.3
40447,9.09
40448,12.58
40449,5.3
40450,9.71
40451,10.31
40452,10.25
40453,12.13
40454,17.06
40455,9.15
40456,14.2
40457,9.48
40458,15.67
40459,15.28
40460,15.03
40461,11.29
40462,13.58
40463,8.55
40464,14.97
40465,14.73
40466,9.76
40467,13.89
40468,11.44
40469,14.36
40470,14.35
40471,10.8
40472,12.34
40473,9.14
40474,16.09
40475,14.75
40476,9.59
40477,15.33
40478,9.81
40479,14.49
40480,14.56
40481,8.57
40482,5.3
40483,14.04
40484,10.94
40485,10.58
40486,11.55
40487,12.38
40488,13.26
40489,14.49
40490,15.57
40491,13.33
40492,8.24
40493,10.94
40494,14.82
40495,11.47
40496,14.76
40497,13.19
40498,12.96
40499,17.33
40500,16.25
40501,15.06
40502,8.93
40503,18.41
40504,10.66
40505,14.38
40506,12.11
40507,10.47
40508,9.71
40509,14.26
40510,14.74
40511,5.3
40512,9.83
40513,10.01
40514,12.32
40515,8.72
40516,15.32
40517,14.53
40518,9.71
40519,13.0
40520,15.68
40521,10.02
40522,14.85
40523,9.53
40524,10.19
40525,13.78
40526,9.28
40527,13.15
40528,12.28
40529,5.3
40530,14.01
40531,15.42
40532,5.3
40533,13.91
40534,5.3
40535,13.73
40536,5.3
40537,13.49
40538,9.22
40539,13.9
40540,8.95
40541,8.72
40542,13.26
40543,18.32
40544,13.9
40545,12.35
40546,9.54
40547,14.28
40548,15.82
40549,13.73
40550,9.59
40551,12.04
40552,13.68
40553,8.43
40554,14.07
40555,10.92
40556,14.74
40557,9.67
40558,10.28
40559,11.82
40560,15.26
40561,12.18
40562,10.71
40563,15.17
40564,9.27
40565,18.11
40566,13.84
40567,13.92
40568,10.4
40569,13.75
40570,5.3
40571,12.87
40572,13.8
40573,5.3
40574,13.36
40575,13.31
40576,8.96
40577,5.3
40578,10.55
40579,15.98
40580,12.32
40581,11.39
40582,8.77
40583,5.3
40584,15.18
40585,8.84
40586,5.3
40587,10.17
40588,9.29
40589,9.26
40590,8.75
40591,8.07
40592,8.86
40593,13.86
40594,14.53
40595,12.48
40596,13.38
40597,17.75
40598,13.44
40599,11.56
40600,13.85
40601,9.47
40602,9.97
40603,13.91
40604,12.9
40605,16.01
40606,13.16
40607,13.94
40608,9.5
40609,14.3
40610,5.3
40611,12.17
40612,11.42
40613,5.3
40614,9.24
40615,14.02
40616,10.32
40617,18.58
40618,9.49
40619,17.03
40620,11.59
40621,13.54
40622,17.76
40623,5.3
40624,11.08
40625,9.18
40626,13.66
40627,14.07
40628,14.99
40629,10.36
40630,5.3
40631,12.9
40632,12.97
40633,9.34
40634,14.09
40635,14.57
40636,14.18
40637,16.04
40638,9.93
40639,11.86
40640,10.57
40641,14.48
40642,14.19
40643,13.56
40644,9.73
40645,13.96
40646,5.3
40647,9.52
40648,11.86
40649,13.98
40650,8.79
40651,9.62
40652,13.91
40653,13.94
40654,13.82
40655,13.64
40656,14.79
40657,13.8
40658,9.66
40659,15.37
40660,15.52
40661,11.94
40662,12.38
40663,13.29
40664,11.79
40665,13.96
40666,11.04
40667,12.23
40668,14.41
40669,14.09
40670,8.21
40671,13.72
40672,13.99
40673,15.26
40674,14.1
40675,11.1
40676,9.43
40677,12.75
40678,16.58
40679,15.47
40680,15.82
40681,16.13
40682,13.91
40683,15.34
40684,14.1
40685,13.49
40686,16.84
40687,13.23
40688,14.37
40689,11.37
40690,13.51
40691,5.3
40692,14.45
40693,10.81
40694,16.57
40695,8.22
40696,5.3
40697,13.35
40698,8.99
40699,14.7
40700,13.38
40701,14.05
40702,11.62
40703,14.51
40704,15.93
40705,10.24
40706,10.75
40707,11.98
40708,9.96
40709,9.15
40710,9.01
40711,15.78
40712,8.16
40713,16.31
40714,10.88
40715,14.39
40716,13.3
40717,14.82
40718,9.97
40719,13.94
40720,13.19
40721,11.38
40722,11.62
40723,9.55
40724,9.83
40725,8.15
40726,12.45
40727,13.26
40728,9.85
40729,9.44
40730,15.38
40731,9.37
40732,16.43
40733,11.77
40734,10.11
40735,11.73
40736,9.99
40737,13.51
40738,8.1
40739,17.05
40740,17.01
40741,9.52
40742,10.57
40743,11.37
40744,15.83
40745,15.72
40746,12.82
40747,8.12
40748,15.76
40749,13.93
40750,11.79
40751,10.79
40752,9.25
40753,14.72
40754,13.69
40755,9.5
40756,14.56
40757,12.9
40758,9.08
40759,11.43
40760,9.67
40761,14.06
40762,10.72
40763,8.67
40764,14.03
40765,11.62
40766,12.79
40767,11.53
40768,13.85
40769,9.55
40770,12.19
40771,11.64
40772,12.16
40773,14.34
40774,11.84
40775,5.3
40776,11.42
40777,10.86
40778,8.86
40779,14.99
40780,5.3
40781,11.7
40782,13.41
40783,13.38
40784,9.09
40785,8.5
40786,14.72
40787,15.08
40788,13.71
40789,13.29
40790,11.7
40791,11.73
40792,14.37
40793,13.47
40794,5.3
40795,9.84
40796,14.66
40797,5.3
40798,10.16
40799,9.19
40800,13.37
40801,11.55
40802,10.26
40803,10.67
40804,14.83
40805,15.13
40806,13.37
40807,11.6
40808,10.08
40809,8.63
40810,12.95
40811,9.44
40812,9.07
40813,12.37
40814,13.78
40815,14.12
40816,11.75
40817,9.47
40818,10.15
40819,9.81
40820,8.94
40821,14.32
40822,14.89
40823,5.3
40824,11.02
40825,14.59
40826,12.33
40827,14.9
40828,14.44
40829,5.3
40830,14.35
40831,16.12
40832,8.81
40833,13.71
40834,15.32
40835,8.69
40836,17.35
40837,5.3
40838,13.03
40839,13.99
40840,10.07
40841,12.33
40842,17.88
40843,14.08
40844,16.0
40845,12.58
40846,14.97
40847,10.73
40848,11.21
40849,13.41
40850,15.0
40851,12.51
40852,15.19
40853,14.11
40854,13.3
40855,14.63
40856,15.84
40857,11.47
40858,5.41
40859,13.63
40860,16.39
40861,11.34
40862,8.85
40863,8.96
40864,15.19
40865,13.41
40866,16.32
40867,12.08
40868,14.53
40869,9.92
40870,10.75
40871,10.41
40872,12.24
40873,13.85
40874,12.59
40875,14.04
40876,14.97
40877,9.31
40878,12.56
40879,15.83
40880,14.11
40881,8.6
40882,12.51
40883,13.08
40884,15.35
40885,8.71
40886,10.37
40887,12.99
40888,11.33
40889,8.81
40890,9.83
40891,14.32
40892,13.14
40893,12.03
40894,9.24
40895,11.17
40896,9.23
40897,13.97
40898,12.77
40899,8.58
40900,10.16
40901,10.75
40902,8.95
40903,10.93
40904,11.69
40905,14.01
40906,12.7
40907,8.53
40908,9.32
40909,18.53
40910,11.26
40911,13.78
40912,11.94
40913,5.4
40914,14.58
40915,14.66
40916,14.3
40917,14.46
40918,17.21
40919,9.5
40920,15.75
40921,14.03
40922,8.93
40923,12.7
40924,10.18
40925,13.39
40926,10.29
40927,14.89
40928,13.54
40929,13.48
40930,8.89
40931,13.92
40932,11.06
40933,10.88
40934,12.57
40935,5.3
40936,13.4
40937,9.31
40938,15.3
40939,9.77
40940,13.94
40941,10.52
40942,12.87
40943,5.3
40944,16.13
40945,15.35
40946,9.25
40947,8.96
40948,14.06
40949,10.45
40950,12.42
40951,6.91
40952,9.17
40953,13.91
40954,12.99
40955,11.64
40956,15.25
40957,15.84
40958,15.76
40959,13.67
40960,9.15
40961,14.14
40962,9.84
40963,9.05
40964,8.12
40965,15.27
40966,14.21
40967,10.5
40968,12.54
40969,11.31
40970,16.42
40971,14.28
40972,14.08
40973,10.93
40974,8.29
40975,13.91
40976,8.46
40977,12.78
40978,11.34
40979,14.87
40980,11.85
40981,14.72
40982,15.34
40983,14.34
40984,13.89
40985,13.5
40986,5.3
40987,13.82
40988,14.08
40989,8.85
40990,15.01
40991,10.99
40992,10.64
40993,12.77
40994,12.87
40995,9.4
40996,12.49
40997,9.53
40998,15.91
40999,13.92
41000,13.18
41001,11.19
41002,14.81
41003,14.01
41004,16.05
41005,9.52
41006,13.37
41007,9.06
41008,14.76
41009,14.68
41010,12.39
41011,11.35
41012,13.71
41013,14.02
41014,9.79
41015,13.65
41016,9.47
41017,10.08
41018,11.53
41019,5.3
41020,14.83
41021,13.02
41022,11.34
41023,14.25
41024,14.89
41025,9.03
41026,13.72
41027,18.66
41028,14.29
41029,15.52
41030,13.7
41031,14.57
41032,14.69
41033,8.81
41034,7.84
41035,10.11
41036,14.44
41037,11.61
41038,12.68
41039,14.59
41040,5.3
41041,11.64
41042,14.23
41043,15.2
41044,9.71
41045,13.8
41046,11.3
41047,5.3
41048,10.24
41049,13.56
41050,13.49
41051,13.24
41052,9.9
41053,16.11
41054,9.13
41055,13.32
41056,13.78
41057,11.22
41058,15.67
41059,9.53
41060,15.33
41061,15.35
41062,14.27
41063,12.57
41064,5.3
41065,9.21
41066,14.67
41067,15.0
41068,14.48
41069,13.15
41070,11.31
41071,9.21
41072,14.46
41073,13.78
41074,14.62
41075,16.89
41076,15.63
41077,12.19
41078,11.94
41079,11.82
41080,13.74
41081,13.43
41082,12.13
41083,8.34
41084,15.05
41085,14.08
41086,11.16
41087,10.11
41088,13.99
41089,14.11
41090,14.63
41091,17.35
41092,12.7
41093,13.71
41094,13.23
41095,10.83
41096,12.61
41097,15.22
41098,13.25
41099,8.7
41100,12.23
41101,14.85
41102,8.19
41103,10.34
41104,15.82
41105,15.52
41106,11.17
41107,17.12
41108,13.25
41109,16.1
41110,11.73
41111,5.3
41112,11.82
41113,10.95
41114,14.42
41115,12.25
41116,14.77
41117,13.96
41118,9.87
41119,12.2
41120,9.57
41121,9.46
41122,13.88
41123,20.65
41124,13.34
41125,8.97
41126,16.16
41127,10.34
41128,13.14
41129,11.81
41130,13.81
41131,9.23
41132,15.54
41133,12.97
41134,13.81
41135,8.27
41136,15.84
41137,16.74
41138,12.78
41139,13.6
41140,9.88
41141,12.72
41142,7.34
41143,16.41
41144,8.99
41145,14.91
41146,5.3
41147,9.49
41148,14.17
41149,9.84
41150,10.07
41151,14.07
41152,13.82
41153,15.08
41154,13.92
41155,11.75
41156,12.46
41157,14.26
41158,9.53
41159,14.93
41160,9.54
41161,14.77
41162,12.97
41163,13.9
41164,14.19
41165,8.68
41166,14.32
41167,9.72
41168,15.9
41169,14.35
41170,14.5
41171,9.73
41172,15.46
41173,15.52
41174,14.05
41175,14.12
41176,6.39
41177,8.95
41178,13.45
41179,15.11
41180,14.51
41181,8.63
41182,9.37
41183,12.69
41184,16.1
41185,9.93
41186,13.94
41187,14.46
41188,16.66
41189,14.77
41190,9.7
41191,13.78
41192,5.3
41193,12.56
41194,16.65
41195,9.8
41196,15.16
41197,11.64
41198,14.33
41199,8.52
41200,10.73
41201,11.69
41202,8.47
41203,14.19
41204,10.83
41205,10.89
41206,9.92
41207,15.06
41208,13.17
41209,10.41
41210,10.07
41211,15.22
41212,13.99
41213,10.55
41214,11.07
41215,14.0
41216,8.19
41217,12.82
41218,14.12
41219,13.96
41220,9.4
41221,8.59
41222,12.22
41223,5.3
41224,13.21
41225,12.17
41226,13.07
41227,8.98
41228,14.19
41229,12.5
41230,12.6
41231,16.48
41232,15.44
41233,8.8
41234,13.58
41235,9.17
41236,9.82
41237,13.57
41238,13.93
41239,11.57
41240,11.36
41241,9.53
41242,10.31
41243,12.67
41244,7.41
41245,14.28
41246,9.43
41247,17.86
41248,13.78
41249,8.25
41250,14.28
41251,13.48
41252,13.88
41253,9.73
41254,10.86
41255,12.79
41256,10.0
41257,14.63
41258,10.38
41259,11.88
41260,9.56
41261,17.18
41262,14.56
41263,9.26
41264,11.18
41265,10.13
41266,12.84
41267,11.69
41268,13.03
41269,8.66
41270,13.88
41271,5.3
41272,14.63
41273,9.19
41274,9.86
41275,13.24
41276,9.41
41277,9.18
41278,5.3
41279,13.03
41280,9.79
41281,18.13
41282,13.25
41283,10.25
41284,9.63
41285,13.79
41286,13.79
41287,5.3
41288,10.87
41289,14.6
41290,5.3
41291,13.74
41292,10.74
41293,14.94
41294,8.9
41295,14.02
41296,18.39
41297,8.17
41298,8.97
41299,9.51
41300,8.95
41301,14.11
41302,12.96
41303,5.3
41304,15.26
41305,10.19
41306,13.52
41307,14.14
41308,5.3
41309,15.24
41310,10.1
41311,15.3
41312,10.34
41313,14.27
41314,14.74
41315,14.41
41316,13.09
41317,10.1
41318,15.18
41319,13.9
41320,9.47
41321,7.82
41322,10.54
41323,9.68
41324,11.83
41325,9.62
41326,5.3
41327,15.76
41328,8.7
41329,14.74
41330,17.34
41331,9.68
41332,14.45
41333,10.04
41334,8.85
41335,13.52
41336,14.47
41337,17.06
41338,12.12
41339,9.14
41340,19.63
41341,11.92
41342,8.78
41343,5.3
41344,12.75
41345,10.17
41346,16.24
41347,13.43
41348,15.34
41349,8.41
41350,12.35
41351,5.3
41352,8.89
41353,13.26
41354,14.0
41355,8.74
41356,5.3
41357,13.64
41358,14.74
41359,14.41
41360,14.57
41361,14.15
41362,16.64
41363,14.46
41364,9.35
41365,15.38
41366,8.71
41367,13.58
41368,13.44
41369,13.39
41370,13.85
41371,11.34
41372,10.92
41373,13.79
41374,14.41
41375,12.35
41376,9.46
41377,14.37
41378,5.3
41379,14.85
41380,12.92
41381,9.54
41382,8.49
41383,12.59
41384,13.45
41385,13.72
41386,8.36
41387,14.66
41388,13.72
41389,14.87
41390,14.78
41391,10.06
41392,8.92
41393,8.78
41394,13.24
41395,14.07
41396,14.59
41397,11.36
41398,15.59
41399,8.46
41400,16.34
41401,13.38
41402,11.79
41403,13.87
41404,9.75
41405,16.23
41406,15.53
41407,16.13
41408,13.87
41409,14.68
41410,13.4
41411,10.6
41412,8.88
41413,11.41
41414,13.74
41415,13.37
41416,9.5
41417,14.69
41418,11.99
41419,15.82
41420,14.85
41421,13.44
41422,10.34
41423,10.39
41424,8.59
41425,16.16
41426,10.9
41427,14.85
41428,17.18
41429,11.36
41430,5.3
41431,16.52
41432,12.71
41433,14.86
41434,7.41
41435,9.31
41436,16.68
41437,16.82
41438,13.21
41439,5.3
41440,15.92
41441,11.95
41442,14.26
41443,9.75
41444,10.51
41445,13.05
41446,14.21
41447,14.9
41448,13.45
41449,15.81
41450,9.85
41451,13.94
41452,5.3
41453,9.19
41454,15.8
41455,10.72
41456,9.13
41457,13.23
41458,14.07
41459,12.88
41460,14.79
41461,12.16
41462,9.58
41463,14.59
41464,13.76
41465,13.56
41466,14.45
41467,14.68
41468,9.68
41469,14.13
41470,9.28
41471,15.18
41472,13.36
41473,13.31
41474,14.5
41475,12.08
41476,8.61
41477,9.63
41478,9.62
41479,9.82
41480,12.73
41481,15.99
41482,15.24
41483,14.29
41484,10.76
41485,14.19
41486,9.29
41487,11.07
41488,13.42
41489,7.67
41490,14.91
41491,13.89
41492,13.98
41493,11.74
41494,11.3
41495,17.98
41496,10.44
41497,15.19
41498,10.47
41499,9.61
41500,14.26
41501,14.62
41502,9.29
41503,12.95
41504,13.86
41505,13.79
41506,12.24
41507,13.81
41508,12.72
41509,11.22
41510,10.7
41511,14.79
41512,14.62
41513,14.75
41514,15.14
41515,15.02
41516,11.18
41517,12.35
41518,12.56
41519,13.68
41520,14.84
41521,8.8
41522,15.04
41523,12.2
41524,14.26
41525,10.55
41526,11.24
41527,9.41
41528,14.89
41529,16.42
41530,14.89
41531,13.65
41532,13.59
41533,17.12
41534,14.24
41535,10.23
41536,13.66
41537,13.55
41538,5.3
41539,9.75
41540,8.99
41541,13.82
41542,10.1
41543,9.56
41544,9.72
41545,14.53
41546,11.27
41547,9.56
41548,10.3
41549,14.62
41550,13.9
41551,13.75
41552,13.48
41553,16.38
41554,9.61
41555,14.9
41556,14.3
41557,13.46
41558,8.65
41559,8.85
41560,11.83
41561,14.07
41562,13.51
41563,13.24
41564,12.7
41565,14.29
41566,15.48
41567,5.3
41568,14.08
41569,14.7
41570,9.39
41571,13.69
41572,14.36
41573,11.82
41574,14.62
41575,9.17
41576,9.79
41577,13.87
41578,16.4
41579,12.37
41580,9.87
41581,14.15
41582,14.28
41583,9.94
41584,14.82
41585,15.46
41586,17.21
41587,13.82
41588,13.93
41589,13.92
41590,14.59
41591,13.7
41592,13.26
41593,13.31
41594,11.44
41595,15.43
41596,12.27
41597,9.13
41598,5.3
41599,14.06
41600,15.49
41601,15.14
41602,10.18
41603,13.1
41604,16.35
41605,12.41
41606,12.34
41607,12.65
41608,11.85
41609,10.52
41610,5.3
41611,12.81
41612,11.76
41613,13.86
41614,11.13
41615,12.69
41616,8.98
41617,12.94
41618,8.45
41619,11.46
41620,13.77
41621,14.71
41622,10.75
41623,10.63
41624,11.69
41625,13.55
41626,9.95
41627,11.97
41628,13.34
41629,9.62
41630,13.8
41631,8.24
41632,13.48
41633,13.55
41634,11.04
41635,15.32
41636,11.12
41637,5.3
41638,14.08
41639,13.68
41640,10.04
41641,13.04
41642,10.38
41643,12.91
41644,13.42
41645,10.57
41646,16.45
41647,14.82
41648,9.76
41649,10.25
41650,12.64
41651,14.41
41652,16.34
41653,14.12
41654,8.14
41655,14.15
41656,12.39
41657,10.31
41658,11.68
41659,13.66
41660,12.31
41661,14.57
41662,13.78
41663,8.71
41664,11.67
41665,15.43
41666,12.18
41667,12.23
41668,12.34
41669,16.41
41670,9.48
41671,13.37
41672,9.61
41673,15.57
41674,14.84
41675,13.33
41676,10.0
41677,9.39
41678,12.61
41679,14.38
41680,17.39
41681,17.28
41682,18.94
41683,14.06
41684,9.67
41685,16.08
41686,13.43
41687,14.58
41688,15.72
41689,13.88
41690,16.77
41691,14.3
41692,10.09
41693,14.45
41694,5.3
41695,18.31
41696,9.35
41697,12.02
41698,13.45
41699,12.35
41700,13.23
41701,10.3
41702,10.88
41703,13.41
41704,17.71
41705,10.02
41706,8.99
41707,9.9
41708,11.77
41709,15.08
41710,13.42
41711,12.12
41712,10.92
41713,5.3
41714,16.4
41715,13.43
41716,11.3
41717,11.12
41718,9.36
41719,12.92
41720,12.11
41721,10.5
41722,13.01
41723,13.83
41724,13.21
41725,14.7
41726,14.93
41727,11.19
41728,12.51
41729,17.34
41730,14.45
41731,9.45
41732,13.85
41733,15.91
41734,12.35
41735,15.54
41736,12.18
41737,14.3
41738,9.66
41739,10.81
41740,8.65
41741,9.4
41742,15.37
41743,14.13
41744,13.27
41745,8.98
41746,9.47
41747,16.31
41748,12.94
41749,13.03
41750,13.33
41751,14.24
41752,9.94
41753,9.07
41754,15.15
41755,8.16
41756,9.29
41757,14.19
41758,11.99
41759,12.96
41760,14.81
41761,5.3
41762,14.18
41763,13.53
41764,13.4
41765,10.19
41766,14.64
41767,15.23
41768,5.3
41769,8.95
41770,16.26
41771,9.17
41772,14.12
41773,14.18
41774,14.79
41775,15.06
41776,15.59
41777,14.54
41778,13.17
41779,5.3
41780,5.3
41781,13.54
41782,10.67
41783,12.7
41784,13.98
41785,11.46
41786,13.87
41787,13.29
41788,12.33
41789,10.7
41790,16.08
41791,10.33
41792,14.2
41793,14.48
41794,10.59
41795,13.02
41796,13.99
41797,13.71
41798,16.15
41799,13.96
41800,13.97
41801,14.15
41802,5.3
41803,14.57
41804,10.21
41805,15.01
41806,9.35
41807,5.3
41808,14.08
41809,14.59
41810,8.42
41811,9.72
41812,15.27
41813,9.29
41814,9.58
41815,13.2
41816,13.84
41817,5.3
41818,13.12
41819,15.02
41820,13.38
41821,12.77
41822,14.78
41823,9.6
41824,13.22
41825,9.31
41826,13.13
41827,8.29
41828,12.07
41829,9.33
41830,16.14
41831,12.44
41832,16.65
41833,15.17
41834,10.37
41835,10.79
41836,14.67
41837,11.42
41838,14.65
41839,9.45
41840,10.44
41841,12.23
41842,10.58
41843,10.56
41844,11.65
41845,5.3
41846,8.99
41847,11.09
41848,14.01
41849,10.45
41850,14.67
41851,13.81
41852,12.28
41853,14.73
41854,9.16
41855,13.35
41856,14.21
41857,15.02
41858,11.33
41859,13.87
41860,9.36
41861,14.89
41862,14.97
41863,18.84
41864,13.5
41865,14.09
41866,9.69
41867,13.95
41868,9.22
41869,12.13
41870,11.79
41871,13.54
41872,12.75
41873,13.05
41874,8.51
41875,14.11
41876,12.46
41877,9.71
41878,5.3
41879,14.63
41880,13.56
41881,15.02
41882,14.74
41883,12.4
41884,14.18
41885,12.03
41886,8.82
41887,12.99
41888,13.78
41889,13.03
41890,9.29
41891,11.25
41892,13.88
41893,13.86
41894,14.7
41895,12.47
41896,9.29
41897,10.04
41898,9.47
41899,14.79
41900,14.68
41901,9.49
41902,9.03
41903,15.39
41904,8.69
41905,14.9
41906,9.38
41907,8.67
41908,17.31
41909,11.72
41910,9.32
41911,13.72
41912,9.95
41913,13.39
41914,14.9
41915,14.55
41916,13.57
41917,16.04
41918,9.3
41919,11.43
41920,13.61
41921,15.29
41922,11.96
41923,13.55
41924,8.78
41925,16.59
41926,9.89
41927,9.36
41928,11.05
41929,9.68
41930,16.61
41931,14.91
41932,7.69
41933,5.3
41934,13.18
41935,9.22
41936,12.43
41937,8.37
41938,10.72
41939,11.17
41940,9.72
41941,9.45
41942,12.33
41943,8.5
41944,14.54
41945,8.68
41946,9.54
41947,14.79
41948,12.76
41949,9.67
41950,8.85
41951,14.92
41952,10.65
41953,14.7
41954,14.34
41955,10.34
41956,5.3
41957,13.61
41958,10.77
41959,10.12
41960,11.42
41961,10.63
41962,14.64
41963,12.81
41964,5.3
41965,12.03
41966,15.72
41967,14.48
41968,8.22
41969,12.2
41970,13.99
41971,12.85
41972,12.51
41973,13.26
41974,15.95
41975,5.3
41976,10.48
41977,9.01
41978,14.47
41979,10.05
41980,13.65
41981,6.08
41982,9.92
41983,8.93
41984,14.09
41985,13.33
41986,14.65
41987,7.98
41988,10.78
41989,9.95
41990,15.8
41991,14.6
41992,11.57
41993,8.72
41994,13.5
41995,9.37
41996,9.93
41997,14.78
41998,11.4
41999,13.32
42000,11.99
42001,10.76
42002,17.49
42003,15.67
42004,13.65
42005,12.42
42006,12.27
42007,11.8
42008,16.82
42009,7.92
42010,11.44
42011,13.24
42012,13.95
42013,15.53
42014,11.8
42015,9.26
42016,5.3
42017,11.73
42018,8.89
42019,13.54
42020,14.05
42021,13.08
42022,12.81
42023,15.18
42024,9.01
42025,13.24
42026,13.97
42027,9.28
42028,11.65
42029,13.95
42030,9.19
42031,14.12
42032,13.77
42033,11.24
42034,14.1
42035,15.36
42036,8.74
42037,9.08
42038,13.88
42039,8.51
42040,13.81
42041,9.99
42042,10.68
42043,10.33
42044,8.82
42045,13.83
42046,14.18
42047,14.12
42048,16.45
42049,13.06
42050,10.97
42051,15.5
42052,9.83
42053,10.72
42054,12.7
42055,11.52
42056,11.29
42057,9.87
42058,13.83
42059,13.71
42060,14.04
42061,13.11
42062,12.49
42063,12.4
42064,13.01
42065,14.06
42066,15.04
42067,13.67
42068,11.32
42069,14.38
42070,10.96
42071,11.37
42072,12.99
42073,11.51
42074,14.79
42075,9.26
42076,9.28
42077,9.82
42078,13.73
42079,14.51
42080,13.12
42081,9.36
42082,12.42
42083,15.8
42084,18.27
42085,11.23
42086,5.3
42087,15.18
42088,16.16
42089,11.89
42090,9.41
42091,13.86
42092,9.64
42093,8.58
42094,16.09
42095,13.65
42096,9.54
42097,17.88
42098,13.65
42099,5.3
42100,13.27
42101,14.71
42102,12.92
42103,14.19
42104,5.3
42105,14.11
42106,13.49
42107,13.91
42108,15.78
42109,8.82
42110,14.33
42111,12.24
42112,12.68
42113,11.55
42114,13.61
42115,12.93
42116,9.96
42117,13.31
42118,15.25
42119,13.69
42120,8.81
42121,5.3
42122,12.63
42123,8.72
42124,6.37
42125,9.16
42126,5.99
42127,12.09
42128,12.74
42129,12.27
42130,14.16
42131,9.05
42132,14.98
42133,14.78
42134,12.75
42135,14.9
42136,15.74
42137,10.26
42138,9.1
42139,9.8
42140,16.37
42141,9.16
42142,11.33
42143,15.73
42144,15.14
42145,11.23
42146,14.44
42147,13.64
42148,10.45
42149,9.56
42150,13.99
42151,9.57
42152,14.22
42153,14.45
42154,13.86
42155,14.06
42156,9.32
42157,15.43
42158,10.94
42159,10.29
42160,9.54
42161,11.59
42162,12.43
42163,11.34
42164,10.47
42165,15.47
42166,5.3
42167,13.52
42168,14.52
42169,9.15
42170,17.86
42171,16.84
42172,11.65
42173,12.36
42174,12.32
42175,13.9
42176,14.33
42177,14.34
42178,5.3
42179,14.08
42180,6.61
42181,11.22
42182,13.65
42183,14.3
42184,5.3
42185,16.26
42186,13.13
42187,13.47
42188,8.4
42189,12.81
42190,16.3
42191,13.77
42192,9.05
42193,14.0
42194,10.17
42195,13.77
42196,14.74
42197,8.93
42198,9.0
42199,12.93
42200,11.99
42201,10.81
42202,12.38
42203,14.23
42204,11.43
42205,16.68
42206,14.75
42207,17.3
42208,13.34
42209,9.7
42210,8.69
42211,17.41
42212,11.15
42213,13.3
42214,9.22
42215,10.04
42216,14.65
42217,15.94
42218,9.36
42219,13.66
42220,8.23
42221,15.7
42222,14.15
42223,13.42
42224,13.44
42225,9.82
42226,14.36
42227,13.61
42228,8.9
42229,11.0
42230,5.3
42231,9.22
42232,15.1
42233,11.44
42234,12.4
42235,5.3
42236,13.75
42237,9.41
42238,9.58
42239,14.0
42240,8.7
42241,10.01
42242,8.84
42243,14.13
42244,9.91
42245,13.23
42246,14.48
42247,15.04
42248,9.54
42249,12.16
42250,5.3
42251,13.55
42252,9.33
42253,7.72
42254,9.64
42255,13.53
42256,14.27
42257,8.82
42258,12.15
42259,16.43
42260,13.72
42261,13.9
42262,16.87
42263,13.53
42264,13.78
42265,13.42
42266,14.23
42267,14.06
42268,11.28
42269,11.51
42270,13.4
42271,15.42
42272,11.01
42273,13.93
42274,13.47
42275,8.9
42276,17.3
42277,14.38
42278,8.7
42279,15.54
42280,15.65
42281,9.03
42282,14.21
42283,16.29
42284,12.68
42285,13.82
42286,13.9
42287,15.1
42288,12.6
42289,14.51
42290,11.61
42291,13.68
42292,12.45
42293,13.33
42294,13.8
42295,13.98
42296,12.64
42297,13.97
42298,11.37
42299,13.94
42300,12.23
42301,9.43
42302,9.11
42303,10.54
42304,9.87
42305,16.01
42306,11.66
42307,12.79
42308,16.07
42309,10.4
42310,15.12
42311,10.25
42312,13.47
42313,5.3
42314,9.13
42315,11.61
42316,13.2
42317,14.59
42318,15.51
42319,13.5
42320,9.79
42321,13.66
42322,9.72
42323,11.49
42324,13.19
42325,9.53
42326,15.68
42327,9.4
42328,9.31
42329,13.87
42330,5.3
42331,15.05
42332,13.59
42333,12.18
42334,16.76
42335,10.84
42336,13.82
42337,5.3
42338,13.85
42339,15.16
42340,14.24
42341,14.36
42342,14.58
42343,12.86
42344,13.05
42345,13.45
42346,15.31
42347,12.79
42348,5.3
42349,13.45
42350,12.92
42351,7.93
42352,10.87
42353,11.58
42354,16.03
42355,13.74
42356,16.73
42357,8.3
42358,16.06
42359,8.53
42360,9.01
42361,12.01
42362,16.27
42363,14.01
42364,13.14
42365,14.31
42366,11.76
42367,9.43
42368,11.94
42369,9.8
42370,9.72
42371,11.72
42372,13.72
42373,9.1
42374,11.02
42375,11.43
42376,5.3
42377,8.97
42378,13.56
42379,14.01
42380,13.81
42381,11.64
42382,13.96
42383,14.07
42384,13.89
42385,14.1
42386,11.6
42387,12.49
42388,14.85
42389,14.21
42390,11.53
42391,14.86
42392,15.78
42393,8.54
42394,16.67
42395,9.6
42396,13.92
42397,8.63
42398,9.52
42399,9.87
42400,8.47
42401,13.89
42402,10.06
42403,11.55
42404,13.57
42405,9.48
42406,10.05
42407,11.56
42408,16.04
42409,18.59
42410,5.3
42411,15.38
42412,11.0
42413,8.84
42414,13.55
42415,14.23
42416,12.67
42417,9.4
42418,14.17
42419,13.66
42420,16.06
42421,9.67
42422,12.68
42423,12.17
42424,11.82
42425,14.32
42426,12.36
42427,15.51
42428,15.94
42429,10.08
42430,8.6
42431,13.05
42432,8.4
42433,10.71
42434,16.83
42435,8.95
42436,5.3
42437,14.06
42438,13.89
42439,5.3
42440,10.32
42441,15.5
42442,14.42
42443,14.69
42444,11.42
42445,11.89
42446,14.16
42447,12.3
42448,16.18
42449,11.79
42450,13.9
42451,13.59
42452,12.94
42453,14.68
42454,5.3
42455,14.64
42456,15.29
42457,9.46
42458,9.68
42459,9.12
42460,12.13
42461,17.38
42462,12.18
42463,9.81
42464,13.57
42465,9.84
42466,14.07
42467,12.21
42468,12.09
42469,15.3
42470,18.11
42471,11.58
42472,11.36
42473,10.13
42474,8.72
42475,16.7
42476,10.56
42477,12.86
42478,13.0
42479,13.04
42480,8.18
42481,13.27
42482,15.2
42483,14.2
42484,13.13
42485,9.32
42486,6.66
42487,15.61
42488,11.88
42489,11.84
42490,10.38
42491,13.69
42492,12.36
42493,12.4
42494,14.43
42495,12.91
42496,16.32
42497,13.17
42498,12.68
42499,10.29
42500,19.39
42501,15.86
42502,14.25
42503,14.9
42504,9.29
42505,15.79
42506,11.73
42507,13.78
42508,13.92
42509,13.54
42510,15.39
42511,14.25
42512,10.31
42513,12.25
42514,13.69
42515,14.83
42516,14.0
42517,9.27
42518,5.3
42519,14.77
42520,13.98
42521,14.2
42522,15.76
42523,8.55
42524,12.91
42525,13.21
42526,9.96
42527,9.55
42528,15.42
42529,10.35
42530,9.29
42531,12.69
42532,12.25
42533,16.14
42534,12.03
42535,15.19
42536,9.59
42537,16.24
42538,10.3
42539,10.04
42540,15.66
42541,13.86
42542,8.84
42543,9.97
42544,9.49
42545,5.3
42546,10.07
42547,7.15
42548,16.16
42549,9.11
42550,13.22
42551,13.35
42552,9.85
42553,10.83
42554,14.03
42555,9.15
42556,13.73
42557,10.85
42558,13.69
42559,13.68
42560,14.47
42561,13.26
42562,9.37
42563,9.2
42564,10.29
42565,12.91
42566,9.91
42567,11.03
42568,15.15
42569,5.3
42570,12.46
42571,17.62
42572,11.85
42573,12.72
42574,9.29
42575,13.32
42576,13.79
42577,13.85
42578,14.14
42579,15.85
42580,13.98
42581,16.41
42582,13.67
42583,9.42
42584,14.2
42585,5.3
42586,10.31
42587,8.6
42588,11.58
42589,8.75
42590,15.18
42591,14.06
42592,5.3
42593,9.35
42594,12.65
42595,13.75
42596,9.97
42597,14.56
42598,10.93
42599,12.57
42600,5.3
42601,13.09
42602,12.55
42603,7.61
42604,10.87
42605,13.81
42606,14.21
42607,16.22
42608,13.95
42609,14.78
42610,16.33
42611,13.12
42612,13.53
42613,5.3
42614,8.68
42615,8.19
42616,12.15
42617,10.76
42618,10.24
42619,10.31
42620,13.47
42621,8.56
42622,13.56
42623,14.85
42624,14.5
42625,11.21
42626,12.77
42627,13.46
42628,14.24
42629,15.2
42630,9.45
42631,9.3
42632,14.2
42633,8.96
42634,16.36
42635,8.54
42636,9.89
42637,12.24
42638,14.26
42639,10.78
42640,13.36
42641,13.2
42642,14.6
42643,14.28
42644,13.95
42645,13.73
42646,9.62
42647,16.69
42648,10.02
42649,15.83
42650,9.56
42651,14.15
42652,14.75
42653,14.39
42654,13.98
42655,13.78
42656,12.91
42657,8.99
42658,13.47
42659,14.16
42660,9.23
42661,12.34
42662,5.3
42663,11.41
42664,8.87
42665,9.11
42666,19.08
42667,5.3
42668,10.5
42669,9.93
42670,14.74
42671,5.16
42672,11.7
42673,13.39
42674,8.38
42675,9.29
42676,11.46
42677,11.92
42678,5.3
42679,12.03
42680,9.76
42681,10.87
42682,8.98
42683,13.88
42684,8.18
42685,12.96
42686,16.31
42687,5.3
42688,16.85
42689,9.09
42690,9.35
42691,10.55
42692,18.05
42693,11.17
42694,15.95
42695,15.14
42696,15.84
42697,9.17
42698,10.12
42699,5.3
42700,9.29
42701,5.3
42702,13.57
42703,8.62
42704,13.45
42705,12.6
42706,12.57
42707,11.3
42708,5.3
42709,16.55
42710,11.12
42711,14.71
42712,9.02
42713,5.3
42714,14.16
42715,9.48
42716,10.76
42717,10.43
42718,9.78
42719,14.16
42720,11.29
42721,10.23
42722,10.45
42723,13.52
42724,11.03
42725,9.2
42726,13.37
42727,15.8
42728,9.7
42729,14.08
42730,5.3
42731,14.32
42732,15.14
42733,12.6
42734,13.37
42735,14.27
42736,8.99
42737,11.1
42738,12.9
42739,13.98
42740,13.9
42741,14.31
42742,14.09
42743,11.64
42744,13.62
42745,13.67
42746,14.6
42747,11.04
42748,14.76
42749,13.23
42750,5.3
42751,13.03
42752,10.17
42753,8.91
42754,8.49
42755,14.13
42756,12.06
42757,13.74
42758,11.35
42759,13.66
42760,5.3
42761,12.04
42762,11.02
42763,15.22
42764,13.47
42765,15.59
42766,9.16
42767,13.78
42768,9.66
42769,5.3
42770,5.3
42771,13.69
42772,14.19
42773,14.34
42774,10.99
42775,9.81
42776,8.32
42777,15.59
42778,13.13
42779,12.17
42780,15.29
42781,13.55
42782,13.79
42783,9.43
42784,9.11
42785,14.71
42786,12.86
42787,8.67
42788,13.46
42789,16.01
42790,9.11
42791,14.3
42792,9.67
42793,8.57
42794,11.98
42795,5.3
42796,9.39
42797,14.79
42798,11.98
42799,9.51
42800,9.56
42801,8.07
42802,13.41
42803,8.51
42804,9.99
42805,10.56
42806,13.51
42807,13.84
42808,15.62
42809,14.6
42810,13.6
42811,13.38
42812,13.54
42813,7.94
42814,9.1
42815,13.3
42816,14.66
42817,16.08
42818,10.67
42819,14.67
42820,15.05
42821,10.1
42822,13.65
42823,13.39
42824,12.02
42825,13.36
42826,11.14
42827,14.65
42828,9.92
42829,9.68
42830,12.59
42831,14.05
42832,9.74
42833,16.53
42834,12.82
42835,9.51
42836,9.01
42837,14.28
42838,11.79
42839,12.1
42840,9.76
42841,14.62
42842,9.44
42843,9.28
42844,8.52
42845,13.72
42846,10.26
42847,5.3
42848,12.92
42849,14.32
42850,14.01
42851,15.1
42852,10.59
42853,13.61
42854,14.08
42855,5.3
42856,13.66
42857,15.64
42858,12.55
42859,17.26
42860,5.3
42861,5.3
42862,9.36
42863,12.0
42864,14.02
42865,11.28
42866,14.98
42867,13.9
42868,14.2
42869,13.02
42870,11.94
42871,13.76
42872,11.89
42873,9.62
42874,8.38
42875,16.98
42876,10.6
42877,14.68
42878,9.15
42879,12.98
42880,11.73
42881,13.41
42882,16.82
42883,14.18
42884,11.06
42885,15.24
42886,8.85
42887,14.4
42888,14.93
42889,13.18
42890,5.3
42891,9.48
42892,8.57
42893,16.88
42894,13.7
42895,12.62
42896,12.09
42897,15.62
42898,14.25
42899,13.85
42900,10.19
42901,8.88
42902,13.69
42903,5.3
42904,14.77
42905,5.3
42906,9.15
42907,9.79
42908,13.04
42909,9.54
42910,14.09
42911,9.2
42912,9.84
42913,16.76
42914,11.61
42915,13.54
42916,15.74
42917,13.82
42918,13.41
42919,13.77
42920,8.9
42921,13.35
42922,16.02
42923,13.34
42924,12.92
42925,14.06
42926,15.09
42927,14.72
42928,13.9
42929,10.86
42930,15.77
42931,17.04
42932,10.51
42933,5.3
42934,12.28
42935,9.89
42936,13.79
42937,12.15
42938,14.42
42939,12.71
42940,14.52
42941,15.39
42942,11.77
42943,9.82
42944,14.23
42945,12.96
42946,13.07
42947,12.11
42948,13.7
42949,12.94
42950,11.06
42951,10.79
42952,13.09
42953,14.19
42954,13.85
42955,11.8
42956,11.23
42957,14.13
42958,5.3
42959,9.66
42960,14.34
42961,15.53
42962,15.9
42963,10.81
42964,13.35
42965,16.82
42966,17.65
42967,5.3
42968,9.5
42969,15.41
42970,13.22
42971,13.28
42972,9.32
42973,14.83
42974,14.26
42975,14.26
42976,5.3
42977,11.52
42978,10.26
42979,14.31
42980,11.93
42981,15.66
42982,13.41
42983,14.58
42984,10.29
42985,10.48
42986,9.03
42987,11.92
42988,8.89
42989,11.54
42990,13.62
42991,13.87
42992,14.12
42993,12.92
42994,8.86
42995,9.3
42996,14.52
42997,13.1
42998,13.98
42999,14.95
43000,13.97
43001,15.1
43002,13.8
43003,16.5
43004,13.07
43005,9.03
43006,13.76
43007,13.82
43008,10.74
43009,10.24
43010,9.48
43011,14.23
43012,12.58
43013,16.09
43014,9.77
43015,11.32
43016,10.36
43017,13.39
43018,10.9
43019,16.42
43020,8.72
43021,15.42
43022,12.09
43023,15.44
43024,12.13
43025,12.57
43026,9.58
43027,15.44
43028,15.42
43029,8.73
43030,9.64
43031,13.6
43032,12.73
43033,10.26
43034,9.61
43035,13.89
43036,14.24
43037,13.98
43038,15.98
43039,10.67
43040,9.51
43041,17.18
43042,12.69
43043,14.12
43044,13.89
43045,10.41
43046,8.11
43047,8.57
43048,14.12
43049,15.37
43050,11.51
43051,10.0
43052,12.91
43053,13.1
43054,13.95
43055,14.98
43056,9.85
43057,10.32
43058,9.05
43059,16.15
43060,8.87
43061,15.07
43062,13.78
43063,8.4
43064,14.59
43065,9.14
43066,8.82
43067,9.3
43068,13.73
43069,10.93
43070,16.08
43071,12.28
43072,14.67
43073,5.3
43074,10.26
43075,14.22
43076,5.3
43077,9.3
43078,14.38
43079,13.67
43080,10.37
43081,9.74
43082,10.7
43083,11.07
43084,8.3
43085,14.16
43086,13.66
43087,13.54
43088,13.4
43089,12.88
43090,15.87
43091,12.42
43092,8.79
43093,14.56
43094,13.31
43095,11.33
43096,15.57
43097,12.17
43098,13.73
43099,14.68
43100,12.05
43101,9.61
43102,11.12
43103,15.03
43104,9.63
43105,13.77
43106,14.12
43107,8.76
43108,13.55
43109,11.17
43110,16.46
43111,11.58
43112,14.57
43113,11.63
43114,8.57
43115,13.86
43116,12.18
43117,16.1
43118,14.76
43119,12.82
43120,12.18
43121,13.74
43122,12.37
43123,14.8
43124,12.83
43125,16.32
43126,9.42
43127,12.09
43128,15.41
43129,9.45
43130,13.58
43131,13.94
43132,14.27
43133,11.36
43134,8.95
43135,9.38
43136,12.36
43137,9.56
43138,10.84
43139,12.51
43140,11.73
43141,8.96
43142,16.08
43143,9.25
43144,9.39
43145,14.96
43146,5.3
43147,13.35
43148,11.86
43149,13.18
43150,16.15
43151,13.81
43152,14.3
43153,11.05
43154,15.41
43155,14.16
43156,15.53
43157,11.35
43158,14.22
43159,15.1
43160,13.21
43161,11.05
43162,14.03
43163,9.47
43164,10.17
43165,16.47
43166,12.19
43167,10.56
43168,14.38
43169,13.41
43170,10.71
43171,16.08
43172,9.41
43173,15.49
43174,13.52
43175,13.19
43176,14.31
43177,14.32
43178,14.45
43179,16.4
43180,14.33
43181,13.93
43182,14.26
43183,10.07
43184,14.89
43185,9.68
43186,11.72
43187,18.06
43188,15.18
43189,13.87
43190,11.05
43191,15.58
43192,14.95
43193,15.82
43194,17.91
43195,9.45
43196,12.96
43197,12.39
43198,13.52
43199,11.85
43200,13.85
43201,13.82
43202,11.33
43203,14.05
43204,11.13
43205,9.6
43206,16.71
43207,8.15
43208,10.27
43209,11.4
43210,16.16
43211,9.55
43212,13.41
43213,12.89
43214,16.63
43215,8.94
43216,13.07
43217,15.07
43218,13.31
43219,9.59
43220,14.26
43221,9.74
43222,14.0
43223,12.36
43224,13.08
43225,12.3
43226,13.61
43227,16.04
43228,8.41
43229,9.61
43230,14.14
43231,13.85
43232,11.66
43233,12.97
43234,15.68
43235,15.35
43236,13.0
43237,10.95
43238,15.88
43239,17.6
43240,7.54
43241,14.5
43242,11.44
43243,14.66
43244,5.3
43245,14.77
43246,13.55
43247,13.68
43248,14.34
43249,12.17
43250,9.81
43251,13.62
43252,11.93
43253,10.42
43254,15.3
43255,11.42
43256,9.37
43257,15.56
43258,13.0
43259,18.24
43260,10.3
43261,11.42
43262,13.44
43263,8.52
43264,11.93
43265,9.46
43266,10.71
43267,13.55
43268,10.57
43269,13.54
43270,7.24
43271,10.54
43272,12.13
43273,13.92
43274,5.3
43275,9.41
43276,9.4
43277,13.99
43278,9.94
43279,5.3
43280,11.59
43281,7.34
43282,14.45
43283,12.38
43284,14.01
43285,14.22
43286,13.09
43287,13.88
43288,11.11
43289,13.46
43290,10.89
43291,12.89
43292,8.52
43293,9.88
43294,10.72
43295,13.26
43296,9.44
43297,5.3
43298,11.8
43299,13.53
43300,13.58
43301,15.16
43302,13.6
43303,12.03
43304,9.15
43305,11.42
43306,15.42
43307,14.83
43308,13.16
43309,7.31
43310,16.78
43311,12.42
43312,5.3
43313,8.45
43314,11.25
43315,13.67
43316,14.95
43317,14.44
43318,9.71
43319,8.93
43320,14.23
43321,10.4
43322,14.8
43323,16.57
43324,14.75
43325,12.86
43326,10.02
43327,14.94
43328,8.64
43329,14.96
43330,9.27
43331,13.03
43332,13.94
43333,11.2
43334,11.48
43335,8.52
43336,12.98
43337,17.58
43338,14.42
43339,14.57
43340,8.94
43341,15.58
43342,10.17
43343,13.6
43344,13.33
43345,12.21
43346,8.4
43347,13.46
43348,15.24
43349,9.77
43350,13.89
43351,14.46
43352,10.09
43353,12.56
43354,14.38
43355,9.68
43356,13.8
43357,12.85
43358,13.34
43359,13.08
43360,16.98
43361,9.43
43362,14.61
43363,13.98
43364,13.61
43365,12.66
43366,7.77
43367,9.46
43368,13.05
43369,12.34
43370,10.62
43371,14.7
43372,16.61
43373,14.19
43374,12.16
43375,9.02
43376,18.5
43377,15.78
43378,10.81
43379,14.57
43380,9.26
43381,11.21
43382,10.95
43383,14.1
43384,13.71
43385,16.06
43386,14.81
43387,9.46
43388,16.81
43389,13.77
43390,13.39
43391,12.85
43392,13.93
43393,12.09
43394,14.23
43395,13.57
43396,12.52
43397,5.3
43398,12.01
43399,9.01
43400,12.46
43401,14.64
43402,5.3
43403,10.26
43404,5.3
43405,13.95
43406,10.57
43407,13.83
43408,9.15
43409,11.39
43410,10.55
43411,6.92
43412,14.65
43413,14.77
43414,13.38
43415,13.31
43416,9.92
43417,14.09
43418,16.23
43419,15.65
43420,12.8
43421,15.96
43422,14.32
43423,14.99
43424,9.05
43425,5.3
43426,12.15
43427,12.12
43428,10.31
43429,16.84
43430,10.53
43431,13.99
43432,12.41
43433,11.2
43434,13.41
43435,14.26
43436,11.58
43437,13.73
43438,13.37
43439,8.96
43440,10.53
43441,8.67
43442,11.33
43443,17.55
43444,8.5
43445,9.85
43446,8.3
43447,15.06
43448,14.21
43449,12.88
43450,13.48
43451,10.1
43452,14.45
43453,9.11
43454,12.47
43455,14.11
43456,13.33
43457,8.84
43458,14.01
43459,8.41
43460,11.47
43461,8.08
43462,9.5
43463,10.04
43464,13.11
43465,13.12
43466,18.21
43467,9.66
43468,5.3
43469,15.97
43470,10.45
43471,14.4
43472,16.35
43473,12.75
43474,14.46
43475,14.19
43476,11.54
43477,14.18
43478,11.69
43479,12.7
43480,12.09
43481,9.59
43482,15.67
43483,13.86
43484,15.41
43485,13.23
43486,9.28
43487,9.92
43488,9.56
43489,5.3
43490,12.97
43491,14.06
43492,10.52
43493,14.6
43494,6.44
43495,9.99
43496,5.3
43497,13.18
43498,14.63
43499,12.73
43500,9.25
43501,13.44
43502,12.72
43503,10.17
43504,13.68
43505,12.65
43506,10.62
43507,15.88
43508,17.82
43509,8.34
43510,12.61
43511,18.34
43512,18.88
43513,14.03
43514,9.32
43515,5.3
43516,13.91
43517,13.3
43518,9.33
43519,10.24
43520,19.58
43521,5.3
43522,14.83
43523,15.76
43524,11.84
43525,9.82
43526,13.59
43527,11.69
43528,10.34
43529,11.7
43530,14.51
43531,13.12
43532,9.44
43533,12.98
43534,13.42
43535,16.14
43536,13.67
43537,14.39
43538,12.4
43539,10.92
43540,11.79
43541,13.26
43542,11.6
43543,9.11
43544,12.92
43545,12.07
43546,10.28
43547,12.89
43548,8.28
43549,13.59
43550,14.89
43551,14.9
43552,13.26
43553,13.31
43554,13.99
43555,12.2
43556,13.86
43557,16.5
43558,9.57
43559,10.79
43560,9.26
43561,13.32
43562,14.37
43563,5.3
43564,9.4
43565,9.94
43566,13.04
43567,11.64
43568,13.69
43569,5.3
43570,8.23
43571,9.04
43572,13.94
43573,13.28
43574,14.83
43575,11.42
43576,12.68
43577,15.66
43578,11.86
43579,12.34
43580,10.78
43581,13.76
43582,9.64
43583,10.92
43584,18.43
43585,12.28
43586,14.21
43587,11.95
43588,12.6
43589,8.23
43590,12.24
43591,5.3
43592,15.38
43593,14.0
43594,14.67
43595,9.18
43596,13.48
43597,12.89
43598,15.41
43599,16.2
43600,14.72
43601,16.85
43602,15.0
43603,10.53
43604,12.02
43605,13.05
43606,16.02
43607,14.67
43608,13.05
43609,13.96
43610,10.63
43611,10.5
43612,9.3
43613,13.09
43614,13.82
43615,15.5
43616,9.91
43617,12.98
43618,9.36
43619,17.03
43620,13.42
43621,8.09
43622,13.97
43623,10.13
43624,11.03
43625,10.17
43626,14.94
43627,5.3
43628,17.42
43629,12.4
43630,9.56
43631,10.51
43632,13.06
43633,8.87
43634,18.2
43635,18.53
43636,5.3
43637,14.09
43638,14.32
43639,13.63
43640,11.52
43641,9.45
43642,14.52
43643,9.54
43644,14.48
43645,16.96
43646,11.57
43647,17.79
43648,11.01
43649,14.96
43650,14.71
43651,13.72
43652,12.22
43653,11.24
43654,12.17
43655,15.32
43656,8.4
43657,11.83
43658,12.29
43659,12.16
43660,13.95
43661,13.47
43662,13.04
43663,9.48
43664,15.91
43665,15.09
43666,9.46
43667,12.96
43668,12.14
43669,5.3
43670,14.98
43671,14.13
43672,14.59
43673,14.43
43674,10.12
43675,14.38
43676,15.06
43677,14.04
43678,13.92
43679,9.36
43680,13.68
43681,12.05
43682,13.8
43683,12.2
43684,13.3
43685,14.24
43686,10.08
43687,14.38
43688,13.46
43689,14.25
43690,16.92
43691,5.3
43692,13.66
43693,12.37
43694,11.91
43695,9.26
43696,14.22
43697,10.45
43698,11.82
43699,13.69
43700,9.36
43701,8.24
43702,12.39
43703,11.06
43704,11.58
43705,12.39
43706,12.11
43707,9.11
43708,12.48
43709,15.17
43710,12.05
43711,10.19
43712,5.3
43713,14.71
43714,14.52
43715,16.14
43716,10.32
43717,10.22
43718,13.83
43719,14.01
43720,9.75
43721,17.56
43722,8.88
43723,14.44
43724,13.46
43725,12.3
43726,10.14
43727,9.5
43728,13.78
43729,11.73
43730,12.03
43731,15.15
43732,9.25
43733,9.53
43734,10.09
43735,8.64
43736,12.14
43737,9.32
43738,9.48
43739,9.13
43740,8.48
43741,13.78
43742,5.3
43743,11.79
43744,9.04
43745,14.54
43746,10.81
43747,13.93
43748,16.52
43749,5.3
43750,13.7
43751,12.12
43752,15.49
43753,5.3
43754,13.45
43755,12.16
43756,8.87
43757,14.07
43758,13.5
43759,13.11
43760,12.3
43761,9.08
43762,14.57
43763,12.22
43764,5.3
43765,13.9
43766,12.2
43767,14.2
43768,16.1
43769,10.69
43770,5.3
43771,9.68
43772,14.15
43773,5.3
43774,11.1
43775,12.73
43776,14.76
43777,8.65
43778,12.05
43779,13.81
43780,13.88
43781,12.84
43782,11.1
43783,8.55
43784,14.72
43785,13.91
43786,13.67
43787,9.32
43788,9.47
43789,12.46
43790,13.07
43791,15.1
43792,14.9
43793,13.13
43794,13.88
43795,16.18
43796,15.4
43797,14.73
43798,13.32
43799,8.93
43800,12.91
43801,17.76
43802,13.94
43803,13.45
43804,13.73
43805,12.92
43806,14.34
43807,8.23
43808,8.65
43809,14.93
43810,13.19
43811,8.67
43812,13.49
43813,9.36
43814,14.65
43815,14.12
43816,11.27
43817,13.86
43818,10.48
43819,10.06
43820,9.92
43821,13.84
43822,12.46
43823,10.16
43824,11.66
43825,9.55
43826,8.66
43827,14.8
43828,17.47
43829,9.38
43830,8.72
43831,9.07
43832,14.2
43833,14.02
43834,8.29
43835,9.5
43836,13.55
43837,13.9
43838,13.51
43839,11.22
43840,9.27
43841,13.98
43842,16.6
43843,10.86
43844,8.97
43845,13.12
43846,17.52
43847,10.63
43848,10.97
43849,14.17
43850,11.43
43851,14.43
43852,9.02
43853,7.99
43854,14.96
43855,10.07
43856,10.57
43857,14.01
43858,12.88
43859,5.3
43860,13.19
43861,17.3
43862,11.08
43863,5.3
43864,9.57
43865,16.94
43866,13.85
43867,8.88
43868,13.62
43869,13.93
43870,15.6
43871,9.49
43872,9.07
43873,13.92
43874,12.85
43875,14.4
43876,13.48
43877,14.22
43878,14.4
43879,9.18
43880,14.5
43881,10.37
43882,9.0
43883,5.3
43884,9.9
43885,13.52
43886,19.82
43887,9.67
43888,8.99
43889,7.5
43890,14.16
43891,15.29
43892,11.66
43893,10.71
43894,10.85
43895,13.41
43896,9.25
43897,10.84
43898,13.17
43899,14.85
43900,16.68
43901,9.6
43902,13.19
43903,14.32
43904,9.04
43905,14.41
43906,14.93
43907,15.34
43908,12.48
43909,14.6
43910,12.95
43911,9.63
43912,12.36
43913,13.99
43914,13.92
43915,16.32
43916,13.22
43917,13.11
43918,12.24
43919,14.56
43920,9.26
43921,10.54
43922,13.9
43923,8.89
43924,15.93
43925,12.62
43926,12.09
43927,11.08
43928,9.83
43929,8.95
43930,11.6
43931,14.0
43932,9.45
43933,5.3
43934,13.02
43935,19.12
43936,11.54
43937,11.92
43938,11.08
43939,13.42
43940,12.77
43941,16.21
43942,6.76
43943,15.46
43944,9.47
43945,15.53
43946,13.68
43947,8.44
43948,16.16
43949,9.23
43950,10.23
43951,16.46
43952,11.23
43953,11.89
43954,9.37
43955,13.74
43956,14.23
43957,15.34
43958,15.95
43959,14.0
43960,14.43
43961,13.48
43962,13.27
43963,14.14
43964,12.76
43965,12.71
43966,11.37
43967,8.4
43968,5.3
43969,8.72
43970,16.87
43971,8.86
43972,14.49
43973,9.61
43974,15.52
43975,13.85
43976,9.29
43977,13.51
43978,13.82
43979,5.3
43980,12.25
43981,15.02
43982,15.51
43983,15.26
43984,13.66
43985,12.56
43986,11.08
43987,10.23
43988,14.29
43989,14.0
43990,13.38
43991,16.49
43992,5.3
43993,9.92
43994,13.53
43995,15.81
43996,14.01
43997,9.46
43998,15.95
43999,13.44
44000,13.0
44001,15.21
44002,15.37
44003,15.12
44004,13.9
44005,7.89
44006,14.41
44007,8.21
44008,13.28
44009,11.82
44010,13.53
44011,13.15
44012,9.8
44013,9.58
44014,14.9
44015,12.58
44016,13.81
44017,10.68
44018,13.79
44019,11.06
44020,10.84
44021,10.64
44022,13.48
44023,14.04
44024,10.52
44025,15.96
44026,9.56
44027,9.8
44028,11.11
44029,14.5
44030,13.74
44031,15.37
44032,12.5
44033,12.64
44034,13.98
44035,13.14
44036,14.91
44037,12.59
44038,14.21
44039,11.99
44040,14.3
44041,13.72
44042,16.7
44043,5.3
44044,15.74
44045,9.62
44046,12.35
44047,15.74
44048,9.06
44049,16.22
44050,13.94
44051,12.3
44052,15.13
44053,12.46
44054,5.3
44055,9.04
44056,13.59
44057,13.91
44058,13.59
44059,11.11
44060,10.15
44061,14.65
44062,14.21
44063,8.98
44064,12.89
44065,11.21
44066,9.26
44067,12.4
44068,5.3
44069,10.71
44070,13.96
44071,13.61
44072,14.85
44073,17.53
44074,5.3
44075,14.28
44076,12.04
44077,12.97
44078,8.57
44079,15.25
44080,12.66
44081,20.34
44082,9.73
44083,16.72
44084,13.49
44085,13.78
44086,9.2
44087,10.23
44088,14.28
44089,13.52
44090,9.65
44091,10.99
44092,9.94
44093,9.53
44094,5.3
44095,9.77
44096,9.65
44097,14.86
44098,14.56
44099,13.26
44100,9.74
44101,12.52
44102,9.88
44103,5.3
44104,13.58
44105,13.61
44106,14.74
44107,15.19
44108,13.76
44109,11.54
44110,13.95
44111,10.61
44112,9.74
44113,12.33
44114,9.11
44115,13.92
44116,14.68
44117,13.24
44118,9.96
44119,9.69
44120,18.9
44121,13.19
44122,15.42
44123,8.47
44124,5.3
44125,16.67
44126,13.17
44127,13.78
44128,11.53
44129,12.67
44130,11.82
44131,12.79
44132,14.67
44133,11.49
44134,14.91
44135,14.4
44136,14.54
44137,12.63
44138,11.93
44139,13.75
44140,13.11
44141,8.87
44142,11.54
44143,11.34
44144,11.98
44145,14.97
44146,13.29
44147,12.67
44148,10.99
44149,15.45
44150,15.77
44151,16.79
44152,9.56
44153,14.46
44154,16.67
44155,14.06
44156,12.82
44157,14.28
44158,5.3
44159,15.24
44160,8.61
44161,15.96
44162,5.3
44163,13.8
44164,5.3
44165,10.37
44166,8.6
44167,8.33
44168,15.63
44169,13.59
44170,14.18
44171,16.15
44172,10.0
44173,8.46
44174,5.52
44175,10.06
44176,15.69
44177,12.03
44178,15.06
44179,14.61
44180,10.39
44181,14.68
44182,13.84
44183,14.94
44184,9.25
44185,14.16
44186,15.63
44187,5.3
44188,13.73
44189,12.05
44190,9.9
44191,10.95
44192,10.49
44193,12.46
44194,12.37
44195,10.14
44196,11.42
44197,9.57
44198,8.98
44199,12.11
44200,16.3
44201,14.34
44202,13.13
44203,15.09
44204,14.84
44205,14.58
44206,13.88
44207,10.02
44208,10.15
44209,14.59
44210,14.04
44211,14.39
44212,14.4
44213,14.87
44214,9.4
44215,11.77
44216,5.3
44217,10.5
44218,15.33
44219,15.48
44220,10.15
44221,12.16
44222,11.97
44223,13.79
44224,5.3
44225,11.09
44226,5.3
44227,11.91
44228,14.04
44229,10.1
44230,12.87
44231,11.51
44232,15.29
44233,13.84
44234,8.33
44235,13.71
44236,12.23
44237,15.49
44238,12.49
44239,8.64
44240,15.9
44241,13.73
44242,14.26
44243,10.19
44244,15.63
44245,9.04
44246,16.26
44247,12.87
44248,15.17
44249,13.34
44250,14.1
44251,11.73
44252,8.3
44253,8.7
44254,15.09
44255,13.77
44256,11.93
44257,15.74
44258,8.77
44259,8.24
44260,12.01
44261,12.19
44262,13.08
44263,9.53
44264,13.56
44265,8.89
44266,13.52
44267,15.44
44268,12.98
44269,11.61
44270,11.8
44271,15.35
44272,15.87
44273,9.91
44274,5.3
44275,15.56
44276,8.62
44277,12.37
44278,11.32
44279,9.71
44280,9.57
44281,12.15
44282,13.47
44283,9.03
44284,13.58
44285,8.98
44286,12.63
44287,5.3
44288,13.78
44289,12.15
44290,8.86
44291,5.3
44292,14.02
44293,12.45
44294,13.72
44295,10.55
44296,12.34
44297,5.3
44298,9.67
44299,14.81
44300,13.45
44301,14.05
44302,13.83
44303,14.34
44304,13.83
44305,13.8
44306,5.3
44307,12.86
44308,13.89
44309,5.3
44310,14.47
44311,15.21
44312,8.81
44313,13.9
44314,15.19
44315,12.32
44316,12.64
44317,13.44
44318,13.63
44319,12.67
44320,15.88
44321,14.2
44322,10.81
44323,14.51
44324,14.01
44325,12.16
44326,9.67
44327,12.12
44328,10.33
44329,14.61
44330,15.98
44331,16.02
44332,14.01
44333,14.36
44334,10.88
44335,5.3
44336,8.78
44337,13.75
44338,10.64
44339,13.9
44340,10.34
44341,13.78
44342,14.39
44343,14.46
44344,14.63
44345,14.15
44346,9.79
44347,14.28
44348,11.63
44349,13.83
44350,11.69
44351,5.3
44352,15.35
44353,10.13
44354,14.56
44355,10.77
44356,15.95
44357,15.51
44358,15.76
44359,15.52
44360,11.24
44361,13.38
44362,13.5
44363,17.88
44364,10.52
44365,8.83
44366,8.47
44367,12.94
44368,14.82
44369,11.87
44370,12.88
44371,9.17
44372,9.53
44373,6.47
44374,12.88
44375,11.59
44376,15.62
44377,5.3
44378,8.8
44379,10.61
44380,12.17
44381,15.03
44382,13.08
44383,14.79
44384,13.39
44385,13.93
44386,8.59
44387,5.3
44388,14.14
44389,9.51
44390,14.26
44391,14.74
44392,13.04
44393,9.27
44394,13.35
44395,12.54
44396,16.05
44397,5.3
44398,9.52
44399,11.11
44400,14.78
44401,9.74
44402,13.7
44403,14.17
44404,8.93
44405,9.22
44406,11.92
44407,13.8
44408,12.35
44409,5.3
44410,12.98
44411,12.82
44412,13.79
44413,10.77
44414,14.98
44415,9.99
44416,13.04
44417,9.85
44418,15.09
44419,10.72
44420,10.86
44421,15.85
44422,14.15
44423,11.57
44424,15.76
44425,13.86
44426,13.45
44427,13.03
44428,13.99
44429,11.57
44430,13.32
44431,13.02
44432,12.2
44433,13.85
44434,13.52
44435,13.87
44436,13.74
44437,11.32
44438,5.3
44439,14.86
44440,11.84
44441,8.32
44442,13.9
44443,14.63
44444,9.6
44445,5.3
44446,9.79
44447,11.79
44448,14.46
44449,13.57
44450,13.02
44451,14.7
44452,11.84
44453,13.48
44454,11.99
44455,15.52
44456,8.93
44457,10.22
44458,9.83
44459,9.21
44460,13.22
44461,13.85
44462,14.84
44463,15.64
44464,16.9
44465,14.84
44466,15.44
44467,12.93
44468,16.67
44469,13.58
44470,9.8
44471,14.02
44472,18.38
44473,10.36
44474,8.71
44475,13.84
44476,5.3
44477,14.16
44478,12.17
44479,14.07
44480,13.69
44481,9.87
44482,12.38
44483,5.3
44484,13.54
44485,9.81
44486,5.3
44487,10.88
44488,14.71
44489,11.12
44490,12.68
44491,13.66
44492,14.01
44493,15.64
44494,14.01
44495,13.78
44496,10.08
44497,5.3
44498,9.28
44499,11.25
44500,14.93
44501,13.76
44502,8.56
44503,5.3
44504,11.97
44505,10.5
44506,14.05
44507,11.42
44508,13.56
44509,12.04
44510,16.13
44511,10.8
44512,14.19
44513,14.65
44514,9.28
44515,13.31
44516,9.67
44517,8.43
44518,12.27
44519,17.23
44520,5.3
44521,14.75
44522,10.04
44523,13.9
44524,14.15
44525,15.02
44526,13.28
44527,8.4
44528,8.32
44529,14.02
44530,12.92
44531,13.24
44532,12.78
44533,15.61
44534,10.7
44535,18.88
44536,10.44
44537,9.14
44538,11.43
44539,9.64
44540,9.17
44541,13.24
44542,9.26
44543,12.32
44544,12.06
44545,11.38
44546,9.85
44547,9.71
44548,13.58
44549,6.62
44550,13.59
44551,12.77
44552,14.22
44553,13.64
44554,10.13
44555,13.01
44556,12.57
44557,12.23
44558,9.66
44559,9.59
44560,14.1
44561,13.31
44562,16.79
44563,13.6
44564,13.99
44565,14.22
44566,13.22
44567,13.08
44568,9.1
44569,8.32
44570,14.45
44571,13.77
44572,16.02
44573,14.17
44574,12.07
44575,10.71
44576,9.36
44577,15.72
44578,9.94
44579,13.07
44580,14.51
44581,13.82
44582,15.12
44583,14.61
44584,13.23
44585,11.7
44586,13.88
44587,14.05
44588,14.64
44589,9.01
44590,9.86
44591,10.33
44592,14.75
44593,6.61
44594,14.99
44595,14.43
44596,12.14
44597,11.96
44598,17.84
44599,12.71
44600,9.52
44601,17.17
44602,8.07
44603,15.95
44604,12.23
44605,14.42
44606,16.8
44607,13.55
44608,8.78
44609,11.62
44610,13.71
44611,12.72
44612,14.92
44613,9.67
44614,11.48
44615,12.01
44616,13.42
44617,12.66
44618,10.16
44619,9.75
44620,5.3
44621,15.25
44622,8.61
44623,13.87
44624,14.08
44625,13.2
44626,10.92
44627,13.25
44628,9.44
44629,13.9
44630,15.95
44631,12.58
44632,13.62
44633,12.83
44634,13.94
44635,9.96
44636,9.53
44637,12.2
44638,14.48
44639,5.3
44640,13.68
44641,9.71
44642,14.16
44643,15.0
44644,5.3
44645,13.88
44646,13.5
44647,12.3
44648,16.51
44649,12.19
44650,12.9
44651,14.06
44652,12.48
44653,10.98
44654,12.45
44655,9.58
44656,14.25
44657,9.07
44658,14.38
44659,10.12
44660,18.85
44661,13.58
44662,14.62
44663,17.66
44664,5.3
44665,12.14
44666,13.24
44667,11.59
44668,12.63
44669,5.3
44670,13.18
44671,8.77
44672,15.09
44673,8.93
44674,6.65
44675,14.17
44676,13.71
44677,13.9
44678,12.64
44679,5.3
44680,12.23
44681,9.65
44682,13.52
44683,14.43
44684,15.44
44685,9.49
44686,10.76
44687,12.43
44688,16.14
44689,9.35
44690,10.26
44691,9.98
44692,13.94
44693,13.48
44694,16.31
44695,8.26
44696,15.7
44697,5.3
44698,11.06
44699,15.87
44700,14.39
44701,13.46
44702,8.44
44703,16.88
44704,13.47
44705,9.68
44706,14.92
44707,10.02
44708,13.91
44709,12.03
44710,9.69
44711,5.3
44712,14.74
44713,9.47
44714,15.03
44715,13.47
44716,8.98
44717,9.38
44718,14.03
44719,11.86
44720,14.46
44721,13.85
44722,12.35
44723,9.72
44724,14.23
44725,13.87
44726,12.52
44727,19.67
44728,14.72
44729,14.32
44730,5.3
44731,13.48
44732,13.91
44733,9.06
44734,13.92
44735,9.38
44736,8.96
44737,13.2
44738,11.13
44739,8.21
44740,8.88
44741,5.3
44742,15.06
44743,5.3
44744,15.67
44745,13.43
44746,11.51
44747,13.93
44748,9.09
44749,10.36
44750,12.55
44751,9.52
44752,10.1
44753,9.98
44754,9.45
44755,12.76
44756,10.85
44757,10.13
44758,15.81
44759,14.24
44760,15.31
44761,12.33
44762,8.57
44763,9.45
44764,9.75
44765,9.0
44766,8.43
44767,10.51
44768,17.64
44769,11.23
44770,10.8
44771,14.93
44772,15.1
44773,9.53
44774,11.81
44775,12.65
44776,9.49
44777,17.17
44778,12.16
44779,8.91
44780,14.55
44781,12.22
44782,12.26
44783,13.07
44784,11.73
44785,9.51
44786,11.97
44787,15.21
44788,17.04
44789,5.3
44790,13.83
44791,9.04
44792,10.26
44793,9.34
44794,12.7
44795,14.13
44796,9.07
44797,15.15
44798,16.04
44799,12.35
44800,11.56
44801,13.48
44802,14.76
44803,13.96
44804,11.68
44805,15.02
44806,10.92
44807,9.0
44808,14.63
44809,9.34
44810,13.01
44811,15.08
44812,9.47
44813,5.3
44814,9.16
44815,14.66
44816,8.83
44817,11.51
44818,14.81
44819,13.26
44820,16.98
44821,9.46
44822,13.24
44823,12.89
44824,13.19
44825,9.76
44826,10.71
44827,11.53
44828,9.56
44829,15.01
44830,11.4
44831,17.45
44832,13.75
44833,12.32
44834,7.07
44835,8.22
44836,9.37
44837,18.78
44838,14.66
44839,16.35
44840,9.54
44841,5.3
44842,14.36
44843,11.7
44844,9.61
44845,5.3
44846,13.68
44847,16.42
44848,13.99
44849,9.15
44850,13.63
44851,13.95
44852,11.69
44853,14.35
44854,8.53
44855,16.16
44856,14.2
44857,18.1
44858,9.56
44859,9.42
44860,9.63
44861,9.82
44862,12.25
44863,5.3
44864,9.08
44865,9.96
44866,17.61
44867,13.21
44868,9.45
44869,13.53
44870,11.59
44871,10.92
44872,10.53
44873,9.24
44874,16.83
44875,12.15
44876,13.48
44877,16.76
44878,13.36
44879,8.31
44880,8.23
44881,16.14
44882,14.7
44883,19.84
44884,14.85
44885,11.89
44886,17.14
44887,13.76
44888,13.73
44889,13.55
44890,14.44
44891,9.53
44892,9.48
44893,16.25
44894,12.88
44895,13.9
44896,13.39
44897,16.27
44898,5.3
44899,10.89
44900,9.02
44901,9.24
44902,13.43
44903,14.77
44904,8.91
44905,10.14
44906,9.43
44907,5.3
44908,15.25
44909,12.3
44910,13.98
44911,13.7
44912,12.24
44913,10.67
44914,13.55
44915,9.36
44916,13.98
44917,10.82
44918,15.46
44919,5.3
44920,11.89
44921,14.97
44922,12.05
44923,15.65
44924,12.0
44925,8.64
44926,11.12
44927,10.31
44928,12.61
44929,11.34
44930,13.29
44931,9.06
44932,10.98
44933,12.58
44934,10.27
44935,12.71
44936,15.53
44937,10.92
44938,12.12
44939,14.82
44940,13.49
44941,15.52
44942,9.68
44943,9.72
44944,13.61
44945,14.24
44946,8.96
44947,5.3
44948,14.76
44949,8.97
44950,11.31
44951,12.32
44952,15.58
44953,13.42
44954,9.45
44955,5.3
44956,5.3
44957,5.3
44958,13.42
44959,12.33
44960,5.3
44961,13.87
44962,10.4
44963,9.14
44964,14.95
44965,12.46
44966,13.61
44967,9.64
44968,9.13
44969,5.3
44970,8.2
44971,14.89
44972,5.3
44973,11.57
44974,12.98
44975,11.59
44976,14.32
44977,12.15
44978,11.71
44979,11.16
44980,12.46
44981,14.49
44982,13.93
44983,14.77
44984,16.5
44985,12.01
44986,10.7
44987,11.95
44988,13.48
44989,15.15
44990,14.35
44991,6.63
44992,13.84
44993,9.23
44994,14.82
44995,12.48
44996,14.88
44997,11.77
44998,14.0
44999,11.06
45000,13.67
45001,13.83
45002,14.01
45003,18.62
45004,11.35
45005,9.16
45006,15.86
45007,11.8
45008,12.17
45009,16.1
45010,9.86
45011,11.08
45012,10.77
45013,5.3
45014,13.68
45015,13.75
45016,17.16
45017,13.54
45018,14.91
45019,14.71
45020,12.93
45021,14.8
45022,15.7
45023,8.3
45024,13.37
45025,13.78
45026,9.79
45027,8.68
45028,12.41
45029,13.91
45030,13.59
45031,14.54
45032,13.1
45033,12.5
45034,14.58
45035,14.2
45036,13.62
45037,12.66
45038,9.53
45039,13.27
45040,9.64
45041,5.3
45042,10.64
45043,14.02
45044,8.51
45045,14.78
45046,9.18
45047,9.72
45048,5.03
45049,10.28
45050,13.49
45051,12.46
45052,11.71
45053,9.17
45054,14.15
45055,9.66
45056,18.12
45057,14.35
45058,13.19
45059,11.15
45060,14.04
45061,15.25
45062,9.21
45063,11.18
45064,12.97
45065,9.71
45066,9.92
45067,14.82
45068,9.25
45069,9.7
45070,8.16
45071,15.79
45072,9.7
45073,11.83
45074,13.67
45075,14.18
45076,9.35
45077,15.63
45078,11.81
45079,13.63
45080,14.76
45081,9.54
45082,9.29
45083,9.12
45084,11.43
45085,14.21
45086,16.62
45087,14.03
45088,13.84
45089,11.8
45090,13.6
45091,9.18
45092,13.53
45093,13.87
45094,9.63
45095,13.17
45096,14.51
45097,14.02
45098,13.67
45099,10.46
45100,15.04
45101,8.25
45102,9.25
45103,13.73
45104,14.84
45105,9.08
45106,11.87
45107,14.34
45108,14.24
45109,14.91
45110,5.3
45111,14.13
45112,14.24
45113,14.15
45114,12.51
45115,12.32
45116,15.87
45117,14.09
45118,9.34
45119,13.22
45120,5.3
45121,14.6
45122,9.55
45123,5.3
45124,14.03
45125,18.05
45126,9.59
45127,9.92
45128,10.16
45129,16.8
45130,5.3
45131,14.47
45132,15.98
45133,12.6
45134,13.96
45135,15.16
45136,14.1
45137,7.65
45138,13.4
45139,14.75
45140,13.87
45141,12.81
45142,14.06
45143,12.42
45144,12.24
45145,14.64
45146,8.79
45147,14.91
45148,9.57
45149,10.79
45150,9.46
45151,17.64
45152,14.18
45153,16.07
45154,9.68
45155,14.85
45156,15.34
45157,9.04
45158,14.59
45159,13.97
45160,9.67
45161,16.02
45162,13.55
45163,14.26
45164,8.98
45165,14.3
45166,14.04
45167,15.05
45168,13.3
45169,14.99
45170,12.02
45171,13.11
45172,9.8
45173,14.12
45174,8.25
45175,15.11
45176,13.99
45177,13.37
45178,14.41
45179,12.65
45180,13.81
45181,5.3
45182,17.26
45183,5.3
45184,16.33
45185,13.46
45186,11.11
45187,16.18
45188,17.51
45189,9.78
45190,11.19
45191,10.94
45192,14.19
45193,14.0
45194,15.08
45195,9.71
45196,12.28
45197,11.49
45198,14.25
45199,12.73
45200,14.75
45201,14.85
45202,9.71
45203,10.22
45204,13.91
45205,16.28
45206,11.29
45207,15.63
45208,9.56
45209,13.97
45210,14.02
45211,12.98
45212,14.31
45213,13.74
45214,9.87
45215,14.95
45216,14.44
45217,14.23
45218,13.39
45219,14.06
45220,10.32
45221,5.3
45222,11.57
45223,14.62
45224,10.09
45225,8.1
45226,13.89
45227,11.67
45228,10.34
45229,11.19
45230,7.89
45231,11.14
45232,11.02
45233,8.47
45234,12.28
45235,12.27
45236,10.35
45237,10.39
45238,13.32
45239,8.46
45240,13.94
45241,9.74
45242,9.44
45243,10.04
45244,8.69
45245,9.52
45246,9.79
45247,12.42
45248,5.3
45249,15.07
45250,12.38
45251,11.27
45252,15.69
45253,12.24
45254,9.23
45255,15.84
45256,13.93
45257,11.17
45258,14.93
45259,9.46
45260,15.76
45261,10.62
45262,13.27
45263,9.06
45264,9.31
45265,15.54
45266,14.24
45267,9.48
45268,9.73
45269,10.13
45270,9.22
45271,13.67
45272,12.83
45273,10.43
45274,11.16
45275,11.84
45276,11.88
45277,13.38
45278,11.88
45279,13.92
45280,12.05
45281,10.89
45282,14.82
45283,13.36
45284,8.78
45285,13.57
45286,13.72
45287,9.94
45288,9.45
45289,14.69
45290,8.88
45291,14.09
45292,13.83
45293,15.47
45294,10.1
45295,12.76
45296,13.7
45297,14.74
45298,9.33
45299,13.58
45300,15.53
45301,8.8
45302,8.54
45303,14.81
45304,13.43
45305,9.65
45306,12.92
45307,14.63
45308,15.45
45309,11.42
45310,16.52
45311,12.81
45312,8.96
45313,5.3
45314,5.3
45315,8.31
45316,13.93
45317,14.52
45318,13.11
45319,13.64
45320,15.3
45321,12.51
45322,9.39
45323,14.8
45324,6.4
45325,11.23
45326,15.65
45327,12.31
45328,11.17
45329,15.05
45330,12.91
45331,11.94
45332,8.22
45333,10.89
45334,11.31
45335,12.86
45336,6.27
45337,13.32
45338,14.81
45339,13.96
45340,13.77
45341,13.7
45342,13.13
45343,13.67
45344,13.46
45345,12.48
45346,15.04
45347,14.13
45348,8.86
45349,16.89
45350,16.08
45351,9.71
45352,11.82
45353,13.81
45354,13.88
45355,8.91
45356,8.85
45357,9.53
45358,15.53
45359,5.3
45360,14.35
45361,8.46
45362,13.1
45363,10.42
45364,14.78
45365,13.54
45366,14.32
45367,12.18
45368,12.05
45369,14.24
45370,14.28
45371,12.57
45372,12.49
45373,13.53
45374,10.8
45375,16.52
45376,9.94
45377,11.52
45378,15.24
45379,11.24
45380,14.68
45381,14.85
45382,12.12
45383,8.21
45384,9.03
45385,14.58
45386,14.93
45387,7.91
45388,13.79
45389,13.96
45390,14.83
45391,13.59
45392,16.28
45393,14.54
45394,17.53
45395,13.55
45396,13.22
45397,8.28
45398,14.55
45399,13.44
45400,15.4
45401,14.05
45402,8.59
45403,18.22
45404,8.23
45405,9.84
45406,12.09
45407,9.68
45408,14.0
45409,12.24
45410,10.43
45411,17.8
45412,11.96
45413,14.08
45414,10.4
45415,10.54
45416,14.04
45417,15.73
45418,14.55
45419,19.42
45420,14.36
45421,13.4
45422,11.55
45423,15.13
45424,10.02
45425,13.59
45426,14.3
45427,14.03
45428,12.28
45429,12.77
45430,9.2
45431,12.23
45432,14.2
45433,13.76
45434,10.73
45435,14.38
45436,13.49
45437,15.13
45438,11.28
45439,15.4
45440,10.34
45441,5.3
45442,13.89
45443,15.17
45444,17.99
45445,13.73
45446,13.34
45447,8.71
45448,12.96
45449,10.59
45450,5.3
45451,10.05
45452,5.3
45453,5.3
45454,12.18
45455,11.44
45456,11.59
45457,9.44
45458,12.24
45459,13.93
45460,10.87
45461,13.99
45462,16.06
45463,12.18
45464,13.1
45465,9.22
45466,14.09
45467,14.49
45468,11.09
45469,12.13
45470,12.54
45471,9.42
45472,13.97
45473,10.22
45474,14.26
45475,8.79
45476,8.65
45477,9.6
45478,12.52
45479,14.59
45480,13.42
45481,17.24
45482,14.62
45483,14.08
45484,13.25
45485,14.36
45486,11.49
45487,13.55
45488,14.19
45489,12.64
45490,14.46
45491,14.67
45492,14.84
45493,9.79
45494,5.3
45495,11.92
45496,14.12
45497,12.15
45498,14.52
45499,14.03
45500,13.65
45501,11.18
45502,13.83
45503,11.76
45504,9.11
45505,13.85
45506,8.81
45507,11.7
45508,9.75
45509,11.57
45510,11.72
45511,10.83
45512,11.81
45513,8.85
45514,9.99
45515,14.95
45516,17.28
45517,14.38
45518,14.01
45519,11.27
45520,14.18
45521,12.9
45522,15.37
45523,17.67
45524,15.41
45525,5.3
45526,5.3
45527,15.36
45528,5.3
45529,9.6
45530,9.67
45531,14.54
45532,10.0
45533,13.87
45534,13.77
45535,5.3
45536,9.33
45537,13.36
45538,13.03
45539,11.04
45540,10.25
45541,10.94
45542,15.9
45543,13.97
45544,14.61
45545,11.41
45546,15.76
45547,10.96
45548,14.66
45549,13.07
45550,10.7
45551,14.77
45552,14.49
45553,14.36
45554,8.9
45555,14.34
45556,16.61
45557,11.55
45558,13.91
45559,10.79
45560,14.6
45561,9.71
45562,14.37
45563,14.66
45564,9.91
45565,8.77
45566,9.18
45567,15.82
45568,11.78
45569,12.82
45570,16.49
45571,14.24
45572,8.43
45573,13.34
45574,11.36
45575,13.62
45576,14.09
45577,15.41
45578,13.5
45579,14.0
45580,9.91
45581,15.75
45582,13.97
45583,8.88
45584,13.52
45585,13.53
45586,11.11
45587,11.31
45588,14.13
45589,14.82
45590,13.92
45591,13.0
45592,14.14
45593,9.89
45594,13.95
45595,9.22
45596,9.97
45597,13.46
45598,15.03
45599,11.91
45600,13.87
45601,8.46
45602,12.18
45603,9.53
45604,14.79
45605,11.94
45606,14.94
45607,16.52
45608,12.85
45609,10.26
45610,12.01
45611,9.8
45612,8.79
45613,13.67
45614,5.3
45615,13.63
45616,12.2
45617,16.7
45618,13.44
45619,13.86
45620,15.38
45621,13.85
45622,13.83
45623,15.88
45624,14.15
45625,8.68
45626,10.03
45627,13.84
45628,9.26
45629,14.57
45630,10.09
45631,10.38
45632,10.13
45633,12.77
45634,14.12
45635,11.19
45636,12.78
45637,10.07
45638,12.07
45639,12.63
45640,13.81
45641,14.52
45642,13.89
45643,8.92
45644,11.65
45645,13.57
45646,8.78
45647,14.69
45648,12.98
45649,14.79
45650,14.99
45651,10.06
45652,14.21
45653,13.58
45654,14.1
45655,12.71
45656,12.88
45657,15.36
45658,15.16
45659,12.89
45660,9.51
45661,8.62
45662,14.58
45663,14.82
45664,13.78
45665,14.0
45666,15.88
45667,14.27
45668,9.52
45669,15.21
45670,15.89
45671,12.25
45672,9.64
45673,13.8
45674,14.99
45675,12.06
45676,14.97
45677,8.96
45678,13.85
45679,9.82
45680,13.19
45681,14.19
45682,9.65
45683,12.51
45684,5.3
45685,13.74
45686,13.72
45687,13.43
45688,13.44
45689,10.63
45690,13.61
45691,15.41
45692,13.1
45693,14.27
45694,14.83
45695,10.4
45696,14.62
45697,11.44
45698,8.2
45699,14.52
45700,11.83
45701,13.06
45702,14.64
45703,9.9
45704,15.87
45705,16.36
45706,12.48
45707,14.01
45708,9.29
45709,11.78
45710,13.89
45711,13.86
45712,14.0
45713,14.26
45714,12.46
45715,11.82
45716,13.61
45717,13.57
45718,14.28
45719,11.77
45720,5.3
45721,15.5
45722,10.25
45723,17.25
45724,13.64
45725,9.67
45726,13.46
45727,15.04
45728,16.84
45729,9.35
45730,5.3
45731,13.56
45732,11.26
45733,14.77
45734,9.38
45735,11.34
45736,13.66
45737,16.35
45738,12.3
45739,14.1
45740,14.3
45741,11.45
45742,17.01
45743,10.59
45744,8.82
45745,16.86
45746,9.18
45747,14.6
45748,9.03
45749,10.21
45750,8.42
45751,9.67
45752,9.7
45753,13.62
45754,10.01
45755,13.45
45756,10.24
45757,9.41
45758,14.49
45759,14.32
45760,9.01
45761,13.2
45762,5.3
45763,15.88
45764,15.65
45765,13.95
45766,15.14
45767,13.93
45768,10.45
45769,14.17
45770,16.15
45771,14.17
45772,11.97
45773,14.95
45774,10.38
45775,13.31
45776,13.51
45777,11.29
45778,10.16
45779,18.04
45780,12.37
45781,19.44
45782,10.37
45783,11.19
45784,15.44
45785,5.3
45786,10.11
45787,12.63
45788,5.3
45789,5.3
45790,14.05
45791,15.59
45792,14.71
45793,14.63
45794,15.12
45795,12.91
45796,9.35
45797,9.33
45798,18.6
45799,9.03
45800,10.64
45801,13.97
45802,11.75
45803,9.0
45804,9.47
45805,12.86
45806,15.62
45807,10.21
45808,17.55
45809,12.59
45810,10.07
45811,13.05
45812,10.13
45813,9.04
45814,8.56
45815,16.4
45816,12.81
45817,13.84
45818,16.03
45819,13.0
45820,5.3
45821,13.43
45822,13.22
45823,13.64
45824,10.84
45825,13.34
45826,9.93
45827,13.76
45828,14.9
45829,16.91
45830,12.82
45831,5.3
45832,16.48
45833,9.69
45834,14.4
45835,9.55
45836,11.43
45837,14.98
45838,10.78
45839,8.23
45840,14.82
45841,5.3
45842,13.36
45843,14.37
45844,17.69
45845,13.91
45846,15.47
45847,11.68
45848,5.3
45849,15.47
45850,14.13
45851,14.26
45852,14.61
45853,14.74
45854,13.35
45855,14.42
45856,9.18
45857,13.69
45858,13.56
45859,10.96
45860,13.85
45861,14.5
45862,5.3
45863,15.22
45864,14.73
45865,8.37
45866,9.24
45867,9.61
45868,14.43
45869,13.27
45870,15.36
45871,8.83
45872,9.26
45873,13.86
45874,8.53
45875,5.3
45876,10.31
45877,5.3
45878,13.5
45879,8.83
45880,5.3
45881,14.85
45882,18.56
45883,15.33
45884,16.25
45885,6.83
45886,8.78
45887,14.97
45888,10.65
45889,9.75
45890,11.7
45891,10.71
45892,11.29
45893,13.53
45894,13.82
45895,13.86
45896,13.45
45897,15.46
45898,9.2
45899,9.77
45900,8.53
45901,12.05
45902,12.55
45903,8.09
45904,13.65
45905,11.03
45906,9.57
45907,11.35
45908,15.34
45909,13.73
45910,13.67
45911,12.58
45912,16.97
45913,13.63
45914,12.32
45915,12.95
45916,14.1
45917,8.53
45918,7.52
45919,10.21
45920,16.93
45921,9.22
45922,14.01
45923,9.96
45924,14.01
45925,14.98
45926,13.91
45927,9.06
45928,15.98
45929,12.35
45930,13.29
45931,15.69
45932,12.98
45933,15.29
45934,9.84
45935,10.25
45936,13.84
45937,10.73
45938,5.3
45939,13.99
45940,9.6
45941,13.92
45942,13.78
45943,5.3
45944,10.74
45945,14.56
45946,13.51
45947,10.71
45948,9.86
45949,13.84
45950,9.85
45951,15.89
45952,12.92
45953,14.31
45954,14.83
45955,13.96
45956,15.91
45957,12.27
45958,13.52
45959,13.1
45960,11.43
45961,13.7
45962,14.24
45963,8.94
45964,13.9
45965,14.19
45966,14.02
45967,12.49
45968,14.61
45969,14.02
45970,9.01
45971,13.86
45972,13.41
45973,14.66
45974,13.55
45975,15.22
45976,12.67
45977,15.4
45978,10.2
45979,10.35
45980,15.17
45981,11.34
45982,12.92
45983,14.21
45984,15.02
45985,10.33
45986,10.34
45987,9.89
45988,16.73
45989,10.36
45990,13.86
45991,11.54
45992,13.81
45993,13.11
45994,10.16
45995,14.65
45996,10.67
45997,13.5
45998,13.89
45999,13.64
46000,9.89
46001,10.69
46002,13.16
46003,12.57
46004,13.45
46005,14.91
46006,11.65
46007,14.13
46008,16.1
46009,10.78
46010,9.45
46011,11.96
46012,13.99
46013,8.4
46014,14.09
46015,14.25
46016,14.5
46017,9.52
46018,15.34
46019,9.27
46020,10.62
46021,13.87
46022,11.37
46023,14.05
46024,17.83
46025,13.11
46026,11.98
46027,17.48
46028,15.61
46029,8.61
46030,14.6
46031,13.81
46032,8.99
46033,11.54
46034,14.52
46035,13.71
46036,14.4
46037,14.89
46038,17.07
46039,13.08
46040,13.06
46041,14.35
46042,15.06
46043,10.54
46044,16.11
46045,9.08
46046,11.14
46047,12.32
46048,9.04
46049,9.6
46050,15.34
46051,8.67
46052,14.47
46053,13.89
46054,13.84
46055,13.77
46056,14.17
46057,5.3
46058,14.34
46059,9.12
46060,15.16
46061,14.18
46062,13.97
46063,9.61
46064,19.87
46065,5.3
46066,13.93
46067,13.99
46068,15.72
46069,8.34
46070,7.41
46071,10.41
46072,8.4
46073,14.04
46074,13.49
46075,8.25
46076,5.3
46077,14.59
46078,16.04
46079,13.82
46080,15.13
46081,14.16
46082,13.55
46083,12.02
46084,13.77
46085,13.88
46086,10.43
46087,16.08
46088,13.21
46089,13.48
46090,14.47
46091,13.77
46092,15.55
46093,12.43
46094,12.86
46095,11.38
46096,9.33
46097,9.64
46098,14.93
46099,14.25
46100,9.74
46101,14.23
46102,13.89
46103,13.0
46104,13.93
46105,12.98
46106,17.18
46107,10.95
46108,14.28
46109,10.42
46110,13.05
46111,5.3
46112,13.19
46113,13.92
46114,14.95
46115,15.66
46116,8.76
46117,15.42
46118,15.33
46119,14.12
46120,13.91
46121,13.73
46122,14.34
46123,12.26
46124,14.86
46125,14.98
46126,14.77
46127,13.13
46128,14.71
46129,11.0
46130,14.14
46131,12.25
46132,11.42
46133,15.85
46134,16.54
46135,15.16
46136,13.04
46137,13.96
46138,14.0
46139,9.97
46140,13.43
46141,9.35
46142,14.72
46143,11.19
46144,12.97
46145,10.14
46146,13.75
46147,9.4
46148,10.41
46149,12.03
46150,9.45
46151,11.04
46152,14.73
46153,12.81
46154,13.97
46155,17.94
46156,13.66
46157,13.37
46158,13.57
46159,14.89
46160,5.3
46161,13.63
46162,13.88
46163,14.11
46164,16.91
46165,9.91
46166,16.1
46167,15.22
46168,8.54
46169,9.4
46170,12.37
46171,9.75
46172,13.74
46173,13.05
46174,8.67
46175,12.18
46176,14.56
46177,14.78
46178,5.3
46179,8.93
46180,15.58
46181,12.23
46182,12.54
46183,11.29
46184,15.12
46185,5.3
46186,12.78
46187,5.3
46188,14.53
46189,9.73
46190,5.3
46191,9.98
46192,13.9
46193,13.83
46194,15.04
46195,13.56
46196,12.92
46197,13.9
46198,13.24
46199,14.48
46200,5.3
46201,12.13
46202,12.58
46203,19.96
46204,14.15
46205,5.3
46206,12.98
46207,9.43
46208,13.87
46209,13.87
46210,11.83
46211,13.06
46212,19.23
46213,12.34
46214,13.36
46215,5.3
46216,12.15
46217,15.07
46218,13.26
46219,12.1
46220,5.3
46221,10.96
46222,13.89
46223,13.62
46224,8.73
46225,14.58
46226,8.98
46227,13.56
46228,13.47
46229,15.25
46230,12.72
46231,14.1
46232,13.34
46233,11.8
46234,9.74
46235,15.17
46236,9.88
46237,15.77
46238,15.08
46239,12.34
46240,5.3
46241,14.76
46242,13.89
46243,12.02
46244,10.87
46245,11.59
46246,12.31
46247,15.38
46248,13.7
46249,15.82
46250,9.65
46251,12.91
46252,17.77
46253,15.68
46254,15.59
46255,18.05
46256,13.84
46257,13.86
46258,15.6
46259,17.41
46260,13.7
46261,15.63
46262,9.52
46263,9.9
46264,14.19
46265,14.08
46266,13.95
46267,13.83
46268,9.98
46269,15.14
46270,11.35
46271,13.96
46272,16.3
46273,13.99
46274,9.5
46275,12.67
46276,5.3
46277,9.47
46278,15.85
46279,11.24
46280,13.93
46281,14.99
46282,12.61
46283,15.22
46284,10.21
46285,12.14
46286,11.73
46287,13.83
46288,13.9
46289,12.44
46290,12.81
46291,9.59
46292,10.02
46293,5.3
46294,14.79
46295,9.1
46296,15.46
46297,12.3
46298,10.59
46299,9.99
46300,14.01
46301,15.13
46302,16.27
46303,5.3
46304,13.78
46305,15.09
46306,17.27
46307,16.01
46308,13.68
46309,14.34
46310,14.7
46311,9.32
46312,15.93
46313,13.59
46314,12.74
46315,16.79
46316,9.44
46317,11.7
46318,13.56
46319,10.1
46320,13.07
46321,11.51
46322,11.65
46323,12.5
46324,14.21
46325,14.92
46326,14.9
46327,15.89
46328,13.03
46329,12.16
46330,15.12
46331,10.68
46332,13.84
46333,8.67
46334,12.89
46335,12.96
46336,14.0
46337,12.88
46338,13.66
46339,14.81
46340,14.21
46341,9.58
46342,11.48
46343,9.26
46344,8.53
46345,11.61
46346,16.85
46347,14.07
46348,10.97
46349,10.11
46350,16.56
46351,13.37
46352,5.3
46353,13.32
46354,19.51
46355,13.25
46356,10.63
46357,14.36
46358,13.03
46359,16.5
46360,14.8
46361,15.74
46362,9.1
46363,17.53
46364,13.18
46365,12.36
46366,13.88
46367,12.68
46368,9.55
46369,9.08
46370,15.13
46371,13.26
46372,11.61
46373,16.18
46374,11.67
46375,13.19
46376,12.9
46377,10.2
46378,9.38
46379,17.13
46380,13.62
46381,13.63
46382,14.12
46383,16.73
46384,9.17
46385,14.42
46386,11.78
46387,12.55
46388,10.6
46389,13.2
46390,9.8
46391,13.99
46392,9.07
46393,13.18
46394,13.37
46395,10.5
46396,16.68
46397,12.42
46398,13.66
46399,12.36
46400,12.14
46401,14.92
46402,15.43
46403,10.24
46404,10.44
46405,13.63
46406,10.03
46407,9.58
46408,8.8
46409,12.14
46410,14.78
46411,13.87
46412,12.8
46413,13.95
46414,12.71
46415,11.18
46416,14.16
46417,13.96
46418,12.48
46419,16.45
46420,11.5
46421,14.92
46422,13.9
46423,16.66
46424,13.92
46425,12.38
46426,9.83
46427,9.09
46428,11.85
46429,13.89
46430,14.36
46431,8.4
46432,10.89
46433,15.33
46434,11.31
46435,12.24
46436,12.53
46437,10.7
46438,14.09
46439,14.36
46440,13.4
46441,5.3
46442,14.57
46443,14.6
46444,10.33
46445,13.29
46446,8.72
46447,5.3
46448,16.75
46449,12.66
46450,14.93
46451,9.58
46452,13.51
46453,14.86
46454,13.91
46455,8.36
46456,15.23
46457,14.85
46458,9.08
46459,12.36
46460,14.37
46461,9.6
46462,12.65
46463,11.38
46464,9.68
46465,13.02
46466,13.01
46467,11.96
46468,8.88
46469,10.88
46470,9.34
46471,15.52
46472,10.17
46473,13.81
46474,14.54
46475,17.14
46476,5.3
46477,9.91
46478,13.08
46479,8.85
46480,9.96
46481,5.3
46482,10.84
46483,14.87
46484,13.71
46485,15.7
46486,12.94
46487,10.53
46488,13.2
46489,14.65
46490,14.32
46491,13.95
46492,19.34
46493,10.29
46494,9.55
46495,11.26
46496,12.22
46497,10.6
46498,11.68
46499,13.69
46500,16.36
46501,12.44
46502,13.62
46503,10.69
46504,13.45
46505,15.75
46506,13.59
46507,13.95
46508,12.15
46509,14.13
46510,12.62
46511,9.48
46512,12.6
46513,11.73
46514,10.99
46515,5.42
46516,8.82
46517,13.71
46518,12.63
46519,8.85
46520,10.91
46521,15.78
46522,14.61
46523,8.69
46524,15.46
46525,7.7
46526,14.38
46527,10.04
46528,14.44
46529,9.45
46530,13.99
46531,14.37
46532,9.1
46533,17.01
46534,9.42
46535,15.52
46536,13.91
46537,13.46
46538,5.3
46539,13.0
46540,13.67
46541,13.27
46542,13.93
46543,11.21
46544,16.5
46545,16.23
46546,12.2
46547,12.24
46548,14.32
46549,18.63
46550,12.78
46551,17.12
46552,16.56
46553,13.35
46554,12.68
46555,5.3
46556,12.18
46557,13.55
46558,10.91
46559,13.94
46560,9.97
46561,16.2
46562,15.99
46563,15.7
46564,13.79
46565,11.15
46566,11.48
46567,15.57
46568,17.81
46569,13.45
46570,12.42
46571,14.4
46572,15.2
46573,8.22
46574,13.82
46575,13.1
46576,13.8
46577,9.63
46578,9.9
46579,14.32
46580,16.43
46581,10.39
46582,5.3
46583,9.76
46584,13.62
46585,15.14
46586,7.0
46587,5.3
46588,15.19
46589,16.07
46590,14.31
46591,9.43
46592,13.98
46593,10.39
46594,8.34
46595,15.19
46596,13.67
46597,11.76
46598,9.87
46599,15.06
46600,15.32
46601,10.95
46602,13.42
46603,10.01
46604,11.71
46605,13.82
46606,14.37
46607,15.2
46608,12.44
46609,5.3
46610,9.94
46611,8.87
46612,14.76
46613,13.17
46614,9.28
46615,9.27
46616,9.31
46617,8.41
46618,9.61
46619,13.76
46620,13.97
46621,11.33
46622,13.34
46623,11.49
46624,15.22
46625,14.66
46626,13.55
46627,15.88
46628,16.18
46629,10.98
46630,17.15
46631,14.04
46632,14.62
46633,5.3
46634,9.85
46635,13.57
46636,8.35
46637,13.87
46638,14.64
46639,14.52
46640,8.97
46641,13.88
46642,9.74
46643,13.76
46644,9.37
46645,11.49
46646,15.84
46647,9.4
46648,10.05
46649,13.41
46650,14.1
46651,10.22
46652,16.53
46653,13.69
46654,14.83
46655,16.18
46656,14.3
46657,11.05
46658,10.44
46659,9.34
46660,16.06
46661,14.06
46662,13.81
46663,15.92
46664,15.43
46665,13.92
46666,14.77
46667,11.32
46668,15.18
46669,10.8
46670,15.31
46671,12.64
46672,14.25
46673,9.71
46674,13.98
46675,12.07
46676,9.79
46677,18.11
46678,13.48
46679,11.91
46680,15.24
46681,12.67
46682,12.33
46683,12.47
46684,5.3
46685,13.32
46686,10.01
46687,15.48
46688,13.24
46689,5.3
46690,13.34
46691,9.83
46692,10.57
46693,16.06
46694,5.3
46695,10.03
46696,8.38
46697,14.66
46698,11.07
46699,12.21
46700,8.58
46701,16.63
46702,11.96
46703,11.96
46704,10.79
46705,12.16
46706,9.99
46707,14.58
46708,5.3
46709,15.73
46710,15.2
46711,13.52
46712,9.57
46713,14.83
46714,5.3
46715,10.09
46716,16.78
46717,14.3
46718,11.43
46719,13.96
46720,14.59
46721,12.76
46722,12.07
46723,13.77
46724,13.99
46725,10.57
46726,15.07
46727,14.35
46728,14.28
46729,13.93
46730,13.13
46731,10.56
46732,10.15
46733,13.89
46734,13.84
46735,5.3
46736,10.93
46737,11.67
46738,9.14
46739,9.47
46740,10.48
46741,14.8
46742,14.43
46743,14.59
46744,15.51
46745,11.48
46746,10.25
46747,13.56
46748,10.22
46749,15.06
46750,14.11
46751,12.01
46752,13.13
46753,16.89
46754,18.42
46755,8.84
46756,9.26
46757,14.7
46758,14.21
46759,10.89
46760,10.69
46761,11.77
46762,15.54
46763,15.52
46764,11.22
46765,8.54
46766,8.77
46767,13.53
46768,14.21
46769,14.73
46770,14.77
46771,11.85
46772,11.26
46773,12.06
46774,13.27
46775,11.58
46776,9.66
46777,12.28
46778,14.03
46779,16.55
46780,17.06
46781,16.53
46782,16.3
46783,14.86
46784,13.55
46785,9.69
46786,5.3
46787,13.41
46788,12.23
46789,12.65
46790,13.5
46791,16.2
46792,15.1
46793,15.09
46794,13.72
46795,14.54
46796,14.13
46797,14.63
46798,15.47
46799,5.3
46800,14.27
46801,5.3
46802,13.83
46803,14.12
46804,5.3
46805,11.17
46806,11.6
46807,11.73
46808,9.31
46809,5.3
46810,12.91
46811,12.37
46812,14.33
46813,12.89
46814,15.8
46815,14.49
46816,8.47
46817,12.9
46818,9.49
46819,10.55
46820,13.61
46821,14.14
46822,15.74
46823,12.02
46824,13.55
46825,9.23
46826,14.52
46827,17.49
46828,5.3
46829,9.15
46830,10.31
46831,13.72
46832,14.04
46833,10.7
46834,14.57
46835,14.96
46836,11.82
46837,17.37
46838,15.02
46839,5.3
46840,5.3
46841,13.86
46842,10.36
46843,12.08
46844,15.58
46845,14.33
46846,11.21
46847,9.52
46848,9.7
46849,9.44
46850,13.48
46851,9.57
46852,12.55
46853,11.44
46854,13.48
46855,12.58
46856,9.46
46857,11.44
46858,14.01
46859,11.3
46860,11.73
46861,10.98
46862,13.94
46863,13.05
46864,13.54
46865,15.86
46866,14.0
46867,11.2
46868,14.51
46869,10.59
46870,17.37
46871,13.57
46872,9.28
46873,13.87
46874,10.17
46875,11.48
46876,9.33
46877,12.14
46878,14.21
46879,16.47
46880,10.47
46881,9.55
46882,14.32
46883,10.25
46884,13.6
46885,10.0
46886,15.63
46887,11.41
46888,13.62
46889,12.73
46890,10.14
46891,11.42
46892,15.21
46893,11.36
46894,12.14
46895,12.21
46896,13.71
46897,16.1
46898,15.86
46899,13.28
46900,14.61
46901,10.33
46902,13.79
46903,16.2
46904,13.94
46905,13.76
46906,19.04
46907,6.65
46908,15.14
46909,13.05
46910,9.44
46911,9.02
46912,15.31
46913,13.12
46914,10.41
46915,12.63
46916,10.09
46917,9.35
46918,12.72
46919,13.15
46920,9.14
46921,14.38
46922,15.01
46923,9.6
46924,9.97
46925,10.98
46926,13.71
46927,9.01
46928,12.7
46929,14.01
46930,14.11
46931,13.49
46932,13.97
46933,12.7
46934,13.92
46935,17.02
46936,12.6
46937,14.39
46938,16.79
46939,8.26
46940,10.44
46941,15.45
46942,5.3
46943,15.86
46944,9.86
46945,15.63
46946,9.28
46947,13.54
46948,14.54
46949,13.44
46950,13.65
46951,9.23
46952,13.47
46953,8.9
46954,8.81
46955,12.12
46956,5.3
46957,13.58
46958,12.91
46959,14.95
46960,11.03
46961,9.54
46962,14.22
46963,11.1
46964,9.55
46965,13.99
46966,9.48
46967,15.11
46968,14.68
46969,12.4
46970,5.3
46971,11.28
46972,16.63
46973,15.59
46974,16.49
46975,11.94
46976,9.69
46977,11.97
46978,14.21
46979,13.89
46980,12.93
46981,5.3
46982,7.8
46983,15.72
46984,13.61
46985,13.32
46986,11.1
46987,14.0
46988,13.94
46989,12.93
46990,13.59
46991,5.3
46992,16.12
46993,14.84
46994,13.14
46995,13.83
46996,12.4
46997,12.2
46998,14.07
46999,18.18
47000,14.41
47001,11.79
47002,14.4
47003,8.24
47004,8.87
47005,14.87
47006,13.96
47007,12.83
47008,13.4
47009,13.42
47010,9.51
47011,14.12
47012,13.22
47013,9.13
47014,15.63
47015,15.12
47016,14.71
47017,9.22
47018,9.06
47019,12.13
47020,13.26
47021,8.66
47022,10.47
47023,16.18
47024,5.3
47025,13.89
47026,15.94
47027,14.19
47028,14.65
47029,13.34
47030,16.18
47031,12.14
47032,10.83
47033,12.79
47034,13.13
47035,11.03
47036,12.2
47037,15.78
47038,10.88
47039,15.15
47040,8.87
47041,11.18
47042,9.07
47043,12.94
47044,14.05
47045,9.3
47046,15.01
47047,12.94
47048,14.49
47049,12.41
47050,8.47
47051,18.29
47052,13.65
47053,13.54
47054,15.55
47055,14.27
47056,17.62
47057,14.04
47058,9.22
47059,12.99
47060,8.12
47061,15.37
47062,11.22
47063,12.22
47064,13.74
47065,12.69
47066,12.91
47067,17.47
47068,16.24
47069,12.96
47070,14.14
47071,12.27
47072,13.76
47073,8.83
47074,13.97
47075,8.57
47076,12.31
47077,13.29
47078,14.3
47079,14.18
47080,10.62
47081,12.32
47082,12.26
47083,14.11
47084,14.69
47085,14.91
47086,10.35
47087,13.45
47088,10.75
47089,13.25
47090,12.92
47091,9.92
47092,11.78
47093,14.5
47094,10.74
47095,5.3
47096,15.43
47097,14.77
47098,15.17
47099,11.44
47100,11.27
47101,9.31
47102,15.85
47103,16.25
47104,14.08
47105,13.29
47106,15.5
47107,5.3
47108,11.33
47109,11.41
47110,13.95
47111,16.09
47112,13.48
47113,13.97
47114,15.97
47115,13.74
47116,11.85
47117,11.23
47118,15.17
47119,8.48
47120,16.19
47121,14.99
47122,9.45
47123,11.68
47124,14.07
47125,8.92
47126,14.73
47127,15.24
47128,14.28
47129,9.61
47130,13.43
47131,18.52
47132,10.58
47133,13.48
47134,11.77
47135,5.3
47136,13.24
47137,15.16
47138,14.05
47139,11.14
47140,11.54
47141,13.79
47142,9.99
47143,13.93
47144,13.77
47145,12.38
47146,12.78
47147,9.37
47148,12.62
47149,12.14
47150,13.44
47151,10.25
47152,9.9
47153,13.6
47154,13.8
47155,11.25
47156,13.71
47157,10.32
47158,15.62
47159,13.98
47160,12.38
47161,14.4
47162,9.12
47163,11.95
47164,12.4
47165,14.83
47166,13.7
47167,15.21
47168,10.69
47169,12.08
47170,15.41
47171,14.71
47172,14.02
47173,9.66
47174,5.3
47175,15.52
47176,10.83
47177,14.96
47178,12.78
47179,12.84
47180,14.72
47181,13.64
47182,11.18
47183,15.59
47184,12.54
47185,13.38
47186,14.53
47187,14.42
47188,9.78
47189,15.39
47190,12.7
47191,14.82
47192,10.27
47193,14.87
47194,11.98
47195,13.44
47196,13.92
47197,9.19
47198,11.36
47199,14.04
47200,13.77
47201,13.62
47202,16.9
47203,10.37
47204,14.07
47205,13.61
47206,14.28
47207,11.98
47208,10.12
47209,13.89
47210,12.65
47211,13.88
47212,12.41
47213,15.19
47214,12.12
47215,9.3
47216,11.55
47217,15.77
47218,13.24
47219,9.85
47220,9.65
47221,14.58
47222,14.33
47223,14.42
47224,14.0
47225,10.88
47226,8.36
47227,15.12
47228,15.59
47229,15.78
47230,14.78
47231,16.59
47232,14.71
47233,13.74
47234,17.93
47235,13.45
47236,9.8
47237,16.12
47238,13.99
47239,9.38
47240,14.05
47241,14.17
47242,13.92
47243,14.29
47244,14.06
47245,15.85
47246,12.06
47247,15.5
47248,11.11
47249,14.15
47250,12.65
47251,13.86
47252,11.06
47253,16.03
47254,13.49
47255,15.13
47256,14.24
47257,11.25
47258,15.06
47259,13.06
47260,14.07
47261,11.25
47262,14.02
47263,8.58
47264,13.56
47265,11.42
47266,16.05
47267,10.36
47268,12.44
47269,9.29
47270,8.58
47271,11.63
47272,9.5
47273,13.86
47274,13.18
47275,16.21
47276,9.59
47277,14.34
47278,10.22
47279,14.32
47280,10.96
47281,14.62
47282,16.25
47283,5.3
47284,15.95
47285,13.01
47286,14.06
47287,13.95
47288,15.6
47289,13.89
47290,5.3
47291,9.6
47292,13.34
47293,8.3
47294,11.05
47295,10.82
47296,12.14
47297,5.3
47298,9.5
47299,14.51
47300,10.65
47301,13.91
47302,14.0
47303,8.57
47304,13.88
47305,16.79
47306,9.36
47307,14.29
47308,14.53
47309,14.16
47310,11.02
47311,12.2
47312,19.02
47313,14.18
47314,10.23
47315,13.51
47316,5.3
47317,8.83
47318,10.88
47319,8.68
47320,12.5
47321,14.09
47322,5.3
47323,13.89
47324,13.19
47325,13.85
47326,13.56
47327,13.53
47328,13.8
47329,13.08
47330,14.51
47331,12.98
47332,9.69
47333,13.08
47334,14.09
47335,15.08
47336,5.3
47337,13.31
47338,14.58
47339,14.55
47340,12.71
47341,13.5
47342,9.4
47343,13.46
47344,9.01
47345,14.31
47346,10.27
47347,16.68
47348,9.49
47349,8.39
47350,5.3
47351,11.5
47352,14.68
47353,13.4
47354,14.07
47355,12.26
47356,10.78
47357,16.19
47358,12.9
47359,9.45
47360,14.04
47361,13.85
47362,8.38
47363,16.19
47364,10.63
47365,14.03
47366,14.12
47367,9.69
47368,12.88
47369,14.86
47370,12.81
47371,13.29
47372,10.3
47373,9.38
47374,15.96
47375,14.24
47376,16.82
47377,14.16
47378,5.3
47379,13.0
47380,13.41
47381,13.68
47382,8.54
47383,14.27
47384,11.52
47385,13.72
47386,11.06
47387,14.26
47388,13.22
47389,14.2
47390,5.3
47391,14.87
47392,13.73
47393,14.5
47394,12.25
47395,8.97
47396,16.26
47397,5.3
47398,9.48
47399,9.6
47400,11.71
47401,12.33
47402,10.46
47403,16.38
47404,14.97
47405,5.3
47406,10.18
47407,12.91
47408,14.11
47409,15.6
47410,13.18
47411,9.8
47412,12.23
47413,12.17
47414,12.85
47415,12.13
47416,13.33
47417,17.78
47418,11.14
47419,14.61
47420,13.4
47421,11.22
47422,5.3
47423,13.81
47424,9.74
47425,17.09
47426,14.15
47427,14.11
47428,13.83
47429,14.87
47430,10.95
47431,12.63
47432,13.09
47433,9.09
47434,15.76
47435,13.77
47436,16.32
47437,10.61
47438,20.5
47439,9.52
47440,8.8
47441,15.93
47442,13.96
47443,9.32
47444,8.85
47445,13.75
47446,11.84
47447,9.5
47448,9.33
47449,10.55
47450,17.15
47451,13.24
47452,9.69
47453,13.82
47454,16.32
47455,15.43
47456,16.13
47457,18.82
47458,12.21
47459,9.92
47460,12.04
47461,8.74
47462,8.46
47463,16.56
47464,13.67
47465,14.04
47466,12.29
47467,13.32
47468,12.29
47469,13.89
47470,15.16
47471,13.8
47472,14.0
47473,12.16
47474,13.14
47475,9.73
47476,14.76
47477,14.65
47478,14.41
47479,15.42
47480,13.52
47481,13.02
47482,12.24
47483,13.92
47484,10.02
47485,14.57
47486,14.65
47487,12.76
47488,14.18
47489,11.54
47490,12.22
47491,14.56
47492,14.81
47493,12.07
47494,5.3
47495,11.67
47496,8.89
47497,13.09
47498,8.15
47499,15.76
47500,14.2
47501,13.35
47502,13.52
47503,11.1
47504,10.76
47505,12.32
47506,14.27
47507,13.95
47508,14.56
47509,13.88
47510,5.3
47511,16.53
47512,13.86
47513,14.87
47514,17.76
47515,12.94
47516,13.71
47517,8.83
47518,14.88
47519,11.4
47520,15.07
47521,8.63
47522,13.44
47523,12.32
47524,17.27
47525,15.16
47526,8.61
47527,5.3
47528,13.59
47529,10.38
47530,13.55
47531,8.79
47532,12.84
47533,10.69
47534,13.54
47535,9.23
47536,12.98
47537,14.13
47538,14.18
47539,14.53
47540,13.37
47541,11.84
47542,13.52
47543,14.66
47544,15.01
47545,14.79
47546,18.52
47547,11.72
47548,9.6
47549,13.36
47550,16.34
47551,10.71
47552,14.47
47553,9.88
47554,11.13
47555,9.89
47556,12.53
47557,13.7
47558,12.18
47559,9.57
47560,14.74
47561,13.34
47562,11.95
47563,13.58
47564,11.31
47565,9.39
47566,8.74
47567,15.09
47568,15.12
47569,12.81
47570,16.06
47571,14.79
47572,14.18
47573,9.17
47574,11.53
47575,5.3
47576,8.95
47577,16.08
47578,15.5
47579,9.27
47580,12.43
47581,14.04
47582,13.99
47583,13.15
47584,9.29
47585,8.72
47586,14.18
47587,8.93
47588,8.27
47589,9.52
47590,11.68
47591,15.56
47592,14.0
47593,18.22
47594,13.7
47595,6.25
47596,13.82
47597,8.65
47598,9.27
47599,14.9
47600,14.18
47601,14.79
47602,5.3
47603,8.87
47604,5.3
47605,13.16
47606,14.16
47607,10.82
47608,10.71
47609,14.86
47610,12.86
47611,8.45
47612,8.52
47613,13.57
47614,11.73
47615,12.17
47616,15.6
47617,17.53
47618,11.88
47619,12.04
47620,9.24
47621,12.4
47622,13.51
47623,13.45
47624,12.88
47625,12.04
47626,14.8
47627,10.89
47628,12.28
47629,11.36
47630,14.04
47631,6.47
47632,13.64
47633,13.93
47634,10.14
47635,12.73
47636,11.65
47637,9.63
47638,5.3
47639,12.82
47640,14.56
47641,13.03
47642,15.55
47643,6.88
47644,13.64
47645,13.26
47646,15.43
47647,13.95
47648,14.69
47649,9.74
47650,10.37
47651,5.3
47652,11.33
47653,16.05
47654,13.6
47655,13.93
47656,14.73
47657,5.3
47658,14.34
47659,11.68
47660,11.42
47661,8.73
47662,11.0
47663,16.6
47664,9.34
47665,13.42
47666,8.58
47667,13.45
47668,13.98
47669,9.14
47670,8.62
47671,9.54
47672,15.23
47673,14.1
47674,13.13
47675,11.69
47676,12.7
47677,9.13
47678,12.56
47679,12.59
47680,8.49
47681,17.53
47682,13.4
47683,11.23
47684,14.1
47685,11.77
47686,12.82
47687,11.43
47688,12.95
47689,13.44
47690,16.29
47691,15.59
47692,10.41
47693,9.25
47694,11.62
47695,14.67
47696,8.5
47697,13.82
47698,14.71
47699,12.39
47700,11.51
47701,9.26
47702,9.79
47703,12.25
47704,16.6
47705,15.65
47706,9.1
47707,15.66
47708,14.46
47709,14.01
47710,11.03
47711,13.54
47712,9.52
47713,14.03
47714,12.35
47715,12.27
47716,9.5
47717,15.58
47718,12.18
47719,15.34
47720,12.2
47721,14.83
47722,13.55
47723,10.76
47724,7.57
47725,13.77
47726,13.69
47727,8.23
47728,14.71
47729,8.59
47730,13.66
47731,11.12
47732,13.35
47733,5.3
47734,13.93
47735,12.26
47736,13.5
47737,13.72
47738,12.74
47739,14.48
47740,15.04
47741,9.16
47742,11.17
47743,14.34
47744,14.6
47745,10.96
47746,9.45
47747,9.25
47748,14.11
47749,11.32
47750,14.46
47751,16.37
47752,13.12
47753,17.59
47754,15.39
47755,11.31
47756,15.47
47757,12.52
47758,13.82
47759,12.88
47760,16.05
47761,15.21
47762,9.54
47763,9.02
47764,14.01
47765,9.37
47766,9.31
47767,13.48
47768,13.94
47769,13.73
47770,8.77
47771,12.66
47772,13.67
47773,13.77
47774,18.81
47775,14.46
47776,8.61
47777,14.95
47778,12.05
47779,15.83
47780,12.31
47781,10.89
47782,9.64
47783,14.29
47784,12.11
47785,8.72
47786,13.39
47787,15.65
47788,14.27
47789,14.9
47790,14.5
47791,13.57
47792,5.3
47793,8.73
47794,14.16
47795,11.79
47796,14.16
47797,14.47
47798,18.93
47799,13.86
47800,12.5
47801,17.26
47802,12.14
47803,11.06
47804,15.23
47805,8.95
47806,13.96
47807,8.54
47808,14.4
47809,8.57
47810,9.24
47811,10.89
47812,13.6
47813,11.79
47814,9.26
47815,14.21
47816,15.24
47817,16.06
47818,5.3
47819,14.0
47820,11.29
47821,15.55
47822,12.12
47823,12.88
47824,16.23
47825,10.28
47826,12.39
47827,5.3
47828,12.49
47829,10.2
47830,13.35
47831,13.75
47832,13.45
47833,10.86
47834,12.11
47835,13.94
47836,9.65
47837,13.31
47838,12.34
47839,17.87
47840,14.81
47841,10.98
47842,15.59
47843,14.69
47844,11.45
47845,13.36
47846,14.7
47847,13.15
47848,14.48
47849,9.96
47850,5.3
47851,9.02
47852,13.88
47853,10.97
47854,13.69
47855,14.37
47856,14.75
47857,14.78
47858,9.8
47859,12.9
47860,8.75
47861,11.28
47862,10.1
47863,10.95
47864,10.61
47865,13.73
47866,11.11
47867,9.7
47868,17.75
47869,12.15
47870,14.59
47871,13.79
47872,9.36
47873,9.53
47874,13.16
47875,14.58
47876,13.81
47877,12.55
47878,13.69
47879,10.11
47880,13.17
47881,13.86
47882,15.18
47883,13.99
47884,13.89
47885,9.66
47886,14.34
47887,15.21
47888,13.15
47889,13.44
47890,11.94
47891,9.55
47892,15.63
47893,9.94
47894,14.28
47895,14.52
47896,14.29
47897,11.34
47898,9.44
47899,9.14
47900,9.6
47901,14.49
47902,12.37
47903,9.96
47904,5.3
47905,8.86
47906,13.46
47907,11.6
47908,14.58
47909,9.5
47910,8.05
47911,9.65
47912,16.04
47913,14.09
47914,12.23
47915,13.78
47916,11.59
47917,13.22
47918,5.3
47919,11.08
47920,13.54
47921,14.9
47922,12.64
47923,14.82
47924,14.4
47925,11.22
47926,9.05
47927,13.98
47928,15.87
47929,14.9
47930,11.96
47931,10.08
47932,14.94
47933,10.07
47934,13.67
47935,13.77
47936,12.93
47937,14.55
47938,13.28
47939,13.77
47940,13.78
47941,13.69
47942,11.06
47943,11.36
47944,15.3
47945,14.0
47946,12.27
47947,11.53
47948,12.09
47949,11.18
47950,15.6
47951,12.42
47952,15.71
47953,12.16
47954,11.62
47955,17.52
47956,10.8
47957,11.66
47958,13.95
47959,17.07
47960,14.36
47961,9.31
47962,13.41
47963,14.21
47964,8.52
47965,9.93
47966,12.55
47967,13.68
47968,13.78
47969,15.06
47970,5.3
47971,13.47
47972,14.2
47973,14.96
47974,10.28
47975,12.43
47976,11.26
47977,15.53
47978,17.04
47979,15.11
47980,10.65
47981,12.18
47982,12.12
47983,14.29
47984,10.01
47985,15.73
47986,13.86
47987,8.8
47988,5.3
47989,5.3
47990,13.69
47991,9.55
47992,11.83
47993,14.17
47994,13.48
47995,14.1
47996,13.93
47997,13.31
47998,14.05
47999,16.22
48000,11.57
48001,14.22
48002,12.79
48003,14.04
48004,11.33
48005,12.07
48006,5.3
48007,9.53
48008,14.27
48009,15.73
48010,9.26
48011,14.41
48012,11.07
48013,14.96
48014,12.67
48015,9.51
48016,14.23
48017,13.59
48018,9.4
48019,12.89
48020,12.92
48021,17.98
48022,14.88
48023,15.59
48024,12.35
48025,9.52
48026,14.14
48027,17.13
48028,12.54
48029,16.18
48030,14.56
48031,13.66
48032,14.27
48033,8.8
48034,16.45
48035,9.41
48036,10.85
48037,13.77
48038,13.0
48039,15.53
48040,14.54
48041,11.25
48042,15.4
48043,5.3
48044,13.76
48045,12.51
48046,11.33
48047,12.49
48048,15.5
48049,10.13
48050,9.66
48051,13.96
48052,13.76
48053,13.83
48054,9.39
48055,11.79
48056,17.42
48057,13.24
48058,9.58
48059,9.16
48060,15.52
48061,5.3
48062,14.44
48063,9.07
48064,17.46
48065,13.36
48066,14.92
48067,18.35
48068,11.45
48069,14.9
48070,17.31
48071,18.98
48072,10.54
48073,12.64
48074,8.59
48075,14.68
48076,15.05
48077,14.72
48078,14.81
48079,14.24
48080,14.07
48081,14.29
48082,14.43
48083,14.19
48084,13.78
48085,11.6
48086,8.8
48087,15.01
48088,8.94
48089,13.51
48090,10.1
48091,10.93
48092,8.34
48093,13.28
48094,14.78
48095,9.52
48096,11.52
48097,11.57
48098,13.77
48099,10.24
48100,9.91
48101,12.1
48102,14.44
48103,11.31
48104,16.01
48105,10.05
48106,10.97
48107,12.21
48108,12.3
48109,12.25
48110,13.88
48111,14.11
48112,14.49
48113,13.68
48114,14.87
48115,5.3
48116,15.92
48117,12.69
48118,9.62
48119,14.45
48120,13.76
48121,11.78
48122,10.86
48123,13.66
48124,8.84
48125,9.55
48126,14.41
48127,14.09
48128,13.37
48129,9.36
48130,12.27
48131,12.65
48132,11.21
48133,13.61
48134,9.62
48135,12.41
48136,13.47
48137,8.21
48138,16.49
48139,14.6
48140,12.58
48141,11.29
48142,14.88
48143,11.91
48144,14.31
48145,13.86
48146,9.38
48147,10.02
48148,8.93
48149,13.34
48150,18.17
48151,13.94
48152,9.66
48153,13.67
48154,16.56
48155,15.22
48156,5.3
48157,12.32
48158,13.08
48159,14.61
48160,15.21
48161,9.17
48162,12.35
48163,14.23
48164,10.95
48165,11.56
48166,13.83
48167,14.05
48168,15.35
48169,10.49
48170,10.17
48171,8.77
48172,16.28
48173,10.95
48174,13.73
48175,9.13
48176,9.36
48177,13.54
48178,13.33
48179,10.01
48180,13.37
48181,14.22
48182,9.44
48183,13.28
48184,13.3
48185,15.51
48186,11.48
48187,13.07
48188,13.2
48189,14.82
48190,14.23
48191,14.6
48192,9.67
48193,16.38
48194,13.11
48195,10.09
48196,10.14
48197,12.63
48198,12.47
48199,9.47
48200,13.89
48201,13.64
48202,14.85
48203,13.78
48204,15.06
48205,13.99
48206,18.17
48207,13.26
48208,14.87
48209,13.95
48210,13.25
48211,12.67
48212,9.28
48213,15.35
48214,18.24
48215,14.02
48216,9.46
48217,15.64
48218,12.92
48219,13.26
48220,12.15
48221,12.29
48222,17.93
48223,5.3
48224,13.85
48225,13.81
48226,13.49
48227,14.36
48228,12.97
48229,9.42
48230,11.02
48231,12.6
48232,14.04
48233,12.81
48234,13.52
48235,10.55
48236,11.99
48237,11.67
48238,9.11
48239,8.72
48240,13.48
48241,11.55
48242,13.73
48243,16.44
48244,16.33
48245,13.28
48246,8.86
48247,13.64
48248,9.36
48249,14.7
48250,12.16
48251,10.41
48252,11.48
48253,7.65
48254,13.46
48255,14.3
48256,10.1
48257,13.57
48258,13.95
48259,13.24
48260,13.78
48261,5.3
48262,10.16
48263,13.53
48264,11.76
48265,14.62
48266,10.45
48267,12.96
48268,14.05
48269,13.65
48270,14.24
48271,18.12
48272,9.99
48273,13.43
48274,14.45
48275,13.12
48276,14.02
48277,6.9
48278,12.25
48279,8.95
48280,9.07
48281,15.45
48282,14.26
48283,9.98
48284,9.39
48285,10.86
48286,14.37
48287,10.53
48288,16.32
48289,9.14
48290,13.11
48291,14.02
48292,13.17
48293,12.9
48294,10.21
48295,12.23
48296,9.59
48297,9.75
48298,5.3
48299,14.8
48300,14.29
48301,9.78
48302,17.42
48303,15.16
48304,12.34
48305,8.95
48306,14.11
48307,10.14
48308,11.43
48309,16.34
48310,11.95
48311,14.5
48312,16.84
48313,5.3
48314,12.18
48315,8.61
48316,14.88
48317,16.14
48318,14.14
48319,14.72
48320,13.7
48321,5.3
48322,9.15
48323,14.96
48324,5.3
48325,13.06
48326,11.58
48327,17.91
48328,9.94
48329,13.57
48330,10.27
48331,14.8
48332,14.31
48333,12.55
48334,11.5
48335,8.61
48336,9.14
48337,16.8
48338,12.09
48339,12.02
48340,14.07
48341,11.58
48342,16.37
48343,11.29
48344,13.98
48345,14.29
48346,11.31
48347,9.33
48348,14.05
48349,13.92
48350,13.16
48351,13.33
48352,13.98
48353,13.87
48354,16.34
48355,13.37
48356,14.92
48357,11.3
48358,13.03
48359,14.69
48360,13.48
48361,14.24
48362,8.96
48363,9.46
48364,9.23
48365,14.39
48366,9.44
48367,14.11
48368,9.91
48369,14.59
48370,13.26
48371,13.46
48372,9.32
48373,14.21
48374,11.2
48375,11.14
48376,13.76
48377,12.18
48378,11.46
48379,13.71
48380,14.68
48381,13.67
48382,12.45
48383,9.78
48384,13.8
48385,16.86
48386,13.88
48387,11.55
48388,10.03
48389,13.85
48390,14.01
48391,11.17
48392,11.42
48393,9.54
48394,13.0
48395,11.69
48396,10.32
48397,14.72
48398,5.3
48399,8.6
48400,10.19
48401,14.45
48402,12.36
48403,9.48
48404,12.74
48405,12.25
48406,9.53
48407,13.82
48408,13.54
48409,9.73
48410,14.72
48411,13.8
48412,12.23
48413,15.97
48414,5.3
48415,11.84
48416,10.31
48417,5.3
48418,15.27
48419,9.57
48420,15.21
48421,9.36
48422,11.05
48423,10.63
48424,13.04
48425,12.57
48426,14.8
48427,13.81
48428,5.3
48429,13.92
48430,13.7
48431,13.53
48432,16.12
48433,14.53
48434,9.28
48435,13.03
48436,13.75
48437,14.94
48438,13.55
48439,14.27
48440,13.83
48441,14.3
48442,10.64
48443,13.15
48444,5.3
48445,11.58
48446,15.85
48447,5.3
48448,13.73
48449,5.3
48450,10.14
48451,9.49
48452,17.03
48453,15.41
48454,12.34
48455,14.18
48456,8.85
48457,14.47
48458,17.33
48459,13.64
48460,15.11
48461,14.93
48462,8.6
48463,14.04
48464,10.35
48465,12.62
48466,10.18
48467,11.05
48468,13.17
48469,13.56
48470,14.0
48471,13.72
48472,11.52
48473,9.15
48474,14.54
48475,13.91
48476,9.27
48477,15.47
48478,13.81
48479,16.53
48480,9.03
48481,14.17
48482,14.79
48483,13.99
48484,9.75
48485,11.82
48486,13.1
48487,16.6
48488,5.3
48489,5.3
48490,8.32
48491,12.14
48492,11.76
48493,11.17
48494,9.63
48495,11.82
48496,10.0
48497,9.49
48498,12.91
48499,11.82
48500,11.87
48501,9.11
48502,9.77
48503,8.46
48504,9.77
48505,13.89
48506,5.3
48507,11.25
48508,9.87
48509,14.11
48510,14.88
48511,15.85
48512,13.14
48513,5.3
48514,8.45
48515,10.21
48516,12.4
48517,14.4
48518,17.96
48519,14.42
48520,13.86
48521,10.34
48522,9.13
48523,9.18
48524,14.74
48525,15.82
48526,11.78
48527,9.55
48528,14.03
48529,11.32
48530,16.16
48531,13.97
48532,13.38
48533,13.99
48534,13.47
48535,17.35
48536,10.33
48537,8.69
48538,14.24
48539,14.59
48540,14.25
48541,13.65
48542,13.41
48543,10.36
48544,11.61
48545,14.11
48546,11.43
48547,11.18
48548,11.75
48549,15.06
48550,12.79
48551,13.88
48552,13.52
48553,13.41
48554,14.72
48555,15.39
48556,13.61
48557,13.99
48558,13.14
48559,8.55
48560,13.12
48561,14.95
48562,12.04
48563,13.98
48564,14.68
48565,10.19
48566,13.12
48567,15.03
48568,8.85
48569,8.82
48570,12.18
48571,13.64
48572,15.9
48573,14.71
48574,13.2
48575,14.15
48576,13.76
48577,12.22
48578,17.59
48579,11.24
48580,11.61
48581,14.38
48582,5.3
48583,13.91
48584,9.28
48585,14.84
48586,12.01
48587,9.58
48588,13.77
48589,9.5
48590,12.28
48591,10.09
48592,10.7
48593,9.39
48594,12.39
48595,14.89
48596,11.45
48597,14.61
48598,13.56
48599,9.5
48600,16.8
48601,14.46
48602,12.46
48603,12.68
48604,15.25
48605,13.36
48606,11.28
48607,14.52
48608,12.6
48609,10.61
48610,14.26
48611,14.25
48612,9.42
48613,14.63
48614,11.32
48615,9.54
48616,15.62
48617,10.17
48618,11.99
48619,13.37
48620,9.65
48621,9.52
48622,15.76
48623,9.75
48624,17.35
48625,13.43
48626,14.73
48627,15.4
48628,14.02
48629,9.12
48630,13.63
48631,8.91
48632,10.96
48633,11.97
48634,9.79
48635,8.87
48636,5.3
48637,11.79
48638,13.87
48639,9.13
48640,13.51
48641,16.22
48642,5.3
48643,10.32
48644,13.93
48645,14.38
48646,12.97
48647,12.3
48648,13.81
48649,13.71
48650,11.02
48651,14.42
48652,14.21
48653,18.51
48654,13.7
48655,10.67
48656,19.6
48657,8.3
48658,5.3
48659,14.16
48660,12.17
48661,13.06
48662,12.99
48663,13.55
48664,12.96
48665,13.87
48666,12.71
48667,12.62
48668,9.39
48669,14.28
48670,13.44
48671,13.62
48672,17.84
48673,9.67
48674,15.27
48675,11.28
48676,9.84
48677,13.07
48678,13.36
48679,13.64
48680,13.02
48681,13.9
48682,13.22
48683,14.86
48684,5.3
48685,14.16
48686,14.42
48687,12.94
48688,12.94
48689,13.89
48690,14.77
48691,14.03
48692,11.45
48693,13.6
48694,12.89
48695,16.34
48696,5.3
48697,14.41
48698,12.29
48699,14.72
48700,14.14
48701,16.03
48702,13.82
48703,9.8
48704,11.48
48705,11.31
48706,5.3
48707,9.95
48708,14.3
48709,14.35
48710,5.3
48711,14.37
48712,10.67
48713,5.3
48714,5.3
48715,8.5
48716,15.09
48717,14.49
48718,13.66
48719,14.77
48720,13.53
48721,13.3
48722,5.3
48723,14.2
48724,13.69
48725,13.73
48726,10.09
48727,15.11
48728,15.0
48729,8.66
48730,12.1
48731,14.08
48732,5.3
48733,14.06
48734,9.9
48735,13.96
48736,9.61
48737,11.87
48738,10.59
48739,9.5
48740,9.42
48741,14.09
48742,10.64
48743,13.76
48744,14.83
48745,18.87
48746,15.44
48747,13.92
48748,9.01
48749,10.26
48750,14.15
48751,14.76
48752,13.67
48753,15.07
48754,14.15
48755,13.41
48756,9.59
48757,11.01
48758,12.46
48759,14.49
48760,16.5
48761,13.32
48762,13.8
48763,13.21
48764,11.22
48765,8.9
48766,14.52
48767,12.14
48768,13.47
48769,11.6
48770,14.13
48771,8.21
48772,12.53
48773,14.2
48774,14.7
48775,15.12
48776,14.21
48777,9.31
48778,14.86
48779,12.44
48780,14.42
48781,15.35
48782,13.94
48783,15.56
48784,16.96
48785,9.88
48786,11.81
48787,9.6
48788,9.8
48789,9.82
48790,14.5
48791,14.0
48792,9.28
48793,7.88
48794,11.68
48795,14.55
48796,16.43
48797,13.17
48798,16.94
48799,12.25
48800,16.6
48801,13.06
48802,12.87
48803,14.01
48804,13.05
48805,15.53
48806,14.81
48807,16.72
48808,10.03
48809,12.09
48810,13.3
48811,12.42
48812,13.34
48813,9.84
48814,16.58
48815,12.93
48816,16.95
48817,12.91
48818,13.45
48819,11.01
48820,10.26
48821,10.79
48822,13.45
48823,10.72
48824,12.44
48825,10.05
48826,13.82
48827,14.83
48828,14.13
48829,13.38
48830,11.66
48831,13.89
48832,15.38
48833,13.49
48834,5.3
48835,16.63
48836,11.02
48837,15.23
48838,14.48
48839,13.17
48840,14.39
48841,12.96
48842,13.91
48843,11.39
48844,12.67
48845,14.28
48846,12.25
48847,15.19
48848,8.93
48849,10.29
48850,13.78
48851,13.44
48852,15.48
48853,7.65
48854,14.23
48855,8.72
48856,17.48
48857,15.13
48858,12.32
48859,13.84
48860,13.69
48861,15.86
48862,10.04
48863,12.3
48864,14.92
48865,10.24
48866,12.63
48867,9.96
48868,15.35
48869,15.07
48870,9.57
48871,11.57
48872,15.88
48873,6.25
48874,9.79
48875,10.14
48876,5.3
48877,13.66
48878,13.77
48879,14.9
48880,12.77
48881,13.28
48882,13.17
48883,12.78
48884,14.08
48885,13.41
48886,14.46
48887,14.52
48888,12.68
48889,16.51
48890,15.59
48891,10.72
48892,5.3
48893,14.83
48894,11.59
48895,9.52
48896,15.59
48897,15.6
48898,9.09
48899,10.9
48900,14.7
48901,5.3
48902,15.71
48903,5.3
48904,18.82
48905,14.28
48906,9.4
48907,16.07
48908,14.21
48909,7.88
48910,14.97
48911,13.25
48912,15.32
48913,10.92
48914,9.4
48915,8.77
48916,12.25
48917,14.28
48918,13.7
48919,14.49
48920,12.11
48921,14.11
48922,13.24
48923,12.31
48924,5.3
48925,12.8
48926,17.2
48927,13.42
48928,14.15
48929,13.45
48930,12.16
48931,12.9
48932,12.48
48933,5.3
48934,9.37
48935,9.49
48936,13.21
48937,12.55
48938,13.07
48939,13.21
48940,11.73
48941,9.07
48942,11.63
48943,12.75
48944,12.96
48945,15.84
48946,16.75
48947,10.14
48948,12.21
48949,13.59
48950,14.34
48951,5.3
48952,13.88
48953,13.32
48954,11.08
48955,14.02
48956,13.66
48957,9.97
48958,13.94
48959,13.17
48960,9.23
48961,9.51
48962,12.55
48963,8.78
48964,9.01
48965,13.52
48966,15.13
48967,12.63
48968,9.95
48969,12.53
48970,13.34
48971,10.09
48972,17.03
48973,16.34
48974,13.34
48975,16.2
48976,15.51
48977,15.09
48978,18.99
48979,13.74
48980,14.13
48981,9.21
48982,10.32
48983,11.87
48984,15.01
48985,5.3
48986,8.63
48987,12.03
48988,12.3
48989,10.89
48990,9.45
48991,14.07
48992,11.89
48993,9.59
48994,19.14
48995,12.12
48996,14.4
48997,13.23
48998,13.62
48999,13.83
49000,11.44
49001,9.91
49002,8.16
49003,15.13
49004,11.28
49005,7.92
49006,14.1
49007,9.09
49008,13.86
49009,13.7
49010,12.8
49011,13.91
49012,5.3
49013,9.64
49014,13.08
49015,14.17
49016,18.01
49017,15.32
49018,11.37
49019,8.15
49020,14.91
49021,8.67
49022,12.13
49023,12.45
49024,14.2
49025,13.81
49026,12.04
49027,10.69
49028,11.32
49029,14.0
49030,12.82
49031,8.52
49032,12.95
49033,12.0
49034,9.5
49035,13.84
49036,15.42
49037,13.83
49038,14.41
49039,8.49
49040,14.8
49041,13.23
49042,11.36
49043,13.3
49044,12.43
49045,13.53
49046,11.44
49047,11.14
49048,11.88
49049,15.25
49050,14.12
49051,14.01
49052,13.3
49053,14.02
49054,11.34
49055,14.18
49056,9.84
49057,14.37
49058,12.05
49059,12.66
49060,15.07
49061,14.39
49062,10.52
49063,13.25
49064,13.4
49065,15.82
49066,14.42
49067,14.98
49068,14.86
49069,16.47
49070,15.07
49071,12.41
49072,9.2
49073,14.86
49074,12.98
49075,11.26
49076,17.35
49077,14.63
49078,13.68
49079,11.81
49080,9.54
49081,14.12
49082,12.14
49083,14.01
49084,11.12
49085,13.64
49086,12.7
49087,13.38
49088,9.51
49089,15.28
49090,13.3
49091,14.0
49092,16.15
49093,5.3
49094,15.69
49095,13.23
49096,10.44
49097,12.91
49098,14.91
49099,9.43
49100,9.84
49101,12.17
49102,5.3
49103,13.45
49104,14.47
49105,11.83
49106,10.28
49107,15.12
49108,12.33
49109,15.26
49110,11.33
49111,14.05
49112,16.35
49113,16.26
49114,8.66
49115,14.43
49116,12.82
49117,13.87
49118,13.94
49119,9.52
49120,14.64
49121,15.5
49122,13.62
49123,16.62
49124,14.65
49125,11.75
49126,13.54
49127,13.96
49128,14.19
49129,10.73
49130,5.3
49131,14.72
49132,16.01
49133,14.06
49134,14.02
49135,15.28
49136,15.54
49137,13.53
49138,14.45
49139,11.87
49140,12.63
49141,13.9
49142,10.61
49143,12.16
49144,13.49
49145,11.47
49146,9.14
49147,13.66
49148,16.26
49149,16.92
49150,12.61
49151,12.57
49152,9.65
49153,14.77
49154,11.99
49155,16.39
49156,15.11
49157,13.19
49158,10.41
49159,15.1
49160,5.3
49161,13.46
49162,16.1
49163,15.38
49164,10.74
49165,5.3
49166,9.49
49167,13.93
49168,16.31
49169,13.96
49170,14.92
49171,9.96
49172,13.89
49173,12.33
49174,13.86
49175,17.54
49176,15.15
49177,13.84
49178,13.14
49179,13.11
49180,13.99
49181,13.55
49182,14.49
49183,16.95
49184,13.78
49185,15.03
49186,16.47
49187,13.78
49188,9.59
49189,9.89
49190,10.42
49191,14.86
49192,11.81
49193,17.22
49194,5.3
49195,13.0
49196,12.36
49197,14.59
49198,8.54
49199,13.38
49200,9.57
49201,9.46
49202,9.92
49203,15.74
49204,9.79
49205,16.08
49206,13.75
49207,18.07
49208,8.2
49209,13.57
49210,5.3
49211,15.95
49212,13.86
49213,14.94
49214,13.32
49215,14.6
49216,12.95
49217,14.34
49218,16.29
49219,11.43
49220,9.79
49221,13.45
49222,5.3
49223,16.32
49224,9.09
49225,14.22
49226,10.51
49227,13.44
49228,10.66
49229,8.4
49230,9.42
49231,13.28
49232,12.43
49233,13.75
49234,5.3
49235,13.44
49236,15.54
49237,14.15
49238,14.37
49239,13.48
49240,10.44
49241,14.08
49242,13.5
49243,9.61
49244,9.94
49245,13.38
49246,12.5
49247,5.3
49248,13.72
49249,12.85
49250,8.28
49251,14.31
49252,12.35
49253,12.24
49254,12.04
49255,12.72
49256,11.89
49257,9.74
49258,13.66
49259,10.55
49260,13.68
49261,9.76
49262,15.93
49263,12.47
49264,13.27
49265,8.9
49266,13.54
49267,12.41
49268,12.51
49269,13.68
49270,8.52
49271,10.88
49272,13.39
49273,12.86
49274,14.76
49275,9.59
49276,11.87
49277,5.3
49278,14.22
49279,13.73
49280,5.3
49281,10.87
49282,10.94
49283,10.29
49284,10.07
49285,15.54
49286,5.3
49287,13.98
49288,17.58
49289,15.67
49290,11.89
49291,12.26
49292,11.89
49293,12.3
49294,15.34
49295,14.08
49296,5.86
49297,11.72
49298,10.02
49299,12.02
49300,14.14
49301,12.43
49302,12.36
49303,14.17
49304,11.28
49305,14.59
49306,10.01
49307,13.67
49308,17.39
49309,12.89
49310,15.62
49311,10.73
49312,10.85
49313,12.25
49314,14.36
49315,9.66
49316,13.54
49317,14.03
49318,11.61
49319,16.49
49320,15.71
49321,14.23
49322,14.33
49323,8.71
49324,15.3
49325,9.4
49326,9.58
49327,10.75
49328,16.61
49329,14.24
49330,5.3
49331,12.46
49332,13.3
49333,13.75
49334,12.71
49335,10.57
49336,14.48
49337,10.56
49338,10.54
49339,14.5
49340,14.31
49341,12.92
49342,9.5
49343,9.61
49344,15.83
49345,12.57
49346,13.88
49347,14.37
49348,15.64
49349,13.68
49350,12.29
49351,16.27
49352,13.66
49353,17.66
49354,13.21
49355,12.91
49356,14.41
49357,14.55
49358,14.25
49359,11.9
49360,14.13
49361,9.34
49362,12.72
49363,19.22
49364,8.81
49365,14.21
49366,10.42
49367,11.68
49368,14.53
49369,13.66
49370,15.06
49371,9.14
49372,14.64
49373,5.3
49374,13.54
49375,14.89
49376,13.34
49377,12.49
49378,16.85
49379,14.21
49380,10.58
49381,15.56
49382,10.2
49383,12.85
49384,9.55
49385,14.02
49386,12.61
49387,11.3
49388,14.33
49389,15.96
49390,12.47
49391,13.36
49392,7.55
49393,12.85
49394,9.5
49395,14.92
49396,10.93
49397,14.61
49398,16.55
49399,11.46
49400,15.19
49401,9.42
49402,8.88
49403,11.64
49404,11.07
49405,15.24
49406,11.67
49407,13.3
49408,9.52
49409,15.71
49410,11.1
49411,9.27
49412,9.72
49413,5.3
49414,14.6
49415,12.14
49416,14.86
49417,14.32
49418,15.22
49419,5.3
49420,16.38
49421,14.01
49422,11.47
49423,10.16
49424,10.12
49425,13.98
49426,8.72
49427,9.67
49428,14.82
49429,13.82
49430,9.73
49431,14.6
49432,13.39
49433,15.24
49434,10.09
49435,13.94
49436,15.81
49437,15.89
49438,8.89
49439,13.66
49440,15.27
49441,13.75
49442,14.39
49443,15.08
49444,14.04
49445,13.61
49446,13.9
49447,17.95
49448,15.97
49449,12.36
49450,5.3
49451,14.11
49452,14.1
49453,14.46
49454,8.09
49455,13.48
49456,14.3
49457,9.85
49458,15.93
49459,14.87
49460,13.98
49461,14.06
49462,14.13
49463,15.04
49464,11.94
49465,11.15
49466,12.28
49467,13.19
49468,14.67
49469,11.36
49470,12.18
49471,10.23
49472,13.03
49473,13.92
49474,13.76
49475,12.81
49476,18.04
49477,14.55
49478,14.16
49479,16.16
49480,13.93
49481,10.07
49482,14.25
49483,9.9
49484,8.82
49485,14.84
49486,14.12
49487,10.86
49488,9.04
49489,13.02
49490,11.14
49491,10.73
49492,14.08
49493,10.99
49494,17.85
49495,11.21
49496,5.3
49497,14.16
49498,14.93
49499,12.39
49500,14.37
49501,14.19
49502,12.89
49503,13.89
49504,8.8
49505,12.39
49506,12.19
49507,8.7
49508,11.59
49509,11.72
49510,14.04
49511,13.52
49512,17.77
49513,14.1
49514,8.33
49515,14.9
49516,14.02
49517,8.25
49518,13.53
49519,14.2
49520,13.35
49521,14.58
49522,8.23
49523,15.06
49524,18.97
49525,11.78
49526,14.37
49527,9.85
49528,13.49
49529,8.15
49530,11.05
49531,11.92
49532,8.57
49533,9.03
49534,15.01
49535,11.02
49536,8.73
49537,5.3
49538,14.04
49539,11.42
49540,15.4
49541,12.35
49542,13.04
49543,8.3
49544,13.86
49545,13.99
49546,12.89
49547,12.26
49548,12.04
49549,5.3
49550,5.3
49551,13.49
49552,13.92
49553,13.89
49554,13.63
49555,13.59
49556,14.06
49557,8.97
49558,11.84
49559,9.05
49560,7.32
49561,13.68
49562,9.39
49563,14.46
49564,13.7
49565,13.06
49566,13.78
49567,12.5
49568,5.3
49569,13.96
49570,11.66
49571,13.75
49572,16.31
49573,13.5
49574,9.09
49575,10.15
49576,12.25
49577,12.81
49578,12.36
49579,14.61
49580,9.94
49581,12.95
49582,14.0
49583,12.17
49584,10.4
49585,18.76
49586,13.57
49587,16.98
49588,16.44
49589,16.42
49590,5.3
49591,14.07
49592,8.54
49593,9.91
49594,5.3
49595,10.08
49596,12.29
49597,9.83
49598,13.18
49599,14.52
49600,14.09
49601,13.74
49602,13.6
49603,9.71
49604,9.99
49605,9.53
49606,9.58
49607,13.35
49608,8.43
49609,13.71
49610,12.35
49611,16.3
49612,10.77
49613,13.41
49614,8.83
49615,13.1
49616,11.55
49617,12.07
49618,12.13
49619,10.65
49620,9.35
49621,12.2
49622,13.82
49623,9.1
49624,14.93
49625,11.32
49626,10.18
49627,14.21
49628,9.6
49629,13.03
49630,15.57
49631,13.24
49632,14.07
49633,14.01
49634,14.8
49635,13.33
49636,14.7
49637,15.24
49638,10.0
49639,14.25
49640,14.04
49641,8.66
49642,13.26
49643,14.27
49644,16.27
49645,14.64
49646,14.22
49647,20.28
49648,11.86
49649,15.58
49650,13.85
49651,15.24
49652,10.53
49653,13.61
49654,15.22
49655,13.75
49656,11.0
49657,11.53
49658,8.99
49659,14.7
49660,9.25
49661,14.14
49662,11.21
49663,14.14
49664,9.17
49665,5.3
49666,13.83
49667,12.22
49668,5.3
49669,8.7
49670,12.44
49671,14.63
49672,9.36
49673,15.02
49674,14.18
49675,9.27
49676,12.98
49677,13.8
49678,12.77
49679,14.01
49680,13.96
49681,8.91
49682,15.12
49683,8.76
49684,14.23
49685,15.03
49686,12.53
49687,14.1
49688,13.27
49689,13.12
49690,15.16
49691,16.02
49692,14.32
49693,14.38
49694,9.05
49695,15.0
49696,9.78
49697,13.45
49698,13.92
49699,19.15
49700,14.32
49701,13.3
49702,11.45
49703,12.17
49704,13.36
49705,13.13
49706,9.69
49707,19.16
49708,9.74
49709,14.0
49710,13.32
49711,15.11
49712,11.76
49713,13.61
49714,12.29
49715,13.1
49716,5.3
49717,11.0
49718,15.51
49719,14.08
49720,11.47
49721,12.39
49722,10.58
49723,8.85
49724,10.29
49725,14.71
49726,9.92
49727,8.25
49728,14.88
49729,10.44
49730,13.87
49731,9.16
49732,11.14
49733,5.3
49734,16.01
49735,12.13
49736,13.89
49737,13.89
49738,14.13
49739,10.35
49740,13.74
49741,11.99
49742,14.19
49743,9.86
49744,12.5
49745,14.65
49746,14.72
49747,13.53
49748,17.35
49749,10.5
49750,12.05
49751,14.04
49752,17.26
49753,11.23
49754,10.21
49755,11.24
49756,10.67
49757,8.8
49758,14.01
49759,13.8
49760,8.9
49761,14.01
49762,13.5
49763,9.48
49764,10.06
49765,16.07
49766,7.25
49767,9.55
49768,16.55
49769,10.07
49770,11.01
49771,10.71
49772,15.15
49773,14.32
49774,14.06
49775,12.34
49776,20.47
49777,13.73
49778,13.75
49779,13.57
49780,9.7
49781,14.12
49782,14.06
49783,13.73
49784,11.87
49785,8.75
49786,13.83
49787,13.92
49788,13.72
49789,17.16
49790,14.8
49791,13.86
49792,15.33
49793,18.58
49794,12.3
49795,14.28
49796,12.5
49797,15.18
49798,9.1
49799,8.14
49800,12.31
49801,13.16
49802,13.88
49803,14.17
49804,15.05
49805,12.94
49806,14.52
49807,8.95
49808,12.28
49809,9.99
49810,15.18
49811,14.45
49812,12.29
49813,8.4
49814,15.91
49815,13.3
49816,14.08
49817,13.92
49818,8.67
49819,13.71
49820,10.27
49821,14.11
49822,14.79
49823,9.1
49824,13.09
49825,9.77
49826,14.14
49827,14.07
49828,11.4
49829,14.34
49830,13.02
49831,11.31
49832,11.41
49833,10.57
49834,8.99
49835,9.14
49836,13.8
49837,13.27
49838,14.66
49839,16.53
49840,14.3
49841,14.29
49842,9.78
49843,11.89
49844,9.6
49845,10.46
49846,13.99
49847,14.04
49848,13.54
49849,12.65
49850,12.37
49851,5.3
49852,9.46
49853,15.51
49854,15.89
49855,12.19
49856,16.64
49857,8.74
49858,15.74
49859,14.24
49860,13.64
49861,13.27
49862,14.22
49863,12.8
49864,9.57
49865,10.29
49866,14.46
49867,14.84
49868,13.68
49869,13.53
49870,5.3
49871,12.19
49872,9.49
49873,10.5
49874,12.35
49875,14.35
49876,15.46
49877,14.02
49878,9.3
49879,10.02
49880,13.81
49881,11.97
49882,11.99
49883,5.3
49884,9.48
49885,9.49
49886,5.3
49887,14.65
49888,9.07
49889,10.08
49890,14.5
49891,9.87
49892,11.11
49893,12.11
49894,13.63
49895,9.12
49896,12.8
49897,15.95
49898,14.17
49899,10.01
49900,14.23
49901,14.61
49902,9.17
49903,9.9
49904,9.6
49905,17.44
49906,9.56
49907,13.95
49908,12.27
49909,11.93
49910,7.48
49911,12.51
49912,13.13
49913,9.59
49914,9.06
49915,15.15
49916,16.32
49917,14.41
49918,12.51
49919,9.51
49920,10.56
49921,5.3
49922,12.64
49923,12.98
49924,11.88
49925,10.77
49926,13.95
49927,15.8
49928,15.47
49929,14.04
49930,13.87
49931,13.59
49932,13.34
49933,8.82
49934,13.9
49935,13.92
49936,10.71
49937,13.01
49938,14.26
49939,15.76
49940,14.46
49941,13.01
49942,14.78
49943,10.43
49944,13.12
49945,13.13
49946,9.99
49947,10.09
49948,12.61
49949,14.11
49950,15.88
49951,13.56
49952,14.42
49953,10.92
49954,12.26
49955,14.12
49956,12.3
49957,13.66
49958,13.87
49959,14.7
49960,8.35
49961,14.37
49962,14.64
49963,13.95
49964,11.68
49965,14.99
49966,14.32
49967,13.79
49968,14.14
49969,16.99
49970,10.04
49971,13.32
49972,16.41
49973,12.17
49974,13.37
49975,12.24
49976,17.09
49977,12.47
49978,11.64
49979,10.34
49980,9.47
49981,14.19
49982,12.16
49983,8.81
49984,5.3
49985,14.35
49986,10.03
49987,13.13
49988,9.3
49989,13.94
49990,12.52
49991,10.14
49992,5.3
49993,14.6
49994,8.9
49995,14.4
49996,16.08
49997,10.39
49998,11.66
49999,9.27
50000,10.09
50001,14.55
50002,11.1
50003,14.61
50004,14.88
50005,13.92
50006,13.11
50007,10.1
50008,13.79
50009,13.88
50010,14.13
50011,13.94
50012,14.22
50013,12.93
50014,16.15
50015,8.94
50016,14.64
50017,13.95
50018,5.3
50019,10.07
50020,13.16
50021,9.94
50022,15.55
50023,17.05
50024,10.53
50025,12.09
50026,12.66
50027,9.8
50028,14.78
50029,8.72
50030,13.65
50031,12.83
50032,14.67
50033,13.37
50034,13.89
50035,10.27
50036,13.08
50037,13.16
50038,9.5
50039,14.38
50040,9.49
50041,14.67
50042,13.11
50043,16.67
50044,9.0
50045,12.94
50046,9.62
50047,13.78
50048,11.03
50049,17.61
50050,13.66
50051,13.16
50052,8.48
50053,10.26
50054,12.12
50055,17.38
50056,11.75
50057,10.04
50058,12.38
50059,9.95
50060,13.54
50061,13.98
50062,15.4
50063,12.23
50064,11.77
50065,12.95
50066,15.47
50067,14.73
50068,14.17
50069,12.82
50070,14.52
50071,13.86
50072,12.65
50073,14.24
50074,13.76
50075,13.96
50076,9.84
50077,13.65
50078,14.24
50079,8.25
50080,8.97
50081,9.16
50082,13.97
50083,13.93
50084,13.72
50085,13.33
50086,15.46
50087,12.12
50088,12.4
50089,11.22
50090,13.7
50091,8.11
50092,11.48
50093,16.23
50094,16.1
50095,14.5
50096,11.6
50097,8.11
50098,14.31
50099,10.57
50100,17.76
50101,11.21
50102,5.3
50103,16.29
50104,12.94
50105,11.24
50106,13.15
50107,14.9
50108,9.27
50109,11.92
50110,15.29
50111,9.62
50112,18.06
50113,14.05
50114,13.03
50115,15.33
50116,9.35
50117,12.06
50118,9.06
50119,12.95
50120,13.89
50121,13.97
50122,13.43
50123,12.36
50124,10.97
50125,14.18
50126,14.03
50127,15.73
50128,14.17
50129,5.3
50130,12.66
50131,17.3
50132,8.34
50133,12.0
50134,14.45
50135,15.12
50136,13.52
50137,12.84
50138,14.81
50139,13.62
50140,9.32
50141,10.1
50142,13.56
50143,9.5
50144,18.81
50145,13.64
50146,16.22
50147,14.08
50148,13.69
50149,13.46
50150,8.83
50151,14.58
50152,9.77
50153,12.35
50154,8.39
50155,15.24
50156,14.11
50157,13.04
50158,10.13
50159,14.03
50160,5.3
50161,13.04
50162,9.9
50163,9.4
50164,14.26
50165,8.44
50166,14.09
50167,8.69
50168,12.14
50169,13.87
50170,10.02
50171,16.18
50172,13.94
50173,14.1
50174,11.56
50175,12.21
50176,11.52
50177,9.45
50178,11.25
50179,10.4
50180,15.11
50181,16.49
50182,12.29
50183,14.3
50184,16.71
50185,12.6
50186,12.19
50187,11.77
50188,10.78
50189,11.75
50190,15.39
50191,13.3
50192,15.13
50193,11.54
50194,9.27
50195,11.99
50196,14.66
50197,10.03
50198,5.3
50199,15.2
50200,9.31
50201,14.51
50202,15.84
50203,12.19
50204,14.55
50205,9.2
50206,10.59
50207,10.64
50208,15.24
50209,13.44
50210,14.32
50211,9.86
50212,15.18
50213,12.27
50214,13.48
50215,13.64
50216,9.38
50217,13.58
50218,13.96
50219,9.93
50220,15.03
50221,9.64
50222,13.69
50223,5.3
50224,11.85
50225,10.42
50226,11.37
50227,8.93
50228,11.99
50229,13.42
50230,11.29
50231,13.12
50232,12.45
50233,13.95
50234,12.16
50235,12.89
50236,14.66
50237,11.16
50238,13.95
50239,14.83
50240,5.3
50241,14.21
50242,16.38
50243,15.26
50244,15.73
50245,13.36
50246,11.2
50247,9.75
50248,13.14
50249,10.54
50250,9.07
50251,13.94
50252,11.52
50253,11.66
50254,13.32
50255,5.3
50256,13.91
50257,13.34
50258,11.38
50259,12.65
50260,12.95
50261,10.09
50262,8.11
50263,9.89
50264,13.25
50265,13.72
50266,5.3
50267,12.89
50268,10.42
50269,13.31
50270,12.53
50271,5.3
50272,10.35
50273,5.3
50274,14.3
50275,18.56
50276,9.79
50277,13.22
50278,13.19
50279,13.97
50280,11.26
50281,14.78
50282,10.75
50283,15.15
50284,14.25
50285,14.19
50286,13.62
50287,14.74
50288,13.93
50289,9.43
50290,9.2
50291,13.88
50292,12.77
50293,12.32
50294,14.48
50295,8.8
50296,15.62
50297,13.76
50298,5.3
50299,10.82
50300,16.95
50301,10.33
50302,9.27
50303,13.04
50304,13.2
50305,12.3
50306,14.63
50307,15.83
50308,13.62
50309,13.36
50310,15.28
50311,8.48
50312,14.23
50313,12.2
50314,14.2
50315,14.47
50316,15.09
50317,13.81
50318,14.84
50319,13.7
50320,15.6
50321,15.69
50322,15.1
50323,8.98
50324,13.22
50325,14.58
50326,13.3
50327,13.03
50328,12.97
50329,13.89
50330,13.95
50331,14.79
50332,18.49
50333,13.33
50334,12.36
50335,9.47
50336,9.69
50337,14.94
50338,13.83
50339,13.06
50340,13.91
50341,12.16
50342,15.04
50343,15.29
50344,12.43
50345,9.06
50346,14.08
50347,17.66
50348,9.39
50349,13.28
50350,12.11
50351,12.01
50352,12.55
50353,14.7
50354,8.36
50355,15.0
50356,11.23
50357,12.28
50358,12.65
50359,9.95
50360,8.83
50361,14.12
50362,12.7
50363,11.5
50364,9.43
50365,14.58
50366,17.02
50367,13.54
50368,13.59
50369,14.15
50370,12.06
50371,14.61
50372,13.39
50373,15.17
50374,14.95
50375,14.01
50376,13.97
50377,9.58
50378,9.94
50379,14.81
50380,12.93
50381,12.98
50382,13.72
50383,9.88
50384,13.57
50385,13.93
50386,12.39
50387,16.41
50388,9.54
50389,13.91
50390,13.82
50391,17.26
50392,14.37
50393,12.0
50394,13.61
50395,14.77
50396,15.85
50397,11.0
50398,10.27
50399,13.16
50400,12.66
50401,9.48
50402,14.32
50403,14.22
50404,14.96
50405,10.45
50406,13.75
50407,9.8
50408,17.9
50409,14.0
50410,13.51
50411,12.75
50412,14.3
50413,16.74
50414,15.73
50415,13.56
50416,11.33
50417,14.85
50418,16.18
50419,15.93
50420,13.63
50421,13.89
50422,15.05
50423,13.32
50424,14.68
50425,13.78
50426,13.39
50427,13.46
50428,9.04
50429,14.34
50430,10.46
50431,13.68
50432,14.16
50433,15.43
50434,10.12
50435,13.21
50436,9.14
50437,12.16
50438,15.05
50439,13.87
50440,8.64
50441,14.11
50442,17.92
50443,15.32
50444,12.32
50445,14.58
50446,6.21
50447,17.74
50448,12.66
50449,11.96
50450,14.03
50451,8.84
50452,12.36
50453,10.21
50454,5.3
50455,10.5
50456,10.12
50457,8.77
50458,5.3
50459,11.82
50460,14.77
50461,11.96
50462,12.87
50463,9.23
50464,13.04
50465,14.24
50466,14.19
50467,12.97
50468,13.97
50469,14.36
50470,13.57
50471,13.24
50472,14.73
50473,13.56
50474,13.21
50475,14.22
50476,5.3
50477,11.66
50478,7.84
50479,9.4
50480,5.3
50481,14.02
50482,9.64
50483,14.29
50484,13.72
50485,14.06
50486,10.51
50487,14.68
50488,14.8
50489,13.37
50490,12.36
50491,14.43
50492,13.47
50493,14.49
50494,13.69
50495,13.63
50496,9.5
50497,12.77
50498,13.9
50499,13.99
50500,14.19
50501,15.07
50502,13.86
50503,13.45
50504,10.34
50505,12.91
50506,14.24
50507,9.44
50508,14.98
50509,12.93
50510,13.72
50511,8.83
50512,17.27
50513,12.68
50514,14.03
50515,10.93
50516,12.51
50517,13.96
50518,9.73
50519,9.7
50520,15.74
50521,13.16
50522,15.21
50523,11.58
50524,9.05
50525,13.41
50526,14.5
50527,14.06
50528,9.9
50529,15.21
50530,13.16
50531,11.51
50532,10.62
50533,10.98
50534,12.4
50535,13.67
50536,13.64
50537,9.46
50538,13.87
50539,15.33
50540,8.85
50541,14.29
50542,8.56
50543,8.85
50544,13.9
50545,14.28
50546,12.02
50547,9.22
50548,10.57
50549,12.04
50550,14.85
50551,10.74
50552,13.91
50553,5.3
50554,14.53
50555,14.92
50556,9.26
50557,13.8
50558,8.76
50559,14.47
50560,9.36
50561,13.13
50562,14.07
50563,9.28
50564,14.13
50565,10.12
50566,11.83
50567,9.84
50568,16.22
50569,14.91
50570,14.06
50571,14.55
50572,10.47
50573,14.04
50574,15.98
50575,11.74
50576,14.72
50577,11.62
50578,8.42
50579,16.55
50580,13.85
50581,13.37
50582,9.65
50583,18.44
50584,9.6
50585,15.27
50586,14.4
50587,9.44
50588,13.61
50589,9.01
50590,15.13
50591,14.14
50592,5.3
50593,13.88
50594,15.5
50595,13.15
50596,13.78
50597,5.3
50598,16.46
50599,13.41
50600,9.24
50601,13.38
50602,11.04
50603,18.03
50604,13.19
50605,12.75
50606,9.15
50607,10.83
50608,9.9
50609,11.98
50610,15.43
50611,16.96
50612,15.45
50613,10.63
50614,14.23
50615,15.1
50616,12.78
50617,13.88
50618,17.78
50619,14.57
50620,5.3
50621,14.31
50622,11.8
50623,13.57
50624,16.16
50625,9.29
50626,13.37
50627,13.36
50628,16.83
50629,14.33
50630,10.86
50631,9.23
50632,13.26
50633,12.22
50634,12.35
50635,11.42
50636,14.33
50637,9.55
50638,12.21
50639,12.3
50640,14.04
50641,14.25
50642,13.55
50643,8.66
50644,13.77
50645,13.59
50646,12.88
50647,11.41
50648,12.97
50649,9.03
50650,14.56
50651,13.21
50652,14.9
50653,11.51
50654,14.58
50655,11.25
50656,16.4
50657,14.03
50658,10.73
50659,12.69
50660,17.16
50661,14.71
50662,14.34
50663,13.52
50664,5.3
50665,12.66
50666,9.76
50667,12.86
50668,9.58
50669,12.88
50670,9.38
50671,14.76
50672,12.75
50673,13.22
50674,13.79
50675,14.21
50676,8.96
50677,14.64
50678,5.3
50679,14.57
50680,15.98
50681,12.29
50682,14.11
50683,13.38
50684,14.64
50685,15.21
50686,18.75
50687,15.44
50688,14.34
50689,14.03
50690,15.11
50691,13.23
50692,16.73
50693,10.07
50694,13.32
50695,11.67
50696,13.96
50697,15.17
50698,14.63
50699,11.18
50700,13.78
50701,14.11
50702,9.15
50703,12.78
50704,8.75
50705,16.53
50706,12.14
50707,11.89
50708,14.59
50709,12.66
50710,10.94
50711,10.16
50712,16.33
50713,14.35
50714,16.14
50715,14.69
50716,9.28
50717,8.54
50718,15.61
50719,10.59
50720,13.07
50721,14.32
50722,17.65
50723,8.57
50724,14.62
50725,12.97
50726,13.9
50727,9.32
50728,14.39
50729,10.94
50730,5.3
50731,13.81
50732,14.4
50733,7.0
50734,12.22
50735,11.51
50736,14.55
50737,7.27
50738,8.93
50739,16.37
50740,14.65
50741,11.27
50742,9.83
50743,12.75
50744,8.68
50745,10.01
50746,9.65
50747,16.36
50748,13.65
50749,15.26
50750,5.3
50751,14.16
50752,14.29
50753,11.16
50754,12.81
50755,11.85
50756,12.0
50757,8.77
50758,13.97
50759,13.51
50760,11.69
50761,9.46
50762,12.6
50763,12.03
50764,16.25
50765,17.38
50766,11.43
50767,9.36
50768,14.05
50769,14.24
50770,11.28
50771,13.32
50772,10.24
50773,14.48
50774,12.06
50775,14.78
50776,13.6
50777,8.58
50778,13.53
50779,14.81
50780,15.0
50781,14.08
50782,11.37
50783,12.21
50784,13.77
50785,14.2
50786,13.7
50787,14.31
50788,14.98
50789,12.81
50790,12.36
50791,5.3
50792,10.41
50793,10.75
50794,10.77
50795,14.58
50796,10.02
50797,14.09
50798,11.05
50799,13.48
50800,14.01
50801,14.74
50802,8.85
50803,8.51
50804,11.31
50805,13.01
50806,14.25
50807,14.01
50808,14.76
50809,14.61
50810,7.23
50811,9.91
50812,16.06
50813,14.82
50814,8.33
50815,13.61
50816,13.84
50817,13.82
50818,13.9
50819,14.33
50820,14.17
50821,14.05
50822,13.88
50823,10.4
50824,13.66
50825,14.53
50826,11.93
50827,16.06
50828,8.49
50829,13.5
50830,11.35
50831,13.44
50832,14.93
50833,17.62
50834,5.3
50835,16.7
50836,10.87
50837,16.89
50838,14.05
50839,12.34
50840,11.34
50841,13.83
50842,13.71
50843,14.75
50844,17.41
50845,16.89
50846,14.02
50847,13.86
50848,14.14
50849,14.43
50850,8.62
50851,13.75
50852,18.8
50853,17.16
50854,14.34
50855,10.75
50856,11.28
50857,17.42
50858,11.14
50859,13.38
50860,9.3
50861,15.45
50862,12.21
50863,13.76
50864,13.68
50865,12.77
50866,14.27
50867,12.18
50868,12.55
50869,15.56
50870,9.69
50871,9.68
50872,13.33
50873,13.78
50874,13.28
50875,5.3
50876,10.11
50877,8.39
50878,9.89
50879,12.4
50880,15.05
50881,15.64
50882,5.3
50883,16.11
50884,13.69
50885,18.19
50886,13.93
50887,15.46
50888,14.25
50889,16.73
50890,13.16
50891,12.24
50892,13.13
50893,11.11
50894,13.86
50895,10.85
50896,13.8
50897,15.71
50898,14.58
50899,9.77
50900,12.35
50901,9.92
50902,10.1
50903,11.63
50904,16.2
50905,11.55
50906,10.55
50907,14.73
50908,14.84
50909,13.84
50910,8.84
50911,14.44
50912,15.47
50913,13.04
50914,9.87
50915,14.91
50916,9.99
50917,13.46
50918,14.36
50919,13.84
50920,14.37
50921,11.25
50922,10.05
50923,13.58
50924,14.36
50925,13.05
50926,12.2
50927,13.02
50928,13.89
50929,10.05
50930,15.59
50931,14.04
50932,17.82
50933,13.86
50934,14.1
50935,8.77
50936,17.81
50937,8.33
50938,12.11
50939,14.12
50940,13.61
50941,12.14
50942,15.58
50943,14.18
50944,9.41
50945,12.29
50946,13.32
50947,14.21
50948,11.83
50949,13.55
50950,9.03
50951,14.54
50952,13.79
50953,13.34
50954,9.88
50955,13.88
50956,13.49
50957,8.35
50958,15.51
50959,12.76
50960,13.9
50961,14.81
50962,14.05
50963,14.58
50964,14.23
50965,11.31
50966,12.2
50967,8.38
50968,16.63
50969,13.97
50970,13.95
50971,13.97
50972,15.42
50973,7.85
50974,16.07
50975,14.55
50976,10.18
50977,17.9
50978,13.61
50979,13.98
50980,14.82
50981,16.39
50982,12.2
50983,12.13
50984,13.76
50985,8.7
50986,17.71
50987,14.39
50988,14.08
50989,12.22
50990,13.9
50991,16.77
50992,11.64
50993,15.19
50994,5.49
50995,13.0
50996,11.8
50997,15.7
50998,14.57
50999,14.74
51000,15.08
51001,13.51
51002,13.52
51003,14.3
51004,10.24
51005,10.32
51006,15.78
51007,9.49
51008,14.51
51009,13.92
51010,14.49
51011,10.2
51012,14.75
51013,14.76
51014,14.88
51015,11.54
51016,15.36
51017,9.38
51018,13.47
51019,9.15
51020,9.26
51021,14.39
51022,12.8
51023,5.3
51024,8.86
51025,14.53
51026,8.92
51027,12.16
51028,14.54
51029,14.26
51030,5.3
51031,14.03
51032,14.02
51033,9.73
51034,14.33
51035,11.94
51036,10.87
51037,8.85
51038,14.77
51039,9.03
51040,9.43
51041,9.22
51042,14.25
51043,9.67
51044,5.3
51045,11.78
51046,14.38
51047,13.33
51048,11.28
51049,14.24
51050,15.93
51051,9.51
51052,16.03
51053,13.82
51054,9.85
51055,13.66
51056,10.67
51057,13.35
51058,14.15
51059,11.65
51060,17.04
51061,13.71
51062,8.72
51063,10.8
51064,11.18
51065,20.05
51066,12.15
51067,13.82
51068,14.29
51069,9.1
51070,15.04
51071,14.21
51072,13.55
51073,9.15
51074,5.3
51075,11.63
51076,11.45
51077,12.67
51078,13.33
51079,14.1
51080,11.89
51081,13.15
51082,12.83
51083,11.1
51084,10.61
51085,13.68
51086,10.04
51087,14.15
51088,16.63
51089,14.58
51090,13.1
51091,5.3
51092,14.14
51093,9.52
51094,12.52
51095,14.39
51096,9.9
51097,15.24
51098,19.19
51099,13.97
51100,15.42
51101,14.01
51102,14.82
51103,9.9
51104,13.61
51105,15.17
51106,10.45
51107,9.74
51108,8.46
51109,11.6
51110,15.09
51111,15.67
51112,19.8
51113,13.95
51114,13.77
51115,11.98
51116,13.77
51117,12.22
51118,14.52
51119,5.3
51120,10.06
51121,13.86
51122,9.36
51123,9.51
51124,14.18
51125,18.35
51126,8.79
51127,13.83
51128,14.88
51129,9.14
51130,9.65
51131,8.77
51132,9.56
51133,12.74
51134,12.09
51135,12.02
51136,14.66
51137,14.29
51138,16.08
51139,10.95
51140,12.25
51141,11.28
51142,14.15
51143,13.52
51144,11.22
51145,13.73
51146,15.42
51147,9.74
51148,9.66
51149,13.35
51150,13.95
51151,13.76
51152,12.98
51153,12.06
51154,14.15
51155,15.71
51156,13.64
51157,11.09
51158,14.57
51159,15.61
51160,9.44
51161,13.85
51162,15.78
51163,9.44
51164,13.72
51165,14.11
51166,12.52
51167,8.56
51168,14.03
51169,14.78
51170,14.2
51171,13.28
51172,15.36
51173,17.41
51174,17.29
51175,11.42
51176,10.28
51177,13.22
51178,17.33
51179,15.45
51180,13.61
51181,14.25
51182,12.71
51183,9.21
51184,13.02
51185,14.93
51186,11.47
51187,8.31
51188,12.9
51189,11.54
51190,16.31
51191,11.26
51192,13.89
51193,12.19
51194,10.04
51195,13.6
51196,17.49
51197,13.23
51198,10.95
51199,13.31
51200,14.23
51201,13.28
51202,11.46
51203,11.71
51204,11.67
51205,9.95
51206,13.0
51207,12.15
51208,8.6
51209,13.77
51210,5.3
51211,15.93
51212,9.69
51213,13.72
51214,14.16
51215,13.82
51216,12.73
51217,13.07
51218,14.04
51219,11.54
51220,11.52
51221,10.73
51222,19.18
51223,13.19
51224,12.08
51225,14.99
51226,14.29
51227,15.1
51228,14.04
51229,12.47
51230,14.28
51231,14.06
51232,13.73
51233,13.62
51234,8.52
51235,5.3
51236,14.23
51237,9.24
51238,15.27
51239,13.7
51240,13.65
51241,13.55
51242,11.58
51243,14.26
51244,15.9
51245,9.18
51246,11.25
51247,9.66
51248,5.3
51249,14.37
51250,13.9
51251,15.23
51252,9.42
51253,17.32
51254,13.6
51255,14.16
51256,15.43
51257,14.33
51258,13.82
51259,9.16
51260,11.53
51261,14.53
51262,12.22
51263,9.38
51264,9.53
51265,12.26
51266,12.52
51267,9.55
51268,8.83
51269,11.61
51270,11.38
51271,5.3
51272,8.87
51273,19.06
51274,14.92
51275,8.38
51276,11.51
51277,16.01
51278,8.3
51279,15.06
51280,10.54
51281,14.56
51282,17.14
51283,9.96
51284,14.06
51285,11.12
51286,12.67
51287,13.87
51288,11.38
51289,12.68
51290,16.36
51291,16.44
51292,14.45
51293,11.29
51294,12.51
51295,13.92
51296,13.58
51297,9.46
51298,11.25
51299,9.96
51300,11.09
51301,13.63
51302,13.47
51303,13.63
51304,5.3
51305,15.52
51306,13.56
51307,10.89
51308,12.1
51309,12.98
51310,13.39
51311,14.54
51312,14.93
51313,13.08
51314,15.03
51315,13.54
51316,11.26
51317,10.54
51318,13.97
51319,13.6
51320,11.51
51321,8.09
51322,13.41
51323,12.25
51324,9.31
51325,14.1
51326,8.83
51327,12.2
51328,14.62
51329,12.49
51330,13.59
51331,13.7
51332,9.5
51333,14.03
51334,10.63
51335,14.14
51336,12.3
51337,13.76
51338,5.3
51339,12.54
51340,12.03
51341,13.76
51342,17.9
51343,9.17
51344,12.17
51345,8.19
51346,11.04
51347,12.96
51348,10.5
51349,13.8
51350,13.95
51351,9.45
51352,10.29
51353,9.77
51354,13.77
51355,10.42
51356,8.54
51357,13.18
51358,10.66
51359,14.45
51360,9.57
51361,15.46
51362,9.41
51363,12.29
51364,14.92
51365,13.1
51366,12.01
51367,14.3
51368,11.52
51369,13.72
51370,10.53
51371,12.07
51372,14.76
51373,15.0
51374,13.48
51375,14.53
51376,17.05
51377,14.43
51378,5.3
51379,11.11
51380,16.94
51381,9.16
51382,10.97
51383,13.81
51384,11.29
51385,8.87
51386,9.4
51387,15.88
51388,14.82
51389,11.41
51390,14.39
51391,14.7
51392,14.96
51393,13.71
51394,14.99
51395,13.2
51396,5.3
51397,12.19
51398,11.59
51399,11.97
51400,17.72
51401,12.43
51402,14.51
51403,13.69
51404,10.12
51405,14.59
51406,9.85
51407,12.22
51408,10.77
51409,14.05
51410,13.57
51411,15.94
51412,14.29
51413,13.3
51414,13.23
51415,14.38
51416,11.86
51417,13.69
51418,9.34
51419,14.97
51420,15.2
51421,12.82
51422,12.32
51423,5.3
51424,13.11
51425,13.35
51426,15.11
51427,9.19
51428,11.03
51429,11.96
51430,13.83
51431,14.68
51432,14.23
51433,14.85
51434,13.36
51435,14.42
51436,12.54
51437,14.42
51438,12.29
51439,13.74
51440,15.05
51441,9.68
51442,14.32
51443,13.34
51444,15.28
51445,14.31
51446,13.1
51447,12.1
51448,9.14
51449,14.11
51450,9.64
51451,9.49
51452,8.64
51453,11.4
51454,13.52
51455,14.04
51456,14.04
51457,14.02
51458,10.96
51459,14.78
51460,14.03
51461,13.19
51462,17.35
51463,13.37
51464,14.33
51465,14.03
51466,10.27
51467,12.96
51468,15.9
51469,5.3
51470,11.89
51471,5.3
51472,10.57
51473,14.48
51474,9.83
51475,12.35
51476,13.7
51477,11.38
51478,9.54
51479,9.46
51480,12.32
51481,13.81
51482,9.3
51483,13.9
51484,9.81
51485,9.31
51486,9.28
51487,13.95
51488,16.7
51489,14.22
51490,16.43
51491,15.38
51492,10.03
51493,12.98
51494,10.68
51495,14.04
51496,17.17
51497,15.74
51498,11.68
51499,11.91
51500,15.2
51501,17.38
51502,15.23
51503,12.21
51504,14.54
51505,13.34
51506,9.18
51507,14.31
51508,8.91
51509,14.93
51510,15.07
51511,11.09
51512,14.32
51513,13.23
51514,13.67
51515,15.14
51516,15.52
51517,10.91
51518,14.14
51519,9.46
51520,13.93
51521,13.39
51522,13.82
51523,13.66
51524,13.47
51525,11.6
51526,10.59
51527,14.01
51528,9.87
51529,14.76
51530,5.3
51531,9.91
51532,14.35
51533,14.32
51534,9.98
51535,14.77
51536,16.29
51537,16.16
51538,13.72
51539,10.28
51540,15.87
51541,14.13
51542,12.51
51543,8.64
51544,11.49
51545,12.79
51546,14.25
51547,14.36
51548,12.92
51549,9.71
51550,14.42
51551,13.78
51552,13.82
51553,16.24
51554,14.26
51555,14.48
51556,13.23
51557,8.92
51558,10.97
51559,13.25
51560,14.22
51561,9.46
51562,5.3
51563,13.68
51564,14.02
51565,13.74
51566,15.0
51567,13.51
51568,13.79
51569,15.62
51570,12.23
51571,11.84
51572,13.62
51573,12.84
51574,9.18
51575,16.14
51576,14.24
51577,14.96
51578,9.52
51579,14.43
51580,10.19
51581,12.52
51582,15.09
51583,11.78
51584,5.3
51585,13.52
51586,11.95
51587,9.09
51588,9.18
51589,11.2
51590,16.87
51591,18.61
51592,9.11
51593,14.17
51594,20.26
51595,9.29
51596,13.26
51597,15.78
51598,13.51
51599,9.44
51600,13.87
51601,14.3
51602,12.26
51603,12.64
51604,12.29
51605,13.19
51606,11.74
51607,13.07
51608,17.36
51609,10.31
51610,9.92
51611,9.07
51612,15.88
51613,15.18
51614,11.55
51615,15.97
51616,14.86
51617,15.98
51618,11.19
51619,9.5
51620,13.37
51621,13.58
51622,11.28
51623,14.48
51624,13.22
51625,14.57
51626,13.42
51627,10.15
51628,14.6
51629,14.48
51630,13.23
51631,14.17
51632,5.3
51633,15.95
51634,9.62
51635,12.14
51636,12.87
51637,13.8
51638,18.46
51639,12.6
51640,15.92
51641,15.13
51642,14.2
51643,13.28
51644,13.8
51645,9.61
51646,12.68
51647,19.68
51648,13.19
51649,13.47
51650,13.92
51651,11.16
51652,13.96
51653,10.29
51654,14.61
51655,13.69
51656,8.58
51657,13.1
51658,12.13
51659,10.33
51660,5.3
51661,10.1
51662,13.09
51663,14.51
51664,9.53
51665,16.15
51666,14.41
51667,12.3
51668,14.4
51669,14.77
51670,16.52
51671,14.42
51672,14.91
51673,12.48
51674,12.88
51675,13.87
51676,8.35
51677,14.04
51678,15.87
51679,10.43
51680,16.21
51681,11.66
51682,14.86
51683,16.82
51684,13.58
51685,19.63
51686,5.3
51687,15.4
51688,12.83
51689,13.41
51690,13.84
51691,14.61
51692,14.4
51693,14.95
51694,15.25
51695,10.52
51696,12.53
51697,10.23
51698,9.77
51699,10.52
51700,14.54
51701,10.85
51702,9.55
51703,9.1
51704,11.51
51705,16.39
51706,12.38
51707,12.35
51708,12.56
51709,13.61
51710,16.17
51711,10.34
51712,15.13
51713,11.57
51714,10.73
51715,5.3
51716,13.67
51717,14.2
51718,10.71
51719,14.27
51720,8.4
51721,10.97
51722,15.75
51723,11.2
51724,14.38
51725,13.68
51726,10.85
51727,5.3
51728,9.32
51729,12.89
51730,13.29
51731,16.2
51732,13.87
51733,14.05
51734,14.24
51735,13.17
51736,13.35
51737,14.49
51738,9.59
51739,14.57
51740,9.95
51741,14.01
51742,15.5
51743,12.3
51744,9.45
51745,12.5
51746,14.94
51747,13.68
51748,8.34
51749,15.58
51750,9.38
51751,15.95
51752,13.69
51753,12.17
51754,15.33
51755,15.93
51756,12.99
51757,12.16
51758,14.07
51759,8.93
51760,13.44
51761,15.6
51762,13.85
51763,10.08
51764,13.77
51765,15.3
51766,11.55
51767,14.27
51768,13.37
51769,16.0
51770,9.05
51771,9.33
51772,13.67
51773,15.22
51774,9.45
51775,13.96
51776,14.7
51777,11.67
51778,8.64
51779,15.95
51780,11.57
51781,13.87
51782,11.99
51783,13.63
51784,13.32
51785,13.88
51786,12.92
51787,12.06
51788,13.79
51789,11.32
51790,14.17
51791,14.05
51792,8.67
51793,13.28
51794,9.51
51795,9.83
51796,10.04
51797,12.6
51798,12.72
51799,16.72
51800,5.3
51801,12.13
51802,12.59
51803,15.54
51804,14.45
51805,16.39
51806,12.49
51807,14.59
51808,13.85
51809,9.53
51810,14.16
51811,12.4
51812,8.28
51813,12.62
51814,15.83
51815,8.83
51816,14.15
51817,9.26
51818,13.92
51819,15.06
51820,13.32
51821,12.38
51822,8.51
51823,10.66
51824,13.91
51825,10.56
51826,8.91
51827,14.13
51828,14.53
51829,10.02
51830,14.44
51831,12.76
51832,14.57
51833,6.86
51834,14.85
51835,9.4
51836,11.51
51837,14.84
51838,12.08
51839,18.56
51840,13.45
51841,13.54
51842,12.12
51843,13.78
51844,9.26
51845,12.13
51846,12.67
51847,13.98
51848,10.21
51849,11.92
51850,8.32
51851,18.07
51852,16.94
51853,14.18
51854,10.34
51855,16.33
51856,15.36
51857,5.3
51858,14.39
51859,13.82
51860,9.66
51861,14.83
51862,16.33
51863,13.53
51864,10.86
51865,15.57
51866,14.26
51867,13.71
51868,12.76
51869,15.14
51870,9.63
51871,16.68
51872,11.39
51873,11.76
51874,13.24
51875,11.55
51876,8.92
51877,12.13
51878,10.26
51879,9.63
51880,8.84
51881,11.93
51882,13.28
51883,16.28
51884,14.36
51885,15.89
51886,7.33
51887,11.02
51888,13.33
51889,14.48
51890,16.26
51891,13.49
51892,13.45
51893,15.41
51894,14.65
51895,14.27
51896,13.53
51897,10.3
51898,17.43
51899,11.84
51900,10.48
51901,14.11
51902,10.15
51903,13.2
51904,14.7
51905,11.72
51906,12.36
51907,18.34
51908,17.15
51909,10.05
51910,14.25
51911,12.42
51912,12.15
51913,8.23
51914,13.95
51915,17.02
51916,17.27
51917,13.34
51918,15.38
51919,8.86
51920,14.29
51921,14.03
51922,14.32
51923,15.28
51924,12.17
51925,13.07
51926,13.48
51927,13.91
51928,8.79
51929,10.01
51930,16.49
51931,9.15
51932,11.68
51933,9.46
51934,8.73
51935,13.95
51936,9.77
51937,13.64
51938,10.36
51939,13.3
51940,14.09
51941,14.12
51942,12.22
51943,14.21
51944,14.66
51945,9.73
51946,15.49
51947,14.44
51948,9.76
51949,14.83
51950,13.73
51951,9.6
51952,13.63
51953,16.6
51954,14.57
51955,14.5
51956,8.79
51957,9.18
51958,12.7
51959,14.11
51960,13.33
51961,13.93
51962,11.31
51963,11.62
51964,14.02
51965,14.28
51966,12.69
51967,15.16
51968,8.81
51969,13.04
51970,14.13
51971,10.7
51972,8.56
51973,18.67
51974,14.16
51975,13.43
51976,15.95
51977,13.32
51978,14.15
51979,5.3
51980,13.06
51981,13.91
51982,17.05
51983,15.48
51984,11.04
51985,16.94
51986,8.39
51987,7.61
51988,14.5
51989,8.59
51990,14.02
51991,8.88
51992,10.89
51993,13.51
51994,12.76
51995,13.25
51996,15.21
51997,14.3
51998,14.38
51999,14.79
52000,10.3
52001,13.63
52002,13.14
52003,9.36
52004,10.93
52005,11.58
52006,14.73
52007,13.34
52008,11.95
52009,15.3
52010,11.63
52011,15.7
52012,14.25
52013,9.62
52014,13.26
52015,10.97
52016,13.92
52017,14.62
52018,14.53
52019,14.5
52020,14.28
52021,18.07
52022,10.76
52023,15.15
52024,13.34
52025,11.62
52026,12.43
52027,16.9
52028,19.17
52029,13.8
52030,11.31
52031,9.18
52032,14.7
52033,14.78
52034,13.31
52035,10.73
52036,12.63
52037,13.23
52038,13.35
52039,5.3
52040,16.52
52041,14.88
52042,13.83
52043,12.96
52044,13.54
52045,9.66
52046,14.83
52047,12.26
52048,14.03
52049,12.06
52050,14.34
52051,10.34
52052,14.33
52053,17.38
52054,11.43
52055,14.1
52056,5.3
52057,12.38
52058,13.41
52059,14.19
52060,14.94
52061,14.27
52062,12.27
52063,5.3
52064,14.11
52065,8.41
52066,13.14
52067,12.67
52068,13.81
52069,12.42
52070,9.46
52071,14.4
52072,17.47
52073,14.12
52074,11.41
52075,14.8
52076,11.23
52077,9.65
52078,13.02
52079,13.09
52080,13.15
52081,12.97
52082,15.09
52083,8.86
52084,14.43
52085,9.53
52086,15.09
52087,12.32
52088,12.77
52089,13.35
52090,9.54
52091,11.27
52092,15.01
52093,14.04
52094,9.45
52095,13.48
52096,14.33
52097,13.45
52098,10.39
52099,14.9
52100,16.08
52101,12.29
52102,13.38
52103,13.77
52104,12.56
52105,9.51
52106,8.45
52107,13.9
52108,9.07
52109,13.88
52110,9.02
52111,13.29
52112,15.04
52113,16.15
52114,12.05
52115,10.92
52116,14.06
52117,12.0
52118,12.92
52119,12.07
52120,15.34
52121,11.64
52122,14.03
52123,15.23
52124,9.58
52125,11.33
52126,16.05
52127,14.61
52128,10.98
52129,17.28
52130,14.0
52131,10.91
52132,9.4
52133,12.9
52134,13.44
52135,14.39
52136,14.97
52137,9.59
52138,11.87
52139,14.54
52140,5.3
52141,18.08
52142,5.3
52143,17.04
52144,9.22
52145,14.56
52146,14.01
52147,14.14
52148,17.01
52149,11.32
52150,14.3
52151,14.14
52152,14.94
52153,9.57
52154,10.81
52155,14.05
52156,18.24
52157,13.7
52158,15.81
52159,14.83
52160,15.6
52161,13.25
52162,14.52
52163,11.23
52164,9.31
52165,13.83
52166,8.09
52167,14.84
52168,9.98
52169,13.02
52170,12.99
52171,13.81
52172,13.82
52173,15.07
52174,8.43
52175,9.04
52176,14.07
52177,11.96
52178,14.58
52179,11.53
52180,14.25
52181,9.79
52182,13.76
52183,12.56
52184,15.02
52185,14.15
52186,16.14
52187,13.55
52188,12.17
52189,13.89
52190,14.59
52191,13.91
52192,14.56
52193,10.15
52194,15.07
52195,16.13
52196,14.09
52197,8.5
52198,15.45
52199,13.44
52200,13.28
52201,13.83
52202,13.22
52203,14.17
52204,15.75
52205,10.29
52206,11.8
52207,13.79
52208,12.53
52209,13.7
52210,14.16
52211,13.85
52212,13.94
52213,13.85
52214,13.89
52215,16.26
52216,11.47
52217,10.79
52218,8.6
52219,12.31
52220,12.14
52221,14.35
52222,9.92
52223,12.67
52224,12.92
52225,11.64
52226,10.08
52227,13.52
52228,13.8
52229,14.33
52230,9.06
52231,14.07
52232,14.3
52233,14.06
52234,9.42
52235,15.74
52236,13.91
52237,12.82
52238,5.3
52239,10.55
52240,12.25
52241,15.16
52242,11.58
52243,13.84
52244,9.76
52245,14.5
52246,10.25
52247,9.53
52248,8.53
52249,12.27
52250,12.29
52251,9.54
52252,10.8
52253,10.74
52254,17.32
52255,12.38
52256,17.39
52257,8.93
52258,13.7
52259,9.96
52260,14.34
52261,19.23
52262,13.67
52263,13.11
52264,11.41
52265,11.84
52266,12.5
52267,13.5
52268,15.1
52269,9.54
52270,16.73
52271,8.66
52272,14.83
52273,13.38
52274,13.62
52275,10.69
52276,10.64
52277,10.1
52278,18.03
52279,11.78
52280,12.78
52281,12.17
52282,11.38
52283,16.56
52284,14.44
52285,18.8
52286,15.51
52287,13.84
52288,9.54
52289,11.56
52290,15.16
52291,11.79
52292,14.72
52293,11.27
52294,15.57
52295,13.9
52296,14.9
52297,16.09
52298,12.78
52299,12.89
52300,8.56
52301,14.21
52302,18.85
52303,12.13
52304,15.27
52305,9.12
52306,13.41
52307,9.3
52308,15.7
52309,12.32
52310,16.49
52311,12.59
52312,9.37
52313,10.0
52314,14.13
52315,12.1
52316,14.11
52317,11.64
52318,14.33
52319,9.53
52320,8.31
52321,14.96
52322,11.82
52323,11.49
52324,13.96
52325,13.13
52326,13.99
52327,14.72
52328,14.33
52329,13.36
52330,7.53
52331,13.26
52332,11.76
52333,13.97
52334,12.85
52335,12.2
52336,10.0
52337,9.37
52338,13.89
52339,14.2
52340,13.41
52341,13.64
52342,14.57
52343,9.9
52344,9.51
52345,15.89
52346,13.91
52347,15.26
52348,16.38
52349,14.32
52350,13.47
52351,13.02
52352,8.67
52353,14.69
52354,12.77
52355,13.62
52356,14.06
52357,15.57
52358,12.95
52359,10.54
52360,11.61
52361,14.9
52362,15.55
52363,12.5
52364,10.32
52365,14.51
52366,5.3
52367,5.3
52368,9.31
52369,12.49
52370,13.4
52371,13.44
52372,14.06
52373,12.61
52374,10.86
52375,10.76
52376,13.83
52377,12.94
52378,15.61
52379,12.0
52380,12.33
52381,13.7
52382,8.51
52383,15.45
52384,17.24
52385,13.27
52386,13.73
52387,10.28
52388,13.98
52389,12.46
52390,11.61
52391,14.97
52392,13.79
52393,14.11
52394,14.68
52395,11.18
52396,13.96
52397,10.97
52398,11.42
52399,8.32
52400,15.84
52401,14.25
52402,11.3
52403,15.13
52404,10.79
52405,5.3
52406,14.76
52407,14.03
52408,9.91
52409,13.3
52410,13.63
52411,11.53
52412,15.49
52413,10.0
52414,14.2
52415,12.96
52416,14.93
52417,8.97
52418,10.11
52419,16.82
52420,15.27
52421,9.34
52422,20.12
52423,15.56
52424,8.74
52425,14.35
52426,17.36
52427,10.05
52428,14.65
52429,13.76
52430,16.31
52431,14.89
52432,14.02
52433,15.76
52434,9.37
52435,15.32
52436,14.21
52437,13.77
52438,14.15
52439,16.45
52440,9.29
52441,11.19
52442,10.02
52443,14.11
52444,14.09
52445,14.08
52446,13.16
52447,10.35
52448,11.02
52449,14.0
52450,7.58
52451,5.3
52452,9.05
52453,9.81
52454,15.18
52455,14.95
52456,8.91
52457,14.25
52458,9.24
52459,16.59
52460,9.51
52461,13.72
52462,15.53
52463,13.28
52464,13.97
52465,13.45
52466,14.33
52467,13.83
52468,14.86
52469,13.48
52470,14.05
52471,13.83
52472,13.43
52473,11.41
52474,5.3
52475,12.15
52476,11.29
52477,14.48
52478,14.99
52479,14.9
52480,16.15
52481,11.86
52482,14.2
52483,12.69
52484,17.58
52485,15.09
52486,11.93
52487,5.3
52488,13.38
52489,11.32
52490,11.05
52491,11.13
52492,14.31
52493,12.8
52494,13.79
52495,12.19
52496,12.57
52497,12.8
52498,14.79
52499,10.92
52500,14.12
52501,9.23
52502,9.09
52503,14.45
52504,14.94
52505,11.11
52506,12.15
52507,11.53
52508,10.01
52509,15.08
52510,13.99
52511,14.59
52512,14.35
52513,13.53
52514,14.33
52515,13.77
52516,8.85
52517,13.11
52518,12.11
52519,12.72
52520,13.38
52521,15.65
52522,14.03
52523,5.3
52524,13.63
52525,11.87
52526,8.53
52527,14.28
52528,14.28
52529,9.02
52530,9.84
52531,9.02
52532,8.19
52533,14.6
52534,16.69
52535,11.2
52536,13.19
52537,9.39
52538,13.04
52539,10.0
52540,12.14
52541,10.31
52542,12.95
52543,15.86
52544,11.26
52545,10.83
52546,13.1
52547,12.57
52548,11.38
52549,12.63
52550,5.3
52551,13.56
52552,12.44
52553,9.14
52554,12.18
52555,14.11
52556,5.3
52557,8.77
52558,14.85
52559,14.5
52560,14.68
52561,12.28
52562,13.42
52563,10.14
52564,10.19
52565,11.56
52566,14.35
52567,15.42
52568,15.47
52569,9.58
52570,9.32
52571,13.75
52572,12.22
52573,12.54
52574,13.72
52575,14.38
52576,8.83
52577,14.61
52578,10.68
52579,13.17
52580,12.37
52581,11.58
52582,9.29
52583,12.19
52584,15.48
52585,10.45
52586,18.22
52587,11.75
52588,12.41
52589,5.3
52590,9.23
52591,11.42
52592,11.02
52593,13.07
52594,13.61
52595,14.32
52596,8.89
52597,16.03
52598,9.31
52599,13.3
52600,11.56
52601,13.61
52602,14.1
52603,10.12
52604,13.19
52605,17.13
52606,13.91
52607,9.88
52608,10.88
52609,13.69
52610,9.87
52611,16.66
52612,14.19
52613,8.58
52614,12.29
52615,16.55
52616,12.89
52617,15.08
52618,13.87
52619,14.62
52620,14.9
52621,8.51
52622,14.08
52623,14.69
52624,14.27
52625,13.12
52626,13.54
52627,13.79
52628,14.88
52629,9.36
52630,15.59
52631,13.46
52632,13.75
52633,15.06
52634,8.79
52635,13.89
52636,13.99
52637,15.57
52638,13.59
52639,11.1
52640,14.42
52641,15.07
52642,5.3
52643,13.71
52644,14.14
52645,11.39
52646,14.84
52647,11.94
52648,10.82
52649,12.76
52650,13.78
52651,8.55
52652,13.17
52653,11.29
52654,9.66
52655,9.55
52656,13.56
52657,16.09
52658,12.56
52659,14.82
52660,10.46
52661,15.84
52662,8.95
52663,17.71
52664,9.41
52665,14.31
52666,14.83
52667,8.92
52668,13.35
52669,13.75
52670,14.5
52671,10.45
52672,5.3
52673,13.72
52674,14.25
52675,13.23
52676,11.88
52677,10.94
52678,14.8
52679,12.96
52680,11.72
52681,9.01
52682,13.45
52683,11.66
52684,14.21
52685,10.23
52686,15.81
52687,13.7
52688,9.5
52689,9.19
52690,14.56
52691,9.38
52692,9.63
52693,8.84
52694,16.66
52695,15.8
52696,11.92
52697,9.82
52698,14.94
52699,14.52
52700,9.65
52701,14.74
52702,15.53
52703,13.79
52704,13.27
52705,8.96
52706,12.0
52707,14.56
52708,13.87
52709,14.92
52710,8.43
52711,5.3
52712,16.11
52713,16.19
52714,11.81
52715,9.61
52716,5.3
52717,11.35
52718,15.48
52719,14.75
52720,9.08
52721,10.35
52722,14.48
52723,12.53
52724,12.16
52725,15.83
52726,13.84
52727,14.99
52728,12.86
52729,14.14
52730,13.28
52731,14.59
52732,14.57
52733,16.93
52734,13.61
52735,14.62
52736,13.06
52737,11.65
52738,15.54
52739,12.34
52740,14.86
52741,14.1
52742,14.56
52743,10.17
52744,12.52
52745,14.59
52746,10.43
52747,9.51
52748,15.86
52749,14.86
52750,5.3
52751,14.32
52752,13.62
52753,11.73
52754,5.3
52755,5.3
52756,5.3
52757,13.57
52758,15.05
52759,12.12
52760,15.51
52761,12.46
52762,11.91
52763,9.36
52764,15.76
52765,13.98
52766,12.77
52767,13.04
52768,16.58
52769,15.1
52770,16.32
52771,13.34
52772,14.4
52773,9.24
52774,5.84
52775,14.64
52776,13.94
52777,13.92
52778,12.55
52779,13.92
52780,9.91
52781,15.7
52782,15.35
52783,9.52
52784,13.82
52785,9.48
52786,11.22
52787,12.64
52788,11.59
52789,14.36
52790,13.84
52791,12.71
52792,13.28
52793,8.38
52794,11.39
52795,8.86
52796,15.33
52797,13.34
52798,11.7
52799,13.72
52800,11.11
52801,9.1
52802,15.72
52803,14.71
52804,13.51
52805,9.78
52806,11.47
52807,15.84
52808,10.16
52809,12.13
52810,8.71
52811,11.1
52812,9.13
52813,5.3
52814,14.24
52815,13.12
52816,13.73
52817,10.07
52818,13.76
52819,14.0
52820,14.26
52821,18.09
52822,14.87
52823,12.06
52824,13.63
52825,14.95
52826,9.17
52827,19.81
52828,9.86
52829,13.33
52830,9.43
52831,16.78
52832,14.12
52833,9.64
52834,12.07
52835,11.92
52836,9.59
52837,12.99
52838,14.29
52839,9.49
52840,14.85
52841,11.66
52842,13.94
52843,12.94
52844,14.61
52845,13.19
52846,14.04
52847,15.54
52848,8.3
52849,11.15
52850,14.01
52851,16.53
52852,14.29
52853,5.3
52854,13.97
52855,11.96
52856,12.3
52857,14.29
52858,13.13
52859,17.76
52860,19.64
52861,12.14
52862,9.2
52863,9.33
52864,11.35
52865,15.41
52866,12.29
52867,13.66
52868,15.27
52869,13.55
52870,14.86
52871,9.27
52872,12.39
52873,11.64
52874,13.61
52875,12.88
52876,12.85
52877,17.7
52878,12.6
52879,15.27
52880,13.61
52881,11.39
52882,11.72
52883,5.3
52884,14.16
52885,15.22
52886,15.1
52887,9.78
52888,12.93
52889,14.84
52890,13.58
52891,11.36
52892,16.27
52893,13.59
52894,12.93
52895,9.48
52896,14.11
52897,13.89
52898,10.58
52899,14.73
52900,11.68
52901,16.2
52902,8.26
52903,10.82
52904,14.3
52905,13.41
52906,12.63
52907,12.16
52908,15.4
52909,8.82
52910,13.19
52911,11.04
52912,8.78
52913,14.63
52914,11.05
52915,9.84
52916,12.8
52917,13.04
52918,14.21
52919,14.61
52920,8.54
52921,14.14
52922,12.74
52923,11.71
52924,11.79
52925,17.34
52926,14.47
52927,13.29
52928,15.49
52929,13.27
52930,11.97
52931,11.97
52932,11.74
52933,10.27
52934,13.68
52935,13.21
52936,11.22
52937,10.5
52938,11.34
52939,12.45
52940,8.54
52941,11.65
52942,13.7
52943,9.87
52944,14.04
52945,10.34
52946,13.62
52947,11.58
52948,9.32
52949,13.93
52950,12.44
52951,12.03
52952,14.04
52953,12.9
52954,9.48
52955,13.91
52956,12.79
52957,12.56
52958,13.22
52959,15.19
52960,9.57
52961,14.87
52962,5.3
52963,14.41
52964,13.43
52965,16.74
52966,12.47
52967,13.63
52968,15.63
52969,15.68
52970,13.98
52971,9.65
52972,15.63
52973,14.46
52974,9.19
52975,9.64
52976,13.01
52977,14.02
52978,15.94
52979,14.48
52980,11.56
52981,13.5
52982,14.75
52983,16.47
52984,13.73
52985,15.64
52986,10.09
52987,15.78
52988,8.86
52989,15.9
52990,13.81
52991,13.79
52992,12.91
52993,13.24
52994,11.25
52995,12.14
52996,13.95
52997,16.39
52998,13.66
52999,14.12
53000,14.8
53001,9.59
53002,13.34
53003,13.87
53004,12.69
53005,16.73
53006,14.75
53007,15.49
53008,15.66
53009,15.73
53010,9.12
53011,10.37
53012,15.31
53013,13.72
53014,13.53
53015,9.09
53016,14.32
53017,9.84
53018,14.61
53019,9.8
53020,13.58
53021,13.88
53022,8.45
53023,13.42
53024,11.22
53025,14.58
53026,14.92
53027,12.15
53028,9.65
53029,5.3
53030,8.51
53031,5.3
53032,9.53
53033,13.59
53034,12.28
53035,15.09
53036,12.21
53037,9.3
53038,9.36
53039,13.56
53040,13.86
53041,13.98
53042,14.82
53043,15.14
53044,13.09
53045,16.95
53046,15.69
53047,16.3
53048,14.25
53049,14.68
53050,13.4
53051,14.84
53052,14.45
53053,16.38
53054,14.71
53055,12.61
53056,17.46
53057,14.99
53058,11.13
53059,9.65
53060,11.02
53061,14.43
53062,14.7
53063,13.67
53064,7.32
53065,16.84
53066,10.15
53067,14.68
53068,16.09
53069,10.68
53070,14.74
53071,13.78
53072,14.17
53073,11.0
53074,13.06
53075,15.24
53076,13.54
53077,13.91
53078,14.26
53079,15.3
53080,10.14
53081,9.81
53082,9.77
53083,10.2
53084,17.68
53085,5.3
53086,13.2
53087,13.64
53088,9.4
53089,15.51
53090,12.94
53091,14.43
53092,13.7
53093,13.86
53094,8.6
53095,13.81
53096,14.68
53097,14.63
53098,15.17
53099,9.69
53100,14.74
53101,13.45
53102,8.78
53103,12.19
53104,10.62
53105,10.01
53106,13.42
53107,10.79
53108,11.31
53109,16.85
53110,14.67
53111,17.31
53112,15.45
53113,13.83
53114,16.25
53115,12.69
53116,14.16
53117,14.87
53118,13.83
53119,15.81
53120,12.71
53121,9.63
53122,9.53
53123,13.67
53124,12.17
53125,11.23
53126,5.3
53127,14.64
53128,8.96
53129,11.76
53130,11.12
53131,8.71
53132,11.03
53133,10.59
53134,14.46
53135,5.3
53136,12.66
53137,11.08
53138,9.55
53139,10.41
53140,9.64
53141,11.39
53142,9.35
53143,15.55
53144,13.72
53145,12.06
53146,18.27
53147,11.4
53148,11.41
53149,15.59
53150,14.75
53151,9.4
53152,13.11
53153,13.79
53154,13.06
53155,14.27
53156,12.26
53157,13.06
53158,14.89
53159,14.25
53160,8.4
53161,10.38
53162,12.77
53163,13.74
53164,5.3
53165,14.89
53166,15.78
53167,16.72
53168,12.78
53169,14.07
53170,9.47
53171,5.3
53172,11.31
53173,13.9
53174,15.55
53175,15.87
53176,9.39
53177,16.7
53178,14.57
53179,11.82
53180,5.3
53181,10.17
53182,14.93
53183,13.57
53184,12.51
53185,10.13
53186,14.87
53187,13.76
53188,13.92
53189,11.83
53190,10.71
53191,13.87
53192,13.91
53193,9.06
53194,17.55
53195,14.98
53196,10.82
53197,13.64
53198,13.39
53199,13.73
53200,14.12
53201,15.58
53202,13.57
53203,9.57
53204,14.13
53205,12.2
53206,15.01
53207,12.27
53208,17.58
53209,12.19
53210,17.89
53211,13.03
53212,14.9
53213,14.73
53214,17.84
53215,12.72
53216,9.25
53217,13.95
53218,15.01
53219,7.49
53220,8.58
53221,13.49
53222,11.48
53223,5.3
53224,14.64
53225,13.79
53226,12.74
53227,11.14
53228,13.98
53229,13.03
53230,11.24
53231,14.27
53232,14.53
53233,14.81
53234,14.63
53235,14.81
53236,13.69
53237,12.56
53238,14.81
53239,13.48
53240,9.3
53241,15.76
53242,15.2
53243,12.19
53244,5.3
53245,12.08
53246,9.15
53247,12.28
53248,9.8
53249,14.65
53250,14.03
53251,9.46
53252,12.65
53253,14.87
53254,13.55
53255,14.19
53256,16.24
53257,16.57
53258,13.24
53259,16.26
53260,13.0
53261,10.31
53262,14.43
53263,15.65
53264,16.5
53265,12.58
53266,14.35
53267,12.41
53268,13.67
53269,12.16
53270,14.07
53271,15.34
53272,11.28
53273,8.36
53274,14.49
53275,9.47
53276,8.95
53277,12.65
53278,16.68
53279,14.59
53280,14.97
53281,13.97
53282,14.52
53283,13.97
53284,13.2
53285,8.95
53286,17.88
53287,13.94
53288,9.42
53289,12.39
53290,13.64
53291,8.31
53292,16.79
53293,14.52
53294,9.13
53295,13.33
53296,15.93
53297,11.01
53298,15.06
53299,13.72
53300,17.03
53301,11.28
53302,16.64
53303,14.44
53304,9.04
53305,11.09
53306,11.89
53307,14.68
53308,14.91
53309,12.3
53310,14.09
53311,10.4
53312,12.76
53313,9.77
53314,16.28
53315,16.36
53316,13.61
53317,13.28
53318,13.55
53319,12.44
53320,12.32
53321,15.11
53322,12.51
53323,14.18
53324,13.88
53325,16.13
53326,10.24
53327,13.76
53328,16.57
53329,5.3
53330,14.09
53331,14.86
53332,11.72
53333,14.55
53334,13.16
53335,8.47
53336,16.48
53337,14.04
53338,10.45
53339,16.05
53340,14.19
53341,10.05
53342,12.75
53343,11.89
53344,13.82
53345,14.93
53346,16.17
53347,15.87
53348,14.07
53349,15.86
53350,15.85
53351,11.07
53352,12.77
53353,12.94
53354,15.12
53355,13.06
53356,15.3
53357,13.46
53358,14.33
53359,11.91
53360,8.88
53361,12.91
53362,15.01
53363,12.1
53364,12.27
53365,8.44
53366,11.98
53367,14.98
53368,13.44
53369,16.02
53370,13.17
53371,13.47
53372,13.29
53373,12.46
53374,14.71
53375,5.3
53376,8.43
53377,14.65
53378,10.29
53379,17.19
53380,14.16
53381,14.33
53382,16.09
53383,18.12
53384,12.24
53385,12.31
53386,13.64
53387,10.92
53388,13.34
53389,14.64
53390,14.95
53391,17.06
53392,10.51
53393,12.98
53394,5.3
53395,15.54
53396,13.89
53397,16.9
53398,9.77
53399,13.18
53400,14.9
53401,14.15
53402,11.15
53403,15.13
53404,12.81
53405,12.54
53406,14.32
53407,8.92
53408,9.81
53409,13.84
53410,14.78
53411,14.66
53412,10.41
53413,13.9
53414,11.2
53415,16.54
53416,10.92
53417,13.33
53418,16.48
53419,13.99
53420,14.88
53421,13.73
53422,13.67
53423,10.54
53424,13.53
53425,14.02
53426,9.4
53427,12.12
53428,14.44
53429,10.47
53430,13.25
53431,9.38
53432,15.35
53433,9.42
53434,8.91
53435,13.93
53436,9.62
53437,13.57
53438,13.16
53439,15.37
53440,13.09
53441,17.9
53442,13.71
53443,13.55
53444,16.01
53445,9.47
53446,15.11
53447,11.15
53448,14.23
53449,9.56
53450,13.83
53451,11.92
53452,13.01
53453,11.85
53454,5.3
53455,12.36
53456,14.02
53457,12.06
53458,13.25
53459,9.56
53460,15.01
53461,12.5
53462,12.41
53463,14.88
53464,17.92
53465,14.41
53466,15.19
53467,9.3
53468,13.58
53469,10.73
53470,8.75
53471,15.3
53472,16.26
53473,17.47
53474,8.61
53475,15.72
53476,11.89
53477,8.84
53478,9.94
53479,10.5
53480,9.78
53481,16.97
53482,15.97
53483,16.54
53484,10.78
53485,11.7
53486,14.6
53487,10.12
53488,12.73
53489,11.79
53490,14.89
53491,10.08
53492,13.74
53493,15.51
53494,14.13
53495,13.25
53496,14.77
53497,13.98
53498,15.22
53499,5.3
53500,13.26
53501,9.28
53502,13.12
53503,10.83
53504,15.65
53505,14.36
53506,14.01
53507,8.69
53508,12.48
53509,9.67
53510,8.15
53511,12.12
53512,11.92
53513,13.92
53514,15.42
53515,17.32
53516,12.97
53517,16.52
53518,13.15
53519,14.69
53520,11.72
53521,13.35
53522,14.03
53523,17.31
53524,12.75
53525,11.33
53526,11.52
53527,18.5
53528,13.65
53529,14.89
53530,13.7
53531,17.45
53532,15.15
53533,13.35
53534,16.12
53535,14.21
53536,5.3
53537,14.27
53538,14.09
53539,11.03
53540,12.21
53541,7.09
53542,8.38
53543,14.2
53544,9.2
53545,13.48
53546,15.53
53547,13.06
53548,17.97
53549,14.57
53550,12.61
53551,14.33
53552,9.14
53553,10.36
53554,11.8
53555,10.87
53556,13.33
53557,13.24
53558,9.17
53559,14.36
53560,5.3
53561,12.44
53562,14.5
53563,13.83
53564,11.14
53565,9.36
53566,15.43
53567,11.42
53568,13.8
53569,13.15
53570,13.3
53571,13.83
53572,13.56
53573,12.96
53574,13.25
53575,14.06
53576,12.4
53577,12.1
53578,9.88
53579,13.82
53580,10.67
53581,9.05
53582,13.7
53583,14.51
53584,9.51
53585,11.63
53586,14.21
53587,9.16
53588,10.64
53589,8.74
53590,13.51
53591,14.46
53592,15.43
53593,13.91
53594,14.9
53595,10.89
53596,12.57
53597,14.38
53598,14.63
53599,15.61
53600,9.27
53601,15.62
53602,8.83
53603,13.08
53604,10.4
53605,13.27
53606,15.26
53607,5.3
53608,13.98
53609,13.53
53610,8.8
53611,14.59
53612,15.68
53613,13.75
53614,15.74
53615,16.22
53616,11.64
53617,12.07
53618,10.91
53619,14.81
53620,13.14
53621,18.51
53622,14.68
53623,13.37
53624,12.32
53625,8.52
53626,14.62
53627,14.17
53628,14.42
53629,5.3
53630,12.3
53631,13.49
53632,14.34
53633,16.45
53634,10.49
53635,9.74
53636,14.57
53637,11.28
53638,5.3
53639,11.81
53640,14.42
53641,13.53
53642,13.96
53643,8.83
53644,13.74
53645,13.24
53646,18.64
53647,13.43
53648,13.97
53649,9.98
53650,14.74
53651,10.89
53652,15.26
53653,12.69
53654,14.47
53655,14.11
53656,14.27
53657,13.12
53658,11.72
53659,12.37
53660,14.69
53661,13.68
53662,13.54
53663,13.9
53664,16.6
53665,14.86
53666,8.16
53667,11.89
53668,11.13
53669,15.37
53670,13.84
53671,13.91
53672,14.08
53673,10.95
53674,8.94
53675,14.32
53676,12.6
53677,14.19
53678,13.9
53679,15.01
53680,17.17
53681,7.86
53682,14.2
53683,13.82
53684,13.48
53685,13.95
53686,9.9
53687,11.24
53688,15.7
53689,9.48
53690,9.41
53691,14.03
53692,14.54
53693,13.56
53694,5.3
53695,12.04
53696,14.37
53697,13.97
53698,14.43
53699,14.15
53700,12.48
53701,9.44
53702,9.93
53703,13.31
53704,9.47
53705,9.56
53706,14.02
53707,13.62
53708,11.03
53709,12.0
53710,12.77
53711,13.51
53712,13.38
53713,14.5
53714,9.42
53715,12.87
53716,14.13
53717,12.19
53718,14.8
53719,12.32
53720,14.28
53721,9.55
53722,11.31
53723,12.64
53724,13.16
53725,12.54
53726,13.84
53727,15.17
53728,15.0
53729,14.17
53730,10.42
53731,14.57
53732,12.76
53733,13.44
53734,12.49
53735,13.42
53736,12.29
53737,8.79
53738,14.87
53739,13.61
53740,13.11
53741,13.8
53742,14.81
53743,12.83
53744,10.97
53745,15.51
53746,13.88
53747,14.29
53748,14.8
53749,9.8
53750,14.46
53751,14.13
53752,13.33
53753,12.08
53754,12.3
53755,18.96
53756,14.78
53757,14.22
53758,9.99
53759,14.02
53760,13.37
53761,14.7
53762,10.22
53763,15.03
53764,13.89
53765,16.56
53766,12.5
53767,14.19
53768,13.62
53769,12.01
53770,13.56
53771,8.69
53772,14.35
53773,13.99
53774,13.76
53775,5.3
53776,9.61
53777,14.83
53778,15.11
53779,9.75
53780,14.87
53781,11.27
53782,13.36
53783,9.61
53784,13.96
53785,12.7
53786,10.95
53787,15.48
53788,16.8
53789,11.95
53790,13.93
53791,14.13
53792,9.47
53793,14.11
53794,15.22
53795,9.57
53796,14.22
53797,11.64
53798,8.85
53799,19.14
53800,12.9
53801,14.89
53802,9.59
53803,10.65
53804,13.3
53805,14.15
53806,15.08
53807,13.54
53808,13.68
53809,12.12
53810,14.57
53811,15.91
53812,5.3
53813,14.59
53814,11.77
53815,10.46
53816,9.87
53817,14.25
53818,14.97
53819,12.46
53820,14.11
53821,9.83
53822,14.48
53823,8.88
53824,13.84
53825,14.77
53826,17.44
53827,10.73
53828,12.16
53829,9.36
53830,14.62
53831,12.21
53832,11.89
53833,11.7
53834,9.62
53835,13.58
53836,15.27
53837,14.07
53838,12.42
53839,13.54
53840,13.88
53841,13.63
53842,12.78
53843,11.08
53844,14.33
53845,14.31
53846,14.47
53847,14.71
53848,12.19
53849,11.89
53850,13.62
53851,14.66
53852,11.23
53853,15.34
53854,13.32
53855,5.3
53856,15.3
53857,13.26
53858,9.05
53859,16.36
53860,13.9
53861,11.22
53862,15.73
53863,13.76
53864,13.82
53865,13.89
53866,9.46
53867,11.31
53868,9.14
53869,14.56
53870,16.26
53871,15.9
53872,14.69
53873,17.81
53874,18.71
53875,8.55
53876,9.16
53877,12.63
53878,13.19
53879,10.36
53880,15.2
53881,12.54
53882,16.63
53883,11.06
53884,9.57
53885,13.42
53886,10.19
53887,5.3
53888,5.3
53889,15.01
53890,11.72
53891,16.45
53892,12.8
53893,11.93
53894,14.15
53895,14.33
53896,13.34
53897,12.26
53898,14.56
53899,11.67
53900,14.95
53901,14.71
53902,11.61
53903,11.06
53904,14.27
53905,11.62
53906,16.21
53907,12.29
53908,12.36
53909,16.14
53910,14.84
53911,11.72
53912,9.28
53913,17.33
53914,12.81
53915,13.76
53916,17.86
53917,14.66
53918,16.25
53919,13.94
53920,12.41
53921,13.48
53922,16.05
53923,10.89
53924,13.26
53925,12.46
53926,13.24
53927,10.14
53928,12.49
53929,10.48
53930,14.94
53931,13.55
53932,12.36
53933,8.18
53934,11.63
53935,14.02
53936,10.28
53937,14.21
53938,9.11
53939,13.28
53940,14.12
53941,15.01
53942,5.3
53943,16.73
53944,13.37
53945,15.05
53946,11.44
53947,13.69
53948,11.54
53949,13.59
53950,15.3
53951,14.3
53952,13.96
53953,10.79
53954,15.14
53955,5.3
53956,13.51
53957,11.27
53958,9.75
53959,9.19
53960,13.72
53961,15.37
53962,10.03
53963,15.9
53964,13.12
53965,13.64
53966,10.3
53967,9.2
53968,14.44
53969,12.57
53970,17.2
53971,5.3
53972,15.77
53973,15.98
53974,13.32
53975,12.64
53976,8.6
53977,10.9
53978,14.69
53979,12.07
53980,16.24
53981,13.03
53982,15.12
53983,14.59
53984,13.84
53985,14.38
53986,9.2
53987,13.68
53988,14.65
53989,12.85
53990,13.58
53991,15.99
53992,12.89
53993,11.99
53994,17.1
53995,14.36
53996,13.0
53997,14.62
53998,12.76
53999,12.91
54000,15.13
54001,12.14
54002,8.98
54003,18.1
54004,14.01
54005,15.79
54006,13.91
54007,10.87
54008,9.48
54009,9.55
54010,13.46
54011,9.38
54012,14.77
54013,10.29
54014,16.15
54015,14.24
54016,15.09
54017,19.04
54018,12.17
54019,12.88
54020,14.26
54021,18.77
54022,12.19
54023,10.48
54024,13.95
54025,14.02
54026,12.13
54027,16.66
54028,15.19
54029,9.59
54030,10.03
54031,15.69
54032,10.18
54033,14.1
54034,14.35
54035,11.98
54036,14.8
54037,14.39
54038,16.66
54039,16.24
54040,12.88
54041,11.83
54042,14.07
54043,8.6
54044,17.15
54045,12.14
54046,9.07
54047,13.26
54048,15.04
54049,16.06
54050,16.52
54051,14.37
54052,17.66
54053,17.03
54054,13.02
54055,11.12
54056,8.9
54057,10.42
54058,13.44
54059,8.99
54060,10.39
54061,14.21
54062,14.03
54063,9.39
54064,8.51
54065,14.95
54066,14.81
54067,14.34
54068,14.68
54069,9.19
54070,12.85
54071,5.3
54072,12.36
54073,14.93
54074,11.72
54075,12.17
54076,9.52
54077,16.0
54078,14.67
54079,12.14
54080,13.17
54081,8.68
54082,12.71
54083,12.63
54084,13.93
54085,12.58
54086,14.53
54087,13.86
54088,13.69
54089,15.93
54090,14.15
54091,12.79
54092,8.81
54093,14.97
54094,13.9
54095,10.76
54096,17.86
54097,11.82
54098,5.3
54099,12.66
54100,10.05
54101,14.32
54102,14.69
54103,13.97
54104,9.5
54105,12.84
54106,14.4
54107,11.35
54108,13.89
54109,14.37
54110,14.71
54111,11.8
54112,12.75
54113,13.67
54114,16.39
54115,14.61
54116,12.58
54117,14.94
54118,13.48
54119,11.29
54120,15.1
54121,14.78
54122,10.96
54123,16.44
54124,8.87
54125,15.45
54126,16.15
54127,15.4
54128,14.77
54129,13.94
54130,14.23
54131,14.15
54132,8.22
54133,13.52
54134,12.66
54135,10.34
54136,14.14
54137,12.98
54138,15.75
54139,9.25
54140,13.9
54141,8.53
54142,12.99
54143,9.15
54144,16.24
54145,8.88
54146,14.65
54147,13.51
54148,9.41
54149,5.3
54150,17.52
54151,15.29
54152,9.6
54153,14.38
54154,9.68
54155,9.91
54156,14.63
54157,14.35
54158,14.32
54159,14.89
54160,13.41
54161,14.52
54162,5.3
54163,15.39
54164,16.51
54165,12.9
54166,10.34
54167,16.29
54168,11.67
54169,12.53
54170,14.79
54171,5.3
54172,13.52
54173,13.18
54174,14.47
54175,5.3
54176,16.43
54177,18.17
54178,12.04
54179,14.19
54180,15.37
54181,11.55
54182,13.66
54183,12.62
54184,14.32
54185,5.3
54186,15.09
54187,13.98
54188,11.57
54189,12.2
54190,16.32
54191,13.88
54192,12.6
54193,10.8
54194,8.91
54195,9.93
54196,11.26
54197,8.95
54198,17.13
54199,13.85
54200,17.0
54201,15.73
54202,17.25
54203,10.21
54204,13.29
54205,11.46
54206,14.94
54207,11.91
54208,14.31
54209,9.34
54210,16.09
54211,14.77
54212,14.17
54213,15.1
54214,14.0
54215,14.45
54216,12.66
54217,14.13
54218,10.62
54219,14.36
54220,14.23
54221,15.03
54222,14.33
54223,12.7
54224,14.11
54225,13.94
54226,8.85
54227,14.62
54228,12.98
54229,11.99
54230,16.89
54231,10.86
54232,13.93
54233,9.38
54234,13.45
54235,9.48
54236,14.13
54237,14.43
54238,13.76
54239,13.04
54240,13.57
54241,14.97
54242,13.57
54243,13.2
54244,13.18
54245,17.79
54246,16.51
54247,8.52
54248,5.3
54249,10.68
54250,14.76
54251,13.99
54252,10.06
54253,15.04
54254,10.37
54255,13.95
54256,13.15
54257,11.93
54258,13.98
54259,16.53
54260,18.54
54261,14.19
54262,13.14
54263,12.62
54264,13.68
54265,10.29
54266,12.55
54267,11.54
54268,9.55
54269,13.22
54270,13.28
54271,15.96
54272,12.96
54273,15.24
54274,11.41
54275,13.66
54276,14.43
54277,14.13
54278,12.5
54279,11.31
54280,15.86
54281,12.32
54282,13.95
54283,8.58
54284,14.83
54285,10.67
54286,11.66
54287,11.96
54288,10.94
54289,11.42
54290,5.3
54291,12.11
54292,10.27
54293,13.01
54294,13.09
54295,16.01
54296,14.68
54297,8.73
54298,13.3
54299,14.73
54300,11.38
54301,11.42
54302,13.3
54303,13.42
54304,12.98
54305,15.52
54306,7.19
54307,14.83
54308,5.3
54309,14.36
54310,11.55
54311,11.05
54312,12.02
54313,11.02
54314,16.48
54315,13.59
54316,13.66
54317,15.65
54318,14.07
54319,13.17
54320,14.13
54321,13.65
54322,11.87
54323,9.0
54324,9.07
54325,15.73
54326,14.23
54327,12.48
54328,13.56
54329,14.76
54330,10.0
54331,9.45
54332,14.82
54333,16.03
54334,13.91
54335,14.12
54336,14.37
54337,16.8
54338,14.65
54339,10.71
54340,8.61
54341,13.41
54342,10.85
54343,9.47
54344,14.13
54345,8.85
54346,13.38
54347,13.52
54348,12.56
54349,15.26
54350,16.62
54351,9.91
54352,13.89
54353,13.87
54354,15.03
54355,10.55
54356,13.53
54357,13.21
54358,12.3
54359,11.52
54360,16.63
54361,13.93
54362,13.82
54363,15.83
54364,14.65
54365,10.83
54366,14.04
54367,10.38
54368,11.78
54369,12.98
54370,12.5
54371,14.0
54372,13.93
54373,10.85
54374,14.24
54375,12.91
54376,18.65
54377,12.13
54378,11.46
54379,12.29
54380,14.73
54381,14.41
54382,13.58
54383,11.99
54384,12.63
54385,11.74
54386,9.19
54387,13.68
54388,12.25
54389,13.82
54390,13.68
54391,15.36
54392,14.49
54393,14.03
54394,12.38
54395,12.81
54396,11.89
54397,15.29
54398,13.24
54399,14.38
54400,11.51
54401,14.09
54402,14.7
54403,13.29
54404,13.09
54405,13.6
54406,12.64
54407,14.23
54408,16.35
54409,13.43
54410,14.62
54411,14.9
54412,18.21
54413,5.3
54414,9.51
54415,9.4
54416,14.53
54417,14.81
54418,9.48
54419,13.32
54420,13.87
54421,11.78
54422,14.93
54423,13.71
54424,11.29
54425,11.64
54426,12.24
54427,14.35
54428,15.29
54429,13.02
54430,13.15
54431,16.15
54432,13.98
54433,12.33
54434,11.39
54435,9.2
54436,13.78
54437,9.92
54438,10.66
54439,14.77
54440,14.4
54441,17.26
54442,13.78
54443,8.87
54444,13.75
54445,8.87
54446,13.62
54447,15.09
54448,13.34
54449,13.49
54450,14.56
54451,12.94
54452,14.12
54453,12.43
54454,14.28
54455,8.82
54456,18.32
54457,16.37
54458,14.37
54459,13.22
54460,14.14
54461,14.44
54462,14.28
54463,13.12
54464,13.92
54465,12.73
54466,11.63
54467,8.65
54468,10.14
54469,14.09
54470,10.65
54471,13.7
54472,14.3
54473,9.29
54474,13.13
54475,13.99
54476,12.12
54477,11.81
54478,15.55
54479,10.47
54480,12.84
54481,13.45
54482,9.34
54483,8.78
54484,10.68
54485,12.46
54486,14.27
54487,15.85
54488,12.7
54489,14.18
54490,13.81
54491,5.3
54492,14.56
54493,13.51
54494,12.52
54495,13.82
54496,14.45
54497,13.73
54498,13.67
54499,13.98
54500,10.93
54501,18.73
54502,14.41
54503,12.02
54504,16.4
54505,13.31
54506,13.11
54507,15.06
54508,10.9
54509,15.25
54510,11.67
54511,14.64
54512,14.45
54513,13.19
54514,9.19
54515,16.02
54516,12.06
54517,11.26
54518,13.64
54519,17.13
54520,15.54
54521,10.39
54522,9.35
54523,12.54
54524,12.33
54525,13.64
54526,13.78
54527,13.27
54528,15.77
54529,15.87
54530,13.03
54531,8.88
54532,13.73
54533,15.5
54534,15.54
54535,12.69
54536,14.63
54537,14.26
54538,8.57
54539,13.69
54540,13.98
54541,14.64
54542,5.3
54543,13.33
54544,13.77
54545,16.1
54546,13.92
54547,8.57
54548,12.12
54549,5.3
54550,11.52
54551,17.52
54552,9.37
54553,12.87
54554,13.47
54555,7.88
54556,13.67
54557,12.13
54558,10.63
54559,11.11
54560,14.18
54561,12.15
54562,14.63
54563,11.14
54564,10.5
54565,11.2
54566,14.02
54567,9.94
54568,12.1
54569,14.02
54570,14.4
54571,13.81
54572,13.85
54573,10.14
54574,9.63
54575,12.91
54576,13.08
54577,12.37
54578,8.94
54579,10.9
54580,13.22
54581,14.78
54582,14.57
54583,15.35
54584,9.44
54585,14.4
54586,9.71
54587,12.26
54588,16.19
54589,14.53
54590,15.23
54591,12.22
54592,9.44
54593,14.69
54594,14.87
54595,8.57
54596,8.8
54597,13.56
54598,12.91
54599,15.54
54600,15.22
54601,9.14
54602,14.27
54603,11.68
54604,12.96
54605,13.26
54606,13.54
54607,13.95
54608,15.06
54609,12.84
54610,14.11
54611,14.21
54612,5.3
54613,13.91
54614,13.56
54615,11.78
54616,10.56
54617,14.62
54618,14.07
54619,15.42
54620,9.64
54621,15.35
54622,9.47
54623,14.68
54624,14.44
54625,13.96
54626,17.79
54627,13.9
54628,16.03
54629,11.66
54630,8.84
54631,14.24
54632,14.64
54633,13.94
54634,14.4
54635,14.29
54636,13.52
54637,15.34
54638,12.05
54639,11.41
54640,9.82
54641,9.32
54642,13.4
54643,15.64
54644,13.87
54645,13.81
54646,14.08
54647,16.01
54648,5.3
54649,15.9
54650,8.66
54651,13.54
54652,11.91
54653,13.08
54654,13.8
54655,14.17
54656,14.57
54657,11.96
54658,15.16
54659,10.05
54660,13.4
54661,8.78
54662,12.07
54663,14.28
54664,13.83
54665,9.31
54666,15.81
54667,13.67
54668,19.62
54669,10.32
54670,12.99
54671,13.61
54672,14.28
54673,10.53
54674,14.29
54675,13.78
54676,12.38
54677,16.95
54678,15.19
54679,14.54
54680,9.02
54681,8.32
54682,16.06
54683,13.73
54684,14.26
54685,17.69
54686,8.91
54687,14.99
54688,14.75
54689,8.91
54690,14.95
54691,13.74
54692,13.56
54693,14.19
54694,9.33
54695,15.46
54696,14.29
54697,15.36
54698,14.09
54699,13.91
54700,9.85
54701,12.31
54702,14.69
54703,14.17
54704,14.28
54705,14.53
54706,11.62
54707,11.47
54708,13.53
54709,14.14
54710,9.86
54711,14.03
54712,14.81
54713,13.36
54714,14.38
54715,5.3
54716,9.12
54717,13.84
54718,14.87
54719,5.3
54720,13.75
54721,15.41
54722,9.92
54723,14.19
54724,12.18
54725,13.65
54726,15.57
54727,11.32
54728,10.78
54729,13.19
54730,15.5
54731,16.48
54732,15.68
54733,14.9
54734,15.18
54735,14.28
54736,14.73
54737,9.57
54738,11.37
54739,13.94
54740,13.42
54741,14.94
54742,13.6
54743,8.75
54744,11.6
54745,14.47
54746,14.79
54747,9.71
54748,12.34
54749,12.81
54750,12.76
54751,11.17
54752,8.75
54753,15.42
54754,13.8
54755,5.3
54756,15.26
54757,14.93
54758,5.3
54759,13.35
54760,14.03
54761,13.33
54762,9.48
54763,15.13
54764,5.3
54765,13.95
54766,8.49
54767,13.47
54768,12.22
54769,11.43
54770,13.59
54771,14.37
54772,16.31
54773,9.22
54774,11.6
54775,17.3
54776,14.1
54777,11.54
54778,9.96
54779,14.22
54780,15.51
54781,12.23
54782,12.78
54783,13.41
54784,13.91
54785,10.34
54786,12.09
54787,8.89
54788,13.68
54789,10.58
54790,12.9
54791,15.41
54792,12.55
54793,18.38
54794,14.06
54795,14.06
54796,15.35
54797,7.46
54798,12.1
54799,14.89
54800,12.93
54801,15.45
54802,13.89
54803,15.56
54804,13.47
54805,9.68
54806,14.86
54807,14.7
54808,14.25
54809,13.83
54810,11.91
54811,14.0
54812,13.53
54813,13.32
54814,14.31
54815,13.6
54816,12.03
54817,14.08
54818,12.35
54819,16.8
54820,13.14
54821,10.79
54822,14.43
54823,15.04
54824,13.69
54825,9.18
54826,10.64
54827,16.47
54828,12.18
54829,13.55
54830,9.93
54831,9.58
54832,12.34
54833,13.55
54834,14.0
54835,9.62
54836,12.36
54837,12.08
54838,15.26
54839,14.19
54840,14.93
54841,14.69
54842,15.02
54843,13.09
54844,10.72
54845,10.52
54846,13.16
54847,14.93
54848,10.84
54849,5.3
54850,11.58
54851,13.85
54852,15.92
54853,15.01
54854,8.86
54855,18.08
54856,16.94
54857,9.2
54858,15.78
54859,13.9
54860,15.05
54861,12.54
54862,14.1
54863,13.24
54864,14.47
54865,14.15
54866,13.88
54867,9.75
54868,14.1
54869,16.81
54870,13.44
54871,15.86
54872,10.87
54873,9.75
54874,11.17
54875,12.94
54876,12.6
54877,9.35
54878,15.27
54879,13.68
54880,9.15
54881,5.3
54882,9.26
54883,12.42
54884,10.73
54885,14.03
54886,13.96
54887,14.64
54888,8.42
54889,9.26
54890,9.92
54891,12.76
54892,14.73
54893,17.13
54894,9.69
54895,9.61
54896,13.81
54897,13.38
54898,18.7
54899,12.45
54900,12.0
54901,13.04
54902,12.78
54903,17.06
54904,11.28
54905,15.28
54906,17.56
54907,10.85
54908,9.21
54909,13.77
54910,10.69
54911,11.07
54912,14.23
54913,13.29
54914,12.78
54915,14.36
54916,9.56
54917,15.2
54918,14.08
54919,14.72
54920,15.85
54921,19.3
54922,15.0
54923,8.64
54924,12.28
54925,9.44
54926,15.73
54927,11.9
54928,14.0
54929,16.56
54930,10.54
54931,14.79
54932,14.67
54933,15.71
54934,13.87
54935,11.99
54936,11.41
54937,16.47
54938,13.16
54939,13.83
54940,8.82
54941,13.27
54942,12.03
54943,9.12
54944,5.3
54945,13.87
54946,10.89
54947,12.9
54948,13.83
54949,13.1
54950,9.42
54951,10.91
54952,14.78
54953,12.6
54954,13.1
54955,14.53
54956,9.6
54957,14.73
54958,11.96
54959,14.37
54960,13.3
54961,8.43
54962,11.77
54963,11.4
54964,15.49
54965,12.9
54966,13.72
54967,17.12
54968,11.54
54969,13.81
54970,14.47
54971,12.9
54972,13.93
54973,8.86
54974,13.51
54975,12.9
54976,10.93
54977,13.8
54978,12.21
54979,9.09
54980,5.3
54981,14.15
54982,8.59
54983,14.5
54984,9.79
54985,15.0
54986,16.44
54987,17.41
54988,15.66
54989,16.57
54990,12.85
54991,13.85
54992,14.22
54993,13.21
54994,13.58
54995,13.56
54996,15.34
54997,15.52
54998,14.73
54999,13.74
55000,14.71
55001,14.58
55002,14.23
55003,9.76
55004,10.94
55005,11.4
55006,9.66
55007,13.52
55008,12.79
55009,14.44
55010,16.6
55011,8.75
55012,15.65
55013,9.6
55014,13.22
55015,17.93
55016,15.18
55017,13.75
55018,13.69
55019,9.94
55020,12.43
55021,13.55
55022,13.97
55023,12.17
55024,9.89
55025,12.28
55026,16.18
55027,15.29
55028,13.11
55029,9.95
55030,14.96
55031,16.36
55032,13.84
55033,15.25
55034,11.79
55035,10.31
55036,9.6
55037,10.18
55038,13.92
55039,14.49
55040,8.82
55041,16.9
55042,14.82
55043,12.56
55044,14.22
55045,14.58
55046,15.58
55047,17.89
55048,11.11
55049,12.03
55050,9.12
55051,9.62
55052,16.88
55053,9.41
55054,14.01
55055,14.83
55056,13.56
55057,15.16
55058,14.41
55059,12.36
55060,15.43
55061,13.74
55062,12.96
55063,9.6
55064,14.25
55065,14.55
55066,12.12
55067,12.75
55068,19.18
55069,13.15
55070,8.53
55071,12.49
55072,10.33
55073,9.47
55074,14.21
55075,5.3
55076,16.15
55077,14.41
55078,13.3
55079,14.68
55080,13.89
55081,14.97
55082,15.72
55083,14.58
55084,14.66
55085,8.66
55086,13.23
55087,12.87
55088,13.36
55089,9.4
55090,15.21
55091,11.63
55092,14.18
55093,14.48
55094,8.93
55095,8.48
55096,14.26
55097,13.49
55098,15.67
55099,13.71
55100,14.13
55101,15.29
55102,15.27
55103,13.48
55104,8.62
55105,13.4
55106,13.57
55107,14.51
55108,16.0
55109,13.11
55110,9.57
55111,12.48
55112,9.6
55113,10.83
55114,12.3
55115,10.78
55116,13.86
55117,15.21
55118,10.46
55119,17.04
55120,10.56
55121,14.66
55122,12.1
55123,18.65
55124,14.33
55125,14.09
55126,8.15
55127,17.15
55128,13.19
55129,12.33
55130,10.86
55131,13.1
55132,9.51
55133,12.95
55134,13.74
55135,10.83
55136,14.45
55137,19.11
55138,17.98
55139,9.53
55140,9.51
55141,14.43
55142,12.89
55143,13.57
55144,14.52
55145,14.33
55146,14.1
55147,12.53
55148,15.12
55149,12.17
55150,17.92
55151,9.08
55152,12.4
55153,13.61
55154,13.78
55155,10.84
55156,9.4
55157,13.27
55158,13.82
55159,14.07
55160,14.42
55161,14.27
55162,13.36
55163,12.19
55164,14.84
55165,5.3
55166,14.12
55167,13.39
55168,9.84
55169,15.03
55170,14.13
55171,13.72
55172,13.75
55173,13.7
55174,11.94
55175,9.05
55176,5.3
55177,13.27
55178,8.61
55179,9.62
55180,14.82
55181,12.15
55182,10.45
55183,9.37
55184,13.13
55185,11.11
55186,15.15
55187,10.33
55188,14.76
55189,12.66
55190,10.95
55191,9.35
55192,14.03
55193,13.84
55194,14.14
55195,11.84
55196,17.0
55197,15.3
55198,16.45
55199,9.96
55200,14.43
55201,9.76
55202,14.61
55203,13.29
55204,12.28
55205,12.29
55206,9.19
55207,13.3
55208,13.0
55209,8.75
55210,14.16
55211,14.11
55212,14.98
55213,11.14
55214,11.43
55215,11.5
55216,10.24
55217,19.89
55218,8.57
55219,15.68
55220,14.28
55221,14.05
55222,13.67
55223,9.49
55224,13.95
55225,15.63
55226,9.37
55227,13.32
55228,13.29
55229,14.03
55230,9.19
55231,15.52
55232,14.14
55233,13.2
55234,13.72
55235,14.94
55236,14.36
55237,12.41
55238,15.45
55239,17.54
55240,11.34
55241,12.8
55242,11.34
55243,14.02
55244,10.11
55245,13.76
55246,13.85
55247,9.14
55248,14.61
55249,12.37
55250,15.18
55251,14.45
55252,10.84
55253,16.81
55254,14.35
55255,5.3
55256,11.3
55257,10.37
55258,10.81
55259,13.2
55260,14.0
55261,5.3
55262,13.93
55263,9.96
55264,14.37
55265,14.17
55266,14.46
55267,13.51
55268,12.06
55269,13.85
55270,14.03
55271,14.22
55272,13.67
55273,10.45
55274,13.92
55275,14.59
55276,11.13
55277,14.13
55278,9.33
55279,9.75
55280,14.2
55281,9.72
55282,12.23
55283,13.58
55284,16.45
55285,11.75
55286,15.26
55287,12.17
55288,14.59
55289,15.72
55290,15.19
55291,17.9
55292,11.02
55293,14.46
55294,15.82
55295,13.29
55296,14.32
55297,9.66
55298,14.61
55299,18.81
55300,13.9
55301,15.2
55302,13.86
55303,13.61
55304,14.7
55305,12.47
55306,9.64
55307,15.44
55308,12.74
55309,11.3
55310,14.23
55311,16.78
55312,16.43
55313,9.48
55314,13.48
55315,14.89
55316,11.83
55317,11.79
55318,14.03
55319,13.83
55320,13.73
55321,15.27
55322,8.87
55323,16.47
55324,10.13
55325,9.91
55326,12.34
55327,15.82
55328,13.17
55329,14.6
55330,12.8
55331,10.24
55332,15.81
55333,16.13
55334,15.48
55335,12.23
55336,10.96
55337,13.54
55338,13.24
55339,12.34
55340,20.11
55341,13.12
55342,15.32
55343,13.55
55344,9.8
55345,12.87
55346,11.57
55347,13.52
55348,15.54
55349,8.63
55350,15.69
55351,13.7
55352,9.72
55353,5.3
55354,13.21
55355,13.43
55356,10.21
55357,9.34
55358,15.13
55359,11.8
55360,13.75
55361,13.45
55362,15.96
55363,13.74
55364,9.39
55365,15.33
55366,15.34
55367,13.8
55368,13.61
55369,9.74
55370,15.39
55371,17.28
55372,14.15
55373,9.54
55374,14.18
55375,15.06
55376,12.96
55377,14.51
55378,11.19
55379,16.37
55380,9.67
55381,13.3
55382,9.22
55383,13.49
55384,12.72
55385,12.02
55386,9.0
55387,12.17
55388,13.06
55389,9.89
55390,15.27
55391,9.97
55392,14.03
55393,12.2
55394,13.95
55395,12.32
55396,14.68
55397,12.63
55398,12.58
55399,15.85
55400,13.98
55401,11.58
55402,14.53
55403,11.54
55404,13.87
55405,13.91
55406,15.52
55407,13.94
55408,16.09
55409,10.9
55410,9.54
55411,15.16
55412,9.58
55413,10.91
55414,14.61
55415,13.71
55416,14.57
55417,9.54
55418,11.35
55419,14.29
55420,11.34
55421,14.44
55422,15.02
55423,12.59
55424,13.13
55425,15.12
55426,13.72
55427,10.03
55428,14.6
55429,13.44
55430,11.94
55431,10.01
55432,13.7
55433,12.06
55434,13.93
55435,17.04
55436,15.21
55437,13.56
55438,13.52
55439,11.42
55440,13.15
55441,8.84
55442,12.46
55443,13.87
55444,12.89
55445,10.78
55446,9.06
55447,13.07
55448,12.84
55449,13.13
55450,11.16
55451,12.3
55452,14.25
55453,13.86
55454,13.83
55455,5.3
55456,14.76
55457,13.76
55458,13.41
55459,15.89
55460,11.26
55461,15.48
55462,13.0
55463,15.64
55464,8.58
55465,15.82
55466,5.3
55467,12.74
55468,14.72
55469,13.91
55470,13.43
55471,12.74
55472,8.71
55473,9.23
55474,13.98
55475,9.86
55476,16.48
55477,12.1
55478,12.22
55479,13.48
55480,11.27
55481,13.91
55482,10.75
55483,16.96
55484,13.26
55485,15.02
55486,12.68
55487,15.31
55488,13.79
55489,14.0
55490,12.21
55491,17.37
55492,14.05
55493,12.28
55494,12.49
55495,14.19
55496,12.02
55497,13.48
55498,14.93
55499,14.91
55500,12.47
55501,13.03
55502,10.65
55503,16.33
55504,16.44
55505,9.46
55506,15.28
55507,11.49
55508,15.11
55509,10.79
55510,14.04
55511,13.59
55512,12.07
55513,11.28
55514,9.46
55515,13.58
55516,13.21
55517,14.22
55518,13.97
55519,15.07
55520,11.11
55521,11.14
55522,11.41
55523,13.69
55524,5.3
55525,10.41
55526,14.61
55527,9.12
55528,13.43
55529,14.65
55530,14.49
55531,14.55
55532,13.78
55533,12.3
55534,13.94
55535,17.59
55536,12.96
55537,8.96
55538,15.03
55539,14.42
55540,16.13
55541,13.97
55542,15.28
55543,13.82
55544,14.08
55545,14.7
55546,13.75
55547,5.3
55548,13.22
55549,12.98
55550,14.25
55551,13.22
55552,13.59
55553,13.33
55554,12.49
55555,16.76
55556,14.44
55557,10.09
55558,16.2
55559,16.24
55560,12.6
55561,14.28
55562,11.71
55563,11.24
55564,14.46
55565,15.61
55566,12.69
55567,11.5
55568,11.31
55569,13.3
55570,14.55
55571,14.27
55572,14.76
55573,14.55
55574,13.8
55575,13.28
55576,13.64
55577,12.29
55578,12.48
55579,10.27
55580,13.19
55581,13.51
55582,11.38
55583,13.79
55584,14.74
55585,9.92
55586,13.9
55587,14.89
55588,12.46
55589,13.87
55590,11.94
55591,8.48
55592,14.84
55593,12.49
55594,15.83
55595,14.64
55596,14.12
55597,13.37
55598,14.24
55599,13.9
55600,13.62
55601,13.16
55602,11.45
55603,15.64
55604,9.23
55605,11.57
55606,8.71
55607,13.67
55608,11.85
55609,9.62
55610,13.11
55611,14.34
55612,13.47
55613,14.06
55614,12.72
55615,14.96
55616,12.3
55617,11.61
55618,12.21
55619,5.3
55620,12.92
55621,11.98
55622,13.73
55623,12.96
55624,18.02
55625,10.67
55626,12.32
55627,13.67
55628,13.12
55629,16.34
55630,14.11
55631,10.19
55632,12.56
55633,11.52
55634,13.92
55635,11.16
55636,13.19
55637,9.66
55638,12.93
55639,10.83
55640,14.68
55641,13.28
55642,14.35
55643,16.2
55644,8.5
55645,5.3
55646,13.71
55647,15.04
55648,9.9
55649,14.11
55650,13.27
55651,14.54
55652,5.3
55653,10.44
55654,14.15
55655,13.82
55656,14.24
55657,11.17
55658,11.22
55659,13.81
55660,10.49
55661,12.65
55662,11.84
55663,13.4
55664,14.56
55665,14.83
55666,14.23
55667,14.16
55668,16.22
55669,9.2
55670,12.03
55671,13.92
55672,14.37
55673,12.29
55674,14.95
55675,8.6
55676,10.08
55677,13.96
55678,9.45
55679,12.97
55680,10.05
55681,12.31
55682,11.17
55683,13.45
55684,14.37
55685,14.75
55686,13.42
55687,14.84
55688,9.59
55689,10.32
55690,13.16
55691,16.5
55692,14.07
55693,5.3
55694,14.51
55695,12.47
55696,10.93
55697,9.82
55698,15.49
55699,14.14
55700,5.3
55701,13.64
55702,9.3
55703,8.72
55704,12.59
55705,5.3
55706,13.92
55707,11.96
55708,12.47
55709,15.13
55710,18.61
55711,9.29
55712,12.58
55713,15.83
55714,14.91
55715,14.17
55716,7.83
55717,11.96
55718,12.35
55719,11.39
55720,16.39
55721,14.03
55722,13.73
55723,5.3
55724,10.48
55725,13.78
55726,14.84
55727,11.81
55728,12.1
55729,14.73
55730,14.05
55731,13.83
55732,17.48
55733,8.49
55734,13.26
55735,12.99
55736,16.92
55737,18.47
55738,12.95
55739,13.51
55740,8.66
55741,9.36
55742,13.47
55743,17.63
55744,15.32
55745,8.4
55746,9.5
55747,12.85
55748,13.54
55749,9.07
55750,14.29
55751,12.9
55752,11.8
55753,14.09
55754,15.28
55755,14.8
55756,13.74
55757,13.85
55758,10.58
55759,13.66
55760,13.79
55761,13.64
55762,11.9
55763,13.74
55764,12.29
55765,13.09
55766,12.07
55767,14.16
55768,12.36
55769,11.84
55770,14.82
55771,16.35
55772,13.72
55773,9.19
55774,11.79
55775,15.65
55776,10.94
55777,13.23
55778,13.75
55779,16.92
55780,13.57
55781,14.0
55782,12.2
55783,13.89
55784,12.06
55785,15.69
55786,14.96
55787,9.56
55788,14.6
55789,9.37
55790,15.48
55791,10.65
55792,9.19
55793,10.11
55794,14.34
55795,13.86
55796,13.93
55797,9.48
55798,14.18
55799,14.19
55800,13.59
55801,14.14
55802,11.06
55803,13.69
55804,15.06
55805,12.68
55806,12.96
55807,8.44
55808,13.89
55809,18.18
55810,9.25
55811,14.63
55812,5.3
55813,15.76
55814,10.77
55815,11.19
55816,15.14
55817,12.92
55818,12.25
55819,14.66
55820,11.29
55821,16.51
55822,13.89
55823,8.62
55824,14.72
55825,12.19
55826,14.4
55827,13.88
55828,8.06
55829,12.41
55830,12.08
55831,9.34
55832,17.53
55833,12.69
55834,13.06
55835,11.88
55836,10.53
55837,10.04
55838,13.2
55839,14.25
55840,16.43
55841,14.33
55842,13.39
55843,5.3
55844,12.97
55845,13.67
55846,10.91
55847,14.1
55848,9.96
55849,16.99
55850,16.6
55851,9.73
55852,8.97
55853,11.49
55854,13.55
55855,13.41
55856,12.15
55857,14.23
55858,14.17
55859,15.24
55860,10.27
55861,14.22
55862,8.65
55863,13.75
55864,13.28
55865,13.94
55866,14.0
55867,14.58
55868,14.05
55869,12.09
55870,13.51
55871,13.83
55872,12.2
55873,12.54
55874,11.23
55875,13.15
55876,14.86
55877,12.14
55878,12.1
55879,13.9
55880,14.32
55881,9.8
55882,5.3
55883,9.03
55884,14.74
55885,15.81
55886,5.3
55887,14.89
55888,13.26
55889,14.08
55890,11.7
55891,5.3
55892,5.3
55893,8.77
55894,14.56
55895,15.32
55896,14.89
55897,14.37
55898,14.31
55899,12.92
55900,13.81
55901,16.17
55902,12.63
55903,14.86
55904,13.89
55905,10.63
55906,14.26
55907,10.01
55908,13.88
55909,14.58
55910,11.5
55911,9.57
55912,13.36
55913,15.59
55914,13.26
55915,13.59
55916,15.87
55917,13.83
55918,15.92
55919,11.37
55920,11.52
55921,14.76
55922,9.54
55923,12.05
55924,14.1
55925,13.44
55926,9.76
55927,14.02
55928,14.02
55929,12.9
55930,13.08
55931,8.33
55932,12.93
55933,11.09
55934,9.89
55935,14.35
55936,14.53
55937,8.61
55938,13.47
55939,9.17
55940,8.33
55941,14.33
55942,13.28
55943,14.79
55944,13.89
55945,9.47
55946,13.77
55947,12.41
55948,10.09
55949,16.39
55950,10.18
55951,9.47
55952,10.85
55953,11.78
55954,15.46
55955,13.52
55956,13.34
55957,13.9
55958,15.06
55959,8.76
55960,12.63
55961,15.26
55962,17.25
55963,12.39
55964,14.72
55965,13.15
55966,13.46
55967,11.19
55968,14.52
55969,17.77
55970,5.3
55971,9.47
55972,15.53
55973,13.68
55974,14.29
55975,13.58
55976,11.47
55977,14.04
55978,13.72
55979,8.49
55980,13.59
55981,5.3
55982,13.63
55983,14.01
55984,5.3
55985,14.09
55986,14.28
55987,14.56
55988,14.02
55989,10.5
55990,11.97
55991,8.28
55992,8.25
55993,14.51
55994,12.2
55995,14.51
55996,10.85
55997,12.01
55998,15.49
55999,8.86
56000,9.85
56001,18.89
56002,8.98
56003,14.78
56004,11.6
56005,14.04
56006,14.81
56007,13.84
56008,12.44
56009,14.24
56010,11.3
56011,12.55
56012,17.08
56013,15.52
56014,9.56
56015,15.25
56016,16.34
56017,9.51
56018,13.6
56019,13.45
56020,13.0
56021,11.13
56022,13.63
56023,12.84
56024,13.92
56025,11.83
56026,13.52
56027,11.43
56028,14.2
56029,15.62
56030,8.68
56031,14.18
56032,13.93
56033,5.3
56034,14.38
56035,10.38
56036,8.83
56037,13.62
56038,15.63
56039,16.0
56040,13.17
56041,10.82
56042,11.46
56043,9.41
56044,14.19
56045,15.13
56046,13.98
56047,14.82
56048,14.66
56049,15.62
56050,13.76
56051,13.73
56052,17.72
56053,15.44
56054,8.44
56055,14.08
56056,13.74
56057,14.48
56058,9.4
56059,13.57
56060,14.22
56061,12.8
56062,12.46
56063,8.52
56064,13.88
56065,15.76
56066,8.37
56067,13.32
56068,5.3
56069,15.0
56070,9.67
56071,12.23
56072,10.99
56073,5.3
56074,13.34
56075,13.57
56076,14.29
56077,14.27
56078,14.53
56079,14.86
56080,15.58
56081,14.04
56082,13.16
56083,14.16
56084,11.23
56085,12.13
56086,13.94
56087,13.29
56088,14.56
56089,14.05
56090,15.71
56091,14.47
56092,14.11
56093,12.65
56094,14.3
56095,13.75
56096,13.46
56097,15.72
56098,9.79
56099,13.49
56100,15.98
56101,12.99
56102,9.54
56103,15.42
56104,15.03
56105,14.01
56106,8.88
56107,16.05
56108,13.9
56109,13.75
56110,14.4
56111,13.84
56112,13.77
56113,12.97
56114,13.87
56115,18.33
56116,9.64
56117,9.75
56118,10.34
56119,14.02
56120,13.32
56121,14.6
56122,9.86
56123,9.47
56124,8.36
56125,15.74
56126,9.49
56127,15.45
56128,9.42
56129,13.97
56130,14.61
56131,14.81
56132,16.26
56133,11.2
56134,5.17
56135,15.13
56136,7.47
56137,9.0
56138,9.24
56139,14.59
56140,10.25
56141,17.14
56142,10.01
56143,15.62
56144,13.05
56145,12.08
56146,5.3
56147,14.24
56148,9.31
56149,9.15
56150,13.83
56151,5.3
56152,17.48
56153,14.3
56154,11.37
56155,17.73
56156,14.2
56157,13.42
56158,10.92
56159,10.28
56160,14.78
56161,14.83
56162,12.42
56163,15.66
56164,5.3
56165,11.45
56166,14.45
56167,12.72
56168,15.99
56169,12.53
56170,14.11
56171,13.94
56172,9.93
56173,14.21
56174,9.91
56175,11.06
56176,9.45
56177,9.99
56178,14.66
56179,14.55
56180,14.81
56181,14.83
56182,14.83
56183,14.23
56184,13.29
56185,14.75
56186,14.98
56187,9.21
56188,18.09
56189,11.28
56190,16.28
56191,14.47
56192,12.07
56193,15.58
56194,8.19
56195,12.32
56196,14.87
56197,13.81
56198,9.8
56199,10.07
56200,11.99
56201,13.88
56202,15.29
56203,11.9
56204,14.04
56205,10.99
56206,5.3
56207,16.57
56208,11.24
56209,14.14
56210,10.69
56211,14.79
56212,5.3
56213,11.96
56214,16.33
56215,15.25
56216,11.68
56217,15.3
56218,11.3
56219,9.52
56220,13.8
56221,9.68
56222,13.3
56223,9.85
56224,13.91
56225,10.61
56226,8.6
56227,13.53
56228,9.63
56229,16.0
56230,10.39
56231,13.86
56232,12.44
56233,14.37
56234,8.85
56235,12.28
56236,12.41
56237,12.78
56238,14.26
56239,14.08
56240,14.14
56241,14.29
56242,10.07
56243,10.76
56244,10.41
56245,12.35
56246,9.66
56247,15.24
56248,12.15
56249,13.07
56250,9.51
56251,13.27
56252,15.18
56253,15.02
56254,14.91
56255,11.95
56256,13.29
56257,17.46
56258,13.44
56259,13.29
56260,12.49
56261,9.61
56262,14.62
56263,13.38
56264,5.3
56265,13.18
56266,14.53
56267,9.32
56268,9.89
56269,13.94
56270,9.15
56271,13.68
56272,13.2
56273,10.11
56274,13.46
56275,14.97
56276,11.2
56277,15.25
56278,12.94
56279,12.62
56280,14.03
56281,9.93
56282,14.89
56283,17.84
56284,14.28
56285,12.91
56286,14.3
56287,5.3
56288,11.59
56289,12.26
56290,9.49
56291,17.54
56292,13.91
56293,9.53
56294,9.88
56295,14.3
56296,11.21
56297,14.49
56298,13.58
56299,9.45
56300,13.03
56301,14.21
56302,13.39
56303,8.91
56304,14.83
56305,13.86
56306,12.56
56307,13.59
56308,13.22
56309,12.04
56310,14.5
56311,15.54
56312,13.92
56313,14.37
56314,9.92
56315,14.82
56316,13.47
56317,13.77
56318,14.07
56319,12.11
56320,12.05
56321,14.19
56322,17.32
56323,12.91
56324,13.92
56325,13.44
56326,13.83
56327,11.96
56328,13.62
56329,19.41
56330,13.15
56331,14.31
56332,9.64
56333,17.73
56334,5.3
56335,13.91
56336,12.07
56337,13.18
56338,14.56
56339,8.44
56340,13.03
56341,15.05
56342,13.3
56343,5.3
56344,11.29
56345,16.06
56346,18.95
56347,16.42
56348,10.02
56349,14.05
56350,13.69
56351,14.5
56352,13.22
56353,14.43
56354,8.87
56355,15.55
56356,14.81
56357,10.64
56358,10.27
56359,13.86
56360,14.03
56361,13.87
56362,13.82
56363,10.28
56364,14.2
56365,11.33
56366,15.34
56367,14.51
56368,17.7
56369,10.08
56370,10.34
56371,8.57
56372,14.03
56373,14.64
56374,9.93
56375,13.65
56376,14.24
56377,10.94
56378,14.29
56379,14.06
56380,13.16
56381,14.74
56382,13.91
56383,13.93
56384,13.79
56385,13.3
56386,13.06
56387,13.68
56388,11.79
56389,14.76
56390,14.43
56391,13.59
56392,9.0
56393,14.05
56394,9.66
56395,13.45
56396,13.89
56397,15.18
56398,10.39
56399,12.2
56400,8.83
56401,13.76
56402,10.78
56403,12.69
56404,13.71
56405,13.32
56406,14.02
56407,16.04
56408,15.36
56409,12.62
56410,13.87
56411,10.86
56412,13.55
56413,12.53
56414,11.31
56415,13.93
56416,9.54
56417,14.98
56418,8.64
56419,13.4
56420,12.84
56421,8.86
56422,13.65
56423,14.86
56424,13.87
56425,14.99
56426,14.39
56427,14.22
56428,12.3
56429,14.13
56430,15.89
56431,13.9
56432,12.41
56433,14.41
56434,13.65
56435,9.29
56436,14.18
56437,10.92
56438,14.28
56439,11.43
56440,13.22
56441,14.59
56442,14.21
56443,13.9
56444,15.19
56445,11.18
56446,12.13
56447,9.94
56448,14.47
56449,11.44
56450,10.4
56451,13.39
56452,13.61
56453,11.98
56454,17.98
56455,13.17
56456,13.7
56457,13.88
56458,11.64
56459,13.72
56460,9.97
56461,11.82
56462,10.71
56463,15.02
56464,8.03
56465,10.15
56466,12.89
56467,12.97
56468,10.73
56469,15.24
56470,10.34
56471,18.31
56472,18.14
56473,12.64
56474,11.87
56475,10.77
56476,10.15
56477,13.81
56478,10.52
56479,13.74
56480,12.58
56481,13.83
56482,13.96
56483,16.67
56484,13.34
56485,16.59
56486,13.85
56487,12.82
56488,13.67
56489,13.36
56490,15.03
56491,13.44
56492,15.2
56493,13.7
56494,12.26
56495,13.6
56496,16.83
56497,13.93
56498,9.72
56499,8.95
56500,13.04
56501,9.49
56502,15.67
56503,8.99
56504,15.29
56505,14.85
56506,9.06
56507,9.46
56508,13.98
56509,15.36
56510,15.28
56511,5.3
56512,13.72
56513,16.41
56514,11.98
56515,8.58
56516,13.59
56517,14.05
56518,14.22
56519,15.62
56520,13.06
56521,14.83
56522,13.53
56523,11.25
56524,14.07
56525,14.25
56526,16.78
56527,12.31
56528,9.45
56529,13.5
56530,13.95
56531,9.38
56532,10.27
56533,9.26
56534,10.82
56535,14.06
56536,10.61
56537,14.0
56538,8.32
56539,12.74
56540,14.33
56541,10.86
56542,12.96
56543,9.83
56544,14.64
56545,9.77
56546,13.9
56547,8.38
56548,13.87
56549,14.69
56550,10.48
56551,11.48
56552,14.02
56553,14.81
56554,9.11
56555,14.64
56556,15.14
56557,14.01
56558,13.12
56559,10.24
56560,14.31
56561,13.51
56562,15.92
56563,12.55
56564,14.29
56565,12.75
56566,13.92
56567,13.6
56568,14.46
56569,14.21
56570,5.3
56571,14.81
56572,14.8
56573,13.19
56574,16.52
56575,10.55
56576,9.22
56577,14.73
56578,15.16
56579,14.0
56580,16.9
56581,12.31
56582,14.06
56583,13.77
56584,14.04
56585,13.11
56586,14.44
56587,15.31
56588,12.71
56589,13.45
56590,17.47
56591,11.48
56592,13.82
56593,8.47
56594,14.88
56595,14.48
56596,12.05
56597,14.57
56598,11.03
56599,10.44
56600,13.5
56601,17.46
56602,12.2
56603,5.3
56604,12.16
56605,14.65
56606,12.22
56607,11.92
56608,14.95
56609,12.05
56610,13.91
56611,11.11
56612,13.88
56613,9.46
56614,11.38
56615,14.58
56616,12.42
56617,15.04
56618,13.18
56619,13.96
56620,10.48
56621,12.86
56622,5.3
56623,8.72
56624,13.41
56625,9.62
56626,8.77
56627,11.4
56628,14.67
56629,12.92
56630,14.89
56631,8.66
56632,15.89
56633,15.0
56634,13.88
56635,10.73
56636,16.85
56637,16.22
56638,13.27
56639,5.3
56640,13.73
56641,12.12
56642,13.16
56643,9.58
56644,11.2
56645,10.58
56646,13.56
56647,9.55
56648,8.8
56649,13.91
56650,11.06
56651,8.96
56652,12.42
56653,13.49
56654,13.36
56655,12.14
56656,13.71
56657,14.35
56658,15.77
56659,12.34
56660,11.74
56661,9.49
56662,8.93
56663,14.2
56664,10.66
56665,15.62
56666,15.9
56667,13.86
56668,9.46
56669,11.63
56670,11.12
56671,12.3
56672,13.43
56673,14.97
56674,12.53
56675,16.2
56676,14.99
56677,9.63
56678,8.52
56679,11.2
56680,13.59
56681,13.92
56682,15.06
56683,10.55
56684,13.63
56685,10.07
56686,13.48
56687,14.37
56688,12.25
56689,13.76
56690,8.13
56691,11.57
56692,14.64
56693,14.96
56694,13.52
56695,14.96
56696,11.55
56697,13.82
56698,13.41
56699,9.68
56700,15.17
56701,12.62
56702,14.1
56703,14.0
56704,8.57
56705,14.84
56706,11.54
56707,8.72
56708,14.85
56709,13.89
56710,9.88
56711,12.81
56712,13.55
56713,12.33
56714,9.5
56715,12.29
56716,13.62
56717,8.57
56718,13.51
56719,14.21
56720,13.85
56721,12.47
56722,10.41
56723,13.33
56724,12.1
56725,12.8
56726,14.96
56727,15.07
56728,11.8
56729,14.1
56730,8.6
56731,13.86
56732,13.61
56733,14.05
56734,14.05
56735,16.13
56736,12.18
56737,9.36
56738,14.0
56739,9.59
56740,13.38
56741,12.91
56742,9.81
56743,14.08
56744,12.63
56745,15.88
56746,10.44
56747,14.71
56748,10.43
56749,13.49
56750,8.48
56751,9.95
56752,14.71
56753,14.77
56754,12.95
56755,14.25
56756,12.46
56757,11.23
56758,16.01
56759,12.02
56760,12.37
56761,14.75
56762,14.72
56763,14.75
56764,14.09
56765,14.8
56766,13.31
56767,13.91
56768,13.2
56769,14.09
56770,9.94
56771,10.86
56772,13.81
56773,9.3
56774,14.04
56775,15.2
56776,14.47
56777,14.35
56778,13.81
56779,9.51
56780,10.14
56781,13.6
56782,13.88
56783,13.56
56784,17.25
56785,8.72
56786,15.22
56787,12.14
56788,13.26
56789,16.24
56790,13.02
56791,13.77
56792,11.5
56793,9.6
56794,8.88
56795,13.64
56796,10.61
56797,15.45
56798,13.15
56799,10.15
56800,9.04
56801,13.15
56802,15.86
56803,14.74
56804,14.18
56805,10.89
56806,16.61
56807,5.48
56808,15.91
56809,13.64
56810,8.6
56811,13.92
56812,14.91
56813,12.43
56814,9.57
56815,9.75
56816,12.26
56817,14.25
56818,13.17
56819,12.04
56820,13.96
56821,14.12
56822,12.86
56823,14.86
56824,15.6
56825,16.78
56826,12.81
56827,15.83
56828,14.28
56829,15.36
56830,16.54
56831,13.35
56832,15.16
56833,9.32
56834,14.51
56835,8.72
56836,5.3
56837,14.0
56838,14.86
56839,13.47
56840,11.33
56841,14.82
56842,14.69
56843,14.86
56844,16.8
56845,14.11
56846,13.73
56847,14.04
56848,13.92
56849,13.09
56850,18.24
56851,5.3
56852,14.01
56853,13.92
56854,11.68
56855,10.55
56856,13.21
56857,13.31
56858,9.5
56859,10.45
56860,14.31
56861,13.56
56862,10.98
56863,13.43
56864,12.45
56865,14.32
56866,13.93
56867,13.38
56868,11.04
56869,13.77
56870,13.2
56871,15.38
56872,13.22
56873,15.18
56874,14.48
56875,11.79
56876,14.38
56877,9.95
56878,11.65
56879,15.35
56880,11.07
56881,12.31
56882,15.94
56883,14.37
56884,5.3
56885,12.75
56886,14.31
56887,15.56
56888,13.6
56889,17.62
56890,11.44
56891,13.58
56892,15.0
56893,13.32
56894,15.29
56895,13.14
56896,13.14
56897,15.72
56898,5.3
56899,12.96
56900,13.97
56901,14.1
56902,11.51
56903,14.12
56904,13.49
56905,13.81
56906,16.35
56907,14.25
56908,9.5
56909,14.1
56910,16.5
56911,9.49
56912,9.61
56913,16.14
56914,14.86
56915,13.81
56916,9.63
56917,9.35
56918,12.89
56919,13.99
56920,14.37
56921,9.5
56922,14.04
56923,10.53
56924,14.96
56925,14.05
56926,14.6
56927,13.71
56928,14.34
56929,13.93
56930,11.52
56931,15.28
56932,14.05
56933,8.63
56934,11.95
56935,14.87
56936,12.5
56937,11.38
56938,13.99
56939,14.19
56940,15.1
56941,15.0
56942,9.61
56943,13.04
56944,8.36
56945,12.76
56946,10.91
56947,12.45
56948,19.25
56949,13.95
56950,11.99
56951,11.83
56952,13.55
56953,13.38
56954,14.39
56955,13.79
56956,10.08
56957,13.9
56958,11.86
56959,8.39
56960,13.97
56961,14.81
56962,13.27
56963,14.91
56964,12.25
56965,17.68
56966,14.76
56967,8.53
56968,15.47
56969,13.52
56970,5.3
56971,14.04
56972,5.3
56973,16.23
56974,13.3
56975,15.4
56976,14.02
56977,12.79
56978,15.31
56979,13.87
56980,16.48
56981,13.56
56982,14.26
56983,12.86
56984,12.41
56985,8.57
56986,9.39
56987,8.32
56988,11.48
56989,13.08
56990,14.08
56991,13.85
56992,14.68
56993,9.62
56994,13.12
56995,14.03
56996,15.5
56997,14.42
56998,16.27
56999,15.77
57000,10.08
57001,13.43
57002,10.51
57003,13.95
57004,15.34
57005,15.14
57006,12.05
57007,13.51
57008,14.41
57009,15.25
57010,15.95
57011,13.15
57012,13.14
57013,13.58
57014,12.45
57015,13.03
57016,12.29
57017,14.22
57018,14.8
57019,11.98
57020,16.42
57021,13.94
57022,12.71
57023,9.72
57024,12.86
57025,12.73
57026,13.39
57027,14.39
57028,13.16
57029,5.3
57030,13.39
57031,14.03
57032,10.14
57033,12.35
57034,14.94
57035,13.91
57036,9.95
57037,11.63
57038,12.39
57039,12.36
57040,8.68
57041,8.58
57042,13.26
57043,15.82
57044,8.51
57045,13.61
57046,14.85
57047,14.45
57048,14.29
57049,14.55
57050,12.12
57051,13.92
57052,13.71
57053,12.25
57054,9.75
57055,17.27
57056,14.62
57057,9.68
57058,9.67
57059,13.11
57060,12.81
57061,10.13
57062,12.87
57063,15.03
57064,5.3
57065,12.56
57066,8.43
57067,14.86
57068,9.22
57069,9.8
57070,9.55
57071,14.84
57072,13.81
57073,12.1
57074,9.41
57075,8.24
57076,12.25
57077,8.95
57078,12.06
57079,12.68
57080,10.39
57081,15.51
57082,9.1
57083,13.9
57084,5.3
57085,10.14
57086,15.27
57087,11.96
57088,13.33
57089,14.46
57090,9.32
57091,9.93
57092,12.76
57093,9.51
57094,16.12
57095,13.93
57096,10.05
57097,16.0
57098,16.41
57099,15.9
57100,9.7
57101,14.02
57102,15.49
57103,5.3
57104,9.9
57105,14.3
57106,13.56
57107,13.95
57108,9.41
57109,9.33
57110,16.13
57111,12.12
57112,9.73
57113,14.07
57114,12.28
57115,12.27
57116,14.31
57117,16.48
57118,13.81
57119,14.32
57120,11.93
57121,13.94
57122,13.19
57123,10.83
57124,8.91
57125,14.34
57126,14.76
57127,14.17
57128,16.57
57129,13.77
57130,13.48
57131,12.77
57132,9.44
57133,11.84
57134,8.72
57135,12.68
57136,10.28
57137,16.39
57138,12.98
57139,12.52
57140,12.96
57141,13.48
57142,18.13
57143,11.58
57144,13.46
57145,8.26
57146,5.3
57147,13.94
57148,13.24
57149,5.3
57150,13.81
57151,14.4
57152,15.09
57153,8.67
57154,14.22
57155,10.04
57156,9.78
57157,14.4
57158,12.37
57159,12.07
57160,14.89
57161,11.32
57162,15.54
57163,13.67
57164,12.3
57165,9.67
57166,14.33
57167,15.26
57168,14.4
57169,15.88
57170,14.23
57171,18.63
57172,14.2
57173,13.04
57174,13.46
57175,12.5
57176,5.3
57177,13.96
57178,9.48
57179,10.99
57180,14.06
57181,9.86
57182,13.95
57183,14.05
57184,16.74
57185,12.23
57186,12.73
57187,15.76
57188,14.03
57189,12.05
57190,14.74
57191,14.93
57192,12.15
57193,14.18
57194,12.49
57195,12.99
57196,15.73
57197,13.93
57198,8.65
57199,15.62
57200,10.0
57201,14.15
57202,17.89
57203,14.05
57204,12.4
57205,11.93
57206,10.25
57207,9.88
57208,13.77
57209,12.41
57210,13.4
57211,9.43
57212,9.72
57213,14.45
57214,10.4
57215,14.04
57216,13.93
57217,15.94
57218,18.0
57219,8.52
57220,13.35
57221,19.3
57222,13.83
57223,10.97
57224,13.4
57225,14.03
57226,15.59
57227,15.37
57228,9.31
57229,13.81
57230,15.06
57231,12.77
57232,13.95
57233,5.3
57234,13.68
57235,14.64
57236,13.7
57237,12.83
57238,14.7
57239,14.02
57240,14.25
57241,5.3
57242,9.4
57243,13.8
57244,15.95
57245,12.13
57246,13.91
57247,14.81
57248,13.71
57249,14.76
57250,13.61
57251,13.57
57252,9.22
57253,13.36
57254,13.5
57255,12.24
57256,13.26
57257,13.9
57258,12.75
57259,13.84
57260,15.83
57261,9.6
57262,11.93
57263,13.82
57264,14.03
57265,9.86
57266,13.36
57267,10.48
57268,14.39
57269,9.44
57270,11.06
57271,8.83
57272,14.69
57273,14.71
57274,15.26
57275,16.99
57276,12.9
57277,14.03
57278,12.93
57279,14.63
57280,13.04
57281,10.2
57282,13.86
57283,13.34
57284,14.35
57285,15.77
57286,9.11
57287,12.02
57288,10.2
57289,14.47
57290,11.61
57291,15.52
57292,16.09
57293,14.49
57294,14.33
57295,13.32
57296,14.23
57297,11.82
57298,13.32
57299,14.0
57300,12.7
57301,13.6
57302,13.17
57303,14.9
57304,14.18
57305,9.49
57306,13.51
57307,10.22
57308,8.72
57309,11.23
57310,13.99
57311,15.42
57312,13.99
57313,11.65
57314,13.26
57315,14.18
57316,8.96
57317,16.78
57318,13.26
57319,16.24
57320,16.37
57321,13.68
57322,13.4
57323,13.89
57324,8.52
57325,13.9
57326,14.95
57327,14.51
57328,12.04
57329,14.79
57330,14.73
57331,13.28
57332,14.72
57333,14.9
57334,12.49
57335,9.36
57336,14.06
57337,13.7
57338,11.3
57339,7.74
57340,12.66
57341,15.38
57342,13.46
57343,13.03
57344,10.82
57345,14.67
57346,14.1
57347,11.21
57348,8.71
57349,15.68
57350,13.33
57351,13.67
57352,13.33
57353,14.28
57354,15.06
57355,15.84
57356,11.88
57357,14.12
57358,12.22
57359,10.12
57360,12.62
57361,16.92
57362,9.55
57363,11.61
57364,9.23
57365,14.64
57366,11.46
57367,13.12
57368,10.71
57369,14.22
57370,19.35
57371,12.6
57372,14.66
57373,5.3
57374,11.97
57375,14.3
57376,5.3
57377,13.48
57378,12.27
57379,15.88
57380,12.98
57381,13.38
57382,13.63
57383,14.95
57384,11.66
57385,14.06
57386,10.0
57387,15.79
57388,11.7
57389,15.24
57390,16.24
57391,14.26
57392,12.11
57393,14.08
57394,16.42
57395,14.1
57396,14.89
57397,9.78
57398,5.3
57399,14.38
57400,14.36
57401,10.27
57402,13.92
57403,16.45
57404,14.04
57405,16.2
57406,9.62
57407,14.57
57408,13.79
57409,13.89
57410,15.43
57411,13.17
57412,18.21
57413,9.26
57414,17.08
57415,11.96
57416,13.29
57417,12.8
57418,19.09
57419,13.84
57420,14.74
57421,13.42
57422,14.15
57423,14.68
57424,12.09
57425,14.91
57426,16.48
57427,13.94
57428,14.06
57429,12.97
57430,13.76
57431,13.66
57432,13.59
57433,10.09
57434,9.0
57435,14.25
57436,14.06
57437,14.59
57438,15.25
57439,13.3
57440,16.97
57441,14.93
57442,13.02
57443,14.03
57444,14.7
57445,11.26
57446,16.08
57447,8.79
57448,8.42
57449,13.13
57450,14.35
57451,13.67
57452,13.9
57453,13.97
57454,16.31
57455,14.82
57456,13.23
57457,15.17
57458,13.48
57459,13.81
57460,9.58
57461,14.54
57462,14.28
57463,14.35
57464,15.3
57465,13.11
57466,13.81
57467,10.61
57468,13.64
57469,13.52
57470,11.83
57471,13.31
57472,8.83
57473,13.11
57474,9.27
57475,8.67
57476,9.5
57477,11.23
57478,19.97
57479,10.99
57480,15.27
57481,17.03
57482,12.83
57483,13.79
57484,19.78
57485,12.17
57486,15.64
57487,14.96
57488,13.33
57489,13.43
57490,14.18
57491,8.55
57492,15.8
57493,6.01
57494,13.48
57495,9.34
57496,15.54
57497,13.16
57498,13.78
57499,10.97
57500,14.54
57501,14.46
57502,14.3
57503,13.41
57504,18.87
57505,16.12
57506,10.03
57507,14.08
57508,13.63
57509,15.41
57510,14.89
57511,9.73
57512,15.15
57513,14.58
57514,15.27
57515,12.42
57516,13.83
57517,13.99
57518,11.55
57519,13.5
57520,9.72
57521,13.93
57522,14.29
57523,13.42
57524,5.3
57525,5.3
57526,13.54
57527,14.44
57528,15.48
57529,15.18
57530,11.99
57531,14.09
57532,12.1
57533,18.77
57534,18.11
57535,13.2
57536,15.67
57537,15.72
57538,8.44
57539,8.25
57540,13.77
57541,14.43
57542,15.17
57543,14.28
57544,13.93
57545,14.02
57546,17.11
57547,9.37
57548,12.85
57549,9.05
57550,14.56
57551,12.51
57552,11.43
57553,12.02
57554,16.1
57555,14.07
57556,14.79
57557,14.41
57558,5.3
57559,16.1
57560,13.49
57561,13.59
57562,14.02
57563,5.3
57564,13.97
57565,13.95
57566,10.7
57567,14.2
57568,9.01
57569,14.05
57570,10.57
57571,16.39
57572,10.79
57573,13.53
57574,14.67
57575,11.23
57576,14.14
57577,14.23
57578,12.99
57579,13.8
57580,13.89
57581,9.7
57582,16.07
57583,13.59
57584,13.86
57585,13.46
57586,13.86
57587,11.77
57588,12.51
57589,9.63
57590,13.33
57591,9.5
57592,18.83
57593,9.76
57594,13.43
57595,13.28
57596,13.59
57597,14.82
57598,13.07
57599,14.25
57600,18.1
57601,15.24
57602,13.71
57603,18.0
57604,13.3
57605,13.7
57606,13.9
57607,14.36
57608,12.59
57609,16.15
57610,14.62
57611,15.4
57612,5.3
57613,13.48
57614,5.3
57615,15.37
57616,15.91
57617,13.84
57618,14.78
57619,14.62
57620,11.45
57621,14.12
57622,11.56
57623,15.3
57624,13.01
57625,14.4
57626,10.66
57627,13.85
57628,12.28
57629,13.88
57630,12.15
57631,14.05
57632,13.69
57633,14.22
57634,14.38
57635,14.61
57636,15.55
57637,17.07
57638,14.73
57639,13.26
57640,11.32
57641,13.52
57642,10.11
57643,10.81
57644,11.01
57645,14.12
57646,13.67
57647,13.69
57648,12.82
57649,16.98
57650,9.76
57651,15.76
57652,14.99
57653,13.85
57654,13.1
57655,12.22
57656,10.97
57657,12.68
57658,11.96
57659,10.24
57660,13.41
57661,14.11
57662,12.89
57663,10.42
57664,10.41
57665,14.36
57666,12.68
57667,14.37
57668,9.41
57669,15.25
57670,12.15
57671,13.35
57672,13.93
57673,14.08
57674,12.98
57675,15.2
57676,13.71
57677,9.73
57678,13.83
57679,12.79
57680,13.89
57681,14.99
57682,9.52
57683,14.69
57684,12.14
57685,9.3
57686,8.68
57687,14.4
57688,14.43
57689,12.94
57690,15.58
57691,14.05
57692,13.52
57693,5.3
57694,14.8
57695,10.66
57696,15.22
57697,13.97
57698,12.82
57699,9.72
57700,14.6
57701,10.68
57702,14.63
57703,14.0
57704,13.26
57705,16.29
57706,12.67
57707,11.55
57708,14.16
57709,14.26
57710,11.38
57711,9.21
57712,15.05
57713,13.29
57714,11.93
57715,9.34
57716,14.37
57717,12.92
57718,16.41
57719,5.3
57720,12.25
57721,13.39
57722,13.78
57723,11.09
57724,14.2
57725,13.55
57726,13.02
57727,14.58
57728,10.41
57729,8.77
57730,16.88
57731,13.15
57732,14.9
57733,11.15
57734,14.7
57735,13.44
57736,11.36
57737,15.1
57738,9.83
57739,14.76
57740,18.05
57741,13.87
57742,13.94
57743,15.07
57744,13.4
57745,16.41
57746,14.89
57747,12.88
57748,14.83
57749,11.21
57750,15.02
57751,8.49
57752,13.13
57753,13.58
57754,15.08
57755,18.23
57756,18.96
57757,12.48
57758,16.12
57759,15.32
57760,12.23
57761,11.98
57762,15.44
57763,12.75
57764,10.76
57765,14.31
57766,12.61
57767,12.47
57768,13.16
57769,14.85
57770,14.26
57771,13.32
57772,12.19
57773,12.93
57774,15.58
57775,10.46
57776,12.47
57777,14.61
57778,13.66
57779,5.3
57780,13.86
57781,11.97
57782,13.48
57783,19.14
57784,12.61
57785,12.9
57786,14.27
57787,15.01
57788,11.1
57789,13.23
57790,14.18
57791,11.47
57792,16.67
57793,11.26
57794,14.31
57795,14.63
57796,13.96
57797,14.45
57798,12.73
57799,15.05
57800,8.92
57801,16.15
57802,11.71
57803,14.0
57804,16.22
57805,9.57
57806,11.25
57807,13.37
57808,12.14
57809,15.22
57810,15.26
57811,12.28
57812,17.38
57813,13.3
57814,10.26
57815,11.88
57816,15.07
57817,10.09
57818,12.11
57819,17.98
57820,15.3
57821,13.18
57822,14.27
57823,14.86
57824,13.45
57825,12.78
57826,13.58
57827,13.03
57828,9.69
57829,13.67
57830,10.05
57831,9.59
57832,17.2
57833,15.48
57834,12.3
57835,13.86
57836,13.68
57837,10.88
57838,15.64
57839,10.26
57840,13.83
57841,14.21
57842,11.45
57843,13.15
57844,16.41
57845,10.25
57846,14.29
57847,12.75
57848,12.18
57849,11.58
57850,11.36
57851,10.31
57852,16.64
57853,14.47
57854,13.91
57855,13.71
57856,11.77
57857,5.3
57858,13.1
57859,14.39
57860,13.68
57861,15.99
57862,12.66
57863,11.89
57864,13.73
57865,9.6
57866,10.42
57867,9.64
57868,12.83
57869,15.15
57870,13.55
57871,13.53
57872,12.24
57873,12.53
57874,5.3
57875,9.27
57876,13.42
57877,14.02
57878,9.23
57879,13.46
57880,19.64
57881,8.6
57882,12.26
57883,14.36
57884,13.77
57885,13.05
57886,13.98
57887,9.71
57888,11.45
57889,5.3
57890,9.95
57891,10.33
57892,13.67
57893,10.8
57894,12.32
57895,12.47
57896,9.74
57897,9.35
57898,5.3
57899,13.68
57900,13.98
57901,13.77
57902,10.51
57903,13.8
57904,14.46
57905,17.19
57906,10.81
57907,9.23
57908,15.31
57909,18.75
57910,14.69
57911,11.01
57912,14.68
57913,14.54
57914,10.22
57915,12.36
57916,15.23
57917,19.58
57918,8.83
57919,15.59
57920,10.09
57921,14.02
57922,16.7
57923,13.08
57924,14.62
57925,13.87
57926,9.84
57927,14.75
57928,12.7
57929,15.21
57930,9.54
57931,16.3
57932,12.86
57933,9.81
57934,10.4
57935,14.18
57936,10.98
57937,13.0
57938,17.27
57939,14.08
57940,14.0
57941,17.63
57942,12.98
57943,11.42
57944,8.86
57945,10.19
57946,14.16
57947,15.27
57948,8.75
57949,9.5
57950,9.5
57951,12.86
57952,13.98
57953,14.22
57954,8.69
57955,9.61
57956,15.23
57957,15.17
57958,13.97
57959,9.9
57960,14.41
57961,9.39
57962,13.4
57963,10.13
57964,10.3
57965,14.1
57966,14.28
57967,13.41
57968,15.52
57969,13.94
57970,5.3
57971,10.94
57972,14.56
57973,12.72
57974,17.44
57975,15.18
57976,14.17
57977,11.29
57978,14.38
57979,16.76
57980,13.79
57981,13.59
57982,16.22
57983,13.3
57984,8.31
57985,16.36
57986,17.55
57987,14.87
57988,14.2
57989,12.96
57990,14.76
57991,5.3
57992,13.9
57993,13.73
57994,12.14
57995,11.49
57996,13.55
57997,14.62
57998,14.43
57999,13.96
58000,13.36
58001,13.6
58002,14.53
58003,9.39
58004,13.99
58005,13.27
58006,10.6
58007,13.78
58008,14.52
58009,13.87
58010,13.47
58011,9.3
58012,14.12
58013,17.63
58014,8.25
58015,15.6
58016,13.46
58017,8.94
58018,13.82
58019,12.28
58020,13.82
58021,13.82
58022,12.4
58023,9.57
58024,14.88
58025,12.37
58026,15.03
58027,14.17
58028,13.94
58029,12.87
58030,13.62
58031,10.39
58032,13.94
58033,11.2
58034,19.5
58035,8.4
58036,13.89
58037,8.92
58038,5.3
58039,14.26
58040,14.35
58041,14.3
58042,13.8
58043,14.68
58044,13.69
58045,14.73
58046,17.18
58047,12.49
58048,10.5
58049,13.41
58050,10.06
58051,13.67
58052,13.97
58053,14.05
58054,15.83
58055,12.19
58056,15.0
58057,11.62
58058,14.06
58059,13.6
58060,11.85
58061,15.78
58062,5.3
58063,14.52
58064,13.54
58065,13.67
58066,15.71
58067,10.75
58068,14.52
58069,17.59
58070,14.4
58071,11.05
58072,14.36
58073,14.02
58074,5.3
58075,13.32
58076,14.94
58077,8.65
58078,12.87
58079,14.59
58080,13.63
58081,13.19
58082,8.96
58083,14.61
58084,15.01
58085,14.26
58086,18.09
58087,15.38
58088,11.08
58089,19.4
58090,14.19
58091,13.67
58092,13.95
58093,13.79
58094,13.56
58095,15.18
58096,13.81
58097,13.86
58098,10.76
58099,11.36
58100,11.02
58101,13.77
58102,13.63
58103,13.94
58104,13.43
58105,16.47
58106,10.25
58107,15.11
58108,12.93
58109,13.1
58110,13.42
58111,13.91
58112,13.61
58113,9.57
58114,9.51
58115,12.97
58116,13.84
58117,11.66
58118,12.28
58119,10.59
58120,10.37
58121,12.1
58122,13.23
58123,15.87
58124,13.85
58125,13.84
58126,15.03
58127,12.11
58128,17.28
58129,15.69
58130,14.59
58131,15.34
58132,12.79
58133,14.99
58134,12.08
58135,14.91
58136,14.9
58137,19.04
58138,8.52
58139,14.89
58140,12.12
58141,12.34
58142,15.83
58143,14.95
58144,14.0
58145,15.35
58146,14.99
58147,14.34
58148,9.64
58149,16.68
58150,14.0
58151,15.47
58152,13.23
58153,13.78
58154,13.88
58155,14.43
58156,14.89
58157,13.69
58158,13.02
58159,10.92
58160,9.22
58161,13.25
58162,13.97
58163,9.19
58164,10.29
58165,11.12
58166,11.58
58167,12.05
58168,9.61
58169,13.61
58170,14.81
58171,11.81
58172,9.76
58173,9.47
58174,14.62
58175,9.37
58176,13.82
58177,14.69
58178,13.69
58179,11.23
58180,9.57
58181,5.3
58182,9.18
58183,13.2
58184,14.09
58185,14.07
58186,13.57
58187,7.14
58188,13.9
58189,13.85
58190,13.5
58191,13.4
58192,10.91
58193,14.34
58194,13.95
58195,14.24
58196,14.36
58197,12.94
58198,14.24
58199,13.94
58200,14.55
58201,15.3
58202,13.88
58203,14.33
58204,13.08
58205,11.68
58206,14.22
58207,13.89
58208,11.69
58209,12.26
58210,8.73
58211,14.35
58212,16.0
58213,15.02
58214,14.31
58215,12.9
58216,8.87
58217,10.23
58218,14.11
58219,17.38
58220,13.12
58221,14.48
58222,16.54
58223,10.02
58224,14.33
58225,10.96
58226,13.75
58227,13.59
58228,8.63
58229,11.5
58230,14.0
58231,8.76
58232,13.91
58233,16.09
58234,13.8
58235,11.94
58236,14.59
58237,14.66
58238,12.42
58239,13.64
58240,14.32
58241,13.76
58242,9.29
58243,13.31
58244,9.55
58245,13.73
58246,15.17
58247,10.14
58248,15.13
58249,13.15
58250,10.86
58251,14.44
58252,14.36
58253,14.63
58254,12.65
58255,13.3
58256,14.59
58257,16.99
58258,13.73
58259,14.29
58260,12.89
58261,13.93
58262,15.23
58263,8.3
58264,12.16
58265,16.52
58266,11.28
58267,9.82
58268,14.84
58269,15.34
58270,14.86
58271,16.98
58272,15.85
58273,12.2
58274,13.93
58275,13.26
58276,14.4
58277,14.86
58278,10.59
58279,14.47
58280,9.25
58281,13.15
58282,14.01
58283,13.29
58284,14.75
58285,5.3
58286,12.37
58287,14.87
58288,9.67
58289,7.73
58290,11.56
58291,15.02
58292,5.3
58293,14.87
58294,14.65
58295,10.28
58296,14.21
58297,13.91
58298,10.28
58299,14.94
58300,11.3
58301,11.22
58302,11.18
58303,8.46
58304,17.83
58305,8.46
58306,12.38
58307,15.58
58308,12.44
58309,9.55
58310,12.27
58311,14.87
58312,13.78
58313,14.91
58314,15.43
58315,13.26
58316,10.89
58317,14.87
58318,14.23
58319,16.08
58320,14.12
58321,18.51
58322,11.19
58323,13.63
58324,19.14
58325,13.35
58326,12.3
58327,10.52
58328,9.44
58329,12.71
58330,13.11
58331,14.49
58332,13.63
58333,14.5
58334,14.2
58335,14.95
58336,10.38
58337,12.24
58338,13.32
58339,12.42
58340,14.83
58341,13.6
58342,19.29
58343,14.34
58344,11.99
58345,13.84
58346,15.62
58347,14.05
58348,14.34
58349,13.83
58350,8.87
58351,17.04
58352,13.18
58353,14.73
58354,20.07
58355,14.8
58356,11.1
58357,13.79
58358,15.55
58359,12.18
58360,15.48
58361,16.18
58362,14.06
58363,12.26
58364,11.84
58365,13.34
58366,14.8
58367,13.66
58368,14.12
58369,13.78
58370,14.52
58371,15.24
58372,14.86
58373,5.3
58374,12.66
58375,14.17
58376,14.35
58377,10.15
58378,10.0
58379,11.07
58380,13.13
58381,8.1
58382,14.63
58383,14.4
58384,14.38
58385,14.16
58386,10.45
58387,14.12
58388,14.32
58389,10.99
58390,12.85
58391,14.94
58392,12.6
58393,13.12
58394,13.77
58395,14.87
58396,13.86
58397,15.66
58398,15.08
58399,12.16
58400,9.99
58401,14.58
58402,10.1
58403,13.37
58404,14.64
58405,14.99
58406,14.7
58407,9.94
58408,14.61
58409,8.63
58410,13.94
58411,13.56
58412,14.41
58413,14.4
58414,15.87
58415,12.86
58416,15.95
58417,13.48
58418,12.66
58419,13.85
58420,14.98
58421,13.37
58422,15.28
58423,10.43
58424,13.8
58425,16.72
58426,13.89
58427,14.65
58428,17.08
58429,11.86
58430,12.31
58431,13.73
58432,15.59
58433,9.8
58434,13.19
58435,17.99
58436,11.9
58437,9.49
58438,8.76
58439,9.4
58440,12.66
58441,8.17
58442,15.0
58443,14.43
58444,16.61
58445,9.37
58446,19.12
58447,13.65
58448,15.43
58449,10.79
58450,13.26
58451,14.01
58452,11.07
58453,8.14
58454,14.4
58455,14.57
58456,14.62
58457,19.53
58458,16.3
58459,13.83
58460,13.95
58461,17.5
58462,13.23
58463,14.85
58464,14.4
58465,14.03
58466,11.16
58467,11.04
58468,13.89
58469,14.56
58470,14.43
58471,10.76
58472,14.34
58473,14.13
58474,13.99
58475,14.2
58476,10.4
58477,16.05
58478,14.77
58479,11.79
58480,14.36
58481,10.37
58482,8.82
58483,13.15
58484,14.15
58485,11.85
58486,14.29
58487,10.21
58488,13.18
58489,13.94
58490,12.43
58491,12.25
58492,13.89
58493,5.3
58494,13.74
58495,14.1
58496,16.33
58497,9.56
58498,14.72
58499,12.03
58500,13.79
58501,9.44
58502,10.79
58503,10.94
58504,12.95
58505,12.4
58506,14.94
58507,9.92
58508,13.98
58509,13.64
58510,14.92
58511,10.71
58512,9.67
58513,13.23
58514,13.18
58515,12.92
58516,10.06
58517,14.55
58518,15.42
58519,11.72
58520,13.32
58521,13.84
58522,13.75
58523,13.84
58524,15.82
58525,13.59
58526,13.96
58527,14.17
58528,13.91
58529,13.41
58530,9.44
58531,18.53
58532,8.53
58533,19.41
58534,13.71
58535,12.79
58536,14.32
58537,5.3
58538,15.14
58539,12.68
58540,13.85
58541,12.04
58542,12.23
58543,15.25
58544,14.1
58545,12.37
58546,11.78
58547,13.37
58548,9.13
58549,13.73
58550,15.02
58551,14.35
58552,15.63
58553,13.71
58554,12.57
58555,11.91
58556,8.76
58557,14.64
58558,12.47
58559,17.69
58560,12.14
58561,16.07
58562,15.15
58563,13.97
58564,15.04
58565,13.42
58566,14.85
58567,16.48
58568,9.25
58569,11.24
58570,11.27
58571,13.26
58572,11.9
58573,12.22
58574,11.25
58575,14.27
58576,13.26
58577,14.65
58578,14.37
58579,12.05
58580,9.64
58581,16.17
58582,15.06
58583,14.15
58584,14.76
58585,9.31
58586,13.75
58587,14.4
58588,9.22
58589,14.54
58590,9.93
58591,13.6
58592,13.61
58593,15.24
58594,14.05
58595,12.42
58596,13.67
58597,9.13
58598,13.29
58599,14.42
58600,15.73
58601,8.77
58602,15.36
58603,14.89
58604,16.54
58605,14.7
58606,14.23
58607,14.35
58608,13.84
58609,14.6
58610,8.77
58611,12.21
58612,16.33
58613,11.26
58614,9.07
58615,13.07
58616,15.35
58617,15.55
58618,14.69
58619,16.09
58620,13.57
58621,9.45
58622,13.43
58623,16.56
58624,13.49
58625,17.37
58626,5.3
58627,16.1
58628,9.28
58629,13.7
58630,14.18
58631,18.1
58632,14.59
58633,8.56
58634,12.68
58635,5.3
58636,14.77
58637,17.48
58638,13.76
58639,14.55
58640,11.33
58641,14.21
58642,13.31
58643,15.17
58644,14.86
58645,14.38
58646,13.83
58647,13.94
58648,14.21
58649,10.55
58650,14.41
58651,10.35
58652,13.9
58653,12.03
58654,9.2
58655,10.5
58656,14.08
58657,9.6
58658,16.29
58659,9.41
58660,13.79
58661,13.88
58662,13.79
58663,13.94
58664,16.36
58665,12.27
58666,13.22
58667,13.97
58668,15.62
58669,13.61
58670,11.15
58671,14.06
58672,9.15
58673,16.65
58674,9.64
58675,13.49
58676,16.02
58677,12.21
58678,13.79
58679,13.99
58680,14.1
58681,13.84
58682,13.89
58683,16.54
58684,13.05
58685,11.41
58686,11.92
58687,9.94
58688,14.46
58689,12.19
58690,12.35
58691,13.29
58692,13.92
58693,12.59
58694,14.35
58695,14.23
58696,13.66
58697,15.41
58698,13.98
58699,12.75
58700,11.53
58701,14.58
58702,13.64
58703,13.79
58704,13.6
58705,14.34
58706,9.16
58707,13.08
58708,12.75
58709,13.4
58710,8.79
58711,12.15
58712,13.55
58713,13.22
58714,15.04
58715,15.27
58716,8.66
58717,15.61
58718,13.81
58719,13.34
58720,14.47
58721,13.4
58722,13.94
58723,14.52
58724,10.64
58725,15.25
58726,13.56
58727,10.99
58728,13.71
58729,14.18
58730,5.3
58731,16.64
58732,13.75
58733,9.65
58734,14.35
58735,12.35
58736,13.62
58737,13.59
58738,15.18
58739,14.25
58740,13.83
58741,12.29
58742,15.83
58743,13.81
58744,11.35
58745,14.8
58746,14.14
58747,14.51
58748,14.58
58749,9.44
58750,13.26
58751,13.79
58752,16.64
58753,16.62
58754,13.95
58755,15.14
58756,13.53
58757,13.82
58758,13.1
58759,12.5
58760,16.33
58761,16.14
58762,15.34
58763,15.96
58764,8.57
58765,12.19
58766,13.64
58767,16.05
58768,5.3
58769,15.15
58770,15.09
58771,10.02
58772,14.61
58773,9.12
58774,12.86
58775,8.91
58776,8.97
58777,14.83
58778,13.87
58779,14.13
58780,16.06
58781,8.61
58782,9.14
58783,14.44
58784,13.74
58785,11.24
58786,13.27
58787,12.07
58788,13.11
58789,15.97
58790,12.64
58791,14.31
58792,11.23
58793,13.46
58794,15.71
58795,15.81
58796,9.02
58797,16.4
58798,14.72
58799,14.39
58800,13.66
58801,13.52
58802,16.35
58803,13.55
58804,14.82
58805,11.5
58806,14.55
58807,13.74
58808,14.46
58809,12.08
58810,13.41
58811,10.94
58812,9.81
58813,14.02
58814,14.21
58815,14.19
58816,13.36
58817,12.86
58818,12.15
58819,13.75
58820,8.58
58821,15.06
58822,14.3
58823,11.56
58824,14.61
58825,5.3
58826,13.86
58827,12.92
58828,10.47
58829,13.07
58830,5.3
58831,9.24
58832,15.37
58833,7.49
58834,14.47
58835,14.88
58836,13.65
58837,14.65
58838,9.22
58839,14.28
58840,8.43
58841,8.6
58842,9.1
58843,13.92
58844,10.73
58845,14.06
58846,13.92
58847,11.52
58848,17.01
58849,14.74
58850,13.59
58851,11.83
58852,12.18
58853,14.28
58854,13.5
58855,9.45
58856,13.01
58857,13.68
58858,14.94
58859,12.41
58860,12.56
58861,16.2
58862,18.9
58863,9.22
58864,16.85
58865,14.06
58866,14.88
58867,16.62
58868,15.33
58869,16.68
58870,14.86
58871,13.67
58872,14.31
58873,9.88
58874,15.62
58875,12.19
58876,14.4
58877,11.8
58878,9.58
58879,15.47
58880,12.85
58881,14.34
58882,13.73
58883,14.79
58884,16.34
58885,16.62
58886,12.62
58887,13.73
58888,9.31
58889,16.0
58890,11.63
58891,11.15
58892,13.44
58893,19.35
58894,9.42
58895,13.54
58896,12.12
58897,16.47
58898,12.59
58899,12.46
58900,8.2
58901,17.94
58902,14.52
58903,14.95
58904,14.18
58905,13.56
58906,13.96
58907,15.81
58908,9.79
58909,15.45
58910,15.23
58911,14.11
58912,14.17
58913,9.21
58914,11.69
58915,13.02
58916,11.57
58917,9.52
58918,15.29
58919,14.0
58920,15.6
58921,13.42
58922,12.18
58923,15.02
58924,9.61
58925,18.72
58926,12.23
58927,13.58
58928,14.13
58929,11.29
58930,16.01
58931,13.19
58932,10.15
58933,12.9
58934,8.25
58935,13.48
58936,12.86
58937,13.92
58938,15.6
58939,11.94
58940,12.24
58941,13.73
58942,16.03
58943,14.5
58944,15.24
58945,16.08
58946,14.19
58947,12.75
58948,15.58
58949,14.16
58950,15.79
58951,9.77
58952,16.17
58953,9.8
58954,14.1
58955,14.12
58956,13.75
58957,13.99
58958,16.89
58959,14.04
58960,9.62
58961,13.57
58962,13.83
58963,14.14
58964,14.92
58965,14.04
58966,13.81
58967,12.03
58968,9.66
58969,13.73
58970,15.91
58971,13.78
58972,13.51
58973,13.69
58974,14.03
58975,10.69
58976,13.87
58977,10.64
58978,13.09
58979,14.42
58980,13.16
58981,15.0
58982,13.53
58983,13.67
58984,11.35
58985,14.35
58986,8.88
58987,17.24
58988,15.44
58989,9.47
58990,9.61
58991,13.19
58992,5.3
58993,14.37
58994,12.76
58995,14.55
58996,9.83
58997,13.99
58998,13.66
58999,17.83
59000,12.37
59001,15.37
59002,14.45
59003,15.89
59004,12.02
59005,12.12
59006,13.07
59007,15.78
59008,9.41
59009,12.9
59010,14.23
59011,15.3
59012,13.91
59013,13.26
59014,13.48
59015,14.91
59016,14.77
59017,17.34
59018,13.75
59019,12.94
59020,13.47
59021,12.91
59022,5.3
59023,14.49
59024,15.39
59025,13.44
59026,13.04
59027,14.02
59028,14.24
59029,14.97
59030,14.54
59031,10.09
59032,13.64
59033,16.75
59034,13.52
59035,15.27
59036,14.27
59037,11.92
59038,14.0
59039,15.54
59040,11.16
59041,13.76
59042,18.23
59043,11.82
59044,11.53
59045,14.1
59046,14.02
59047,14.05
59048,12.72
59049,14.68
59050,13.22
59051,15.63
59052,12.73
59053,17.32
59054,12.27
59055,13.36
59056,10.97
59057,13.35
59058,10.9
59059,14.14
59060,13.77
59061,15.28
59062,14.29
59063,12.56
59064,13.19
59065,8.44
59066,13.14
59067,14.03
59068,13.58
59069,13.84
59070,9.49
59071,15.46
59072,13.37
59073,9.16
59074,14.84
59075,10.89
59076,9.43
59077,14.95
59078,11.09
59079,5.3
59080,13.59
59081,15.56
59082,13.87
59083,8.93
59084,14.28
59085,9.32
59086,14.5
59087,9.93
59088,15.45
59089,14.82
59090,15.34
59091,12.7
59092,14.06
59093,15.31
59094,14.08
59095,14.93
59096,16.84
59097,11.43
59098,14.12
59099,15.15
59100,15.47
59101,14.52
59102,14.31
59103,14.78
59104,13.95
59105,11.34
59106,14.65
59107,13.39
59108,11.83
59109,17.25
59110,19.27
59111,10.86
59112,12.73
59113,5.3
59114,13.92
59115,14.86
59116,11.42
59117,15.43
59118,18.15
59119,8.95
59120,14.81
59121,12.93
59122,10.75
59123,14.01
59124,13.79
59125,13.84
59126,10.36
59127,13.85
59128,9.56
59129,14.03
59130,11.74
59131,11.89
59132,13.43
59133,12.84
59134,15.03
59135,16.76
59136,13.58
59137,15.36
59138,5.3
59139,10.28
59140,13.91
59141,9.3
59142,13.95
59143,13.57
59144,14.44
59145,11.67
59146,12.26
59147,13.83
59148,14.23
59149,15.39
59150,14.01
59151,9.32
59152,14.42
59153,13.72
59154,9.37
59155,9.85
59156,12.51
59157,11.81
59158,13.73
59159,15.31
59160,5.3
59161,13.37
59162,11.93
59163,16.52
59164,10.08
59165,9.41
59166,10.96
59167,9.17
59168,11.98
59169,14.38
59170,14.04
59171,15.58
59172,13.9
59173,13.63
59174,8.55
59175,15.07
59176,13.39
59177,12.96
59178,12.44
59179,14.6
59180,10.97
59181,15.81
59182,13.78
59183,9.85
59184,16.29
59185,5.3
59186,5.3
59187,14.4
59188,11.94
59189,14.37
59190,13.75
59191,13.87
59192,14.96
59193,11.15
59194,10.35
59195,14.83
59196,12.47
59197,14.75
59198,12.38
59199,15.38
59200,10.71
59201,14.22
59202,13.57
59203,11.26
59204,14.38
59205,12.34
59206,15.03
59207,9.44
59208,14.52
59209,17.5
59210,15.8
59211,12.45
59212,14.37
59213,9.03
59214,13.64
59215,14.39
59216,10.37
59217,15.53
59218,13.93
59219,13.66
59220,15.43
59221,14.7
59222,14.11
59223,14.91
59224,14.23
59225,9.35
59226,15.66
59227,13.02
59228,12.83
59229,10.0
59230,11.53
59231,16.39
59232,10.18
59233,12.28
59234,13.23
59235,13.96
59236,12.96
59237,12.48
59238,11.75
59239,8.94
59240,13.64
59241,13.29
59242,12.64
59243,11.03
59244,14.9
59245,5.3
59246,10.04
59247,15.74
59248,14.23
59249,9.95
59250,14.01
59251,15.63
59252,14.87
59253,14.63
59254,13.44
59255,15.4
59256,14.13
59257,9.42
59258,13.98
59259,12.26
59260,12.0
59261,8.62
59262,14.14
59263,13.9
59264,14.29
59265,11.74
59266,14.58
59267,13.88
59268,13.94
59269,14.49
59270,9.82
59271,14.34
59272,14.68
59273,15.03
59274,15.48
59275,13.8
59276,15.33
59277,14.54
59278,12.52
59279,12.34
59280,11.78
59281,12.83
59282,13.55
59283,13.92
59284,8.99
59285,14.15
59286,14.32
59287,10.89
59288,11.48
59289,13.82
59290,9.23
59291,15.59
59292,14.05
59293,13.91
59294,9.9
59295,13.51
59296,9.13
59297,14.04
59298,10.64
59299,15.75
59300,14.16
59301,14.03
59302,9.84
59303,15.38
59304,11.9
59305,11.98
59306,15.49
59307,11.34
59308,12.67
59309,19.18
59310,12.14
59311,15.5
59312,13.97
59313,14.11
59314,14.42
59315,15.42
59316,13.57
59317,12.47
59318,13.59
59319,12.34
59320,17.63
59321,13.97
59322,11.15
59323,15.59
59324,12.51
59325,14.27
59326,8.93
59327,11.57
59328,13.83
59329,5.3
59330,13.49
59331,11.47
59332,13.11
59333,14.46
59334,15.64
59335,14.44
59336,12.72
59337,9.73
59338,9.5
59339,17.23
59340,13.64
59341,5.3
59342,12.63
59343,13.51
59344,13.27
59345,14.41
59346,13.92
59347,14.17
59348,14.24
59349,15.43
59350,14.87
59351,10.78
59352,9.28
59353,15.99
59354,9.85
59355,13.18
59356,14.33
59357,14.65
59358,7.32
59359,15.08
59360,11.22
59361,12.8
59362,8.63
59363,11.91
59364,10.3
59365,10.52
59366,13.54
59367,16.37
59368,16.62
59369,14.16
59370,13.25
59371,15.03
59372,13.55
59373,13.98
59374,14.68
59375,14.43
59376,9.44
59377,9.1
59378,14.79
59379,13.09
59380,13.97
59381,14.88
59382,14.61
59383,13.8
59384,10.62
59385,11.2
59386,12.9
59387,14.54
59388,11.39
59389,8.6
59390,14.03
59391,14.34
59392,7.65
59393,13.81
59394,15.9
59395,9.47
59396,13.28
59397,11.49
59398,11.24
59399,13.74
59400,15.57
59401,14.31
59402,14.86
59403,12.87
59404,15.89
59405,12.81
59406,13.88
59407,14.1
59408,12.73
59409,15.15
59410,10.06
59411,13.79
59412,15.17
59413,14.69
59414,14.41
59415,9.87
59416,9.15
59417,13.98
59418,12.39
59419,13.56
59420,9.47
59421,12.35
59422,15.94
59423,11.11
59424,15.0
59425,12.28
59426,11.29
59427,9.96
59428,13.63
59429,10.07
59430,13.05
59431,17.41
59432,13.94
59433,9.37
59434,15.92
59435,13.88
59436,13.08
59437,13.5
59438,13.38
59439,12.52
59440,14.24
59441,14.15
59442,14.46
59443,9.32
59444,15.01
59445,14.87
59446,14.26
59447,12.63
59448,10.34
59449,15.02
59450,13.05
59451,12.43
59452,13.4
59453,12.85
59454,9.41
59455,14.53
59456,9.11
59457,15.5
59458,15.43
59459,11.95
59460,15.36
59461,14.11
59462,16.36
59463,12.71
59464,14.95
59465,12.18
59466,15.74
59467,17.11
59468,13.48
59469,9.02
59470,8.75
59471,12.17
59472,13.34
59473,12.91
59474,13.85
59475,10.65
59476,13.54
59477,15.86
59478,12.74
59479,14.02
59480,8.3
59481,16.12
59482,13.53
59483,13.29
59484,9.47
59485,14.72
59486,8.29
59487,14.22
59488,10.48
59489,9.83
59490,13.74
59491,12.99
59492,12.23
59493,16.5
59494,14.6
59495,13.31
59496,11.88
59497,5.3
59498,13.53
59499,13.74
59500,10.53
59501,13.5
59502,8.96
59503,10.87
59504,14.57
59505,15.06
59506,14.6
59507,15.57
59508,5.3
59509,13.9
59510,8.84
59511,9.69
59512,9.33
59513,13.88
59514,11.81
59515,14.5
59516,8.23
59517,15.05
59518,13.54
59519,5.3
59520,13.29
59521,12.86
59522,11.85
59523,14.28
59524,13.57
59525,13.92
59526,14.5
59527,14.34
59528,15.36
59529,8.36
59530,11.88
59531,15.59
59532,13.45
59533,13.87
59534,9.55
59535,15.14
59536,14.82
59537,13.03
59538,5.3
59539,10.8
59540,15.96
59541,10.83
59542,14.3
59543,14.94
59544,15.75
59545,12.09
59546,13.47
59547,13.6
59548,11.81
59549,16.18
59550,14.19
59551,14.12
59552,15.11
59553,9.03
59554,14.27
59555,14.54
59556,13.91
59557,15.01
59558,12.9
59559,15.02
59560,13.91
59561,10.96
59562,15.74
59563,10.69
59564,10.84
59565,9.22
59566,14.96
59567,8.16
59568,9.82
59569,14.57
59570,10.48
59571,9.66
59572,10.84
59573,13.45
59574,12.26
59575,13.78
59576,14.96
59577,13.01
59578,13.2
59579,13.79
59580,14.31
59581,11.01
59582,11.26
59583,14.73
59584,9.53
59585,12.23
59586,14.22
59587,13.96
59588,8.9
59589,14.25
59590,13.75
59591,16.13
59592,13.96
59593,14.55
59594,9.06
59595,14.84
59596,13.85
59597,13.85
59598,13.98
59599,12.82
59600,14.26
59601,15.59
59602,14.11
59603,14.25
59604,12.14
59605,16.57
59606,14.95
59607,14.34
59608,10.0
59609,16.52
59610,14.7
59611,13.53
59612,13.09
59613,15.45
59614,13.42
59615,15.18
59616,14.98
59617,13.67
59618,14.46
59619,13.66
59620,13.17
59621,9.69
59622,15.0
59623,12.84
59624,13.06
59625,14.04
59626,8.36
59627,18.21
59628,12.21
59629,14.96
59630,12.81
59631,12.79
59632,12.1
59633,16.08
59634,15.12
59635,10.57
59636,12.33
59637,14.29
59638,13.41
59639,14.66
59640,12.97
59641,14.9
59642,8.67
59643,18.6
59644,14.16
59645,13.31
59646,12.26
59647,12.5
59648,9.53
59649,14.37
59650,14.42
59651,11.16
59652,9.37
59653,13.81
59654,14.37
59655,15.3
59656,11.99
59657,12.24
59658,13.62
59659,9.61
59660,16.6
59661,13.56
59662,9.06
59663,9.31
59664,14.09
59665,13.35
59666,14.34
59667,12.05
59668,17.96
59669,14.74
59670,14.27
59671,13.3
59672,16.06
59673,14.25
59674,10.75
59675,16.62
59676,9.32
59677,14.2
59678,14.4
59679,15.29
59680,8.94
59681,5.3
59682,14.52
59683,13.67
59684,14.59
59685,14.0
59686,5.3
59687,14.24
59688,9.8
59689,12.96
59690,14.59
59691,14.42
59692,15.36
59693,11.07
59694,5.3
59695,15.6
59696,11.26
59697,13.42
59698,14.34
59699,15.62
59700,12.39
59701,13.28
59702,14.22
59703,8.48
59704,11.67
59705,13.67
59706,13.65
59707,14.94
59708,13.44
59709,14.17
59710,16.64
59711,14.51
59712,15.0
59713,5.3
59714,12.57
59715,9.98
59716,12.05
59717,12.49
59718,14.16
59719,14.76
59720,14.23
59721,14.19
59722,14.01
59723,13.9
59724,13.18
59725,8.54
59726,14.15
59727,9.19
59728,10.02
59729,14.42
59730,14.76
59731,12.8
59732,14.43
59733,14.63
59734,12.54
59735,10.84
59736,14.01
59737,17.4
59738,14.11
59739,11.79
59740,17.82
59741,12.58
59742,12.5
59743,9.4
59744,10.85
59745,16.24
59746,13.16
59747,9.63
59748,13.89
59749,17.44
59750,10.34
59751,12.14
59752,5.3
59753,13.69
59754,8.81
59755,13.92
59756,15.1
59757,15.6
59758,10.11
59759,18.61
59760,15.86
59761,14.08
59762,8.38
59763,11.8
59764,13.16
59765,14.67
59766,12.13
59767,14.79
59768,14.69
59769,5.3
59770,13.69
59771,16.54
59772,16.91
59773,13.69
59774,12.6
59775,15.55
59776,16.33
59777,13.8
59778,16.41
59779,15.74
59780,13.16
59781,17.44
59782,11.55
59783,14.66
59784,13.49
59785,10.3
59786,12.31
59787,9.09
59788,14.53
59789,13.24
59790,8.89
59791,13.97
59792,16.42
59793,16.15
59794,15.98
59795,16.74
59796,14.33
59797,15.49
59798,13.85
59799,9.11
59800,13.78
59801,14.3
59802,9.31
59803,5.3
59804,12.61
59805,12.21
59806,14.03
59807,9.7
59808,17.8
59809,14.0
59810,13.54
59811,14.89
59812,14.55
59813,14.51
59814,14.98
59815,13.51
59816,10.79
59817,13.93
59818,13.27
59819,17.08
59820,5.32
59821,9.53
59822,13.92
59823,15.6
59824,9.15
59825,14.91
59826,9.88
59827,9.66
59828,14.86
59829,12.06
59830,14.94
59831,15.07
59832,15.54
59833,14.87
59834,10.13
59835,8.91
59836,14.48
59837,11.4
59838,14.35
59839,16.64
59840,9.61
59841,13.91
59842,13.76
59843,13.08
59844,10.72
59845,12.7
59846,10.28
59847,9.17
59848,14.36
59849,11.38
59850,11.56
59851,14.45
59852,16.48
59853,10.05
59854,17.68
59855,15.33
59856,17.43
59857,18.9
59858,14.85
59859,10.14
59860,14.9
59861,13.45
59862,11.57
59863,14.24
59864,14.09
59865,14.1
59866,10.34
59867,8.96
59868,12.29
59869,16.87
59870,14.08
59871,14.99
59872,14.14
59873,12.82
59874,18.25
59875,11.43
59876,13.55
59877,16.27
59878,13.8
59879,14.16
59880,13.76
59881,13.48
59882,15.94
59883,12.69
59884,10.72
59885,12.34
59886,9.41
59887,13.87
59888,14.73
59889,13.87
59890,13.02
59891,13.43
59892,10.07
59893,9.87
59894,13.74
59895,12.06
59896,9.66
59897,12.93
59898,15.88
59899,10.71
59900,9.41
59901,14.6
59902,15.17
59903,13.36
59904,14.87
59905,14.96
59906,10.7
59907,15.08
59908,14.82
59909,15.87
59910,5.3
59911,13.38
59912,13.54
59913,10.67
59914,10.55
59915,11.07
59916,12.81
59917,14.96
59918,15.36
59919,9.15
59920,15.13
59921,14.84
59922,14.8
59923,14.18
59924,14.67
59925,15.26
59926,15.27
59927,8.6
59928,10.81
59929,12.31
59930,13.81
59931,5.3
59932,14.11
59933,10.33
59934,15.11
59935,13.97
59936,13.82
59937,13.86
59938,13.23
59939,15.04
59940,9.86
59941,13.04
59942,14.58
59943,13.86
59944,11.21
59945,16.32
59946,11.22
59947,11.97
59948,13.66
59949,12.05
59950,13.95
59951,9.26
59952,15.15
59953,13.59
59954,10.73
59955,18.31
59956,14.33
59957,13.74
59958,9.34
59959,5.3
59960,11.86
59961,15.91
59962,13.79
59963,5.3
59964,13.32
59965,8.87
59966,5.3
59967,9.67
59968,14.32
59969,14.17
59970,12.43
59971,5.3
59972,11.96
59973,14.78
59974,14.89
59975,10.67
59976,13.76
59977,13.66
59978,16.36
59979,12.18
59980,13.28
59981,18.4
59982,12.94
59983,10.1
59984,13.68
59985,11.55
59986,15.81
59987,14.95
59988,14.87
59989,14.7
59990,12.08
59991,18.93
59992,13.29
59993,10.45
59994,15.96
59995,10.46
59996,10.41
59997,14.58
59998,14.29
59999,15.57
60000,15.49
60001,13.89
60002,13.76
60003,13.75
60004,12.64
60005,14.01
60006,16.11
60007,5.3
60008,15.03
60009,9.9
60010,14.14
60011,11.29
60012,15.21
60013,13.71
60014,8.62
60015,15.05
60016,11.23
60017,9.98
60018,15.55
60019,14.72
60020,13.95
60021,13.38
60022,16.74
60023,16.11
60024,13.27
60025,13.06
60026,19.41
60027,15.67
60028,15.3
60029,13.74
60030,10.31
60031,12.74
60032,11.34
60033,14.87
60034,15.13
60035,19.37
60036,5.3
60037,16.23
60038,11.01
60039,10.2
60040,12.67
60041,15.62
60042,10.93
60043,5.3
60044,14.8
60045,15.35
60046,11.19
60047,13.21
60048,13.87
60049,14.18
60050,13.63
60051,15.22
60052,15.06
60053,9.74
60054,12.56
60055,16.53
60056,12.01
60057,14.53
60058,10.27
60059,9.5
60060,9.22
60061,14.78
60062,14.15
60063,14.54
60064,14.72
60065,10.6
60066,16.84
60067,16.69
60068,10.4
60069,13.81
60070,12.19
60071,12.63
60072,13.95
60073,12.64
60074,5.3
60075,14.65
60076,9.43
60077,8.77
60078,14.3
60079,13.69
60080,14.13
60081,17.53
60082,14.74
60083,12.2
60084,15.62
60085,9.53
60086,11.94
60087,11.73
60088,14.3
60089,14.52
60090,14.45
60091,12.0
60092,14.05
60093,12.34
60094,9.49
60095,14.1
60096,13.46
60097,14.17
60098,13.54
60099,16.37
60100,12.93
60101,14.06
60102,15.35
60103,13.48
60104,10.05
60105,13.39
60106,13.49
60107,14.77
60108,13.72
60109,12.66
60110,9.63
60111,8.7
60112,13.5
60113,13.82
60114,13.26
60115,15.28
60116,10.06
60117,13.82
60118,9.4
60119,11.04
60120,13.24
60121,12.6
60122,14.33
60123,15.65
60124,13.82
60125,12.78
60126,9.73
60127,14.13
60128,14.5
60129,8.3
60130,11.69
60131,9.18
60132,14.03
60133,10.12
60134,14.16
60135,14.22
60136,14.78
60137,10.3
60138,8.71
60139,13.65
60140,15.63
60141,11.66
60142,17.95
60143,9.35
60144,15.52
60145,12.48
60146,13.09
60147,13.22
60148,10.01
60149,9.29
60150,15.25
60151,14.24
60152,16.28
60153,12.12
60154,14.64
60155,14.5
60156,10.51
60157,13.57
60158,13.54
60159,14.36
60160,13.59
60161,11.59
60162,13.85
60163,13.83
60164,13.53
60165,14.14
60166,13.8
60167,13.99
60168,13.84
60169,17.37
60170,14.23
60171,12.28
60172,13.87
60173,9.83
60174,11.86
60175,15.54
60176,14.48
60177,11.35
60178,14.85
60179,15.69
60180,14.84
60181,13.6
60182,15.51
60183,12.31
60184,9.65
60185,13.4
60186,13.59
60187,13.88
60188,14.16
60189,14.69
60190,11.12
60191,8.94
60192,14.1
60193,9.81
60194,14.67
60195,10.71
60196,9.94
60197,14.16
60198,13.65
60199,5.3
60200,10.0
60201,13.98
60202,14.24
60203,14.37
60204,13.96
60205,17.09
60206,14.28
60207,14.65
60208,14.06
60209,15.51
60210,15.04
60211,13.86
60212,13.32
60213,13.94
60214,14.7
60215,17.16
60216,15.94
60217,11.81
60218,10.92
60219,13.92
60220,16.28
60221,13.32
60222,14.37
60223,15.12
60224,9.08
60225,13.7
60226,13.52
60227,12.88
60228,14.29
60229,13.5
60230,14.18
60231,13.58
60232,14.01
60233,14.58
60234,14.21
60235,9.66
60236,11.41
60237,14.99
60238,10.95
60239,12.92
60240,8.48
60241,15.25
60242,14.09
60243,13.9
60244,14.32
60245,10.32
60246,16.05
60247,11.86
60248,13.81
60249,11.45
60250,5.3
60251,15.94
60252,15.12
60253,14.94
60254,13.75
60255,14.27
60256,13.73
60257,13.76
60258,16.16
60259,5.3
60260,5.3
60261,16.05
60262,13.37
60263,13.49
60264,14.59
60265,9.51
60266,10.07
60267,15.89
60268,9.26
60269,11.41
60270,13.52
60271,12.35
60272,13.04
60273,17.27
60274,5.3
60275,11.98
60276,13.83
60277,12.93
60278,17.32
60279,13.79
60280,15.72
60281,13.78
60282,13.6
60283,13.34
60284,15.23
60285,9.53
60286,12.07
60287,14.23
60288,10.66
60289,10.57
60290,13.77
60291,9.11
60292,14.29
60293,17.48
60294,10.54
60295,14.53
60296,14.18
60297,13.98
60298,13.42
60299,10.72
60300,11.27
60301,5.3
60302,10.41
60303,15.12
60304,9.38
60305,8.79
60306,14.03
60307,5.3
60308,14.34
60309,11.67
60310,15.27
60311,10.22
60312,10.32
60313,14.12
60314,11.64
60315,15.05
60316,11.11
60317,14.61
60318,13.21
60319,15.37
60320,15.08
60321,5.3
60322,10.04
60323,13.68
60324,9.48
60325,13.32
60326,15.58
60327,15.87
60328,13.88
60329,9.42
60330,13.5
60331,13.12
60332,10.35
60333,14.3
60334,12.83
60335,12.4
60336,14.18
60337,13.6
60338,13.45
60339,17.26
60340,9.95
60341,12.16
60342,8.98
60343,8.55
60344,13.91
60345,8.36
60346,15.89
60347,14.04
60348,12.04
60349,13.13
60350,15.61
60351,11.66
60352,14.88
60353,13.9
60354,16.56
60355,11.11
60356,13.8
60357,15.97
60358,13.71
60359,14.0
60360,16.4
60361,5.3
60362,13.93
60363,9.74
60364,16.08
60365,13.05
60366,13.0
60367,12.3
60368,13.44
60369,14.52
60370,9.65
60371,13.39
60372,13.37
60373,11.96
60374,16.07
60375,14.2
60376,13.01
60377,12.36
60378,13.12
60379,5.3
60380,5.3
60381,14.26
60382,10.29
60383,13.66
60384,12.22
60385,12.92
60386,10.51
60387,10.55
60388,14.79
60389,13.47
60390,17.85
60391,12.04
60392,15.14
60393,12.83
60394,10.99
60395,14.15
60396,16.28
60397,11.32
60398,14.02
60399,9.73
60400,12.57
60401,13.15
60402,13.43
60403,5.3
60404,9.35
60405,13.23
60406,10.51
60407,14.35
60408,13.91
60409,10.53
60410,12.54
60411,8.38
60412,18.12
60413,11.96
60414,10.42
60415,12.18
60416,14.81
60417,9.42
60418,12.39
60419,8.75
60420,12.3
60421,13.47
60422,9.22
60423,14.05
60424,12.28
60425,15.3
60426,5.3
60427,13.97
60428,9.4
60429,13.3
60430,13.39
60431,13.88
60432,9.37
60433,14.2
60434,12.47
60435,17.61
60436,15.61
60437,19.96
60438,16.39
60439,11.79
60440,14.57
60441,13.03
60442,12.84
60443,12.49
60444,13.09
60445,9.39
60446,16.16
60447,13.35
60448,16.18
60449,13.44
60450,9.17
60451,14.92
60452,13.48
60453,5.3
60454,13.31
60455,9.63
60456,14.06
60457,17.18
60458,18.76
60459,14.79
60460,12.07
60461,13.7
60462,18.33
60463,11.12
60464,14.34
60465,16.35
60466,9.75
60467,13.23
60468,13.93
60469,14.42
60470,16.76
60471,13.49
60472,16.51
60473,13.64
60474,13.71
60475,13.35
60476,9.43
60477,14.21
60478,15.75
60479,12.71
60480,16.43
60481,10.08
60482,10.09
60483,5.3
60484,12.26
60485,13.76
60486,13.99
60487,8.89
60488,14.64
60489,11.8
60490,14.65
60491,13.92
60492,15.47
60493,13.82
60494,12.64
60495,13.33
60496,14.08
60497,14.43
60498,13.09
60499,9.31
60500,13.97
60501,14.27
60502,9.78
60503,15.85
60504,15.91
60505,13.0
60506,13.98
60507,13.55
60508,14.93
60509,15.36
60510,14.16
60511,14.68
60512,13.8
60513,11.95
60514,13.67
60515,9.95
60516,13.23
60517,16.92
60518,9.45
60519,16.51
60520,16.41
60521,12.57
60522,13.79
60523,13.31
60524,14.22
60525,12.95
60526,12.92
60527,12.5
60528,12.38
60529,15.82
60530,14.03
60531,9.53
60532,9.17
60533,16.02
60534,13.57
60535,8.88
60536,14.07
60537,13.06
60538,12.94
60539,11.11
60540,13.94
60541,11.03
60542,16.65
60543,18.73
60544,15.72
60545,13.13
60546,15.82
60547,13.26
60548,13.19
60549,7.65
60550,8.8
60551,14.1
60552,13.51
60553,10.42
60554,14.26
60555,14.74
60556,14.66
60557,13.81
60558,13.91
60559,13.96
60560,14.35
60561,9.42
60562,13.8
60563,13.05
60564,11.82
60565,13.85
60566,13.63
60567,14.45
60568,11.0
60569,13.48
60570,15.86
60571,11.55
60572,9.27
60573,9.94
60574,15.09
60575,14.81
60576,16.28
60577,15.64
60578,15.9
60579,15.32
60580,9.48
60581,13.74
60582,13.1
60583,14.3
60584,15.08
60585,17.98
60586,8.95
60587,8.6
60588,9.59
60589,9.2
60590,9.12
60591,14.12
60592,14.19
60593,9.04
60594,15.26
60595,12.34
60596,15.61
60597,7.75
60598,14.69
60599,11.6
60600,13.85
60601,12.23
60602,13.07
60603,14.03
60604,12.34
60605,14.61
60606,13.77
60607,13.55
60608,16.98
60609,5.3
60610,13.8
60611,15.49
60612,12.14
60613,14.63
60614,13.82
60615,16.32
60616,15.14
60617,12.05
60618,12.44
60619,14.37
60620,12.51
60621,13.78
60622,13.12
60623,14.15
60624,5.3
60625,11.34
60626,15.07
60627,12.37
60628,12.23
60629,17.18
60630,14.72
60631,14.34
60632,13.63
60633,13.78
60634,14.82
60635,16.03
60636,9.48
60637,8.46
60638,14.05
60639,9.47
60640,14.81
60641,14.68
60642,14.5
60643,13.51
60644,13.2
60645,14.14
60646,15.11
60647,15.44
60648,5.3
60649,14.0
60650,18.35
60651,14.88
60652,10.9
60653,11.05
60654,13.94
60655,12.52
60656,13.92
60657,15.28
60658,14.1
60659,14.51
60660,13.5
60661,9.57
60662,13.96
60663,10.51
60664,13.04
60665,13.97
60666,9.56
60667,8.76
60668,14.22
60669,12.85
60670,14.55
60671,18.56
60672,11.54
60673,14.99
60674,13.98
60675,12.89
60676,8.56
60677,13.78
60678,14.93
60679,14.3
60680,15.18
60681,14.62
60682,13.58
60683,14.05
60684,13.99
60685,13.46
60686,14.81
60687,9.52
60688,12.4
60689,12.11
60690,5.3
60691,12.15
60692,13.91
60693,12.55
60694,8.49
60695,14.59
60696,11.8
60697,14.33
60698,10.33
60699,9.79
60700,16.19
60701,14.7
60702,11.33
60703,10.62
60704,14.92
60705,17.98
60706,10.83
60707,12.02
60708,9.05
60709,13.22
60710,11.21
60711,9.6
60712,10.11
60713,13.11
60714,10.63
60715,15.1
60716,11.37
60717,14.58
60718,13.99
60719,10.71
60720,12.11
60721,12.77
60722,15.6
60723,9.72
60724,11.66
60725,12.34
60726,5.3
60727,14.87
60728,16.24
60729,12.32
60730,14.51
60731,12.41
60732,15.01
60733,17.24
60734,14.9
60735,13.98
60736,8.98
60737,10.04
60738,8.3
60739,12.19
60740,15.92
60741,14.64
60742,10.61
60743,13.6
60744,14.45
60745,13.96
60746,9.35
60747,11.9
60748,11.32
60749,15.5
60750,13.55
60751,11.25
60752,5.3
60753,8.5
60754,14.92
60755,14.97
60756,14.72
60757,10.98
60758,13.01
60759,11.97
60760,13.86
60761,9.56
60762,15.41
60763,5.3
60764,11.74
60765,12.94
60766,9.96
60767,9.54
60768,7.97
60769,12.41
60770,15.58
60771,13.79
60772,12.05
60773,11.08
60774,14.26
60775,16.87
60776,13.79
60777,12.64
60778,14.89
60779,14.11
60780,5.3
60781,13.34
60782,13.83
60783,13.11
60784,15.41
60785,11.21
60786,13.64
60787,12.09
60788,14.22
60789,11.59
60790,10.53
60791,14.63
60792,15.65
60793,16.39
60794,13.04
60795,10.8
60796,13.86
60797,15.71
60798,14.94
60799,11.43
60800,14.96
60801,13.86
60802,13.86
60803,13.98
60804,13.6
60805,9.92
60806,9.33
60807,13.96
60808,9.84
60809,13.28
60810,11.71
60811,14.08
60812,14.19
60813,14.61
60814,9.0
60815,13.75
60816,9.58
60817,13.42
60818,9.22
60819,14.21
60820,13.13
60821,14.1
60822,14.09
60823,14.7
60824,13.69
60825,13.59
60826,13.5
60827,8.64
60828,13.37
60829,12.81
60830,14.58
60831,9.32
60832,14.01
60833,13.99
60834,13.39
60835,15.26
60836,8.91
60837,12.2
60838,15.36
60839,8.34
60840,14.98
60841,13.72
60842,11.07
60843,16.16
60844,5.3
60845,15.02
60846,17.32
60847,14.13
60848,11.48
60849,10.95
60850,14.81
60851,19.83
60852,16.11
60853,13.15
60854,16.54
60855,14.37
60856,9.28
60857,11.98
60858,13.77
60859,9.77
60860,13.9
60861,14.3
60862,13.75
60863,13.84
60864,15.69
60865,14.33
60866,14.0
60867,10.74
60868,15.29
60869,13.41
60870,13.24
60871,9.41
60872,10.84
60873,14.65
60874,14.52
60875,9.76
60876,11.58
60877,13.89
60878,9.55
60879,9.4
60880,9.59
60881,9.05
60882,12.55
60883,14.65
60884,14.91
60885,15.92
60886,16.27
60887,13.93
60888,13.34
60889,14.22
60890,16.33
60891,11.3
60892,14.75
60893,10.2
60894,14.51
60895,5.3
60896,17.13
60897,13.32
60898,16.03
60899,11.09
60900,10.6
60901,15.14
60902,13.78
60903,15.2
60904,11.46
60905,16.95
60906,13.41
60907,13.38
60908,14.04
60909,12.22
60910,17.2
60911,8.55
60912,12.74
60913,12.66
60914,14.27
60915,10.43
60916,14.27
60917,10.55
60918,14.44
60919,13.95
60920,16.67
60921,14.14
60922,13.98
60923,9.6
60924,12.13
60925,10.67
60926,11.92
60927,15.38
60928,14.33
60929,12.28
60930,12.25
60931,13.54
60932,12.77
60933,8.77
60934,13.51
60935,13.3
60936,12.98
60937,5.3
60938,13.12
60939,13.69
60940,16.96
60941,13.88
60942,12.47
60943,16.6
60944,14.49
60945,12.08
60946,14.23
60947,14.03
60948,13.1
60949,14.14
60950,13.02
60951,14.85
60952,10.14
60953,14.99
60954,14.07
60955,15.18
60956,12.59
60957,14.22
60958,6.41
60959,14.11
60960,17.02
60961,10.03
60962,9.51
60963,9.15
60964,13.79
60965,12.29
60966,13.65
60967,9.43
60968,11.84
60969,12.87
60970,12.03
60971,10.79
60972,14.03
60973,14.03
60974,10.49
60975,13.7
60976,9.63
60977,11.08
60978,11.14
60979,13.92
60980,5.3
60981,13.85
60982,8.38
60983,15.3
60984,17.15
60985,13.04
60986,12.94
60987,14.05
60988,13.91
60989,14.71
60990,9.56
60991,15.05
60992,14.27
60993,16.1
60994,14.03
60995,9.27
60996,14.4
60997,14.05
60998,9.72
60999,12.75
61000,15.69
61001,14.31
61002,9.75
61003,9.76
61004,13.22
61005,16.0
61006,13.48
61007,15.25
61008,12.58
61009,9.38
61010,13.07
61011,15.59
61012,15.39
61013,8.59
61014,13.66
61015,15.66
61016,14.17
61017,15.71
61018,17.47
61019,13.11
61020,12.26
61021,14.14
61022,14.2
61023,13.52
61024,13.07
61025,15.35
61026,12.82
61027,15.35
61028,11.19
61029,10.02
61030,13.42
61031,13.51
61032,8.5
61033,13.97
61034,14.65
61035,13.59
61036,12.6
61037,13.17
61038,12.6
61039,13.73
61040,12.53
61041,13.15
61042,16.04
61043,12.98
61044,13.96
61045,15.16
61046,13.85
61047,14.1
61048,8.72
61049,14.24
61050,6.88
61051,14.09
61052,12.39
61053,13.33
61054,13.92
61055,5.3
61056,14.03
61057,5.3
61058,13.35
61059,10.8
61060,17.59
61061,11.0
61062,9.18
61063,17.34
61064,12.69
61065,13.68
61066,12.75
61067,13.55
61068,10.06
61069,15.6
61070,13.97
61071,13.08
61072,14.28
61073,13.98
61074,11.9
61075,14.15
61076,13.8
61077,13.85
61078,13.59
61079,15.58
61080,14.13
61081,14.53
61082,15.93
61083,14.74
61084,12.77
61085,16.35
61086,14.39
61087,15.42
61088,12.18
61089,13.97
61090,9.09
61091,15.35
61092,13.85
61093,10.05
61094,11.4
61095,13.44
61096,12.98
61097,15.31
61098,10.07
61099,11.63
61100,13.39
61101,12.05
61102,15.87
61103,11.45
61104,12.56
61105,9.45
61106,14.6
61107,14.26
61108,12.44
61109,8.91
61110,8.3
61111,18.4
61112,13.93
61113,16.25
61114,15.07
61115,13.14
61116,9.45
61117,13.59
61118,14.55
61119,13.42
61120,17.41
61121,11.46
61122,9.77
61123,12.34
61124,12.41
61125,15.93
61126,8.86
61127,13.43
61128,10.95
61129,13.52
61130,14.62
61131,14.1
61132,14.22
61133,12.88
61134,11.91
61135,11.04
61136,13.71
61137,14.27
61138,14.9
61139,14.27
61140,14.04
61141,14.78
61142,13.91
61143,14.16
61144,13.38
61145,13.31
61146,10.83
61147,15.06
61148,5.3
61149,13.84
61150,13.61
61151,9.97
61152,14.18
61153,13.41
61154,9.94
61155,16.27
61156,10.15
61157,14.0
61158,13.67
61159,15.2
61160,9.87
61161,13.21
61162,19.21
61163,19.24
61164,12.51
61165,14.59
61166,9.14
61167,12.26
61168,10.14
61169,12.26
61170,13.89
61171,9.34
61172,12.04
61173,12.93
61174,14.51
61175,14.98
61176,14.18
61177,12.81
61178,11.57
61179,9.48
61180,12.01
61181,17.72
61182,11.05
61183,14.75
61184,15.9
61185,9.98
61186,18.17
61187,16.35
61188,14.57
61189,12.54
61190,14.13
61191,12.64
61192,10.88
61193,9.22
61194,9.45
61195,15.91
61196,15.8
61197,13.95
61198,11.86
61199,16.19
61200,10.44
61201,13.61
61202,15.17
61203,14.55
61204,9.48
61205,16.13
61206,13.59
61207,12.25
61208,16.62
61209,12.08
61210,14.23
61211,14.43
61212,15.32
61213,13.7
61214,15.01
61215,12.83
61216,14.92
61217,13.6
61218,14.11
61219,5.3
61220,10.32
61221,10.25
61222,14.84
61223,9.03
61224,10.83
61225,12.1
61226,9.94
61227,14.71
61228,14.76
61229,13.58
61230,9.92
61231,9.33
61232,9.12
61233,14.07
61234,14.74
61235,13.76
61236,14.98
61237,14.18
61238,8.5
61239,16.23
61240,10.86
61241,11.48
61242,14.29
61243,13.92
61244,13.31
61245,16.01
61246,8.38
61247,10.4
61248,13.75
61249,14.28
61250,9.66
61251,9.83
61252,14.37
61253,10.08
61254,8.94
61255,14.01
61256,12.68
61257,13.89
61258,10.34
61259,11.86
61260,9.77
61261,13.93
61262,13.79
61263,5.3
61264,13.78
61265,13.75
61266,14.38
61267,15.88
61268,14.57
61269,15.87
61270,15.52
61271,13.96
61272,15.76
61273,10.87
61274,14.24
61275,15.93
61276,10.72
61277,11.41
61278,13.95
61279,14.85
61280,15.28
61281,9.5
61282,11.16
61283,14.32
61284,14.56
61285,13.5
61286,17.7
61287,13.81
61288,15.13
61289,14.09
61290,8.8
61291,13.8
61292,14.6
61293,17.79
61294,14.25
61295,14.63
61296,14.76
61297,14.43
61298,14.13
61299,10.46
61300,12.6
61301,11.01
61302,12.16
61303,13.84
61304,5.3
61305,13.4
61306,13.43
61307,14.11
61308,14.62
61309,14.9
61310,13.96
61311,12.61
61312,12.14
61313,13.87
61314,13.78
61315,15.22
61316,11.83
61317,14.2
61318,15.3
61319,5.3
61320,9.55
61321,8.82
61322,13.07
61323,11.1
61324,10.43
61325,8.74
61326,12.85
61327,14.44
61328,9.3
61329,11.95
61330,15.26
61331,15.1
61332,18.23
61333,14.2
61334,12.25
61335,11.0
61336,15.38
61337,13.72
61338,14.9
61339,14.17
61340,13.73
61341,8.81
61342,15.51
61343,9.33
61344,13.88
61345,13.79
61346,9.49
61347,11.66
61348,12.06
61349,13.95
61350,8.36
61351,15.79
61352,12.25
61353,17.92
61354,13.08
61355,13.83
61356,13.89
61357,14.72
61358,11.31
61359,12.58
61360,14.49
61361,14.06
61362,13.05
61363,11.21
61364,5.3
61365,13.87
61366,11.41
61367,13.1
61368,10.25
61369,13.84
61370,17.19
61371,13.03
61372,13.37
61373,14.85
61374,12.83
61375,14.75
61376,14.29
61377,14.06
61378,13.83
61379,10.9
61380,10.05
61381,10.91
61382,15.24
61383,13.94
61384,9.3
61385,16.63
61386,14.48
61387,14.07
61388,13.92
61389,14.08
61390,8.2
61391,11.93
61392,18.06
61393,10.68
61394,5.3
61395,16.79
61396,13.62
61397,5.3
61398,10.05
61399,8.83
61400,13.6
61401,14.4
61402,12.14
61403,13.55
61404,13.79
61405,14.17
61406,14.79
61407,16.3
61408,18.28
61409,13.05
61410,8.28
61411,14.6
61412,5.3
61413,18.08
61414,10.57
61415,14.16
61416,14.2
61417,16.37
61418,13.92
61419,12.88
61420,18.23
61421,13.81
61422,16.07
61423,10.16
61424,14.36
61425,13.74
61426,8.69
61427,13.57
61428,10.84
61429,14.57
61430,16.6
61431,14.11
61432,14.11
61433,14.08
61434,14.47
61435,14.56
61436,12.76
61437,9.03
61438,12.52
61439,14.28
61440,14.77
61441,10.88
61442,8.76
61443,15.34
61444,13.94
61445,14.96
61446,13.87
61447,15.19
61448,12.76
61449,14.61
61450,13.86
61451,13.17
61452,17.2
61453,14.32
61454,9.89
61455,9.17
61456,14.95
61457,14.07
61458,14.07
61459,15.63
61460,13.91
61461,13.97
61462,13.6
61463,14.51
61464,14.0
61465,12.54
61466,10.1
61467,17.19
61468,14.97
61469,13.28
61470,14.17
61471,14.09
61472,12.01
61473,14.24
61474,5.3
61475,14.25
61476,16.23
61477,10.11
61478,9.72
61479,14.21
61480,8.72
61481,13.72
61482,16.61
61483,13.97
61484,14.2
61485,17.75
61486,10.7
61487,8.86
61488,13.93
61489,15.36
61490,16.05
61491,13.16
61492,15.9
61493,18.39
61494,10.3
61495,16.72
61496,15.15
61497,9.6
61498,14.29
61499,14.76
61500,10.97
61501,14.02
61502,12.69
61503,12.17
61504,14.83
61505,11.62
61506,14.64
61507,13.09
61508,13.13
61509,13.78
61510,15.19
61511,13.82
61512,8.64
61513,12.02
61514,13.7
61515,15.17
61516,11.96
61517,13.96
61518,15.48
61519,12.78
61520,8.74
61521,9.61
61522,14.63
61523,10.52
61524,10.88
61525,14.34
61526,9.64
61527,18.13
61528,5.3
61529,13.74
61530,12.77
61531,14.86
61532,13.31
61533,14.6
61534,14.45
61535,9.85
61536,5.3
61537,14.55
61538,15.17
61539,15.46
61540,11.57
61541,13.91
61542,13.73
61543,14.2
61544,12.43
61545,11.15
61546,11.49
61547,13.17
61548,9.16
61549,15.52
61550,13.77
61551,15.65
61552,14.05
61553,9.17
61554,13.99
61555,8.9
61556,13.35
61557,13.93
61558,15.89
61559,13.57
61560,16.31
61561,13.97
61562,15.71
61563,15.63
61564,10.92
61565,15.39
61566,12.56
61567,16.57
61568,13.68
61569,16.64
61570,12.02
61571,9.12
61572,15.69
61573,15.03
61574,16.1
61575,9.5
61576,15.97
61577,11.28
61578,15.64
61579,13.31
61580,12.33
61581,11.9
61582,14.59
61583,12.43
61584,11.02
61585,14.47
61586,13.81
61587,15.28
61588,14.13
61589,8.95
61590,14.82
61591,11.31
61592,9.66
61593,14.39
61594,14.91
61595,14.39
61596,13.82
61597,13.71
61598,13.26
61599,14.25
61600,13.57
61601,16.19
61602,5.3
61603,10.95
61604,9.59
61605,13.35
61606,14.08
61607,13.33
61608,12.15
61609,14.08
61610,18.48
61611,12.74
61612,10.74
61613,16.01
61614,11.91
61615,8.4
61616,14.83
61617,13.14
61618,12.71
61619,12.58
61620,9.45
61621,17.99
61622,12.93
61623,13.1
61624,9.82
61625,13.8
61626,17.56
61627,11.54
61628,9.46
61629,5.3
61630,15.0
61631,14.16
61632,14.89
61633,14.16
61634,14.26
61635,10.92
61636,14.82
61637,13.32
61638,12.15
61639,15.34
61640,13.36
61641,9.19
61642,12.66
61643,9.84
61644,13.73
61645,12.88
61646,12.39
61647,15.34
61648,13.39
61649,10.86
61650,13.53
61651,8.6
61652,10.52
61653,13.85
61654,13.48
61655,13.27
61656,14.79
61657,9.89
61658,5.3
61659,13.66
61660,10.85
61661,15.12
61662,12.62
61663,12.85
61664,17.78
61665,5.3
61666,12.93
61667,9.57
61668,14.6
61669,13.81
61670,14.43
61671,13.24
61672,12.67
61673,12.95
61674,9.73
61675,12.15
61676,11.41
61677,9.19
61678,13.32
61679,15.84
61680,15.49
61681,10.74
61682,15.73
61683,14.81
61684,10.3
61685,11.33
61686,12.43
61687,15.67
61688,12.16
61689,5.3
61690,9.99
61691,12.68
61692,13.52
61693,15.1
61694,11.9
61695,11.4
61696,16.32
61697,12.88
61698,8.89
61699,11.08
61700,12.59
61701,14.96
61702,14.12
61703,9.6
61704,15.3
61705,14.9
61706,11.02
61707,13.5
61708,16.24
61709,13.75
61710,13.76
61711,11.8
61712,11.11
61713,15.42
61714,13.28
61715,13.89
61716,10.57
61717,12.76
61718,15.09
61719,11.58
61720,11.87
61721,14.9
61722,17.26
61723,16.32
61724,18.46
61725,10.63
61726,13.92
61727,15.97
61728,8.41
61729,13.27
61730,9.53
61731,14.57
61732,9.84
61733,8.84
61734,9.36
61735,14.85
61736,18.95
61737,12.59
61738,13.21
61739,15.23
61740,14.14
61741,11.89
61742,16.12
61743,13.53
61744,14.11
61745,8.87
61746,12.1
61747,8.96
61748,13.67
61749,13.77
61750,16.29
61751,12.44
61752,9.53
61753,13.89
61754,14.05
61755,15.11
61756,9.84
61757,13.99
61758,12.44
61759,15.59
61760,14.1
61761,13.97
61762,14.37
61763,14.27
61764,15.23
61765,9.49
61766,14.19
61767,15.29
61768,14.77
61769,12.09
61770,12.35
61771,13.52
61772,16.25
61773,13.89
61774,5.3
61775,13.42
61776,14.47
61777,13.86
61778,14.84
61779,14.5
61780,13.82
61781,15.49
61782,13.76
61783,13.62
61784,12.89
61785,13.43
61786,15.92
61787,14.67
61788,13.98
61789,11.95
61790,14.95
61791,18.01
61792,14.31
61793,13.15
61794,12.21
61795,12.37
61796,13.73
61797,12.16
61798,13.69
61799,12.08
61800,13.38
61801,13.99
61802,13.81
61803,13.97
61804,14.55
61805,5.3
61806,9.59
61807,9.07
61808,9.44
61809,12.87
61810,15.62
61811,11.17
61812,10.12
61813,13.49
61814,14.6
61815,10.91
61816,12.31
61817,18.88
61818,16.11
61819,12.74
61820,13.72
61821,14.3
61822,12.44
61823,13.55
61824,15.71
61825,13.86
61826,14.19
61827,13.41
61828,10.18
61829,11.73
61830,12.19
61831,14.46
61832,15.62
61833,16.86
61834,12.39
61835,12.53
61836,14.02
61837,14.74
61838,13.76
61839,15.19
61840,15.05
61841,13.8
61842,12.06
61843,11.78
61844,10.69
61845,12.7
61846,9.39
61847,12.92
61848,9.18
61849,15.11
61850,15.01
61851,15.32
61852,16.24
61853,8.82
61854,9.55
61855,14.69
61856,13.08
61857,9.56
61858,11.03
61859,13.01
61860,9.61
61861,14.04
61862,16.01
61863,17.17
61864,13.06
61865,14.51
61866,13.63
61867,13.95
61868,14.04
61869,14.12
61870,12.19
61871,12.48
61872,12.19
61873,16.52
61874,13.09
61875,14.75
61876,10.9
61877,13.24
61878,14.28
61879,13.26
61880,18.78
61881,13.7
61882,13.73
61883,14.08
61884,9.39
61885,12.89
61886,10.41
61887,19.23
61888,13.72
61889,12.18
61890,13.83
61891,14.2
61892,14.08
61893,17.3
61894,13.91
61895,13.38
61896,14.42
61897,13.52
61898,14.88
61899,8.88
61900,9.25
61901,15.72
61902,8.96
61903,17.37
61904,12.22
61905,13.34
61906,9.11
61907,14.37
61908,10.95
61909,15.59
61910,15.57
61911,8.59
61912,11.27
61913,10.05
61914,13.89
61915,13.92
61916,13.31
61917,13.25
61918,10.29
61919,12.81
61920,16.89
61921,11.93
61922,15.09
61923,13.45
61924,14.39
61925,13.76
61926,13.88
61927,15.26
61928,12.31
61929,14.11
61930,15.04
61931,11.57
61932,12.47
61933,9.58
61934,12.99
61935,11.05
61936,9.49
61937,10.99
61938,12.16
61939,13.14
61940,13.58
61941,7.17
61942,15.94
61943,13.2
61944,13.92
61945,15.66
61946,13.65
61947,11.81
61948,14.09
61949,15.68
61950,14.13
61951,11.34
61952,11.04
61953,15.33
61954,13.51
61955,16.23
61956,13.56
61957,15.91
61958,11.86
61959,15.99
61960,17.47
61961,18.57
61962,16.24
61963,12.24
61964,14.8
61965,11.02
61966,13.35
61967,8.46
61968,8.48
61969,13.64
61970,14.87
61971,13.74
61972,13.58
61973,8.46
61974,16.49
61975,13.41
61976,10.75
61977,12.38
61978,10.61
61979,15.03
61980,14.62
61981,15.83
61982,14.75
61983,14.67
61984,16.83
61985,16.92
61986,14.79
61987,9.96
61988,9.48
61989,13.85
61990,10.25
61991,14.42
61992,12.8
61993,5.3
61994,8.54
61995,13.13
61996,20.28
61997,13.51
61998,12.5
61999,13.48
62000,15.1
62001,8.66
62002,10.2
62003,14.44
62004,13.55
62005,8.58
62006,14.98
62007,14.67
62008,12.2
62009,16.25
62010,14.28
62011,8.96
62012,13.35
62013,16.08
62014,12.81
62015,13.55
62016,14.19
62017,12.53
62018,13.91
62019,11.98
62020,14.72
62021,10.59
62022,14.56
62023,9.89
62024,10.86
62025,8.87
62026,13.53
62027,14.37
62028,14.16
62029,14.07
62030,17.87
62031,12.51
62032,12.77
62033,13.7
62034,12.17
62035,13.71
62036,16.09
62037,15.12
62038,13.95
62039,9.25
62040,11.41
62041,13.48
62042,10.24
62043,15.38
62044,13.52
62045,14.95
62046,13.56
62047,11.66
62048,12.07
62049,14.56
62050,12.83
62051,14.49
62052,16.23
62053,13.83
62054,14.17
62055,13.46
62056,10.62
62057,14.69
62058,14.91
62059,17.53
62060,13.12
62061,9.51
62062,13.68
62063,10.71
62064,14.95
62065,11.83
62066,9.53
62067,15.03
62068,11.94
62069,14.62
62070,14.06
62071,12.4
62072,14.52
62073,5.3
62074,16.32
62075,9.55
62076,13.57
62077,13.83
62078,15.71
62079,10.09
62080,12.15
62081,12.34
62082,13.53
62083,13.95
62084,15.68
62085,5.3
62086,13.86
62087,17.5
62088,8.7
62089,13.98
62090,13.49
62091,11.05
62092,13.66
62093,9.44
62094,10.18
62095,13.67
62096,14.64
62097,12.18
62098,8.39
62099,13.77
62100,14.19
62101,14.53
62102,5.3
62103,11.4
62104,10.04
62105,13.09
62106,8.83
62107,14.34
62108,5.3
62109,15.37
62110,12.58
62111,14.91
62112,14.16
62113,17.7
62114,9.06
62115,9.6
62116,13.79
62117,5.3
62118,10.04
62119,11.79
62120,14.36
62121,12.56
62122,13.26
62123,12.77
62124,12.23
62125,13.77
62126,10.32
62127,13.87
62128,14.58
62129,14.91
62130,16.83
62131,14.01
62132,14.03
62133,13.11
62134,14.1
62135,12.87
62136,14.12
62137,13.14
62138,14.3
62139,9.45
62140,11.77
62141,13.61
62142,13.82
62143,14.07
62144,14.75
62145,15.54
62146,14.59
62147,14.92
62148,13.84
62149,14.57
62150,5.3
62151,13.63
62152,18.89
62153,14.08
62154,14.08
62155,13.21
62156,13.6
62157,14.97
62158,15.34
62159,14.66
62160,9.95
62161,12.82
62162,13.78
62163,14.2
62164,14.46
62165,14.2
62166,13.8
62167,11.41
62168,14.24
62169,13.54
62170,11.54
62171,14.31
62172,13.31
62173,13.36
62174,14.11
62175,17.04
62176,5.3
62177,13.3
62178,9.02
62179,16.33
62180,13.73
62181,9.65
62182,14.1
62183,14.28
62184,12.31
62185,15.2
62186,13.63
62187,11.46
62188,19.1
62189,15.11
62190,13.6
62191,15.71
62192,12.21
62193,17.7
62194,15.69
62195,14.8
62196,13.95
62197,5.3
62198,13.19
62199,13.78
62200,14.75
62201,14.14
62202,14.46
62203,15.03
62204,12.87
62205,12.62
62206,14.41
62207,13.39
62208,15.86
62209,15.07
62210,5.3
62211,5.3
62212,9.01
62213,15.27
62214,8.05
62215,18.25
62216,14.05
62217,17.66
62218,14.19
62219,17.18
62220,9.35
62221,16.07
62222,14.48
62223,13.93
62224,5.3
62225,10.98
62226,14.12
62227,11.51
62228,13.63
62229,14.6
62230,13.88
62231,10.6
62232,13.85
62233,14.09
62234,14.32
62235,13.37
62236,14.95
62237,11.6
62238,14.03
62239,14.04
62240,15.48
62241,9.28
62242,15.24
62243,15.31
62244,16.55
62245,11.63
62246,14.22
62247,14.25
62248,11.39
62249,11.28
62250,11.09
62251,14.32
62252,5.3
62253,14.02
62254,13.85
62255,14.13
62256,13.48
62257,17.64
62258,13.64
62259,14.28
62260,14.55
62261,14.31
62262,14.39
62263,11.37
62264,15.12
62265,14.61
62266,14.52
62267,14.85
62268,15.1
62269,16.22
62270,12.71
62271,13.87
62272,10.34
62273,13.24
62274,8.82
62275,14.46
62276,15.54
62277,13.12
62278,16.29
62279,10.48
62280,9.73
62281,14.35
62282,14.37
62283,9.59
62284,13.0
62285,13.88
62286,15.26
62287,9.24
62288,17.78
62289,9.96
62290,12.44
62291,14.01
62292,14.74
62293,13.73
62294,16.11
62295,14.56
62296,13.85
62297,16.52
62298,9.87
62299,13.88
62300,14.55
62301,15.12
62302,14.1
62303,17.09
62304,11.91
62305,13.86
62306,14.08
62307,16.21
62308,9.54
62309,13.72
62310,15.66
62311,13.13
62312,14.9
62313,13.82
62314,14.05
62315,12.53
62316,9.88
62317,15.32
62318,13.84
62319,13.71
62320,12.92
62321,15.32
62322,10.91
62323,12.26
62324,14.41
62325,9.72
62326,12.64
62327,14.22
62328,12.4
62329,14.3
62330,11.62
62331,9.73
62332,11.05
62333,14.6
62334,14.55
62335,9.64
62336,14.12
62337,13.16
62338,10.64
62339,14.04
62340,13.77
62341,13.44
62342,17.51
62343,14.24
62344,10.75
62345,13.39
62346,14.4
62347,10.52
62348,15.24
62349,14.75
62350,13.68
62351,12.79
62352,5.3
62353,15.6
62354,12.16
62355,14.86
62356,13.5
62357,17.3
62358,18.07
62359,10.56
62360,10.19
62361,17.12
62362,13.75
62363,8.79
62364,8.87
62365,14.12
62366,10.46
62367,16.56
62368,15.28
62369,12.35
62370,13.27
62371,13.66
62372,13.87
62373,8.2
62374,13.32
62375,15.53
62376,14.94
62377,8.82
62378,14.11
62379,14.49
62380,14.46
62381,12.52
62382,14.03
62383,14.34
62384,14.08
62385,14.7
62386,13.4
62387,13.64
62388,17.89
62389,16.51
62390,13.82
62391,9.73
62392,13.46
62393,9.95
62394,14.6
62395,14.0
62396,9.59
62397,9.36
62398,15.17
62399,15.43
62400,11.82
62401,15.43
62402,15.95
62403,9.53
62404,9.87
62405,14.45
62406,13.88
62407,13.63
62408,10.29
62409,12.0
62410,13.71
62411,10.99
62412,16.46
62413,17.04
62414,8.75
62415,11.88
62416,12.33
62417,15.62
62418,9.33
62419,9.49
62420,13.73
62421,14.03
62422,9.43
62423,11.76
62424,16.29
62425,11.23
62426,13.33
62427,14.18
62428,9.24
62429,11.25
62430,12.61
62431,14.7
62432,10.93
62433,13.96
62434,13.86
62435,13.3
62436,9.6
62437,10.03
62438,12.64
62439,9.37
62440,10.37
62441,13.11
62442,16.02
62443,5.3
62444,15.47
62445,9.98
62446,14.32
62447,13.52
62448,14.48
62449,13.08
62450,18.03
62451,9.04
62452,13.74
62453,14.69
62454,15.68
62455,12.85
62456,13.67
62457,5.3
62458,11.45
62459,11.5
62460,12.83
62461,14.16
62462,8.75
62463,14.98
62464,13.33
62465,13.86
62466,9.48
62467,13.38
62468,14.14
62469,14.03
62470,8.94
62471,14.74
62472,16.26
62473,13.5
62474,14.94
62475,14.94
62476,17.99
62477,13.43
62478,15.44
62479,12.91
62480,14.83
62481,15.07
62482,17.32
62483,10.24
62484,11.83
62485,11.52
62486,13.95
62487,9.38
62488,13.83
62489,10.13
62490,12.57
62491,14.94
62492,9.12
62493,9.5
62494,14.36
62495,10.63
62496,14.13
62497,15.97
62498,14.85
62499,13.26
62500,13.91
62501,11.48
62502,14.39
62503,8.8
62504,14.51
62505,12.02
62506,15.44
62507,15.21
62508,8.99
62509,10.21
62510,5.3
62511,9.34
62512,14.23
62513,14.18
62514,13.93
62515,13.81
62516,5.3
62517,17.04
62518,14.33
62519,14.13
62520,11.66
62521,11.76
62522,15.26
62523,14.1
62524,14.55
62525,14.14
62526,13.5
62527,15.35
62528,13.96
62529,13.33
62530,13.09
62531,13.79
62532,11.38
62533,12.87
62534,11.68
62535,13.51
62536,13.93
62537,13.74
62538,15.89
62539,16.27
62540,13.48
62541,15.58
62542,13.22
62543,13.43
62544,13.96
62545,15.73
62546,13.63
62547,14.28
62548,12.06
62549,14.75
62550,14.54
62551,8.95
62552,14.17
62553,10.54
62554,14.29
62555,13.48
62556,8.88
62557,9.7
62558,9.27
62559,13.4
62560,13.54
62561,10.02
62562,14.36
62563,14.04
62564,8.56
62565,14.56
62566,11.69
62567,9.72
62568,14.51
62569,13.74
62570,12.27
62571,13.48
62572,13.6
62573,9.61
62574,14.02
62575,14.31
62576,14.29
62577,14.4
62578,13.95
62579,13.53
62580,16.34
62581,9.62
62582,11.4
62583,14.62
62584,11.96
62585,13.87
62586,15.07
62587,9.08
62588,14.0
62589,16.12
62590,13.63
62591,12.22
62592,14.17
62593,11.13
62594,11.12
62595,13.47
62596,16.71
62597,12.39
62598,13.02
62599,5.3
62600,13.76
62601,13.56
62602,15.34
62603,13.46
62604,9.96
62605,13.64
62606,5.3
62607,14.63
62608,13.46
62609,14.2
62610,14.14
62611,13.91
62612,14.33
62613,13.59
62614,13.81
62615,14.15
62616,13.68
62617,12.76
62618,13.95
62619,13.58
62620,13.93
62621,14.01
62622,15.02
62623,9.81
62624,14.21
62625,11.62
62626,14.07
62627,13.89
62628,16.38
62629,13.57
62630,15.87
62631,5.14
62632,16.85
62633,16.64
62634,13.64
62635,12.46
62636,14.49
62637,11.63
62638,12.13
62639,14.81
62640,11.38
62641,13.48
62642,8.61
62643,12.47
62644,11.53
62645,13.6
62646,13.91
62647,12.77
62648,14.11
62649,14.16
62650,13.41
62651,14.9
62652,8.66
62653,13.34
62654,5.3
62655,15.46
62656,9.93
62657,14.02
62658,14.25
62659,14.8
62660,10.11
62661,13.15
62662,11.76
62663,14.44
62664,14.96
62665,14.21
62666,12.4
62667,14.97
62668,13.0
62669,11.09
62670,14.62
62671,16.0
62672,13.41
62673,14.98
62674,9.18
62675,16.25
62676,14.95
62677,8.68
62678,8.54
62679,14.76
62680,14.96
62681,13.82
62682,14.23
62683,15.42
62684,17.09
62685,14.7
62686,15.45
62687,14.15
62688,13.33
62689,14.1
62690,13.65
62691,10.06
62692,11.63
62693,13.77
62694,14.95
62695,13.26
62696,14.75
62697,14.83
62698,13.84
62699,13.74
62700,12.13
62701,12.29
62702,12.66
62703,7.85
62704,11.61
62705,12.31
62706,14.13
62707,14.27
62708,13.91
62709,13.51
62710,14.71
62711,14.03
62712,11.79
62713,13.02
62714,13.94
62715,14.98
62716,11.98
62717,11.27
62718,14.03
62719,11.62
62720,12.4
62721,13.83
62722,13.83
62723,12.78
62724,14.29
62725,14.64
62726,18.77
62727,13.44
62728,12.98
62729,13.74
62730,14.7
62731,14.13
62732,13.4
62733,9.83
62734,14.99
62735,17.23
62736,15.25
62737,17.02
62738,11.4
62739,14.19
62740,14.08
62741,8.65
62742,13.71
62743,11.17
62744,9.87
62745,15.02
62746,9.66
62747,16.3
62748,15.03
62749,13.91
62750,13.94
62751,14.3
62752,13.71
62753,8.79
62754,14.47
62755,9.97
62756,15.3
62757,13.52
62758,12.37
62759,13.76
62760,11.45
62761,14.86
62762,12.92
62763,14.86
62764,15.22
62765,9.56
62766,16.18
62767,12.93
62768,13.04
62769,9.49
62770,13.33
62771,13.17
62772,13.26
62773,16.86
62774,13.14
62775,14.53
62776,12.36
62777,13.25
62778,11.51
62779,8.81
62780,16.8
62781,13.96
62782,10.32
62783,13.96
62784,12.62
62785,13.29
62786,13.7
62787,12.25
62788,9.5
62789,5.3
62790,10.13
62791,15.91
62792,13.86
62793,8.51
62794,14.92
62795,8.26
62796,13.95
62797,14.56
62798,12.87
62799,13.45
62800,16.54
62801,14.65
62802,11.56
62803,12.07
62804,16.31
62805,14.85
62806,14.4
62807,17.79
62808,10.08
62809,14.54
62810,11.49
62811,14.56
62812,10.32
62813,15.02
62814,13.17
62815,8.7
62816,9.76
62817,12.84
62818,12.75
62819,9.06
62820,9.94
62821,11.99
62822,13.59
62823,11.11
62824,13.82
62825,14.17
62826,16.15
62827,5.3
62828,18.64
62829,13.94
62830,14.47
62831,9.3
62832,11.65
62833,12.02
62834,9.87
62835,14.52
62836,13.14
62837,17.75
62838,14.19
62839,11.86
62840,14.15
62841,13.32
62842,14.1
62843,14.11
62844,13.1
62845,13.75
62846,13.93
62847,13.89
62848,14.06
62849,14.37
62850,8.85
62851,13.61
62852,14.5
62853,13.13
62854,8.13
62855,14.42
62856,12.19
62857,13.42
62858,13.83
62859,18.97
62860,12.04
62861,13.78
62862,15.46
62863,10.25
62864,11.85
62865,14.35
62866,15.56
62867,13.49
62868,11.62
62869,15.24
62870,14.27
62871,14.5
62872,12.75
62873,12.33
62874,13.59
62875,12.67
62876,15.09
62877,13.99
62878,12.68
62879,14.16
62880,11.53
62881,16.55
62882,15.52
62883,15.0
62884,13.53
62885,16.07
62886,10.92
62887,11.51
62888,11.49
62889,5.3
62890,13.29
62891,14.49
62892,11.21
62893,15.53
62894,9.28
62895,18.12
62896,11.57
62897,14.42
62898,13.97
62899,14.53
62900,14.93
62901,12.2
62902,11.21
62903,11.13
62904,15.33
62905,13.21
62906,15.01
62907,12.28
62908,14.54
62909,13.11
62910,14.37
62911,12.31
62912,12.65
62913,14.85
62914,16.6
62915,14.51
62916,13.66
62917,12.16
62918,14.24
62919,13.74
62920,19.59
62921,16.89
62922,12.94
62923,15.45
62924,18.05
62925,13.37
62926,15.72
62927,13.88
62928,14.62
62929,14.51
62930,15.51
62931,13.6
62932,13.05
62933,13.84
62934,17.46
62935,17.4
62936,14.36
62937,16.18
62938,5.3
62939,11.69
62940,14.84
62941,14.26
62942,13.38
62943,13.75
62944,5.3
62945,14.22
62946,12.95
62947,14.25
62948,10.71
62949,9.66
62950,12.47
62951,11.66
62952,13.53
62953,13.49
62954,9.3
62955,14.47
62956,14.54
62957,16.08
62958,5.3
62959,15.95
62960,14.64
62961,14.28
62962,14.31
62963,15.44
62964,14.17
62965,14.37
62966,13.85
62967,13.14
62968,10.3
62969,13.92
62970,16.4
62971,14.25
62972,12.52
62973,9.27
62974,6.16
62975,14.12
62976,13.92
62977,11.56
62978,13.25
62979,13.43
62980,12.21
62981,14.3
62982,13.77
62983,15.91
62984,10.23
62985,15.05
62986,11.23
62987,13.11
62988,13.41
62989,13.68
62990,10.5
62991,18.3
62992,13.28
62993,11.04
62994,11.31
62995,12.36
62996,13.65
62997,9.01
62998,9.06
62999,13.24
63000,13.07
63001,15.72
63002,13.96
63003,9.0
63004,11.07
63005,13.64
63006,9.33
63007,15.18
63008,12.59
63009,9.96
63010,14.69
63011,13.6
63012,14.18
63013,13.52
63014,12.37
63015,13.86
63016,14.3
63017,11.87
63018,10.12
63019,16.2
63020,8.81
63021,10.11
63022,13.99
63023,15.11
63024,16.7
63025,12.18
63026,12.35
63027,13.73
63028,10.01
63029,5.3
63030,13.12
63031,11.39
63032,13.08
63033,13.98
63034,12.39
63035,12.2
63036,13.05
63037,8.23
63038,14.01
63039,14.23
63040,17.89
63041,15.95
63042,13.51
63043,10.11
63044,13.93
63045,14.0
63046,13.94
63047,12.73
63048,5.3
63049,15.82
63050,14.59
63051,12.67
63052,14.59
63053,12.22
63054,16.22
63055,11.16
63056,13.3
63057,14.96
63058,13.42
63059,15.29
63060,12.9
63061,13.45
63062,14.83
63063,12.88
63064,12.82
63065,8.69
63066,12.82
63067,9.51
63068,8.95
63069,13.9
63070,9.81
63071,13.36
63072,12.3
63073,14.03
63074,15.26
63075,13.8
63076,9.22
63077,14.15
63078,12.1
63079,16.01
63080,14.33
63081,14.06
63082,16.55
63083,14.18
63084,9.07
63085,12.95
63086,9.72
63087,14.43
63088,12.48
63089,8.39
63090,15.45
63091,12.53
63092,8.5
63093,11.18
63094,5.3
63095,9.47
63096,13.87
63097,14.37
63098,14.28
63099,13.22
63100,13.07
63101,13.93
63102,14.18
63103,13.69
63104,8.24
63105,15.74
63106,14.41
63107,13.93
63108,12.44
63109,14.22
63110,13.64
63111,16.31
63112,14.15
63113,11.26
63114,10.42
63115,13.43
63116,14.82
63117,10.36
63118,15.29
63119,12.41
63120,13.74
63121,14.97
63122,13.1
63123,17.34
63124,14.47
63125,14.95
63126,14.51
63127,14.14
63128,14.0
63129,13.92
63130,15.23
63131,9.44
63132,13.27
63133,16.11
63134,10.82
63135,14.66
63136,14.49
63137,10.14
63138,14.97
63139,10.78
63140,16.42
63141,10.14
63142,12.14
63143,16.83
63144,9.71
63145,14.05
63146,13.6
63147,16.55
63148,13.69
63149,15.76
63150,14.21
63151,14.24
63152,13.88
63153,13.95
63154,8.69
63155,15.62
63156,12.63
63157,19.54
63158,15.56
63159,5.3
63160,14.07
63161,12.95
63162,9.61
63163,15.5
63164,15.97
63165,13.57
63166,14.99
63167,9.66
63168,9.95
63169,18.69
63170,12.77
63171,13.85
63172,5.3
63173,13.79
63174,12.57
63175,9.43
63176,13.49
63177,8.93
63178,13.89
63179,15.18
63180,10.51
63181,13.17
63182,14.3
63183,16.7
63184,20.03
63185,16.85
63186,9.08
63187,16.93
63188,18.05
63189,12.22
63190,11.93
63191,13.34
63192,10.02
63193,12.12
63194,11.25
63195,11.29
63196,9.37
63197,14.54
63198,13.97
63199,11.12
63200,13.57
63201,14.54
63202,14.23
63203,13.89
63204,14.63
63205,9.37
63206,9.49
63207,12.43
63208,13.61
63209,15.14
63210,13.9
63211,14.64
63212,13.5
63213,14.53
63214,17.46
63215,14.43
63216,11.79
63217,14.28
63218,15.71
63219,13.11
63220,15.31
63221,14.16
63222,13.79
63223,16.2
63224,13.8
63225,15.79
63226,14.39
63227,14.83
63228,13.62
63229,11.54
63230,12.25
63231,13.36
63232,15.35
63233,18.44
63234,9.38
63235,15.56
63236,13.93
63237,14.93
63238,9.52
63239,14.85
63240,5.3
63241,13.38
63242,11.84
63243,14.21
63244,12.48
63245,12.22
63246,12.39
63247,13.49
63248,13.86
63249,14.46
63250,8.92
63251,16.02
63252,13.42
63253,15.7
63254,15.33
63255,14.31
63256,13.29
63257,14.54
63258,15.25
63259,10.63
63260,16.05
63261,14.12
63262,12.36
63263,14.33
63264,13.54
63265,13.27
63266,16.06
63267,15.6
63268,13.86
63269,12.43
63270,8.49
63271,13.64
63272,13.83
63273,14.09
63274,8.38
63275,14.23
63276,15.11
63277,13.98
63278,13.84
63279,12.28
63280,15.05
63281,14.0
63282,16.21
63283,12.98
63284,12.96
63285,14.01
63286,13.72
63287,12.15
63288,11.36
63289,10.16
63290,14.48
63291,15.13
63292,10.12
63293,9.78
63294,11.45
63295,13.45
63296,13.86
63297,15.18
63298,14.32
63299,14.17
63300,14.88
63301,12.11
63302,13.41
63303,14.25
63304,14.34
63305,12.67
63306,12.18
63307,15.61
63308,12.02
63309,15.57
63310,8.64
63311,11.61
63312,9.89
63313,13.15
63314,12.14
63315,10.15
63316,14.87
63317,12.68
63318,13.71
63319,10.09
63320,14.85
63321,13.06
63322,15.63
63323,13.88
63324,9.39
63325,14.5
63326,12.65
63327,16.01
63328,11.41
63329,11.17
63330,14.63
63331,9.25
63332,8.41
63333,13.98
63334,14.68
63335,11.32
63336,16.78
63337,13.26
63338,12.96
63339,9.7
63340,12.96
63341,12.98
63342,14.59
63343,12.09
63344,13.91
63345,14.91
63346,11.48
63347,15.51
63348,15.61
63349,13.34
63350,8.85
63351,14.11
63352,13.52
63353,11.7
63354,9.48
63355,16.35
63356,12.91
63357,13.5
63358,14.77
63359,8.56
63360,16.65
63361,14.31
63362,14.35
63363,13.95
63364,14.16
63365,13.98
63366,14.42
63367,15.43
63368,14.66
63369,10.94
63370,14.57
63371,18.56
63372,13.94
63373,14.46
63374,15.06
63375,12.6
63376,9.21
63377,14.41
63378,13.7
63379,10.19
63380,12.16
63381,13.31
63382,14.44
63383,10.58
63384,12.12
63385,13.96
63386,13.43
63387,17.97
63388,12.35
63389,9.51
63390,16.96
63391,12.29
63392,8.89
63393,13.13
63394,13.18
63395,11.94
63396,14.17
63397,12.09
63398,15.15
63399,13.54
63400,13.5
63401,13.87
63402,19.35
63403,8.83
63404,14.41
63405,5.3
63406,15.17
63407,16.67
63408,16.79
63409,16.7
63410,5.3
63411,15.22
63412,15.22
63413,14.23
63414,16.71
63415,11.56
63416,13.51
63417,12.26
63418,13.85
63419,14.32
63420,15.39
63421,14.23
63422,9.08
63423,14.33
63424,10.84
63425,14.92
63426,16.69
63427,12.0
63428,14.67
63429,13.59
63430,10.6
63431,13.61
63432,13.83
63433,14.06
63434,13.48
63435,12.67
63436,17.21
63437,14.3
63438,11.81
63439,10.0
63440,11.14
63441,14.86
63442,14.17
63443,13.82
63444,15.48
63445,13.76
63446,11.68
63447,10.74
63448,13.43
63449,14.65
63450,13.28
63451,16.28
63452,5.3
63453,12.31
63454,9.39
63455,13.7
63456,13.25
63457,14.3
63458,13.84
63459,12.94
63460,13.81
63461,17.23
63462,16.36
63463,16.37
63464,14.63
63465,14.98
63466,13.45
63467,15.44
63468,16.1
63469,14.39
63470,14.55
63471,14.2
63472,14.71
63473,10.76
63474,16.23
63475,14.0
63476,14.6
63477,14.76
63478,11.69
63479,11.4
63480,8.82
63481,14.08
63482,13.79
63483,13.78
63484,15.79
63485,11.87
63486,14.87
63487,10.13
63488,13.96
63489,13.74
63490,13.7
63491,13.1
63492,9.25
63493,9.53
63494,9.19
63495,10.18
63496,13.57
63497,13.95
63498,14.53
63499,12.57
63500,13.59
63501,14.01
63502,10.65
63503,15.89
63504,15.12
63505,14.96
63506,9.85
63507,17.7
63508,5.3
63509,16.87
63510,14.27
63511,12.49
63512,16.31
63513,14.96
63514,8.34
63515,17.19
63516,11.98
63517,11.25
63518,14.05
63519,13.77
63520,9.53
63521,13.66
63522,14.86
63523,13.61
63524,9.62
63525,14.35
63526,14.4
63527,12.85
63528,14.3
63529,9.87
63530,15.4
63531,14.29
63532,12.61
63533,15.34
63534,14.65
63535,13.86
63536,9.68
63537,13.51
63538,9.33
63539,13.06
63540,16.21
63541,14.53
63542,10.87
63543,8.8
63544,16.54
63545,13.9
63546,16.89
63547,14.78
63548,9.59
63549,12.41
63550,14.86
63551,12.25
63552,14.43
63553,14.58
63554,16.25
63555,14.2
63556,9.47
63557,9.42
63558,14.51
63559,13.82
63560,16.39
63561,11.43
63562,13.95
63563,14.31
63564,10.84
63565,11.89
63566,10.5
63567,15.21
63568,5.3
63569,8.77
63570,14.92
63571,15.12
63572,13.91
63573,14.05
63574,10.95
63575,13.49
63576,12.83
63577,11.32
63578,10.97
63579,14.25
63580,17.0
63581,15.45
63582,9.47
63583,13.85
63584,14.49
63585,11.21
63586,9.41
63587,14.25
63588,14.61
63589,14.19
63590,9.55
63591,9.9
63592,9.71
63593,12.29
63594,9.37
63595,14.69
63596,16.13
63597,13.2
63598,11.53
63599,8.55
63600,15.68
63601,14.62
63602,14.81
63603,12.12
63604,9.07
63605,13.61
63606,12.65
63607,14.13
63608,12.73
63609,14.05
63610,14.26
63611,12.36
63612,13.75
63613,14.79
63614,14.12
63615,14.58
63616,12.41
63617,13.9
63618,12.5
63619,13.84
63620,13.99
63621,8.55
63622,14.33
63623,12.24
63624,14.04
63625,10.76
63626,13.99
63627,12.9
63628,15.5
63629,16.7
63630,14.94
63631,14.08
63632,13.83
63633,13.74
63634,10.81
63635,13.86
63636,14.98
63637,12.25
63638,10.94
63639,12.99
63640,14.25
63641,14.31
63642,14.21
63643,14.53
63644,15.3
63645,13.05
63646,14.22
63647,12.25
63648,14.95
63649,11.48
63650,14.33
63651,13.0
63652,15.22
63653,9.91
63654,14.79
63655,16.62
63656,15.3
63657,13.45
63658,14.27
63659,12.0
63660,14.96
63661,11.61
63662,13.88
63663,9.04
63664,17.79
63665,8.96
63666,14.39
63667,13.72
63668,11.37
63669,8.04
63670,11.46
63671,13.08
63672,10.07
63673,14.9
63674,17.54
63675,11.24
63676,9.46
63677,13.66
63678,10.31
63679,13.33
63680,14.72
63681,9.26
63682,14.1
63683,8.86
63684,16.41
63685,14.95
63686,12.99
63687,9.98
63688,13.45
63689,14.6
63690,14.03
63691,12.8
63692,15.29
63693,11.34
63694,12.76
63695,13.95
63696,14.85
63697,11.22
63698,17.24
63699,12.87
63700,14.75
63701,13.36
63702,16.77
63703,15.36
63704,14.33
63705,10.46
63706,11.95
63707,11.29
63708,10.21
63709,14.45
63710,9.56
63711,13.96
63712,15.08
63713,9.82
63714,12.21
63715,11.77
63716,14.06
63717,10.48
63718,10.26
63719,16.19
63720,13.27
63721,15.66
63722,9.51
63723,14.29
63724,17.97
63725,12.26
63726,12.36
63727,10.31
63728,14.57
63729,14.09
63730,14.39
63731,13.89
63732,14.65
63733,14.34
63734,17.09
63735,12.43
63736,14.4
63737,13.63
63738,15.16
63739,14.26
63740,13.23
63741,14.49
63742,13.26
63743,14.56
63744,15.32
63745,10.56
63746,5.3
63747,9.23
63748,13.99
63749,14.53
63750,8.82
63751,13.53
63752,14.86
63753,12.2
63754,13.45
63755,8.84
63756,18.44
63757,13.67
63758,14.77
63759,13.85
63760,13.77
63761,9.87
63762,14.39
63763,12.23
63764,14.14
63765,13.16
63766,9.58
63767,11.22
63768,17.02
63769,10.85
63770,14.89
63771,14.14
63772,15.73
63773,13.96
63774,13.08
63775,15.69
63776,5.3
63777,13.94
63778,13.78
63779,15.78
63780,15.82
63781,14.65
63782,14.48
63783,11.9
63784,15.04
63785,13.9
63786,11.87
63787,14.29
63788,9.27
63789,11.62
63790,12.92
63791,10.05
63792,12.85
63793,13.71
63794,11.09
63795,17.51
63796,14.12
63797,16.0
63798,10.04
63799,14.14
63800,10.98
63801,15.87
63802,13.31
63803,13.65
63804,13.98
63805,12.43
63806,12.16
63807,8.5
63808,15.76
63809,14.08
63810,15.93
63811,16.26
63812,13.8
63813,8.95
63814,13.17
63815,13.78
63816,9.33
63817,12.31
63818,13.7
63819,14.24
63820,14.21
63821,16.12
63822,16.05
63823,13.25
63824,16.14
63825,16.03
63826,13.83
63827,13.68
63828,12.29
63829,15.2
63830,10.43
63831,9.02
63832,13.79
63833,16.61
63834,12.93
63835,9.24
63836,11.51
63837,15.08
63838,13.63
63839,13.88
63840,9.93
63841,11.28
63842,13.75
63843,13.87
63844,13.86
63845,14.64
63846,10.23
63847,5.3
63848,13.47
63849,13.97
63850,13.06
63851,13.65
63852,14.68
63853,14.84
63854,10.13
63855,15.36
63856,8.82
63857,14.06
63858,13.03
63859,14.26
63860,13.65
63861,5.3
63862,5.3
63863,14.58
63864,9.75
63865,15.24
63866,15.23
63867,11.46
63868,13.71
63869,14.29
63870,9.16
63871,15.09
63872,14.05
63873,15.44
63874,13.04
63875,13.89
63876,13.21
63877,14.38
63878,12.5
63879,17.13
63880,8.98
63881,9.87
63882,12.37
63883,14.47
63884,14.05
63885,16.84
63886,14.64
63887,11.87
63888,16.1
63889,12.91
63890,13.9
63891,15.5
63892,10.13
63893,5.3
63894,18.19
63895,14.11
63896,13.53
63897,18.54
63898,12.7
63899,14.8
63900,12.62
63901,13.88
63902,12.39
63903,9.33
63904,9.96
63905,20.21
63906,10.69
63907,15.83
63908,9.56
63909,14.5
63910,10.41
63911,14.0
63912,13.87
63913,11.37
63914,5.3
63915,13.84
63916,14.65
63917,16.96
63918,11.42
63919,16.1
63920,14.55
63921,9.27
63922,14.25
63923,12.82
63924,12.8
63925,12.86
63926,11.07
63927,14.93
63928,15.4
63929,14.23
63930,14.86
63931,14.42
63932,13.9
63933,15.68
63934,13.94
63935,12.19
63936,12.25
63937,14.86
63938,15.61
63939,14.12
63940,13.96
63941,14.7
63942,17.12
63943,12.52
63944,13.09
63945,13.94
63946,13.89
63947,15.15
63948,13.82
63949,8.56
63950,10.36
63951,10.87
63952,16.49
63953,13.63
63954,13.56
63955,14.86
63956,12.3
63957,16.66
63958,5.3
63959,12.68
63960,12.78
63961,14.6
63962,15.15
63963,13.96
63964,13.98
63965,9.06
63966,9.14
63967,13.07
63968,13.71
63969,13.15
63970,10.74
63971,14.43
63972,11.91
63973,12.68
63974,13.92
63975,12.25
63976,16.68
63977,10.85
63978,14.94
63979,14.23
63980,12.29
63981,13.28
63982,14.09
63983,16.73
63984,9.65
63985,13.95
63986,14.27
63987,13.45
63988,13.02
63989,14.88
63990,16.27
63991,9.44
63992,12.55
63993,14.22
63994,12.17
63995,12.74
63996,5.3
63997,5.3
63998,15.06
63999,16.68
64000,13.07
64001,9.51
64002,13.92
64003,13.72
64004,15.22
64005,14.03
64006,16.64
64007,9.75
64008,13.82
64009,14.26
64010,14.22
64011,13.12
64012,11.39
64013,15.25
64014,5.3
64015,13.62
64016,13.05
64017,13.07
64018,14.02
64019,12.29
64020,14.02
64021,13.36
64022,12.27
64023,14.16
64024,17.09
64025,14.2
64026,13.85
64027,10.2
64028,12.29
64029,12.31
64030,19.49
64031,14.23
64032,12.56
64033,14.37
64034,14.33
64035,8.58
64036,13.08
64037,9.82
64038,13.64
64039,12.14
64040,14.68
64041,13.93
64042,14.05
64043,10.54
64044,13.91
64045,11.52
64046,5.3
64047,13.45
64048,11.06
64049,17.29
64050,13.27
64051,13.39
64052,13.85
64053,13.44
64054,13.13
64055,9.09
64056,13.2
64057,10.68
64058,13.69
64059,11.31
64060,12.08
64061,13.68
64062,8.8
64063,9.81
64064,9.43
64065,15.1
64066,14.16
64067,13.59
64068,14.58
64069,14.11
64070,15.17
64071,13.83
64072,13.64
64073,14.17
64074,15.41
64075,15.03
64076,11.34
64077,14.03
64078,13.35
64079,16.59
64080,14.23
64081,14.47
64082,9.2
64083,15.64
64084,12.68
64085,12.97
64086,8.6
64087,13.53
64088,12.28
64089,8.81
64090,9.44
64091,13.83
64092,10.4
64093,11.69
64094,9.53
64095,13.06
64096,8.54
64097,12.35
64098,14.18
64099,14.49
64100,14.33
64101,14.41
64102,14.0
64103,11.33
64104,12.94
64105,15.91
64106,13.18
64107,14.9
64108,12.88
64109,13.67
64110,11.56
64111,6.7
64112,14.26
64113,17.48
64114,14.43
64115,14.56
64116,10.18
64117,13.69
64118,10.11
64119,13.15
64120,9.82
64121,16.07
64122,9.79
64123,15.38
64124,9.84
64125,13.59
64126,11.04
64127,9.54
64128,10.16
64129,14.04
64130,14.29
64131,10.25
64132,13.8
64133,12.21
64134,13.15
64135,11.56
64136,14.56
64137,14.32
64138,9.38
64139,15.93
64140,14.3
64141,14.15
64142,12.81
64143,5.3
64144,14.15
64145,11.16
64146,14.28
64147,11.92
64148,13.65
64149,12.26
64150,13.87
64151,17.86
64152,10.92
64153,15.46
64154,18.32
64155,14.31
64156,10.04
64157,14.55
64158,9.03
64159,13.98
64160,13.61
64161,11.93
64162,13.2
64163,14.16
64164,13.79
64165,13.76
64166,15.73
64167,12.34
64168,12.61
64169,8.6
64170,14.25
64171,14.81
64172,10.64
64173,8.97
64174,10.93
64175,13.34
64176,16.24
64177,13.37
64178,18.29
64179,14.66
64180,13.4
64181,12.06
64182,14.52
64183,14.49
64184,14.37
64185,9.97
64186,12.93
64187,9.96
64188,5.3
64189,15.37
64190,5.3
64191,9.29
64192,15.36
64193,13.91
64194,16.83
64195,8.49
64196,13.59
64197,16.73
64198,13.59
64199,14.7
64200,13.29
64201,12.96
64202,14.66
64203,15.06
64204,13.55
64205,12.25
64206,13.94
64207,12.13
64208,12.73
64209,11.05
64210,11.46
64211,13.15
64212,12.63
64213,13.37
64214,14.28
64215,14.51
64216,12.69
64217,11.11
64218,11.32
64219,14.74
64220,9.16
64221,16.83
64222,14.75
64223,14.65
64224,14.56
64225,9.44
64226,14.92
64227,18.81
64228,14.85
64229,12.67
64230,14.67
64231,12.08
64232,14.37
64233,8.78
64234,12.24
64235,13.81
64236,14.72
64237,14.66
64238,12.86
64239,12.57
64240,14.06
64241,13.79
64242,14.67
64243,10.95
64244,13.81
64245,15.79
64246,18.27
64247,9.38
64248,13.86
64249,17.67
64250,10.36
64251,15.7
64252,11.37
64253,14.01
64254,5.3
64255,9.51
64256,9.89
64257,13.47
64258,12.71
64259,13.68
64260,12.12
64261,10.81
64262,13.57
64263,15.13
64264,14.82
64265,14.65
64266,15.8
64267,13.45
64268,10.75
64269,16.4
64270,9.71
64271,15.11
64272,11.15
64273,12.45
64274,9.19
64275,16.45
64276,14.98
64277,5.3
64278,13.88
64279,13.55
64280,16.45
64281,14.11
64282,12.43
64283,16.02
64284,15.71
64285,13.43
64286,12.63
64287,9.44
64288,13.74
64289,15.17
64290,15.15
64291,5.3
64292,12.16
64293,20.76
64294,14.26
64295,12.26
64296,13.89
64297,8.34
64298,13.44
64299,12.55
64300,14.93
64301,15.63
64302,12.71
64303,9.58
64304,13.79
64305,15.48
64306,18.18
64307,13.96
64308,14.63
64309,13.74
64310,18.02
64311,13.46
64312,13.49
64313,13.71
64314,8.86
64315,12.29
64316,14.27
64317,14.96
64318,14.36
64319,16.15
64320,14.33
64321,14.19
64322,11.43
64323,9.08
64324,5.3
64325,13.79
64326,14.42
64327,9.9
64328,11.3
64329,12.18
64330,14.39
64331,10.97
64332,13.18
64333,14.72
64334,16.05
64335,14.47
64336,13.23
64337,15.48
64338,9.13
64339,13.8
64340,14.23
64341,13.52
64342,13.03
64343,14.53
64344,14.89
64345,15.13
64346,13.95
64347,13.92
64348,12.73
64349,8.79
64350,13.6
64351,13.61
64352,13.92
64353,14.56
64354,13.27
64355,14.42
64356,14.05
64357,17.61
64358,14.01
64359,14.76
64360,13.26
64361,14.31
64362,13.0
64363,15.81
64364,13.94
64365,5.3
64366,12.19
64367,14.57
64368,12.82
64369,10.71
64370,11.92
64371,14.67
64372,18.15
64373,13.83
64374,13.04
64375,12.15
64376,13.88
64377,11.04
64378,13.93
64379,19.57
64380,15.66
64381,13.93
64382,13.43
64383,14.08
64384,13.77
64385,14.61
64386,14.51
64387,12.08
64388,14.63
64389,13.92
64390,14.81
64391,9.67
64392,8.94
64393,9.81
64394,9.01
64395,9.31
64396,9.53
64397,14.83
64398,15.55
64399,13.03
64400,9.46
64401,13.86
64402,12.4
64403,9.38
64404,13.55
64405,13.34
64406,13.32
64407,14.57
64408,10.58
64409,13.92
64410,15.13
64411,11.89
64412,12.55
64413,14.64
64414,16.15
64415,10.13
64416,12.5
64417,15.16
64418,15.68
64419,14.36
64420,12.45
64421,15.1
64422,15.04
64423,9.19
64424,14.25
64425,10.53
64426,14.62
64427,12.34
64428,15.57
64429,15.01
64430,14.16
64431,13.47
64432,15.91
64433,5.3
64434,13.61
64435,13.37
64436,10.11
64437,13.89
64438,9.56
64439,8.9
64440,13.65
64441,14.21
64442,11.34
64443,8.65
64444,19.12
64445,14.45
64446,15.12
64447,10.82
64448,15.32
64449,8.94
64450,14.94
64451,18.84
64452,19.95
64453,14.68
64454,15.41
64455,15.25
64456,5.3
64457,14.36
64458,11.05
64459,15.01
64460,13.6
64461,9.54
64462,14.46
64463,14.71
64464,13.77
64465,13.68
64466,9.85
64467,13.78
64468,13.93
64469,15.16
64470,14.03
64471,13.54
64472,15.87
64473,13.96
64474,15.55
64475,13.5
64476,19.04
64477,9.25
64478,13.34
64479,13.72
64480,13.91
64481,11.27
64482,13.74
64483,13.29
64484,12.91
64485,13.93
64486,10.44
64487,14.98
64488,16.97
64489,15.18
64490,9.9
64491,15.42
64492,15.57
64493,9.88
64494,15.14
64495,12.81
64496,14.8
64497,11.29
64498,14.17
64499,12.51
64500,14.88
64501,10.78
64502,14.36
64503,14.79
64504,16.43
64505,15.65
64506,12.7
64507,14.04
64508,9.26
64509,5.3
64510,11.56
64511,17.87
64512,17.14
64513,12.37
64514,15.97
64515,18.1
64516,13.84
64517,16.06
64518,12.03
64519,13.79
64520,12.67
64521,10.41
64522,13.95
64523,15.97
64524,9.33
64525,12.74
64526,13.69
64527,11.95
64528,13.41
64529,16.61
64530,14.06
64531,8.54
64532,14.47
64533,14.07
64534,12.04
64535,14.39
64536,12.3
64537,13.62
64538,14.58
64539,16.75
64540,5.3
64541,11.27
64542,12.73
64543,14.28
64544,13.43
64545,9.13
64546,11.26
64547,10.31
64548,10.34
64549,14.51
64550,16.75
64551,9.94
64552,9.52
64553,17.43
64554,9.6
64555,15.19
64556,10.84
64557,17.36
64558,11.49
64559,14.5
64560,14.46
64561,15.09
64562,14.32
64563,15.53
64564,8.64
64565,14.3
64566,10.77
64567,14.74
64568,14.41
64569,14.2
64570,13.58
64571,11.57
64572,14.94
64573,10.62
64574,14.07
64575,13.24
64576,15.61
64577,15.46
64578,14.78
64579,14.01
64580,8.82
64581,12.49
64582,15.61
64583,11.72
64584,10.26
64585,14.02
64586,13.86
64587,8.67
64588,13.58
64589,14.28
64590,14.37
64591,5.3
64592,8.94
64593,13.97
64594,8.98
64595,11.14
64596,13.87
64597,14.97
64598,14.9
64599,12.33
64600,10.98
64601,13.46
64602,16.6
64603,13.87
64604,12.19
64605,9.1
64606,12.17
64607,13.51
64608,14.38
64609,12.25
64610,9.93
64611,13.54
64612,13.19
64613,13.88
64614,14.79
64615,15.62
64616,14.37
64617,11.75
64618,19.03
64619,13.92
64620,13.34
64621,14.19
64622,18.27
64623,13.93
64624,13.48
64625,13.25
64626,14.19
64627,15.62
64628,14.11
64629,14.55
64630,13.36
64631,16.12
64632,13.84
64633,14.04
64634,14.73
64635,12.18
64636,9.68
64637,15.18
64638,9.01
64639,13.33
64640,13.95
64641,9.56
64642,9.19
64643,15.19
64644,14.0
64645,14.5
64646,13.79
64647,12.6
64648,12.5
64649,14.05
64650,13.5
64651,14.73
64652,12.94
64653,16.34
64654,10.9
64655,13.87
64656,13.54
64657,10.78
64658,15.0
64659,14.83
64660,13.46
64661,8.95
64662,12.41
64663,14.55
64664,15.48
64665,13.84
64666,15.61
64667,13.07
64668,13.13
64669,17.22
64670,14.07
64671,14.67
64672,16.46
64673,8.92
64674,12.05
64675,11.6
64676,13.94
64677,13.51
64678,8.75
64679,13.46
64680,16.79
64681,14.95
64682,12.06
64683,9.43
64684,11.4
64685,14.31
64686,13.62
64687,9.96
64688,14.31
64689,14.06
64690,9.74
64691,13.19
64692,13.35
64693,14.03
64694,13.09
64695,14.62
64696,14.53
64697,14.1
64698,14.93
64699,15.32
64700,15.73
64701,14.24
64702,9.63
64703,13.21
64704,12.19
64705,8.23
64706,9.1
64707,11.31
64708,13.8
64709,13.66
64710,13.48
64711,15.04
64712,16.14
64713,15.73
64714,14.39
64715,8.85
64716,9.25
64717,15.94
64718,12.83
64719,12.56
64720,12.68
64721,14.76
64722,14.0
64723,18.75
64724,16.41
64725,13.27
64726,13.49
64727,16.79
64728,13.86
64729,5.3
64730,14.67
64731,14.12
64732,12.48
64733,13.94
64734,15.03
64735,14.44
64736,9.27
64737,14.17
64738,13.03
64739,10.05
64740,14.31
64741,15.42
64742,13.71
64743,14.76
64744,12.51
64745,11.09
64746,11.32
64747,14.79
64748,13.66
64749,13.3
64750,9.19
64751,17.94
64752,13.11
64753,12.46
64754,13.38
64755,14.6
64756,15.18
64757,13.71
64758,13.65
64759,14.39
64760,14.46
64761,9.77
64762,11.75
64763,13.1
64764,15.59
64765,11.25
64766,9.84
64767,15.17
64768,12.4
64769,9.21
64770,13.99
64771,14.66
64772,13.94
64773,16.32
64774,8.74
64775,14.31
64776,12.64
64777,9.55
64778,15.87
64779,5.3
64780,12.53
64781,13.29
64782,8.75
64783,13.49
64784,11.02
64785,13.55
64786,10.67
64787,14.32
64788,13.19
64789,13.63
64790,13.88
64791,13.93
64792,5.3
64793,15.47
64794,14.06
64795,13.25
64796,13.19
64797,13.05
64798,8.97
64799,16.52
64800,15.6
64801,10.04
64802,12.56
64803,13.7
64804,14.61
64805,13.79
64806,9.92
64807,17.41
64808,14.03
64809,14.82
64810,14.15
64811,11.02
64812,9.16
64813,16.9
64814,12.82
64815,14.49
64816,5.3
64817,14.17
64818,13.33
64819,13.73
64820,13.24
64821,14.82
64822,13.34
64823,12.73
64824,14.43
64825,9.46
64826,13.34
64827,9.45
64828,15.73
64829,12.65
64830,14.26
64831,14.08
64832,14.02
64833,14.35
64834,14.59
64835,12.92
64836,13.91
64837,13.98
64838,11.77
64839,8.36
64840,15.8
64841,13.85
64842,16.51
64843,13.57
64844,14.27
64845,14.61
64846,10.35
64847,8.91
64848,14.65
64849,14.66
64850,9.1
64851,9.5
64852,13.15
64853,16.96
64854,14.38
64855,16.89
64856,14.69
64857,9.45
64858,16.38
64859,13.7
64860,14.15
64861,14.96
64862,13.49
64863,14.05
64864,12.2
64865,13.5
64866,14.67
64867,13.08
64868,10.64
64869,16.22
64870,10.16
64871,14.99
64872,13.28
64873,14.2
64874,17.44
64875,13.25
64876,13.79
64877,13.57
64878,14.87
64879,8.72
64880,14.15
64881,14.7
64882,13.53
64883,12.43
64884,16.19
64885,13.76
64886,13.38
64887,13.14
64888,15.37
64889,10.58
64890,11.43
64891,13.56
64892,13.01
64893,10.23
64894,12.13
64895,13.63
64896,9.35
64897,16.09
64898,14.39
64899,16.77
64900,14.22
64901,10.72
64902,15.68
64903,12.67
64904,12.42
64905,12.63
64906,10.4
64907,14.01
64908,13.39
64909,13.76
64910,14.22
64911,11.48
64912,5.3
64913,16.43
64914,14.46
64915,14.67
64916,13.19
64917,14.05
64918,13.9
64919,9.77
64920,15.55
64921,11.36
64922,14.91
64923,16.15
64924,14.46
64925,15.97
64926,13.62
64927,14.59
64928,13.36
64929,13.55
64930,13.89
64931,14.64
64932,11.5
64933,14.01
64934,12.5
64935,15.05
64936,13.72
64937,14.66
64938,9.41
64939,9.81
64940,12.26
64941,13.46
64942,13.6
64943,14.4
64944,15.22
64945,14.61
64946,13.63
64947,9.61
64948,14.19
64949,8.84
64950,16.52
64951,13.87
64952,14.0
64953,10.91
64954,13.28
64955,14.65
64956,10.37
64957,14.19
64958,14.16
64959,11.36
64960,15.71
64961,13.95
64962,14.47
64963,8.72
64964,8.77
64965,12.05
64966,16.73
64967,13.26
64968,12.31
64969,12.81
64970,13.51
64971,14.11
64972,12.29
64973,13.56
64974,15.37
64975,12.89
64976,14.78
64977,16.21
64978,12.53
64979,14.24
64980,13.36
64981,16.39
64982,13.68
64983,13.79
64984,14.19
64985,9.01
64986,13.94
64987,15.01
64988,13.78
64989,12.87
64990,15.21
64991,14.11
64992,16.15
64993,16.99
64994,13.6
64995,12.18
64996,15.47
64997,14.43
64998,13.7
64999,13.28
65000,12.08
65001,14.84
65002,13.46
65003,14.1
65004,15.0
65005,14.37
65006,13.02
65007,13.53
65008,15.64
65009,11.87
65010,13.48
65011,13.59
65012,15.08
65013,13.19
65014,14.65
65015,13.77
65016,14.99
65017,12.92
65018,13.53
65019,17.29
65020,13.69
65021,14.69
65022,15.36
65023,9.26
65024,12.79
65025,13.87
65026,14.37
65027,13.65
65028,15.71
65029,5.3
65030,13.6
65031,8.46
65032,15.84
65033,16.0
65034,13.48
65035,12.33
65036,13.31
65037,5.3
65038,9.68
65039,10.18
65040,14.05
65041,10.62
65042,12.81
65043,12.08
65044,13.97
65045,13.22
65046,14.57
65047,14.34
65048,14.14
65049,13.23
65050,14.01
65051,14.53
65052,8.56
65053,9.06
65054,13.76
65055,12.35
65056,9.25
65057,13.17
65058,10.12
65059,14.15
65060,13.91
65061,14.3
65062,11.84
65063,13.78
65064,10.74
65065,13.79
65066,9.02
65067,13.22
65068,13.57
65069,12.79
65070,14.57
65071,12.17
65072,9.18
65073,11.06
65074,13.31
65075,11.87
65076,13.32
65077,13.86
65078,18.54
65079,15.95
65080,14.62
65081,11.35
65082,9.5
65083,12.14
65084,13.62
65085,16.91
65086,14.41
65087,12.04
65088,15.37
65089,14.48
65090,8.51
65091,9.73
65092,18.37
65093,14.28
65094,12.21
65095,8.95
65096,16.86
65097,14.3
65098,9.56
65099,12.25
65100,12.54
65101,11.95
65102,16.78
65103,9.57
65104,13.53
65105,5.3
65106,12.05
65107,11.23
65108,13.6
65109,15.39
65110,9.18
65111,13.49
65112,15.71
65113,12.96
65114,14.83
65115,13.06
65116,14.05
65117,15.67
65118,12.51
65119,12.25
65120,11.46
65121,8.97
65122,13.76
65123,17.52
65124,13.84
65125,9.12
65126,9.32
65127,9.38
65128,12.24
65129,15.86
65130,14.28
65131,14.82
65132,12.54
65133,13.06
65134,13.85
65135,9.36
65136,16.51
65137,13.73
65138,5.3
65139,13.47
65140,13.09
65141,5.3
65142,9.92
65143,13.89
65144,14.71
65145,15.73
65146,13.82
65147,12.23
65148,13.71
65149,12.03
65150,9.52
65151,15.51
65152,13.46
65153,13.42
65154,15.04
65155,10.27
65156,10.95
65157,13.83
65158,9.63
65159,14.88
65160,14.74
65161,14.35
65162,14.46
65163,14.44
65164,13.31
65165,15.27
65166,11.27
65167,15.28
65168,13.59
65169,9.65
65170,12.57
65171,16.02
65172,14.13
65173,9.29
65174,9.68
65175,9.66
65176,10.16
65177,15.37
65178,10.17
65179,16.6
65180,14.9
65181,14.36
65182,15.69
65183,11.88
65184,12.2
65185,13.52
65186,13.17
65187,9.03
65188,9.75
65189,13.86
65190,13.5
65191,14.21
65192,14.48
65193,13.8
65194,15.29
65195,12.28
65196,15.44
65197,15.27
65198,12.06
65199,13.89
65200,13.84
65201,12.57
65202,9.22
65203,14.5
65204,10.17
65205,13.62
65206,13.45
65207,13.69
65208,13.92
65209,10.79
65210,10.93
65211,14.22
65212,12.88
65213,15.19
65214,14.23
65215,13.98
65216,10.76
65217,15.93
65218,14.54
65219,15.03
65220,14.04
65221,15.64
65222,14.22
65223,11.71
65224,13.57
65225,13.33
65226,13.37
65227,11.35
65228,15.76
65229,11.0
65230,11.43
65231,9.61
65232,15.11
65233,14.94
65234,13.42
65235,13.8
65236,12.08
65237,18.53
65238,12.3
65239,15.46
65240,13.95
65241,14.19
65242,15.2
65243,13.72
65244,13.59
65245,9.55
65246,14.21
65247,13.41
65248,14.77
65249,9.64
65250,13.85
65251,13.39
65252,13.65
65253,9.38
65254,13.82
65255,13.93
65256,11.13
65257,11.71
65258,14.4
65259,9.54
65260,13.99
65261,9.43
65262,16.88
65263,13.73
65264,13.94
65265,9.42
65266,14.76
65267,13.94
65268,14.82
65269,13.75
65270,13.95
65271,14.87
65272,13.59
65273,10.46
65274,10.94
65275,15.14
65276,9.46
65277,13.87
65278,9.91
65279,13.98
65280,13.96
65281,12.13
65282,9.03
65283,9.94
65284,12.91
65285,14.01
65286,13.31
65287,13.88
65288,15.08
65289,14.09
65290,14.47
65291,13.88
65292,17.97
65293,14.11
65294,15.26
65295,13.86
65296,14.23
65297,16.87
65298,14.92
65299,11.88
65300,16.6
65301,13.07
65302,12.13
65303,10.86
65304,8.73
65305,14.02
65306,15.26
65307,8.69
65308,14.2
65309,13.88
65310,13.41
65311,15.11
65312,13.69
65313,13.98
65314,13.63
65315,14.1
65316,11.49
65317,12.31
65318,14.54
65319,15.22
65320,14.38
65321,16.52
65322,13.82
65323,14.0
65324,11.02
65325,12.57
65326,13.7
65327,14.43
65328,13.89
65329,13.08
65330,8.55
65331,12.96
65332,10.35
65333,13.87
65334,11.43
65335,15.49
65336,11.54
65337,9.52
65338,14.82
65339,11.06
65340,13.77
65341,13.21
65342,15.54
65343,5.3
65344,14.83
65345,12.93
65346,10.45
65347,14.34
65348,15.19
65349,13.93
65350,9.97
65351,18.6
65352,14.15
65353,13.62
65354,14.32
65355,12.3
65356,11.76
65357,13.56
65358,9.92
65359,14.43
65360,16.92
65361,14.23
65362,9.31
65363,14.09
65364,13.94
65365,15.62
65366,14.28
65367,14.59
65368,15.62
65369,12.84
65370,9.69
65371,15.2
65372,8.14
65373,15.72
65374,12.71
65375,9.19
65376,10.06
65377,12.38
65378,14.91
65379,14.72
65380,16.14
65381,9.37
65382,17.55
65383,17.11
65384,12.14
65385,9.53
65386,12.98
65387,13.61
65388,13.2
65389,10.56
65390,17.0
65391,14.52
65392,13.09
65393,13.83
65394,15.36
65395,12.77
65396,15.99
65397,8.78
65398,14.22
65399,11.93
65400,13.83
65401,13.88
65402,8.52
65403,12.92
65404,11.81
65405,15.14
65406,12.92
65407,9.05
65408,13.55
65409,17.5
65410,5.3
65411,14.59
65412,15.86
65413,9.53
65414,14.12
65415,13.36
65416,9.02
65417,17.43
65418,14.0
65419,12.39
65420,14.62
65421,14.59
65422,12.1
65423,13.71
65424,10.61
65425,14.37
65426,17.23
65427,12.58
65428,14.12
65429,14.12
65430,8.67
65431,12.82
65432,11.16
65433,14.8
65434,14.15
65435,15.7
65436,12.16
65437,12.58
65438,11.31
65439,14.15
65440,14.43
65441,16.18
65442,12.56
65443,17.11
65444,15.03
65445,13.2
65446,11.28
65447,14.24
65448,15.0
65449,12.28
65450,16.14
65451,10.98
65452,9.36
65453,14.7
65454,14.31
65455,11.96
65456,12.87
65457,8.12
65458,13.3
65459,15.4
65460,11.14
65461,10.14
65462,18.49
65463,13.67
65464,13.01
65465,14.99
65466,15.95
65467,10.71
65468,12.09
65469,8.57
65470,13.83
65471,8.55
65472,16.05
65473,14.44
65474,13.56
65475,11.31
65476,14.66
65477,13.67
65478,13.41
65479,15.08
65480,11.59
65481,14.16
65482,11.25
65483,16.61
65484,13.53
65485,14.62
65486,13.58
65487,14.68
65488,15.12
65489,13.82
65490,15.81
65491,16.37
65492,13.55
65493,12.63
65494,13.13
65495,16.01
65496,14.07
65497,14.06
65498,13.77
65499,13.95
65500,14.56
65501,13.11
65502,9.26
65503,16.15
65504,9.26
65505,13.02
65506,12.77
65507,13.52
65508,15.71
65509,5.3
65510,9.25
65511,13.6
65512,14.07
65513,14.15
65514,14.93
65515,13.88
65516,12.36
65517,10.95
65518,13.35
65519,13.94
65520,14.05
65521,13.25
65522,12.35
65523,14.53
65524,13.88
65525,8.25
65526,15.38
65527,14.52
65528,15.57
65529,16.63
65530,9.51
65531,14.88
65532,13.53
65533,14.31
65534,14.03
65535,13.92
65536,8.92
65537,11.9
65538,14.81
65539,15.32
65540,14.19
65541,14.17
65542,14.48
65543,12.71
65544,17.27
65545,16.92
65546,16.78
65547,15.06
65548,15.31
65549,13.27
65550,15.9
65551,14.27
65552,15.64
65553,15.6
65554,5.3
65555,15.43
65556,14.13
65557,13.17
65558,17.32
65559,13.83
65560,14.49
65561,9.71
65562,14.38
65563,14.87
65564,14.12
65565,13.86
65566,14.13
65567,13.76
65568,17.23
65569,16.18
65570,14.33
65571,15.86
65572,16.22
65573,14.19
65574,14.94
65575,5.3
65576,15.15
65577,14.36
65578,14.79
65579,14.78
65580,14.4
65581,8.93
65582,13.83
65583,15.99
65584,14.69
65585,13.41
65586,12.51
65587,14.34
65588,11.99
65589,13.47
65590,14.02
65591,14.76
65592,14.26
65593,13.8
65594,13.94
65595,12.79
65596,14.71
65597,13.19
65598,15.49
65599,10.04
65600,12.63
65601,16.04
65602,16.35
65603,13.96
65604,15.21
65605,14.17
65606,13.92
65607,10.01
65608,14.05
65609,14.7
65610,13.64
65611,14.48
65612,11.63
65613,13.91
65614,13.3
65615,15.48
65616,15.45
65617,13.92
65618,15.65
65619,12.63
65620,9.38
65621,15.09
65622,10.44
65623,14.09
65624,13.24
65625,17.77
65626,16.88
65627,11.49
65628,14.22
65629,15.5
65630,14.08
65631,10.72
65632,9.66
65633,17.03
65634,16.66
65635,10.59
65636,13.87
65637,11.79
65638,16.05
65639,14.58
65640,15.29
65641,15.24
65642,8.87
65643,12.93
65644,13.32
65645,12.94
65646,13.6
65647,13.54
65648,17.08
65649,11.04
65650,15.79
65651,16.97
65652,14.86
65653,9.63
65654,14.64
65655,8.78
65656,16.67
65657,14.16
65658,17.57
65659,16.65
65660,5.3
65661,8.96
65662,14.94
65663,14.23
65664,13.53
65665,15.03
65666,14.51
65667,15.1
65668,15.0
65669,10.35
65670,14.8
65671,15.13
65672,13.11
65673,13.78
65674,15.29
65675,14.92
65676,12.48
65677,14.08
65678,17.1
65679,11.15
65680,10.83
65681,16.28
65682,11.17
65683,14.75
65684,15.91
65685,10.78
65686,13.98
65687,12.22
65688,14.31
65689,13.32
65690,14.09
65691,13.87
65692,14.22
65693,14.74
65694,14.1
65695,13.62
65696,12.33
65697,13.99
65698,10.59
65699,13.92
65700,12.75
65701,16.66
65702,13.35
65703,13.06
65704,14.48
65705,13.57
65706,13.98
65707,12.49
65708,10.24
65709,13.71
65710,9.99
65711,14.04
65712,14.69
65713,9.5
65714,11.26
65715,14.35
65716,9.1
65717,11.78
65718,13.61
65719,15.36
65720,11.68
65721,12.67
65722,16.26
65723,5.3
65724,14.67
65725,12.72
65726,11.6
65727,10.0
65728,16.53
65729,11.19
65730,15.56
65731,12.83
65732,13.01
65733,11.28
65734,14.24
65735,12.24
65736,16.56
65737,11.94
65738,13.78
65739,15.82
65740,9.52
65741,16.49
65742,14.71
65743,14.08
65744,13.18
65745,15.45
65746,13.26
65747,14.81
65748,17.05
65749,13.2
65750,11.66
65751,10.26
65752,14.63
65753,15.25
65754,13.86
65755,11.2
65756,14.94
65757,13.19
65758,8.98
65759,14.2
65760,14.0
65761,13.81
65762,16.86
65763,11.94
65764,11.2
65765,10.41
65766,13.25
65767,13.79
65768,12.95
65769,13.35
65770,14.17
65771,14.01
65772,17.3
65773,10.9
65774,13.59
65775,16.86
65776,9.06
65777,9.69
65778,14.76
65779,16.34
65780,12.14
65781,9.66
65782,15.27
65783,8.7
65784,5.3
65785,12.63
65786,9.28
65787,15.62
65788,14.71
65789,15.18
65790,13.72
65791,13.28
65792,15.51
65793,13.44
65794,15.45
65795,14.54
65796,14.84
65797,16.19
65798,15.31
65799,13.71
65800,14.62
65801,13.66
65802,14.7
65803,14.08
65804,16.11
65805,11.54
65806,13.78
65807,11.08
65808,12.16
65809,12.76
65810,13.01
65811,13.32
65812,14.59
65813,14.12
65814,10.62
65815,13.86
65816,14.04
65817,13.19
65818,12.73
65819,17.39
65820,15.6
65821,12.17
65822,11.12
65823,15.07
65824,14.09
65825,15.69
65826,13.52
65827,10.58
65828,15.06
65829,13.75
65830,15.72
65831,16.69
65832,8.63
65833,14.62
65834,14.88
65835,10.69
65836,9.83
65837,12.72
65838,13.87
65839,15.09
65840,15.49
65841,8.8
65842,10.9
65843,13.28
65844,15.51
65845,15.36
65846,10.35
65847,13.87
65848,11.7
65849,11.13
65850,5.3
65851,10.82
65852,14.32
65853,20.66
65854,9.64
65855,11.97
65856,14.64
65857,12.6
65858,13.07
65859,12.58
65860,15.18
65861,12.64
65862,13.76
65863,10.18
65864,16.36
65865,14.45
65866,16.97
65867,16.26
65868,13.94
65869,15.8
65870,17.1
65871,11.34
65872,9.11
65873,11.52
65874,13.24
65875,10.01
65876,14.7
65877,14.82
65878,10.42
65879,17.55
65880,14.02
65881,13.73
65882,13.87
65883,14.01
65884,14.73
65885,14.2
65886,13.96
65887,13.7
65888,13.87
65889,14.19
65890,20.28
65891,13.56
65892,14.22
65893,19.3
65894,15.55
65895,11.66
65896,11.31
65897,15.59
65898,14.03
65899,16.19
65900,13.76
65901,13.57
65902,17.75
65903,12.28
65904,14.12
65905,16.29
65906,13.32
65907,13.79
65908,13.75
65909,14.22
65910,10.15
65911,12.0
65912,13.2
65913,14.51
65914,13.65
65915,12.82
65916,16.46
65917,13.95
65918,13.65
65919,14.61
65920,15.67
65921,10.07
65922,15.83
65923,9.89
65924,8.59
65925,11.93
65926,14.02
65927,14.32
65928,13.28
65929,14.29
65930,13.44
65931,5.3
65932,14.79
65933,14.55
65934,10.92
65935,13.49
65936,12.5
65937,14.7
65938,12.14
65939,13.82
65940,15.87
65941,12.13
65942,14.39
65943,14.15
65944,15.65
65945,13.38
65946,14.27
65947,13.74
65948,14.14
65949,13.65
65950,13.48
65951,13.74
65952,14.79
65953,12.7
65954,10.52
65955,12.74
65956,15.31
65957,10.22
65958,10.41
65959,14.67
65960,17.36
65961,10.0
65962,13.91
65963,11.09
65964,13.58
65965,14.02
65966,9.81
65967,8.89
65968,12.05
65969,14.24
65970,12.38
65971,13.95
65972,15.07
65973,13.36
65974,11.59
65975,14.47
65976,13.64
65977,10.22
65978,9.25
65979,12.77
65980,15.31
65981,13.91
65982,12.87
65983,17.19
65984,13.04
65985,16.38
65986,13.94
65987,15.31
65988,11.35
65989,10.51
65990,8.93
65991,14.03
65992,12.31
65993,14.75
65994,15.35
65995,15.99
65996,13.84
65997,11.31
65998,8.56
65999,13.62
66000,11.41
66001,14.68
66002,14.52
66003,13.96
66004,5.3
66005,14.84
66006,8.74
66007,15.26
66008,11.45
66009,13.6
66010,14.1
66011,14.21
66012,13.89
66013,8.05
66014,16.98
66015,12.6
66016,10.57
66017,13.78
66018,13.92
66019,14.8
66020,14.83
66021,9.36
66022,11.22
66023,13.19
66024,14.28
66025,13.96
66026,10.76
66027,13.42
66028,13.85
66029,14.5
66030,12.05
66031,16.08
66032,11.71
66033,16.49
66034,14.16
66035,13.62
66036,9.08
66037,15.05
66038,10.82
66039,13.6
66040,13.93
66041,14.31
66042,13.14
66043,13.27
66044,13.75
66045,11.49
66046,16.09
66047,14.5
66048,13.79
66049,14.06
66050,11.6
66051,9.13
66052,13.92
66053,11.92
66054,17.62
66055,13.79
66056,12.16
66057,13.47
66058,13.73
66059,14.6
66060,14.24
66061,15.42
66062,13.53
66063,10.94
66064,5.3
66065,14.07
66066,5.3
66067,14.67
66068,14.06
66069,14.41
66070,15.18
66071,13.71
66072,15.23
66073,13.19
66074,13.95
66075,16.64
66076,16.06
66077,13.65
66078,14.91
66079,14.64
66080,14.87
66081,15.53
66082,9.77
66083,16.2
66084,12.98
66085,14.08
66086,13.96
66087,15.9
66088,14.31
66089,15.14
66090,13.42
66091,9.01
66092,15.43
66093,10.35
66094,13.59
66095,13.99
66096,9.04
66097,15.35
66098,15.46
66099,15.61
66100,11.98
66101,14.45
66102,11.18
66103,9.76
66104,15.69
66105,11.31
66106,12.81
66107,14.46
66108,12.49
66109,10.5
66110,14.66
66111,14.67
66112,15.05
66113,14.22
66114,14.62
66115,14.26
66116,13.43
66117,13.38
66118,14.78
66119,10.8
66120,13.25
66121,10.8
66122,14.08
66123,14.09
66124,13.07
66125,11.76
66126,13.77
66127,11.49
66128,11.65
66129,14.41
66130,14.19
66131,16.66
66132,13.02
66133,12.41
66134,5.3
66135,14.48
66136,11.78
66137,14.07
66138,16.15
66139,11.73
66140,13.73
66141,14.44
66142,15.02
66143,13.28
66144,12.49
66145,14.46
66146,16.06
66147,12.37
66148,13.82
66149,5.3
66150,9.62
66151,14.06
66152,11.82
66153,11.31
66154,14.39
66155,14.6
66156,13.92
66157,13.16
66158,15.66
66159,13.79
66160,13.72
66161,10.76
66162,15.6
66163,13.92
66164,14.84
66165,11.69
66166,14.1
66167,13.16
66168,11.14
66169,14.58
66170,14.64
66171,13.26
66172,15.33
66173,12.52
66174,13.25
66175,13.0
66176,14.34
66177,10.13
66178,13.14
66179,12.12
66180,15.58
66181,14.32
66182,13.85
66183,11.07
66184,13.43
66185,15.03
66186,14.36
66187,11.17
66188,15.35
66189,15.15
66190,13.9
66191,14.05
66192,15.02
66193,14.63
66194,14.52
66195,17.49
66196,12.48
66197,15.38
66198,16.62
66199,14.37
66200,13.97
66201,11.55
66202,14.82
66203,9.21
66204,13.12
66205,14.02
66206,14.69
66207,12.88
66208,5.3
66209,15.05
66210,11.06
66211,14.66
66212,12.29
66213,14.62
66214,14.05
66215,15.86
66216,9.52
66217,9.45
66218,13.75
66219,12.11
66220,14.76
66221,10.89
66222,14.33
66223,12.19
66224,14.5
66225,16.51
66226,12.56
66227,13.98
66228,12.16
66229,14.04
66230,14.42
66231,14.12
66232,9.26
66233,14.63
66234,13.2
66235,10.18
66236,14.69
66237,13.52
66238,14.59
66239,17.27
66240,18.76
66241,12.9
66242,15.22
66243,16.1
66244,9.03
66245,15.39
66246,15.92
66247,12.3
66248,14.78
66249,14.19
66250,12.89
66251,5.3
66252,8.84
66253,14.23
66254,15.15
66255,14.25
66256,12.74
66257,10.72
66258,13.86
66259,12.32
66260,13.28
66261,10.04
66262,12.47
66263,13.45
66264,10.08
66265,14.07
66266,14.99
66267,14.86
66268,14.67
66269,11.46
66270,14.21
66271,14.89
66272,9.96
66273,15.74
66274,13.65
66275,14.17
66276,13.52
66277,5.3
66278,13.87
66279,13.81
66280,10.75
66281,16.14
66282,14.39
66283,14.15
66284,13.73
66285,12.77
66286,14.21
66287,13.89
66288,12.38
66289,10.01
66290,15.06
66291,17.55
66292,10.82
66293,8.96
66294,10.8
66295,12.98
66296,14.09
66297,13.87
66298,13.97
66299,13.68
66300,9.36
66301,14.58
66302,14.33
66303,14.46
66304,13.18
66305,10.86
66306,14.29
66307,11.23
66308,15.17
66309,12.34
66310,11.14
66311,13.34
66312,11.98
66313,14.9
66314,12.86
66315,18.46
66316,14.47
66317,13.87
66318,8.48
66319,13.65
66320,14.32
66321,14.11
66322,14.52
66323,15.73
66324,14.06
66325,11.73
66326,13.64
66327,16.79
66328,14.51
66329,11.55
66330,13.97
66331,13.94
66332,12.12
66333,13.96
66334,13.53
66335,9.99
66336,9.19
66337,14.46
66338,13.99
66339,14.23
66340,14.29
66341,5.3
66342,13.64
66343,17.46
66344,14.82
66345,15.61
66346,13.91
66347,15.98
66348,14.15
66349,17.66
66350,13.76
66351,13.84
66352,13.08
66353,15.36
66354,15.67
66355,14.01
66356,13.83
66357,13.97
66358,9.75
66359,13.37
66360,16.73
66361,10.66
66362,13.71
66363,10.04
66364,13.91
66365,19.55
66366,13.44
66367,11.23
66368,13.53
66369,14.36
66370,15.76
66371,8.85
66372,12.52
66373,9.54
66374,16.98
66375,17.34
66376,14.08
66377,12.95
66378,15.85
66379,16.17
66380,15.64
66381,10.09
66382,12.03
66383,13.69
66384,14.01
66385,14.32
66386,13.99
66387,14.67
66388,10.8
66389,12.25
66390,15.96
66391,12.46
66392,17.78
66393,13.53
66394,15.42
66395,17.9
66396,13.67
66397,15.92
66398,12.98
66399,15.08
66400,14.12
66401,17.63
66402,8.79
66403,13.19
66404,14.95
66405,17.29
66406,14.72
66407,14.78
66408,15.83
66409,13.58
66410,13.81
66411,13.51
66412,13.18
66413,11.39
66414,12.92
66415,15.09
66416,13.82
66417,10.02
66418,12.06
66419,9.38
66420,14.03
66421,11.18
66422,13.79
66423,13.88
66424,12.64
66425,12.62
66426,16.99
66427,11.09
66428,14.18
66429,15.12
66430,12.08
66431,9.59
66432,9.22
66433,9.62
66434,9.9
66435,9.87
66436,15.13
66437,14.07
66438,18.67
66439,14.93
66440,13.97
66441,12.12
66442,9.74
66443,13.79
66444,15.02
66445,13.77
66446,11.02
66447,14.12
66448,13.82
66449,14.48
66450,13.49
66451,14.64
66452,11.68
66453,14.93
66454,14.48
66455,13.64
66456,14.26
66457,13.14
66458,13.93
66459,14.65
66460,13.18
66461,14.85
66462,16.6
66463,14.56
66464,14.09
66465,13.61
66466,14.04
66467,13.59
66468,13.96
66469,13.98
66470,13.53
66471,13.57
66472,11.68
66473,14.33
66474,15.8
66475,13.53
66476,9.13
66477,13.21
66478,15.94
66479,9.05
66480,17.69
66481,10.53
66482,11.2
66483,13.99
66484,13.27
66485,13.39
66486,11.11
66487,14.4
66488,5.3
66489,9.59
66490,12.43
66491,14.98
66492,15.29
66493,13.45
66494,12.83
66495,14.94
66496,13.3
66497,15.92
66498,11.53
66499,14.73
66500,13.62
66501,14.84
66502,14.09
66503,14.41
66504,9.57
66505,16.12
66506,13.43
66507,13.75
66508,14.98
66509,12.03
66510,12.07
66511,14.69
66512,13.9
66513,13.4
66514,15.12
66515,14.41
66516,5.3
66517,13.84
66518,14.57
66519,14.69
66520,10.0
66521,14.65
66522,11.74
66523,13.84
66524,13.83
66525,5.3
66526,15.15
66527,13.85
66528,14.71
66529,13.35
66530,15.98
66531,16.29
66532,15.38
66533,13.89
66534,14.82
66535,8.92
66536,14.93
66537,9.09
66538,13.26
66539,10.22
66540,13.07
66541,13.9
66542,9.47
66543,13.87
66544,16.97
66545,8.91
66546,8.71
66547,13.49
66548,13.22
66549,14.9
66550,13.98
66551,11.14
66552,13.98
66553,13.83
66554,9.65
66555,13.05
66556,13.59
66557,14.8
66558,11.44
66559,14.92
66560,15.6
66561,11.09
66562,13.34
66563,12.11
66564,14.36
66565,13.99
66566,12.64
66567,13.63
66568,11.27
66569,13.98
66570,9.49
66571,14.34
66572,18.79
66573,14.65
66574,14.0
66575,15.55
66576,13.43
66577,12.74
66578,13.7
66579,12.14
66580,12.81
66581,14.0
66582,13.44
66583,14.8
66584,15.3
66585,13.61
66586,13.46
66587,16.45
66588,8.77
66589,13.41
66590,14.47
66591,15.63
66592,12.01
66593,8.89
66594,9.66
66595,12.51
66596,13.18
66597,14.21
66598,14.84
66599,13.73
66600,14.31
66601,13.28
66602,14.56
66603,11.29
66604,14.45
66605,12.15
66606,14.11
66607,11.87
66608,14.0
66609,11.03
66610,9.27
66611,15.34
66612,12.37
66613,14.31
66614,13.2
66615,5.3
66616,15.02
66617,13.72
66618,13.6
66619,14.67
66620,14.43
66621,12.83
66622,8.52
66623,14.46
66624,14.42
66625,15.04
66626,13.79
66627,12.21
66628,14.03
66629,15.23
66630,12.37
66631,13.93
66632,11.09
66633,12.91
66634,8.6
66635,14.43
66636,11.65
66637,14.02
66638,14.42
66639,15.11
66640,16.34
66641,9.55
66642,14.67
66643,14.09
66644,13.96
66645,14.23
66646,13.28
66647,14.37
66648,6.15
66649,12.8
66650,13.5
66651,13.26
66652,14.51
66653,14.68
66654,14.25
66655,14.3
66656,14.31
66657,13.79
66658,12.15
66659,14.55
66660,9.56
66661,13.08
66662,16.14
66663,11.36
66664,14.56
66665,9.24
66666,15.0
66667,17.0
66668,14.33
66669,13.45
66670,12.22
66671,15.39
66672,13.86
66673,15.47
66674,12.92
66675,15.19
66676,13.02
66677,14.93
66678,14.26
66679,13.39
66680,13.36
66681,15.46
66682,13.78
66683,13.95
66684,9.49
66685,19.65
66686,14.2
66687,13.38
66688,8.87
66689,5.3
66690,6.64
66691,13.6
66692,14.99
66693,12.31
66694,14.53
66695,14.25
66696,12.58
66697,18.05
66698,14.49
66699,13.84
66700,13.71
66701,14.41
66702,13.4
66703,13.94
66704,16.31
66705,13.13
66706,8.22
66707,13.82
66708,13.02
66709,16.32
66710,15.39
66711,10.99
66712,14.8
66713,5.3
66714,12.19
66715,14.86
66716,8.96
66717,14.67
66718,15.47
66719,15.3
66720,11.13
66721,14.5
66722,11.92
66723,14.19
66724,14.51
66725,11.36
66726,11.41
66727,15.76
66728,14.12
66729,14.58
66730,11.62
66731,16.69
66732,16.03
66733,11.11
66734,13.89
66735,14.34
66736,13.26
66737,15.4
66738,8.4
66739,13.0
66740,9.99
66741,12.96
66742,15.01
66743,11.49
66744,13.93
66745,16.13
66746,15.67
66747,15.41
66748,12.92
66749,15.03
66750,9.93
66751,14.16
66752,13.17
66753,13.65
66754,13.87
66755,11.92
66756,14.21
66757,9.63
66758,14.1
66759,14.7
66760,11.0
66761,11.54
66762,14.37
66763,12.79
66764,14.4
66765,10.44
66766,11.6
66767,11.41
66768,11.84
66769,13.55
66770,17.83
66771,13.44
66772,14.22
66773,14.7
66774,13.95
66775,9.55
66776,14.25
66777,15.45
66778,9.69
66779,14.45
66780,13.34
66781,13.91
66782,14.9
66783,15.0
66784,16.61
66785,12.22
66786,16.63
66787,11.27
66788,13.86
66789,13.32
66790,14.72
66791,12.02
66792,13.85
66793,15.06
66794,15.39
66795,9.51
66796,14.24
66797,12.76
66798,14.0
66799,16.86
66800,14.91
66801,14.01
66802,14.67
66803,15.51
66804,14.26
66805,13.9
66806,9.07
66807,13.43
66808,14.17
66809,13.89
66810,14.07
66811,14.56
66812,5.3
66813,14.08
66814,13.55
66815,13.77
66816,12.98
66817,14.43
66818,13.94
66819,14.16
66820,15.04
66821,9.51
66822,14.95
66823,11.92
66824,14.56
66825,13.92
66826,13.31
66827,13.17
66828,14.57
66829,13.02
66830,10.72
66831,15.23
66832,13.72
66833,14.02
66834,14.56
66835,15.33
66836,13.67
66837,14.49
66838,14.76
66839,13.32
66840,13.66
66841,13.64
66842,18.06
66843,11.56
66844,14.82
66845,15.78
66846,11.41
66847,13.91
66848,18.45
66849,13.46
66850,13.98
66851,11.56
66852,13.31
66853,13.69
66854,13.55
66855,11.87
66856,11.37
66857,15.04
66858,13.79
66859,14.57
66860,13.34
66861,13.32
66862,14.18
66863,13.04
66864,14.12
66865,13.62
66866,14.92
66867,15.42
66868,5.3
66869,10.97
66870,14.24
66871,13.79
66872,11.53
66873,16.55
66874,13.19
66875,13.8
66876,12.5
66877,13.31
66878,16.35
66879,10.25
66880,12.61
66881,14.31
66882,9.47
66883,15.8
66884,11.51
66885,14.5
66886,14.93
66887,12.27
66888,13.58
66889,15.61
66890,13.71
66891,12.6
66892,14.25
66893,15.96
66894,11.89
66895,11.31
66896,14.66
66897,15.93
66898,14.74
66899,8.89
66900,16.53
66901,14.89
66902,13.11
66903,15.3
66904,13.97
66905,10.24
66906,14.0
66907,10.64
66908,10.97
66909,9.61
66910,17.39
66911,18.37
66912,19.79
66913,15.73
66914,14.34
66915,13.65
66916,13.24
66917,5.3
66918,13.48
66919,8.97
66920,13.51
66921,14.0
66922,14.96
66923,14.78
66924,12.31
66925,17.65
66926,10.86
66927,15.03
66928,15.83
66929,11.89
66930,14.46
66931,11.58
66932,18.75
66933,14.7
66934,11.49
66935,8.17
66936,9.23
66937,14.36
66938,15.39
66939,13.74
66940,13.3
66941,13.73
66942,14.64
66943,12.6
66944,12.93
66945,15.07
66946,13.89
66947,14.58
66948,12.29
66949,14.95
66950,14.59
66951,9.69
66952,13.2
66953,15.05
66954,13.35
66955,14.47
66956,16.45
66957,13.62
66958,14.53
66959,14.76
66960,13.17
66961,17.61
66962,13.61
66963,15.38
66964,14.83
66965,13.95
66966,12.82
66967,5.3
66968,8.64
66969,13.02
66970,12.26
66971,11.28
66972,15.9
66973,12.23
66974,18.05
66975,13.88
66976,12.33
66977,14.82
66978,13.02
66979,13.09
66980,11.94
66981,12.34
66982,8.68
66983,15.43
66984,17.78
66985,11.88
66986,5.3
66987,16.29
66988,13.77
66989,14.9
66990,14.0
66991,13.48
66992,8.57
66993,14.0
66994,10.61
66995,14.06
66996,14.36
66997,10.39
66998,10.79
66999,14.39
67000,14.64
67001,8.82
67002,13.35
67003,9.63
67004,10.83
67005,13.59
67006,16.34
67007,13.0
67008,12.03
67009,15.26
67010,14.85
67011,13.83
67012,17.34
67013,15.89
67014,14.16
67015,15.64
67016,13.85
67017,12.95
67018,15.96
67019,14.39
67020,14.8
67021,14.75
67022,18.98
67023,13.22
67024,12.22
67025,10.22
67026,13.7
67027,12.57
67028,16.62
67029,15.88
67030,12.34
67031,11.22
67032,14.22
67033,13.2
67034,14.14
67035,10.05
67036,14.52
67037,12.84
67038,11.99
67039,15.62
67040,10.89
67041,12.07
67042,13.86
67043,15.55
67044,14.47
67045,12.69
67046,14.79
67047,15.3
67048,19.0
67049,15.46
67050,17.05
67051,11.01
67052,13.73
67053,11.95
67054,12.04
67055,12.8
67056,14.86
67057,13.61
67058,9.96
67059,13.3
67060,17.15
67061,13.56
67062,14.43
67063,13.95
67064,14.91
67065,12.98
67066,12.14
67067,12.79
67068,12.18
67069,14.49
67070,15.66
67071,10.65
67072,13.94
67073,12.92
67074,14.97
67075,10.96
67076,13.15
67077,12.15
67078,13.87
67079,5.3
67080,8.8
67081,14.13
67082,14.03
67083,14.53
67084,11.33
67085,14.78
67086,12.46
67087,14.63
67088,13.76
67089,13.4
67090,14.31
67091,12.37
67092,14.37
67093,11.53
67094,14.32
67095,13.82
67096,13.36
67097,11.1
67098,13.54
67099,13.96
67100,13.7
67101,8.86
67102,17.59
67103,13.7
67104,9.64
67105,15.03
67106,16.95
67107,9.51
67108,15.16
67109,14.0
67110,14.45
67111,14.54
67112,13.82
67113,14.13
67114,15.21
67115,12.46
67116,12.36
67117,17.46
67118,9.35
67119,15.04
67120,15.33
67121,16.51
67122,14.55
67123,13.85
67124,11.34
67125,11.64
67126,13.51
67127,15.36
67128,11.21
67129,10.89
67130,10.36
67131,13.96
67132,14.22
67133,13.8
67134,16.01
67135,13.1
67136,14.0
67137,17.58
67138,5.3
67139,14.53
67140,12.88
67141,14.55
67142,13.65
67143,14.67
67144,10.43
67145,14.02
67146,15.03
67147,13.0
67148,10.22
67149,14.81
67150,17.8
67151,11.47
67152,15.0
67153,13.79
67154,17.49
67155,13.8
67156,14.99
67157,15.97
67158,10.32
67159,11.87
67160,12.23
67161,13.41
67162,14.86
67163,9.26
67164,11.17
67165,14.26
67166,16.24
67167,11.1
67168,14.08
67169,14.26
67170,9.6
67171,15.05
67172,13.16
67173,15.48
67174,12.92
67175,16.59
67176,15.47
67177,12.42
67178,13.79
67179,11.89
67180,10.53
67181,14.68
67182,13.99
67183,18.59
67184,14.88
67185,14.2
67186,13.87
67187,9.37
67188,5.3
67189,15.87
67190,9.56
67191,8.85
67192,11.6
67193,12.41
67194,10.65
67195,8.95
67196,14.61
67197,16.16
67198,12.78
67199,13.09
67200,13.45
67201,11.37
67202,14.47
67203,12.39
67204,14.84
67205,13.88
67206,13.73
67207,17.01
67208,13.8
67209,9.53
67210,12.12
67211,10.0
67212,11.56
67213,14.07
67214,13.76
67215,14.01
67216,15.91
67217,17.48
67218,8.54
67219,15.56
67220,8.51
67221,13.67
67222,14.32
67223,16.05
67224,13.94
67225,13.55
67226,12.66
67227,15.2
67228,14.39
67229,15.74
67230,10.66
67231,14.12
67232,13.86
67233,12.28
67234,12.16
67235,10.06
67236,13.39
67237,11.76
67238,9.48
67239,8.94
67240,13.19
67241,13.4
67242,14.08
67243,14.04
67244,13.87
67245,14.91
67246,16.72
67247,14.05
67248,14.28
67249,15.45
67250,10.54
67251,8.27
67252,14.18
67253,12.63
67254,18.87
67255,5.3
67256,8.94
67257,14.59
67258,13.96
67259,12.99
67260,12.46
67261,16.03
67262,16.7
67263,12.7
67264,14.66
67265,13.94
67266,13.48
67267,15.67
67268,5.3
67269,10.99
67270,14.13
67271,9.66
67272,13.42
67273,13.37
67274,14.7
67275,12.98
67276,13.89
67277,15.15
67278,15.67
67279,8.57
67280,13.87
67281,14.77
67282,14.98
67283,14.34
67284,19.11
67285,12.5
67286,14.16
67287,10.7
67288,13.94
67289,14.03
67290,9.57
67291,14.93
67292,15.32
67293,15.92
67294,14.9
67295,16.28
67296,14.81
67297,13.42
67298,11.82
67299,12.41
67300,9.48
67301,14.46
67302,13.97
67303,13.96
67304,12.28
67305,10.88
67306,15.52
67307,14.71
67308,14.94
67309,12.1
67310,14.37
67311,13.15
67312,13.07
67313,9.23
67314,13.19
67315,14.24
67316,13.99
67317,11.35
67318,14.64
67319,11.75
67320,8.69
67321,12.86
67322,13.36
67323,15.42
67324,13.27
67325,13.83
67326,9.33
67327,13.43
67328,12.87
67329,14.94
67330,14.23
67331,11.67
67332,14.4
67333,16.68
67334,14.14
67335,18.65
67336,10.8
67337,15.19
67338,10.54
67339,14.52
67340,19.37
67341,15.97
67342,15.85
67343,14.25
67344,16.16
67345,14.53
67346,14.28
67347,9.55
67348,13.62
67349,12.61
67350,14.95
67351,9.63
67352,14.91
67353,11.55
67354,12.83
67355,13.87
67356,15.03
67357,13.1
67358,14.32
67359,12.92
67360,18.55
67361,14.72
67362,16.2
67363,13.11
67364,13.62
67365,15.78
67366,15.01
67367,16.55
67368,13.02
67369,8.87
67370,14.69
67371,13.6
67372,18.28
67373,15.01
67374,12.38
67375,13.92
67376,16.41
67377,13.62
67378,14.54
67379,15.05
67380,9.33
67381,13.96
67382,9.29
67383,14.1
67384,14.85
67385,14.03
67386,16.39
67387,14.22
67388,12.45
67389,14.31
67390,16.29
67391,13.69
67392,15.83
67393,13.9
67394,13.86
67395,11.22
67396,13.92
67397,12.59
67398,8.87
67399,15.59
67400,11.6
67401,13.06
67402,12.33
67403,9.42
67404,13.16
67405,13.42
67406,11.85
67407,13.73
67408,8.99
67409,17.92
67410,12.58
67411,14.26
67412,13.3
67413,14.47
67414,18.46
67415,12.58
67416,11.92
67417,14.32
67418,12.85
67419,16.92
67420,13.24
67421,14.47
67422,13.9
67423,13.64
67424,13.03
67425,14.17
67426,13.51
67427,13.66
67428,11.94
67429,14.29
67430,18.63
67431,15.73
67432,13.32
67433,12.68
67434,11.24
67435,14.88
67436,13.32
67437,14.2
67438,13.19
67439,13.94
67440,13.73
67441,17.18
67442,13.43
67443,16.88
67444,16.32
67445,11.05
67446,15.77
67447,13.94
67448,13.6
67449,15.13
67450,13.0
67451,12.57
67452,9.03
67453,12.53
67454,13.03
67455,14.97
67456,16.41
67457,14.6
67458,11.96
67459,10.53
67460,13.68
67461,13.9
67462,5.3
67463,14.29
67464,14.12
67465,14.94
67466,16.64
67467,12.32
67468,12.37
67469,13.73
67470,13.98
67471,9.75
67472,12.5
67473,14.27
67474,12.81
67475,13.66
67476,12.42
67477,13.73
67478,14.06
67479,14.9
67480,9.68
67481,13.61
67482,13.44
67483,18.72
67484,13.97
67485,13.72
67486,10.19
67487,14.14
67488,14.77
67489,14.03
67490,12.89
67491,13.19
67492,13.71
67493,15.47
67494,14.86
67495,11.83
67496,12.59
67497,13.03
67498,14.42
67499,14.74
67500,13.87
67501,13.39
67502,8.62
67503,13.9
67504,17.9
67505,12.1
67506,13.89
67507,11.06
67508,12.06
67509,13.44
67510,12.37
67511,12.73
67512,13.76
67513,14.03
67514,13.11
67515,10.51
67516,15.94
67517,14.15
67518,12.73
67519,9.35
67520,14.44
67521,13.62
67522,13.35
67523,15.42
67524,13.27
67525,9.01
67526,12.27
67527,13.98
67528,16.87
67529,14.89
67530,12.89
67531,13.68
67532,13.99
67533,13.02
67534,13.6
67535,14.62
67536,16.91
67537,13.32
67538,13.88
67539,14.19
67540,12.41
67541,12.23
67542,13.69
67543,14.32
67544,15.47
67545,14.05
67546,13.95
67547,12.27
67548,18.33
67549,5.3
67550,13.93
67551,11.39
67552,12.46
67553,5.3
67554,17.77
67555,9.59
67556,13.82
67557,15.11
67558,11.88
67559,12.09
67560,13.93
67561,9.16
67562,10.14
67563,12.29
67564,14.33
67565,14.04
67566,11.15
67567,19.52
67568,14.74
67569,13.28
67570,9.01
67571,8.59
67572,12.92
67573,16.04
67574,15.45
67575,15.33
67576,14.61
67577,10.01
67578,15.53
67579,13.98
67580,13.77
67581,14.69
67582,15.19
67583,5.3
67584,9.71
67585,13.91
67586,13.18
67587,13.52
67588,13.88
67589,15.44
67590,14.63
67591,12.99
67592,13.51
67593,13.96
67594,13.0
67595,15.08
67596,13.47
67597,18.04
67598,12.17
67599,10.17
67600,12.3
67601,13.08
67602,13.94
67603,12.55
67604,13.98
67605,15.49
67606,15.02
67607,11.42
67608,12.06
67609,9.94
67610,14.0
67611,14.98
67612,16.5
67613,13.9
67614,13.61
67615,14.38
67616,14.61
67617,13.95
67618,11.67
67619,15.79
67620,12.06
67621,13.66
67622,14.21
67623,13.72
67624,8.42
67625,9.65
67626,14.69
67627,13.44
67628,13.27
67629,13.71
67630,15.89
67631,14.85
67632,10.13
67633,14.12
67634,15.65
67635,9.53
67636,15.01
67637,13.75
67638,13.97
67639,15.05
67640,12.14
67641,13.92
67642,15.87
67643,13.49
67644,12.16
67645,11.95
67646,13.12
67647,15.59
67648,9.8
67649,14.72
67650,12.96
67651,15.2
67652,13.36
67653,15.0
67654,8.77
67655,13.74
67656,13.92
67657,13.99
67658,8.7
67659,13.93
67660,13.41
67661,14.41
67662,15.98
67663,5.3
67664,16.37
67665,15.5
67666,15.88
67667,14.5
67668,11.08
67669,15.41
67670,14.43
67671,14.68
67672,8.59
67673,13.42
67674,8.16
67675,13.83
67676,11.15
67677,13.76
67678,13.92
67679,14.92
67680,13.89
67681,8.72
67682,14.63
67683,15.6
67684,13.95
67685,14.7
67686,12.91
67687,16.28
67688,12.44
67689,14.17
67690,14.79
67691,16.36
67692,13.46
67693,15.47
67694,13.42
67695,11.27
67696,12.79
67697,13.98
67698,14.66
67699,12.1
67700,13.57
67701,14.11
67702,5.3
67703,13.22
67704,13.68
67705,12.88
67706,9.94
67707,15.4
67708,16.02
67709,9.85
67710,14.59
67711,13.94
67712,11.9
67713,9.7
67714,17.04
67715,11.89
67716,9.6
67717,10.81
67718,13.06
67719,16.19
67720,10.58
67721,14.4
67722,13.47
67723,14.98
67724,13.96
67725,9.72
67726,14.64
67727,14.16
67728,14.67
67729,11.3
67730,12.6
67731,13.02
67732,12.05
67733,15.13
67734,12.06
67735,12.85
67736,11.52
67737,13.71
67738,14.76
67739,14.03
67740,14.3
67741,13.81
67742,14.01
67743,15.22
67744,14.16
67745,11.32
67746,17.66
67747,13.79
67748,10.39
67749,10.83
67750,13.94
67751,15.44
67752,14.34
67753,15.79
67754,14.54
67755,13.52
67756,12.85
67757,16.39
67758,12.19
67759,11.08
67760,14.74
67761,14.9
67762,11.93
67763,9.76
67764,5.3
67765,5.21
67766,16.84
67767,13.54
67768,14.9
67769,5.3
67770,15.36
67771,14.73
67772,14.5
67773,14.03
67774,12.23
67775,14.35
67776,14.73
67777,15.24
67778,5.3
67779,5.3
67780,11.72
67781,13.92
67782,14.94
67783,8.89
67784,14.24
67785,13.87
67786,14.53
67787,14.73
67788,9.3
67789,14.57
67790,9.34
67791,14.0
67792,12.29
67793,14.74
67794,12.7
67795,14.12
67796,11.78
67797,12.4
67798,13.64
67799,14.45
67800,14.18
67801,12.69
67802,15.24
67803,14.45
67804,14.21
67805,11.29
67806,13.32
67807,15.5
67808,13.87
67809,15.8
67810,11.61
67811,5.3
67812,18.56
67813,17.13
67814,13.09
67815,13.19
67816,13.22
67817,15.31
67818,10.62
67819,13.14
67820,13.51
67821,12.9
67822,9.98
67823,16.49
67824,14.6
67825,10.95
67826,12.71
67827,16.0
67828,13.61
67829,14.12
67830,13.77
67831,11.36
67832,15.52
67833,13.41
67834,11.36
67835,13.85
67836,13.03
67837,14.85
67838,11.24
67839,8.4
67840,14.09
67841,14.12
67842,14.24
67843,14.02
67844,14.17
67845,13.77
67846,7.97
67847,13.47
67848,14.15
67849,11.38
67850,13.93
67851,13.16
67852,17.69
67853,14.31
67854,14.15
67855,8.27
67856,15.47
67857,15.56
67858,15.69
67859,14.13
67860,11.63
67861,14.1
67862,14.62
67863,18.64
67864,13.79
67865,13.86
67866,13.2
67867,14.02
67868,13.37
67869,14.62
67870,13.63
67871,11.31
67872,14.41
67873,13.76
67874,13.31
67875,13.88
67876,13.42
67877,9.65
67878,10.08
67879,11.01
67880,16.38
67881,12.06
67882,12.2
67883,13.86
67884,12.97
67885,14.52
67886,13.9
67887,13.31
67888,17.48
67889,13.79
67890,14.87
67891,15.98
67892,15.48
67893,13.63
67894,13.59
67895,14.72
67896,13.76
67897,13.5
67898,13.63
67899,13.15
67900,11.97
67901,14.04
67902,15.38
67903,13.69
67904,14.12
67905,14.47
67906,15.26
67907,8.98
67908,13.78
67909,11.84
67910,10.17
67911,10.29
67912,15.99
67913,13.65
67914,14.22
67915,14.29
67916,9.75
67917,14.78
67918,15.64
67919,13.94
67920,16.22
67921,11.31
67922,9.48
67923,13.85
67924,11.05
67925,17.16
67926,14.13
67927,14.72
67928,14.52
67929,14.65
67930,11.81
67931,13.4
67932,11.89
67933,14.52
67934,5.3
67935,14.73
67936,15.05
67937,11.46
67938,14.23
67939,15.05
67940,15.79
67941,15.89
67942,15.22
67943,14.01
67944,15.57
67945,15.1
67946,12.15
67947,8.56
67948,14.74
67949,14.65
67950,13.85
67951,11.07
67952,14.39
67953,14.16
67954,11.42
67955,12.21
67956,11.13
67957,12.6
67958,13.58
67959,13.67
67960,14.79
67961,14.62
67962,12.94
67963,13.46
67964,14.82
67965,11.17
67966,17.2
67967,14.19
67968,14.91
67969,14.61
67970,14.46
67971,18.02
67972,11.23
67973,14.78
67974,12.11
67975,15.01
67976,10.03
67977,16.07
67978,13.99
67979,13.88
67980,14.66
67981,13.57
67982,10.46
67983,14.89
67984,14.56
67985,13.67
67986,11.44
67987,13.59
67988,14.16
67989,13.3
67990,5.3
67991,13.31
67992,13.44
67993,9.28
67994,14.9
67995,13.98
67996,17.25
67997,15.55
67998,14.96
67999,10.5
68000,16.89
68001,13.71
68002,17.02
68003,13.71
68004,9.58
68005,13.27
68006,14.25
68007,9.39
68008,14.87
68009,14.61
68010,17.49
68011,15.83
68012,14.77
68013,13.01
68014,14.29
68015,12.85
68016,14.24
68017,11.48
68018,14.63
68019,16.05
68020,14.97
68021,14.27
68022,13.44
68023,13.82
68024,10.54
68025,14.23
68026,12.91
68027,14.85
68028,9.84
68029,12.17
68030,16.33
68031,12.64
68032,14.26
68033,9.23
68034,9.01
68035,14.5
68036,13.85
68037,14.12
68038,16.07
68039,15.51
68040,15.49
68041,13.57
68042,14.19
68043,11.34
68044,10.33
68045,13.7
68046,13.53
68047,15.15
68048,9.83
68049,9.74
68050,15.43
68051,9.19
68052,14.9
68053,14.54
68054,16.03
68055,15.32
68056,9.64
68057,14.06
68058,12.78
68059,13.86
68060,13.18
68061,15.7
68062,14.97
68063,15.22
68064,13.89
68065,12.96
68066,13.86
68067,13.95
68068,13.83
68069,14.04
68070,13.77
68071,14.93
68072,14.38
68073,11.75
68074,14.38
68075,14.11
68076,9.56
68077,14.45
68078,15.12
68079,13.78
68080,14.05
68081,13.83
68082,12.27
68083,12.82
68084,15.06
68085,13.86
68086,13.93
68087,13.56
68088,11.24
68089,14.04
68090,13.51
68091,13.61
68092,9.39
68093,13.14
68094,14.62
68095,14.2
68096,17.83
68097,13.91
68098,15.45
68099,13.86
68100,14.08
68101,13.58
68102,18.96
68103,12.33
68104,10.61
68105,11.2
68106,13.95
68107,11.14
68108,13.54
68109,14.68
68110,12.17
68111,14.76
68112,12.45
68113,12.1
68114,13.41
68115,12.19
68116,10.41
68117,13.81
68118,11.96
68119,13.14
68120,8.82
68121,13.72
68122,14.1
68123,13.95
68124,8.32
68125,16.7
68126,14.27
68127,11.16
68128,14.71
68129,18.04
68130,14.22
68131,13.95
68132,13.38
68133,15.89
68134,12.04
68135,9.1
68136,14.51
68137,13.6
68138,14.22
68139,14.86
68140,13.79
68141,12.27
68142,15.33
68143,12.48
68144,14.16
68145,12.41
68146,17.61
68147,13.48
68148,12.29
68149,14.51
68150,13.48
68151,13.86
68152,13.94
68153,16.84
68154,10.87
68155,5.3
68156,9.61
68157,13.9
68158,12.47
68159,17.62
68160,19.92
68161,5.3
68162,17.26
68163,13.64
68164,16.82
68165,14.76
68166,11.31
68167,13.5
68168,5.3
68169,13.35
68170,13.73
68171,11.14
68172,14.49
68173,11.92
68174,12.16
68175,11.52
68176,12.28
68177,11.11
68178,14.87
68179,14.52
68180,14.63
68181,14.86
68182,14.53
68183,14.95
68184,13.01
68185,14.63
68186,10.01
68187,14.0
68188,12.82
68189,14.39
68190,13.85
68191,9.47
68192,12.8
68193,11.05
68194,12.19
68195,13.8
68196,15.25
68197,14.24
68198,16.9
68199,13.73
68200,16.32
68201,5.3
68202,14.45
68203,9.15
68204,12.69
68205,10.59
68206,14.14
68207,14.72
68208,13.83
68209,9.43
68210,12.28
68211,14.8
68212,15.62
68213,13.93
68214,13.93
68215,14.16
68216,13.71
68217,13.85
68218,13.58
68219,13.95
68220,10.02
68221,13.82
68222,9.96
68223,14.09
68224,13.69
68225,14.21
68226,13.53
68227,17.1
68228,18.02
68229,14.32
68230,15.04
68231,9.72
68232,14.34
68233,10.04
68234,17.6
68235,15.93
68236,5.3
68237,13.21
68238,13.82
68239,13.95
68240,13.92
68241,14.09
68242,16.63
68243,13.66
68244,13.65
68245,16.04
68246,12.81
68247,12.28
68248,14.35
68249,13.34
68250,13.06
68251,12.37
68252,8.57
68253,14.02
68254,10.86
68255,14.77
68256,14.83
68257,15.39
68258,15.6
68259,13.96
68260,16.07
68261,11.47
68262,13.5
68263,14.35
68264,11.43
68265,13.92
68266,14.04
68267,9.15
68268,14.57
68269,12.71
68270,9.19
68271,10.11
68272,14.28
68273,12.99
68274,13.9
68275,15.79
68276,15.63
68277,13.52
68278,13.2
68279,13.19
68280,13.55
68281,9.17
68282,13.37
68283,12.1
68284,14.03
68285,9.54
68286,13.53
68287,8.91
68288,12.79
68289,16.41
68290,17.71
68291,13.72
68292,13.65
68293,14.48
68294,13.31
68295,12.37
68296,13.06
68297,14.07
68298,15.53
68299,14.79
68300,14.43
68301,14.34
68302,13.99
68303,11.12
68304,10.02
68305,14.16
68306,16.67
68307,14.98
68308,14.72
68309,13.96
68310,14.06
68311,14.16
68312,9.71
68313,14.62
68314,14.27
68315,8.96
68316,16.2
68317,12.09
68318,14.21
68319,8.63
68320,10.15
68321,5.3
68322,15.04
68323,17.79
68324,10.67
68325,14.83
68326,13.48
68327,11.65
68328,10.2
68329,13.46
68330,14.24
68331,12.09
68332,16.18
68333,14.2
68334,16.32
68335,15.4
68336,9.4
68337,15.2
68338,15.12
68339,13.16
68340,14.89
68341,15.09
68342,13.19
68343,13.92
68344,12.7
68345,14.31
68346,12.15
68347,11.4
68348,16.07
68349,9.09
68350,9.35
68351,13.96
68352,9.88
68353,9.56
68354,13.76
68355,15.0
68356,13.54
68357,5.3
68358,13.55
68359,14.53
68360,13.23
68361,12.57
68362,12.6
68363,13.24
68364,10.75
68365,9.85
68366,14.12
68367,12.27
68368,13.51
68369,14.22
68370,12.51
68371,10.13
68372,14.21
68373,12.98
68374,13.02
68375,16.11
68376,12.98
68377,15.06
68378,13.38
68379,12.84
68380,9.43
68381,14.0
68382,14.36
68383,13.49
68384,14.87
68385,14.52
68386,12.76
68387,16.48
68388,15.24
68389,10.66
68390,15.16
68391,16.14
68392,11.35
68393,17.23
68394,12.5
68395,14.74
68396,11.27
68397,12.09
68398,9.51
68399,11.92
68400,16.45
68401,12.38
68402,13.79
68403,9.89
68404,12.63
68405,9.88
68406,13.76
68407,19.16
68408,14.87
68409,16.77
68410,15.15
68411,13.18
68412,8.38
68413,14.17
68414,14.13
68415,11.43
68416,10.75
68417,13.67
68418,15.35
68419,14.24
68420,9.8
68421,13.47
68422,9.65
68423,15.4
68424,13.89
68425,15.21
68426,13.74
68427,12.58
68428,13.94
68429,13.15
68430,13.56
68431,14.31
68432,9.19
68433,11.15
68434,8.84
68435,9.43
68436,12.17
68437,13.44
68438,18.67
68439,5.3
68440,11.43
68441,14.54
68442,5.3
68443,13.46
68444,14.54
68445,5.3
68446,13.97
68447,14.21
68448,14.06
68449,11.71
68450,15.36
68451,13.42
68452,16.61
68453,14.89
68454,13.93
68455,12.43
68456,13.71
68457,13.71
68458,13.28
68459,14.02
68460,11.44
68461,12.25
68462,12.46
68463,11.54
68464,16.6
68465,18.01
68466,11.63
68467,15.35
68468,13.41
68469,14.68
68470,13.6
68471,9.85
68472,9.27
68473,15.55
68474,5.3
68475,15.11
68476,13.72
68477,14.48
68478,17.23
68479,13.38
68480,14.31
68481,13.81
68482,13.29
68483,16.32
68484,13.84
68485,14.49
68486,14.95
68487,14.01
68488,11.25
68489,13.75
68490,15.23
68491,9.46
68492,9.42
68493,14.03
68494,17.28
68495,13.71
68496,13.7
68497,12.56
68498,12.3
68499,15.4
68500,15.13
68501,8.57
68502,12.72
68503,14.85
68504,14.28
68505,14.7
68506,5.3
68507,15.63
68508,14.01
68509,14.4
68510,14.43
68511,15.88
68512,15.85
68513,13.77
68514,15.05
68515,9.95
68516,9.67
68517,14.48
68518,12.35
68519,13.7
68520,16.09
68521,12.92
68522,10.76
68523,15.01
68524,15.46
68525,13.7
68526,12.46
68527,14.58
68528,14.53
68529,14.29
68530,14.6
68531,12.8
68532,13.0
68533,9.72
68534,12.53
68535,13.32
68536,14.4
68537,15.88
68538,12.16
68539,14.04
68540,20.25
68541,14.48
68542,10.54
68543,13.59
68544,13.46
68545,14.23
68546,10.68
68547,15.6
68548,14.14
68549,13.62
68550,13.28
68551,16.11
68552,15.04
68553,16.09
68554,12.24
68555,14.11
68556,11.51
68557,17.75
68558,13.95
68559,10.29
68560,13.44
68561,14.99
68562,8.64
68563,11.25
68564,12.85
68565,10.3
68566,13.87
68567,15.05
68568,9.16
68569,11.56
68570,13.83
68571,13.09
68572,13.01
68573,15.35
68574,14.44
68575,14.05
68576,11.74
68577,12.04
68578,13.6
68579,17.36
68580,14.79
68581,9.59
68582,14.95
68583,10.32
68584,14.53
68585,13.95
68586,12.9
68587,17.48
68588,11.25
68589,9.89
68590,13.66
68591,14.0
68592,15.62
68593,14.4
68594,10.08
68595,15.1
68596,10.52
68597,13.72
68598,5.3
68599,14.37
68600,14.2
68601,13.09
68602,10.02
68603,14.09
68604,14.85
68605,12.39
68606,15.36
68607,13.65
68608,14.0
68609,14.55
68610,16.54
68611,15.77
68612,11.86
68613,11.94
68614,14.42
68615,13.41
68616,10.25
68617,13.29
68618,13.51
68619,14.42
68620,11.85
68621,13.83
68622,14.12
68623,14.27
68624,13.85
68625,13.93
68626,14.0
68627,13.92
68628,12.84
68629,12.68
68630,15.71
68631,14.32
68632,10.85
68633,10.82
68634,14.04
68635,13.25
68636,13.71
68637,13.82
68638,15.19
68639,11.53
68640,13.44
68641,17.32
68642,15.24
68643,13.27
68644,13.51
68645,13.91
68646,13.98
68647,12.33
68648,14.24
68649,16.25
68650,13.24
68651,15.19
68652,13.54
68653,14.68
68654,18.2
68655,14.6
68656,13.19
68657,13.47
68658,15.04
68659,9.56
68660,13.47
68661,13.74
68662,13.45
68663,13.84
68664,14.14
68665,14.63
68666,12.11
68667,16.54
68668,10.73
68669,13.25
68670,9.55
68671,13.33
68672,10.7
68673,13.21
68674,5.3
68675,9.62
68676,12.35
68677,13.93
68678,12.68
68679,13.15
68680,14.33
68681,14.28
68682,8.83
68683,11.27
68684,14.61
68685,14.3
68686,11.07
68687,13.26
68688,13.18
68689,13.99
68690,9.57
68691,12.17
68692,14.47
68693,13.87
68694,13.44
68695,14.94
68696,15.82
68697,14.21
68698,5.3
68699,14.65
68700,9.5
68701,13.8
68702,14.02
68703,12.01
68704,13.75
68705,14.52
68706,10.32
68707,14.92
68708,17.72
68709,9.16
68710,13.2
68711,16.71
68712,9.68
68713,15.55
68714,13.83
68715,17.32
68716,13.18
68717,13.52
68718,14.06
68719,16.27
68720,10.07
68721,12.25
68722,14.37
68723,14.51
68724,15.7
68725,13.57
68726,14.88
68727,11.1
68728,14.4
68729,13.93
68730,14.72
68731,13.92
68732,14.52
68733,18.75
68734,15.33
68735,13.92
68736,16.3
68737,15.78
68738,13.98
68739,5.3
68740,15.48
68741,14.75
68742,14.75
68743,9.29
68744,13.81
68745,13.82
68746,12.45
68747,13.47
68748,13.07
68749,13.99
68750,14.73
68751,14.33
68752,6.27
68753,15.44
68754,19.46
68755,13.09
68756,14.03
68757,14.21
68758,14.59
68759,11.97
68760,9.55
68761,15.72
68762,10.09
68763,13.84
68764,12.93
68765,13.9
68766,9.43
68767,11.91
68768,13.87
68769,9.74
68770,12.35
68771,5.3
68772,14.53
68773,9.78
68774,12.82
68775,13.32
68776,8.88
68777,10.9
68778,14.87
68779,14.45
68780,12.96
68781,14.43
68782,13.89
68783,12.02
68784,9.49
68785,13.32
68786,14.01
68787,16.61
68788,15.03
68789,13.0
68790,16.24
68791,13.81
68792,14.12
68793,11.97
68794,14.01
68795,5.3
68796,15.47
68797,12.41
68798,15.34
68799,13.92
68800,19.06
68801,14.53
68802,16.51
68803,11.78
68804,17.1
68805,17.94
68806,13.12
68807,16.58
68808,14.68
68809,5.3
68810,13.91
68811,9.41
68812,15.71
68813,11.99
68814,12.19
68815,9.52
68816,14.19
68817,14.05
68818,11.88
68819,12.08
68820,11.35
68821,14.35
68822,10.37
68823,14.57
68824,12.67
68825,11.17
68826,9.93
68827,8.8
68828,13.95
68829,13.17
68830,14.49
68831,13.41
68832,14.67
68833,13.68
68834,15.86
68835,12.94
68836,14.02
68837,14.54
68838,14.27
68839,14.32
68840,10.45
68841,13.57
68842,10.63
68843,16.71
68844,12.08
68845,9.03
68846,14.22
68847,13.55
68848,14.6
68849,14.16
68850,11.15
68851,14.81
68852,14.75
68853,12.82
68854,13.79
68855,9.74
68856,12.34
68857,11.29
68858,15.18
68859,14.73
68860,13.9
68861,16.92
68862,15.73
68863,12.16
68864,14.8
68865,13.74
68866,15.91
68867,12.38
68868,13.06
68869,11.24
68870,13.63
68871,13.77
68872,14.53
68873,9.61
68874,15.56
68875,18.76
68876,14.54
68877,14.36
68878,13.9
68879,14.95
68880,10.37
68881,17.2
68882,11.98
68883,13.98
68884,11.68
68885,11.93
68886,8.64
68887,13.44
68888,18.3
68889,14.34
68890,16.02
68891,14.9
68892,14.42
68893,14.67
68894,14.94
68895,9.29
68896,14.17
68897,14.28
68898,13.77
68899,14.01
68900,13.67
68901,16.05
68902,15.07
68903,10.02
68904,15.9
68905,12.24
68906,8.18
68907,14.25
68908,13.9
68909,9.57
68910,17.5
68911,13.38
68912,9.46
68913,8.88
68914,14.35
68915,14.92
68916,14.93
68917,14.86
68918,11.77
68919,12.43
68920,13.46
68921,9.13
68922,13.23
68923,13.7
68924,14.77
68925,13.23
68926,15.09
68927,12.97
68928,13.94
68929,14.14
68930,15.62
68931,15.7
68932,10.11
68933,15.38
68934,13.23
68935,14.98
68936,12.38
68937,13.47
68938,13.83
68939,10.11
68940,14.05
68941,13.07
68942,10.56
68943,14.77
68944,9.47
68945,12.06
68946,12.18
68947,5.3
68948,13.32
68949,13.46
68950,14.13
68951,14.71
68952,10.1
68953,12.49
68954,14.3
68955,14.73
68956,14.63
68957,11.96
68958,14.33
68959,13.31
68960,10.68
68961,13.99
68962,15.16
68963,10.41
68964,14.0
68965,15.82
68966,13.99
68967,9.31
68968,13.35
68969,13.84
68970,14.24
68971,14.76
68972,13.79
68973,14.5
68974,16.03
68975,15.67
68976,15.88
68977,11.42
68978,14.63
68979,9.28
68980,14.67
68981,11.49
68982,14.38
68983,11.23
68984,14.3
68985,8.63
68986,11.88
68987,12.13
68988,5.3
68989,13.99
68990,12.64
68991,11.24
68992,14.37
68993,14.75
68994,14.0
68995,12.29
68996,9.66
68997,13.08
68998,12.75
68999,9.51
69000,12.17
69001,9.9
69002,14.55
69003,15.34
69004,11.99
69005,14.49
69006,13.87
69007,13.37
69008,15.24
69009,15.61
69010,14.9
69011,14.12
69012,12.41
69013,13.95
69014,13.8
69015,14.88
69016,13.48
69017,9.02
69018,13.97
69019,14.09
69020,15.79
69021,16.98
69022,13.75
69023,14.07
69024,14.44
69025,12.04
69026,11.78
69027,13.79
69028,16.34
69029,13.77
69030,8.75
69031,15.89
69032,14.56
69033,12.65
69034,12.57
69035,14.54
69036,14.1
69037,9.78
69038,14.31
69039,14.67
69040,12.99
69041,14.02
69042,14.77
69043,14.59
69044,13.6
69045,13.35
69046,13.74
69047,13.56
69048,13.7
69049,17.4
69050,13.66
69051,13.22
69052,9.58
69053,14.38
69054,13.57
69055,13.39
69056,9.98
69057,14.32
69058,13.92
69059,13.48
69060,15.33
69061,14.02
69062,12.47
69063,5.3
69064,18.15
69065,13.54
69066,15.26
69067,13.15
69068,13.61
69069,13.86
69070,12.86
69071,15.66
69072,15.02
69073,9.25
69074,14.36
69075,14.14
69076,13.84
69077,13.8
69078,14.62
69079,13.11
69080,15.1
69081,9.13
69082,9.66
69083,12.67
69084,12.93
69085,13.71
69086,9.86
69087,13.81
69088,16.54
69089,14.98
69090,11.31
69091,14.11
69092,14.04
69093,13.63
69094,12.67
69095,13.44
69096,13.67
69097,14.08
69098,15.79
69099,16.71
69100,11.35
69101,5.3
69102,13.83
69103,5.3
69104,13.48
69105,11.35
69106,11.46
69107,14.97
69108,13.48
69109,10.63
69110,14.57
69111,13.4
69112,11.06
69113,9.62
69114,13.1
69115,13.53
69116,14.98
69117,5.3
69118,14.64
69119,14.53
69120,15.16
69121,8.66
69122,11.74
69123,15.65
69124,12.17
69125,10.16
69126,13.81
69127,12.45
69128,14.64
69129,16.46
69130,13.99
69131,13.92
69132,14.46
69133,13.03
69134,14.33
69135,12.04
69136,15.02
69137,13.99
69138,11.46
69139,14.94
69140,15.34
69141,10.83
69142,13.79
69143,15.07
69144,13.07
69145,13.11
69146,14.65
69147,17.66
69148,11.51
69149,14.09
69150,8.94
69151,14.06
69152,12.4
69153,10.94
69154,18.59
69155,8.77
69156,10.31
69157,13.42
69158,13.79
69159,8.28
69160,13.69
69161,12.14
69162,11.23
69163,13.55
69164,14.07
69165,13.63
69166,9.07
69167,14.96
69168,8.08
69169,12.87
69170,11.76
69171,14.83
69172,14.01
69173,13.01
69174,12.43
69175,14.63
69176,14.23
69177,14.71
69178,13.2
69179,15.54
69180,11.52
69181,14.21
69182,13.34
69183,13.54
69184,14.78
69185,8.89
69186,14.95
69187,11.22
69188,16.3
69189,12.89
69190,11.9
69191,14.07
69192,14.89
69193,12.58
69194,14.63
69195,13.8
69196,12.5
69197,14.07
69198,13.92
69199,9.88
69200,10.99
69201,13.5
69202,15.0
69203,5.3
69204,12.68
69205,16.55
69206,14.63
69207,15.98
69208,15.1
69209,14.6
69210,5.3
69211,14.63
69212,9.79
69213,18.33
69214,12.92
69215,8.29
69216,15.77
69217,5.3
69218,14.25
69219,13.02
69220,15.1
69221,14.65
69222,10.2
69223,13.83
69224,13.71
69225,14.12
69226,12.58
69227,12.0
69228,13.94
69229,9.92
69230,15.24
69231,13.99
69232,15.76
69233,14.29
69234,11.78
69235,14.38
69236,14.11
69237,15.16
69238,8.69
69239,11.98
69240,13.59
69241,12.58
69242,17.3
69243,12.32
69244,9.9
69245,10.57
69246,12.12
69247,9.5
69248,13.5
69249,8.41
69250,16.21
69251,13.43
69252,16.11
69253,12.91
69254,9.34
69255,15.22
69256,14.19
69257,8.28
69258,14.72
69259,5.3
69260,11.53
69261,11.45
69262,14.64
69263,12.18
69264,11.27
69265,13.89
69266,14.52
69267,13.72
69268,13.86
69269,11.26
69270,14.51
69271,16.34
69272,14.65
69273,8.77
69274,13.52
69275,13.68
69276,9.7
69277,13.31
69278,15.77
69279,14.09
69280,12.29
69281,14.0
69282,12.12
69283,15.12
69284,15.99
69285,13.98
69286,13.8
69287,12.1
69288,13.18
69289,14.42
69290,12.86
69291,15.84
69292,14.27
69293,14.3
69294,14.0
69295,14.86
69296,13.42
69297,11.49
69298,14.7
69299,12.83
69300,13.64
69301,14.05
69302,16.35
69303,18.33
69304,18.35
69305,5.3
69306,14.55
69307,12.43
69308,13.91
69309,15.88
69310,12.44
69311,14.75
69312,17.99
69313,13.54
69314,14.76
69315,13.69
69316,13.13
69317,13.48
69318,12.2
69319,12.83
69320,14.61
69321,15.12
69322,15.7
69323,14.13
69324,10.62
69325,5.3
69326,15.91
69327,13.51
69328,13.27
69329,13.64
69330,13.61
69331,12.35
69332,16.58
69333,13.02
69334,15.25
69335,14.66
69336,13.45
69337,12.49
69338,15.01
69339,13.18
69340,11.98
69341,14.59
69342,11.89
69343,9.48
69344,10.82
69345,11.31
69346,13.94
69347,11.98
69348,13.89
69349,14.95
69350,15.89
69351,14.44
69352,14.6
69353,13.92
69354,9.38
69355,14.18
69356,10.71
69357,12.22
69358,14.23
69359,15.19
69360,11.16
69361,15.38
69362,14.14
69363,15.38
69364,13.75
69365,12.96
69366,17.51
69367,12.86
69368,13.49
69369,14.51
69370,14.32
69371,13.29
69372,14.93
69373,13.45
69374,13.87
69375,12.8
69376,17.38
69377,5.3
69378,13.35
69379,10.66
69380,14.45
69381,13.45
69382,13.61
69383,14.44
69384,10.91
69385,9.74
69386,15.19
69387,15.88
69388,13.32
69389,14.37
69390,13.16
69391,13.72
69392,15.18
69393,14.03
69394,14.43
69395,14.19
69396,13.59
69397,9.55
69398,9.2
69399,16.73
69400,14.93
69401,12.7
69402,13.86
69403,15.92
69404,15.1
69405,14.01
69406,14.19
69407,14.03
69408,13.96
69409,16.32
69410,12.74
69411,14.23
69412,13.93
69413,10.14
69414,14.22
69415,14.41
69416,13.24
69417,14.26
69418,12.58
69419,9.79
69420,10.68
69421,14.23
69422,13.86
69423,14.57
69424,14.95
69425,14.09
69426,13.62
69427,16.58
69428,14.63
69429,9.43
69430,8.74
69431,13.87
69432,13.43
69433,16.74
69434,14.08
69435,11.02
69436,17.56
69437,13.44
69438,13.14
69439,11.4
69440,11.64
69441,13.64
69442,9.8
69443,10.95
69444,14.11
69445,12.29
69446,14.77
69447,16.16
69448,13.94
69449,12.73
69450,12.98
69451,16.16
69452,13.91
69453,15.03
69454,13.91
69455,14.85
69456,14.5
69457,13.05
69458,14.69
69459,14.87
69460,19.07
69461,13.46
69462,12.1
69463,14.92
69464,5.3
69465,16.39
69466,13.72
69467,11.27
69468,14.13
69469,13.38
69470,12.92
69471,15.05
69472,14.41
69473,14.24
69474,14.51
69475,15.58
69476,17.95
69477,12.85
69478,13.99
69479,12.11
69480,10.71
69481,13.16
69482,10.32
69483,14.3
69484,12.39
69485,13.69
69486,14.06
69487,17.82
69488,12.32
69489,15.56
69490,14.2
69491,8.75
69492,14.83
69493,9.61
69494,12.36
69495,13.44
69496,15.36
69497,10.98
69498,10.15
69499,13.61
69500,13.9
69501,12.27
69502,13.94
69503,13.74
69504,9.17
69505,15.08
69506,14.58
69507,12.41
69508,13.64
69509,13.87
69510,13.77
69511,13.41
69512,15.02
69513,14.22
69514,11.99
69515,14.06
69516,13.01
69517,5.3
69518,11.27
69519,17.58
69520,13.42
69521,10.91
69522,14.49
69523,16.97
69524,13.94
69525,8.97
69526,13.92
69527,14.88
69528,13.34
69529,14.19
69530,17.78
69531,13.93
69532,13.99
69533,13.71
69534,16.27
69535,13.22
69536,13.43
69537,17.32
69538,14.34
69539,15.35
69540,13.75
69541,14.91
69542,13.1
69543,9.12
69544,18.98
69545,14.82
69546,13.92
69547,12.4
69548,13.82
69549,12.45
69550,15.64
69551,13.9
69552,15.42
69553,12.57
69554,10.17
69555,16.06
69556,11.13
69557,11.93
69558,16.46
69559,13.73
69560,14.13
69561,11.75
69562,17.02
69563,12.83
69564,13.3
69565,15.15
69566,14.19
69567,14.64
69568,15.29
69569,14.15
69570,14.57
69571,13.64
69572,12.19
69573,14.95
69574,16.71
69575,13.75
69576,11.57
69577,12.09
69578,14.91
69579,13.8
69580,10.9
69581,15.09
69582,13.45
69583,14.63
69584,14.5
69585,14.06
69586,13.91
69587,14.33
69588,15.68
69589,14.72
69590,17.96
69591,9.38
69592,9.83
69593,8.85
69594,13.15
69595,16.36
69596,13.79
69597,14.18
69598,15.98
69599,14.8
69600,14.56
69601,13.93
69602,14.52
69603,14.44
69604,13.92
69605,12.38
69606,13.68
69607,16.07
69608,16.14
69609,13.04
69610,13.74
69611,9.32
69612,11.31
69613,14.62
69614,15.38
69615,13.96
69616,14.89
69617,11.53
69618,13.87
69619,16.16
69620,11.8
69621,11.95
69622,16.51
69623,12.77
69624,11.88
69625,13.42
69626,5.3
69627,14.27
69628,13.98
69629,13.42
69630,14.75
69631,13.85
69632,14.01
69633,13.85
69634,20.23
69635,9.81
69636,12.62
69637,14.44
69638,18.42
69639,9.78
69640,13.97
69641,14.06
69642,15.04
69643,13.73
69644,11.46
69645,14.67
69646,13.97
69647,12.37
69648,11.46
69649,14.64
69650,13.26
69651,15.2
69652,13.86
69653,16.3
69654,15.57
69655,13.63
69656,14.79
69657,14.63
69658,8.46
69659,10.01
69660,13.86
69661,12.92
69662,9.27
69663,13.28
69664,12.74
69665,15.07
69666,11.91
69667,14.17
69668,10.65
69669,16.02
69670,14.03
69671,14.47
69672,5.3
69673,13.6
69674,13.26
69675,10.42
69676,14.08
69677,13.98
69678,9.36
69679,15.22
69680,13.93
69681,9.83
69682,9.3
69683,15.03
69684,14.05
69685,13.58
69686,11.99
69687,11.31
69688,9.05
69689,14.0
69690,13.89
69691,13.23
69692,13.94
69693,10.65
69694,13.66
69695,13.3
69696,13.09
69697,15.52
69698,13.16
69699,12.91
69700,14.71
69701,12.83
69702,15.27
69703,11.76
69704,14.65
69705,11.91
69706,13.46
69707,13.17
69708,9.15
69709,12.77
69710,8.88
69711,13.49
69712,13.55
69713,14.84
69714,13.91
69715,8.56
69716,13.94
69717,14.28
69718,11.31
69719,14.17
69720,11.57
69721,11.47
69722,13.86
69723,15.27
69724,15.47
69725,15.82
69726,8.85
69727,14.97
69728,17.68
69729,11.04
69730,13.08
69731,15.35
69732,13.24
69733,14.49
69734,16.58
69735,13.96
69736,12.7
69737,15.29
69738,13.33
69739,14.41
69740,14.05
69741,9.69
69742,13.96
69743,14.53
69744,13.37
69745,14.6
69746,13.2
69747,14.7
69748,14.98
69749,14.21
69750,14.23
69751,13.27
69752,15.29
69753,13.34
69754,9.79
69755,10.93
69756,13.43
69757,13.76
69758,8.63
69759,13.27
69760,11.63
69761,15.68
69762,13.03
69763,13.83
69764,13.62
69765,13.87
69766,13.89
69767,13.51
69768,5.3
69769,14.41
69770,13.8
69771,11.96
69772,16.02
69773,11.07
69774,13.25
69775,14.99
69776,18.02
69777,8.86
69778,12.15
69779,14.93
69780,16.83
69781,9.55
69782,13.95
69783,12.39
69784,10.08
69785,9.96
69786,16.08
69787,17.36
69788,5.3
69789,16.8
69790,15.59
69791,15.39
69792,14.51
69793,13.9
69794,13.76
69795,14.24
69796,13.4
69797,12.34
69798,14.34
69799,12.86
69800,14.62
69801,12.58
69802,15.99
69803,15.47
69804,14.07
69805,14.38
69806,18.64
69807,14.58
69808,11.21
69809,14.71
69810,8.89
69811,14.08
69812,13.95
69813,11.54
69814,14.48
69815,8.97
69816,12.11
69817,15.28
69818,13.91
69819,14.48
69820,14.67
69821,14.47
69822,14.2
69823,13.93
69824,18.19
69825,14.01
69826,15.76
69827,12.39
69828,14.96
69829,9.73
69830,15.66
69831,16.35
69832,15.86
69833,15.41
69834,18.0
69835,14.47
69836,12.85
69837,14.99
69838,14.38
69839,13.76
69840,13.64
69841,18.21
69842,15.21
69843,16.1
69844,15.03
69845,13.77
69846,11.37
69847,15.33
69848,14.55
69849,13.0
69850,13.68
69851,10.82
69852,15.8
69853,10.09
69854,14.94
69855,13.66
69856,15.11
69857,12.64
69858,13.34
69859,14.28
69860,15.87
69861,13.97
69862,8.71
69863,8.49
69864,18.48
69865,9.86
69866,11.64
69867,13.92
69868,14.12
69869,16.71
69870,15.29
69871,14.56
69872,17.26
69873,14.49
69874,13.84
69875,13.82
69876,13.03
69877,14.73
69878,14.72
69879,9.54
69880,11.67
69881,12.22
69882,14.53
69883,13.07
69884,10.96
69885,9.73
69886,12.62
69887,14.31
69888,15.82
69889,13.19
69890,15.52
69891,11.11
69892,14.01
69893,13.95
69894,12.91
69895,14.59
69896,15.3
69897,13.84
69898,14.18
69899,14.66
69900,10.67
69901,11.52
69902,15.18
69903,10.67
69904,13.84
69905,12.8
69906,15.06
69907,16.65
69908,14.43
69909,18.1
69910,13.94
69911,15.88
69912,16.42
69913,15.33
69914,8.76
69915,13.12
69916,14.91
69917,14.14
69918,13.04
69919,9.6
69920,12.48
69921,8.65
69922,12.65
69923,12.64
69924,11.94
69925,13.49
69926,15.47
69927,14.66
69928,15.25
69929,14.19
69930,14.42
69931,12.11
69932,10.18
69933,16.84
69934,13.46
69935,13.58
69936,15.52
69937,14.66
69938,16.07
69939,14.22
69940,14.46
69941,13.09
69942,13.86
69943,15.71
69944,13.56
69945,5.3
69946,15.15
69947,11.3
69948,13.46
69949,16.31
69950,11.56
69951,13.55
69952,14.36
69953,16.36
69954,16.93
69955,9.25
69956,14.17
69957,14.28
69958,13.95
69959,14.0
69960,14.84
69961,14.65
69962,11.96
69963,14.19
69964,16.48
69965,8.8
69966,10.53
69967,9.58
69968,14.43
69969,13.61
69970,13.9
69971,15.48
69972,12.7
69973,13.21
69974,13.6
69975,12.96
69976,13.9
69977,10.28
69978,13.98
69979,20.95
69980,9.55
69981,14.06
69982,14.89
69983,17.22
69984,17.67
69985,14.43
69986,15.84
69987,14.18
69988,13.81
69989,12.28
69990,14.64
69991,14.42
69992,14.46
69993,14.29
69994,15.31
69995,14.02
69996,14.02
69997,13.69
69998,13.17
69999,12.96
70000,12.17
70001,13.91
70002,14.82
70003,12.77
70004,11.15
70005,8.9
70006,14.75
70007,14.14
70008,13.65
70009,12.37
70010,13.31
70011,15.1
70012,11.42
70013,14.11
70014,12.21
70015,14.07
70016,12.25
70017,16.98
70018,10.18
70019,13.76
70020,14.54
70021,13.15
70022,16.39
70023,14.17
70024,14.54
70025,14.17
70026,13.96
70027,14.59
70028,18.09
70029,9.3
70030,16.5
70031,14.41
70032,13.88
70033,8.17
70034,10.36
70035,13.45
70036,14.06
70037,9.61
70038,10.75
70039,10.86
70040,16.6
70041,14.24
70042,11.55
70043,9.55
70044,14.43
70045,13.84
70046,13.55
70047,15.22
70048,14.4
70049,14.19
70050,12.2
70051,14.0
70052,15.46
70053,9.02
70054,15.62
70055,14.27
70056,13.8
70057,13.05
70058,12.81
70059,12.26
70060,12.91
70061,10.02
70062,5.3
70063,14.46
70064,14.07
70065,14.51
70066,14.33
70067,14.26
70068,15.34
70069,9.07
70070,11.28
70071,14.6
70072,15.86
70073,15.28
70074,10.44
70075,10.91
70076,14.95
70077,12.55
70078,13.43
70079,14.82
70080,12.72
70081,13.15
70082,15.06
70083,11.14
70084,13.76
70085,14.34
70086,16.55
70087,14.69
70088,15.08
70089,12.08
70090,13.98
70091,13.99
70092,15.54
70093,12.38
70094,13.68
70095,14.33
70096,13.19
70097,9.18
70098,12.91
70099,17.44
70100,10.75
70101,12.57
70102,13.84
70103,13.37
70104,10.29
70105,10.96
70106,14.2
70107,14.91
70108,14.72
70109,14.67
70110,13.95
70111,11.42
70112,13.65
70113,14.13
70114,14.25
70115,11.38
70116,13.78
70117,13.88
70118,14.12
70119,13.86
70120,16.34
70121,14.17
70122,13.24
70123,15.18
70124,13.37
70125,13.76
70126,10.98
70127,12.74
70128,15.18
70129,9.82
70130,13.82
70131,13.46
70132,14.75
70133,14.56
70134,15.4
70135,14.68
70136,9.94
70137,14.17
70138,12.8
70139,10.72
70140,13.57
70141,15.78
70142,12.28
70143,8.62
70144,15.65
70145,11.92
70146,12.51
70147,14.11
70148,16.52
70149,14.09
70150,10.96
70151,16.45
70152,14.61
70153,11.94
70154,14.73
70155,14.6
70156,13.25
70157,13.92
70158,13.51
70159,10.99
70160,18.4
70161,11.98
70162,16.92
70163,14.02
70164,12.64
70165,9.63
70166,13.83
70167,14.97
70168,13.75
70169,16.25
70170,14.18
70171,14.45
70172,13.51
70173,15.61
70174,12.27
70175,5.3
70176,13.84
70177,13.8
70178,14.22
70179,14.29
70180,14.47
70181,12.91
70182,11.71
70183,14.4
70184,13.67
70185,14.12
70186,15.3
70187,13.71
70188,14.11
70189,12.04
70190,13.82
70191,13.62
70192,12.05
70193,12.84
70194,14.04
70195,14.53
70196,13.37
70197,16.72
70198,12.84
70199,12.17
70200,11.24
70201,13.88
70202,12.5
70203,13.49
70204,13.99
70205,12.47
70206,15.48
70207,13.83
70208,15.61
70209,11.09
70210,13.29
70211,9.29
70212,14.56
70213,11.15
70214,16.17
70215,17.67
70216,14.04
70217,13.1
70218,14.04
70219,14.0
70220,13.7
70221,13.54
70222,13.64
70223,11.2
70224,14.96
70225,14.67
70226,12.81
70227,11.22
70228,12.1
70229,11.41
70230,14.37
70231,14.5
70232,14.7
70233,14.44
70234,16.0
70235,10.06
70236,14.88
70237,16.34
70238,18.86
70239,14.44
70240,13.25
70241,11.87
70242,10.74
70243,13.12
70244,15.52
70245,12.53
70246,13.61
70247,13.54
70248,12.01
70249,13.22
70250,8.54
70251,13.23
70252,11.53
70253,13.13
70254,12.99
70255,13.55
70256,13.31
70257,11.32
70258,14.14
70259,13.9
70260,14.16
70261,14.49
70262,13.47
70263,12.02
70264,15.02
70265,13.45
70266,13.79
70267,14.66
70268,15.75
70269,13.18
70270,9.43
70271,14.79
70272,14.02
70273,16.07
70274,13.85
70275,14.16
70276,12.69
70277,13.89
70278,12.58
70279,11.23
70280,16.96
70281,15.95
70282,8.71
70283,14.16
70284,13.92
70285,17.39
70286,12.0
70287,12.98
70288,16.79
70289,12.61
70290,11.26
70291,10.73
70292,9.2
70293,15.31
70294,16.55
70295,14.28
70296,13.45
70297,9.84
70298,15.05
70299,15.57
70300,13.87
70301,9.76
70302,14.0
70303,13.76
70304,12.68
70305,16.04
70306,13.43
70307,14.33
70308,14.18
70309,10.8
70310,13.95
70311,13.51
70312,13.79
70313,12.91
70314,14.36
70315,14.13
70316,11.08
70317,18.11
70318,15.35
70319,9.12
70320,12.82
70321,13.39
70322,14.28
70323,13.64
70324,5.3
70325,15.36
70326,15.95
70327,17.07
70328,14.4
70329,14.15
70330,12.74
70331,13.93
70332,13.32
70333,13.8
70334,14.06
70335,11.58
70336,17.34
70337,14.58
70338,9.91
70339,11.49
70340,11.03
70341,13.37
70342,13.67
70343,9.15
70344,12.53
70345,11.82
70346,14.68
70347,12.25
70348,14.04
70349,14.44
70350,13.89
70351,18.41
70352,9.55
70353,9.14
70354,13.66
70355,14.15
70356,15.0
70357,13.12
70358,14.8
70359,13.58
70360,13.2
70361,11.11
70362,14.89
70363,9.87
70364,11.64
70365,16.33
70366,13.63
70367,15.92
70368,14.6
70369,7.89
70370,15.95
70371,14.04
70372,12.89
70373,17.17
70374,15.44
70375,12.95
70376,13.95
70377,15.86
70378,13.79
70379,15.0
70380,13.86
70381,15.57
70382,13.8
70383,12.97
70384,14.7
70385,9.3
70386,13.92
70387,15.08
70388,11.1
70389,9.83
70390,14.1
70391,14.61
70392,13.58
70393,14.24
70394,9.89
70395,12.62
70396,14.37
70397,17.14
70398,14.45
70399,13.31
70400,14.65
70401,15.05
70402,14.19
70403,11.89
70404,13.94
70405,15.04
70406,10.18
70407,15.21
70408,17.62
70409,9.16
70410,12.97
70411,14.54
70412,15.55
70413,9.07
70414,15.82
70415,14.25
70416,13.92
70417,14.59
70418,9.5
70419,14.6
70420,11.85
70421,12.0
70422,9.99
70423,13.46
70424,9.62
70425,5.3
70426,13.78
70427,15.31
70428,10.5
70429,14.78
70430,13.95
70431,13.87
70432,13.6
70433,13.65
70434,13.52
70435,14.63
70436,14.33
70437,16.82
70438,19.37
70439,13.2
70440,12.75
70441,15.94
70442,11.95
70443,14.77
70444,14.51
70445,15.39
70446,12.09
70447,9.52
70448,9.4
70449,11.33
70450,5.3
70451,11.17
70452,12.95
70453,12.29
70454,14.17
70455,14.55
70456,10.23
70457,9.52
70458,12.3
70459,14.27
70460,15.38
70461,13.62
70462,15.91
70463,13.99
70464,9.01
70465,12.42
70466,16.38
70467,15.05
70468,14.89
70469,13.28
70470,13.65
70471,14.46
70472,14.99
70473,13.61
70474,13.75
70475,13.64
70476,11.77
70477,15.13
70478,14.73
70479,13.97
70480,14.35
70481,15.25
70482,15.68
70483,13.89
70484,12.83
70485,14.6
70486,15.2
70487,7.47
70488,13.86
70489,16.92
70490,15.33
70491,9.79
70492,15.44
70493,13.22
70494,15.37
70495,14.47
70496,15.8
70497,17.15
70498,9.56
70499,13.77
70500,13.95
70501,13.75
70502,14.67
70503,15.78
70504,11.0
70505,13.94
70506,13.63
70507,14.38
70508,13.13
70509,14.07
70510,13.54
70511,13.99
70512,12.95
70513,11.43
70514,10.8
70515,14.23
70516,15.42
70517,16.72
70518,14.74
70519,14.81
70520,14.88
70521,13.86
70522,14.54
70523,15.3
70524,13.6
70525,14.88
70526,12.41
70527,13.82
70528,11.6
70529,12.68
70530,13.94
70531,14.21
70532,14.65
70533,17.02
70534,14.63
70535,13.46
70536,13.49
70537,11.25
70538,15.28
70539,11.34
70540,14.54
70541,14.07
70542,12.26
70543,13.37
70544,13.87
70545,13.34
70546,11.14
70547,15.22
70548,15.34
70549,14.43
70550,16.83
70551,13.49
70552,13.92
70553,13.6
70554,11.21
70555,14.08
70556,13.75
70557,15.95
70558,10.75
70559,13.19
70560,20.0
70561,15.38
70562,13.18
70563,13.03
70564,13.78
70565,15.7
70566,18.54
70567,16.71
70568,8.72
70569,8.6
70570,15.74
70571,13.06
70572,14.41
70573,9.52
70574,13.57
70575,11.31
70576,12.21
70577,14.14
70578,14.08
70579,11.51
70580,12.32
70581,9.07
70582,14.07
70583,11.03
70584,14.59
70585,9.68
70586,13.75
70587,13.54
70588,14.94
70589,13.19
70590,12.82
70591,17.87
70592,12.88
70593,13.23
70594,13.38
70595,10.09
70596,9.75
70597,14.68
70598,14.16
70599,14.32
70600,13.68
70601,18.42
70602,13.97
70603,13.03
70604,12.63
70605,15.09
70606,17.93
70607,13.47
70608,14.63
70609,15.68
70610,12.9
70611,14.27
70612,16.21
70613,15.03
70614,8.24
70615,9.82
70616,12.51
70617,5.3
70618,13.87
70619,13.37
70620,13.67
70621,14.01
70622,16.66
70623,14.36
70624,5.3
70625,15.42
70626,13.28
70627,14.02
70628,12.62
70629,13.79
70630,16.47
70631,14.08
70632,13.94
70633,13.83
70634,13.09
70635,14.97
70636,13.51
70637,11.53
70638,10.01
70639,12.34
70640,17.3
70641,12.63
70642,12.94
70643,9.85
70644,17.67
70645,10.47
70646,12.51
70647,12.54
70648,14.88
70649,12.44
70650,13.87
70651,8.9
70652,8.82
70653,13.49
70654,13.87
70655,13.85
70656,13.99
70657,11.52
70658,15.92
70659,15.96
70660,12.66
70661,14.03
70662,14.29
70663,13.81
70664,5.3
70665,14.63
70666,14.21
70667,13.78
70668,11.68
70669,12.37
70670,14.5
70671,16.35
70672,11.5
70673,9.21
70674,11.55
70675,16.69
70676,14.65
70677,15.35
70678,13.76
70679,13.28
70680,14.36
70681,9.05
70682,15.99
70683,13.79
70684,16.05
70685,14.03
70686,13.94
70687,14.01
70688,15.29
70689,11.7
70690,14.17
70691,14.0
70692,16.65
70693,10.71
70694,14.52
70695,11.7
70696,15.19
70697,9.35
70698,16.11
70699,13.44
70700,14.8
70701,14.95
70702,14.45
70703,11.74
70704,14.19
70705,14.25
70706,14.31
70707,14.36
70708,14.91
70709,12.93
70710,13.38
70711,14.12
70712,13.49
70713,8.98
70714,13.99
70715,14.51
70716,13.76
70717,14.01
70718,12.81
70719,14.16
70720,11.8
70721,5.3
70722,5.3
70723,9.87
70724,14.31
70725,13.55
70726,13.28
70727,11.79
70728,15.36
70729,13.92
70730,13.42
70731,15.24
70732,13.68
70733,13.48
70734,14.02
70735,14.38
70736,13.13
70737,11.54
70738,13.93
70739,12.14
70740,17.16
70741,9.07
70742,11.83
70743,13.65
70744,13.86
70745,14.61
70746,15.2
70747,13.93
70748,8.8
70749,13.74
70750,13.95
70751,15.61
70752,13.75
70753,14.84
70754,17.53
70755,13.72
70756,14.11
70757,13.74
70758,14.14
70759,14.51
70760,13.42
70761,15.98
70762,11.93
70763,14.0
70764,11.05
70765,13.38
70766,14.46
70767,12.87
70768,14.0
70769,9.05
70770,13.52
70771,13.82
70772,14.64
70773,14.37
70774,9.49
70775,11.53
70776,12.18
70777,10.25
70778,9.88
70779,9.6
70780,13.9
70781,12.49
70782,14.34
70783,13.78
70784,9.2
70785,14.59
70786,15.52
70787,13.93
70788,13.89
70789,15.74
70790,8.39
70791,13.32
70792,11.35
70793,12.1
70794,15.16
70795,13.84
70796,13.86
70797,15.3
70798,14.72
70799,14.29
70800,11.46
70801,14.26
70802,13.42
70803,9.82
70804,12.89
70805,14.11
70806,9.63
70807,14.11
70808,13.97
70809,15.72
70810,13.99
70811,14.23
70812,15.35
70813,11.19
70814,13.47
70815,8.73
70816,11.21
70817,12.04
70818,12.63
70819,14.79
70820,13.16
70821,13.4
70822,13.66
70823,14.75
70824,16.62
70825,15.04
70826,11.39
70827,14.27
70828,13.73
70829,13.27
70830,12.71
70831,9.11
70832,13.66
70833,12.8
70834,15.74
70835,13.98
70836,14.68
70837,11.5
70838,12.16
70839,9.41
70840,13.24
70841,9.43
70842,11.86
70843,14.86
70844,13.14
70845,14.12
70846,5.3
70847,11.58
70848,12.22
70849,15.34
70850,14.14
70851,12.24
70852,12.59
70853,13.14
70854,15.64
70855,13.96
70856,17.35
70857,15.94
70858,13.08
70859,13.66
70860,15.65
70861,11.24
70862,15.44
70863,16.27
70864,14.35
70865,13.75
70866,11.73
70867,12.84
70868,9.33
70869,14.04
70870,16.2
70871,13.92
70872,14.06
70873,13.68
70874,16.28
70875,14.39
70876,13.82
70877,11.11
70878,17.15
70879,14.53
70880,13.56
70881,13.82
70882,14.98
70883,5.3
70884,13.1
70885,14.16
70886,14.64
70887,14.35
70888,14.75
70889,14.65
70890,13.78
70891,15.09
70892,15.67
70893,12.3
70894,13.43
70895,12.85
70896,15.0
70897,15.93
70898,13.01
70899,13.53
70900,14.9
70901,13.46
70902,10.56
70903,15.33
70904,19.75
70905,14.3
70906,15.89
70907,14.23
70908,12.07
70909,12.51
70910,9.14
70911,15.16
70912,12.21
70913,13.36
70914,11.86
70915,11.68
70916,14.11
70917,10.47
70918,13.97
70919,9.75
70920,9.04
70921,14.1
70922,10.73
70923,10.01
70924,10.83
70925,16.47
70926,13.41
70927,14.46
70928,13.54
70929,16.93
70930,12.12
70931,14.67
70932,13.64
70933,17.9
70934,13.93
70935,16.04
70936,15.74
70937,13.2
70938,15.16
70939,10.7
70940,14.6
70941,13.73
70942,14.43
70943,13.8
70944,14.25
70945,11.8
70946,9.66
70947,14.34
70948,14.02
70949,11.66
70950,14.34
70951,12.79
70952,13.95
70953,16.59
70954,13.8
70955,13.75
70956,9.68
70957,13.02
70958,14.26
70959,14.54
70960,11.17
70961,15.07
70962,15.82
70963,16.07
70964,13.43
70965,14.5
70966,14.3
70967,14.94
70968,14.4
70969,13.73
70970,15.13
70971,14.02
70972,14.21
70973,9.49
70974,9.98
70975,13.65
70976,8.3
70977,12.09
70978,14.19
70979,14.92
70980,12.83
70981,10.08
70982,16.9
70983,19.83
70984,12.23
70985,16.43
70986,6.53
70987,14.32
70988,8.31
70989,9.87
70990,13.58
70991,14.75
70992,14.79
70993,15.48
70994,14.05
70995,14.24
70996,13.25
70997,13.86
70998,17.01
70999,15.09
71000,14.48
71001,17.91
71002,13.71
71003,15.85
71004,13.53
71005,12.85
71006,15.33
71007,10.51
71008,12.69
71009,13.82
71010,9.66
71011,15.85
71012,14.16
71013,16.05
71014,13.79
71015,13.56
71016,5.3
71017,14.18
71018,13.39
71019,14.01
71020,13.89
71021,14.48
71022,16.55
71023,11.61
71024,8.43
71025,13.67
71026,13.28
71027,13.64
71028,13.79
71029,16.02
71030,13.75
71031,15.06
71032,14.3
71033,12.69
71034,13.3
71035,12.19
71036,15.93
71037,14.83
71038,12.99
71039,10.62
71040,15.74
71041,14.27
71042,11.38
71043,13.45
71044,16.24
71045,13.98
71046,11.89
71047,10.27
71048,13.45
71049,12.87
71050,12.25
71051,15.65
71052,13.77
71053,14.26
71054,11.63
71055,15.09
71056,15.15
71057,12.84
71058,14.93
71059,13.57
71060,14.53
71061,15.08
71062,8.8
71063,14.13
71064,15.48
71065,14.12
71066,10.94
71067,8.98
71068,10.03
71069,13.96
71070,9.4
71071,14.28
71072,13.68
71073,15.75
71074,16.77
71075,9.64
71076,14.46
71077,14.84
71078,13.9
71079,13.44
71080,14.09
71081,14.2
71082,14.01
71083,12.87
71084,14.77
71085,18.43
71086,13.67
71087,9.39
71088,16.37
71089,11.09
71090,14.41
71091,12.12
71092,16.49
71093,15.49
71094,12.09
71095,9.94
71096,14.41
71097,10.49
71098,13.53
71099,12.59
71100,14.29
71101,10.33
71102,17.67
71103,15.46
71104,15.1
71105,13.06
71106,14.09
71107,13.03
71108,14.5
71109,16.23
71110,11.95
71111,13.23
71112,8.95
71113,13.9
71114,14.38
71115,15.74
71116,12.41
71117,13.95
71118,5.3
71119,15.84
71120,11.68
71121,16.85
71122,10.9
71123,11.11
71124,12.97
71125,14.22
71126,16.78
71127,13.78
71128,15.27
71129,14.51
71130,16.08
71131,13.56
71132,16.92
71133,15.76
71134,13.97
71135,11.58
71136,13.84
71137,13.91
71138,13.87
71139,13.26
71140,13.89
71141,14.81
71142,14.75
71143,12.42
71144,13.53
71145,15.68
71146,15.65
71147,14.13
71148,8.74
71149,14.83
71150,14.56
71151,9.62
71152,15.09
71153,9.81
71154,13.71
71155,9.45
71156,14.63
71157,15.14
71158,14.11
71159,14.15
71160,13.13
71161,12.85
71162,12.91
71163,14.62
71164,13.9
71165,13.63
71166,13.53
71167,14.03
71168,9.52
71169,14.57
71170,13.81
71171,14.88
71172,16.01
71173,13.17
71174,13.82
71175,13.94
71176,14.11
71177,11.81
71178,14.82
71179,10.7
71180,16.67
71181,14.19
71182,9.34
71183,15.2
71184,14.39
71185,13.22
71186,13.48
71187,8.98
71188,12.8
71189,13.68
71190,14.23
71191,13.01
71192,14.71
71193,14.75
71194,14.24
71195,15.43
71196,14.12
71197,14.6
71198,8.66
71199,13.89
71200,14.45
71201,14.22
71202,12.35
71203,15.02
71204,13.6
71205,13.48
71206,15.27
71207,11.77
71208,9.72
71209,12.19
71210,9.35
71211,12.91
71212,9.68
71213,14.12
71214,11.76
71215,13.82
71216,15.39
71217,17.28
71218,10.79
71219,10.86
71220,13.62
71221,14.88
71222,11.81
71223,14.11
71224,15.73
71225,13.43
71226,13.68
71227,12.35
71228,13.18
71229,14.87
71230,8.81
71231,14.95
71232,14.82
71233,13.2
71234,12.99
71235,14.12
71236,13.76
71237,9.86
71238,16.48
71239,13.59
71240,13.63
71241,10.42
71242,15.19
71243,13.97
71244,13.62
71245,13.85
71246,13.64
71247,15.94
71248,13.6
71249,13.81
71250,8.74
71251,15.93
71252,13.88
71253,13.73
71254,13.36
71255,9.27
71256,16.5
71257,14.13
71258,14.12
71259,13.72
71260,16.85
71261,13.91
71262,12.86
71263,14.65
71264,14.44
71265,14.26
71266,14.65
71267,13.3
71268,13.38
71269,14.7
71270,15.03
71271,14.64
71272,17.07
71273,9.19
71274,15.39
71275,13.83
71276,10.99
71277,12.87
71278,8.1
71279,9.54
71280,10.93
71281,12.67
71282,13.95
71283,13.81
71284,11.68
71285,13.99
71286,13.91
71287,13.91
71288,14.45
71289,16.59
71290,13.82
71291,15.29
71292,14.31
71293,11.56
71294,14.74
71295,14.76
71296,12.04
71297,14.75
71298,14.5
71299,13.77
71300,12.11
71301,10.03
71302,15.92
71303,13.76
71304,14.29
71305,14.54
71306,15.25
71307,13.33
71308,17.58
71309,13.86
71310,11.07
71311,12.8
71312,15.36
71313,9.46
71314,13.38
71315,13.64
71316,13.72
71317,9.37
71318,15.45
71319,13.56
71320,13.56
71321,11.88
71322,14.25
71323,13.83
71324,13.58
71325,14.9
71326,15.98
71327,9.56
71328,15.92
71329,14.44
71330,12.59
71331,14.09
71332,15.85
71333,9.63
71334,14.13
71335,15.13
71336,10.21
71337,13.99
71338,14.5
71339,14.53
71340,12.15
71341,13.12
71342,10.97
71343,16.61
71344,16.12
71345,14.72
71346,14.8
71347,13.53
71348,15.47
71349,13.15
71350,13.74
71351,14.09
71352,13.99
71353,11.14
71354,14.1
71355,13.76
71356,14.92
71357,12.94
71358,15.15
71359,15.78
71360,12.73
71361,13.84
71362,12.23
71363,14.33
71364,9.49
71365,14.02
71366,12.89
71367,15.55
71368,14.36
71369,12.14
71370,9.69
71371,13.93
71372,15.07
71373,11.04
71374,14.9
71375,13.35
71376,14.91
71377,14.25
71378,12.88
71379,13.62
71380,15.04
71381,13.19
71382,13.8
71383,14.68
71384,11.98
71385,14.93
71386,13.01
71387,14.67
71388,14.22
71389,14.81
71390,14.12
71391,14.75
71392,13.84
71393,13.76
71394,12.36
71395,13.72
71396,12.07
71397,11.02
71398,13.58
71399,9.46
71400,11.65
71401,13.95
71402,9.26
71403,14.4
71404,13.97
71405,14.64
71406,14.27
71407,14.95
71408,13.99
71409,13.09
71410,14.6
71411,12.0
71412,14.07
71413,12.41
71414,13.76
71415,14.04
71416,12.62
71417,12.52
71418,14.54
71419,13.54
71420,15.93
71421,11.95
71422,15.87
71423,14.01
71424,12.9
71425,15.76
71426,13.95
71427,13.78
71428,18.52
71429,14.37
71430,14.25
71431,13.54
71432,16.32
71433,14.59
71434,14.82
71435,13.89
71436,11.22
71437,13.75
71438,14.62
71439,11.98
71440,12.88
71441,15.17
71442,14.54
71443,13.16
71444,12.97
71445,14.44
71446,15.84
71447,13.81
71448,12.27
71449,16.78
71450,16.46
71451,13.55
71452,11.84
71453,12.35
71454,14.01
71455,13.08
71456,14.63
71457,13.83
71458,15.5
71459,14.5
71460,13.81
71461,15.08
71462,9.87
71463,13.29
71464,15.2
71465,18.68
71466,13.76
71467,13.78
71468,14.41
71469,15.01
71470,14.52
71471,13.06
71472,13.54
71473,14.73
71474,13.89
71475,13.79
71476,14.81
71477,14.36
71478,14.15
71479,11.15
71480,9.74
71481,15.47
71482,14.06
71483,14.03
71484,20.14
71485,13.76
71486,14.63
71487,14.56
71488,11.37
71489,8.79
71490,14.88
71491,14.99
71492,14.09
71493,15.51
71494,13.73
71495,12.71
71496,12.36
71497,14.24
71498,14.14
71499,12.85
71500,13.6
71501,13.52
71502,13.85
71503,10.72
71504,10.36
71505,14.05
71506,11.79
71507,12.26
71508,11.58
71509,9.83
71510,9.73
71511,10.6
71512,15.68
71513,12.56
71514,14.53
71515,14.5
71516,12.13
71517,14.11
71518,17.2
71519,15.44
71520,12.38
71521,13.94
71522,14.41
71523,11.53
71524,12.28
71525,8.14
71526,13.76
71527,14.82
71528,16.13
71529,14.89
71530,9.03
71531,15.06
71532,9.67
71533,10.89
71534,12.76
71535,10.78
71536,14.27
71537,13.46
71538,9.42
71539,14.1
71540,17.61
71541,11.4
71542,13.36
71543,9.41
71544,15.09
71545,15.12
71546,13.51
71547,14.28
71548,13.53
71549,13.91
71550,9.96
71551,15.66
71552,14.27
71553,12.79
71554,13.74
71555,12.32
71556,13.72
71557,11.97
71558,17.79
71559,13.91
71560,14.32
71561,13.15
71562,15.5
71563,14.48
71564,13.86
71565,15.72
71566,12.14
71567,13.9
71568,11.68
71569,13.92
71570,13.77
71571,11.29
71572,13.85
71573,12.97
71574,12.41
71575,14.26
71576,12.92
71577,14.3
71578,14.27
71579,13.95
71580,13.91
71581,16.62
71582,14.72
71583,15.53
71584,8.54
71585,12.95
71586,9.81
71587,16.55
71588,13.71
71589,15.5
71590,13.68
71591,5.3
71592,12.82
71593,15.48
71594,17.54
71595,17.26
71596,11.01
71597,14.05
71598,13.72
71599,13.43
71600,13.02
71601,14.26
71602,15.9
71603,15.43
71604,14.34
71605,12.5
71606,15.77
71607,14.87
71608,13.78
71609,14.01
71610,14.51
71611,18.55
71612,10.87
71613,14.7
71614,13.94
71615,15.0
71616,14.61
71617,14.13
71618,16.12
71619,13.77
71620,13.62
71621,13.07
71622,12.55
71623,13.97
71624,13.52
71625,14.78
71626,15.47
71627,14.0
71628,15.75
71629,13.94
71630,9.89
71631,13.26
71632,15.33
71633,14.67
71634,14.44
71635,13.51
71636,15.96
71637,15.65
71638,13.54
71639,15.93
71640,16.3
71641,15.22
71642,14.63
71643,15.85
71644,12.7
71645,14.2
71646,15.3
71647,9.37
71648,13.66
71649,13.7
71650,13.3
71651,9.21
71652,14.13
71653,13.67
71654,13.39
71655,11.46
71656,17.6
71657,13.57
71658,16.55
71659,11.1
71660,16.43
71661,14.15
71662,14.75
71663,13.21
71664,8.76
71665,14.93
71666,13.98
71667,12.7
71668,14.83
71669,13.65
71670,10.45
71671,12.39
71672,13.75
71673,13.85
71674,13.9
71675,14.69
71676,14.03
71677,9.51
71678,9.62
71679,14.23
71680,14.86
71681,11.6
71682,14.42
71683,14.74
71684,15.51
71685,14.32
71686,13.83
71687,13.29
71688,14.72
71689,9.51
71690,17.56
71691,10.57
71692,15.89
71693,12.03
71694,15.63
71695,13.81
71696,9.92
71697,9.73
71698,15.48
71699,14.83
71700,10.16
71701,11.94
71702,14.91
71703,12.15
71704,13.94
71705,15.58
71706,18.72
71707,15.02
71708,13.78
71709,15.67
71710,12.82
71711,13.2
71712,13.39
71713,15.33
71714,14.29
71715,11.12
71716,14.71
71717,10.22
71718,15.3
71719,14.21
71720,9.06
71721,13.45
71722,14.13
71723,14.68
71724,14.2
71725,14.51
71726,13.75
71727,9.24
71728,11.41
71729,13.42
71730,13.14
71731,15.14
71732,11.63
71733,9.45
71734,14.29
71735,17.6
71736,14.0
71737,13.34
71738,15.52
71739,12.79
71740,13.68
71741,15.6
71742,14.08
71743,12.79
71744,10.71
71745,13.64
71746,14.06
71747,14.44
71748,13.56
71749,16.58
71750,14.09
71751,16.88
71752,14.16
71753,14.2
71754,14.51
71755,15.96
71756,12.82
71757,15.31
71758,12.41
71759,12.17
71760,14.53
71761,13.43
71762,14.96
71763,13.22
71764,14.39
71765,15.44
71766,15.44
71767,14.43
71768,14.84
71769,14.04
71770,13.0
71771,17.25
71772,12.56
71773,16.16
71774,13.31
71775,14.85
71776,14.38
71777,14.63
71778,12.12
71779,15.06
71780,15.81
71781,8.37
71782,13.88
71783,9.02
71784,13.58
71785,14.68
71786,13.14
71787,9.88
71788,13.26
71789,5.3
71790,14.04
71791,14.19
71792,14.23
71793,11.62
71794,13.15
71795,8.59
71796,11.5
71797,11.48
71798,14.09
71799,11.53
71800,15.54
71801,14.04
71802,10.34
71803,11.71
71804,9.44
71805,16.12
71806,14.49
71807,14.26
71808,9.54
71809,13.77
71810,18.61
71811,5.3
71812,13.62
71813,13.84
71814,8.56
71815,14.12
71816,9.65
71817,14.25
71818,14.14
71819,18.96
71820,5.3
71821,11.07
71822,13.93
71823,9.99
71824,14.08
71825,12.35
71826,14.03
71827,14.29
71828,10.87
71829,13.92
71830,14.52
71831,15.14
71832,11.06
71833,14.05
71834,15.07
71835,18.63
71836,12.54
71837,13.95
71838,14.23
71839,14.21
71840,10.73
71841,15.72
71842,14.59
71843,13.38
71844,14.35
71845,11.55
71846,18.68
71847,9.18
71848,13.01
71849,14.55
71850,13.47
71851,12.46
71852,13.07
71853,13.9
71854,18.06
71855,10.39
71856,13.34
71857,13.85
71858,12.47
71859,13.93
71860,12.98
71861,13.73
71862,14.61
71863,19.18
71864,13.78
71865,13.8
71866,14.65
71867,12.05
71868,14.39
71869,12.07
71870,11.23
71871,13.85
71872,13.62
71873,9.13
71874,14.21
71875,13.0
71876,10.99
71877,13.24
71878,13.52
71879,12.23
71880,13.8
71881,9.16
71882,13.78
71883,13.89
71884,13.22
71885,12.56
71886,14.88
71887,14.4
71888,15.53
71889,12.05
71890,15.69
71891,13.72
71892,14.94
71893,13.53
71894,12.93
71895,14.9
71896,11.33
71897,14.68
71898,13.62
71899,11.31
71900,16.27
71901,14.97
71902,17.19
71903,5.3
71904,14.22
71905,15.48
71906,15.25
71907,11.07
71908,13.98
71909,14.59
71910,15.0
71911,13.94
71912,11.68
71913,10.68
71914,15.7
71915,14.37
71916,13.19
71917,14.45
71918,15.29
71919,13.18
71920,12.48
71921,15.33
71922,12.28
71923,14.04
71924,12.59
71925,9.91
71926,13.62
71927,13.99
71928,14.23
71929,15.05
71930,5.3
71931,13.88
71932,14.48
71933,16.62
71934,15.97
71935,14.35
71936,8.57
71937,9.64
71938,14.55
71939,15.44
71940,13.77
71941,14.98
71942,14.31
71943,16.5
71944,12.72
71945,14.56
71946,5.3
71947,14.75
71948,14.88
71949,13.41
71950,11.41
71951,14.25
71952,13.66
71953,13.55
71954,11.38
71955,14.61
71956,8.9
71957,9.27
71958,15.86
71959,15.03
71960,13.01
71961,9.29
71962,18.35
71963,15.24
71964,13.26
71965,15.52
71966,15.12
71967,5.3
71968,12.83
71969,14.73
71970,10.33
71971,12.89
71972,14.15
71973,13.92
71974,10.33
71975,14.53
71976,14.01
71977,14.16
71978,15.08
71979,14.94
71980,11.87
71981,14.39
71982,15.16
71983,13.67
71984,17.08
71985,14.04
71986,14.8
71987,14.56
71988,16.48
71989,15.22
71990,15.34
71991,13.78
71992,14.04
71993,14.1
71994,13.57
71995,14.21
71996,13.39
71997,14.51
71998,15.2
71999,12.7
72000,13.76
72001,13.88
72002,16.12
72003,14.03
72004,13.92
72005,15.08
72006,13.87
72007,13.36
72008,11.16
72009,15.13
72010,14.38
72011,13.71
72012,15.09
72013,10.05
72014,13.8
72015,15.83
72016,12.64
72017,14.05
72018,14.58
72019,14.3
72020,14.5
72021,13.29
72022,13.02
72023,16.04
72024,14.56
72025,13.5
72026,16.58
72027,17.9
72028,11.82
72029,13.01
72030,14.59
72031,13.84
72032,15.37
72033,15.45
72034,14.1
72035,10.81
72036,16.67
72037,14.03
72038,11.33
72039,8.25
72040,15.28
72041,10.43
72042,15.75
72043,11.04
72044,15.86
72045,11.92
72046,17.88
72047,15.77
72048,12.62
72049,12.33
72050,13.23
72051,14.39
72052,15.48
72053,16.14
72054,13.43
72055,12.78
72056,13.3
72057,13.62
72058,10.59
72059,14.38
72060,15.2
72061,15.13
72062,17.15
72063,17.89
72064,16.94
72065,9.94
72066,14.2
72067,13.64
72068,15.55
72069,14.9
72070,18.13
72071,14.62
72072,14.27
72073,12.73
72074,11.66
72075,13.51
72076,10.91
72077,14.53
72078,9.13
72079,10.55
72080,14.49
72081,5.3
72082,14.4
72083,14.71
72084,14.61
72085,14.59
72086,14.44
72087,14.5
72088,12.19
72089,14.05
72090,14.38
72091,13.77
72092,16.1
72093,17.33
72094,8.86
72095,15.01
72096,13.69
72097,10.68
72098,10.71
72099,11.42
72100,14.42
72101,14.5
72102,14.83
72103,13.16
72104,14.46
72105,13.08
72106,9.14
72107,17.9
72108,13.63
72109,15.02
72110,16.45
72111,11.1
72112,15.65
72113,14.2
72114,13.82
72115,13.99
72116,13.66
72117,10.95
72118,13.92
72119,10.23
72120,5.3
72121,10.23
72122,8.05
72123,13.14
72124,10.36
72125,11.75
72126,14.46
72127,14.55
72128,10.08
72129,16.52
72130,11.44
72131,12.78
72132,10.87
72133,14.84
72134,13.48
72135,13.16
72136,14.01
72137,13.62
72138,14.69
72139,15.69
72140,9.0
72141,13.28
72142,15.41
72143,18.5
72144,11.14
72145,13.21
72146,11.93
72147,8.68
72148,8.83
72149,14.0
72150,15.59
72151,13.88
72152,15.69
72153,13.5
72154,11.21
72155,12.96
72156,15.56
72157,13.82
72158,7.52
72159,11.12
72160,13.17
72161,15.8
72162,9.49
72163,14.49
72164,14.03
72165,15.42
72166,8.31
72167,10.47
72168,13.67
72169,14.25
72170,13.77
72171,13.89
72172,11.16
72173,9.72
72174,12.02
72175,8.67
72176,18.13
72177,11.54
72178,11.84
72179,16.56
72180,13.85
72181,11.53
72182,12.99
72183,13.28
72184,13.95
72185,13.84
72186,14.89
72187,12.82
72188,15.51
72189,17.75
72190,14.25
72191,14.6
72192,15.09
72193,10.53
72194,14.41
72195,16.19
72196,15.15
72197,13.98
72198,15.16
72199,12.9
72200,11.84
72201,12.24
72202,13.99
72203,9.49
72204,13.34
72205,12.9
72206,10.21
72207,11.1
72208,13.38
72209,9.91
72210,17.26
72211,5.3
72212,9.29
72213,14.35
72214,15.05
72215,14.08
72216,9.57
72217,14.81
72218,14.58
72219,14.96
72220,14.2
72221,14.09
72222,13.81
72223,14.06
72224,9.55
72225,14.83
72226,12.47
72227,8.29
72228,11.35
72229,13.59
72230,17.52
72231,15.65
72232,15.61
72233,14.21
72234,12.0
72235,13.14
72236,14.79
72237,14.17
72238,14.26
72239,14.68
72240,14.92
72241,13.59
72242,9.45
72243,11.87
72244,17.43
72245,17.04
72246,12.07
72247,17.98
72248,16.88
72249,16.52
72250,13.32
72251,13.73
72252,14.65
72253,14.23
72254,11.98
72255,13.95
72256,13.07
72257,13.59
72258,15.91
72259,13.81
72260,16.64
72261,9.57
72262,13.79
72263,14.02
72264,14.58
72265,16.35
72266,14.45
72267,11.1
72268,13.76
72269,14.66
72270,9.38
72271,16.4
72272,13.69
72273,12.54
72274,13.95
72275,14.32
72276,14.91
72277,10.79
72278,13.63
72279,14.79
72280,14.27
72281,13.99
72282,14.43
72283,8.53
72284,14.03
72285,12.87
72286,14.21
72287,14.01
72288,13.15
72289,11.43
72290,15.29
72291,16.07
72292,14.2
72293,5.3
72294,17.93
72295,10.23
72296,15.12
72297,12.59
72298,10.41
72299,15.35
72300,14.8
72301,14.3
72302,14.05
72303,13.18
72304,15.41
72305,14.36
72306,5.3
72307,11.3
72308,13.97
72309,14.1
72310,14.81
72311,15.67
72312,15.92
72313,9.71
72314,13.15
72315,13.69
72316,13.94
72317,16.21
72318,15.12
72319,12.44
72320,14.63
72321,13.44
72322,14.37
72323,16.49
72324,10.82
72325,10.27
72326,14.69
72327,14.23
72328,13.77
72329,15.02
72330,13.79
72331,12.3
72332,14.22
72333,13.52
72334,13.46
72335,14.88
72336,13.54
72337,16.2
72338,14.69
72339,14.02
72340,12.61
72341,8.78
72342,13.7
72343,13.61
72344,13.97
72345,12.21
72346,11.36
72347,12.23
72348,16.05
72349,8.81
72350,13.88
72351,13.41
72352,14.11
72353,14.89
72354,9.5
72355,13.32
72356,14.21
72357,14.23
72358,14.06
72359,12.66
72360,14.47
72361,11.51
72362,14.12
72363,12.92
72364,13.83
72365,12.1
72366,16.91
72367,13.92
72368,10.55
72369,10.95
72370,14.89
72371,13.31
72372,13.98
72373,5.3
72374,12.14
72375,14.19
72376,14.24
72377,17.2
72378,14.11
72379,14.08
72380,13.05
72381,14.96
72382,10.59
72383,11.75
72384,14.25
72385,12.68
72386,9.49
72387,10.31
72388,12.27
72389,14.87
72390,10.39
72391,14.25
72392,15.05
72393,13.44
72394,15.35
72395,14.46
72396,8.69
72397,9.55
72398,14.84
72399,14.51
72400,16.47
72401,13.51
72402,13.37
72403,15.45
72404,9.41
72405,14.08
72406,13.23
72407,13.95
72408,15.83
72409,14.11
72410,15.2
72411,13.53
72412,14.13
72413,10.27
72414,13.59
72415,16.91
72416,11.76
72417,13.48
72418,12.26
72419,13.63
72420,14.03
72421,14.01
72422,14.02
72423,13.24
72424,16.85
72425,9.81
72426,13.04
72427,16.16
72428,14.31
72429,15.61
72430,14.49
72431,9.01
72432,13.45
72433,5.3
72434,14.52
72435,14.16
72436,8.5
72437,10.51
72438,13.56
72439,20.58
72440,14.25
72441,14.64
72442,9.53
72443,11.57
72444,13.71
72445,14.47
72446,12.28
72447,11.51
72448,9.78
72449,16.03
72450,14.1
72451,16.89
72452,11.79
72453,14.77
72454,14.63
72455,16.28
72456,12.24
72457,13.94
72458,13.59
72459,5.3
72460,14.05
72461,15.62
72462,11.1
72463,13.19
72464,13.22
72465,13.5
72466,13.43
72467,15.75
72468,17.98
72469,15.15
72470,16.87
72471,15.44
72472,11.89
72473,9.54
72474,13.71
72475,8.53
72476,14.31
72477,10.29
72478,14.71
72479,14.04
72480,15.88
72481,12.38
72482,14.22
72483,13.06
72484,15.63
72485,14.64
72486,9.48
72487,12.21
72488,16.31
72489,13.75
72490,13.98
72491,13.9
72492,14.29
72493,14.04
72494,14.45
72495,15.43
72496,14.4
72497,14.17
72498,16.86
72499,13.68
72500,12.23
72501,13.68
72502,14.28
72503,15.48
72504,10.08
72505,12.19
72506,11.47
72507,14.9
72508,13.34
72509,9.58
72510,13.19
72511,14.27
72512,9.29
72513,14.31
72514,17.04
72515,13.69
72516,13.82
72517,13.82
72518,13.43
72519,9.76
72520,12.68
72521,11.95
72522,13.55
72523,14.55
72524,14.52
72525,14.01
72526,12.38
72527,13.13
72528,15.09
72529,13.91
72530,13.6
72531,11.22
72532,14.43
72533,17.23
72534,13.19
72535,11.28
72536,10.7
72537,13.88
72538,12.04
72539,17.21
72540,13.66
72541,9.51
72542,15.24
72543,14.0
72544,15.13
72545,14.14
72546,13.5
72547,14.42
72548,13.83
72549,13.96
72550,13.31
72551,8.99
72552,12.47
72553,12.07
72554,14.16
72555,10.85
72556,18.34
72557,9.78
72558,13.7
72559,14.17
72560,9.47
72561,14.6
72562,15.95
72563,12.68
72564,10.66
72565,13.38
72566,14.28
72567,13.81
72568,12.61
72569,14.86
72570,14.89
72571,15.45
72572,13.93
72573,15.35
72574,15.62
72575,14.81
72576,16.55
72577,13.82
72578,13.4
72579,14.11
72580,19.11
72581,13.77
72582,13.67
72583,11.04
72584,14.03
72585,11.6
72586,12.75
72587,12.26
72588,14.74
72589,14.48
72590,11.16
72591,14.5
72592,14.12
72593,15.06
72594,15.11
72595,14.58
72596,12.87
72597,13.69
72598,5.3
72599,11.6
72600,15.04
72601,15.05
72602,14.38
72603,14.24
72604,13.81
72605,13.78
72606,5.3
72607,14.31
72608,13.04
72609,16.15
72610,13.46
72611,10.73
72612,15.82
72613,14.69
72614,5.3
72615,13.65
72616,11.86
72617,14.34
72618,14.57
72619,11.17
72620,14.28
72621,13.87
72622,9.73
72623,18.84
72624,13.3
72625,14.49
72626,15.35
72627,12.83
72628,14.73
72629,9.25
72630,14.32
72631,14.08
72632,13.7
72633,11.87
72634,14.47
72635,13.72
72636,14.19
72637,12.06
72638,13.93
72639,8.84
72640,14.29
72641,16.86
72642,16.02
72643,14.34
72644,15.33
72645,13.69
72646,13.25
72647,13.94
72648,15.69
72649,8.08
72650,12.07
72651,12.06
72652,15.85
72653,16.68
72654,10.87
72655,12.22
72656,14.22
72657,11.06
72658,11.09
72659,13.45
72660,14.11
72661,12.98
72662,14.09
72663,13.49
72664,15.76
72665,11.14
72666,10.17
72667,13.84
72668,11.6
72669,9.32
72670,15.38
72671,13.81
72672,13.42
72673,14.84
72674,13.51
72675,14.42
72676,18.11
72677,13.36
72678,10.16
72679,13.15
72680,13.73
72681,12.35
72682,14.29
72683,13.84
72684,15.93
72685,9.5
72686,14.06
72687,11.52
72688,13.9
72689,14.05
72690,14.16
72691,17.95
72692,14.55
72693,14.31
72694,13.76
72695,13.93
72696,13.08
72697,15.82
72698,15.18
72699,13.55
72700,14.52
72701,14.16
72702,15.23
72703,16.27
72704,13.88
72705,14.5
72706,13.94
72707,14.47
72708,11.56
72709,10.12
72710,13.65
72711,13.92
72712,14.04
72713,11.04
72714,13.83
72715,14.31
72716,5.3
72717,14.24
72718,12.36
72719,9.74
72720,14.1
72721,13.88
72722,14.82
72723,9.88
72724,14.29
72725,11.25
72726,12.31
72727,12.36
72728,15.65
72729,14.0
72730,12.85
72731,5.3
72732,13.65
72733,14.57
72734,12.24
72735,13.73
72736,14.49
72737,14.01
72738,14.68
72739,13.89
72740,14.31
72741,14.81
72742,10.37
72743,8.58
72744,15.73
72745,15.25
72746,13.22
72747,8.38
72748,14.71
72749,10.2
72750,14.01
72751,14.18
72752,14.35
72753,11.97
72754,14.2
72755,14.38
72756,14.38
72757,13.52
72758,12.9
72759,11.05
72760,15.76
72761,11.96
72762,13.07
72763,13.49
72764,17.66
72765,10.19
72766,14.49
72767,13.85
72768,13.57
72769,11.14
72770,14.71
72771,12.42
72772,17.51
72773,13.87
72774,11.31
72775,14.65
72776,13.37
72777,13.31
72778,13.74
72779,10.25
72780,13.48
72781,13.99
72782,19.01
72783,9.64
72784,16.3
72785,10.84
72786,14.66
72787,13.98
72788,14.26
72789,12.39
72790,14.35
72791,14.66
72792,9.94
72793,12.61
72794,14.74
72795,15.07
72796,12.04
72797,12.03
72798,13.45
72799,13.99
72800,13.9
72801,12.16
72802,12.87
72803,15.88
72804,14.1
72805,15.36
72806,11.0
72807,13.98
72808,13.87
72809,19.3
72810,12.31
72811,11.69
72812,20.23
72813,14.18
72814,14.51
72815,7.68
72816,9.97
72817,8.76
72818,11.31
72819,15.19
72820,14.17
72821,13.67
72822,14.74
72823,14.27
72824,15.01
72825,14.13
72826,16.01
72827,9.36
72828,14.04
72829,11.21
72830,9.42
72831,14.23
72832,11.51
72833,13.74
72834,9.73
72835,9.17
72836,13.18
72837,13.69
72838,5.3
72839,13.03
72840,9.01
72841,16.84
72842,13.28
72843,16.67
72844,14.52
72845,11.65
72846,17.24
72847,15.02
72848,13.88
72849,14.04
72850,13.94
72851,13.95
72852,15.41
72853,15.94
72854,13.89
72855,13.62
72856,13.09
72857,15.39
72858,14.79
72859,13.74
72860,12.92
72861,13.58
72862,13.92
72863,10.96
72864,12.01
72865,10.13
72866,5.3
72867,13.61
72868,14.6
72869,12.93
72870,12.97
72871,5.3
72872,14.14
72873,10.71
72874,14.13
72875,11.51
72876,14.56
72877,14.36
72878,14.16
72879,9.17
72880,13.93
72881,14.02
72882,13.91
72883,11.19
72884,14.54
72885,13.51
72886,8.64
72887,12.37
72888,16.18
72889,16.31
72890,10.27
72891,12.33
72892,14.02
72893,10.93
72894,13.89
72895,12.11
72896,15.49
72897,5.3
72898,14.48
72899,11.72
72900,11.4
72901,16.09
72902,14.39
72903,14.25
72904,13.29
72905,16.03
72906,14.13
72907,14.11
72908,16.47
72909,17.55
72910,14.38
72911,13.77
72912,13.58
72913,11.19
72914,14.08
72915,14.72
72916,12.12
72917,13.54
72918,13.74
72919,14.64
72920,13.94
72921,14.53
72922,11.2
72923,14.24
72924,12.14
72925,15.28
72926,12.47
72927,13.09
72928,13.62
72929,9.68
72930,13.71
72931,9.71
72932,7.36
72933,10.92
72934,13.94
72935,14.81
72936,9.6
72937,15.1
72938,14.29
72939,14.12
72940,16.21
72941,14.98
72942,14.52
72943,15.09
72944,9.58
72945,15.51
72946,13.69
72947,12.97
72948,11.14
72949,16.05
72950,13.1
72951,15.99
72952,15.88
72953,14.33
72954,14.83
72955,13.7
72956,13.92
72957,13.83
72958,13.88
72959,14.47
72960,9.9
72961,13.62
72962,14.85
72963,13.73
72964,14.09
72965,9.23
72966,16.51
72967,8.8
72968,12.29
72969,13.08
72970,11.3
72971,14.96
72972,17.84
72973,12.19
72974,16.47
72975,12.58
72976,5.3
72977,13.33
72978,13.3
72979,14.02
72980,12.96
72981,14.86
72982,14.74
72983,13.76
72984,14.07
72985,15.01
72986,10.55
72987,13.65
72988,14.33
72989,13.69
72990,9.14
72991,15.66
72992,13.43
72993,13.79
72994,16.11
72995,14.17
72996,14.95
72997,13.88
72998,17.2
72999,13.11
73000,12.35
73001,14.75
73002,16.3
73003,14.44
73004,8.55
73005,13.5
73006,13.04
73007,10.28
73008,16.33
73009,15.5
73010,13.69
73011,13.81
73012,13.64
73013,14.18
73014,13.04
73015,14.02
73016,14.46
73017,13.54
73018,14.58
73019,13.92
73020,13.53
73021,11.33
73022,14.11
73023,13.94
73024,13.89
73025,11.23
73026,15.09
73027,13.37
73028,15.21
73029,15.42
73030,10.3
73031,13.45
73032,9.95
73033,12.09
73034,9.38
73035,14.88
73036,10.09
73037,14.81
73038,13.97
73039,15.48
73040,14.47
73041,9.13
73042,14.25
73043,13.42
73044,13.75
73045,14.1
73046,10.11
73047,15.29
73048,15.31
73049,12.11
73050,14.01
73051,12.45
73052,15.22
73053,13.96
73054,13.17
73055,16.82
73056,14.13
73057,15.36
73058,16.11
73059,13.98
73060,14.79
73061,9.1
73062,10.07
73063,14.79
73064,14.99
73065,13.15
73066,16.28
73067,15.26
73068,14.98
73069,12.88
73070,18.64
73071,14.55
73072,13.79
73073,13.96
73074,13.79
73075,12.76
73076,14.74
73077,9.74
73078,14.21
73079,14.88
73080,14.14
73081,14.49
73082,14.94
73083,10.87
73084,13.88
73085,13.92
73086,11.1
73087,9.54
73088,13.93
73089,14.13
73090,14.46
73091,8.56
73092,9.47
73093,13.65
73094,18.69
73095,12.29
73096,14.84
73097,14.2
73098,12.76
73099,12.4
73100,15.62
73101,15.0
73102,11.92
73103,13.9
73104,13.14
73105,13.32
73106,13.87
73107,17.95
73108,16.65
73109,14.54
73110,9.47
73111,13.71
73112,12.93
73113,14.04
73114,13.7
73115,9.19
73116,14.06
73117,14.2
73118,15.79
73119,13.78
73120,12.09
73121,14.0
73122,13.64
73123,13.89
73124,13.15
73125,14.29
73126,14.7
73127,14.76
73128,13.41
73129,14.25
73130,13.93
73131,13.67
73132,10.03
73133,14.01
73134,12.14
73135,13.65
73136,13.35
73137,16.43
73138,10.0
73139,13.39
73140,13.65
73141,15.27
73142,19.01
73143,14.93
73144,12.51
73145,14.48
73146,11.54
73147,12.56
73148,14.18
73149,14.45
73150,14.26
73151,14.13
73152,14.6
73153,12.55
73154,13.79
73155,16.35
73156,13.34
73157,14.14
73158,13.98
73159,12.24
73160,14.81
73161,16.19
73162,12.88
73163,15.17
73164,9.15
73165,15.97
73166,12.32
73167,14.76
73168,13.84
73169,15.05
73170,16.07
73171,11.16
73172,12.61
73173,13.98
73174,17.21
73175,13.75
73176,15.51
73177,14.33
73178,16.38
73179,14.54
73180,15.96
73181,11.83
73182,12.99
73183,14.07
73184,14.17
73185,13.52
73186,16.6
73187,14.07
73188,14.12
73189,13.92
73190,14.11
73191,11.42
73192,18.87
73193,13.49
73194,14.77
73195,14.02
73196,9.94
73197,14.13
73198,14.73
73199,13.33
73200,14.19
73201,9.64
73202,16.37
73203,15.99
73204,5.3
73205,14.03
73206,9.59
73207,15.37
73208,13.52
73209,13.81
73210,13.47
73211,12.81
73212,13.76
73213,13.64
73214,10.49
73215,13.92
73216,13.51
73217,16.18
73218,14.13
73219,9.48
73220,14.03
73221,14.58
73222,10.05
73223,14.99
73224,14.03
73225,14.51
73226,11.7
73227,16.47
73228,12.86
73229,14.66
73230,12.21
73231,9.44
73232,12.1
73233,9.6
73234,14.79
73235,11.17
73236,5.3
73237,10.78
73238,13.71
73239,12.63
73240,14.38
73241,13.77
73242,15.92
73243,12.5
73244,13.95
73245,11.92
73246,10.11
73247,15.34
73248,11.29
73249,14.7
73250,14.4
73251,11.34
73252,14.25
73253,13.23
73254,15.23
73255,15.8
73256,5.3
73257,14.36
73258,14.07
73259,16.72
73260,10.5
73261,18.26
73262,5.3
73263,13.8
73264,11.58
73265,9.61
73266,13.51
73267,19.62
73268,14.71
73269,13.23
73270,15.98
73271,12.54
73272,13.97
73273,15.47
73274,16.58
73275,16.81
73276,13.93
73277,13.47
73278,12.6
73279,18.49
73280,11.31
73281,16.92
73282,13.5
73283,14.0
73284,12.62
73285,15.69
73286,13.95
73287,12.34
73288,16.41
73289,14.88
73290,11.16
73291,14.16
73292,10.76
73293,14.42
73294,12.68
73295,12.11
73296,13.51
73297,9.55
73298,13.47
73299,13.38
73300,13.49
73301,10.59
73302,16.34
73303,13.34
73304,12.69
73305,14.32
73306,13.67
73307,14.14
73308,11.29
73309,13.98
73310,13.41
73311,13.87
73312,14.95
73313,13.1
73314,14.02
73315,13.76
73316,12.64
73317,14.0
73318,13.12
73319,12.64
73320,16.26
73321,13.67
73322,14.73
73323,9.99
73324,13.78
73325,13.74
73326,9.43
73327,14.42
73328,14.19
73329,10.69
73330,15.79
73331,10.18
73332,14.02
73333,13.26
73334,12.01
73335,13.34
73336,10.49
73337,14.57
73338,14.16
73339,14.08
73340,12.72
73341,14.63
73342,15.34
73343,15.58
73344,14.26
73345,14.68
73346,15.0
73347,13.57
73348,13.69
73349,13.26
73350,12.03
73351,14.32
73352,15.82
73353,10.59
73354,18.7
73355,12.71
73356,14.88
73357,17.49
73358,14.23
73359,15.09
73360,14.59
73361,14.01
73362,14.5
73363,14.09
73364,13.22
73365,13.52
73366,16.05
73367,13.64
73368,17.74
73369,14.08
73370,12.36
73371,13.91
73372,14.16
73373,10.3
73374,11.5
73375,14.57
73376,14.72
73377,16.47
73378,13.1
73379,14.0
73380,14.0
73381,13.53
73382,14.37
73383,13.91
73384,16.05
73385,11.76
73386,15.17
73387,9.99
73388,12.7
73389,12.65
73390,15.78
73391,13.61
73392,14.89
73393,14.28
73394,13.7
73395,14.25
73396,11.41
73397,9.54
73398,16.28
73399,14.48
73400,11.05
73401,14.93
73402,12.18
73403,12.58
73404,10.35
73405,13.12
73406,15.29
73407,11.24
73408,11.93
73409,13.6
73410,12.51
73411,14.06
73412,10.66
73413,12.53
73414,12.79
73415,13.69
73416,8.62
73417,11.63
73418,14.01
73419,14.01
73420,11.72
73421,11.62
73422,13.8
73423,11.17
73424,12.38
73425,13.32
73426,15.39
73427,15.25
73428,14.06
73429,13.54
73430,11.07
73431,11.98
73432,11.39
73433,15.53
73434,13.3
73435,12.13
73436,5.3
73437,14.36
73438,11.32
73439,16.72
73440,10.99
73441,14.08
73442,12.37
73443,11.84
73444,14.23
73445,14.94
73446,13.76
73447,17.42
73448,14.02
73449,12.64
73450,13.66
73451,10.29
73452,13.74
73453,15.23
73454,12.0
73455,13.43
73456,10.79
73457,12.96
73458,12.3
73459,15.95
73460,12.85
73461,12.87
73462,14.9
73463,13.3
73464,8.89
73465,13.83
73466,14.6
73467,15.66
73468,13.92
73469,13.07
73470,9.55
73471,8.46
73472,14.93
73473,17.72
73474,13.85
73475,13.93
73476,11.33
73477,14.14
73478,14.16
73479,16.25
73480,14.24
73481,14.04
73482,13.34
73483,14.52
73484,12.65
73485,16.44
73486,13.44
73487,15.04
73488,10.24
73489,12.46
73490,11.93
73491,12.15
73492,14.3
73493,13.64
73494,5.3
73495,15.2
73496,14.8
73497,11.73
73498,13.41
73499,11.96
73500,12.38
73501,14.68
73502,16.28
73503,13.69
73504,13.53
73505,13.23
73506,14.16
73507,12.31
73508,13.87
73509,13.61
73510,13.02
73511,13.85
73512,12.23
73513,14.26
73514,14.29
73515,14.27
73516,14.32
73517,15.07
73518,9.35
73519,14.13
73520,9.84
73521,12.48
73522,13.34
73523,13.81
73524,14.32
73525,14.4
73526,13.14
73527,14.88
73528,14.99
73529,14.39
73530,11.73
73531,5.3
73532,8.81
73533,14.46
73534,14.54
73535,13.28
73536,16.26
73537,13.38
73538,14.81
73539,13.85
73540,17.97
73541,14.94
73542,9.29
73543,12.96
73544,13.06
73545,13.52
73546,15.01
73547,14.05
73548,14.7
73549,13.18
73550,14.28
73551,8.93
73552,14.89
73553,13.43
73554,5.3
73555,13.02
73556,14.46
73557,12.21
73558,11.77
73559,15.95
73560,11.44
73561,14.43
73562,13.95
73563,14.64
73564,12.17
73565,14.96
73566,15.95
73567,14.3
73568,14.4
73569,13.79
73570,14.3
73571,11.02
73572,14.45
73573,11.31
73574,13.85
73575,14.28
73576,14.78
73577,14.35
73578,13.12
73579,14.25
73580,14.1
73581,14.36
73582,13.21
73583,14.1
73584,13.36
73585,16.35
73586,5.3
73587,13.92
73588,17.01
73589,13.6
73590,16.42
73591,5.3
73592,14.34
73593,14.54
73594,15.34
73595,12.31
73596,13.98
73597,16.91
73598,16.8
73599,8.9
73600,13.95
73601,14.44
73602,16.52
73603,13.76
73604,14.2
73605,15.35
73606,13.24
73607,13.4
73608,13.39
73609,9.23
73610,13.76
73611,9.69
73612,14.43
73613,13.32
73614,9.53
73615,13.29
73616,15.69
73617,14.9
73618,8.82
73619,15.83
73620,10.9
73621,9.37
73622,14.27
73623,14.19
73624,13.84
73625,12.94
73626,5.3
73627,12.33
73628,13.17
73629,12.97
73630,10.36
73631,14.37
73632,13.82
73633,13.81
73634,20.32
73635,14.65
73636,13.95
73637,12.32
73638,9.59
73639,14.44
73640,14.43
73641,13.4
73642,13.85
73643,15.19
73644,13.15
73645,14.24
73646,9.83
73647,10.96
73648,5.3
73649,12.24
73650,14.59
73651,14.73
73652,14.55
73653,13.63
73654,13.95
73655,14.5
73656,9.99
73657,14.76
73658,15.97
73659,17.17
73660,15.88
73661,15.17
73662,13.37
73663,14.16
73664,14.25
73665,14.24
73666,16.29
73667,13.41
73668,14.96
73669,14.75
73670,14.96
73671,15.82
73672,16.86
73673,13.72
73674,13.44
73675,8.14
73676,14.86
73677,13.03
73678,15.52
73679,8.92
73680,13.05
73681,14.58
73682,9.26
73683,12.79
73684,14.54
73685,14.19
73686,14.82
73687,13.69
73688,10.39
73689,15.35
73690,13.6
73691,14.03
73692,13.87
73693,13.8
73694,12.15
73695,9.5
73696,13.63
73697,16.13
73698,12.82
73699,12.88
73700,14.67
73701,13.18
73702,13.88
73703,14.6
73704,12.97
73705,10.64
73706,16.55
73707,16.91
73708,12.52
73709,13.83
73710,12.05
73711,14.12
73712,15.22
73713,12.88
73714,11.57
73715,13.91
73716,12.33
73717,14.57
73718,13.05
73719,13.18
73720,15.3
73721,9.6
73722,14.03
73723,15.67
73724,15.68
73725,13.49
73726,20.81
73727,12.15
73728,13.67
73729,14.04
73730,14.95
73731,12.02
73732,13.97
73733,9.59
73734,13.61
73735,12.04
73736,14.25
73737,15.51
73738,9.51
73739,14.07
73740,14.06
73741,14.18
73742,8.13
73743,14.2
73744,13.65
73745,13.88
73746,16.55
73747,13.47
73748,14.95
73749,16.2
73750,12.24
73751,12.45
73752,19.23
73753,18.42
73754,15.46
73755,13.62
73756,10.9
73757,13.88
73758,5.3
73759,12.75
73760,13.25
73761,14.28
73762,12.08
73763,12.28
73764,14.01
73765,11.47
73766,15.44
73767,12.56
73768,13.1
73769,15.96
73770,14.51
73771,14.62
73772,15.43
73773,13.4
73774,14.37
73775,13.71
73776,13.25
73777,14.14
73778,13.99
73779,14.0
73780,14.25
73781,11.82
73782,15.09
73783,16.1
73784,15.75
73785,13.78
73786,13.49
73787,16.88
73788,14.91
73789,13.77
73790,16.12
73791,13.82
73792,13.82
73793,11.91
73794,11.21
73795,14.33
73796,13.98
73797,16.91
73798,13.39
73799,9.78
73800,14.02
73801,10.43
73802,13.66
73803,15.86
73804,14.87
73805,13.03
73806,13.46
73807,14.27
73808,16.84
73809,13.99
73810,13.76
73811,13.21
73812,14.21
73813,13.99
73814,13.72
73815,15.54
73816,12.93
73817,14.33
73818,14.44
73819,13.12
73820,12.59
73821,11.09
73822,15.98
73823,15.95
73824,17.1
73825,14.55
73826,14.36
73827,13.32
73828,18.87
73829,13.64
73830,16.2
73831,9.72
73832,11.46
73833,14.81
73834,16.1
73835,14.21
73836,15.87
73837,13.51
73838,5.3
73839,15.4
73840,19.44
73841,13.94
73842,9.97
73843,14.39
73844,14.26
73845,5.3
73846,12.87
73847,13.22
73848,13.85
73849,8.32
73850,11.18
73851,10.85
73852,14.08
73853,13.64
73854,13.93
73855,14.15
73856,13.71
73857,14.36
73858,14.27
73859,14.72
73860,14.36
73861,15.15
73862,18.81
73863,15.74
73864,13.93
73865,13.37
73866,13.43
73867,13.59
73868,17.42
73869,14.32
73870,5.3
73871,14.07
73872,14.1
73873,14.42
73874,11.31
73875,12.2
73876,15.29
73877,14.26
73878,5.3
73879,13.45
73880,12.91
73881,15.16
73882,13.46
73883,10.43
73884,14.27
73885,14.52
73886,12.47
73887,14.12
73888,13.45
73889,11.89
73890,14.08
73891,14.08
73892,15.19
73893,13.83
73894,13.56
73895,13.74
73896,14.12
73897,15.96
73898,8.7
73899,15.33
73900,13.71
73901,13.12
73902,14.26
73903,10.43
73904,15.41
73905,13.93
73906,13.87
73907,13.91
73908,10.15
73909,15.1
73910,17.12
73911,15.61
73912,14.83
73913,13.89
73914,13.53
73915,18.4
73916,9.83
73917,13.82
73918,13.71
73919,14.09
73920,11.11
73921,14.7
73922,14.44
73923,16.89
73924,14.73
73925,12.78
73926,10.94
73927,13.86
73928,10.28
73929,13.92
73930,15.2
73931,11.21
73932,9.35
73933,15.79
73934,10.0
73935,9.62
73936,13.03
73937,13.65
73938,14.09
73939,11.71
73940,14.33
73941,15.23
73942,12.07
73943,11.32
73944,13.7
73945,13.03
73946,13.75
73947,13.75
73948,9.43
73949,13.5
73950,14.22
73951,14.14
73952,13.76
73953,11.7
73954,13.99
73955,13.42
73956,5.3
73957,13.79
73958,13.66
73959,14.12
73960,13.4
73961,15.28
73962,9.42
73963,8.36
73964,15.11
73965,13.85
73966,14.75
73967,12.18
73968,9.36
73969,16.61
73970,12.31
73971,13.78
73972,12.03
73973,12.05
73974,16.29
73975,13.37
73976,13.81
73977,13.36
73978,14.08
73979,5.3
73980,13.59
73981,15.96
73982,14.41
73983,13.48
73984,13.68
73985,13.2
73986,12.98
73987,14.38
73988,12.96
73989,13.18
73990,14.27
73991,11.61
73992,13.92
73993,12.1
73994,13.69
73995,13.73
73996,9.69
73997,13.63
73998,15.52
73999,10.0
74000,14.19
74001,14.35
74002,13.98
74003,12.59
74004,12.58
74005,12.46
74006,14.63
74007,14.09
74008,13.24
74009,14.97
74010,10.02
74011,17.18
74012,14.47
74013,14.5
74014,8.27
74015,11.18
74016,14.06
74017,14.33
74018,13.15
74019,9.96
74020,9.56
74021,14.64
74022,13.72
74023,14.32
74024,13.68
74025,15.16
74026,14.95
74027,14.9
74028,14.09
74029,14.66
74030,12.26
74031,9.49
74032,16.36
74033,13.03
74034,13.47
74035,14.25
74036,14.03
74037,13.97
74038,14.51
74039,14.86
74040,15.26
74041,9.57
74042,15.25
74043,14.14
74044,13.43
74045,14.06
74046,8.76
74047,9.71
74048,15.68
74049,13.53
74050,15.13
74051,12.21
74052,14.14
74053,12.04
74054,13.86
74055,14.08
74056,18.46
74057,17.85
74058,13.37
74059,12.56
74060,11.24
74061,9.17
74062,14.38
74063,9.36
74064,14.52
74065,13.88
74066,16.1
74067,13.91
74068,13.79
74069,16.82
74070,14.95
74071,13.99
74072,12.33
74073,13.16
74074,14.33
74075,14.62
74076,14.26
74077,14.53
74078,13.54
74079,14.75
74080,15.89
74081,11.01
74082,15.0
74083,17.55
74084,13.98
74085,13.96
74086,11.99
74087,12.55
74088,16.11
74089,14.41
74090,16.73
74091,15.4
74092,15.88
74093,10.36
74094,13.9
74095,15.75
74096,13.9
74097,15.67
74098,14.73
74099,17.07
74100,13.47
74101,8.97
74102,12.01
74103,12.17
74104,9.11
74105,13.69
74106,15.36
74107,15.43
74108,9.61
74109,13.59
74110,14.22
74111,13.78
74112,14.26
74113,12.31
74114,14.65
74115,12.24
74116,14.47
74117,19.8
74118,13.75
74119,15.82
74120,15.37
74121,12.89
74122,14.08
74123,10.67
74124,14.54
74125,18.36
74126,16.22
74127,14.45
74128,14.56
74129,13.69
74130,13.6
74131,13.89
74132,14.71
74133,14.85
74134,12.67
74135,13.8
74136,15.07
74137,14.06
74138,14.65
74139,16.22
74140,14.61
74141,14.86
74142,12.08
74143,12.07
74144,13.69
74145,10.01
74146,13.35
74147,14.36
74148,13.2
74149,13.49
74150,11.11
74151,14.36
74152,15.55
74153,10.68
74154,13.98
74155,12.27
74156,13.17
74157,14.38
74158,14.67
74159,5.3
74160,16.35
74161,14.51
74162,14.47
74163,14.33
74164,13.02
74165,12.38
74166,13.48
74167,14.44
74168,14.02
74169,12.7
74170,13.48
74171,14.63
74172,8.99
74173,14.38
74174,14.06
74175,14.4
74176,14.07
74177,16.12
74178,15.09
74179,13.62
74180,10.9
74181,13.67
74182,14.57
74183,14.14
74184,11.24
74185,14.3
74186,13.26
74187,13.19
74188,14.19
74189,11.21
74190,12.27
74191,15.35
74192,14.56
74193,13.99
74194,13.68
74195,14.8
74196,14.37
74197,14.54
74198,14.22
74199,12.75
74200,13.67
74201,13.75
74202,14.35
74203,8.72
74204,14.9
74205,10.63
74206,10.92
74207,12.88
74208,12.09
74209,13.06
74210,13.04
74211,13.69
74212,13.48
74213,14.32
74214,14.63
74215,11.34
74216,13.41
74217,14.56
74218,13.33
74219,13.08
74220,14.62
74221,12.43
74222,14.38
74223,17.29
74224,14.04
74225,17.57
74226,15.06
74227,15.01
74228,13.52
74229,14.02
74230,13.25
74231,13.25
74232,12.22
74233,12.7
74234,11.47
74235,12.13
74236,14.06
74237,15.1
74238,15.5
74239,10.93
74240,16.14
74241,12.98
74242,17.75
74243,15.48
74244,14.07
74245,16.77
74246,14.63
74247,9.81
74248,10.61
74249,14.1
74250,13.88
74251,9.57
74252,13.37
74253,13.65
74254,13.7
74255,13.92
74256,13.29
74257,12.69
74258,16.11
74259,11.3
74260,11.53
74261,14.58
74262,13.65
74263,13.57
74264,14.17
74265,13.6
74266,11.66
74267,15.46
74268,11.36
74269,13.95
74270,16.22
74271,14.39
74272,18.16
74273,12.21
74274,12.97
74275,14.16
74276,13.46
74277,9.16
74278,13.78
74279,13.59
74280,17.62
74281,19.33
74282,18.85
74283,12.1
74284,14.53
74285,14.06
74286,14.3
74287,14.86
74288,19.19
74289,14.94
74290,13.76
74291,14.61
74292,12.13
74293,14.73
74294,13.86
74295,14.52
74296,16.01
74297,14.69
74298,14.46
74299,16.2
74300,13.82
74301,13.75
74302,15.1
74303,13.48
74304,13.99
74305,14.45
74306,13.88
74307,16.54
74308,13.25
74309,9.38
74310,14.78
74311,13.65
74312,13.03
74313,14.23
74314,14.42
74315,16.14
74316,13.88
74317,13.67
74318,8.54
74319,13.6
74320,12.09
74321,14.53
74322,15.29
74323,13.65
74324,14.17
74325,16.61
74326,12.63
74327,12.58
74328,14.64
74329,15.16
74330,13.76
74331,18.52
74332,14.59
74333,14.45
74334,13.89
74335,8.86
74336,5.3
74337,14.63
74338,10.91
74339,11.32
74340,13.6
74341,12.95
74342,13.92
74343,15.34
74344,13.41
74345,14.54
74346,13.86
74347,10.98
74348,11.6
74349,14.75
74350,11.63
74351,9.98
74352,13.34
74353,14.72
74354,13.76
74355,14.79
74356,13.63
74357,14.1
74358,14.15
74359,13.92
74360,13.92
74361,16.1
74362,18.22
74363,15.08
74364,15.35
74365,14.81
74366,13.97
74367,5.3
74368,13.82
74369,14.65
74370,14.92
74371,13.25
74372,16.11
74373,15.31
74374,13.15
74375,14.48
74376,15.16
74377,15.62
74378,15.41
74379,9.94
74380,13.22
74381,13.82
74382,14.4
74383,9.42
74384,11.61
74385,13.43
74386,13.67
74387,19.4
74388,13.84
74389,14.79
74390,14.53
74391,13.8
74392,13.98
74393,18.14
74394,14.49
74395,13.78
74396,13.18
74397,15.24
74398,14.85
74399,14.5
74400,14.33
74401,14.13
74402,13.47
74403,14.44
74404,14.2
74405,13.18
74406,15.21
74407,11.17
74408,12.15
74409,14.14
74410,9.61
74411,9.73
74412,10.72
74413,16.98
74414,12.29
74415,13.94
74416,18.12
74417,8.87
74418,9.54
74419,13.8
74420,16.08
74421,15.97
74422,12.19
74423,13.64
74424,14.27
74425,12.93
74426,15.37
74427,13.42
74428,13.55
74429,9.32
74430,13.6
74431,13.35
74432,13.8
74433,11.87
74434,13.92
74435,16.1
74436,14.25
74437,13.89
74438,15.41
74439,13.75
74440,15.02
74441,13.14
74442,15.39
74443,14.35
74444,17.11
74445,14.24
74446,15.7
74447,15.44
74448,11.98
74449,14.03
74450,13.63
74451,15.16
74452,13.83
74453,13.97
74454,14.09
74455,13.32
74456,18.78
74457,13.62
74458,15.66
74459,12.97
74460,12.45
74461,14.48
74462,12.97
74463,14.21
74464,9.6
74465,16.41
74466,13.62
74467,13.66
74468,13.55
74469,13.85
74470,14.01
74471,13.69
74472,9.48
74473,9.28
74474,15.2
74475,13.29
74476,14.62
74477,12.95
74478,14.1
74479,14.55
74480,15.24
74481,12.0
74482,11.19
74483,12.13
74484,16.02
74485,13.19
74486,15.9
74487,14.56
74488,13.79
74489,15.01
74490,14.21
74491,13.6
74492,15.28
74493,8.53
74494,11.92
74495,15.49
74496,9.85
74497,13.87
74498,11.87
74499,10.99
74500,15.29
74501,15.76
74502,8.85
74503,15.28
74504,14.74
74505,17.7
74506,13.62
74507,13.52
74508,14.0
74509,15.33
74510,16.71
74511,15.57
74512,11.51
74513,12.95
74514,13.9
74515,12.29
74516,15.13
74517,15.22
74518,13.76
74519,10.25
74520,13.99
74521,17.66
74522,14.92
74523,13.11
74524,15.85
74525,14.01
74526,16.62
74527,14.25
74528,9.62
74529,14.22
74530,15.12
74531,13.02
74532,13.31
74533,15.01
74534,15.76
74535,5.3
74536,13.76
74537,13.73
74538,9.62
74539,18.58
74540,9.48
74541,9.4
74542,15.87
74543,13.05
74544,19.79
74545,13.28
74546,13.11
74547,11.23
74548,12.66
74549,14.05
74550,12.85
74551,10.89
74552,16.28
74553,12.9
74554,9.54
74555,14.03
74556,9.85
74557,11.9
74558,9.36
74559,13.88
74560,14.31
74561,16.79
74562,14.56
74563,15.51
74564,14.94
74565,13.67
74566,15.15
74567,15.68
74568,12.15
74569,17.93
74570,14.4
74571,16.67
74572,14.77
74573,14.81
74574,14.67
74575,11.17
74576,15.06
74577,13.94
74578,13.55
74579,14.42
74580,13.72
74581,13.95
74582,16.01
74583,13.87
74584,12.91
74585,11.49
74586,13.61
74587,16.15
74588,12.52
74589,14.28
74590,14.46
74591,13.94
74592,15.8
74593,14.94
74594,12.16
74595,13.72
74596,13.02
74597,12.8
74598,12.77
74599,14.2
74600,11.4
74601,15.58
74602,12.07
74603,14.73
74604,12.64
74605,13.84
74606,16.13
74607,13.84
74608,14.29
74609,14.27
74610,14.36
74611,10.32
74612,14.95
74613,13.58
74614,13.39
74615,12.76
74616,11.3
74617,13.56
74618,15.58
74619,9.54
74620,11.09
74621,14.01
74622,13.78
74623,11.46
74624,14.3
74625,11.35
74626,15.18
74627,13.9
74628,15.24
74629,13.86
74630,15.32
74631,14.96
74632,7.22
74633,12.37
74634,14.19
74635,10.55
74636,15.52
74637,13.82
74638,13.61
74639,13.75
74640,9.53
74641,14.11
74642,14.04
74643,13.53
74644,14.85
74645,13.6
74646,14.01
74647,9.96
74648,15.61
74649,11.09
74650,16.0
74651,12.38
74652,11.8
74653,13.52
74654,14.93
74655,14.53
74656,14.12
74657,15.06
74658,14.4
74659,9.41
74660,9.63
74661,14.14
74662,14.18
74663,11.01
74664,14.01
74665,14.52
74666,15.4
74667,13.81
74668,14.42
74669,12.75
74670,11.46
74671,14.01
74672,9.61
74673,8.8
74674,13.67
74675,14.24
74676,12.74
74677,11.32
74678,12.75
74679,14.4
74680,14.52
74681,13.87
74682,14.03
74683,14.12
74684,14.73
74685,14.22
74686,15.16
74687,15.27
74688,15.56
74689,15.39
74690,14.82
74691,14.08
74692,17.71
74693,8.91
74694,16.83
74695,14.24
74696,11.76
74697,13.23
74698,14.24
74699,14.47
74700,14.12
74701,14.58
74702,12.24
74703,12.74
74704,12.91
74705,10.42
74706,13.43
74707,13.76
74708,14.15
74709,14.3
74710,14.17
74711,13.93
74712,13.83
74713,18.02
74714,14.55
74715,12.93
74716,9.06
74717,14.1
74718,13.52
74719,16.01
74720,13.2
74721,11.52
74722,13.66
74723,11.34
74724,13.1
74725,14.19
74726,14.9
74727,13.27
74728,13.43
74729,14.18
74730,13.59
74731,14.38
74732,12.82
74733,12.64
74734,9.5
74735,9.54
74736,16.0
74737,14.92
74738,14.29
74739,10.02
74740,13.04
74741,14.33
74742,11.83
74743,12.98
74744,10.61
74745,13.77
74746,13.8
74747,13.9
74748,13.87
74749,13.47
74750,14.6
74751,14.73
74752,12.71
74753,14.79
74754,13.55
74755,14.03
74756,15.07
74757,12.3
74758,12.74
74759,14.53
74760,14.02
74761,15.33
74762,14.31
74763,13.7
74764,8.31
74765,14.45
74766,13.48
74767,14.35
74768,16.73
74769,15.49
74770,12.47
74771,13.83
74772,12.49
74773,13.77
74774,15.31
74775,17.27
74776,13.79
74777,12.63
74778,5.3
74779,13.45
74780,15.66
74781,14.38
74782,14.84
74783,15.79
74784,14.59
74785,11.36
74786,13.34
74787,11.43
74788,14.57
74789,13.49
74790,9.36
74791,14.75
74792,15.06
74793,12.87
74794,15.72
74795,14.37
74796,14.57
74797,13.57
74798,12.26
74799,13.85
74800,11.71
74801,11.86
74802,14.05
74803,8.5
74804,11.71
74805,18.81
74806,9.9
74807,14.69
74808,14.32
74809,13.77
74810,13.5
74811,18.01
74812,13.96
74813,16.65
74814,15.49
74815,14.22
74816,11.15
74817,16.57
74818,15.86
74819,15.9
74820,13.82
74821,15.52
74822,16.98
74823,13.04
74824,13.29
74825,14.53
74826,13.35
74827,14.98
74828,13.42
74829,15.54
74830,17.16
74831,14.78
74832,12.97
74833,12.06
74834,15.38
74835,11.34
74836,15.87
74837,11.65
74838,10.17
74839,14.81
74840,13.37
74841,17.67
74842,13.7
74843,9.65
74844,14.34
74845,14.14
74846,13.48
74847,13.72
74848,14.21
74849,13.76
74850,13.75
74851,12.39
74852,13.8
74853,15.18
74854,17.58
74855,14.8
74856,12.49
74857,16.04
74858,13.77
74859,11.64
74860,13.68
74861,13.88
74862,12.31
74863,13.53
74864,14.17
74865,13.89
74866,15.54
74867,16.17
74868,12.6
74869,12.32
74870,10.64
74871,9.37
74872,16.71
74873,16.74
74874,14.1
74875,10.92
74876,15.14
74877,13.95
74878,13.31
74879,13.54
74880,13.42
74881,14.34
74882,11.68
74883,15.64
74884,11.81
74885,14.0
74886,10.97
74887,15.24
74888,11.67
74889,11.8
74890,14.15
74891,10.11
74892,10.05
74893,15.79
74894,13.77
74895,13.93
74896,15.33
74897,8.31
74898,12.78
74899,15.83
74900,15.03
74901,13.42
74902,14.83
74903,13.93
74904,13.75
74905,13.56
74906,14.97
74907,14.03
74908,11.86
74909,13.61
74910,13.62
74911,11.2
74912,13.5
74913,13.91
74914,12.19
74915,10.49
74916,10.64
74917,9.54
74918,13.93
74919,12.65
74920,13.82
74921,14.47
74922,14.24
74923,12.35
74924,14.61
74925,14.11
74926,14.41
74927,5.3
74928,14.2
74929,13.73
74930,13.65
74931,14.03
74932,8.71
74933,14.95
74934,15.72
74935,14.8
74936,13.89
74937,14.23
74938,16.18
74939,11.01
74940,12.83
74941,13.21
74942,13.22
74943,13.18
74944,14.06
74945,12.19
74946,15.55
74947,13.78
74948,14.36
74949,11.43
74950,13.22
74951,12.37
74952,13.62
74953,16.39
74954,12.38
74955,9.56
74956,14.55
74957,13.48
74958,13.9
74959,12.95
74960,12.59
74961,14.2
74962,13.59
74963,13.62
74964,15.32
74965,14.12
74966,14.16
74967,10.83
74968,15.47
74969,13.28
74970,17.89
74971,14.51
74972,13.81
74973,14.97
74974,9.93
74975,15.33
74976,13.63
74977,14.39
74978,13.08
74979,15.86
74980,13.87
74981,15.07
74982,14.26
74983,9.82
74984,14.32
74985,14.3
74986,14.05
74987,14.06
74988,17.38
74989,8.85
74990,14.48
74991,13.53
74992,13.83
74993,14.75
74994,15.56
74995,14.26
74996,15.54
74997,13.65
74998,15.15
74999,12.82
75000,14.3
75001,19.84
75002,8.85
75003,13.32
75004,11.55
75005,13.83
75006,14.66
75007,13.89
75008,13.19
75009,13.64
75010,16.8
75011,9.8
75012,9.62
75013,13.19
75014,11.4
75015,14.89
75016,14.85
75017,14.42
75018,15.13
75019,15.41
75020,12.13
75021,13.98
75022,12.03
75023,13.68
75024,13.37
75025,14.01
75026,17.07
75027,16.97
75028,11.46
75029,13.85
75030,15.72
75031,16.04
75032,13.99
75033,13.27
75034,13.87
75035,14.19
75036,15.13
75037,14.08
75038,13.34
75039,13.95
75040,13.99
75041,14.45
75042,13.77
75043,15.34
75044,13.31
75045,14.55
75046,10.98
75047,13.93
75048,15.55
75049,8.81
75050,13.89
75051,17.13
75052,14.28
75053,12.77
75054,11.92
75055,5.3
75056,9.66
75057,14.11
75058,13.73
75059,9.64
75060,15.84
75061,14.88
75062,16.69
75063,12.95
75064,16.11
75065,13.64
75066,9.73
75067,14.76
75068,14.73
75069,13.2
75070,15.46
75071,16.56
75072,14.69
75073,14.05
75074,14.94
75075,13.96
75076,13.39
75077,13.58
75078,16.03
75079,14.7
75080,13.5
75081,10.24
75082,13.48
75083,10.11
75084,13.88
75085,13.65
75086,16.35
75087,12.37
75088,14.13
75089,13.76
75090,12.46
75091,14.24
75092,14.1
75093,14.26
75094,14.77
75095,9.31
75096,10.06
75097,14.03
75098,14.61
75099,13.49
75100,13.87
75101,13.88
75102,16.6
75103,10.15
75104,14.34
75105,14.26
75106,12.79
75107,14.52
75108,15.09
75109,15.0
75110,13.9
75111,13.89
75112,16.18
75113,9.24
75114,13.07
75115,5.3
75116,13.01
75117,15.01
75118,13.24
75119,12.82
75120,12.87
75121,13.4
75122,14.75
75123,15.14
75124,13.39
75125,14.13
75126,15.05
75127,13.62
75128,14.62
75129,17.12
75130,13.22
75131,15.03
75132,12.51
75133,14.36
75134,13.83
75135,14.48
75136,14.17
75137,12.63
75138,11.34
75139,13.94
75140,13.4
75141,13.71
75142,12.53
75143,14.49
75144,10.84
75145,14.29
75146,13.07
75147,13.54
75148,14.25
75149,13.38
75150,11.86
75151,14.33
75152,16.14
75153,14.72
75154,14.33
75155,13.07
75156,14.13
75157,11.05
75158,9.92
75159,15.59
75160,15.9
75161,15.77
75162,14.79
75163,13.22
75164,13.93
75165,13.61
75166,13.88
75167,14.4
75168,15.38
75169,13.97
75170,15.8
75171,15.06
75172,13.41
75173,10.58
75174,13.97
75175,13.71
75176,11.55
75177,14.49
75178,16.17
75179,12.02
75180,14.45
75181,14.26
75182,15.23
75183,13.99
75184,11.37
75185,12.56
75186,14.0
75187,14.85
75188,13.17
75189,13.53
75190,16.31
75191,13.96
75192,15.75
75193,10.71
75194,14.28
75195,14.21
75196,13.86
75197,16.24
75198,13.66
75199,13.68
75200,14.15
75201,13.09
75202,13.88
75203,13.17
75204,16.51
75205,13.17
75206,16.84
75207,15.7
75208,9.13
75209,11.4
75210,9.78
75211,9.44
75212,16.43
75213,15.06
75214,13.56
75215,13.83
75216,14.14
75217,14.6
75218,12.48
75219,11.49
75220,13.83
75221,15.27
75222,12.65
75223,13.36
75224,9.56
75225,15.9
75226,11.03
75227,15.36
75228,15.36
75229,13.2
75230,13.85
75231,14.9
75232,14.63
75233,14.36
75234,13.72
75235,9.53
75236,11.66
75237,12.02
75238,13.73
75239,12.23
75240,16.51
75241,13.91
75242,12.96
75243,11.73
75244,13.68
75245,14.57
75246,10.5
75247,14.57
75248,9.31
75249,14.62
75250,13.11
75251,16.56
75252,9.44
75253,14.75
75254,8.47
75255,16.59
75256,13.67
75257,12.64
75258,14.88
75259,9.86
75260,11.66
75261,15.37
75262,13.63
75263,15.71
75264,9.58
75265,14.45
75266,12.95
75267,13.95
75268,14.88
75269,15.77
75270,13.82
75271,12.77
75272,13.51
75273,13.68
75274,15.44
75275,13.78
75276,13.34
75277,11.35
75278,16.3
75279,13.89
75280,15.26
75281,14.3
75282,14.9
75283,14.3
75284,14.79
75285,16.35
75286,8.85
75287,12.19
75288,16.02
75289,10.26
75290,11.3
75291,16.48
75292,10.19
75293,14.34
75294,14.43
75295,14.69
75296,14.35
75297,13.28
75298,14.02
75299,13.34
75300,12.95
75301,12.23
75302,14.18
75303,13.66
75304,12.69
75305,14.54
75306,17.22
75307,14.13
75308,13.98
75309,14.82
75310,13.26
75311,13.44
75312,11.91
75313,14.61
75314,14.34
75315,12.62
75316,8.91
75317,14.92
75318,12.25
75319,14.01
75320,13.95
75321,13.74
75322,13.17
75323,15.54
75324,14.11
75325,14.22
75326,10.26
75327,13.84
75328,14.49
75329,13.98
75330,12.29
75331,11.86
75332,5.3
75333,9.24
75334,14.37
75335,11.98
75336,13.89
75337,12.68
75338,13.78
75339,13.81
75340,13.57
75341,14.58
75342,13.39
75343,13.52
75344,12.98
75345,18.33
75346,14.76
75347,13.72
75348,13.01
75349,13.59
75350,14.77
75351,14.34
75352,13.88
75353,13.78
75354,12.12
75355,17.74
75356,17.56
75357,12.0
75358,13.67
75359,14.16
75360,12.57
75361,14.49
75362,16.79
75363,14.61
75364,13.58
75365,16.14
75366,15.84
75367,15.27
75368,14.2
75369,12.2
75370,15.61
75371,14.22
75372,13.61
75373,9.06
75374,13.24
75375,9.71
75376,14.38
75377,12.29
75378,10.94
75379,13.18
75380,14.2
75381,15.15
75382,10.01
75383,15.23
75384,13.91
75385,14.74
75386,14.03
75387,11.67
75388,9.23
75389,15.94
75390,5.3
75391,14.37
75392,11.94
75393,13.97
75394,11.58
75395,13.66
75396,14.62
75397,13.74
75398,12.65
75399,13.83
75400,13.8
75401,18.8
75402,14.2
75403,12.92
75404,15.22
75405,13.87
75406,14.23
75407,14.4
75408,12.74
75409,17.54
75410,13.17
75411,8.61
75412,13.35
75413,11.3
75414,11.0
75415,14.31
75416,17.39
75417,11.69
75418,12.42
75419,13.26
75420,14.38
75421,14.44
75422,12.22
75423,13.74
75424,9.91
75425,9.01
75426,12.05
75427,15.12
75428,13.89
75429,14.07
75430,12.49
75431,14.05
75432,10.74
75433,11.39
75434,14.8
75435,12.04
75436,11.24
75437,14.5
75438,15.83
75439,14.19
75440,15.21
75441,13.96
75442,14.27
75443,13.65
75444,13.83
75445,14.8
75446,14.73
75447,15.28
75448,14.9
75449,12.08
75450,10.03
75451,13.9
75452,13.85
75453,13.55
75454,10.61
75455,14.47
75456,13.74
75457,16.08
75458,9.12
75459,15.01
75460,14.44
75461,11.26
75462,9.57
75463,19.63
75464,17.42
75465,15.66
75466,13.82
75467,15.93
75468,14.2
75469,14.42
75470,14.14
75471,9.6
75472,14.55
75473,8.88
75474,12.83
75475,16.62
75476,14.38
75477,13.2
75478,12.32
75479,9.52
75480,14.8
75481,14.07
75482,12.85
75483,13.25
75484,13.28
75485,14.77
75486,5.3
75487,11.63
75488,17.04
75489,13.37
75490,11.41
75491,13.98
75492,14.41
75493,13.94
75494,11.28
75495,11.72
75496,12.21
75497,11.93
75498,14.85
75499,15.79
75500,13.95
75501,13.45
75502,13.49
75503,13.96
75504,10.15
75505,15.44
75506,8.33
75507,14.81
75508,12.4
75509,12.88
75510,12.32
75511,12.77
75512,10.42
75513,9.89
75514,14.15
75515,9.43
75516,13.05
75517,14.54
75518,15.8
75519,15.34
75520,12.18
75521,15.01
75522,14.95
75523,5.3
75524,15.08
75525,14.59
75526,12.96
75527,16.03
75528,14.91
75529,13.7
75530,14.75
75531,14.67
75532,13.77
75533,14.28
75534,14.73
75535,14.1
75536,14.28
75537,14.65
75538,13.85
75539,5.3
75540,13.9
75541,13.52
75542,13.92
75543,14.26
75544,11.26
75545,14.82
75546,14.98
75547,13.81
75548,13.53
75549,16.09
75550,5.3
75551,17.76
75552,11.88
75553,14.43
75554,12.12
75555,18.94
75556,13.43
75557,9.68
75558,12.59
75559,12.76
75560,13.6
75561,14.23
75562,15.75
75563,14.48
75564,12.06
75565,5.3
75566,14.09
75567,14.86
75568,14.97
75569,12.92
75570,14.66
75571,13.4
75572,15.92
75573,12.77
75574,13.97
75575,13.87
75576,9.85
75577,13.63
75578,13.21
75579,14.36
75580,13.77
75581,12.48
75582,13.59
75583,14.43
75584,14.58
75585,13.56
75586,14.3
75587,16.62
75588,13.55
75589,15.79
75590,11.35
75591,13.53
75592,9.33
75593,9.14
75594,15.92
75595,13.2
75596,15.15
75597,13.75
75598,12.52
75599,8.35
75600,17.11
75601,13.06
75602,14.53
75603,15.44
75604,14.2
75605,18.87
75606,10.19
75607,11.41
75608,13.75
75609,16.19
75610,14.94
75611,8.53
75612,14.73
75613,13.88
75614,9.94
75615,8.57
75616,14.66
75617,14.65
75618,14.66
75619,10.0
75620,12.95
75621,14.61
75622,13.44
75623,17.62
75624,12.28
75625,12.92
75626,10.32
75627,17.0
75628,16.68
75629,13.96
75630,15.41
75631,16.41
75632,15.91
75633,14.86
75634,11.85
75635,13.33
75636,13.47
75637,12.36
75638,13.94
75639,10.58
75640,13.73
75641,13.93
75642,14.95
75643,13.87
75644,13.15
75645,5.3
75646,14.06
75647,12.43
75648,12.54
75649,15.55
75650,12.78
75651,14.87
75652,16.25
75653,14.63
75654,14.58
75655,14.55
75656,15.84
75657,5.3
75658,14.27
75659,16.25
75660,12.99
75661,14.02
75662,13.17
75663,12.44
75664,12.86
75665,14.5
75666,13.95
75667,13.16
75668,14.58
75669,14.66
75670,13.83
75671,13.02
75672,13.04
75673,14.6
75674,13.52
75675,15.12
75676,15.01
75677,14.77
75678,13.97
75679,14.49
75680,16.04
75681,13.32
75682,16.05
75683,11.61
75684,13.66
75685,15.33
75686,16.53
75687,14.55
75688,15.03
75689,13.64
75690,14.85
75691,14.23
75692,14.71
75693,14.68
75694,15.65
75695,15.88
75696,12.61
75697,8.66
75698,12.85
75699,10.69
75700,14.01
75701,15.74
75702,14.77
75703,12.11
75704,14.54
75705,12.45
75706,15.48
75707,13.91
75708,9.4
75709,13.72
75710,15.09
75711,13.36
75712,12.26
75713,11.82
75714,13.93
75715,9.65
75716,13.44
75717,14.74
75718,13.31
75719,14.72
75720,13.89
75721,15.08
75722,15.1
75723,19.6
75724,14.63
75725,9.99
75726,13.73
75727,13.91
75728,12.56
75729,14.82
75730,9.46
75731,19.19
75732,15.35
75733,15.05
75734,14.36
75735,14.31
75736,12.97
75737,14.63
75738,9.5
75739,14.94
75740,12.25
75741,12.37
75742,10.05
75743,13.59
75744,16.16
75745,13.51
75746,14.29
75747,11.88
75748,13.22
75749,16.02
75750,13.48
75751,15.75
75752,17.48
75753,14.28
75754,13.51
75755,14.0
75756,14.92
75757,14.02
75758,14.17
75759,14.72
75760,15.72
75761,14.47
75762,8.9
75763,14.23
75764,13.5
75765,12.34
75766,13.49
75767,15.29
75768,16.21
75769,16.43
75770,14.11
75771,15.4
75772,14.68
75773,10.33
75774,11.13
75775,9.02
75776,15.06
75777,13.88
75778,15.33
75779,13.47
75780,13.84
75781,11.02
75782,13.48
75783,12.14
75784,15.38
75785,10.64
75786,12.11
75787,11.31
75788,14.56
75789,14.21
75790,12.36
75791,13.93
75792,13.09
75793,14.73
75794,12.62
75795,13.91
75796,14.74
75797,14.96
75798,14.21
75799,13.83
75800,13.7
75801,12.28
75802,14.23
75803,14.95
75804,13.68
75805,14.16
75806,10.73
75807,14.31
75808,12.35
75809,9.75
75810,12.78
75811,15.37
75812,10.49
75813,9.33
75814,12.81
75815,16.17
75816,13.93
75817,13.48
75818,13.67
75819,14.71
75820,15.36
75821,13.43
75822,14.22
75823,13.29
75824,16.69
75825,16.27
75826,15.27
75827,14.25
75828,16.75
75829,13.88
75830,14.66
75831,13.86
75832,14.93
75833,14.95
75834,15.18
75835,18.79
75836,14.56
75837,10.22
75838,13.19
75839,18.12
75840,14.14
75841,12.1
75842,13.42
75843,13.4
75844,5.3
75845,13.87
75846,13.67
75847,14.2
75848,13.52
75849,13.22
75850,13.23
75851,11.64
75852,17.9
75853,15.69
75854,13.42
75855,14.17
75856,14.04
75857,15.17
75858,13.74
75859,12.56
75860,15.8
75861,13.45
75862,13.85
75863,13.62
75864,11.32
75865,10.85
75866,14.3
75867,12.43
75868,12.46
75869,14.63
75870,11.87
75871,12.14
75872,11.53
75873,13.45
75874,5.3
75875,13.31
75876,9.39
75877,14.44
75878,12.93
75879,13.86
75880,13.95
75881,15.57
75882,14.01
75883,13.46
75884,13.25
75885,9.47
75886,15.34
75887,18.03
75888,14.46
75889,13.81
75890,14.71
75891,12.27
75892,14.57
75893,8.19
75894,14.31
75895,14.99
75896,13.75
75897,14.26
75898,10.47
75899,13.62
75900,14.54
75901,10.9
75902,14.02
75903,15.32
75904,13.56
75905,14.6
75906,15.18
75907,13.84
75908,13.38
75909,13.92
75910,14.11
75911,14.59
75912,11.56
75913,12.09
75914,16.17
75915,12.75
75916,16.84
75917,13.06
75918,11.76
75919,14.83
75920,14.82
75921,13.1
75922,15.46
75923,15.03
75924,11.19
75925,14.38
75926,18.49
75927,14.1
75928,13.63
75929,13.74
75930,11.97
75931,13.45
75932,9.2
75933,15.75
75934,15.38
75935,13.38
75936,14.44
75937,12.05
75938,12.74
75939,9.98
75940,5.3
75941,17.18
75942,8.69
75943,11.31
75944,14.28
75945,13.09
75946,13.48
75947,13.94
75948,16.11
75949,12.18
75950,16.46
75951,14.32
75952,14.46
75953,12.35
75954,10.14
75955,9.52
75956,13.2
75957,13.25
75958,9.73
75959,14.71
75960,14.29
75961,14.51
75962,11.96
75963,14.55
75964,12.6
75965,17.26
75966,15.8
75967,12.55
75968,14.44
75969,14.1
75970,10.15
75971,13.63
75972,14.79
75973,13.76
75974,12.82
75975,16.12
75976,16.56
75977,7.75
75978,12.0
75979,16.56
75980,14.43
75981,12.2
75982,13.47
75983,14.18
75984,11.02
75985,13.84
75986,11.14
75987,14.61
75988,11.67
75989,16.83
75990,15.29
75991,14.83
75992,9.13
75993,14.11
75994,13.75
75995,15.13
75996,14.18
75997,13.97
75998,13.91
75999,14.62
76000,12.04
76001,15.61
76002,11.31
76003,9.46
76004,14.57
76005,14.43
76006,14.88
76007,11.13
76008,13.82
76009,14.32
76010,12.77
76011,12.14
76012,13.26
76013,11.05
76014,8.04
76015,13.66
76016,10.43
76017,9.74
76018,12.86
76019,15.37
76020,12.5
76021,14.45
76022,12.91
76023,13.48
76024,13.8
76025,14.05
76026,12.63
76027,14.13
76028,13.02
76029,13.82
76030,15.38
76031,13.9
76032,13.76
76033,18.78
76034,15.08
76035,13.09
76036,11.79
76037,14.06
76038,9.67
76039,13.92
76040,15.59
76041,15.36
76042,10.76
76043,13.8
76044,15.0
76045,15.14
76046,13.74
76047,15.21
76048,13.52
76049,9.63
76050,14.38
76051,11.44
76052,11.6
76053,17.03
76054,12.74
76055,20.12
76056,13.96
76057,13.46
76058,14.84
76059,10.02
76060,18.6
76061,14.05
76062,15.24
76063,11.49
76064,14.02
76065,15.18
76066,11.79
76067,16.51
76068,14.27
76069,14.53
76070,11.15
76071,13.49
76072,10.63
76073,15.25
76074,15.32
76075,16.42
76076,13.86
76077,14.62
76078,12.76
76079,14.87
76080,11.83
76081,13.79
76082,14.08
76083,14.93
76084,17.63
76085,13.65
76086,14.58
76087,13.81
76088,14.59
76089,12.35
76090,12.62
76091,14.81
76092,13.68
76093,13.93
76094,14.55
76095,14.12
76096,14.24
76097,5.3
76098,10.7
76099,13.24
76100,11.31
76101,13.81
76102,14.52
76103,13.76
76104,17.09
76105,15.3
76106,14.93
76107,12.39
76108,16.02
76109,13.75
76110,9.54
76111,15.4
76112,8.33
76113,15.5
76114,17.01
76115,12.95
76116,8.8
76117,16.89
76118,15.59
76119,11.69
76120,15.17
76121,14.36
76122,12.72
76123,13.4
76124,5.3
76125,14.22
76126,14.74
76127,10.97
76128,13.49
76129,14.07
76130,16.27
76131,13.95
76132,16.27
76133,9.17
76134,12.0
76135,13.97
76136,15.93
76137,9.14
76138,14.24
76139,13.29
76140,14.53
76141,13.51
76142,13.99
76143,15.56
76144,13.82
76145,9.63
76146,14.4
76147,13.76
76148,13.99
76149,13.83
76150,16.59
76151,12.85
76152,18.77
76153,17.09
76154,11.39
76155,14.04
76156,13.36
76157,9.61
76158,12.67
76159,13.95
76160,15.01
76161,14.58
76162,12.91
76163,14.06
76164,16.86
76165,16.27
76166,17.26
76167,13.94
76168,13.53
76169,13.89
76170,13.74
76171,12.91
76172,10.28
76173,12.31
76174,14.13
76175,13.32
76176,14.78
76177,11.88
76178,13.79
76179,12.62
76180,10.85
76181,10.88
76182,16.54
76183,15.54
76184,13.82
76185,11.56
76186,14.74
76187,14.33
76188,13.64
76189,15.64
76190,13.98
76191,13.51
76192,11.88
76193,13.57
76194,14.39
76195,13.8
76196,11.22
76197,14.25
76198,8.9
76199,11.69
76200,13.2
76201,14.91
76202,15.27
76203,10.13
76204,14.29
76205,13.89
76206,12.51
76207,11.12
76208,9.28
76209,13.75
76210,12.44
76211,13.49
76212,13.67
76213,14.35
76214,13.45
76215,17.14
76216,14.41
76217,14.84
76218,14.0
76219,16.04
76220,13.86
76221,13.84
76222,15.16
76223,14.51
76224,12.75
76225,13.5
76226,13.6
76227,9.31
76228,14.35
76229,14.02
76230,5.3
76231,9.6
76232,14.3
76233,13.5
76234,14.92
76235,9.65
76236,16.47
76237,14.68
76238,14.64
76239,13.88
76240,8.95
76241,13.98
76242,11.53
76243,14.29
76244,12.64
76245,18.06
76246,10.23
76247,14.44
76248,14.08
76249,11.37
76250,10.82
76251,15.4
76252,13.68
76253,14.01
76254,14.19
76255,12.52
76256,13.07
76257,13.78
76258,11.91
76259,14.72
76260,15.5
76261,11.31
76262,13.15
76263,14.37
76264,13.22
76265,14.3
76266,14.38
76267,12.88
76268,9.5
76269,13.93
76270,15.48
76271,13.6
76272,15.86
76273,9.07
76274,15.0
76275,13.3
76276,14.28
76277,15.02
76278,9.44
76279,14.6
76280,11.79
76281,18.38
76282,14.88
76283,14.18
76284,16.73
76285,12.33
76286,13.67
76287,8.51
76288,12.59
76289,14.83
76290,14.05
76291,14.35
76292,15.07
76293,14.13
76294,13.94
76295,11.4
76296,13.33
76297,12.32
76298,14.37
76299,8.61
76300,12.27
76301,14.41
76302,13.75
76303,14.31
76304,14.5
76305,15.12
76306,16.14
76307,16.38
76308,10.55
76309,11.87
76310,14.85
76311,17.4
76312,15.41
76313,12.63
76314,13.52
76315,13.1
76316,12.17
76317,14.14
76318,13.09
76319,13.96
76320,14.99
76321,16.7
76322,13.68
76323,14.0
76324,15.25
76325,13.82
76326,14.28
76327,13.81
76328,11.39
76329,14.77
76330,14.98
76331,14.28
76332,15.59
76333,14.2
76334,13.2
76335,14.07
76336,14.84
76337,11.06
76338,14.96
76339,14.98
76340,11.53
76341,12.68
76342,13.02
76343,15.3
76344,11.24
76345,13.64
76346,15.99
76347,12.85
76348,12.12
76349,13.66
76350,14.48
76351,11.18
76352,9.84
76353,14.08
76354,12.64
76355,14.82
76356,14.47
76357,13.55
76358,13.99
76359,8.48
76360,13.11
76361,14.26
76362,14.19
76363,11.7
76364,13.1
76365,12.26
76366,13.93
76367,16.1
76368,8.49
76369,13.57
76370,14.66
76371,9.18
76372,13.19
76373,11.29
76374,14.24
76375,13.67
76376,14.43
76377,14.61
76378,15.74
76379,15.17
76380,14.71
76381,13.96
76382,13.11
76383,8.74
76384,10.33
76385,12.79
76386,11.99
76387,12.07
76388,14.65
76389,10.88
76390,14.11
76391,14.17
76392,14.67
76393,10.8
76394,12.06
76395,16.79
76396,14.04
76397,14.95
76398,11.87
76399,14.7
76400,13.8
76401,15.72
76402,15.83
76403,16.16
76404,14.05
76405,13.75
76406,9.94
76407,12.64
76408,11.38
76409,13.36
76410,14.84
76411,11.13
76412,14.69
76413,14.29
76414,13.45
76415,13.97
76416,13.57
76417,9.33
76418,12.96
76419,8.98
76420,13.43
76421,14.27
76422,15.99
76423,15.22
76424,10.0
76425,15.01
76426,12.3
76427,9.09
76428,15.84
76429,12.63
76430,13.47
76431,14.71
76432,14.44
76433,13.14
76434,16.7
76435,13.97
76436,17.25
76437,5.3
76438,13.35
76439,16.26
76440,10.72
76441,14.66
76442,13.05
76443,12.91
76444,16.5
76445,5.3
76446,12.27
76447,15.42
76448,14.05
76449,13.77
76450,15.47
76451,15.64
76452,13.29
76453,15.29
76454,14.05
76455,14.76
76456,11.52
76457,15.66
76458,11.56
76459,14.58
76460,14.49
76461,13.15
76462,13.03
76463,13.87
76464,15.79
76465,13.33
76466,9.53
76467,13.79
76468,13.61
76469,14.02
76470,12.15
76471,8.67
76472,14.17
76473,14.23
76474,14.56
76475,14.8
76476,13.45
76477,19.01
76478,13.24
76479,13.84
76480,13.45
76481,14.54
76482,12.59
76483,12.63
76484,14.12
76485,15.47
76486,14.94
76487,14.12
76488,16.28
76489,14.42
76490,13.67
76491,14.27
76492,9.43
76493,14.08
76494,11.41
76495,16.12
76496,14.86
76497,13.87
76498,13.0
76499,13.23
76500,12.55
76501,14.24
76502,14.76
76503,12.99
76504,12.66
76505,14.92
76506,12.52
76507,11.15
76508,11.12
76509,13.85
76510,12.11
76511,14.2
76512,11.39
76513,15.07
76514,14.73
76515,13.24
76516,14.05
76517,13.83
76518,12.02
76519,10.89
76520,12.94
76521,13.35
76522,13.57
76523,13.28
76524,15.19
76525,12.25
76526,14.94
76527,14.59
76528,18.76
76529,12.93
76530,14.87
76531,9.49
76532,14.12
76533,16.46
76534,15.05
76535,15.65
76536,13.67
76537,16.05
76538,13.9
76539,14.52
76540,12.71
76541,13.01
76542,14.01
76543,12.7
76544,12.86
76545,14.85
76546,9.27
76547,14.35
76548,13.41
76549,13.51
76550,13.14
76551,11.43
76552,10.27
76553,12.75
76554,17.81
76555,12.17
76556,15.85
76557,14.63
76558,13.18
76559,14.75
76560,13.16
76561,17.04
76562,13.65
76563,13.96
76564,12.01
76565,14.66
76566,13.42
76567,9.06
76568,12.33
76569,13.39
76570,9.33
76571,14.5
76572,14.01
76573,12.19
76574,11.99
76575,10.32
76576,13.53
76577,8.48
76578,14.68
76579,14.43
76580,16.83
76581,15.2
76582,13.51
76583,12.3
76584,12.95
76585,14.17
76586,14.01
76587,12.78
76588,13.99
76589,14.25
76590,12.13
76591,12.78
76592,16.33
76593,15.42
76594,9.93
76595,14.24
76596,15.66
76597,14.51
76598,12.9
76599,15.26
76600,9.14
76601,14.42
76602,12.05
76603,14.07
76604,13.96
76605,13.57
76606,13.69
76607,15.82
76608,13.18
76609,11.95
76610,11.76
76611,12.73
76612,11.31
76613,13.83
76614,11.05
76615,15.32
76616,16.33
76617,9.56
76618,14.92
76619,14.03
76620,13.0
76621,14.95
76622,13.46
76623,11.59
76624,13.77
76625,10.3
76626,13.99
76627,13.13
76628,14.55
76629,17.41
76630,13.99
76631,9.47
76632,13.86
76633,15.73
76634,13.82
76635,12.33
76636,16.16
76637,14.23
76638,12.81
76639,14.97
76640,13.57
76641,14.09
76642,16.15
76643,13.45
76644,12.89
76645,12.62
76646,14.61
76647,14.79
76648,13.59
76649,13.46
76650,9.02
76651,14.75
76652,13.0
76653,14.52
76654,13.92
76655,15.05
76656,9.59
76657,13.49
76658,13.73
76659,5.3
76660,11.05
76661,10.63
76662,15.54
76663,16.62
76664,12.46
76665,11.34
76666,13.73
76667,13.62
76668,16.38
76669,16.65
76670,15.71
76671,13.81
76672,13.78
76673,14.3
76674,10.4
76675,14.04
76676,11.41
76677,12.27
76678,14.51
76679,11.46
76680,14.12
76681,14.66
76682,14.2
76683,12.29
76684,13.96
76685,12.83
76686,13.37
76687,12.23
76688,13.33
76689,18.89
76690,16.4
76691,10.76
76692,16.91
76693,13.9
76694,13.76
76695,8.89
76696,14.4
76697,13.52
76698,15.07
76699,14.58
76700,15.24
76701,17.19
76702,10.28
76703,14.75
76704,14.22
76705,15.26
76706,16.52
76707,8.95
76708,13.77
76709,14.51
76710,18.25
76711,14.25
76712,11.79
76713,14.0
76714,14.9
76715,9.56
76716,16.1
76717,13.09
76718,10.91
76719,9.69
76720,11.35
76721,13.38
76722,5.3
76723,15.85
76724,13.32
76725,13.98
76726,12.85
76727,12.85
76728,13.98
76729,13.47
76730,15.19
76731,14.62
76732,13.45
76733,14.39
76734,13.85
76735,12.99
76736,13.95
76737,16.51
76738,12.07
76739,14.71
76740,12.58
76741,12.0
76742,14.06
76743,14.96
76744,13.72
76745,13.96
76746,14.21
76747,13.24
76748,13.99
76749,16.2
76750,9.34
76751,12.59
76752,14.1
76753,12.54
76754,13.58
76755,14.14
76756,10.81
76757,14.35
76758,14.63
76759,11.68
76760,13.91
76761,13.04
76762,13.29
76763,15.12
76764,17.55
76765,13.49
76766,13.92
76767,12.94
76768,14.44
76769,13.55
76770,17.79
76771,9.42
76772,13.89
76773,12.01
76774,15.1
76775,14.69
76776,14.96
76777,13.84
76778,12.52
76779,15.31
76780,13.61
76781,12.25
76782,13.11
76783,14.15
76784,5.3
76785,15.25
76786,15.17
76787,16.56
76788,11.76
76789,14.84
76790,15.92
76791,16.59
76792,14.85
76793,11.31
76794,13.92
76795,9.49
76796,13.25
76797,10.96
76798,13.01
76799,15.24
76800,13.91
76801,13.62
76802,15.93
76803,14.17
76804,13.49
76805,12.27
76806,5.3
76807,13.08
76808,13.93
76809,13.7
76810,13.64
76811,10.63
76812,9.08
76813,9.97
76814,5.3
76815,15.06
76816,14.49
76817,11.98
76818,14.97
76819,14.19
76820,14.63
76821,14.37
76822,11.43
76823,17.45
76824,5.3
76825,8.91
76826,14.1
76827,14.68
76828,15.98
76829,5.3
76830,14.44
76831,13.01
76832,20.51
76833,14.9
76834,14.17
76835,10.1
76836,12.55
76837,11.33
76838,12.78
76839,13.06
76840,12.13
76841,12.81
76842,14.93
76843,11.32
76844,16.04
76845,14.3
76846,14.12
76847,14.05
76848,13.36
76849,14.29
76850,15.33
76851,14.1
76852,15.2
76853,5.3
76854,9.52
76855,14.07
76856,14.57
76857,16.25
76858,14.26
76859,13.32
76860,14.58
76861,13.73
76862,14.36
76863,18.15
76864,12.53
76865,8.99
76866,16.01
76867,13.65
76868,12.31
76869,16.55
76870,14.5
76871,13.04
76872,13.88
76873,16.68
76874,13.98
76875,14.14
76876,13.48
76877,14.51
76878,9.58
76879,14.07
76880,13.71
76881,12.41
76882,13.68
76883,13.57
76884,14.67
76885,5.3
76886,13.86
76887,14.31
76888,15.35
76889,15.05
76890,15.8
76891,13.58
76892,14.28
76893,14.81
76894,12.95
76895,13.91
76896,12.07
76897,16.47
76898,12.69
76899,13.48
76900,16.66
76901,18.2
76902,5.3
76903,12.82
76904,13.4
76905,15.51
76906,14.69
76907,10.57
76908,14.08
76909,13.97
76910,9.39
76911,9.29
76912,9.26
76913,13.82
76914,14.6
76915,13.86
76916,16.03
76917,14.55
76918,16.95
76919,10.74
76920,14.22
76921,13.29
76922,15.19
76923,10.18
76924,12.17
76925,12.86
76926,15.26
76927,14.69
76928,13.91
76929,15.4
76930,13.53
76931,14.18
76932,14.27
76933,17.91
76934,15.8
76935,15.14
76936,13.49
76937,13.58
76938,15.19
76939,13.33
76940,14.35
76941,10.93
76942,15.33
76943,13.94
76944,13.94
76945,13.9
76946,13.82
76947,13.73
76948,11.89
76949,14.39
76950,15.82
76951,12.9
76952,12.46
76953,10.67
76954,15.19
76955,15.16
76956,5.3
76957,14.55
76958,14.1
76959,14.11
76960,13.97
76961,15.54
76962,13.82
76963,16.74
76964,16.07
76965,14.17
76966,14.12
76967,13.23
76968,13.34
76969,14.05
76970,10.3
76971,14.21
76972,13.48
76973,9.18
76974,12.17
76975,14.77
76976,14.3
76977,13.38
76978,13.8
76979,13.73
76980,15.04
76981,14.52
76982,14.58
76983,14.23
76984,14.33
76985,13.76
76986,16.46
76987,14.44
76988,13.84
76989,15.02
76990,14.81
76991,18.99
76992,14.04
76993,14.38
76994,12.65
76995,13.09
76996,15.35
76997,14.48
76998,14.96
76999,11.21
77000,10.28
77001,14.03
77002,14.79
77003,13.73
77004,11.24
77005,13.44
77006,10.63
77007,13.73
77008,12.31
77009,10.82
77010,8.67
77011,14.28
77012,14.23
77013,15.33
77014,14.31
77015,13.96
77016,11.74
77017,13.39
77018,13.28
77019,5.3
77020,14.05
77021,15.53
77022,15.93
77023,16.26
77024,14.07
77025,15.76
77026,16.31
77027,16.31
77028,13.74
77029,11.35
77030,13.63
77031,12.85
77032,13.32
77033,9.2
77034,13.6
77035,13.74
77036,13.3
77037,16.08
77038,5.3
77039,14.16
77040,14.87
77041,14.39
77042,13.9
77043,13.11
77044,13.9
77045,5.3
77046,8.6
77047,13.74
77048,12.62
77049,13.8
77050,13.44
77051,9.73
77052,15.81
77053,10.54
77054,13.95
77055,13.86
77056,12.14
77057,13.17
77058,12.17
77059,9.61
77060,14.6
77061,14.64
77062,12.29
77063,15.8
77064,14.48
77065,18.75
77066,14.6
77067,11.94
77068,13.47
77069,10.87
77070,13.34
77071,12.01
77072,16.44
77073,13.79
77074,13.98
77075,13.54
77076,9.61
77077,15.7
77078,15.0
77079,13.66
77080,13.7
77081,16.14
77082,14.35
77083,11.61
77084,13.64
77085,12.0
77086,14.28
77087,10.18
77088,14.45
77089,9.08
77090,11.52
77091,13.28
77092,15.61
77093,14.86
77094,10.91
77095,15.07
77096,10.4
77097,13.54
77098,17.34
77099,13.75
77100,13.7
77101,14.02
77102,14.45
77103,13.07
77104,15.18
77105,14.78
77106,9.25
77107,11.61
77108,14.12
77109,9.78
77110,12.43
77111,11.55
77112,13.77
77113,11.52
77114,14.64
77115,16.59
77116,14.09
77117,12.83
77118,14.11
77119,11.47
77120,14.67
77121,12.47
77122,13.78
77123,12.08
77124,13.96
77125,13.74
77126,13.67
77127,14.27
77128,16.39
77129,13.68
77130,8.68
77131,13.89
77132,13.84
77133,11.5
77134,12.45
77135,16.91
77136,13.2
77137,13.74
77138,16.84
77139,14.46
77140,13.02
77141,15.31
77142,15.19
77143,14.23
77144,13.95
77145,15.18
77146,12.21
77147,13.97
77148,14.25
77149,12.13
77150,16.08
77151,13.92
77152,12.58
77153,10.32
77154,8.88
77155,13.98
77156,14.26
77157,13.78
77158,9.81
77159,11.02
77160,14.08
77161,5.3
77162,14.03
77163,13.83
77164,13.48
77165,14.39
77166,14.16
77167,12.99
77168,12.21
77169,14.52
77170,17.02
77171,14.53
77172,13.96
77173,13.7
77174,13.85
77175,13.61
77176,14.17
77177,9.88
77178,14.74
77179,14.38
77180,11.25
77181,15.98
77182,15.26
77183,14.43
77184,12.68
77185,12.48
77186,18.51
77187,13.83
77188,13.95
77189,13.96
77190,15.54
77191,9.75
77192,17.83
77193,14.3
77194,12.94
77195,12.99
77196,13.25
77197,14.1
77198,5.3
77199,14.74
77200,16.0
77201,10.91
77202,14.71
77203,14.35
77204,13.55
77205,10.97
77206,13.65
77207,10.21
77208,9.44
77209,11.51
77210,13.66
77211,13.9
77212,15.03
77213,9.68
77214,13.85
77215,15.4
77216,12.73
77217,13.72
77218,16.02
77219,13.16
77220,15.7
77221,15.94
77222,14.34
77223,14.35
77224,13.84
77225,10.51
77226,13.93
77227,14.51
77228,15.38
77229,9.11
77230,5.3
77231,12.71
77232,14.29
77233,14.31
77234,12.17
77235,13.56
77236,5.3
77237,10.5
77238,14.19
77239,9.56
77240,15.06
77241,11.27
77242,14.98
77243,13.19
77244,14.17
77245,14.76
77246,16.14
77247,10.22
77248,13.56
77249,13.67
77250,11.69
77251,13.74
77252,13.86
77253,15.5
77254,14.28
77255,13.82
77256,13.65
77257,14.87
77258,15.22
77259,14.16
77260,17.88
77261,13.4
77262,13.62
77263,9.56
77264,12.34
77265,14.12
77266,14.53
77267,14.7
77268,8.66
77269,13.51
77270,14.22
77271,13.96
77272,14.67
77273,13.3
77274,16.34
77275,14.1
77276,12.5
77277,10.06
77278,12.87
77279,13.16
77280,15.09
77281,15.2
77282,14.27
77283,14.93
77284,16.09
77285,13.6
77286,15.25
77287,16.89
77288,14.08
77289,14.72
77290,14.55
77291,12.26
77292,14.04
77293,15.2
77294,9.57
77295,14.27
77296,5.3
77297,9.74
77298,15.92
77299,15.81
77300,12.62
77301,16.69
77302,14.17
77303,14.05
77304,14.31
77305,14.35
77306,14.39
77307,9.62
77308,15.12
77309,15.06
77310,9.41
77311,15.15
77312,17.35
77313,11.63
77314,14.33
77315,12.5
77316,13.55
77317,12.79
77318,14.67
77319,14.21
77320,5.3
77321,15.37
77322,14.05
77323,14.81
77324,13.39
77325,18.88
77326,13.9
77327,13.69
77328,14.34
77329,15.77
77330,14.18
77331,14.13
77332,13.79
77333,14.6
77334,13.78
77335,18.13
77336,9.38
77337,18.04
77338,12.01
77339,14.4
77340,13.66
77341,15.22
77342,14.68
77343,13.81
77344,11.33
77345,14.76
77346,13.38
77347,12.14
77348,16.14
77349,14.39
77350,16.13
77351,15.57
77352,13.94
77353,14.91
77354,12.05
77355,8.83
77356,8.67
77357,13.13
77358,15.04
77359,13.15
77360,13.82
77361,14.51
77362,12.26
77363,14.05
77364,15.7
77365,15.14
77366,10.87
77367,14.1
77368,13.88
77369,16.14
77370,15.2
77371,13.35
77372,11.09
77373,14.06
77374,13.09
77375,13.66
77376,14.68
77377,16.28
77378,12.6
77379,14.75
77380,14.3
77381,13.63
77382,10.9
77383,14.41
77384,14.8
77385,13.91
77386,14.84
77387,9.41
77388,16.95
77389,14.57
77390,14.28
77391,14.64
77392,15.95
77393,13.4
77394,14.2
77395,11.9
77396,15.51
77397,12.79
77398,13.1
77399,14.28
77400,15.49
77401,15.44
77402,13.73
77403,13.77
77404,13.53
77405,13.91
77406,14.83
77407,13.64
77408,13.8
77409,6.2
77410,10.31
77411,13.23
77412,14.12
77413,11.98
77414,14.56
77415,15.48
77416,13.42
77417,9.66
77418,16.29
77419,16.07
77420,16.78
77421,9.59
77422,9.57
77423,15.55
77424,14.56
77425,13.47
77426,16.82
77427,15.06
77428,13.93
77429,13.11
77430,16.03
77431,12.25
77432,14.1
77433,13.03
77434,13.71
77435,14.57
77436,13.51
77437,13.77
77438,14.52
77439,15.34
77440,13.71
77441,14.21
77442,13.21
77443,10.94
77444,17.62
77445,12.42
77446,14.28
77447,13.81
77448,5.3
77449,20.04
77450,9.24
77451,14.35
77452,14.06
77453,12.98
77454,9.89
77455,12.56
77456,8.31
77457,14.06
77458,12.98
77459,9.54
77460,14.46
77461,13.65
77462,10.61
77463,14.83
77464,13.93
77465,13.45
77466,13.72
77467,14.45
77468,12.34
77469,12.92
77470,13.46
77471,12.23
77472,9.85
77473,11.01
77474,9.53
77475,11.48
77476,14.3
77477,12.95
77478,12.82
77479,13.66
77480,12.89
77481,9.72
77482,15.13
77483,13.66
77484,15.51
77485,17.67
77486,14.49
77487,14.2
77488,13.04
77489,15.27
77490,14.2
77491,8.13
77492,9.17
77493,13.75
77494,16.35
77495,13.77
77496,13.88
77497,13.26
77498,11.75
77499,13.28
77500,17.37
77501,13.83
77502,12.93
77503,12.95
77504,13.73
77505,13.19
77506,14.0
77507,9.9
77508,16.96
77509,13.62
77510,13.35
77511,15.39
77512,11.6
77513,11.39
77514,12.77
77515,14.03
77516,16.84
77517,7.94
77518,16.01
77519,11.66
77520,11.03
77521,14.42
77522,15.94
77523,14.47
77524,13.67
77525,13.95
77526,9.46
77527,13.7
77528,13.21
77529,11.81
77530,13.35
77531,9.8
77532,15.94
77533,10.55
77534,16.81
77535,12.03
77536,14.62
77537,14.62
77538,12.48
77539,9.87
77540,15.56
77541,15.02
77542,13.56
77543,14.76
77544,13.41
77545,12.86
77546,14.24
77547,13.14
77548,14.0
77549,14.78
77550,13.96
77551,13.0
77552,15.33
77553,13.8
77554,13.51
77555,13.97
77556,12.89
77557,13.67
77558,10.73
77559,13.69
77560,11.1
77561,15.56
77562,14.66
77563,14.15
77564,13.54
77565,13.85
77566,16.24
77567,10.25
77568,9.84
77569,13.57
77570,17.08
77571,5.3
77572,13.82
77573,15.28
77574,13.54
77575,13.26
77576,14.83
77577,13.78
77578,13.97
77579,13.91
77580,14.16
77581,14.16
77582,16.14
77583,13.77
77584,12.64
77585,12.96
77586,14.1
77587,13.14
77588,14.65
77589,17.65
77590,12.47
77591,15.24
77592,14.03
77593,13.37
77594,12.24
77595,13.58
77596,5.3
77597,14.19
77598,14.95
77599,14.29
77600,8.29
77601,15.27
77602,14.39
77603,13.98
77604,16.73
77605,14.25
77606,12.22
77607,13.23
77608,17.46
77609,15.76
77610,13.57
77611,15.51
77612,16.66
77613,14.97
77614,14.39
77615,13.76
77616,17.83
77617,15.18
77618,14.18
77619,13.98
77620,13.77
77621,16.38
77622,14.9
77623,16.25
77624,15.56
77625,13.95
77626,14.98
77627,15.08
77628,12.19
77629,13.69
77630,10.69
77631,14.58
77632,15.55
77633,10.2
77634,15.76
77635,12.39
77636,14.81
77637,13.85
77638,14.78
77639,12.35
77640,13.55
77641,9.1
77642,15.09
77643,14.57
77644,13.69
77645,14.34
77646,12.18
77647,12.92
77648,14.44
77649,11.2
77650,13.91
77651,14.36
77652,13.86
77653,15.48
77654,14.51
77655,14.69
77656,13.87
77657,13.8
77658,14.17
77659,13.96
77660,15.43
77661,14.1
77662,13.59
77663,13.65
77664,12.53
77665,15.99
77666,14.19
77667,14.82
77668,14.0
77669,14.23
77670,15.9
77671,14.29
77672,13.29
77673,14.47
77674,13.14
77675,13.07
77676,14.0
77677,14.61
77678,14.65
77679,13.31
77680,9.19
77681,14.35
77682,13.62
77683,14.47
77684,13.39
77685,14.67
77686,14.36
77687,9.67
77688,14.88
77689,13.86
77690,13.47
77691,12.96
77692,11.24
77693,13.98
77694,14.51
77695,10.69
77696,14.39
77697,11.54
77698,10.32
77699,13.83
77700,14.42
77701,14.26
77702,13.52
77703,13.45
77704,13.69
77705,14.21
77706,16.58
77707,13.38
77708,14.49
77709,15.61
77710,14.64
77711,15.22
77712,12.58
77713,14.22
77714,14.7
77715,14.13
77716,12.66
77717,14.09
77718,15.3
77719,16.22
77720,13.53
77721,14.44
77722,13.97
77723,14.31
77724,15.12
77725,15.09
77726,11.59
77727,13.58
77728,12.09
77729,13.1
77730,10.25
77731,14.87
77732,14.08
77733,13.01
77734,13.79
77735,14.75
77736,15.01
77737,13.83
77738,9.54
77739,15.4
77740,14.03
77741,15.12
77742,9.61
77743,14.84
77744,13.08
77745,15.38
77746,13.56
77747,13.45
77748,13.47
77749,9.45
77750,15.33
77751,13.76
77752,14.37
77753,13.75
77754,13.91
77755,12.35
77756,11.65
77757,13.67
77758,15.25
77759,8.24
77760,14.34
77761,13.74
77762,15.08
77763,13.69
77764,9.95
77765,15.48
77766,13.87
77767,15.57
77768,14.12
77769,14.29
77770,14.47
77771,10.14
77772,13.69
77773,13.95
77774,9.54
77775,13.92
77776,11.38
77777,13.98
77778,13.45
77779,13.1
77780,14.08
77781,13.0
77782,14.33
77783,13.81
77784,15.3
77785,8.54
77786,13.48
77787,8.74
77788,10.98
77789,11.48
77790,14.39
77791,14.49
77792,12.19
77793,13.82
77794,14.92
77795,14.7
77796,14.33
77797,15.22
77798,9.54
77799,15.12
77800,14.8
77801,16.2
77802,14.38
77803,10.92
77804,13.87
77805,13.22
77806,13.48
77807,14.64
77808,15.75
77809,14.88
77810,15.03
77811,12.72
77812,13.97
77813,12.1
77814,12.84
77815,12.95
77816,12.48
77817,13.72
77818,17.47
77819,13.65
77820,10.65
77821,12.33
77822,13.81
77823,15.23
77824,13.52
77825,13.83
77826,13.76
77827,13.85
77828,12.75
77829,15.77
77830,14.94
77831,13.73
77832,14.0
77833,14.15
77834,12.17
77835,9.47
77836,14.18
77837,15.91
77838,17.67
77839,11.66
77840,14.16
77841,11.79
77842,13.26
77843,14.35
77844,9.52
77845,11.22
77846,12.38
77847,5.3
77848,11.25
77849,12.81
77850,12.03
77851,15.11
77852,14.38
77853,15.12
77854,13.33
77855,13.47
77856,9.59
77857,14.52
77858,13.12
77859,12.63
77860,13.99
77861,17.89
77862,10.55
77863,14.67
77864,13.93
77865,13.92
77866,13.51
77867,14.78
77868,15.18
77869,15.83
77870,5.3
77871,15.3
77872,12.92
77873,15.1
77874,13.54
77875,14.47
77876,13.19
77877,16.05
77878,12.11
77879,14.09
77880,13.84
77881,10.79
77882,12.43
77883,11.73
77884,15.82
77885,14.79
77886,13.76
77887,14.87
77888,13.77
77889,17.92
77890,14.74
77891,16.22
77892,12.92
77893,15.76
77894,16.12
77895,12.06
77896,15.05
77897,15.51
77898,11.09
77899,14.07
77900,14.31
77901,12.25
77902,14.63
77903,15.74
77904,13.51
77905,9.79
77906,13.26
77907,14.4
77908,15.34
77909,13.95
77910,9.07
77911,11.22
77912,15.83
77913,13.13
77914,14.11
77915,13.37
77916,13.93
77917,14.84
77918,13.73
77919,11.68
77920,15.33
77921,13.76
77922,13.8
77923,13.67
77924,13.52
77925,13.39
77926,14.74
77927,14.1
77928,13.52
77929,15.35
77930,9.64
77931,14.33
77932,18.32
77933,14.44
77934,12.96
77935,14.57
77936,14.48
77937,15.28
77938,12.67
77939,14.78
77940,18.58
77941,14.16
77942,14.24
77943,9.36
77944,17.3
77945,13.33
77946,13.8
77947,13.57
77948,14.52
77949,12.8
77950,14.54
77951,14.04
77952,13.75
77953,13.92
77954,13.94
77955,18.34
77956,16.59
77957,14.7
77958,16.42
77959,8.06
77960,14.42
77961,14.33
77962,13.04
77963,13.69
77964,11.21
77965,13.88
77966,14.43
77967,14.06
77968,14.44
77969,13.83
77970,15.25
77971,15.91
77972,5.3
77973,14.25
77974,13.73
77975,14.78
77976,12.76
77977,13.88
77978,14.27
77979,14.61
77980,12.85
77981,10.61
77982,11.99
77983,13.5
77984,14.19
77985,14.09
77986,13.9
77987,14.62
77988,14.69
77989,14.32
77990,10.44
77991,14.03
77992,13.16
77993,13.72
77994,14.36
77995,13.28
77996,15.61
77997,12.23
77998,14.35
77999,15.6
78000,13.13
78001,11.78
78002,12.58
78003,14.13
78004,12.33
78005,13.68
78006,14.53
78007,13.71
78008,15.82
78009,14.07
78010,8.77
78011,14.97
78012,9.74
78013,12.54
78014,11.89
78015,13.33
78016,14.03
78017,14.39
78018,14.45
78019,11.08
78020,5.3
78021,14.96
78022,15.25
78023,16.66
78024,13.05
78025,9.91
78026,13.98
78027,13.66
78028,15.13
78029,11.73
78030,13.9
78031,15.73
78032,13.97
78033,12.58
78034,14.49
78035,14.45
78036,15.47
78037,13.92
78038,14.01
78039,13.44
78040,14.36
78041,13.95
78042,13.13
78043,14.48
78044,12.75
78045,13.65
78046,13.5
78047,14.34
78048,15.05
78049,12.76
78050,14.89
78051,15.54
78052,12.4
78053,13.55
78054,16.37
78055,13.94
78056,14.05
78057,14.14
78058,14.58
78059,13.54
78060,13.88
78061,13.6
78062,11.77
78063,10.94
78064,13.36
78065,9.81
78066,13.57
78067,13.3
78068,15.21
78069,14.74
78070,14.6
78071,9.65
78072,14.86
78073,14.18
78074,13.83
78075,13.99
78076,9.68
78077,13.87
78078,5.3
78079,10.8
78080,13.06
78081,10.99
78082,16.48
78083,15.01
78084,13.55
78085,13.72
78086,14.17
78087,15.26
78088,13.33
78089,15.65
78090,11.21
78091,13.75
78092,9.7
78093,14.66
78094,17.04
78095,13.88
78096,13.77
78097,17.5
78098,14.09
78099,9.73
78100,5.3
78101,12.29
78102,14.13
78103,13.86
78104,12.16
78105,14.49
78106,18.83
78107,15.54
78108,5.3
78109,13.85
78110,8.48
78111,9.65
78112,15.13
78113,13.18
78114,14.45
78115,14.89
78116,13.47
78117,14.67
78118,12.76
78119,16.94
78120,14.02
78121,13.95
78122,14.12
78123,14.04
78124,13.32
78125,13.97
78126,13.26
78127,8.6
78128,15.9
78129,14.82
78130,13.56
78131,13.63
78132,14.77
78133,15.76
78134,13.55
78135,16.16
78136,13.57
78137,15.27
78138,10.26
78139,14.04
78140,10.04
78141,14.73
78142,5.3
78143,8.75
78144,16.45
78145,17.43
78146,13.57
78147,15.64
78148,14.4
78149,13.9
78150,13.88
78151,13.99
78152,16.1
78153,13.39
78154,13.86
78155,14.68
78156,13.15
78157,14.83
78158,12.43
78159,13.13
78160,10.96
78161,14.57
78162,15.16
78163,12.12
78164,14.65
78165,13.75
78166,14.14
78167,15.43
78168,16.01
78169,14.43
78170,14.52
78171,14.9
78172,14.08
78173,14.09
78174,13.22
78175,13.92
78176,14.57
78177,13.31
78178,14.91
78179,15.74
78180,15.51
78181,14.02
78182,12.91
78183,17.03
78184,17.22
78185,16.07
78186,13.32
78187,12.14
78188,13.98
78189,13.99
78190,15.0
78191,14.2
78192,12.18
78193,9.24
78194,15.28
78195,13.15
78196,9.71
78197,13.48
78198,13.57
78199,14.52
78200,14.47
78201,13.85
78202,13.51
78203,12.71
78204,10.7
78205,14.78
78206,17.44
78207,13.2
78208,16.09
78209,12.52
78210,14.75
78211,8.84
78212,12.8
78213,11.89
78214,14.23
78215,9.63
78216,14.51
78217,10.43
78218,11.55
78219,12.82
78220,11.92
78221,13.54
78222,14.75
78223,12.41
78224,15.25
78225,11.65
78226,13.15
78227,12.47
78228,14.33
78229,13.79
78230,13.5
78231,13.55
78232,12.85
78233,13.53
78234,15.11
78235,16.49
78236,15.38
78237,14.53
78238,15.46
78239,13.76
78240,15.41
78241,13.8
78242,14.02
78243,14.29
78244,13.26
78245,15.27
78246,13.64
78247,13.66
78248,12.19
78249,18.79
78250,14.82
78251,9.92
78252,13.19
78253,14.25
78254,15.78
78255,13.81
78256,14.02
78257,13.87
78258,12.45
78259,11.74
78260,13.75
78261,13.03
78262,15.66
78263,15.14
78264,14.65
78265,14.09
78266,14.28
78267,15.6
78268,15.06
78269,15.18
78270,13.67
78271,14.83
78272,13.5
78273,12.9
78274,13.95
78275,14.56
78276,12.32
78277,13.78
78278,14.82
78279,14.17
78280,14.34
78281,13.36
78282,12.24
78283,12.29
78284,14.84
78285,12.46
78286,14.12
78287,14.2
78288,13.39
78289,13.03
78290,11.71
78291,14.13
78292,13.75
78293,14.59
78294,13.32
78295,14.86
78296,13.37
78297,14.2
78298,14.5
78299,13.18
78300,14.6
78301,13.01
78302,14.07
78303,15.39
78304,15.92
78305,14.57
78306,11.14
78307,13.8
78308,12.55
78309,14.1
78310,15.48
78311,13.87
78312,12.28
78313,14.51
78314,13.27
78315,14.65
78316,13.75
78317,14.25
78318,14.19
78319,13.9
78320,13.9
78321,15.51
78322,10.0
78323,12.55
78324,15.65
78325,14.41
78326,10.01
78327,14.33
78328,5.3
78329,18.23
78330,14.82
78331,15.57
78332,12.94
78333,9.91
78334,11.85
78335,16.38
78336,19.72
78337,14.82
78338,16.35
78339,9.39
78340,13.52
78341,15.83
78342,15.81
78343,15.06
78344,12.85
78345,15.53
78346,12.04
78347,13.99
78348,13.79
78349,14.69
78350,13.47
78351,13.67
78352,15.83
78353,11.78
78354,14.14
78355,14.23
78356,13.49
78357,5.3
78358,14.86
78359,13.73
78360,14.85
78361,9.57
78362,13.64
78363,12.38
78364,12.38
78365,11.55
78366,13.05
78367,14.33
78368,9.59
78369,13.89
78370,14.21
78371,9.77
78372,19.34
78373,13.55
78374,12.83
78375,13.83
78376,15.28
78377,9.42
78378,14.13
78379,13.94
78380,15.99
78381,15.25
78382,12.77
78383,14.11
78384,12.35
78385,14.2
78386,13.67
78387,11.36
78388,13.73
78389,14.09
78390,15.4
78391,14.12
78392,13.73
78393,14.69
78394,14.56
78395,12.29
78396,14.02
78397,13.7
78398,9.66
78399,14.23
78400,14.46
78401,15.29
78402,16.21
78403,17.41
78404,11.17
78405,11.54
78406,9.43
78407,15.7
78408,11.62
78409,15.58
78410,12.29
78411,13.71
78412,14.65
78413,14.14
78414,15.07
78415,14.82
78416,13.93
78417,14.93
78418,14.37
78419,13.5
78420,14.59
78421,15.64
78422,13.67
78423,10.2
78424,13.69
78425,13.86
78426,14.22
78427,14.02
78428,13.19
78429,11.1
78430,14.21
78431,18.96
78432,5.3
78433,14.98
78434,15.07
78435,14.13
78436,14.24
78437,15.34
78438,13.91
78439,14.08
78440,15.92
78441,12.84
78442,14.46
78443,17.45
78444,10.62
78445,13.39
78446,14.12
78447,13.75
78448,15.44
78449,13.79
78450,14.04
78451,16.26
78452,13.62
78453,11.39
78454,14.1
78455,14.14
78456,12.13
78457,13.6
78458,13.58
78459,10.01
78460,14.12
78461,18.41
78462,13.3
78463,13.76
78464,11.34
78465,12.59
78466,14.32
78467,13.85
78468,5.3
78469,13.82
78470,12.63
78471,14.06
78472,12.3
78473,13.77
78474,16.62
78475,16.04
78476,15.51
78477,12.09
78478,16.97
78479,14.37
78480,16.43
78481,13.04
78482,13.57
78483,13.65
78484,14.6
78485,12.99
78486,14.94
78487,14.72
78488,14.83
78489,13.56
78490,12.83
78491,18.48
78492,13.66
78493,14.75
78494,14.73
78495,13.4
78496,15.58
78497,14.78
78498,15.07
78499,14.79
78500,11.12
78501,12.98
78502,15.55
78503,16.48
78504,14.55
78505,14.35
78506,14.05
78507,11.19
78508,14.3
78509,14.65
78510,13.32
78511,17.0
78512,11.01
78513,13.37
78514,10.06
78515,11.98
78516,12.53
78517,11.1
78518,17.43
78519,18.33
78520,14.02
78521,5.3
78522,14.04
78523,13.91
78524,8.8
78525,13.8
78526,9.48
78527,14.72
78528,16.35
78529,13.88
78530,13.32
78531,13.92
78532,13.18
78533,17.22
78534,16.49
78535,17.85
78536,13.84
78537,14.79
78538,5.3
78539,13.31
78540,14.6
78541,10.0
78542,15.12
78543,13.66
78544,13.62
78545,14.81
78546,14.05
78547,14.67
78548,17.15
78549,13.15
78550,14.96
78551,11.29
78552,16.98
78553,14.07
78554,12.81
78555,14.88
78556,13.98
78557,5.3
78558,13.93
78559,7.74
78560,13.27
78561,14.87
78562,14.2
78563,14.01
78564,15.1
78565,8.2
78566,14.0
78567,14.84
78568,13.73
78569,13.4
78570,13.33
78571,15.15
78572,14.33
78573,15.26
78574,14.26
78575,14.04
78576,12.12
78577,14.2
78578,16.14
78579,12.44
78580,16.62
78581,13.84
78582,9.85
78583,9.77
78584,11.06
78585,15.26
78586,13.45
78587,14.43
78588,15.95
78589,11.37
78590,13.39
78591,14.17
78592,14.59
78593,15.33
78594,16.15
78595,14.97
78596,13.64
78597,14.16
78598,12.17
78599,14.6
78600,13.63
78601,13.21
78602,13.76
78603,14.27
78604,13.27
78605,13.07
78606,11.97
78607,13.75
78608,14.49
78609,15.02
78610,13.87
78611,14.59
78612,14.45
78613,14.74
78614,15.22
78615,14.03
78616,13.66
78617,12.04
78618,12.84
78619,12.05
78620,16.02
78621,16.07
78622,13.35
78623,13.61
78624,13.87
78625,12.24
78626,11.61
78627,13.87
78628,14.33
78629,11.3
78630,11.34
78631,14.75
78632,12.88
78633,11.46
78634,14.59
78635,14.75
78636,15.19
78637,14.35
78638,12.67
78639,13.27
78640,14.74
78641,9.63
78642,12.9
78643,13.15
78644,15.03
78645,10.65
78646,13.94
78647,12.65
78648,14.23
78649,13.57
78650,15.83
78651,13.61
78652,11.8
78653,12.11
78654,13.42
78655,16.8
78656,9.36
78657,14.82
78658,14.26
78659,11.0
78660,14.37
78661,16.08
78662,14.21
78663,10.61
78664,14.79
78665,10.24
78666,9.49
78667,13.48
78668,13.57
78669,14.91
78670,14.78
78671,8.76
78672,16.45
78673,11.33
78674,15.7
78675,5.3
78676,13.26
78677,11.32
78678,8.79
78679,14.89
78680,14.89
78681,13.07
78682,14.16
78683,13.81
78684,13.3
78685,14.13
78686,9.77
78687,13.56
78688,9.69
78689,13.49
78690,13.82
78691,14.79
78692,9.89
78693,14.07
78694,13.38
78695,14.46
78696,14.23
78697,14.68
78698,13.51
78699,12.15
78700,15.08
78701,12.92
78702,13.97
78703,13.97
78704,16.38
78705,10.06
78706,12.12
78707,17.91
78708,10.83
78709,14.11
78710,12.47
78711,13.89
78712,15.04
78713,13.55
78714,14.87
78715,12.86
78716,10.26
78717,13.26
78718,11.95
78719,14.41
78720,19.13
78721,14.08
78722,14.04
78723,5.3
78724,9.48
78725,17.78
78726,9.72
78727,15.01
78728,14.27
78729,13.53
78730,13.68
78731,14.93
78732,12.26
78733,14.3
78734,16.13
78735,11.35
78736,18.42
78737,14.67
78738,14.88
78739,14.24
78740,9.42
78741,14.02
78742,11.34
78743,13.8
78744,16.56
78745,13.56
78746,13.68
78747,18.52
78748,14.22
78749,14.55
78750,9.64
78751,13.15
78752,13.75
78753,13.88
78754,14.73
78755,14.27
78756,14.77
78757,12.42
78758,15.18
78759,14.48
78760,9.1
78761,14.53
78762,12.15
78763,13.33
78764,12.47
78765,17.32
78766,8.02
78767,18.89
78768,14.18
78769,11.51
78770,8.57
78771,12.41
78772,8.83
78773,12.68
78774,16.24
78775,11.33
78776,15.66
78777,14.71
78778,14.19
78779,14.09
78780,14.06
78781,14.44
78782,14.36
78783,15.29
78784,13.57
78785,10.03
78786,8.75
78787,12.05
78788,11.41
78789,15.15
78790,13.34
78791,20.33
78792,15.2
78793,13.92
78794,14.29
78795,15.37
78796,15.07
78797,11.6
78798,15.71
78799,8.17
78800,13.5
78801,15.39
78802,7.65
78803,14.35
78804,14.3
78805,14.15
78806,7.71
78807,13.93
78808,12.83
78809,14.71
78810,11.38
78811,12.23
78812,15.13
78813,9.41
78814,14.17
78815,13.65
78816,14.4
78817,13.02
78818,13.79
78819,13.38
78820,14.34
78821,13.49
78822,15.5
78823,13.73
78824,14.46
78825,13.7
78826,11.25
78827,14.5
78828,13.88
78829,14.31
78830,14.71
78831,12.26
78832,13.44
78833,14.16
78834,14.81
78835,15.87
78836,14.23
78837,13.97
78838,13.69
78839,15.33
78840,11.68
78841,9.82
78842,11.49
78843,13.19
78844,14.02
78845,9.36
78846,15.76
78847,13.14
78848,14.22
78849,16.18
78850,14.53
78851,14.79
78852,13.32
78853,14.11
78854,16.02
78855,14.39
78856,15.86
78857,13.21
78858,13.61
78859,13.2
78860,13.85
78861,13.31
78862,12.16
78863,11.38
78864,14.0
78865,15.24
78866,14.86
78867,15.16
78868,12.88
78869,15.55
78870,13.72
78871,11.1
78872,10.09
78873,14.53
78874,16.13
78875,16.49
78876,14.12
78877,16.96
78878,12.77
78879,11.36
78880,12.41
78881,13.66
78882,15.55
78883,13.85
78884,13.8
78885,11.31
78886,13.41
78887,12.55
78888,13.87
78889,15.35
78890,13.85
78891,9.23
78892,11.72
78893,10.0
78894,10.32
78895,12.14
78896,13.94
78897,16.3
78898,11.05
78899,13.59
78900,13.6
78901,12.38
78902,15.41
78903,15.39
78904,14.07
78905,17.15
78906,14.78
78907,14.24
78908,11.83
78909,13.26
78910,14.78
78911,9.17
78912,14.64
78913,14.06
78914,14.1
78915,14.43
78916,12.96
78917,12.41
78918,16.98
78919,13.81
78920,13.11
78921,13.35
78922,12.6
78923,14.13
78924,14.5
78925,12.09
78926,14.12
78927,14.04
78928,13.95
78929,11.62
78930,9.45
78931,14.74
78932,15.65
78933,12.94
78934,14.42
78935,14.17
78936,14.59
78937,13.82
78938,13.68
78939,13.92
78940,14.23
78941,13.23
78942,14.18
78943,14.16
78944,14.39
78945,10.3
78946,16.1
78947,13.39
78948,14.68
78949,9.5
78950,13.67
78951,17.19
78952,14.12
78953,14.63
78954,14.57
78955,14.7
78956,13.9
78957,14.47
78958,14.24
78959,15.72
78960,13.91
78961,11.13
78962,13.97
78963,12.19
78964,13.78
78965,14.09
78966,14.02
78967,14.99
78968,8.24
78969,14.53
78970,14.33
78971,13.74
78972,13.24
78973,13.63
78974,14.91
78975,5.3
78976,13.8
78977,15.33
78978,13.9
78979,9.22
78980,12.14
78981,13.47
78982,14.65
78983,14.89
78984,13.23
78985,10.28
78986,14.47
78987,11.46
78988,16.23
78989,13.35
78990,14.16
78991,15.59
78992,10.65
78993,13.37
78994,14.29
78995,14.52
78996,14.3
78997,16.58
78998,13.06
78999,16.97
79000,13.58
79001,13.56
79002,10.1
79003,12.78
79004,14.1
79005,13.77
79006,13.32
79007,13.5
79008,14.26
79009,10.51
79010,13.69
79011,14.99
79012,11.65
79013,14.57
79014,13.4
79015,13.76
79016,13.55
79017,16.52
79018,13.25
79019,15.27
79020,13.46
79021,14.39
79022,11.56
79023,15.25
79024,12.87
79025,16.86
79026,13.23
79027,11.02
79028,12.83
79029,13.93
79030,15.0
79031,12.22
79032,13.15
79033,13.7
79034,13.63
79035,13.1
79036,14.53
79037,14.27
79038,16.47
79039,14.08
79040,12.37
79041,14.16
79042,13.85
79043,11.21
79044,13.11
79045,8.96
79046,14.32
79047,13.54
79048,14.07
79049,13.51
79050,15.54
79051,13.19
79052,13.66
79053,5.3
79054,10.08
79055,14.11
79056,13.87
79057,14.46
79058,14.8
79059,15.53
79060,13.58
79061,15.27
79062,13.99
79063,11.18
79064,14.04
79065,9.58
79066,13.67
79067,13.24
79068,13.13
79069,13.33
79070,13.83
79071,11.31
79072,14.32
79073,14.35
79074,14.02
79075,10.54
79076,13.33
79077,12.88
79078,13.5
79079,13.28
79080,15.23
79081,13.91
79082,14.28
79083,12.04
79084,14.06
79085,13.41
79086,14.57
79087,13.75
79088,14.92
79089,12.88
79090,13.87
79091,15.15
79092,13.55
79093,18.95
79094,11.48
79095,17.46
79096,13.75
79097,15.06
79098,15.38
79099,11.77
79100,14.69
79101,14.66
79102,15.9
79103,14.42
79104,12.34
79105,15.2
79106,14.35
79107,11.45
79108,16.15
79109,14.86
79110,9.23
79111,15.18
79112,13.91
79113,14.65
79114,13.93
79115,13.77
79116,12.89
79117,13.53
79118,13.91
79119,13.91
79120,13.92
79121,13.71
79122,14.88
79123,14.87
79124,14.43
79125,13.82
79126,14.25
79127,9.48
79128,13.9
79129,9.56
79130,13.98
79131,13.33
79132,14.65
79133,14.53
79134,13.04
79135,15.58
79136,14.09
79137,13.69
79138,9.68
79139,13.39
79140,11.22
79141,15.26
79142,13.99
79143,14.13
79144,14.38
79145,9.46
79146,12.02
79147,14.46
79148,15.08
79149,12.05
79150,16.96
79151,13.96
79152,9.52
79153,11.6
79154,14.56
79155,18.07
79156,13.48
79157,10.57
79158,16.23
79159,5.3
79160,14.55
79161,14.34
79162,11.66
79163,15.39
79164,14.55
79165,14.84
79166,11.17
79167,12.54
79168,14.09
79169,11.76
79170,13.92
79171,13.6
79172,13.36
79173,12.89
79174,12.46
79175,12.36
79176,13.89
79177,13.16
79178,14.29
79179,14.71
79180,13.74
79181,13.88
79182,13.99
79183,5.3
79184,15.23
79185,12.8
79186,13.46
79187,14.04
79188,14.2
79189,14.79
79190,11.2
79191,15.04
79192,13.63
79193,16.09
79194,13.15
79195,15.18
79196,15.2
79197,16.22
79198,14.08
79199,13.57
79200,14.6
79201,14.76
79202,15.94
79203,13.47
79204,14.88
79205,15.55
79206,11.24
79207,15.91
79208,14.97
79209,13.51
79210,12.04
79211,13.89
79212,13.33
79213,14.71
79214,15.19
79215,13.87
79216,14.97
79217,15.9
79218,15.11
79219,14.13
79220,13.82
79221,15.96
79222,14.93
79223,15.23
79224,14.95
79225,15.89
79226,12.2
79227,15.21
79228,9.45
79229,13.39
79230,15.16
79231,14.38
79232,14.76
79233,16.28
79234,10.49
79235,13.15
79236,14.03
79237,13.58
79238,13.75
79239,16.27
79240,12.73
79241,14.1
79242,14.48
79243,13.3
79244,14.24
79245,13.34
79246,17.43
79247,15.48
79248,13.92
79249,16.91
79250,13.67
79251,15.23
79252,9.96
79253,15.56
79254,15.76
79255,14.34
79256,12.07
79257,14.81
79258,13.84
79259,12.55
79260,14.26
79261,8.22
79262,13.5
79263,15.16
79264,13.5
79265,12.94
79266,12.18
79267,13.98
79268,14.44
79269,17.37
79270,13.6
79271,14.1
79272,15.61
79273,13.99
79274,13.76
79275,14.98
79276,20.25
79277,12.71
79278,15.56
79279,15.75
79280,13.94
79281,14.45
79282,14.93
79283,14.57
79284,12.86
79285,14.87
79286,16.15
79287,13.83
79288,17.86
79289,14.26
79290,13.61
79291,14.61
79292,12.93
79293,11.3
79294,14.75
79295,13.82
79296,13.89
79297,15.67
79298,13.87
79299,11.93
79300,13.84
79301,14.15
79302,13.04
79303,13.27
79304,14.13
79305,14.01
79306,13.65
79307,14.66
79308,14.04
79309,15.13
79310,15.87
79311,12.64
79312,12.11
79313,13.92
79314,13.98
79315,13.73
79316,12.23
79317,14.86
79318,16.06
79319,14.02
79320,8.32
79321,16.23
79322,13.94
79323,13.62
79324,14.17
79325,16.52
79326,14.25
79327,13.62
79328,14.07
79329,13.78
79330,18.31
79331,16.58
79332,13.75
79333,10.34
79334,13.41
79335,15.44
79336,16.35
79337,15.45
79338,15.29
79339,13.64
79340,14.38
79341,14.57
79342,15.8
79343,13.44
79344,15.78
79345,13.46
79346,13.44
79347,14.06
79348,13.67
79349,13.74
79350,17.94
79351,13.83
79352,13.23
79353,15.61
79354,10.15
79355,11.0
79356,9.47
79357,12.43
79358,11.3
79359,14.99
79360,14.03
79361,15.42
79362,14.69
79363,9.88
79364,13.49
79365,9.39
79366,14.35
79367,14.12
79368,14.36
79369,12.87
79370,14.3
79371,14.13
79372,12.17
79373,14.39
79374,12.94
79375,13.37
79376,14.17
79377,13.13
79378,16.3
79379,15.41
79380,14.01
79381,12.6
79382,17.66
79383,13.66
79384,11.29
79385,12.36
79386,14.59
79387,16.82
79388,9.35
79389,14.49
79390,13.54
79391,13.75
79392,13.69
79393,13.19
79394,13.88
79395,14.68
79396,13.81
79397,14.56
79398,13.95
79399,18.74
79400,12.95
79401,13.13
79402,14.36
79403,13.93
79404,13.16
79405,13.66
79406,13.71
79407,12.84
79408,12.9
79409,15.46
79410,14.82
79411,14.89
79412,10.64
79413,14.01
79414,5.3
79415,12.43
79416,10.88
79417,14.22
79418,13.6
79419,12.78
79420,15.1
79421,10.13
79422,12.63
79423,9.88
79424,12.93
79425,13.14
79426,8.81
79427,14.73
79428,14.11
79429,15.36
79430,14.3
79431,14.12
79432,14.52
79433,11.66
79434,14.18
79435,15.34
79436,15.27
79437,12.34
79438,12.77
79439,12.71
79440,12.02
79441,12.95
79442,13.52
79443,12.25
79444,11.46
79445,17.74
79446,16.13
79447,13.92
79448,14.27
79449,13.36
79450,14.35
79451,11.85
79452,14.74
79453,13.41
79454,14.11
79455,13.5
79456,14.14
79457,14.78
79458,14.21
79459,13.56
79460,13.35
79461,10.67
79462,13.45
79463,13.33
79464,15.22
79465,13.06
79466,8.56
79467,10.22
79468,14.13
79469,10.41
79470,13.05
79471,14.04
79472,16.57
79473,13.69
79474,14.22
79475,13.59
79476,15.19
79477,9.67
79478,16.5
79479,14.35
79480,12.33
79481,10.66
79482,13.96
79483,13.49
79484,8.49
79485,13.63
79486,10.25
79487,13.8
79488,13.99
79489,14.28
79490,16.02
79491,17.03
79492,14.11
79493,12.97
79494,12.47
79495,12.31
79496,13.46
79497,13.14
79498,18.95
79499,13.35
79500,15.24
79501,12.32
79502,5.3
79503,15.31
79504,13.41
79505,12.18
79506,12.74
79507,13.22
79508,15.2
79509,14.02
79510,14.15
79511,15.44
79512,9.66
79513,14.32
79514,13.48
79515,14.77
79516,16.79
79517,18.18
79518,17.79
79519,9.47
79520,14.77
79521,12.4
79522,15.05
79523,15.01
79524,13.23
79525,13.14
79526,15.77
79527,12.06
79528,11.01
79529,14.0
79530,15.1
79531,12.49
79532,16.98
79533,9.4
79534,9.75
79535,13.83
79536,13.0
79537,10.16
79538,11.46
79539,15.25
79540,13.53
79541,11.89
79542,15.92
79543,12.86
79544,14.28
79545,14.24
79546,14.27
79547,14.59
79548,16.16
79549,15.07
79550,15.13
79551,14.3
79552,12.08
79553,16.08
79554,15.1
79555,13.46
79556,14.42
79557,16.19
79558,13.46
79559,16.2
79560,13.73
79561,14.14
79562,15.16
79563,13.49
79564,15.75
79565,17.38
79566,19.14
79567,12.34
79568,14.18
79569,15.28
79570,15.61
79571,15.31
79572,15.7
79573,15.03
79574,12.83
79575,14.28
79576,14.95
79577,13.52
79578,17.11
79579,15.75
79580,13.95
79581,10.53
79582,13.82
79583,17.31
79584,10.48
79585,14.25
79586,13.76
79587,13.92
79588,13.67
79589,14.17
79590,9.73
79591,13.41
79592,15.93
79593,10.02
79594,14.25
79595,13.69
79596,13.44
79597,14.21
79598,12.88
79599,14.07
79600,9.47
79601,14.4
79602,14.25
79603,12.26
79604,12.21
79605,14.64
79606,13.79
79607,14.26
79608,13.72
79609,9.58
79610,14.44
79611,12.84
79612,13.0
79613,8.61
79614,11.48
79615,14.38
79616,14.24
79617,12.67
79618,12.34
79619,14.69
79620,14.04
79621,15.2
79622,12.07
79623,15.95
79624,13.65
79625,13.71
79626,15.35
79627,13.53
79628,12.16
79629,14.5
79630,15.1
79631,13.83
79632,15.9
79633,13.7
79634,9.18
79635,13.92
79636,14.32
79637,14.91
79638,13.24
79639,13.89
79640,14.33
79641,13.51
79642,14.19
79643,14.44
79644,15.89
79645,14.36
79646,15.01
79647,15.54
79648,14.56
79649,12.99
79650,12.2
79651,10.22
79652,13.35
79653,12.2
79654,16.01
79655,14.77
79656,10.44
79657,13.7
79658,14.73
79659,10.57
79660,14.46
79661,12.38
79662,12.64
79663,9.54
79664,14.95
79665,11.01
79666,13.43
79667,12.59
79668,13.82
79669,14.72
79670,14.59
79671,12.12
79672,12.37
79673,15.86
79674,9.34
79675,12.55
79676,13.74
79677,13.52
79678,14.1
79679,13.62
79680,13.83
79681,13.76
79682,16.22
79683,13.55
79684,14.79
79685,13.37
79686,16.28
79687,14.79
79688,10.17
79689,15.33
79690,11.37
79691,14.0
79692,17.42
79693,13.83
79694,11.35
79695,10.74
79696,14.94
79697,14.07
79698,12.76
79699,15.37
79700,14.27
79701,13.82
79702,14.23
79703,14.1
79704,12.77
79705,13.45
79706,9.53
79707,14.75
79708,14.0
79709,13.46
79710,13.52
79711,15.57
79712,17.57
79713,15.93
79714,12.84
79715,13.76
79716,15.19
79717,14.57
79718,10.12
79719,14.63
79720,13.92
79721,15.48
79722,14.55
79723,14.19
79724,14.96
79725,13.27
79726,14.26
79727,12.69
79728,14.29
79729,14.26
79730,12.99
79731,13.92
79732,14.35
79733,13.71
79734,12.44
79735,14.0
79736,5.3
79737,14.0
79738,12.91
79739,13.38
79740,14.92
79741,14.24
79742,9.43
79743,8.8
79744,14.77
79745,15.81
79746,13.15
79747,12.21
79748,11.44
79749,12.5
79750,12.87
79751,11.09
79752,18.4
79753,14.02
79754,18.94
79755,18.9
79756,14.4
79757,9.39
79758,14.06
79759,11.26
79760,8.78
79761,14.01
79762,13.15
79763,13.93
79764,13.31
79765,10.79
79766,10.96
79767,14.67
79768,9.85
79769,13.88
79770,13.98
79771,13.76
79772,16.14
79773,11.18
79774,14.46
79775,13.67
79776,9.93
79777,12.05
79778,17.0
79779,15.45
79780,14.02
79781,8.88
79782,13.17
79783,19.39
79784,14.46
79785,12.76
79786,15.07
79787,13.84
79788,13.94
79789,14.83
79790,14.42
79791,12.68
79792,13.67
79793,14.61
79794,14.72
79795,10.2
79796,12.92
79797,16.16
79798,14.21
79799,15.89
79800,15.36
79801,14.28
79802,13.09
79803,14.07
79804,13.29
79805,14.27
79806,14.01
79807,14.48
79808,13.92
79809,12.45
79810,10.5
79811,13.42
79812,16.1
79813,16.56
79814,13.83
79815,13.96
79816,13.94
79817,12.97
79818,14.84
79819,14.44
79820,12.12
79821,9.53
79822,9.57
79823,13.72
79824,11.41
79825,13.86
79826,13.29
79827,13.54
79828,14.92
79829,13.3
79830,14.99
79831,13.55
79832,13.88
79833,15.12
79834,14.3
79835,14.66
79836,13.81
79837,5.3
79838,5.3
79839,11.08
79840,15.56
79841,14.92
79842,14.3
79843,15.45
79844,13.69
79845,13.71
79846,14.71
79847,13.13
79848,15.68
79849,14.2
79850,15.19
79851,13.6
79852,14.65
79853,14.32
79854,13.26
79855,14.48
79856,9.41
79857,10.07
79858,5.3
79859,11.42
79860,13.13
79861,15.39
79862,11.61
79863,18.55
79864,14.54
79865,17.57
79866,5.3
79867,13.83
79868,14.39
79869,11.31
79870,13.85
79871,15.71
79872,17.35
79873,15.05
79874,13.38
79875,9.58
79876,18.87
79877,12.11
79878,13.72
79879,13.54
79880,14.24
79881,14.57
79882,14.31
79883,12.95
79884,14.1
79885,15.12
79886,14.23
79887,8.3
79888,14.75
79889,13.65
79890,14.97
79891,11.91
79892,13.65
79893,14.32
79894,10.47
79895,15.84
79896,11.15
79897,12.82
79898,16.28
79899,15.25
79900,15.63
79901,13.88
79902,13.09
79903,14.27
79904,15.1
79905,16.28
79906,15.46
79907,9.43
79908,15.08
79909,14.85
79910,13.7
79911,15.41
79912,14.32
79913,11.45
79914,13.42
79915,14.91
79916,15.83
79917,15.31
79918,12.31
79919,13.85
79920,14.39
79921,13.48
79922,13.59
79923,14.49
79924,13.11
79925,14.94
79926,14.28
79927,14.6
79928,11.44
79929,16.07
79930,11.34
79931,13.46
79932,13.04
79933,13.79
79934,12.15
79935,15.73
79936,14.47
79937,5.3
79938,14.72
79939,14.13
79940,13.9
79941,10.54
79942,13.34
79943,13.92
79944,14.59
79945,13.89
79946,14.72
79947,13.94
79948,17.91
79949,14.01
79950,13.69
79951,14.1
79952,14.06
79953,13.35
79954,14.04
79955,13.42
79956,15.49
79957,13.97
79958,13.62
79959,14.83
79960,14.0
79961,12.62
79962,14.16
79963,14.0
79964,15.12
79965,13.79
79966,14.53
79967,14.99
79968,13.79
79969,13.61
79970,11.56
79971,10.21
79972,15.38
79973,12.82
79974,12.81
79975,13.7
79976,12.78
79977,14.98
79978,5.3
79979,11.36
79980,14.48
79981,16.09
79982,14.57
79983,15.09
79984,14.6
79985,14.0
79986,12.64
79987,13.13
79988,13.54
79989,14.29
79990,12.5
79991,14.7
79992,12.05
79993,9.64
79994,13.75
79995,15.39
79996,14.35
79997,14.47
79998,14.31
79999,12.66
80000,14.03
80001,14.16
80002,14.05
80003,14.19
80004,9.19
80005,17.23
80006,14.09
80007,13.32
80008,14.47
80009,9.62
80010,15.44
80011,13.67
80012,12.07
80013,8.44
80014,13.4
80015,15.2
80016,12.26
80017,14.78
80018,14.0
80019,8.84
80020,14.05
80021,13.51
80022,17.99
80023,15.49
80024,10.18
80025,14.97
80026,14.71
80027,12.23
80028,11.32
80029,14.28
80030,14.23
80031,12.82
80032,15.29
80033,13.83
80034,12.34
80035,13.53
80036,13.89
80037,14.1
80038,9.48
80039,10.41
80040,15.98
80041,14.03
80042,12.95
80043,15.87
80044,14.29
80045,13.94
80046,13.49
80047,13.19
80048,14.83
80049,13.91
80050,11.34
80051,18.1
80052,12.8
80053,15.72
80054,13.58
80055,12.28
80056,9.97
80057,13.57
80058,17.23
80059,13.55
80060,13.86
80061,14.44
80062,14.0
80063,11.31
80064,13.59
80065,13.32
80066,13.97
80067,14.17
80068,12.91
80069,9.8
80070,14.18
80071,14.51
80072,10.92
80073,13.76
80074,14.74
80075,12.68
80076,16.42
80077,12.66
80078,13.52
80079,5.3
80080,13.78
80081,13.86
80082,11.43
80083,17.7
80084,13.27
80085,13.93
80086,10.64
80087,14.47
80088,12.1
80089,14.7
80090,14.37
80091,14.11
80092,15.2
80093,12.23
80094,11.33
80095,11.21
80096,12.52
80097,13.86
80098,13.99
80099,9.4
80100,15.07
80101,13.89
80102,12.4
80103,9.7
80104,13.57
80105,14.93
80106,14.17
80107,15.39
80108,15.51
80109,14.44
80110,15.38
80111,14.86
80112,12.9
80113,9.53
80114,14.07
80115,12.84
80116,14.2
80117,14.55
80118,14.37
80119,13.88
80120,12.36
80121,12.22
80122,10.88
80123,14.15
80124,13.31
80125,12.26
80126,12.69
80127,18.71
80128,13.18
80129,16.44
80130,13.89
80131,14.36
80132,13.55
80133,14.85
80134,12.91
80135,14.55
80136,10.65
80137,14.42
80138,11.45
80139,5.3
80140,11.8
80141,13.97
80142,12.9
80143,10.8
80144,14.65
80145,12.99
80146,13.92
80147,13.34
80148,13.65
80149,16.48
80150,13.52
80151,14.07
80152,14.17
80153,15.59
80154,15.08
80155,12.41
80156,13.35
80157,10.63
80158,18.67
80159,13.64
80160,9.91
80161,13.66
80162,13.91
80163,11.97
80164,14.79
80165,14.24
80166,18.01
80167,14.52
80168,11.2
80169,15.25
80170,16.61
80171,10.73
80172,14.24
80173,14.99
80174,12.42
80175,13.83
80176,14.08
80177,11.45
80178,14.7
80179,9.5
80180,15.38
80181,13.82
80182,14.6
80183,15.78
80184,13.69
80185,13.93
80186,15.57
80187,14.25
80188,13.85
80189,15.28
80190,9.52
80191,13.56
80192,14.69
80193,13.85
80194,13.89
80195,13.6
80196,13.92
80197,14.49
80198,14.91
80199,15.63
80200,12.99
80201,11.61
80202,15.95
80203,13.73
80204,14.25
80205,9.0
80206,15.39
80207,14.74
80208,13.44
80209,13.39
80210,12.24
80211,13.74
80212,10.42
80213,12.84
80214,15.82
80215,14.01
80216,18.51
80217,13.85
80218,9.41
80219,13.53
80220,13.32
80221,14.71
80222,13.74
80223,13.91
80224,13.05
80225,13.37
80226,11.31
80227,9.37
80228,9.89
80229,14.89
80230,14.9
80231,14.21
80232,14.67
80233,12.22
80234,14.3
80235,13.91
80236,14.35
80237,10.36
80238,13.36
80239,15.15
80240,12.38
80241,15.7
80242,16.26
80243,13.91
80244,11.5
80245,14.86
80246,16.31
80247,14.33
80248,14.22
80249,10.78
80250,14.71
80251,11.31
80252,12.58
80253,11.72
80254,14.1
80255,14.02
80256,13.63
80257,14.08
80258,13.12
80259,13.9
80260,14.71
80261,14.33
80262,14.74
80263,13.87
80264,14.19
80265,9.97
80266,13.91
80267,14.88
80268,13.13
80269,14.74
80270,12.19
80271,15.0
80272,13.91
80273,13.6
80274,13.9
80275,14.54
80276,15.87
80277,14.74
80278,13.33
80279,13.99
80280,19.45
80281,13.81
80282,14.73
80283,14.5
80284,12.89
80285,14.88
80286,13.88
80287,11.97
80288,9.19
80289,11.48
80290,14.78
80291,13.38
80292,15.87
80293,13.56
80294,12.7
80295,15.91
80296,9.87
80297,14.51
80298,12.2
80299,13.97
80300,10.64
80301,13.45
80302,5.3
80303,11.53
80304,11.14
80305,15.25
80306,15.87
80307,5.3
80308,13.35
80309,13.89
80310,16.13
80311,12.98
80312,12.05
80313,13.19
80314,13.84
80315,15.06
80316,10.01
80317,14.08
80318,14.72
80319,13.9
80320,13.88
80321,14.17
80322,13.42
80323,14.58
80324,17.32
80325,15.21
80326,14.11
80327,13.85
80328,14.97
80329,13.95
80330,14.27
80331,12.34
80332,12.54
80333,5.3
80334,15.52
80335,9.34
80336,12.16
80337,13.11
80338,13.68
80339,14.2
80340,14.08
80341,5.3
80342,13.07
80343,12.16
80344,14.05
80345,9.5
80346,17.59
80347,14.55
80348,13.87
80349,13.56
80350,13.52
80351,14.0
80352,12.03
80353,14.16
80354,14.92
80355,8.65
80356,14.99
80357,18.09
80358,17.47
80359,13.35
80360,10.87
80361,9.54
80362,13.81
80363,10.14
80364,11.3
80365,14.85
80366,11.44
80367,15.28
80368,14.85
80369,14.21
80370,14.66
80371,10.68
80372,15.96
80373,14.74
80374,12.73
80375,14.05
80376,13.22
80377,15.55
80378,14.83
80379,14.78
80380,13.78
80381,13.86
80382,11.62
80383,5.3
80384,15.3
80385,13.67
80386,13.19
80387,14.58
80388,9.39
80389,8.15
80390,15.0
80391,14.47
80392,14.45
80393,16.51
80394,13.13
80395,14.98
80396,13.36
80397,13.06
80398,15.44
80399,14.56
80400,9.39
80401,15.64
80402,12.59
80403,14.28
80404,12.57
80405,13.55
80406,12.09
80407,16.65
80408,14.21
80409,13.51
80410,14.05
80411,14.87
80412,16.69
80413,14.39
80414,12.85
80415,13.38
80416,12.57
80417,13.68
80418,13.17
80419,16.54
80420,9.96
80421,11.12
80422,14.79
80423,11.98
80424,13.06
80425,14.89
80426,14.73
80427,14.41
80428,10.04
80429,11.58
80430,12.89
80431,17.91
80432,13.48
80433,13.75
80434,9.11
80435,10.01
80436,18.33
80437,13.69
80438,15.04
80439,13.91
80440,15.13
80441,15.02
80442,14.3
80443,13.66
80444,12.03
80445,14.18
80446,14.54
80447,15.8
80448,15.61
80449,14.8
80450,16.22
80451,14.51
80452,13.58
80453,10.81
80454,13.16
80455,13.69
80456,14.43
80457,14.48
80458,12.24
80459,14.25
80460,13.13
80461,15.38
80462,15.39
80463,13.94
80464,13.55
80465,14.48
80466,15.0
80467,15.48
80468,15.12
80469,15.27
80470,16.3
80471,14.18
80472,13.86
80473,14.04
80474,18.93
80475,13.03
80476,12.78
80477,13.94
80478,13.51
80479,14.44
80480,14.93
80481,12.88
80482,13.15
80483,9.57
80484,17.56
80485,13.77
80486,12.36
80487,13.46
80488,14.9
80489,14.38
80490,16.61
80491,13.54
80492,14.01
80493,12.25
80494,12.64
80495,13.83
80496,12.35
80497,12.92
80498,12.89
80499,15.47
80500,12.97
80501,12.6
80502,13.64
80503,13.11
80504,13.99
80505,16.52
80506,14.74
80507,9.76
80508,14.05
80509,12.12
80510,16.31
80511,11.83
80512,14.62
80513,15.38
80514,12.22
80515,14.3
80516,13.43
80517,11.89
80518,10.26
80519,13.42
80520,14.68
80521,14.09
80522,14.19
80523,13.19
80524,18.05
80525,8.97
80526,13.81
80527,14.82
80528,12.95
80529,16.91
80530,14.6
80531,9.89
80532,12.56
80533,14.28
80534,16.34
80535,15.5
80536,14.19
80537,15.25
80538,13.25
80539,16.32
80540,14.16
80541,14.04
80542,15.37
80543,14.4
80544,11.76
80545,15.01
80546,12.78
80547,14.16
80548,15.04
80549,9.5
80550,13.57
80551,14.12
80552,17.28
80553,13.88
80554,13.53
80555,13.71
80556,13.67
80557,17.01
80558,12.91
80559,8.75
80560,9.84
80561,12.65
80562,13.51
80563,13.44
80564,14.51
80565,12.8
80566,12.45
80567,14.0
80568,8.48
80569,14.21
80570,14.08
80571,13.35
80572,14.4
80573,14.31
80574,13.71
80575,13.47
80576,13.43
80577,14.3
80578,14.96
80579,13.77
80580,12.04
80581,9.91
80582,9.72
80583,13.21
80584,16.22
80585,14.11
80586,13.72
80587,14.25
80588,12.11
80589,15.06
80590,14.54
80591,13.42
80592,13.3
80593,14.16
80594,15.76
80595,12.36
80596,13.43
80597,11.79
80598,17.95
80599,13.91
80600,14.69
80601,8.53
80602,13.65
80603,13.77
80604,10.03
80605,9.5
80606,13.24
80607,16.84
80608,15.56
80609,11.0
80610,14.24
80611,13.87
80612,16.33
80613,14.13
80614,15.14
80615,13.94
80616,14.96
80617,11.65
80618,17.75
80619,14.12
80620,15.35
80621,12.64
80622,11.27
80623,15.19
80624,15.87
80625,13.87
80626,13.88
80627,14.78
80628,15.18
80629,11.32
80630,13.13
80631,12.99
80632,17.34
80633,16.73
80634,8.61
80635,10.95
80636,15.42
80637,13.87
80638,9.42
80639,14.02
80640,17.49
80641,15.49
80642,5.3
80643,9.41
80644,14.15
80645,13.16
80646,13.39
80647,13.49
80648,13.68
80649,16.13
80650,18.08
80651,12.23
80652,13.12
80653,13.77
80654,14.17
80655,12.74
80656,14.72
80657,15.31
80658,14.68
80659,12.07
80660,10.33
80661,13.64
80662,13.36
80663,14.7
80664,14.27
80665,15.82
80666,14.66
80667,17.55
80668,14.15
80669,15.14
80670,15.46
80671,14.19
80672,13.95
80673,14.44
80674,9.46
80675,13.37
80676,16.01
80677,9.51
80678,13.71
80679,14.89
80680,15.44
80681,18.09
80682,13.43
80683,15.65
80684,12.46
80685,9.53
80686,15.99
80687,17.16
80688,14.07
80689,13.34
80690,14.71
80691,9.28
80692,14.08
80693,13.84
80694,14.16
80695,14.03
80696,11.08
80697,14.57
80698,14.08
80699,14.5
80700,14.1
80701,15.04
80702,13.82
80703,15.36
80704,14.71
80705,13.56
80706,9.27
80707,17.59
80708,10.47
80709,11.8
80710,14.5
80711,18.06
80712,15.1
80713,14.61
80714,11.8
80715,11.31
80716,15.23
80717,11.95
80718,12.19
80719,13.84
80720,13.87
80721,9.63
80722,14.21
80723,8.78
80724,15.04
80725,13.71
80726,13.86
80727,13.7
80728,15.02
80729,5.3
80730,9.56
80731,10.24
80732,12.94
80733,8.41
80734,17.17
80735,12.21
80736,12.84
80737,14.06
80738,9.49
80739,13.52
80740,14.38
80741,13.33
80742,15.51
80743,16.53
80744,8.41
80745,14.66
80746,14.55
80747,5.3
80748,14.18
80749,9.94
80750,14.65
80751,16.62
80752,13.53
80753,14.94
80754,13.97
80755,18.14
80756,15.47
80757,13.8
80758,14.46
80759,12.6
80760,16.06
80761,16.37
80762,13.38
80763,12.28
80764,10.02
80765,14.62
80766,13.04
80767,13.58
80768,13.97
80769,14.75
80770,15.07
80771,7.2
80772,13.82
80773,14.25
80774,13.79
80775,13.38
80776,12.7
80777,14.23
80778,13.92
80779,11.39
80780,14.06
80781,13.34
80782,15.44
80783,13.79
80784,10.27
80785,13.75
80786,15.3
80787,12.17
80788,13.08
80789,12.91
80790,13.84
80791,14.28
80792,12.12
80793,9.74
80794,15.44
80795,14.55
80796,17.91
80797,10.87
80798,13.78
80799,13.59
80800,9.44
80801,12.92
80802,13.81
80803,12.87
80804,14.46
80805,14.13
80806,14.03
80807,13.53
80808,13.87
80809,11.77
80810,14.23
80811,14.56
80812,13.05
80813,14.41
80814,9.62
80815,15.88
80816,11.95
80817,8.73
80818,11.35
80819,13.3
80820,14.81
80821,14.52
80822,14.35
80823,9.7
80824,18.95
80825,13.77
80826,15.94
80827,12.9
80828,18.73
80829,13.09
80830,13.73
80831,12.82
80832,11.44
80833,14.63
80834,14.08
80835,14.36
80836,14.14
80837,13.7
80838,12.95
80839,14.66
80840,14.08
80841,13.53
80842,9.3
80843,14.38
80844,13.87
80845,13.51
80846,14.44
80847,14.22
80848,16.96
80849,10.95
80850,8.77
80851,15.28
80852,13.48
80853,15.25
80854,11.6
80855,13.97
80856,17.21
80857,13.96
80858,12.87
80859,8.29
80860,14.22
80861,12.42
80862,13.36
80863,10.18
80864,9.85
80865,14.97
80866,14.09
80867,13.54
80868,14.63
80869,13.5
80870,15.13
80871,12.74
80872,14.35
80873,13.48
80874,14.05
80875,12.18
80876,13.66
80877,17.89
80878,17.03
80879,13.55
80880,13.81
80881,12.3
80882,15.28
80883,9.46
80884,14.3
80885,15.0
80886,14.33
80887,14.83
80888,15.24
80889,16.52
80890,13.74
80891,13.83
80892,5.3
80893,13.29
80894,13.84
80895,9.39
80896,13.69
80897,11.83
80898,13.02
80899,14.76
80900,13.83
80901,14.92
80902,13.95
80903,14.33
80904,14.06
80905,13.4
80906,14.34
80907,15.75
80908,14.02
80909,13.47
80910,15.32
80911,10.72
80912,14.97
80913,13.93
80914,13.87
80915,15.73
80916,13.7
80917,13.92
80918,14.05
80919,13.72
80920,10.8
80921,12.01
80922,12.59
80923,15.27
80924,11.99
80925,15.11
80926,13.88
80927,14.44
80928,12.48
80929,11.76
80930,15.03
80931,13.53
80932,13.02
80933,15.69
80934,8.76
80935,12.06
80936,9.07
80937,11.57
80938,14.03
80939,16.07
80940,13.8
80941,14.55
80942,8.86
80943,13.7
80944,13.33
80945,14.2
80946,14.65
80947,15.36
80948,17.78
80949,13.35
80950,15.64
80951,14.28
80952,13.69
80953,14.03
80954,16.08
80955,12.96
80956,13.64
80957,15.99
80958,12.11
80959,12.47
80960,14.74
80961,14.95
80962,13.51
80963,11.31
80964,14.63
80965,15.28
80966,13.0
80967,14.86
80968,12.16
80969,14.84
80970,14.53
80971,16.53
80972,10.22
80973,9.49
80974,15.9
80975,13.98
80976,13.69
80977,11.41
80978,13.21
80979,14.04
80980,14.11
80981,10.16
80982,5.3
80983,9.24
80984,14.63
80985,13.04
80986,16.05
80987,14.22
80988,15.04
80989,9.4
80990,14.06
80991,11.14
80992,12.31
80993,14.47
80994,17.62
80995,15.03
80996,12.96
80997,13.67
80998,15.2
80999,14.46
81000,15.02
81001,13.76
81002,16.42
81003,13.88
81004,11.43
81005,13.94
81006,14.37
81007,13.86
81008,12.43
81009,15.39
81010,14.33
81011,14.17
81012,14.22
81013,13.78
81014,10.64
81015,13.88
81016,14.4
81017,13.77
81018,15.64
81019,14.2
81020,13.0
81021,8.92
81022,12.36
81023,14.44
81024,15.28
81025,14.96
81026,14.17
81027,17.37
81028,15.57
81029,14.19
81030,15.46
81031,14.05
81032,13.83
81033,14.1
81034,11.55
81035,10.71
81036,9.04
81037,13.3
81038,15.02
81039,14.24
81040,11.49
81041,14.84
81042,14.54
81043,13.9
81044,15.12
81045,16.39
81046,9.44
81047,12.48
81048,14.8
81049,16.42
81050,13.42
81051,11.26
81052,13.18
81053,11.91
81054,8.26
81055,13.99
81056,13.94
81057,15.62
81058,14.89
81059,14.85
81060,11.21
81061,14.06
81062,9.46
81063,12.79
81064,13.99
81065,13.64
81066,14.67
81067,13.33
81068,14.68
81069,13.86
81070,15.63
81071,14.38
81072,10.95
81073,12.83
81074,17.98
81075,13.19
81076,13.83
81077,13.83
81078,15.17
81079,13.49
81080,13.78
81081,10.39
81082,14.65
81083,16.83
81084,17.52
81085,15.34
81086,14.92
81087,15.38
81088,17.5
81089,14.11
81090,13.02
81091,14.22
81092,14.4
81093,14.69
81094,13.83
81095,9.45
81096,12.16
81097,15.86
81098,14.05
81099,14.77
81100,11.94
81101,13.27
81102,13.59
81103,17.4
81104,14.15
81105,13.24
81106,14.1
81107,14.85
81108,10.03
81109,13.27
81110,12.27
81111,15.18
81112,13.95
81113,13.92
81114,15.0
81115,14.82
81116,14.46
81117,13.69
81118,15.39
81119,13.35
81120,14.73
81121,11.78
81122,14.85
81123,13.77
81124,14.28
81125,11.41
81126,14.53
81127,14.55
81128,14.19
81129,17.71
81130,12.92
81131,15.62
81132,13.18
81133,14.0
81134,14.58
81135,13.75
81136,10.2
81137,18.37
81138,14.85
81139,13.87
81140,13.57
81141,15.7
81142,13.29
81143,11.36
81144,13.42
81145,15.26
81146,14.82
81147,14.54
81148,13.8
81149,14.82
81150,14.24
81151,13.81
81152,13.95
81153,13.89
81154,13.65
81155,14.23
81156,16.93
81157,13.37
81158,12.71
81159,13.22
81160,11.22
81161,13.95
81162,13.3
81163,13.9
81164,14.92
81165,13.3
81166,12.4
81167,10.82
81168,12.16
81169,13.82
81170,15.13
81171,13.49
81172,9.77
81173,13.71
81174,14.83
81175,16.72
81176,16.18
81177,13.25
81178,14.06
81179,13.58
81180,14.8
81181,14.55
81182,12.91
81183,14.55
81184,13.21
81185,14.53
81186,12.25
81187,14.49
81188,13.72
81189,17.01
81190,15.35
81191,15.91
81192,13.9
81193,13.25
81194,14.12
81195,8.33
81196,8.29
81197,12.67
81198,14.34
81199,13.63
81200,13.9
81201,13.76
81202,13.51
81203,14.7
81204,15.99
81205,11.23
81206,13.77
81207,15.26
81208,10.22
81209,13.65
81210,15.42
81211,11.9
81212,15.27
81213,14.68
81214,10.68
81215,13.72
81216,15.19
81217,16.07
81218,11.06
81219,13.97
81220,11.37
81221,13.4
81222,13.66
81223,11.62
81224,12.2
81225,14.04
81226,13.24
81227,17.61
81228,14.09
81229,14.05
81230,15.37
81231,13.45
81232,15.58
81233,15.86
81234,11.51
81235,14.24
81236,12.7
81237,16.15
81238,9.64
81239,10.88
81240,16.92
81241,12.3
81242,15.23
81243,14.8
81244,14.29
81245,13.63
81246,14.59
81247,19.64
81248,9.51
81249,15.06
81250,13.74
81251,11.83
81252,12.7
81253,13.09
81254,13.96
81255,14.24
81256,10.47
81257,9.58
81258,15.09
81259,12.92
81260,9.48
81261,14.29
81262,11.83
81263,13.79
81264,13.98
81265,13.52
81266,15.79
81267,11.65
81268,15.44
81269,14.63
81270,16.58
81271,13.63
81272,13.79
81273,14.33
81274,14.44
81275,10.95
81276,10.58
81277,13.78
81278,13.79
81279,15.43
81280,12.08
81281,9.38
81282,14.14
81283,13.52
81284,13.46
81285,13.94
81286,10.92
81287,15.77
81288,15.13
81289,13.83
81290,14.08
81291,14.07
81292,8.81
81293,14.53
81294,5.3
81295,15.16
81296,15.37
81297,14.63
81298,13.62
81299,13.5
81300,14.59
81301,13.51
81302,14.07
81303,13.67
81304,14.84
81305,12.27
81306,13.43
81307,14.81
81308,13.53
81309,12.95
81310,14.25
81311,11.39
81312,8.73
81313,11.69
81314,14.5
81315,13.27
81316,13.6
81317,14.19
81318,12.21
81319,12.21
81320,12.33
81321,14.3
81322,13.59
81323,17.21
81324,12.37
81325,13.63
81326,12.4
81327,12.96
81328,13.96
81329,12.38
81330,15.58
81331,13.87
81332,15.52
81333,11.94
81334,13.77
81335,5.3
81336,10.67
81337,14.03
81338,15.57
81339,20.31
81340,13.85
81341,14.65
81342,9.53
81343,9.59
81344,9.88
81345,13.19
81346,12.66
81347,12.73
81348,13.64
81349,10.58
81350,13.34
81351,15.04
81352,12.23
81353,14.18
81354,12.24
81355,12.99
81356,12.9
81357,13.88
81358,9.56
81359,13.9
81360,10.08
81361,5.3
81362,12.68
81363,13.82
81364,12.73
81365,11.36
81366,16.81
81367,14.65
81368,14.57
81369,13.03
81370,14.07
81371,14.1
81372,8.9
81373,13.94
81374,14.23
81375,14.15
81376,14.8
81377,14.18
81378,16.45
81379,14.53
81380,12.37
81381,15.13
81382,12.99
81383,13.99
81384,15.36
81385,13.97
81386,10.02
81387,13.94
81388,15.23
81389,12.45
81390,14.65
81391,13.95
81392,15.29
81393,13.98
81394,13.5
81395,12.08
81396,15.54
81397,5.3
81398,12.98
81399,13.87
81400,13.72
81401,13.51
81402,12.13
81403,14.97
81404,14.31
81405,14.15
81406,17.24
81407,12.05
81408,11.4
81409,5.3
81410,13.46
81411,13.87
81412,10.18
81413,11.7
81414,13.55
81415,13.99
81416,14.98
81417,13.33
81418,12.93
81419,13.39
81420,14.62
81421,15.03
81422,12.85
81423,13.73
81424,12.35
81425,15.66
81426,12.95
81427,12.99
81428,14.97
81429,14.99
81430,13.94
81431,14.91
81432,18.53
81433,8.48
81434,15.4
81435,11.09
81436,13.01
81437,9.74
81438,18.51
81439,13.84
81440,13.92
81441,9.6
81442,16.23
81443,13.04
81444,12.35
81445,10.34
81446,15.61
81447,15.14
81448,14.26
81449,11.65
81450,13.52
81451,12.56
81452,14.87
81453,14.14
81454,13.7
81455,14.16
81456,14.4
81457,12.3
81458,16.12
81459,12.23
81460,12.19
81461,14.12
81462,16.08
81463,14.2
81464,14.61
81465,13.51
81466,9.32
81467,13.87
81468,12.66
81469,14.37
81470,15.08
81471,13.97
81472,13.89
81473,9.53
81474,15.31
81475,14.88
81476,12.63
81477,13.4
81478,13.82
81479,14.21
81480,9.5
81481,14.17
81482,14.94
81483,11.38
81484,12.1
81485,9.92
81486,14.31
81487,14.1
81488,15.62
81489,12.36
81490,13.35
81491,13.78
81492,14.59
81493,14.87
81494,11.44
81495,13.24
81496,14.85
81497,9.83
81498,13.99
81499,13.22
81500,15.16
81501,15.1
81502,14.66
81503,9.57
81504,16.92
81505,12.69
81506,12.82
81507,18.41
81508,11.86
81509,15.78
81510,14.32
81511,13.89
81512,16.83
81513,16.03
81514,13.36
81515,13.73
81516,14.5
81517,13.93
81518,14.24
81519,13.64
81520,14.54
81521,13.95
81522,13.82
81523,13.57
81524,17.01
81525,16.57
81526,13.64
81527,14.23
81528,14.33
81529,10.02
81530,13.27
81531,11.44
81532,15.88
81533,14.27
81534,13.34
81535,16.05
81536,15.39
81537,15.67
81538,14.34
81539,14.38
81540,13.58
81541,5.3
81542,13.42
81543,11.02
81544,14.89
81545,14.82
81546,10.28
81547,11.31
81548,11.63
81549,14.48
81550,15.28
81551,14.21
81552,14.46
81553,11.38
81554,13.49
81555,16.09
81556,12.56
81557,14.86
81558,15.29
81559,13.69
81560,13.5
81561,14.28
81562,15.24
81563,13.88
81564,17.13
81565,14.02
81566,16.02
81567,14.54
81568,12.26
81569,12.57
81570,15.5
81571,13.74
81572,14.2
81573,5.3
81574,10.78
81575,14.12
81576,15.51
81577,13.99
81578,10.87
81579,13.86
81580,14.02
81581,10.62
81582,13.58
81583,14.66
81584,13.5
81585,5.3
81586,14.8
81587,18.73
81588,16.33
81589,14.93
81590,14.55
81591,13.31
81592,13.79
81593,13.54
81594,13.44
81595,10.25
81596,11.72
81597,16.74
81598,12.67
81599,14.3
81600,13.73
81601,13.45
81602,14.11
81603,12.84
81604,13.03
81605,14.35
81606,14.63
81607,14.23
81608,13.6
81609,8.66
81610,13.81
81611,12.22
81612,15.28
81613,14.23
81614,12.1
81615,16.23
81616,16.91
81617,13.56
81618,11.61
81619,14.43
81620,16.04
81621,15.67
81622,12.29
81623,9.89
81624,13.16
81625,14.58
81626,16.53
81627,14.78
81628,15.77
81629,13.64
81630,12.83
81631,9.95
81632,13.42
81633,11.73
81634,15.39
81635,13.87
81636,14.93
81637,13.9
81638,15.8
81639,14.0
81640,9.04
81641,10.32
81642,11.1
81643,8.75
81644,13.84
81645,9.47
81646,14.91
81647,14.37
81648,12.22
81649,14.27
81650,12.09
81651,9.36
81652,10.63
81653,13.37
81654,13.59
81655,13.62
81656,10.93
81657,11.23
81658,12.71
81659,17.38
81660,12.21
81661,12.13
81662,13.91
81663,13.7
81664,12.56
81665,10.95
81666,12.77
81667,13.91
81668,14.36
81669,14.64
81670,15.07
81671,10.44
81672,13.32
81673,13.62
81674,5.3
81675,14.76
81676,15.27
81677,14.02
81678,11.17
81679,14.84
81680,5.3
81681,14.77
81682,11.12
81683,14.79
81684,16.15
81685,14.6
81686,13.65
81687,13.56
81688,12.11
81689,15.41
81690,13.08
81691,14.33
81692,18.3
81693,14.13
81694,13.9
81695,14.11
81696,18.2
81697,12.07
81698,14.96
81699,15.79
81700,15.46
81701,13.78
81702,14.54
81703,13.91
81704,12.99
81705,14.9
81706,17.93
81707,16.11
81708,14.36
81709,12.77
81710,13.92
81711,15.45
81712,14.88
81713,13.38
81714,15.94
81715,14.08
81716,16.32
81717,13.92
81718,12.65
81719,12.87
81720,9.03
81721,14.41
81722,13.48
81723,15.96
81724,14.53
81725,5.3
81726,15.53
81727,13.03
81728,13.93
81729,14.98
81730,5.3
81731,11.17
81732,13.61
81733,11.44
81734,12.55
81735,13.51
81736,15.29
81737,10.89
81738,13.88
81739,16.67
81740,14.87
81741,17.32
81742,13.63
81743,15.94
81744,14.05
81745,13.27
81746,15.34
81747,9.44
81748,13.8
81749,5.3
81750,13.82
81751,14.21
81752,15.33
81753,14.41
81754,14.56
81755,14.28
81756,14.89
81757,9.87
81758,13.82
81759,13.84
81760,13.3
81761,11.82
81762,14.69
81763,15.64
81764,14.04
81765,14.8
81766,18.38
81767,14.89
81768,13.02
81769,16.02
81770,13.88
81771,11.65
81772,16.46
81773,18.05
81774,11.27
81775,14.76
81776,14.59
81777,14.14
81778,15.07
81779,15.19
81780,13.11
81781,13.09
81782,14.98
81783,13.97
81784,17.65
81785,13.8
81786,14.25
81787,14.61
81788,15.6
81789,14.64
81790,14.4
81791,14.41
81792,13.14
81793,13.21
81794,12.98
81795,13.65
81796,13.86
81797,13.95
81798,15.52
81799,16.14
81800,12.75
81801,13.85
81802,14.03
81803,14.41
81804,13.67
81805,14.28
81806,12.64
81807,14.97
81808,14.79
81809,13.94
81810,16.53
81811,16.22
81812,17.45
81813,10.29
81814,13.78
81815,14.42
81816,13.07
81817,11.63
81818,12.26
81819,13.42
81820,13.84
81821,14.36
81822,13.41
81823,14.82
81824,11.66
81825,13.66
81826,18.08
81827,14.92
81828,15.19
81829,13.33
81830,14.34
81831,9.47
81832,8.81
81833,13.99
81834,12.79
81835,11.4
81836,9.98
81837,15.04
81838,18.31
81839,15.29
81840,13.24
81841,11.18
81842,13.26
81843,14.41
81844,12.95
81845,17.25
81846,12.12
81847,11.15
81848,10.81
81849,14.62
81850,12.77
81851,12.15
81852,13.01
81853,9.84
81854,15.51
81855,13.18
81856,13.6
81857,5.3
81858,13.72
81859,10.66
81860,15.8
81861,13.09
81862,13.8
81863,10.34
81864,13.93
81865,17.45
81866,14.26
81867,10.94
81868,13.77
81869,13.36
81870,14.26
81871,15.06
81872,9.83
81873,8.99
81874,14.92
81875,13.91
81876,11.84
81877,9.45
81878,15.12
81879,18.4
81880,10.25
81881,14.7
81882,11.55
81883,18.14
81884,14.7
81885,11.36
81886,13.32
81887,14.26
81888,14.31
81889,12.28
81890,14.26
81891,11.51
81892,14.18
81893,13.62
81894,15.48
81895,13.97
81896,8.98
81897,13.97
81898,15.13
81899,15.0
81900,11.59
81901,11.63
81902,14.72
81903,13.6
81904,14.61
81905,13.66
81906,13.92
81907,16.05
81908,14.15
81909,11.5
81910,14.9
81911,10.55
81912,15.39
81913,17.04
81914,12.58
81915,14.58
81916,17.38
81917,14.18
81918,12.51
81919,12.84
81920,13.22
