step,reward
11,0.017407
12,0.017407
13,0.017407
14,0.017407
15,0.017407
16,0.017407
17,0.017407
18,0.017407
19,0.017407
20,0.017407
21,0.000223
22,0.000223
23,0.000223
24,0.000223
25,0.000223
26,0.000223
27,0.000223
28,0.000223
29,0.000223
30,0.000223
31,5e-06
32,5e-06
33,5e-06
34,5e-06
35,5e-06
36,5e-06
37,5e-06
38,5e-06
39,5e-06
40,5e-06
41,1.6e-05
42,1.6e-05
43,1.6e-05
44,1.6e-05
45,1.6e-05
46,1.6e-05
47,1.6e-05
48,1.6e-05
49,1.6e-05
50,1.6e-05
51,3e-06
52,3e-06
53,3e-06
54,3e-06
55,3e-06
56,3e-06
57,3e-06
58,3e-06
59,3e-06
60,3e-06
61,7e-06
62,7e-06
63,7e-06
64,7e-06
65,7e-06
66,7e-06
67,7e-06
68,7e-06
69,7e-06
70,7e-06
71,3.7e-05
72,3.7e-05
73,3.7e-05
74,3.7e-05
75,3.7e-05
76,3.7e-05
77,3.7e-05
78,3.7e-05
79,3.7e-05
80,3.7e-05
81,5.6e-05
82,5.6e-05
83,5.6e-05
84,5.6e-05
85,5.6e-05
86,5.6e-05
87,5.6e-05
88,5.6e-05
89,5.6e-05
90,5.6e-05
91,4e-06
92,4e-06
93,4e-06
94,4e-06
95,4e-06
96,4e-06
97,4e-06
98,4e-06
99,4e-06
100,4e-06
101,0.000114
102,0.000114
103,0.000114
104,0.000114
105,0.000114
106,0.000114
107,0.000114
108,0.000114
109,0.000114
110,0.000114
111,0.000104
112,0.000104
113,0.000104
114,0.000104
115,0.000104
116,0.000104
117,0.000104
118,0.000104
119,0.000104
120,0.000104
121,0.000125
122,0.000125
123,0.000125
124,0.000125
125,0.000125
126,0.000125
127,0.000125
128,0.000125
129,0.000125
130,0.000125
131,0.00011
132,0.00011
133,0.00011
134,0.00011
135,0.00011
136,0.00011
137,0.00011
138,0.00011
139,0.00011
140,0.00011
141,4e-06
142,4e-06
143,4e-06
144,4e-06
145,4e-06
146,4e-06
147,4e-06
148,4e-06
149,4e-06
150,4e-06
151,0.005963
152,0.005963
153,0.005963
154,0.005963
155,0.005963
156,0.005963
157,0.005963
158,0.005963
159,0.005963
160,0.005963
161,0.000118
162,0.000118
163,0.000118
164,0.000118
165,0.000118
166,0.000118
167,0.000118
168,0.000118
169,0.000118
170,0.000118
171,0.000346
172,0.000346
173,0.000346
174,0.000346
175,0.000346
176,0.000346
177,0.000346
178,0.000346
179,0.000346
180,0.000346
181,1.7e-05
182,1.7e-05
183,1.7e-05
184,1.7e-05
185,1.7e-05
186,1.7e-05
187,1.7e-05
188,1.7e-05
189,1.7e-05
190,1.7e-05
191,0.000442
192,0.000442
193,0.000442
194,0.000442
195,0.000442
196,0.000442
197,0.000442
198,0.000442
199,0.000442
200,0.000442
201,0.000136
202,0.000136
203,0.000136
204,0.000136
205,0.000136
206,0.000136
207,0.000136
208,0.000136
209,0.000136
210,0.000136
211,0.000246
212,0.000246
213,0.000246
214,0.000246
215,0.000246
216,0.000246
217,0.000246
218,0.000246
219,0.000246
220,0.000246
221,0.002806
222,0.002806
223,0.002806
224,0.002806
225,0.002806
226,0.002806
227,0.002806
228,0.002806
229,0.002806
230,0.002806
231,3e-06
232,3e-06
233,3e-06
234,3e-06
235,3e-06
236,3e-06
237,3e-06
238,3e-06
239,3e-06
240,3e-06
241,0.000782
242,0.000782
243,0.000782
244,0.000782
245,0.000782
246,0.000782
247,0.000782
248,0.000782
249,0.000782
250,0.000782
251,0.040302
252,0.040302
253,0.040302
254,0.040302
255,0.040302
256,0.040302
257,0.040302
258,0.040302
259,0.040302
260,0.040302
261,1.4e-05
262,1.4e-05
263,1.4e-05
264,1.4e-05
265,1.4e-05
266,1.4e-05
267,1.4e-05
268,1.4e-05
269,1.4e-05
270,1.4e-05
271,2.2e-05
272,2.2e-05
273,2.2e-05
274,2.2e-05
275,2.2e-05
276,2.2e-05
277,2.2e-05
278,2.2e-05
279,2.2e-05
280,2.2e-05
281,1.4e-05
282,1.4e-05
283,1.4e-05
284,1.4e-05
285,1.4e-05
286,1.4e-05
287,1.4e-05
288,1.4e-05
289,1.4e-05
290,1.4e-05
291,0.000292
292,0.000292
293,0.000292
294,0.000292
295,0.000292
296,0.000292
297,0.000292
298,0.000292
299,0.000292
300,0.000292
301,1e-06
302,1e-06
303,1e-06
304,1e-06
305,1e-06
306,1e-06
307,1e-06
308,1e-06
309,1e-06
310,1e-06
311,4.7e-05
312,4.7e-05
313,4.7e-05
314,4.7e-05
315,4.7e-05
316,4.7e-05
317,4.7e-05
318,4.7e-05
319,4.7e-05
320,4.7e-05
321,2.6e-05
322,2.6e-05
323,2.6e-05
324,2.6e-05
325,2.6e-05
326,2.6e-05
327,2.6e-05
328,2.6e-05
329,2.6e-05
330,2.6e-05
331,0.000613
332,0.000613
333,0.000613
334,0.000613
335,0.000613
336,0.000613
337,0.000613
338,0.000613
339,0.000613
340,0.000613
341,4.2e-05
342,4.2e-05
343,4.2e-05
344,4.2e-05
345,4.2e-05
346,4.2e-05
347,4.2e-05
348,4.2e-05
349,4.2e-05
350,4.2e-05
351,0.000356
352,0.000356
353,0.000356
354,0.000356
355,0.000356
356,0.000356
357,0.000356
358,0.000356
359,0.000356
360,0.000356
361,0.000396
362,0.000396
363,0.000396
364,0.000396
365,0.000396
366,0.000396
367,0.000396
368,0.000396
369,0.000396
370,0.000396
371,2.4e-05
372,2.4e-05
373,2.4e-05
374,2.4e-05
375,2.4e-05
376,2.4e-05
377,2.4e-05
378,2.4e-05
379,2.4e-05
380,2.4e-05
381,0.003453
382,0.003453
383,0.003453
384,0.003453
385,0.003453
386,0.003453
387,0.003453
388,0.003453
389,0.003453
390,0.003453
391,1e-06
392,1e-06
393,1e-06
394,1e-06
395,1e-06
396,1e-06
397,1e-06
398,1e-06
399,1e-06
400,1e-06
401,2e-06
402,2e-06
403,2e-06
404,2e-06
405,2e-06
406,2e-06
407,2e-06
408,2e-06
409,2e-06
410,2e-06
411,4.4e-05
412,4.4e-05
413,4.4e-05
414,4.4e-05
415,4.4e-05
416,4.4e-05
417,4.4e-05
418,4.4e-05
419,4.4e-05
420,4.4e-05
421,0.019745
422,0.019745
423,0.019745
424,0.019745
425,0.019745
426,0.019745
427,0.019745
428,0.019745
429,0.019745
430,0.019745
431,0.001179
432,0.001179
433,0.001179
434,0.001179
435,0.001179
436,0.001179
437,0.001179
438,0.001179
439,0.001179
440,0.001179
441,2.1e-05
442,2.1e-05
443,2.1e-05
444,2.1e-05
445,2.1e-05
446,2.1e-05
447,2.1e-05
448,2.1e-05
449,2.1e-05
450,2.1e-05
451,2.8e-05
452,2.8e-05
453,2.8e-05
454,2.8e-05
455,2.8e-05
456,2.8e-05
457,2.8e-05
458,2.8e-05
459,2.8e-05
460,2.8e-05
461,0.000299
462,0.000299
463,0.000299
464,0.000299
465,0.000299
466,0.000299
467,0.000299
468,0.000299
469,0.000299
470,0.000299
471,2.3e-05
472,2.3e-05
473,2.3e-05
474,2.3e-05
475,2.3e-05
476,2.3e-05
477,2.3e-05
478,2.3e-05
479,2.3e-05
480,2.3e-05
481,1.5e-05
482,1.5e-05
483,1.5e-05
484,1.5e-05
485,1.5e-05
486,1.5e-05
487,1.5e-05
488,1.5e-05
489,1.5e-05
490,1.5e-05
491,0.006832
492,0.006832
493,0.006832
494,0.006832
495,0.006832
496,0.006832
497,0.006832
498,0.006832
499,0.006832
500,0.006832
501,7e-06
502,7e-06
503,7e-06
504,7e-06
505,7e-06
506,7e-06
507,7e-06
508,7e-06
509,7e-06
510,7e-06
511,0.000538
512,0.000538
513,0.000538
514,0.000538
515,0.000538
516,0.000538
517,0.000538
518,0.000538
519,0.000538
520,0.000538
521,0.00044
522,0.00044
523,0.00044
524,0.00044
525,0.00044
526,0.00044
527,0.00044
528,0.00044
529,0.00044
530,0.00044
531,0.000396
532,0.000396
533,0.000396
534,0.000396
535,0.000396
536,0.000396
537,0.000396
538,0.000396
539,0.000396
540,0.000396
541,0.000621
542,0.000621
543,0.000621
544,0.000621
545,0.000621
546,0.000621
547,0.000621
548,0.000621
549,0.000621
550,0.000621
551,6.6e-05
552,6.6e-05
553,6.6e-05
554,6.6e-05
555,6.6e-05
556,6.6e-05
557,6.6e-05
558,6.6e-05
559,6.6e-05
560,6.6e-05
561,9.2e-05
562,9.2e-05
563,9.2e-05
564,9.2e-05
565,9.2e-05
566,9.2e-05
567,9.2e-05
568,9.2e-05
569,9.2e-05
570,9.2e-05
571,1e-05
572,1e-05
573,1e-05
574,1e-05
575,1e-05
576,1e-05
577,1e-05
578,1e-05
579,1e-05
580,1e-05
581,0.000169
582,0.000169
583,0.000169
584,0.000169
585,0.000169
586,0.000169
587,0.000169
588,0.000169
589,0.000169
590,0.000169
591,1e-05
592,1e-05
593,1e-05
594,1e-05
595,1e-05
596,1e-05
597,1e-05
598,1e-05
599,1e-05
600,1e-05
601,6.2e-05
602,6.2e-05
603,6.2e-05
604,6.2e-05
605,6.2e-05
606,6.2e-05
607,6.2e-05
608,6.2e-05
609,6.2e-05
610,6.2e-05
611,0.008329
612,0.008329
613,0.008329
614,0.008329
615,0.008329
616,0.008329
617,0.008329
618,0.008329
619,0.008329
620,0.008329
621,6e-06
622,6e-06
623,6e-06
624,6e-06
625,6e-06
626,6e-06
627,6e-06
628,6e-06
629,6e-06
630,6e-06
631,0.001957
632,0.001957
633,0.001957
634,0.001957
635,0.001957
636,0.001957
637,0.001957
638,0.001957
639,0.001957
640,0.001957
641,6.8e-05
642,6.8e-05
643,6.8e-05
644,6.8e-05
645,6.8e-05
646,6.8e-05
647,6.8e-05
648,6.8e-05
649,6.8e-05
650,6.8e-05
651,0.001658
652,0.001658
653,0.001658
654,0.001658
655,0.001658
656,0.001658
657,0.001658
658,0.001658
659,0.001658
660,0.001658
661,5e-05
662,5e-05
663,5e-05
664,5e-05
665,5e-05
666,5e-05
667,5e-05
668,5e-05
669,5e-05
670,5e-05
671,2e-06
672,2e-06
673,2e-06
674,2e-06
675,2e-06
676,2e-06
677,2e-06
678,2e-06
679,2e-06
680,2e-06
681,0.000296
682,0.000296
683,0.000296
684,0.000296
685,0.000296
686,0.000296
687,0.000296
688,0.000296
689,0.000296
690,0.000296
691,3e-06
692,3e-06
693,3e-06
694,3e-06
695,3e-06
696,3e-06
697,3e-06
698,3e-06
699,3e-06
700,3e-06
701,3e-06
702,3e-06
703,3e-06
704,3e-06
705,3e-06
706,3e-06
707,3e-06
708,3e-06
709,3e-06
710,3e-06
711,0.002566
712,0.002566
713,0.002566
714,0.002566
715,0.002566
716,0.002566
717,0.002566
718,0.002566
719,0.002566
720,0.002566
721,0.000664
722,0.000664
723,0.000664
724,0.000664
725,0.000664
726,0.000664
727,0.000664
728,0.000664
729,0.000664
730,0.000664
731,9e-06
732,9e-06
733,9e-06
734,9e-06
735,9e-06
736,9e-06
737,9e-06
738,9e-06
739,9e-06
740,9e-06
741,0.019974
742,0.019974
743,0.019974
744,0.019974
745,0.019974
746,0.019974
747,0.019974
748,0.019974
749,0.019974
750,0.019974
751,3.7e-05
752,3.7e-05
753,3.7e-05
754,3.7e-05
755,3.7e-05
756,3.7e-05
757,3.7e-05
758,3.7e-05
759,3.7e-05
760,3.7e-05
761,1.5e-05
762,1.5e-05
763,1.5e-05
764,1.5e-05
765,1.5e-05
766,1.5e-05
767,1.5e-05
768,1.5e-05
769,1.5e-05
770,1.5e-05
771,7.1e-05
772,7.1e-05
773,7.1e-05
774,7.1e-05
775,7.1e-05
776,7.1e-05
777,7.1e-05
778,7.1e-05
779,7.1e-05
780,7.1e-05
781,0.000168
782,0.000168
783,0.000168
784,0.000168
785,0.000168
786,0.000168
787,0.000168
788,0.000168
789,0.000168
790,0.000168
791,2e-06
792,2e-06
793,2e-06
794,2e-06
795,2e-06
796,2e-06
797,2e-06
798,2e-06
799,2e-06
800,2e-06
801,0.000267
802,0.000267
803,0.000267
804,0.000267
805,0.000267
806,0.000267
807,0.000267
808,0.000267
809,0.000267
810,0.000267
811,0.026184
812,0.026184
813,0.026184
814,0.026184
815,0.026184
816,0.026184
817,0.026184
818,0.026184
819,0.026184
820,0.026184
821,0.001651
822,0.001651
823,0.001651
824,0.001651
825,0.001651
826,0.001651
827,0.001651
828,0.001651
829,0.001651
830,0.001651
831,8.2e-05
832,8.2e-05
833,8.2e-05
834,8.2e-05
835,8.2e-05
836,8.2e-05
837,8.2e-05
838,8.2e-05
839,8.2e-05
840,8.2e-05
841,0.0
842,0.0
843,0.0
844,0.0
845,0.0
846,0.0
847,0.0
848,0.0
849,0.0
850,0.0
851,2.3e-05
852,2.3e-05
853,2.3e-05
854,2.3e-05
855,2.3e-05
856,2.3e-05
857,2.3e-05
858,2.3e-05
859,2.3e-05
860,2.3e-05
861,5.6e-05
862,5.6e-05
863,5.6e-05
864,5.6e-05
865,5.6e-05
866,5.6e-05
867,5.6e-05
868,5.6e-05
869,5.6e-05
870,5.6e-05
871,2e-06
872,2e-06
873,2e-06
874,2e-06
875,2e-06
876,2e-06
877,2e-06
878,2e-06
879,2e-06
880,2e-06
881,0.000141
882,0.000141
883,0.000141
884,0.000141
885,0.000141
886,0.000141
887,0.000141
888,0.000141
889,0.000141
890,0.000141
891,0.000728
892,0.000728
893,0.000728
894,0.000728
895,0.000728
896,0.000728
897,0.000728
898,0.000728
899,0.000728
900,0.000728
901,2.2e-05
902,2.2e-05
903,2.2e-05
904,2.2e-05
905,2.2e-05
906,2.2e-05
907,2.2e-05
908,2.2e-05
909,2.2e-05
910,2.2e-05
911,1.9e-05
912,1.9e-05
913,1.9e-05
914,1.9e-05
915,1.9e-05
916,1.9e-05
917,1.9e-05
918,1.9e-05
919,1.9e-05
920,1.9e-05
921,3.9e-05
922,3.9e-05
923,3.9e-05
924,3.9e-05
925,3.9e-05
926,3.9e-05
927,3.9e-05
928,3.9e-05
929,3.9e-05
930,3.9e-05
931,0.000164
932,0.000164
933,0.000164
934,0.000164
935,0.000164
936,0.000164
937,0.000164
938,0.000164
939,0.000164
940,0.000164
941,0.000237
942,0.000237
943,0.000237
944,0.000237
945,0.000237
946,0.000237
947,0.000237
948,0.000237
949,0.000237
950,0.000237
951,0.002083
952,0.002083
953,0.002083
954,0.002083
955,0.002083
956,0.002083
957,0.002083
958,0.002083
959,0.002083
960,0.002083
961,8.7e-05
962,8.7e-05
963,8.7e-05
964,8.7e-05
965,8.7e-05
966,8.7e-05
967,8.7e-05
968,8.7e-05
969,8.7e-05
970,8.7e-05
971,0.000125
972,0.000125
973,0.000125
974,0.000125
975,0.000125
976,0.000125
977,0.000125
978,0.000125
979,0.000125
980,0.000125
981,1.2e-05
982,1.2e-05
983,1.2e-05
984,1.2e-05
985,1.2e-05
986,1.2e-05
987,1.2e-05
988,1.2e-05
989,1.2e-05
990,1.2e-05
991,2.1e-05
992,2.1e-05
993,2.1e-05
994,2.1e-05
995,2.1e-05
996,2.1e-05
997,2.1e-05
998,2.1e-05
999,2.1e-05
1000,2.1e-05
1001,4.5e-05
1002,4.5e-05
1003,4.5e-05
1004,4.5e-05
1005,4.5e-05
1006,4.5e-05
1007,4.5e-05
1008,4.5e-05
1009,4.5e-05
1010,4.5e-05
1011,1.1e-05
1012,1.1e-05
1013,1.1e-05
1014,1.1e-05
1015,1.1e-05
1016,1.1e-05
1017,1.1e-05
1018,1.1e-05
1019,1.1e-05
1020,1.1e-05
1021,5e-06
1022,5e-06
1023,5e-06
1024,5e-06
1025,5e-06
1026,5e-06
1027,5e-06
1028,5e-06
1029,5e-06
1030,5e-06
1031,0.001215
1032,0.001215
1033,0.001215
1034,0.001215
1035,0.001215
1036,0.001215
1037,0.001215
1038,0.001215
1039,0.001215
1040,0.001215
1041,4.3e-05
1042,4.3e-05
1043,4.3e-05
1044,4.3e-05
1045,4.3e-05
1046,4.3e-05
1047,4.3e-05
1048,4.3e-05
1049,4.3e-05
1050,4.3e-05
1051,8e-06
1052,8e-06
1053,8e-06
1054,8e-06
1055,8e-06
1056,8e-06
1057,8e-06
1058,8e-06
1059,8e-06
1060,8e-06
1061,5e-06
1062,5e-06
1063,5e-06
1064,5e-06
1065,5e-06
1066,5e-06
1067,5e-06
1068,5e-06
1069,5e-06
1070,5e-06
1071,5.2e-05
1072,5.2e-05
1073,5.2e-05
1074,5.2e-05
1075,5.2e-05
1076,5.2e-05
1077,5.2e-05
1078,5.2e-05
1079,5.2e-05
1080,5.2e-05
1081,7.1e-05
1082,7.1e-05
1083,7.1e-05
1084,7.1e-05
1085,7.1e-05
1086,7.1e-05
1087,7.1e-05
1088,7.1e-05
1089,7.1e-05
1090,7.1e-05
1091,0.001801
1092,0.001801
1093,0.001801
1094,0.001801
1095,0.001801
1096,0.001801
1097,0.001801
1098,0.001801
1099,0.001801
1100,0.001801
1101,0.001752
1102,0.001752
1103,0.001752
1104,0.001752
1105,0.001752
1106,0.001752
1107,0.001752
1108,0.001752
1109,0.001752
1110,0.001752
1111,5e-06
1112,5e-06
1113,5e-06
1114,5e-06
1115,5e-06
1116,5e-06
1117,5e-06
1118,5e-06
1119,5e-06
1120,5e-06
1121,9e-05
1122,9e-05
1123,9e-05
1124,9e-05
1125,9e-05
1126,9e-05
1127,9e-05
1128,9e-05
1129,9e-05
1130,9e-05
1131,0.000134
1132,0.000134
1133,0.000134
1134,0.000134
1135,0.000134
1136,0.000134
1137,0.000134
1138,0.000134
1139,0.000134
1140,0.000134
1141,5e-06
1142,5e-06
1143,5e-06
1144,5e-06
1145,5e-06
1146,5e-06
1147,5e-06
1148,5e-06
1149,5e-06
1150,5e-06
1151,0.005519
1152,0.005519
1153,0.005519
1154,0.005519
1155,0.005519
1156,0.005519
1157,0.005519
1158,0.005519
1159,0.005519
1160,0.005519
1161,0.000132
1162,0.000132
1163,0.000132
1164,0.000132
1165,0.000132
1166,0.000132
1167,0.000132
1168,0.000132
1169,0.000132
1170,0.000132
1171,3e-06
1172,3e-06
1173,3e-06
1174,3e-06
1175,3e-06
1176,3e-06
1177,3e-06
1178,3e-06
1179,3e-06
1180,3e-06
1181,5.1e-05
1182,5.1e-05
1183,5.1e-05
1184,5.1e-05
1185,5.1e-05
1186,5.1e-05
1187,5.1e-05
1188,5.1e-05
1189,5.1e-05
1190,5.1e-05
1191,2.1e-05
1192,2.1e-05
1193,2.1e-05
1194,2.1e-05
1195,2.1e-05
1196,2.1e-05
1197,2.1e-05
1198,2.1e-05
1199,2.1e-05
1200,2.1e-05
1201,4e-06
1202,4e-06
1203,4e-06
1204,4e-06
1205,4e-06
1206,4e-06
1207,4e-06
1208,4e-06
1209,4e-06
1210,4e-06
1211,0.001796
1212,0.001796
1213,0.001796
1214,0.001796
1215,0.001796
1216,0.001796
1217,0.001796
1218,0.001796
1219,0.001796
1220,0.001796
1221,0.000491
1222,0.000491
1223,0.000491
1224,0.000491
1225,0.000491
1226,0.000491
1227,0.000491
1228,0.000491
1229,0.000491
1230,0.000491
1231,4e-06
1232,4e-06
1233,4e-06
1234,4e-06
1235,4e-06
1236,4e-06
1237,4e-06
1238,4e-06
1239,4e-06
1240,4e-06
1241,0.007978
1242,0.007978
1243,0.007978
1244,0.007978
1245,0.007978
1246,0.007978
1247,0.007978
1248,0.007978
1249,0.007978
1250,0.007978
1251,5.8e-05
1252,5.8e-05
1253,5.8e-05
1254,5.8e-05
1255,5.8e-05
1256,5.8e-05
1257,5.8e-05
1258,5.8e-05
1259,5.8e-05
1260,5.8e-05
1261,0.000136
1262,0.000136
1263,0.000136
1264,0.000136
1265,0.000136
1266,0.000136
1267,0.000136
1268,0.000136
1269,0.000136
1270,0.000136
1271,0.005063
1272,0.005063
1273,0.005063
1274,0.005063
1275,0.005063
1276,0.005063
1277,0.005063
1278,0.005063
1279,0.005063
1280,0.005063
1281,0.000817
1282,0.000817
1283,0.000817
1284,0.000817
1285,0.000817
1286,0.000817
1287,0.000817
1288,0.000817
1289,0.000817
1290,0.000817
1291,1.7e-05
1292,1.7e-05
1293,1.7e-05
1294,1.7e-05
1295,1.7e-05
1296,1.7e-05
1297,1.7e-05
1298,1.7e-05
1299,1.7e-05
1300,1.7e-05
1301,1e-05
1302,1e-05
1303,1e-05
1304,1e-05
1305,1e-05
1306,1e-05
1307,1e-05
1308,1e-05
1309,1e-05
1310,1e-05
1311,0.001985
1312,0.001985
1313,0.001985
1314,0.001985
1315,0.001985
1316,0.001985
1317,0.001985
1318,0.001985
1319,0.001985
1320,0.001985
1321,5e-05
1322,5e-05
1323,5e-05
1324,5e-05
1325,5e-05
1326,5e-05
1327,5e-05
1328,5e-05
1329,5e-05
1330,5e-05
1331,4e-05
1332,4e-05
1333,4e-05
1334,4e-05
1335,4e-05
1336,4e-05
1337,4e-05
1338,4e-05
1339,4e-05
1340,4e-05
1341,6.5e-05
1342,6.5e-05
1343,6.5e-05
1344,6.5e-05
1345,6.5e-05
1346,6.5e-05
1347,6.5e-05
1348,6.5e-05
1349,6.5e-05
1350,6.5e-05
1351,4.2e-05
1352,4.2e-05
1353,4.2e-05
1354,4.2e-05
1355,4.2e-05
1356,4.2e-05
1357,4.2e-05
1358,4.2e-05
1359,4.2e-05
1360,4.2e-05
1361,6e-06
1362,6e-06
1363,6e-06
1364,6e-06
1365,6e-06
1366,6e-06
1367,6e-06
1368,6e-06
1369,6e-06
1370,6e-06
1371,1e-06
1372,1e-06
1373,1e-06
1374,1e-06
1375,1e-06
1376,1e-06
1377,1e-06
1378,1e-06
1379,1e-06
1380,1e-06
1381,3.6e-05
1382,3.6e-05
1383,3.6e-05
1384,3.6e-05
1385,3.6e-05
1386,3.6e-05
1387,3.6e-05
1388,3.6e-05
1389,3.6e-05
1390,3.6e-05
1391,0.000342
1392,0.000342
1393,0.000342
1394,0.000342
1395,0.000342
1396,0.000342
1397,0.000342
1398,0.000342
1399,0.000342
1400,0.000342
1401,7.8e-05
1402,7.8e-05
1403,7.8e-05
1404,7.8e-05
1405,7.8e-05
1406,7.8e-05
1407,7.8e-05
1408,7.8e-05
1409,7.8e-05
1410,7.8e-05
1411,2.1e-05
1412,2.1e-05
1413,2.1e-05
1414,2.1e-05
1415,2.1e-05
1416,2.1e-05
1417,2.1e-05
1418,2.1e-05
1419,2.1e-05
1420,2.1e-05
1421,6.4e-05
1422,6.4e-05
1423,6.4e-05
1424,6.4e-05
1425,6.4e-05
1426,6.4e-05
1427,6.4e-05
1428,6.4e-05
1429,6.4e-05
1430,6.4e-05
1431,0.000461
1432,0.000461
1433,0.000461
1434,0.000461
1435,0.000461
1436,0.000461
1437,0.000461
1438,0.000461
1439,0.000461
1440,0.000461
1441,0.000128
1442,0.000128
1443,0.000128
1444,0.000128
1445,0.000128
1446,0.000128
1447,0.000128
1448,0.000128
1449,0.000128
1450,0.000128
1451,0.028354
1452,0.028354
1453,0.028354
1454,0.028354
1455,0.028354
1456,0.028354
1457,0.028354
1458,0.028354
1459,0.028354
1460,0.028354
1461,0.000121
1462,0.000121
1463,0.000121
1464,0.000121
1465,0.000121
1466,0.000121
1467,0.000121
1468,0.000121
1469,0.000121
1470,0.000121
1471,0.093248
1472,0.093248
1473,0.093248
1474,0.093248
1475,0.093248
1476,0.093248
1477,0.093248
1478,0.093248
1479,0.093248
1480,0.093248
1481,6e-06
1482,6e-06
1483,6e-06
1484,6e-06
1485,6e-06
1486,6e-06
1487,6e-06
1488,6e-06
1489,6e-06
1490,6e-06
1491,0.001252
1492,0.001252
1493,0.001252
1494,0.001252
1495,0.001252
1496,0.001252
1497,0.001252
1498,0.001252
1499,0.001252
1500,0.001252
1501,7e-05
1502,7e-05
1503,7e-05
1504,7e-05
1505,7e-05
1506,7e-05
1507,7e-05
1508,7e-05
1509,7e-05
1510,7e-05
1511,0.000165
1512,0.000165
1513,0.000165
1514,0.000165
1515,0.000165
1516,0.000165
1517,0.000165
1518,0.000165
1519,0.000165
1520,0.000165
1521,1.6e-05
1522,1.6e-05
1523,1.6e-05
1524,1.6e-05
1525,1.6e-05
1526,1.6e-05
1527,1.6e-05
1528,1.6e-05
1529,1.6e-05
1530,1.6e-05
1531,0.000866
1532,0.000866
1533,0.000866
1534,0.000866
1535,0.000866
1536,0.000866
1537,0.000866
1538,0.000866
1539,0.000866
1540,0.000866
1541,8e-06
1542,8e-06
1543,8e-06
1544,8e-06
1545,8e-06
1546,8e-06
1547,8e-06
1548,8e-06
1549,8e-06
1550,8e-06
1551,1.6e-05
1552,1.6e-05
1553,1.6e-05
1554,1.6e-05
1555,1.6e-05
1556,1.6e-05
1557,1.6e-05
1558,1.6e-05
1559,1.6e-05
1560,1.6e-05
1561,5.5e-05
1562,5.5e-05
1563,5.5e-05
1564,5.5e-05
1565,5.5e-05
1566,5.5e-05
1567,5.5e-05
1568,5.5e-05
1569,5.5e-05
1570,5.5e-05
1571,4e-06
1572,4e-06
1573,4e-06
1574,4e-06
1575,4e-06
1576,4e-06
1577,4e-06
1578,4e-06
1579,4e-06
1580,4e-06
1581,1e-06
1582,1e-06
1583,1e-06
1584,1e-06
1585,1e-06
1586,1e-06
1587,1e-06
1588,1e-06
1589,1e-06
1590,1e-06
1591,3e-06
1592,3e-06
1593,3e-06
1594,3e-06
1595,3e-06
1596,3e-06
1597,3e-06
1598,3e-06
1599,3e-06
1600,3e-06
1601,1.3e-05
1602,1.3e-05
1603,1.3e-05
1604,1.3e-05
1605,1.3e-05
1606,1.3e-05
1607,1.3e-05
1608,1.3e-05
1609,1.3e-05
1610,1.3e-05
1611,0.001135
1612,0.001135
1613,0.001135
1614,0.001135
1615,0.001135
1616,0.001135
1617,0.001135
1618,0.001135
1619,0.001135
1620,0.001135
1621,0.000896
1622,0.000896
1623,0.000896
1624,0.000896
1625,0.000896
1626,0.000896
1627,0.000896
1628,0.000896
1629,0.000896
1630,0.000896
1631,7.6e-05
1632,7.6e-05
1633,7.6e-05
1634,7.6e-05
1635,7.6e-05
1636,7.6e-05
1637,7.6e-05
1638,7.6e-05
1639,7.6e-05
1640,7.6e-05
1641,2.3e-05
1642,2.3e-05
1643,2.3e-05
1644,2.3e-05
1645,2.3e-05
1646,2.3e-05
1647,2.3e-05
1648,2.3e-05
1649,2.3e-05
1650,2.3e-05
1651,0.000101
1652,0.000101
1653,0.000101
1654,0.000101
1655,0.000101
1656,0.000101
1657,0.000101
1658,0.000101
1659,0.000101
1660,0.000101
1661,0.000324
1662,0.000324
1663,0.000324
1664,0.000324
1665,0.000324
1666,0.000324
1667,0.000324
1668,0.000324
1669,0.000324
1670,0.000324
1671,2e-05
1672,2e-05
1673,2e-05
1674,2e-05
1675,2e-05
1676,2e-05
1677,2e-05
1678,2e-05
1679,2e-05
1680,2e-05
1681,9e-06
1682,9e-06
1683,9e-06
1684,9e-06
1685,9e-06
1686,9e-06
1687,9e-06
1688,9e-06
1689,9e-06
1690,9e-06
1691,0.000114
1692,0.000114
1693,0.000114
1694,0.000114
1695,0.000114
1696,0.000114
1697,0.000114
1698,0.000114
1699,0.000114
1700,0.000114
1701,0.000164
1702,0.000164
1703,0.000164
1704,0.000164
1705,0.000164
1706,0.000164
1707,0.000164
1708,0.000164
1709,0.000164
1710,0.000164
1711,0.002016
1712,0.002016
1713,0.002016
1714,0.002016
1715,0.002016
1716,0.002016
1717,0.002016
1718,0.002016
1719,0.002016
1720,0.002016
1721,3.9e-05
1722,3.9e-05
1723,3.9e-05
1724,3.9e-05
1725,3.9e-05
1726,3.9e-05
1727,3.9e-05
1728,3.9e-05
1729,3.9e-05
1730,3.9e-05
1731,2e-05
1732,2e-05
1733,2e-05
1734,2e-05
1735,2e-05
1736,2e-05
1737,2e-05
1738,2e-05
1739,2e-05
1740,2e-05
1741,7e-06
1742,7e-06
1743,7e-06
1744,7e-06
1745,7e-06
1746,7e-06
1747,7e-06
1748,7e-06
1749,7e-06
1750,7e-06
1751,3.1e-05
1752,3.1e-05
1753,3.1e-05
1754,3.1e-05
1755,3.1e-05
1756,3.1e-05
1757,3.1e-05
1758,3.1e-05
1759,3.1e-05
1760,3.1e-05
1761,1.8e-05
1762,1.8e-05
1763,1.8e-05
1764,1.8e-05
1765,1.8e-05
1766,1.8e-05
1767,1.8e-05
1768,1.8e-05
1769,1.8e-05
1770,1.8e-05
1771,3.9e-05
1772,3.9e-05
1773,3.9e-05
1774,3.9e-05
1775,3.9e-05
1776,3.9e-05
1777,3.9e-05
1778,3.9e-05
1779,3.9e-05
1780,3.9e-05
1781,2.1e-05
1782,2.1e-05
1783,2.1e-05
1784,2.1e-05
1785,2.1e-05
1786,2.1e-05
1787,2.1e-05
1788,2.1e-05
1789,2.1e-05
1790,2.1e-05
1791,1e-05
1792,1e-05
1793,1e-05
1794,1e-05
1795,1e-05
1796,1e-05
1797,1e-05
1798,1e-05
1799,1e-05
1800,1e-05
1801,0.00218
1802,0.00218
1803,0.00218
1804,0.00218
1805,0.00218
1806,0.00218
1807,0.00218
1808,0.00218
1809,0.00218
1810,0.00218
1811,0.000252
1812,0.000252
1813,0.000252
1814,0.000252
1815,0.000252
1816,0.000252
1817,0.000252
1818,0.000252
1819,0.000252
1820,0.000252
1821,0.027731
1822,0.027731
1823,0.027731
1824,0.027731
1825,0.027731
1826,0.027731
1827,0.027731
1828,0.027731
1829,0.027731
1830,0.027731
1831,1.4e-05
1832,1.4e-05
1833,1.4e-05
1834,1.4e-05
1835,1.4e-05
1836,1.4e-05
1837,1.4e-05
1838,1.4e-05
1839,1.4e-05
1840,1.4e-05
1841,0.000341
1842,0.000341
1843,0.000341
1844,0.000341
1845,0.000341
1846,0.000341
1847,0.000341
1848,0.000341
1849,0.000341
1850,0.000341
1851,3e-06
1852,3e-06
1853,3e-06
1854,3e-06
1855,3e-06
1856,3e-06
1857,3e-06
1858,3e-06
1859,3e-06
1860,3e-06
1861,9e-06
1862,9e-06
1863,9e-06
1864,9e-06
1865,9e-06
1866,9e-06
1867,9e-06
1868,9e-06
1869,9e-06
1870,9e-06
1871,4.4e-05
1872,4.4e-05
1873,4.4e-05
1874,4.4e-05
1875,4.4e-05
1876,4.4e-05
1877,4.4e-05
1878,4.4e-05
1879,4.4e-05
1880,4.4e-05
1881,0.000127
1882,0.000127
1883,0.000127
1884,0.000127
1885,0.000127
1886,0.000127
1887,0.000127
1888,0.000127
1889,0.000127
1890,0.000127
1891,3.9e-05
1892,3.9e-05
1893,3.9e-05
1894,3.9e-05
1895,3.9e-05
1896,3.9e-05
1897,3.9e-05
1898,3.9e-05
1899,3.9e-05
1900,3.9e-05
1901,1e-06
1902,1e-06
1903,1e-06
1904,1e-06
1905,1e-06
1906,1e-06
1907,1e-06
1908,1e-06
1909,1e-06
1910,1e-06
1911,0.000155
1912,0.000155
1913,0.000155
1914,0.000155
1915,0.000155
1916,0.000155
1917,0.000155
1918,0.000155
1919,0.000155
1920,0.000155
1921,0.000537
1922,0.000537
1923,0.000537
1924,0.000537
1925,0.000537
1926,0.000537
1927,0.000537
1928,0.000537
1929,0.000537
1930,0.000537
1931,2e-06
1932,2e-06
1933,2e-06
1934,2e-06
1935,2e-06
1936,2e-06
1937,2e-06
1938,2e-06
1939,2e-06
1940,2e-06
1941,0.000343
1942,0.000343
1943,0.000343
1944,0.000343
1945,0.000343
1946,0.000343
1947,0.000343
1948,0.000343
1949,0.000343
1950,0.000343
1951,1.4e-05
1952,1.4e-05
1953,1.4e-05
1954,1.4e-05
1955,1.4e-05
1956,1.4e-05
1957,1.4e-05
1958,1.4e-05
1959,1.4e-05
1960,1.4e-05
1961,3.7e-05
1962,3.7e-05
1963,3.7e-05
1964,3.7e-05
1965,3.7e-05
1966,3.7e-05
1967,3.7e-05
1968,3.7e-05
1969,3.7e-05
1970,3.7e-05
1971,1.4e-05
1972,1.4e-05
1973,1.4e-05
1974,1.4e-05
1975,1.4e-05
1976,1.4e-05
1977,1.4e-05
1978,1.4e-05
1979,1.4e-05
1980,1.4e-05
1981,3e-06
1982,3e-06
1983,3e-06
1984,3e-06
1985,3e-06
1986,3e-06
1987,3e-06
1988,3e-06
1989,3e-06
1990,3e-06
1991,0.002065
1992,0.002065
1993,0.002065
1994,0.002065
1995,0.002065
1996,0.002065
1997,0.002065
1998,0.002065
1999,0.002065
2000,0.002065
2001,0.001369
2002,0.001369
2003,0.001369
2004,0.001369
2005,0.001369
2006,0.001369
2007,0.001369
2008,0.001369
2009,0.001369
2010,0.001369
2011,2.8e-05
2012,2.8e-05
2013,2.8e-05
2014,2.8e-05
2015,2.8e-05
2016,2.8e-05
2017,2.8e-05
2018,2.8e-05
2019,2.8e-05
2020,2.8e-05
2021,8.8e-05
2022,8.8e-05
2023,8.8e-05
2024,8.8e-05
2025,8.8e-05
2026,8.8e-05
2027,8.8e-05
2028,8.8e-05
2029,8.8e-05
2030,8.8e-05
2031,0.001143
2032,0.001143
2033,0.001143
2034,0.001143
2035,0.001143
2036,0.001143
2037,0.001143
2038,0.001143
2039,0.001143
2040,0.001143
2041,0.000309
2042,0.000309
2043,0.000309
2044,0.000309
2045,0.000309
2046,0.000309
2047,0.000309
2048,0.000309
2049,0.000309
2050,0.000309
2051,9.8e-05
2052,9.8e-05
2053,9.8e-05
2054,9.8e-05
2055,9.8e-05
2056,9.8e-05
2057,9.8e-05
2058,9.8e-05
2059,9.8e-05
2060,9.8e-05
2061,8.1e-05
2062,8.1e-05
2063,8.1e-05
2064,8.1e-05
2065,8.1e-05
2066,8.1e-05
2067,8.1e-05
2068,8.1e-05
2069,8.1e-05
2070,8.1e-05
2071,0.004562
2072,0.004562
2073,0.004562
2074,0.004562
2075,0.004562
2076,0.004562
2077,0.004562
2078,0.004562
2079,0.004562
2080,0.004562
2081,6.2e-05
2082,6.2e-05
2083,6.2e-05
2084,6.2e-05
2085,6.2e-05
2086,6.2e-05
2087,6.2e-05
2088,6.2e-05
2089,6.2e-05
2090,6.2e-05
2091,0.005763
2092,0.005763
2093,0.005763
2094,0.005763
2095,0.005763
2096,0.005763
2097,0.005763
2098,0.005763
2099,0.005763
2100,0.005763
2101,9e-06
2102,9e-06
2103,9e-06
2104,9e-06
2105,9e-06
2106,9e-06
2107,9e-06
2108,9e-06
2109,9e-06
2110,9e-06
2111,1.1e-05
2112,1.1e-05
2113,1.1e-05
2114,1.1e-05
2115,1.1e-05
2116,1.1e-05
2117,1.1e-05
2118,1.1e-05
2119,1.1e-05
2120,1.1e-05
2121,4e-06
2122,4e-06
2123,4e-06
2124,4e-06
2125,4e-06
2126,4e-06
2127,4e-06
2128,4e-06
2129,4e-06
2130,4e-06
2131,7.5e-05
2132,7.5e-05
2133,7.5e-05
2134,7.5e-05
2135,7.5e-05
2136,7.5e-05
2137,7.5e-05
2138,7.5e-05
2139,7.5e-05
2140,7.5e-05
2141,0.002099
2142,0.002099
2143,0.002099
2144,0.002099
2145,0.002099
2146,0.002099
2147,0.002099
2148,0.002099
2149,0.002099
2150,0.002099
2151,1e-06
2152,1e-06
2153,1e-06
2154,1e-06
2155,1e-06
2156,1e-06
2157,1e-06
2158,1e-06
2159,1e-06
2160,1e-06
2161,7e-06
2162,7e-06
2163,7e-06
2164,7e-06
2165,7e-06
2166,7e-06
2167,7e-06
2168,7e-06
2169,7e-06
2170,7e-06
2171,1e-06
2172,1e-06
2173,1e-06
2174,1e-06
2175,1e-06
2176,1e-06
2177,1e-06
2178,1e-06
2179,1e-06
2180,1e-06
2181,0.001052
2182,0.001052
2183,0.001052
2184,0.001052
2185,0.001052
2186,0.001052
2187,0.001052
2188,0.001052
2189,0.001052
2190,0.001052
2191,2.4e-05
2192,2.4e-05
2193,2.4e-05
2194,2.4e-05
2195,2.4e-05
2196,2.4e-05
2197,2.4e-05
2198,2.4e-05
2199,2.4e-05
2200,2.4e-05
2201,0.005908
2202,0.005908
2203,0.005908
2204,0.005908
2205,0.005908
2206,0.005908
2207,0.005908
2208,0.005908
2209,0.005908
2210,0.005908
2211,0.000269
2212,0.000269
2213,0.000269
2214,0.000269
2215,0.000269
2216,0.000269
2217,0.000269
2218,0.000269
2219,0.000269
2220,0.000269
2221,1e-06
2222,1e-06
2223,1e-06
2224,1e-06
2225,1e-06
2226,1e-06
2227,1e-06
2228,1e-06
2229,1e-06
2230,1e-06
2231,0.000105
2232,0.000105
2233,0.000105
2234,0.000105
2235,0.000105
2236,0.000105
2237,0.000105
2238,0.000105
2239,0.000105
2240,0.000105
2241,0.0001
2242,0.0001
2243,0.0001
2244,0.0001
2245,0.0001
2246,0.0001
2247,0.0001
2248,0.0001
2249,0.0001
2250,0.0001
2251,1e-06
2252,1e-06
2253,1e-06
2254,1e-06
2255,1e-06
2256,1e-06
2257,1e-06
2258,1e-06
2259,1e-06
2260,1e-06
2261,0.00022
2262,0.00022
2263,0.00022
2264,0.00022
2265,0.00022
2266,0.00022
2267,0.00022
2268,0.00022
2269,0.00022
2270,0.00022
2271,8.7e-05
2272,8.7e-05
2273,8.7e-05
2274,8.7e-05
2275,8.7e-05
2276,8.7e-05
2277,8.7e-05
2278,8.7e-05
2279,8.7e-05
2280,8.7e-05
2281,4.2e-05
2282,4.2e-05
2283,4.2e-05
2284,4.2e-05
2285,4.2e-05
2286,4.2e-05
2287,4.2e-05
2288,4.2e-05
2289,4.2e-05
2290,4.2e-05
2291,0.000152
2292,0.000152
2293,0.000152
2294,0.000152
2295,0.000152
2296,0.000152
2297,0.000152
2298,0.000152
2299,0.000152
2300,0.000152
2301,5.3e-05
2302,5.3e-05
2303,5.3e-05
2304,5.3e-05
2305,5.3e-05
2306,5.3e-05
2307,5.3e-05
2308,5.3e-05
2309,5.3e-05
2310,5.3e-05
2311,2.5e-05
2312,2.5e-05
2313,2.5e-05
2314,2.5e-05
2315,2.5e-05
2316,2.5e-05
2317,2.5e-05
2318,2.5e-05
2319,2.5e-05
2320,2.5e-05
2321,2.7e-05
2322,2.7e-05
2323,2.7e-05
2324,2.7e-05
2325,2.7e-05
2326,2.7e-05
2327,2.7e-05
2328,2.7e-05
2329,2.7e-05
2330,2.7e-05
2331,0.000205
2332,0.000205
2333,0.000205
2334,0.000205
2335,0.000205
2336,0.000205
2337,0.000205
2338,0.000205
2339,0.000205
2340,0.000205
2341,6.7e-05
2342,6.7e-05
2343,6.7e-05
2344,6.7e-05
2345,6.7e-05
2346,6.7e-05
2347,6.7e-05
2348,6.7e-05
2349,6.7e-05
2350,6.7e-05
2351,0.001114
2352,0.001114
2353,0.001114
2354,0.001114
2355,0.001114
2356,0.001114
2357,0.001114
2358,0.001114
2359,0.001114
2360,0.001114
2361,1.9e-05
2362,1.9e-05
2363,1.9e-05
2364,1.9e-05
2365,1.9e-05
2366,1.9e-05
2367,1.9e-05
2368,1.9e-05
2369,1.9e-05
2370,1.9e-05
2371,0.000221
2372,0.000221
2373,0.000221
2374,0.000221
2375,0.000221
2376,0.000221
2377,0.000221
2378,0.000221
2379,0.000221
2380,0.000221
2381,4.3e-05
2382,4.3e-05
2383,4.3e-05
2384,4.3e-05
2385,4.3e-05
2386,4.3e-05
2387,4.3e-05
2388,4.3e-05
2389,4.3e-05
2390,4.3e-05
2391,8.9e-05
2392,8.9e-05
2393,8.9e-05
2394,8.9e-05
2395,8.9e-05
2396,8.9e-05
2397,8.9e-05
2398,8.9e-05
2399,8.9e-05
2400,8.9e-05
2401,3e-06
2402,3e-06
2403,3e-06
2404,3e-06
2405,3e-06
2406,3e-06
2407,3e-06
2408,3e-06
2409,3e-06
2410,3e-06
2411,1e-06
2412,1e-06
2413,1e-06
2414,1e-06
2415,1e-06
2416,1e-06
2417,1e-06
2418,1e-06
2419,1e-06
2420,1e-06
2421,1.7e-05
2422,1.7e-05
2423,1.7e-05
2424,1.7e-05
2425,1.7e-05
2426,1.7e-05
2427,1.7e-05
2428,1.7e-05
2429,1.7e-05
2430,1.7e-05
2431,1.4e-05
2432,1.4e-05
2433,1.4e-05
2434,1.4e-05
2435,1.4e-05
2436,1.4e-05
2437,1.4e-05
2438,1.4e-05
2439,1.4e-05
2440,1.4e-05
2441,6.3e-05
2442,6.3e-05
2443,6.3e-05
2444,6.3e-05
2445,6.3e-05
2446,6.3e-05
2447,6.3e-05
2448,6.3e-05
2449,6.3e-05
2450,6.3e-05
2451,1e-06
2452,1e-06
2453,1e-06
2454,1e-06
2455,1e-06
2456,1e-06
2457,1e-06
2458,1e-06
2459,1e-06
2460,1e-06
2461,0.000139
2462,0.000139
2463,0.000139
2464,0.000139
2465,0.000139
2466,0.000139
2467,0.000139
2468,0.000139
2469,0.000139
2470,0.000139
2471,0.0
2472,0.0
2473,0.0
2474,0.0
2475,0.0
2476,0.0
2477,0.0
2478,0.0
2479,0.0
2480,0.0
2481,0.589142
2482,0.589142
2483,0.589142
2484,0.589142
2485,0.589142
2486,0.589142
2487,0.589142
2488,0.589142
2489,0.589142
2490,0.589142
2491,0.003196
2492,0.003196
2493,0.003196
2494,0.003196
2495,0.003196
2496,0.003196
2497,0.003196
2498,0.003196
2499,0.003196
2500,0.003196
2501,4.7e-05
2502,4.7e-05
2503,4.7e-05
2504,4.7e-05
2505,4.7e-05
2506,4.7e-05
2507,4.7e-05
2508,4.7e-05
2509,4.7e-05
2510,4.7e-05
2511,4e-05
2512,4e-05
2513,4e-05
2514,4e-05
2515,4e-05
2516,4e-05
2517,4e-05
2518,4e-05
2519,4e-05
2520,4e-05
2521,3e-06
2522,3e-06
2523,3e-06
2524,3e-06
2525,3e-06
2526,3e-06
2527,3e-06
2528,3e-06
2529,3e-06
2530,3e-06
2531,5.4e-05
2532,5.4e-05
2533,5.4e-05
2534,5.4e-05
2535,5.4e-05
2536,5.4e-05
2537,5.4e-05
2538,5.4e-05
2539,5.4e-05
2540,5.4e-05
2541,6.6e-05
2542,6.6e-05
2543,6.6e-05
2544,6.6e-05
2545,6.6e-05
2546,6.6e-05
2547,6.6e-05
2548,6.6e-05
2549,6.6e-05
2550,6.6e-05
2551,3.4e-05
2552,3.4e-05
2553,3.4e-05
2554,3.4e-05
2555,3.4e-05
2556,3.4e-05
2557,3.4e-05
2558,3.4e-05
2559,3.4e-05
2560,3.4e-05
2561,0.00069
2562,0.00069
2563,0.00069
2564,0.00069
2565,0.00069
2566,0.00069
2567,0.00069
2568,0.00069
2569,0.00069
2570,0.00069
2571,1e-05
2572,1e-05
2573,1e-05
2574,1e-05
2575,1e-05
2576,1e-05
2577,1e-05
2578,1e-05
2579,1e-05
2580,1e-05
2581,0.000232
2582,0.000232
2583,0.000232
2584,0.000232
2585,0.000232
2586,0.000232
2587,0.000232
2588,0.000232
2589,0.000232
2590,0.000232
2591,1.3e-05
2592,1.3e-05
2593,1.3e-05
2594,1.3e-05
2595,1.3e-05
2596,1.3e-05
2597,1.3e-05
2598,1.3e-05
2599,1.3e-05
2600,1.3e-05
2601,0.000112
2602,0.000112
2603,0.000112
2604,0.000112
2605,0.000112
2606,0.000112
2607,0.000112
2608,0.000112
2609,0.000112
2610,0.000112
2611,1.4e-05
2612,1.4e-05
2613,1.4e-05
2614,1.4e-05
2615,1.4e-05
2616,1.4e-05
2617,1.4e-05
2618,1.4e-05
2619,1.4e-05
2620,1.4e-05
2621,5e-06
2622,5e-06
2623,5e-06
2624,5e-06
2625,5e-06
2626,5e-06
2627,5e-06
2628,5e-06
2629,5e-06
2630,5e-06
2631,6.5e-05
2632,6.5e-05
2633,6.5e-05
2634,6.5e-05
2635,6.5e-05
2636,6.5e-05
2637,6.5e-05
2638,6.5e-05
2639,6.5e-05
2640,6.5e-05
2641,0.000192
2642,0.000192
2643,0.000192
2644,0.000192
2645,0.000192
2646,0.000192
2647,0.000192
2648,0.000192
2649,0.000192
2650,0.000192
2651,7e-06
2652,7e-06
2653,7e-06
2654,7e-06
2655,7e-06
2656,7e-06
2657,7e-06
2658,7e-06
2659,7e-06
2660,7e-06
2661,0.000298
2662,0.000298
2663,0.000298
2664,0.000298
2665,0.000298
2666,0.000298
2667,0.000298
2668,0.000298
2669,0.000298
2670,0.000298
2671,8.2e-05
2672,8.2e-05
2673,8.2e-05
2674,8.2e-05
2675,8.2e-05
2676,8.2e-05
2677,8.2e-05
2678,8.2e-05
2679,8.2e-05
2680,8.2e-05
2681,0.032067
2682,0.032067
2683,0.032067
2684,0.032067
2685,0.032067
2686,0.032067
2687,0.032067
2688,0.032067
2689,0.032067
2690,0.032067
2691,1.9e-05
2692,1.9e-05
2693,1.9e-05
2694,1.9e-05
2695,1.9e-05
2696,1.9e-05
2697,1.9e-05
2698,1.9e-05
2699,1.9e-05
2700,1.9e-05
2701,0.0
2702,0.0
2703,0.0
2704,0.0
2705,0.0
2706,0.0
2707,0.0
2708,0.0
2709,0.0
2710,0.0
2711,3.4e-05
2712,3.4e-05
2713,3.4e-05
2714,3.4e-05
2715,3.4e-05
2716,3.4e-05
2717,3.4e-05
2718,3.4e-05
2719,3.4e-05
2720,3.4e-05
2721,0.013016
2722,0.013016
2723,0.013016
2724,0.013016
2725,0.013016
2726,0.013016
2727,0.013016
2728,0.013016
2729,0.013016
2730,0.013016
2731,4.7e-05
2732,4.7e-05
2733,4.7e-05
2734,4.7e-05
2735,4.7e-05
2736,4.7e-05
2737,4.7e-05
2738,4.7e-05
2739,4.7e-05
2740,4.7e-05
2741,2.7e-05
2742,2.7e-05
2743,2.7e-05
2744,2.7e-05
2745,2.7e-05
2746,2.7e-05
2747,2.7e-05
2748,2.7e-05
2749,2.7e-05
2750,2.7e-05
2751,1.8e-05
2752,1.8e-05
2753,1.8e-05
2754,1.8e-05
2755,1.8e-05
2756,1.8e-05
2757,1.8e-05
2758,1.8e-05
2759,1.8e-05
2760,1.8e-05
2761,0.000199
2762,0.000199
2763,0.000199
2764,0.000199
2765,0.000199
2766,0.000199
2767,0.000199
2768,0.000199
2769,0.000199
2770,0.000199
2771,0.00046
2772,0.00046
2773,0.00046
2774,0.00046
2775,0.00046
2776,0.00046
2777,0.00046
2778,0.00046
2779,0.00046
2780,0.00046
2781,0.000714
2782,0.000714
2783,0.000714
2784,0.000714
2785,0.000714
2786,0.000714
2787,0.000714
2788,0.000714
2789,0.000714
2790,0.000714
2791,0.0
2792,0.0
2793,0.0
2794,0.0
2795,0.0
2796,0.0
2797,0.0
2798,0.0
2799,0.0
2800,0.0
2801,0.000116
2802,0.000116
2803,0.000116
2804,0.000116
2805,0.000116
2806,0.000116
2807,0.000116
2808,0.000116
2809,0.000116
2810,0.000116
2811,0.000875
2812,0.000875
2813,0.000875
2814,0.000875
2815,0.000875
2816,0.000875
2817,0.000875
2818,0.000875
2819,0.000875
2820,0.000875
2821,4e-06
2822,4e-06
2823,4e-06
2824,4e-06
2825,4e-06
2826,4e-06
2827,4e-06
2828,4e-06
2829,4e-06
2830,4e-06
2831,1.7e-05
2832,1.7e-05
2833,1.7e-05
2834,1.7e-05
2835,1.7e-05
2836,1.7e-05
2837,1.7e-05
2838,1.7e-05
2839,1.7e-05
2840,1.7e-05
2841,1e-06
2842,1e-06
2843,1e-06
2844,1e-06
2845,1e-06
2846,1e-06
2847,1e-06
2848,1e-06
2849,1e-06
2850,1e-06
2851,3.9e-05
2852,3.9e-05
2853,3.9e-05
2854,3.9e-05
2855,3.9e-05
2856,3.9e-05
2857,3.9e-05
2858,3.9e-05
2859,3.9e-05
2860,3.9e-05
2861,5e-06
2862,5e-06
2863,5e-06
2864,5e-06
2865,5e-06
2866,5e-06
2867,5e-06
2868,5e-06
2869,5e-06
2870,5e-06
2871,4e-06
2872,4e-06
2873,4e-06
2874,4e-06
2875,4e-06
2876,4e-06
2877,4e-06
2878,4e-06
2879,4e-06
2880,4e-06
2881,0.000736
2882,0.000736
2883,0.000736
2884,0.000736
2885,0.000736
2886,0.000736
2887,0.000736
2888,0.000736
2889,0.000736
2890,0.000736
2891,7.6e-05
2892,7.6e-05
2893,7.6e-05
2894,7.6e-05
2895,7.6e-05
2896,7.6e-05
2897,7.6e-05
2898,7.6e-05
2899,7.6e-05
2900,7.6e-05
2901,2e-06
2902,2e-06
2903,2e-06
2904,2e-06
2905,2e-06
2906,2e-06
2907,2e-06
2908,2e-06
2909,2e-06
2910,2e-06
2911,0.000593
2912,0.000593
2913,0.000593
2914,0.000593
2915,0.000593
2916,0.000593
2917,0.000593
2918,0.000593
2919,0.000593
2920,0.000593
2921,1.9e-05
2922,1.9e-05
2923,1.9e-05
2924,1.9e-05
2925,1.9e-05
2926,1.9e-05
2927,1.9e-05
2928,1.9e-05
2929,1.9e-05
2930,1.9e-05
2931,0.025294
2932,0.025294
2933,0.025294
2934,0.025294
2935,0.025294
2936,0.025294
2937,0.025294
2938,0.025294
2939,0.025294
2940,0.025294
2941,0.000162
2942,0.000162
2943,0.000162
2944,0.000162
2945,0.000162
2946,0.000162
2947,0.000162
2948,0.000162
2949,0.000162
2950,0.000162
2951,0.000119
2952,0.000119
2953,0.000119
2954,0.000119
2955,0.000119
2956,0.000119
2957,0.000119
2958,0.000119
2959,0.000119
2960,0.000119
2961,3.7e-05
2962,3.7e-05
2963,3.7e-05
2964,3.7e-05
2965,3.7e-05
2966,3.7e-05
2967,3.7e-05
2968,3.7e-05
2969,3.7e-05
2970,3.7e-05
2971,0.000159
2972,0.000159
2973,0.000159
2974,0.000159
2975,0.000159
2976,0.000159
2977,0.000159
2978,0.000159
2979,0.000159
2980,0.000159
2981,3e-05
2982,3e-05
2983,3e-05
2984,3e-05
2985,3e-05
2986,3e-05
2987,3e-05
2988,3e-05
2989,3e-05
2990,3e-05
2991,0.00017
2992,0.00017
2993,0.00017
2994,0.00017
2995,0.00017
2996,0.00017
2997,0.00017
2998,0.00017
2999,0.00017
3000,0.00017
3001,5e-05
3002,5e-05
3003,5e-05
3004,5e-05
3005,5e-05
3006,5e-05
3007,5e-05
3008,5e-05
3009,5e-05
3010,5e-05
3011,8.5e-05
3012,8.5e-05
3013,8.5e-05
3014,8.5e-05
3015,8.5e-05
3016,8.5e-05
3017,8.5e-05
3018,8.5e-05
3019,8.5e-05
3020,8.5e-05
3021,0.00881
3022,0.00881
3023,0.00881
3024,0.00881
3025,0.00881
3026,0.00881
3027,0.00881
3028,0.00881
3029,0.00881
3030,0.00881
3031,8e-06
3032,8e-06
3033,8e-06
3034,8e-06
3035,8e-06
3036,8e-06
3037,8e-06
3038,8e-06
3039,8e-06
3040,8e-06
3041,7.7e-05
3042,7.7e-05
3043,7.7e-05
3044,7.7e-05
3045,7.7e-05
3046,7.7e-05
3047,7.7e-05
3048,7.7e-05
3049,7.7e-05
3050,7.7e-05
3051,2.8e-05
3052,2.8e-05
3053,2.8e-05
3054,2.8e-05
3055,2.8e-05
3056,2.8e-05
3057,2.8e-05
3058,2.8e-05
3059,2.8e-05
3060,2.8e-05
3061,1e-06
3062,1e-06
3063,1e-06
3064,1e-06
3065,1e-06
3066,1e-06
3067,1e-06
3068,1e-06
3069,1e-06
3070,1e-06
3071,9e-06
3072,9e-06
3073,9e-06
3074,9e-06
3075,9e-06
3076,9e-06
3077,9e-06
3078,9e-06
3079,9e-06
3080,9e-06
3081,0.000409
3082,0.000409
3083,0.000409
3084,0.000409
3085,0.000409
3086,0.000409
3087,0.000409
3088,0.000409
3089,0.000409
3090,0.000409
3091,0.000502
3092,0.000502
3093,0.000502
3094,0.000502
3095,0.000502
3096,0.000502
3097,0.000502
3098,0.000502
3099,0.000502
3100,0.000502
3101,1e-05
3102,1e-05
3103,1e-05
3104,1e-05
3105,1e-05
3106,1e-05
3107,1e-05
3108,1e-05
3109,1e-05
3110,1e-05
3111,0.000112
3112,0.000112
3113,0.000112
3114,0.000112
3115,0.000112
3116,0.000112
3117,0.000112
3118,0.000112
3119,0.000112
3120,0.000112
3121,2.4e-05
3122,2.4e-05
3123,2.4e-05
3124,2.4e-05
3125,2.4e-05
3126,2.4e-05
3127,2.4e-05
3128,2.4e-05
3129,2.4e-05
3130,2.4e-05
3131,6e-06
3132,6e-06
3133,6e-06
3134,6e-06
3135,6e-06
3136,6e-06
3137,6e-06
3138,6e-06
3139,6e-06
3140,6e-06
3141,1e-06
3142,1e-06
3143,1e-06
3144,1e-06
3145,1e-06
3146,1e-06
3147,1e-06
3148,1e-06
3149,1e-06
3150,1e-06
3151,9.8e-05
3152,9.8e-05
3153,9.8e-05
3154,9.8e-05
3155,9.8e-05
3156,9.8e-05
3157,9.8e-05
3158,9.8e-05
3159,9.8e-05
3160,9.8e-05
3161,0.026922
3162,0.026922
3163,0.026922
3164,0.026922
3165,0.026922
3166,0.026922
3167,0.026922
3168,0.026922
3169,0.026922
3170,0.026922
3171,9.3e-05
3172,9.3e-05
3173,9.3e-05
3174,9.3e-05
3175,9.3e-05
3176,9.3e-05
3177,9.3e-05
3178,9.3e-05
3179,9.3e-05
3180,9.3e-05
3181,2.2e-05
3182,2.2e-05
3183,2.2e-05
3184,2.2e-05
3185,2.2e-05
3186,2.2e-05
3187,2.2e-05
3188,2.2e-05
3189,2.2e-05
3190,2.2e-05
3191,7.4e-05
3192,7.4e-05
3193,7.4e-05
3194,7.4e-05
3195,7.4e-05
3196,7.4e-05
3197,7.4e-05
3198,7.4e-05
3199,7.4e-05
3200,7.4e-05
3201,3.1e-05
3202,3.1e-05
3203,3.1e-05
3204,3.1e-05
3205,3.1e-05
3206,3.1e-05
3207,3.1e-05
3208,3.1e-05
3209,3.1e-05
3210,3.1e-05
3211,1.1e-05
3212,1.1e-05
3213,1.1e-05
3214,1.1e-05
3215,1.1e-05
3216,1.1e-05
3217,1.1e-05
3218,1.1e-05
3219,1.1e-05
3220,1.1e-05
3221,5.4e-05
3222,5.4e-05
3223,5.4e-05
3224,5.4e-05
3225,5.4e-05
3226,5.4e-05
3227,5.4e-05
3228,5.4e-05
3229,5.4e-05
3230,5.4e-05
3231,0.000132
3232,0.000132
3233,0.000132
3234,0.000132
3235,0.000132
3236,0.000132
3237,0.000132
3238,0.000132
3239,0.000132
3240,0.000132
3241,4.6e-05
3242,4.6e-05
3243,4.6e-05
3244,4.6e-05
3245,4.6e-05
3246,4.6e-05
3247,4.6e-05
3248,4.6e-05
3249,4.6e-05
3250,4.6e-05
3251,6.3e-05
3252,6.3e-05
3253,6.3e-05
3254,6.3e-05
3255,6.3e-05
3256,6.3e-05
3257,6.3e-05
3258,6.3e-05
3259,6.3e-05
3260,6.3e-05
3261,0.000166
3262,0.000166
3263,0.000166
3264,0.000166
3265,0.000166
3266,0.000166
3267,0.000166
3268,0.000166
3269,0.000166
3270,0.000166
3271,9e-06
3272,9e-06
3273,9e-06
3274,9e-06
3275,9e-06
3276,9e-06
3277,9e-06
3278,9e-06
3279,9e-06
3280,9e-06
3281,1.2e-05
3282,1.2e-05
3283,1.2e-05
3284,1.2e-05
3285,1.2e-05
3286,1.2e-05
3287,1.2e-05
3288,1.2e-05
3289,1.2e-05
3290,1.2e-05
3291,0.00023
3292,0.00023
3293,0.00023
3294,0.00023
3295,0.00023
3296,0.00023
3297,0.00023
3298,0.00023
3299,0.00023
3300,0.00023
3301,7.7e-05
3302,7.7e-05
3303,7.7e-05
3304,7.7e-05
3305,7.7e-05
3306,7.7e-05
3307,7.7e-05
3308,7.7e-05
3309,7.7e-05
3310,7.7e-05
3311,0.02166
3312,0.02166
3313,0.02166
3314,0.02166
3315,0.02166
3316,0.02166
3317,0.02166
3318,0.02166
3319,0.02166
3320,0.02166
3321,0.000105
3322,0.000105
3323,0.000105
3324,0.000105
3325,0.000105
3326,0.000105
3327,0.000105
3328,0.000105
3329,0.000105
3330,0.000105
3331,2e-06
3332,2e-06
3333,2e-06
3334,2e-06
3335,2e-06
3336,2e-06
3337,2e-06
3338,2e-06
3339,2e-06
3340,2e-06
3341,4.3e-05
3342,4.3e-05
3343,4.3e-05
3344,4.3e-05
3345,4.3e-05
3346,4.3e-05
3347,4.3e-05
3348,4.3e-05
3349,4.3e-05
3350,4.3e-05
3351,7e-06
3352,7e-06
3353,7e-06
3354,7e-06
3355,7e-06
3356,7e-06
3357,7e-06
3358,7e-06
3359,7e-06
3360,7e-06
3361,4e-06
3362,4e-06
3363,4e-06
3364,4e-06
3365,4e-06
3366,4e-06
3367,4e-06
3368,4e-06
3369,4e-06
3370,4e-06
3371,0.002594
3372,0.002594
3373,0.002594
3374,0.002594
3375,0.002594
3376,0.002594
3377,0.002594
3378,0.002594
3379,0.002594
3380,0.002594
3381,0.000317
3382,0.000317
3383,0.000317
3384,0.000317
3385,0.000317
3386,0.000317
3387,0.000317
3388,0.000317
3389,0.000317
3390,0.000317
3391,3.6e-05
3392,3.6e-05
3393,3.6e-05
3394,3.6e-05
3395,3.6e-05
3396,3.6e-05
3397,3.6e-05
3398,3.6e-05
3399,3.6e-05
3400,3.6e-05
3401,0.000272
3402,0.000272
3403,0.000272
3404,0.000272
3405,0.000272
3406,0.000272
3407,0.000272
3408,0.000272
3409,0.000272
3410,0.000272
3411,0.000559
3412,0.000559
3413,0.000559
3414,0.000559
3415,0.000559
3416,0.000559
3417,0.000559
3418,0.000559
3419,0.000559
3420,0.000559
3421,1.6e-05
3422,1.6e-05
3423,1.6e-05
3424,1.6e-05
3425,1.6e-05
3426,1.6e-05
3427,1.6e-05
3428,1.6e-05
3429,1.6e-05
3430,1.6e-05
3431,0.000127
3432,0.000127
3433,0.000127
3434,0.000127
3435,0.000127
3436,0.000127
3437,0.000127
3438,0.000127
3439,0.000127
3440,0.000127
3441,2.4e-05
3442,2.4e-05
3443,2.4e-05
3444,2.4e-05
3445,2.4e-05
3446,2.4e-05
3447,2.4e-05
3448,2.4e-05
3449,2.4e-05
3450,2.4e-05
3451,1e-06
3452,1e-06
3453,1e-06
3454,1e-06
3455,1e-06
3456,1e-06
3457,1e-06
3458,1e-06
3459,1e-06
3460,1e-06
3461,2.5e-05
3462,2.5e-05
3463,2.5e-05
3464,2.5e-05
3465,2.5e-05
3466,2.5e-05
3467,2.5e-05
3468,2.5e-05
3469,2.5e-05
3470,2.5e-05
3471,1.8e-05
3472,1.8e-05
3473,1.8e-05
3474,1.8e-05
3475,1.8e-05
3476,1.8e-05
3477,1.8e-05
3478,1.8e-05
3479,1.8e-05
3480,1.8e-05
3481,2.5e-05
3482,2.5e-05
3483,2.5e-05
3484,2.5e-05
3485,2.5e-05
3486,2.5e-05
3487,2.5e-05
3488,2.5e-05
3489,2.5e-05
3490,2.5e-05
3491,1e-05
3492,1e-05
3493,1e-05
3494,1e-05
3495,1e-05
3496,1e-05
3497,1e-05
3498,1e-05
3499,1e-05
3500,1e-05
3501,1.7e-05
3502,1.7e-05
3503,1.7e-05
3504,1.7e-05
3505,1.7e-05
3506,1.7e-05
3507,1.7e-05
3508,1.7e-05
3509,1.7e-05
3510,1.7e-05
3511,4.1e-05
3512,4.1e-05
3513,4.1e-05
3514,4.1e-05
3515,4.1e-05
3516,4.1e-05
3517,4.1e-05
3518,4.1e-05
3519,4.1e-05
3520,4.1e-05
3521,1.6e-05
3522,1.6e-05
3523,1.6e-05
3524,1.6e-05
3525,1.6e-05
3526,1.6e-05
3527,1.6e-05
3528,1.6e-05
3529,1.6e-05
3530,1.6e-05
3531,4e-06
3532,4e-06
3533,4e-06
3534,4e-06
3535,4e-06
3536,4e-06
3537,4e-06
3538,4e-06
3539,4e-06
3540,4e-06
3541,0.000651
3542,0.000651
3543,0.000651
3544,0.000651
3545,0.000651
3546,0.000651
3547,0.000651
3548,0.000651
3549,0.000651
3550,0.000651
3551,0.000835
3552,0.000835
3553,0.000835
3554,0.000835
3555,0.000835
3556,0.000835
3557,0.000835
3558,0.000835
3559,0.000835
3560,0.000835
3561,5e-06
3562,5e-06
3563,5e-06
3564,5e-06
3565,5e-06
3566,5e-06
3567,5e-06
3568,5e-06
3569,5e-06
3570,5e-06
3571,6.3e-05
3572,6.3e-05
3573,6.3e-05
3574,6.3e-05
3575,6.3e-05
3576,6.3e-05
3577,6.3e-05
3578,6.3e-05
3579,6.3e-05
3580,6.3e-05
3581,0.001621
3582,0.001621
3583,0.001621
3584,0.001621
3585,0.001621
3586,0.001621
3587,0.001621
3588,0.001621
3589,0.001621
3590,0.001621
3591,3.5e-05
3592,3.5e-05
3593,3.5e-05
3594,3.5e-05
3595,3.5e-05
3596,3.5e-05
3597,3.5e-05
3598,3.5e-05
3599,3.5e-05
3600,3.5e-05
3601,0.001621
3602,0.001621
3603,0.001621
3604,0.001621
3605,0.001621
3606,0.001621
3607,0.001621
3608,0.001621
3609,0.001621
3610,0.001621
3611,4e-06
3612,4e-06
3613,4e-06
3614,4e-06
3615,4e-06
3616,4e-06
3617,4e-06
3618,4e-06
3619,4e-06
3620,4e-06
3621,0.000192
3622,0.000192
3623,0.000192
3624,0.000192
3625,0.000192
3626,0.000192
3627,0.000192
3628,0.000192
3629,0.000192
3630,0.000192
3631,3.2e-05
3632,3.2e-05
3633,3.2e-05
3634,3.2e-05
3635,3.2e-05
3636,3.2e-05
3637,3.2e-05
3638,3.2e-05
3639,3.2e-05
3640,3.2e-05
3641,1e-06
3642,1e-06
3643,1e-06
3644,1e-06
3645,1e-06
3646,1e-06
3647,1e-06
3648,1e-06
3649,1e-06
3650,1e-06
3651,9.6e-05
3652,9.6e-05
3653,9.6e-05
3654,9.6e-05
3655,9.6e-05
3656,9.6e-05
3657,9.6e-05
3658,9.6e-05
3659,9.6e-05
3660,9.6e-05
3661,0.002687
3662,0.002687
3663,0.002687
3664,0.002687
3665,0.002687
3666,0.002687
3667,0.002687
3668,0.002687
3669,0.002687
3670,0.002687
3671,9e-06
3672,9e-06
3673,9e-06
3674,9e-06
3675,9e-06
3676,9e-06
3677,9e-06
3678,9e-06
3679,9e-06
3680,9e-06
3681,1e-06
3682,1e-06
3683,1e-06
3684,1e-06
3685,1e-06
3686,1e-06
3687,1e-06
3688,1e-06
3689,1e-06
3690,1e-06
3691,1.4e-05
3692,1.4e-05
3693,1.4e-05
3694,1.4e-05
3695,1.4e-05
3696,1.4e-05
3697,1.4e-05
3698,1.4e-05
3699,1.4e-05
3700,1.4e-05
3701,0.000341
3702,0.000341
3703,0.000341
3704,0.000341
3705,0.000341
3706,0.000341
3707,0.000341
3708,0.000341
3709,0.000341
3710,0.000341
3711,0.000123
3712,0.000123
3713,0.000123
3714,0.000123
3715,0.000123
3716,0.000123
3717,0.000123
3718,0.000123
3719,0.000123
3720,0.000123
3721,0.000458
3722,0.000458
3723,0.000458
3724,0.000458
3725,0.000458
3726,0.000458
3727,0.000458
3728,0.000458
3729,0.000458
3730,0.000458
3731,8e-06
3732,8e-06
3733,8e-06
3734,8e-06
3735,8e-06
3736,8e-06
3737,8e-06
3738,8e-06
3739,8e-06
3740,8e-06
3741,0.000199
3742,0.000199
3743,0.000199
3744,0.000199
3745,0.000199
3746,0.000199
3747,0.000199
3748,0.000199
3749,0.000199
3750,0.000199
3751,6.1e-05
3752,6.1e-05
3753,6.1e-05
3754,6.1e-05
3755,6.1e-05
3756,6.1e-05
3757,6.1e-05
3758,6.1e-05
3759,6.1e-05
3760,6.1e-05
3761,5.9e-05
3762,5.9e-05
3763,5.9e-05
3764,5.9e-05
3765,5.9e-05
3766,5.9e-05
3767,5.9e-05
3768,5.9e-05
3769,5.9e-05
3770,5.9e-05
3771,1.5e-05
3772,1.5e-05
3773,1.5e-05
3774,1.5e-05
3775,1.5e-05
3776,1.5e-05
3777,1.5e-05
3778,1.5e-05
3779,1.5e-05
3780,1.5e-05
3781,5.6e-05
3782,5.6e-05
3783,5.6e-05
3784,5.6e-05
3785,5.6e-05
3786,5.6e-05
3787,5.6e-05
3788,5.6e-05
3789,5.6e-05
3790,5.6e-05
3791,3e-06
3792,3e-06
3793,3e-06
3794,3e-06
3795,3e-06
3796,3e-06
3797,3e-06
3798,3e-06
3799,3e-06
3800,3e-06
3801,0.00052
3802,0.00052
3803,0.00052
3804,0.00052
3805,0.00052
3806,0.00052
3807,0.00052
3808,0.00052
3809,0.00052
3810,0.00052
3811,2.3e-05
3812,2.3e-05
3813,2.3e-05
3814,2.3e-05
3815,2.3e-05
3816,2.3e-05
3817,2.3e-05
3818,2.3e-05
3819,2.3e-05
3820,2.3e-05
3821,3e-06
3822,3e-06
3823,3e-06
3824,3e-06
3825,3e-06
3826,3e-06
3827,3e-06
3828,3e-06
3829,3e-06
3830,3e-06
3831,0.0
3832,0.0
3833,0.0
3834,0.0
3835,0.0
3836,0.0
3837,0.0
3838,0.0
3839,0.0
3840,0.0
3841,0.00256
3842,0.00256
3843,0.00256
3844,0.00256
3845,0.00256
3846,0.00256
3847,0.00256
3848,0.00256
3849,0.00256
3850,0.00256
3851,7.1e-05
3852,7.1e-05
3853,7.1e-05
3854,7.1e-05
3855,7.1e-05
3856,7.1e-05
3857,7.1e-05
3858,7.1e-05
3859,7.1e-05
3860,7.1e-05
3861,8.1e-05
3862,8.1e-05
3863,8.1e-05
3864,8.1e-05
3865,8.1e-05
3866,8.1e-05
3867,8.1e-05
3868,8.1e-05
3869,8.1e-05
3870,8.1e-05
3871,3e-05
3872,3e-05
3873,3e-05
3874,3e-05
3875,3e-05
3876,3e-05
3877,3e-05
3878,3e-05
3879,3e-05
3880,3e-05
3881,1e-05
3882,1e-05
3883,1e-05
3884,1e-05
3885,1e-05
3886,1e-05
3887,1e-05
3888,1e-05
3889,1e-05
3890,1e-05
3891,8e-06
3892,8e-06
3893,8e-06
3894,8e-06
3895,8e-06
3896,8e-06
3897,8e-06
3898,8e-06
3899,8e-06
3900,8e-06
3901,0.000395
3902,0.000395
3903,0.000395
3904,0.000395
3905,0.000395
3906,0.000395
3907,0.000395
3908,0.000395
3909,0.000395
3910,0.000395
3911,2e-06
3912,2e-06
3913,2e-06
3914,2e-06
3915,2e-06
3916,2e-06
3917,2e-06
3918,2e-06
3919,2e-06
3920,2e-06
3921,4.4e-05
3922,4.4e-05
3923,4.4e-05
3924,4.4e-05
3925,4.4e-05
3926,4.4e-05
3927,4.4e-05
3928,4.4e-05
3929,4.4e-05
3930,4.4e-05
3931,3.6e-05
3932,3.6e-05
3933,3.6e-05
3934,3.6e-05
3935,3.6e-05
3936,3.6e-05
3937,3.6e-05
3938,3.6e-05
3939,3.6e-05
3940,3.6e-05
3941,4e-06
3942,4e-06
3943,4e-06
3944,4e-06
3945,4e-06
3946,4e-06
3947,4e-06
3948,4e-06
3949,4e-06
3950,4e-06
3951,0.0008
3952,0.0008
3953,0.0008
3954,0.0008
3955,0.0008
3956,0.0008
3957,0.0008
3958,0.0008
3959,0.0008
3960,0.0008
3961,1.8e-05
3962,1.8e-05
3963,1.8e-05
3964,1.8e-05
3965,1.8e-05
3966,1.8e-05
3967,1.8e-05
3968,1.8e-05
3969,1.8e-05
3970,1.8e-05
3971,0.000301
3972,0.000301
3973,0.000301
3974,0.000301
3975,0.000301
3976,0.000301
3977,0.000301
3978,0.000301
3979,0.000301
3980,0.000301
3981,7.3e-05
3982,7.3e-05
3983,7.3e-05
3984,7.3e-05
3985,7.3e-05
3986,7.3e-05
3987,7.3e-05
3988,7.3e-05
3989,7.3e-05
3990,7.3e-05
3991,5.6e-05
3992,5.6e-05
3993,5.6e-05
3994,5.6e-05
3995,5.6e-05
3996,5.6e-05
3997,5.6e-05
3998,5.6e-05
3999,5.6e-05
4000,5.6e-05
4001,2.8e-05
4002,2.8e-05
4003,2.8e-05
4004,2.8e-05
4005,2.8e-05
4006,2.8e-05
4007,2.8e-05
4008,2.8e-05
4009,2.8e-05
4010,2.8e-05
4011,2e-06
4012,2e-06
4013,2e-06
4014,2e-06
4015,2e-06
4016,2e-06
4017,2e-06
4018,2e-06
4019,2e-06
4020,2e-06
4021,4.8e-05
4022,4.8e-05
4023,4.8e-05
4024,4.8e-05
4025,4.8e-05
4026,4.8e-05
4027,4.8e-05
4028,4.8e-05
4029,4.8e-05
4030,4.8e-05
4031,4.4e-05
4032,4.4e-05
4033,4.4e-05
4034,4.4e-05
4035,4.4e-05
4036,4.4e-05
4037,4.4e-05
4038,4.4e-05
4039,4.4e-05
4040,4.4e-05
4041,4.1e-05
4042,4.1e-05
4043,4.1e-05
4044,4.1e-05
4045,4.1e-05
4046,4.1e-05
4047,4.1e-05
4048,4.1e-05
4049,4.1e-05
4050,4.1e-05
4051,6.7e-05
4052,6.7e-05
4053,6.7e-05
4054,6.7e-05
4055,6.7e-05
4056,6.7e-05
4057,6.7e-05
4058,6.7e-05
4059,6.7e-05
4060,6.7e-05
4061,5.5e-05
4062,5.5e-05
4063,5.5e-05
4064,5.5e-05
4065,5.5e-05
4066,5.5e-05
4067,5.5e-05
4068,5.5e-05
4069,5.5e-05
4070,5.5e-05
4071,6e-06
4072,6e-06
4073,6e-06
4074,6e-06
4075,6e-06
4076,6e-06
4077,6e-06
4078,6e-06
4079,6e-06
4080,6e-06
4081,0.000269
4082,0.000269
4083,0.000269
4084,0.000269
4085,0.000269
4086,0.000269
4087,0.000269
4088,0.000269
4089,0.000269
4090,0.000269
4091,0.000228
4092,0.000228
4093,0.000228
4094,0.000228
4095,0.000228
4096,0.000228
4097,0.000228
4098,0.000228
4099,0.000228
4100,0.000228
4101,5.2e-05
4102,5.2e-05
4103,5.2e-05
4104,5.2e-05
4105,5.2e-05
4106,5.2e-05
4107,5.2e-05
4108,5.2e-05
4109,5.2e-05
4110,5.2e-05
4111,3e-06
4112,3e-06
4113,3e-06
4114,3e-06
4115,3e-06
4116,3e-06
4117,3e-06
4118,3e-06
4119,3e-06
4120,3e-06
4121,1e-06
4122,1e-06
4123,1e-06
4124,1e-06
4125,1e-06
4126,1e-06
4127,1e-06
4128,1e-06
4129,1e-06
4130,1e-06
4131,5.1e-05
4132,5.1e-05
4133,5.1e-05
4134,5.1e-05
4135,5.1e-05
4136,5.1e-05
4137,5.1e-05
4138,5.1e-05
4139,5.1e-05
4140,5.1e-05
4141,0.000308
4142,0.000308
4143,0.000308
4144,0.000308
4145,0.000308
4146,0.000308
4147,0.000308
4148,0.000308
4149,0.000308
4150,0.000308
4151,0.001696
4152,0.001696
4153,0.001696
4154,0.001696
4155,0.001696
4156,0.001696
4157,0.001696
4158,0.001696
4159,0.001696
4160,0.001696
4161,1e-06
4162,1e-06
4163,1e-06
4164,1e-06
4165,1e-06
4166,1e-06
4167,1e-06
4168,1e-06
4169,1e-06
4170,1e-06
4171,5.8e-05
4172,5.8e-05
4173,5.8e-05
4174,5.8e-05
4175,5.8e-05
4176,5.8e-05
4177,5.8e-05
4178,5.8e-05
4179,5.8e-05
4180,5.8e-05
4181,1e-05
4182,1e-05
4183,1e-05
4184,1e-05
4185,1e-05
4186,1e-05
4187,1e-05
4188,1e-05
4189,1e-05
4190,1e-05
4191,0.006626
4192,0.006626
4193,0.006626
4194,0.006626
4195,0.006626
4196,0.006626
4197,0.006626
4198,0.006626
4199,0.006626
4200,0.006626
4201,3e-06
4202,3e-06
4203,3e-06
4204,3e-06
4205,3e-06
4206,3e-06
4207,3e-06
4208,3e-06
4209,3e-06
4210,3e-06
4211,3.2e-05
4212,3.2e-05
4213,3.2e-05
4214,3.2e-05
4215,3.2e-05
4216,3.2e-05
4217,3.2e-05
4218,3.2e-05
4219,3.2e-05
4220,3.2e-05
4221,7e-06
4222,7e-06
4223,7e-06
4224,7e-06
4225,7e-06
4226,7e-06
4227,7e-06
4228,7e-06
4229,7e-06
4230,7e-06
4231,7e-05
4232,7e-05
4233,7e-05
4234,7e-05
4235,7e-05
4236,7e-05
4237,7e-05
4238,7e-05
4239,7e-05
4240,7e-05
4241,8.2e-05
4242,8.2e-05
4243,8.2e-05
4244,8.2e-05
4245,8.2e-05
4246,8.2e-05
4247,8.2e-05
4248,8.2e-05
4249,8.2e-05
4250,8.2e-05
4251,0.000169
4252,0.000169
4253,0.000169
4254,0.000169
4255,0.000169
4256,0.000169
4257,0.000169
4258,0.000169
4259,0.000169
4260,0.000169
4261,0.002128
4262,0.002128
4263,0.002128
4264,0.002128
4265,0.002128
4266,0.002128
4267,0.002128
4268,0.002128
4269,0.002128
4270,0.002128
4271,4.6e-05
4272,4.6e-05
4273,4.6e-05
4274,4.6e-05
4275,4.6e-05
4276,4.6e-05
4277,4.6e-05
4278,4.6e-05
4279,4.6e-05
4280,4.6e-05
4281,7.5e-05
4282,7.5e-05
4283,7.5e-05
4284,7.5e-05
4285,7.5e-05
4286,7.5e-05
4287,7.5e-05
4288,7.5e-05
4289,7.5e-05
4290,7.5e-05
4291,0.004102
4292,0.004102
4293,0.004102
4294,0.004102
4295,0.004102
4296,0.004102
4297,0.004102
4298,0.004102
4299,0.004102
4300,0.004102
4301,0.000741
4302,0.000741
4303,0.000741
4304,0.000741
4305,0.000741
4306,0.000741
4307,0.000741
4308,0.000741
4309,0.000741
4310,0.000741
4311,0.004958
4312,0.004958
4313,0.004958
4314,0.004958
4315,0.004958
4316,0.004958
4317,0.004958
4318,0.004958
4319,0.004958
4320,0.004958
4321,8e-06
4322,8e-06
4323,8e-06
4324,8e-06
4325,8e-06
4326,8e-06
4327,8e-06
4328,8e-06
4329,8e-06
4330,8e-06
4331,2.8e-05
4332,2.8e-05
4333,2.8e-05
4334,2.8e-05
4335,2.8e-05
4336,2.8e-05
4337,2.8e-05
4338,2.8e-05
4339,2.8e-05
4340,2.8e-05
4341,4.2e-05
4342,4.2e-05
4343,4.2e-05
4344,4.2e-05
4345,4.2e-05
4346,4.2e-05
4347,4.2e-05
4348,4.2e-05
4349,4.2e-05
4350,4.2e-05
4351,1e-06
4352,1e-06
4353,1e-06
4354,1e-06
4355,1e-06
4356,1e-06
4357,1e-06
4358,1e-06
4359,1e-06
4360,1e-06
4361,7e-06
4362,7e-06
4363,7e-06
4364,7e-06
4365,7e-06
4366,7e-06
4367,7e-06
4368,7e-06
4369,7e-06
4370,7e-06
4371,5e-06
4372,5e-06
4373,5e-06
4374,5e-06
4375,5e-06
4376,5e-06
4377,5e-06
4378,5e-06
4379,5e-06
4380,5e-06
4381,0.000126
4382,0.000126
4383,0.000126
4384,0.000126
4385,0.000126
4386,0.000126
4387,0.000126
4388,0.000126
4389,0.000126
4390,0.000126
4391,8e-06
4392,8e-06
4393,8e-06
4394,8e-06
4395,8e-06
4396,8e-06
4397,8e-06
4398,8e-06
4399,8e-06
4400,8e-06
4401,8.7e-05
4402,8.7e-05
4403,8.7e-05
4404,8.7e-05
4405,8.7e-05
4406,8.7e-05
4407,8.7e-05
4408,8.7e-05
4409,8.7e-05
4410,8.7e-05
4411,0.000151
4412,0.000151
4413,0.000151
4414,0.000151
4415,0.000151
4416,0.000151
4417,0.000151
4418,0.000151
4419,0.000151
4420,0.000151
4421,0.000305
4422,0.000305
4423,0.000305
4424,0.000305
4425,0.000305
4426,0.000305
4427,0.000305
4428,0.000305
4429,0.000305
4430,0.000305
4431,1.8e-05
4432,1.8e-05
4433,1.8e-05
4434,1.8e-05
4435,1.8e-05
4436,1.8e-05
4437,1.8e-05
4438,1.8e-05
4439,1.8e-05
4440,1.8e-05
4441,0.000239
4442,0.000239
4443,0.000239
4444,0.000239
4445,0.000239
4446,0.000239
4447,0.000239
4448,0.000239
4449,0.000239
4450,0.000239
4451,0.000115
4452,0.000115
4453,0.000115
4454,0.000115
4455,0.000115
4456,0.000115
4457,0.000115
4458,0.000115
4459,0.000115
4460,0.000115
4461,7e-06
4462,7e-06
4463,7e-06
4464,7e-06
4465,7e-06
4466,7e-06
4467,7e-06
4468,7e-06
4469,7e-06
4470,7e-06
4471,6.6e-05
4472,6.6e-05
4473,6.6e-05
4474,6.6e-05
4475,6.6e-05
4476,6.6e-05
4477,6.6e-05
4478,6.6e-05
4479,6.6e-05
4480,6.6e-05
4481,0.000101
4482,0.000101
4483,0.000101
4484,0.000101
4485,0.000101
4486,0.000101
4487,0.000101
4488,0.000101
4489,0.000101
4490,0.000101
4491,5.3e-05
4492,5.3e-05
4493,5.3e-05
4494,5.3e-05
4495,5.3e-05
4496,5.3e-05
4497,5.3e-05
4498,5.3e-05
4499,5.3e-05
4500,5.3e-05
4501,6.6e-05
4502,6.6e-05
4503,6.6e-05
4504,6.6e-05
4505,6.6e-05
4506,6.6e-05
4507,6.6e-05
4508,6.6e-05
4509,6.6e-05
4510,6.6e-05
4511,8.8e-05
4512,8.8e-05
4513,8.8e-05
4514,8.8e-05
4515,8.8e-05
4516,8.8e-05
4517,8.8e-05
4518,8.8e-05
4519,8.8e-05
4520,8.8e-05
4521,0.000205
4522,0.000205
4523,0.000205
4524,0.000205
4525,0.000205
4526,0.000205
4527,0.000205
4528,0.000205
4529,0.000205
4530,0.000205
4531,0.0
4532,0.0
4533,0.0
4534,0.0
4535,0.0
4536,0.0
4537,0.0
4538,0.0
4539,0.0
4540,0.0
4541,4.4e-05
4542,4.4e-05
4543,4.4e-05
4544,4.4e-05
4545,4.4e-05
4546,4.4e-05
4547,4.4e-05
4548,4.4e-05
4549,4.4e-05
4550,4.4e-05
4551,3.3e-05
4552,3.3e-05
4553,3.3e-05
4554,3.3e-05
4555,3.3e-05
4556,3.3e-05
4557,3.3e-05
4558,3.3e-05
4559,3.3e-05
4560,3.3e-05
4561,4.7e-05
4562,4.7e-05
4563,4.7e-05
4564,4.7e-05
4565,4.7e-05
4566,4.7e-05
4567,4.7e-05
4568,4.7e-05
4569,4.7e-05
4570,4.7e-05
4571,0.000168
4572,0.000168
4573,0.000168
4574,0.000168
4575,0.000168
4576,0.000168
4577,0.000168
4578,0.000168
4579,0.000168
4580,0.000168
4581,1.2e-05
4582,1.2e-05
4583,1.2e-05
4584,1.2e-05
4585,1.2e-05
4586,1.2e-05
4587,1.2e-05
4588,1.2e-05
4589,1.2e-05
4590,1.2e-05
4591,4e-05
4592,4e-05
4593,4e-05
4594,4e-05
4595,4e-05
4596,4e-05
4597,4e-05
4598,4e-05
4599,4e-05
4600,4e-05
4601,0.0
4602,0.0
4603,0.0
4604,0.0
4605,0.0
4606,0.0
4607,0.0
4608,0.0
4609,0.0
4610,0.0
4611,3.5e-05
4612,3.5e-05
4613,3.5e-05
4614,3.5e-05
4615,3.5e-05
4616,3.5e-05
4617,3.5e-05
4618,3.5e-05
4619,3.5e-05
4620,3.5e-05
4621,9e-06
4622,9e-06
4623,9e-06
4624,9e-06
4625,9e-06
4626,9e-06
4627,9e-06
4628,9e-06
4629,9e-06
4630,9e-06
4631,4.9e-05
4632,4.9e-05
4633,4.9e-05
4634,4.9e-05
4635,4.9e-05
4636,4.9e-05
4637,4.9e-05
4638,4.9e-05
4639,4.9e-05
4640,4.9e-05
4641,0.0
4642,0.0
4643,0.0
4644,0.0
4645,0.0
4646,0.0
4647,0.0
4648,0.0
4649,0.0
4650,0.0
4651,5e-06
4652,5e-06
4653,5e-06
4654,5e-06
4655,5e-06
4656,5e-06
4657,5e-06
4658,5e-06
4659,5e-06
4660,5e-06
4661,2.7e-05
4662,2.7e-05
4663,2.7e-05
4664,2.7e-05
4665,2.7e-05
4666,2.7e-05
4667,2.7e-05
4668,2.7e-05
4669,2.7e-05
4670,2.7e-05
4671,8.8e-05
4672,8.8e-05
4673,8.8e-05
4674,8.8e-05
4675,8.8e-05
4676,8.8e-05
4677,8.8e-05
4678,8.8e-05
4679,8.8e-05
4680,8.8e-05
4681,7e-06
4682,7e-06
4683,7e-06
4684,7e-06
4685,7e-06
4686,7e-06
4687,7e-06
4688,7e-06
4689,7e-06
4690,7e-06
4691,0.000135
4692,0.000135
4693,0.000135
4694,0.000135
4695,0.000135
4696,0.000135
4697,0.000135
4698,0.000135
4699,0.000135
4700,0.000135
4701,3e-06
4702,3e-06
4703,3e-06
4704,3e-06
4705,3e-06
4706,3e-06
4707,3e-06
4708,3e-06
4709,3e-06
4710,3e-06
4711,2e-06
4712,2e-06
4713,2e-06
4714,2e-06
4715,2e-06
4716,2e-06
4717,2e-06
4718,2e-06
4719,2e-06
4720,2e-06
4721,2e-05
4722,2e-05
4723,2e-05
4724,2e-05
4725,2e-05
4726,2e-05
4727,2e-05
4728,2e-05
4729,2e-05
4730,2e-05
4731,9.6e-05
4732,9.6e-05
4733,9.6e-05
4734,9.6e-05
4735,9.6e-05
4736,9.6e-05
4737,9.6e-05
4738,9.6e-05
4739,9.6e-05
4740,9.6e-05
4741,0.000179
4742,0.000179
4743,0.000179
4744,0.000179
4745,0.000179
4746,0.000179
4747,0.000179
4748,0.000179
4749,0.000179
4750,0.000179
4751,0.025216
4752,0.025216
4753,0.025216
4754,0.025216
4755,0.025216
4756,0.025216
4757,0.025216
4758,0.025216
4759,0.025216
4760,0.025216
4761,0.000211
4762,0.000211
4763,0.000211
4764,0.000211
4765,0.000211
4766,0.000211
4767,0.000211
4768,0.000211
4769,0.000211
4770,0.000211
4771,0.000845
4772,0.000845
4773,0.000845
4774,0.000845
4775,0.000845
4776,0.000845
4777,0.000845
4778,0.000845
4779,0.000845
4780,0.000845
4781,2.1e-05
4782,2.1e-05
4783,2.1e-05
4784,2.1e-05
4785,2.1e-05
4786,2.1e-05
4787,2.1e-05
4788,2.1e-05
4789,2.1e-05
4790,2.1e-05
4791,7e-06
4792,7e-06
4793,7e-06
4794,7e-06
4795,7e-06
4796,7e-06
4797,7e-06
4798,7e-06
4799,7e-06
4800,7e-06
4801,0.000286
4802,0.000286
4803,0.000286
4804,0.000286
4805,0.000286
4806,0.000286
4807,0.000286
4808,0.000286
4809,0.000286
4810,0.000286
4811,0.003065
4812,0.003065
4813,0.003065
4814,0.003065
4815,0.003065
4816,0.003065
4817,0.003065
4818,0.003065
4819,0.003065
4820,0.003065
4821,0.000237
4822,0.000237
4823,0.000237
4824,0.000237
4825,0.000237
4826,0.000237
4827,0.000237
4828,0.000237
4829,0.000237
4830,0.000237
4831,1.4e-05
4832,1.4e-05
4833,1.4e-05
4834,1.4e-05
4835,1.4e-05
4836,1.4e-05
4837,1.4e-05
4838,1.4e-05
4839,1.4e-05
4840,1.4e-05
4841,8e-06
4842,8e-06
4843,8e-06
4844,8e-06
4845,8e-06
4846,8e-06
4847,8e-06
4848,8e-06
4849,8e-06
4850,8e-06
4851,1e-06
4852,1e-06
4853,1e-06
4854,1e-06
4855,1e-06
4856,1e-06
4857,1e-06
4858,1e-06
4859,1e-06
4860,1e-06
4861,7e-05
4862,7e-05
4863,7e-05
4864,7e-05
4865,7e-05
4866,7e-05
4867,7e-05
4868,7e-05
4869,7e-05
4870,7e-05
4871,0.002665
4872,0.002665
4873,0.002665
4874,0.002665
4875,0.002665
4876,0.002665
4877,0.002665
4878,0.002665
4879,0.002665
4880,0.002665
4881,5e-06
4882,5e-06
4883,5e-06
4884,5e-06
4885,5e-06
4886,5e-06
4887,5e-06
4888,5e-06
4889,5e-06
4890,5e-06
4891,1e-05
4892,1e-05
4893,1e-05
4894,1e-05
4895,1e-05
4896,1e-05
4897,1e-05
4898,1e-05
4899,1e-05
4900,1e-05
4901,0.000201
4902,0.000201
4903,0.000201
4904,0.000201
4905,0.000201
4906,0.000201
4907,0.000201
4908,0.000201
4909,0.000201
4910,0.000201
4911,1.5e-05
4912,1.5e-05
4913,1.5e-05
4914,1.5e-05
4915,1.5e-05
4916,1.5e-05
4917,1.5e-05
4918,1.5e-05
4919,1.5e-05
4920,1.5e-05
4921,1.6e-05
4922,1.6e-05
4923,1.6e-05
4924,1.6e-05
4925,1.6e-05
4926,1.6e-05
4927,1.6e-05
4928,1.6e-05
4929,1.6e-05
4930,1.6e-05
4931,0.000282
4932,0.000282
4933,0.000282
4934,0.000282
4935,0.000282
4936,0.000282
4937,0.000282
4938,0.000282
4939,0.000282
4940,0.000282
4941,5e-06
4942,5e-06
4943,5e-06
4944,5e-06
4945,5e-06
4946,5e-06
4947,5e-06
4948,5e-06
4949,5e-06
4950,5e-06
4951,0.02061
4952,0.02061
4953,0.02061
4954,0.02061
4955,0.02061
4956,0.02061
4957,0.02061
4958,0.02061
4959,0.02061
4960,0.02061
4961,0.000633
4962,0.000633
4963,0.000633
4964,0.000633
4965,0.000633
4966,0.000633
4967,0.000633
4968,0.000633
4969,0.000633
4970,0.000633
4971,0.000166
4972,0.000166
4973,0.000166
4974,0.000166
4975,0.000166
4976,0.000166
4977,0.000166
4978,0.000166
4979,0.000166
4980,0.000166
4981,0.000184
4982,0.000184
4983,0.000184
4984,0.000184
4985,0.000184
4986,0.000184
4987,0.000184
4988,0.000184
4989,0.000184
4990,0.000184
4991,2.5e-05
4992,2.5e-05
4993,2.5e-05
4994,2.5e-05
4995,2.5e-05
4996,2.5e-05
4997,2.5e-05
4998,2.5e-05
4999,2.5e-05
5000,2.5e-05
5001,4e-06
5002,4e-06
5003,4e-06
5004,4e-06
5005,4e-06
5006,4e-06
5007,4e-06
5008,4e-06
5009,4e-06
5010,4e-06
5011,2.4e-05
5012,2.4e-05
5013,2.4e-05
5014,2.4e-05
5015,2.4e-05
5016,2.4e-05
5017,2.4e-05
5018,2.4e-05
5019,2.4e-05
5020,2.4e-05
5021,1.6e-05
5022,1.6e-05
5023,1.6e-05
5024,1.6e-05
5025,1.6e-05
5026,1.6e-05
5027,1.6e-05
5028,1.6e-05
5029,1.6e-05
5030,1.6e-05
5031,4e-06
5032,4e-06
5033,4e-06
5034,4e-06
5035,4e-06
5036,4e-06
5037,4e-06
5038,4e-06
5039,4e-06
5040,4e-06
5041,1e-06
5042,1e-06
5043,1e-06
5044,1e-06
5045,1e-06
5046,1e-06
5047,1e-06
5048,1e-06
5049,1e-06
5050,1e-06
5051,1e-06
5052,1e-06
5053,1e-06
5054,1e-06
5055,1e-06
5056,1e-06
5057,1e-06
5058,1e-06
5059,1e-06
5060,1e-06
5061,2.5e-05
5062,2.5e-05
5063,2.5e-05
5064,2.5e-05
5065,2.5e-05
5066,2.5e-05
5067,2.5e-05
5068,2.5e-05
5069,2.5e-05
5070,2.5e-05
5071,1e-06
5072,1e-06
5073,1e-06
5074,1e-06
5075,1e-06
5076,1e-06
5077,1e-06
5078,1e-06
5079,1e-06
5080,1e-06
5081,0.005142
5082,0.005142
5083,0.005142
5084,0.005142
5085,0.005142
5086,0.005142
5087,0.005142
5088,0.005142
5089,0.005142
5090,0.005142
5091,8.7e-05
5092,8.7e-05
5093,8.7e-05
5094,8.7e-05
5095,8.7e-05
5096,8.7e-05
5097,8.7e-05
5098,8.7e-05
5099,8.7e-05
5100,8.7e-05
5101,1.1e-05
5102,1.1e-05
5103,1.1e-05
5104,1.1e-05
5105,1.1e-05
5106,1.1e-05
5107,1.1e-05
5108,1.1e-05
5109,1.1e-05
5110,1.1e-05
5111,3e-06
5112,3e-06
5113,3e-06
5114,3e-06
5115,3e-06
5116,3e-06
5117,3e-06
5118,3e-06
5119,3e-06
5120,3e-06
5121,0.000119
5122,0.000119
5123,0.000119
5124,0.000119
5125,0.000119
5126,0.000119
5127,0.000119
5128,0.000119
5129,0.000119
5130,0.000119
5131,1e-05
5132,1e-05
5133,1e-05
5134,1e-05
5135,1e-05
5136,1e-05
5137,1e-05
5138,1e-05
5139,1e-05
5140,1e-05
5141,4e-06
5142,4e-06
5143,4e-06
5144,4e-06
5145,4e-06
5146,4e-06
5147,4e-06
5148,4e-06
5149,4e-06
5150,4e-06
5151,7e-06
5152,7e-06
5153,7e-06
5154,7e-06
5155,7e-06
5156,7e-06
5157,7e-06
5158,7e-06
5159,7e-06
5160,7e-06
5161,2e-06
5162,2e-06
5163,2e-06
5164,2e-06
5165,2e-06
5166,2e-06
5167,2e-06
5168,2e-06
5169,2e-06
5170,2e-06
5171,0.000116
5172,0.000116
5173,0.000116
5174,0.000116
5175,0.000116
5176,0.000116
5177,0.000116
5178,0.000116
5179,0.000116
5180,0.000116
5181,0.000259
5182,0.000259
5183,0.000259
5184,0.000259
5185,0.000259
5186,0.000259
5187,0.000259
5188,0.000259
5189,0.000259
5190,0.000259
5191,2e-05
5192,2e-05
5193,2e-05
5194,2e-05
5195,2e-05
5196,2e-05
5197,2e-05
5198,2e-05
5199,2e-05
5200,2e-05
5201,2.4e-05
5202,2.4e-05
5203,2.4e-05
5204,2.4e-05
5205,2.4e-05
5206,2.4e-05
5207,2.4e-05
5208,2.4e-05
5209,2.4e-05
5210,2.4e-05
5211,2e-05
5212,2e-05
5213,2e-05
5214,2e-05
5215,2e-05
5216,2e-05
5217,2e-05
5218,2e-05
5219,2e-05
5220,2e-05
5221,3e-06
5222,3e-06
5223,3e-06
5224,3e-06
5225,3e-06
5226,3e-06
5227,3e-06
5228,3e-06
5229,3e-06
5230,3e-06
5231,0.000226
5232,0.000226
5233,0.000226
5234,0.000226
5235,0.000226
5236,0.000226
5237,0.000226
5238,0.000226
5239,0.000226
5240,0.000226
5241,0.000576
5242,0.000576
5243,0.000576
5244,0.000576
5245,0.000576
5246,0.000576
5247,0.000576
5248,0.000576
5249,0.000576
5250,0.000576
5251,0.199854
5252,0.199854
5253,0.199854
5254,0.199854
5255,0.199854
5256,0.199854
5257,0.199854
5258,0.199854
5259,0.199854
5260,0.199854
5261,0.000108
5262,0.000108
5263,0.000108
5264,0.000108
5265,0.000108
5266,0.000108
5267,0.000108
5268,0.000108
5269,0.000108
5270,0.000108
5271,0.000262
5272,0.000262
5273,0.000262
5274,0.000262
5275,0.000262
5276,0.000262
5277,0.000262
5278,0.000262
5279,0.000262
5280,0.000262
5281,2.1e-05
5282,2.1e-05
5283,2.1e-05
5284,2.1e-05
5285,2.1e-05
5286,2.1e-05
5287,2.1e-05
5288,2.1e-05
5289,2.1e-05
5290,2.1e-05
5291,4.9e-05
5292,4.9e-05
5293,4.9e-05
5294,4.9e-05
5295,4.9e-05
5296,4.9e-05
5297,4.9e-05
5298,4.9e-05
5299,4.9e-05
5300,4.9e-05
5301,5.4e-05
5302,5.4e-05
5303,5.4e-05
5304,5.4e-05
5305,5.4e-05
5306,5.4e-05
5307,5.4e-05
5308,5.4e-05
5309,5.4e-05
5310,5.4e-05
5311,2.5e-05
5312,2.5e-05
5313,2.5e-05
5314,2.5e-05
5315,2.5e-05
5316,2.5e-05
5317,2.5e-05
5318,2.5e-05
5319,2.5e-05
5320,2.5e-05
5321,0.004236
5322,0.004236
5323,0.004236
5324,0.004236
5325,0.004236
5326,0.004236
5327,0.004236
5328,0.004236
5329,0.004236
5330,0.004236
5331,0.000167
5332,0.000167
5333,0.000167
5334,0.000167
5335,0.000167
5336,0.000167
5337,0.000167
5338,0.000167
5339,0.000167
5340,0.000167
5341,0.000162
5342,0.000162
5343,0.000162
5344,0.000162
5345,0.000162
5346,0.000162
5347,0.000162
5348,0.000162
5349,0.000162
5350,0.000162
5351,0.00044
5352,0.00044
5353,0.00044
5354,0.00044
5355,0.00044
5356,0.00044
5357,0.00044
5358,0.00044
5359,0.00044
5360,0.00044
5361,2.8e-05
5362,2.8e-05
5363,2.8e-05
5364,2.8e-05
5365,2.8e-05
5366,2.8e-05
5367,2.8e-05
5368,2.8e-05
5369,2.8e-05
5370,2.8e-05
5371,3e-06
5372,3e-06
5373,3e-06
5374,3e-06
5375,3e-06
5376,3e-06
5377,3e-06
5378,3e-06
5379,3e-06
5380,3e-06
5381,9.5e-05
5382,9.5e-05
5383,9.5e-05
5384,9.5e-05
5385,9.5e-05
5386,9.5e-05
5387,9.5e-05
5388,9.5e-05
5389,9.5e-05
5390,9.5e-05
5391,5.3e-05
5392,5.3e-05
5393,5.3e-05
5394,5.3e-05
5395,5.3e-05
5396,5.3e-05
5397,5.3e-05
5398,5.3e-05
5399,5.3e-05
5400,5.3e-05
5401,2.4e-05
5402,2.4e-05
5403,2.4e-05
5404,2.4e-05
5405,2.4e-05
5406,2.4e-05
5407,2.4e-05
5408,2.4e-05
5409,2.4e-05
5410,2.4e-05
5411,0.000297
5412,0.000297
5413,0.000297
5414,0.000297
5415,0.000297
5416,0.000297
5417,0.000297
5418,0.000297
5419,0.000297
5420,0.000297
5421,0.000457
5422,0.000457
5423,0.000457
5424,0.000457
5425,0.000457
5426,0.000457
5427,0.000457
5428,0.000457
5429,0.000457
5430,0.000457
5431,0.010919
5432,0.010919
5433,0.010919
5434,0.010919
5435,0.010919
5436,0.010919
5437,0.010919
5438,0.010919
5439,0.010919
5440,0.010919
5441,0.000183
5442,0.000183
5443,0.000183
5444,0.000183
5445,0.000183
5446,0.000183
5447,0.000183
5448,0.000183
5449,0.000183
5450,0.000183
5451,5.5e-05
5452,5.5e-05
5453,5.5e-05
5454,5.5e-05
5455,5.5e-05
5456,5.5e-05
5457,5.5e-05
5458,5.5e-05
5459,5.5e-05
5460,5.5e-05
5461,2.2e-05
5462,2.2e-05
5463,2.2e-05
5464,2.2e-05
5465,2.2e-05
5466,2.2e-05
5467,2.2e-05
5468,2.2e-05
5469,2.2e-05
5470,2.2e-05
5471,1e-06
5472,1e-06
5473,1e-06
5474,1e-06
5475,1e-06
5476,1e-06
5477,1e-06
5478,1e-06
5479,1e-06
5480,1e-06
5481,1.3e-05
5482,1.3e-05
5483,1.3e-05
5484,1.3e-05
5485,1.3e-05
5486,1.3e-05
5487,1.3e-05
5488,1.3e-05
5489,1.3e-05
5490,1.3e-05
5491,1e-06
5492,1e-06
5493,1e-06
5494,1e-06
5495,1e-06
5496,1e-06
5497,1e-06
5498,1e-06
5499,1e-06
5500,1e-06
5501,3.3e-05
5502,3.3e-05
5503,3.3e-05
5504,3.3e-05
5505,3.3e-05
5506,3.3e-05
5507,3.3e-05
5508,3.3e-05
5509,3.3e-05
5510,3.3e-05
5511,6.3e-05
5512,6.3e-05
5513,6.3e-05
5514,6.3e-05
5515,6.3e-05
5516,6.3e-05
5517,6.3e-05
5518,6.3e-05
5519,6.3e-05
5520,6.3e-05
5521,2.5e-05
5522,2.5e-05
5523,2.5e-05
5524,2.5e-05
5525,2.5e-05
5526,2.5e-05
5527,2.5e-05
5528,2.5e-05
5529,2.5e-05
5530,2.5e-05
5531,1.5e-05
5532,1.5e-05
5533,1.5e-05
5534,1.5e-05
5535,1.5e-05
5536,1.5e-05
5537,1.5e-05
5538,1.5e-05
5539,1.5e-05
5540,1.5e-05
5541,5e-06
5542,5e-06
5543,5e-06
5544,5e-06
5545,5e-06
5546,5e-06
5547,5e-06
5548,5e-06
5549,5e-06
5550,5e-06
5551,0.0
5552,0.0
5553,0.0
5554,0.0
5555,0.0
5556,0.0
5557,0.0
5558,0.0
5559,0.0
5560,0.0
5561,4e-06
5562,4e-06
5563,4e-06
5564,4e-06
5565,4e-06
5566,4e-06
5567,4e-06
5568,4e-06
5569,4e-06
5570,4e-06
5571,0.000415
5572,0.000415
5573,0.000415
5574,0.000415
5575,0.000415
5576,0.000415
5577,0.000415
5578,0.000415
5579,0.000415
5580,0.000415
5581,0.000201
5582,0.000201
5583,0.000201
5584,0.000201
5585,0.000201
5586,0.000201
5587,0.000201
5588,0.000201
5589,0.000201
5590,0.000201
5591,2.8e-05
5592,2.8e-05
5593,2.8e-05
5594,2.8e-05
5595,2.8e-05
5596,2.8e-05
5597,2.8e-05
5598,2.8e-05
5599,2.8e-05
5600,2.8e-05
5601,1.7e-05
5602,1.7e-05
5603,1.7e-05
5604,1.7e-05
5605,1.7e-05
5606,1.7e-05
5607,1.7e-05
5608,1.7e-05
5609,1.7e-05
5610,1.7e-05
5611,6e-06
5612,6e-06
5613,6e-06
5614,6e-06
5615,6e-06
5616,6e-06
5617,6e-06
5618,6e-06
5619,6e-06
5620,6e-06
5621,2e-05
5622,2e-05
5623,2e-05
5624,2e-05
5625,2e-05
5626,2e-05
5627,2e-05
5628,2e-05
5629,2e-05
5630,2e-05
5631,0.0
5632,0.0
5633,0.0
5634,0.0
5635,0.0
5636,0.0
5637,0.0
5638,0.0
5639,0.0
5640,0.0
5641,0.000615
5642,0.000615
5643,0.000615
5644,0.000615
5645,0.000615
5646,0.000615
5647,0.000615
5648,0.000615
5649,0.000615
5650,0.000615
5651,0.000221
5652,0.000221
5653,0.000221
5654,0.000221
5655,0.000221
5656,0.000221
5657,0.000221
5658,0.000221
5659,0.000221
5660,0.000221
5661,0.0
5662,0.0
5663,0.0
5664,0.0
5665,0.0
5666,0.0
5667,0.0
5668,0.0
5669,0.0
5670,0.0
5671,0.001172
5672,0.001172
5673,0.001172
5674,0.001172
5675,0.001172
5676,0.001172
5677,0.001172
5678,0.001172
5679,0.001172
5680,0.001172
5681,0.000345
5682,0.000345
5683,0.000345
5684,0.000345
5685,0.000345
5686,0.000345
5687,0.000345
5688,0.000345
5689,0.000345
5690,0.000345
5691,2e-06
5692,2e-06
5693,2e-06
5694,2e-06
5695,2e-06
5696,2e-06
5697,2e-06
5698,2e-06
5699,2e-06
5700,2e-06
5701,8.7e-05
5702,8.7e-05
5703,8.7e-05
5704,8.7e-05
5705,8.7e-05
5706,8.7e-05
5707,8.7e-05
5708,8.7e-05
5709,8.7e-05
5710,8.7e-05
5711,1.1e-05
5712,1.1e-05
5713,1.1e-05
5714,1.1e-05
5715,1.1e-05
5716,1.1e-05
5717,1.1e-05
5718,1.1e-05
5719,1.1e-05
5720,1.1e-05
5721,1.2e-05
5722,1.2e-05
5723,1.2e-05
5724,1.2e-05
5725,1.2e-05
5726,1.2e-05
5727,1.2e-05
5728,1.2e-05
5729,1.2e-05
5730,1.2e-05
5731,4e-05
5732,4e-05
5733,4e-05
5734,4e-05
5735,4e-05
5736,4e-05
5737,4e-05
5738,4e-05
5739,4e-05
5740,4e-05
5741,7.5e-05
5742,7.5e-05
5743,7.5e-05
5744,7.5e-05
5745,7.5e-05
5746,7.5e-05
5747,7.5e-05
5748,7.5e-05
5749,7.5e-05
5750,7.5e-05
5751,0.022097
5752,0.022097
5753,0.022097
5754,0.022097
5755,0.022097
5756,0.022097
5757,0.022097
5758,0.022097
5759,0.022097
5760,0.022097
5761,3e-06
5762,3e-06
5763,3e-06
5764,3e-06
5765,3e-06
5766,3e-06
5767,3e-06
5768,3e-06
5769,3e-06
5770,3e-06
5771,1e-05
5772,1e-05
5773,1e-05
5774,1e-05
5775,1e-05
5776,1e-05
5777,1e-05
5778,1e-05
5779,1e-05
5780,1e-05
5781,5.7e-05
5782,5.7e-05
5783,5.7e-05
5784,5.7e-05
5785,5.7e-05
5786,5.7e-05
5787,5.7e-05
5788,5.7e-05
5789,5.7e-05
5790,5.7e-05
5791,2.5e-05
5792,2.5e-05
5793,2.5e-05
5794,2.5e-05
5795,2.5e-05
5796,2.5e-05
5797,2.5e-05
5798,2.5e-05
5799,2.5e-05
5800,2.5e-05
5801,0.001631
5802,0.001631
5803,0.001631
5804,0.001631
5805,0.001631
5806,0.001631
5807,0.001631
5808,0.001631
5809,0.001631
5810,0.001631
5811,0.000737
5812,0.000737
5813,0.000737
5814,0.000737
5815,0.000737
5816,0.000737
5817,0.000737
5818,0.000737
5819,0.000737
5820,0.000737
5821,7.5e-05
5822,7.5e-05
5823,7.5e-05
5824,7.5e-05
5825,7.5e-05
5826,7.5e-05
5827,7.5e-05
5828,7.5e-05
5829,7.5e-05
5830,7.5e-05
5831,0.000193
5832,0.000193
5833,0.000193
5834,0.000193
5835,0.000193
5836,0.000193
5837,0.000193
5838,0.000193
5839,0.000193
5840,0.000193
5841,9.9e-05
5842,9.9e-05
5843,9.9e-05
5844,9.9e-05
5845,9.9e-05
5846,9.9e-05
5847,9.9e-05
5848,9.9e-05
5849,9.9e-05
5850,9.9e-05
5851,1e-05
5852,1e-05
5853,1e-05
5854,1e-05
5855,1e-05
5856,1e-05
5857,1e-05
5858,1e-05
5859,1e-05
5860,1e-05
5861,0.000315
5862,0.000315
5863,0.000315
5864,0.000315
5865,0.000315
5866,0.000315
5867,0.000315
5868,0.000315
5869,0.000315
5870,0.000315
5871,4.1e-05
5872,4.1e-05
5873,4.1e-05
5874,4.1e-05
5875,4.1e-05
5876,4.1e-05
5877,4.1e-05
5878,4.1e-05
5879,4.1e-05
5880,4.1e-05
5881,0.000377
5882,0.000377
5883,0.000377
5884,0.000377
5885,0.000377
5886,0.000377
5887,0.000377
5888,0.000377
5889,0.000377
5890,0.000377
5891,0.0
5892,0.0
5893,0.0
5894,0.0
5895,0.0
5896,0.0
5897,0.0
5898,0.0
5899,0.0
5900,0.0
5901,0.00016
5902,0.00016
5903,0.00016
5904,0.00016
5905,0.00016
5906,0.00016
5907,0.00016
5908,0.00016
5909,0.00016
5910,0.00016
5911,5e-06
5912,5e-06
5913,5e-06
5914,5e-06
5915,5e-06
5916,5e-06
5917,5e-06
5918,5e-06
5919,5e-06
5920,5e-06
5921,0.00011
5922,0.00011
5923,0.00011
5924,0.00011
5925,0.00011
5926,0.00011
5927,0.00011
5928,0.00011
5929,0.00011
5930,0.00011
5931,3e-06
5932,3e-06
5933,3e-06
5934,3e-06
5935,3e-06
5936,3e-06
5937,3e-06
5938,3e-06
5939,3e-06
5940,3e-06
5941,1.8e-05
5942,1.8e-05
5943,1.8e-05
5944,1.8e-05
5945,1.8e-05
5946,1.8e-05
5947,1.8e-05
5948,1.8e-05
5949,1.8e-05
5950,1.8e-05
5951,0.003829
5952,0.003829
5953,0.003829
5954,0.003829
5955,0.003829
5956,0.003829
5957,0.003829
5958,0.003829
5959,0.003829
5960,0.003829
5961,0.001702
5962,0.001702
5963,0.001702
5964,0.001702
5965,0.001702
5966,0.001702
5967,0.001702
5968,0.001702
5969,0.001702
5970,0.001702
5971,4.7e-05
5972,4.7e-05
5973,4.7e-05
5974,4.7e-05
5975,4.7e-05
5976,4.7e-05
5977,4.7e-05
5978,4.7e-05
5979,4.7e-05
5980,4.7e-05
5981,6.1e-05
5982,6.1e-05
5983,6.1e-05
5984,6.1e-05
5985,6.1e-05
5986,6.1e-05
5987,6.1e-05
5988,6.1e-05
5989,6.1e-05
5990,6.1e-05
5991,8.2e-05
5992,8.2e-05
5993,8.2e-05
5994,8.2e-05
5995,8.2e-05
5996,8.2e-05
5997,8.2e-05
5998,8.2e-05
5999,8.2e-05
6000,8.2e-05
6001,2.3e-05
6002,2.3e-05
6003,2.3e-05
6004,2.3e-05
6005,2.3e-05
6006,2.3e-05
6007,2.3e-05
6008,2.3e-05
6009,2.3e-05
6010,2.3e-05
6011,7.9e-05
6012,7.9e-05
6013,7.9e-05
6014,7.9e-05
6015,7.9e-05
6016,7.9e-05
6017,7.9e-05
6018,7.9e-05
6019,7.9e-05
6020,7.9e-05
6021,3e-06
6022,3e-06
6023,3e-06
6024,3e-06
6025,3e-06
6026,3e-06
6027,3e-06
6028,3e-06
6029,3e-06
6030,3e-06
6031,0.013706
6032,0.013706
6033,0.013706
6034,0.013706
6035,0.013706
6036,0.013706
6037,0.013706
6038,0.013706
6039,0.013706
6040,0.013706
6041,5e-06
6042,5e-06
6043,5e-06
6044,5e-06
6045,5e-06
6046,5e-06
6047,5e-06
6048,5e-06
6049,5e-06
6050,5e-06
6051,7e-06
6052,7e-06
6053,7e-06
6054,7e-06
6055,7e-06
6056,7e-06
6057,7e-06
6058,7e-06
6059,7e-06
6060,7e-06
6061,2e-06
6062,2e-06
6063,2e-06
6064,2e-06
6065,2e-06
6066,2e-06
6067,2e-06
6068,2e-06
6069,2e-06
6070,2e-06
6071,5e-06
6072,5e-06
6073,5e-06
6074,5e-06
6075,5e-06
6076,5e-06
6077,5e-06
6078,5e-06
6079,5e-06
6080,5e-06
6081,6.4e-05
6082,6.4e-05
6083,6.4e-05
6084,6.4e-05
6085,6.4e-05
6086,6.4e-05
6087,6.4e-05
6088,6.4e-05
6089,6.4e-05
6090,6.4e-05
6091,0.000126
6092,0.000126
6093,0.000126
6094,0.000126
6095,0.000126
6096,0.000126
6097,0.000126
6098,0.000126
6099,0.000126
6100,0.000126
6101,2.5e-05
6102,2.5e-05
6103,2.5e-05
6104,2.5e-05
6105,2.5e-05
6106,2.5e-05
6107,2.5e-05
6108,2.5e-05
6109,2.5e-05
6110,2.5e-05
6111,3.7e-05
6112,3.7e-05
6113,3.7e-05
6114,3.7e-05
6115,3.7e-05
6116,3.7e-05
6117,3.7e-05
6118,3.7e-05
6119,3.7e-05
6120,3.7e-05
6121,3e-05
6122,3e-05
6123,3e-05
6124,3e-05
6125,3e-05
6126,3e-05
6127,3e-05
6128,3e-05
6129,3e-05
6130,3e-05
6131,1e-05
6132,1e-05
6133,1e-05
6134,1e-05
6135,1e-05
6136,1e-05
6137,1e-05
6138,1e-05
6139,1e-05
6140,1e-05
6141,4.7e-05
6142,4.7e-05
6143,4.7e-05
6144,4.7e-05
6145,4.7e-05
6146,4.7e-05
6147,4.7e-05
6148,4.7e-05
6149,4.7e-05
6150,4.7e-05
6151,0.000142
6152,0.000142
6153,0.000142
6154,0.000142
6155,0.000142
6156,0.000142
6157,0.000142
6158,0.000142
6159,0.000142
6160,0.000142
6161,2.2e-05
6162,2.2e-05
6163,2.2e-05
6164,2.2e-05
6165,2.2e-05
6166,2.2e-05
6167,2.2e-05
6168,2.2e-05
6169,2.2e-05
6170,2.2e-05
6171,0.002705
6172,0.002705
6173,0.002705
6174,0.002705
6175,0.002705
6176,0.002705
6177,0.002705
6178,0.002705
6179,0.002705
6180,0.002705
6181,0.000115
6182,0.000115
6183,0.000115
6184,0.000115
6185,0.000115
6186,0.000115
6187,0.000115
6188,0.000115
6189,0.000115
6190,0.000115
6191,2.8e-05
6192,2.8e-05
6193,2.8e-05
6194,2.8e-05
6195,2.8e-05
6196,2.8e-05
6197,2.8e-05
6198,2.8e-05
6199,2.8e-05
6200,2.8e-05
6201,9.5e-05
6202,9.5e-05
6203,9.5e-05
6204,9.5e-05
6205,9.5e-05
6206,9.5e-05
6207,9.5e-05
6208,9.5e-05
6209,9.5e-05
6210,9.5e-05
6211,0.00017
6212,0.00017
6213,0.00017
6214,0.00017
6215,0.00017
6216,0.00017
6217,0.00017
6218,0.00017
6219,0.00017
6220,0.00017
6221,0.00018
6222,0.00018
6223,0.00018
6224,0.00018
6225,0.00018
6226,0.00018
6227,0.00018
6228,0.00018
6229,0.00018
6230,0.00018
6231,0.001326
6232,0.001326
6233,0.001326
6234,0.001326
6235,0.001326
6236,0.001326
6237,0.001326
6238,0.001326
6239,0.001326
6240,0.001326
6241,0.000637
6242,0.000637
6243,0.000637
6244,0.000637
6245,0.000637
6246,0.000637
6247,0.000637
6248,0.000637
6249,0.000637
6250,0.000637
6251,0.038695
6252,0.038695
6253,0.038695
6254,0.038695
6255,0.038695
6256,0.038695
6257,0.038695
6258,0.038695
6259,0.038695
6260,0.038695
6261,3.4e-05
6262,3.4e-05
6263,3.4e-05
6264,3.4e-05
6265,3.4e-05
6266,3.4e-05
6267,3.4e-05
6268,3.4e-05
6269,3.4e-05
6270,3.4e-05
6271,1e-06
6272,1e-06
6273,1e-06
6274,1e-06
6275,1e-06
6276,1e-06
6277,1e-06
6278,1e-06
6279,1e-06
6280,1e-06
6281,0.000101
6282,0.000101
6283,0.000101
6284,0.000101
6285,0.000101
6286,0.000101
6287,0.000101
6288,0.000101
6289,0.000101
6290,0.000101
6291,0.00071
6292,0.00071
6293,0.00071
6294,0.00071
6295,0.00071
6296,0.00071
6297,0.00071
6298,0.00071
6299,0.00071
6300,0.00071
6301,3.4e-05
6302,3.4e-05
6303,3.4e-05
6304,3.4e-05
6305,3.4e-05
6306,3.4e-05
6307,3.4e-05
6308,3.4e-05
6309,3.4e-05
6310,3.4e-05
6311,0.008851
6312,0.008851
6313,0.008851
6314,0.008851
6315,0.008851
6316,0.008851
6317,0.008851
6318,0.008851
6319,0.008851
6320,0.008851
6321,0.000384
6322,0.000384
6323,0.000384
6324,0.000384
6325,0.000384
6326,0.000384
6327,0.000384
6328,0.000384
6329,0.000384
6330,0.000384
6331,0.001224
6332,0.001224
6333,0.001224
6334,0.001224
6335,0.001224
6336,0.001224
6337,0.001224
6338,0.001224
6339,0.001224
6340,0.001224
6341,1e-05
6342,1e-05
6343,1e-05
6344,1e-05
6345,1e-05
6346,1e-05
6347,1e-05
6348,1e-05
6349,1e-05
6350,1e-05
6351,0.000179
6352,0.000179
6353,0.000179
6354,0.000179
6355,0.000179
6356,0.000179
6357,0.000179
6358,0.000179
6359,0.000179
6360,0.000179
6361,0.000162
6362,0.000162
6363,0.000162
6364,0.000162
6365,0.000162
6366,0.000162
6367,0.000162
6368,0.000162
6369,0.000162
6370,0.000162
6371,2e-05
6372,2e-05
6373,2e-05
6374,2e-05
6375,2e-05
6376,2e-05
6377,2e-05
6378,2e-05
6379,2e-05
6380,2e-05
6381,2e-05
6382,2e-05
6383,2e-05
6384,2e-05
6385,2e-05
6386,2e-05
6387,2e-05
6388,2e-05
6389,2e-05
6390,2e-05
6391,1.3e-05
6392,1.3e-05
6393,1.3e-05
6394,1.3e-05
6395,1.3e-05
6396,1.3e-05
6397,1.3e-05
6398,1.3e-05
6399,1.3e-05
6400,1.3e-05
6401,0.000744
6402,0.000744
6403,0.000744
6404,0.000744
6405,0.000744
6406,0.000744
6407,0.000744
6408,0.000744
6409,0.000744
6410,0.000744
6411,0.0143
6412,0.0143
6413,0.0143
6414,0.0143
6415,0.0143
6416,0.0143
6417,0.0143
6418,0.0143
6419,0.0143
6420,0.0143
6421,0.000664
6422,0.000664
6423,0.000664
6424,0.000664
6425,0.000664
6426,0.000664
6427,0.000664
6428,0.000664
6429,0.000664
6430,0.000664
6431,2.8e-05
6432,2.8e-05
6433,2.8e-05
6434,2.8e-05
6435,2.8e-05
6436,2.8e-05
6437,2.8e-05
6438,2.8e-05
6439,2.8e-05
6440,2.8e-05
6441,0.000404
6442,0.000404
6443,0.000404
6444,0.000404
6445,0.000404
6446,0.000404
6447,0.000404
6448,0.000404
6449,0.000404
6450,0.000404
6451,4.5e-05
6452,4.5e-05
6453,4.5e-05
6454,4.5e-05
6455,4.5e-05
6456,4.5e-05
6457,4.5e-05
6458,4.5e-05
6459,4.5e-05
6460,4.5e-05
6461,0.000143
6462,0.000143
6463,0.000143
6464,0.000143
6465,0.000143
6466,0.000143
6467,0.000143
6468,0.000143
6469,0.000143
6470,0.000143
6471,8e-06
6472,8e-06
6473,8e-06
6474,8e-06
6475,8e-06
6476,8e-06
6477,8e-06
6478,8e-06
6479,8e-06
6480,8e-06
6481,2.4e-05
6482,2.4e-05
6483,2.4e-05
6484,2.4e-05
6485,2.4e-05
6486,2.4e-05
6487,2.4e-05
6488,2.4e-05
6489,2.4e-05
6490,2.4e-05
6491,7e-06
6492,7e-06
6493,7e-06
6494,7e-06
6495,7e-06
6496,7e-06
6497,7e-06
6498,7e-06
6499,7e-06
6500,7e-06
6501,2e-06
6502,2e-06
6503,2e-06
6504,2e-06
6505,2e-06
6506,2e-06
6507,2e-06
6508,2e-06
6509,2e-06
6510,2e-06
6511,3.3e-05
6512,3.3e-05
6513,3.3e-05
6514,3.3e-05
6515,3.3e-05
6516,3.3e-05
6517,3.3e-05
6518,3.3e-05
6519,3.3e-05
6520,3.3e-05
6521,0.009506
6522,0.009506
6523,0.009506
6524,0.009506
6525,0.009506
6526,0.009506
6527,0.009506
6528,0.009506
6529,0.009506
6530,0.009506
6531,0.0
6532,0.0
6533,0.0
6534,0.0
6535,0.0
6536,0.0
6537,0.0
6538,0.0
6539,0.0
6540,0.0
6541,2e-05
6542,2e-05
6543,2e-05
6544,2e-05
6545,2e-05
6546,2e-05
6547,2e-05
6548,2e-05
6549,2e-05
6550,2e-05
6551,0.000471
6552,0.000471
6553,0.000471
6554,0.000471
6555,0.000471
6556,0.000471
6557,0.000471
6558,0.000471
6559,0.000471
6560,0.000471
6561,0.00414
6562,0.00414
6563,0.00414
6564,0.00414
6565,0.00414
6566,0.00414
6567,0.00414
6568,0.00414
6569,0.00414
6570,0.00414
6571,2e-05
6572,2e-05
6573,2e-05
6574,2e-05
6575,2e-05
6576,2e-05
6577,2e-05
6578,2e-05
6579,2e-05
6580,2e-05
6581,0.075239
6582,0.075239
6583,0.075239
6584,0.075239
6585,0.075239
6586,0.075239
6587,0.075239
6588,0.075239
6589,0.075239
6590,0.075239
6591,1.2e-05
6592,1.2e-05
6593,1.2e-05
6594,1.2e-05
6595,1.2e-05
6596,1.2e-05
6597,1.2e-05
6598,1.2e-05
6599,1.2e-05
6600,1.2e-05
6601,1e-06
6602,1e-06
6603,1e-06
6604,1e-06
6605,1e-06
6606,1e-06
6607,1e-06
6608,1e-06
6609,1e-06
6610,1e-06
6611,1e-06
6612,1e-06
6613,1e-06
6614,1e-06
6615,1e-06
6616,1e-06
6617,1e-06
6618,1e-06
6619,1e-06
6620,1e-06
6621,0.000132
6622,0.000132
6623,0.000132
6624,0.000132
6625,0.000132
6626,0.000132
6627,0.000132
6628,0.000132
6629,0.000132
6630,0.000132
6631,1.2e-05
6632,1.2e-05
6633,1.2e-05
6634,1.2e-05
6635,1.2e-05
6636,1.2e-05
6637,1.2e-05
6638,1.2e-05
6639,1.2e-05
6640,1.2e-05
6641,0.000811
6642,0.000811
6643,0.000811
6644,0.000811
6645,0.000811
6646,0.000811
6647,0.000811
6648,0.000811
6649,0.000811
6650,0.000811
6651,6e-06
6652,6e-06
6653,6e-06
6654,6e-06
6655,6e-06
6656,6e-06
6657,6e-06
6658,6e-06
6659,6e-06
6660,6e-06
6661,2e-05
6662,2e-05
6663,2e-05
6664,2e-05
6665,2e-05
6666,2e-05
6667,2e-05
6668,2e-05
6669,2e-05
6670,2e-05
6671,0.000114
6672,0.000114
6673,0.000114
6674,0.000114
6675,0.000114
6676,0.000114
6677,0.000114
6678,0.000114
6679,0.000114
6680,0.000114
6681,0.003673
6682,0.003673
6683,0.003673
6684,0.003673
6685,0.003673
6686,0.003673
6687,0.003673
6688,0.003673
6689,0.003673
6690,0.003673
6691,2.1e-05
6692,2.1e-05
6693,2.1e-05
6694,2.1e-05
6695,2.1e-05
6696,2.1e-05
6697,2.1e-05
6698,2.1e-05
6699,2.1e-05
6700,2.1e-05
6701,1.9e-05
6702,1.9e-05
6703,1.9e-05
6704,1.9e-05
6705,1.9e-05
6706,1.9e-05
6707,1.9e-05
6708,1.9e-05
6709,1.9e-05
6710,1.9e-05
6711,0.002093
6712,0.002093
6713,0.002093
6714,0.002093
6715,0.002093
6716,0.002093
6717,0.002093
6718,0.002093
6719,0.002093
6720,0.002093
6721,3e-05
6722,3e-05
6723,3e-05
6724,3e-05
6725,3e-05
6726,3e-05
6727,3e-05
6728,3e-05
6729,3e-05
6730,3e-05
6731,1e-06
6732,1e-06
6733,1e-06
6734,1e-06
6735,1e-06
6736,1e-06
6737,1e-06
6738,1e-06
6739,1e-06
6740,1e-06
6741,5.5e-05
6742,5.5e-05
6743,5.5e-05
6744,5.5e-05
6745,5.5e-05
6746,5.5e-05
6747,5.5e-05
6748,5.5e-05
6749,5.5e-05
6750,5.5e-05
6751,8.7e-05
6752,8.7e-05
6753,8.7e-05
6754,8.7e-05
6755,8.7e-05
6756,8.7e-05
6757,8.7e-05
6758,8.7e-05
6759,8.7e-05
6760,8.7e-05
6761,1.5e-05
6762,1.5e-05
6763,1.5e-05
6764,1.5e-05
6765,1.5e-05
6766,1.5e-05
6767,1.5e-05
6768,1.5e-05
6769,1.5e-05
6770,1.5e-05
6771,0.000104
6772,0.000104
6773,0.000104
6774,0.000104
6775,0.000104
6776,0.000104
6777,0.000104
6778,0.000104
6779,0.000104
6780,0.000104
6781,8.6e-05
6782,8.6e-05
6783,8.6e-05
6784,8.6e-05
6785,8.6e-05
6786,8.6e-05
6787,8.6e-05
6788,8.6e-05
6789,8.6e-05
6790,8.6e-05
6791,0.000128
6792,0.000128
6793,0.000128
6794,0.000128
6795,0.000128
6796,0.000128
6797,0.000128
6798,0.000128
6799,0.000128
6800,0.000128
6801,1e-06
6802,1e-06
6803,1e-06
6804,1e-06
6805,1e-06
6806,1e-06
6807,1e-06
6808,1e-06
6809,1e-06
6810,1e-06
6811,7.6e-05
6812,7.6e-05
6813,7.6e-05
6814,7.6e-05
6815,7.6e-05
6816,7.6e-05
6817,7.6e-05
6818,7.6e-05
6819,7.6e-05
6820,7.6e-05
6821,0.002077
6822,0.002077
6823,0.002077
6824,0.002077
6825,0.002077
6826,0.002077
6827,0.002077
6828,0.002077
6829,0.002077
6830,0.002077
6831,3.1e-05
6832,3.1e-05
6833,3.1e-05
6834,3.1e-05
6835,3.1e-05
6836,3.1e-05
6837,3.1e-05
6838,3.1e-05
6839,3.1e-05
6840,3.1e-05
6841,0.000124
6842,0.000124
6843,0.000124
6844,0.000124
6845,0.000124
6846,0.000124
6847,0.000124
6848,0.000124
6849,0.000124
6850,0.000124
6851,4.7e-05
6852,4.7e-05
6853,4.7e-05
6854,4.7e-05
6855,4.7e-05
6856,4.7e-05
6857,4.7e-05
6858,4.7e-05
6859,4.7e-05
6860,4.7e-05
6861,3e-06
6862,3e-06
6863,3e-06
6864,3e-06
6865,3e-06
6866,3e-06
6867,3e-06
6868,3e-06
6869,3e-06
6870,3e-06
6871,9.7e-05
6872,9.7e-05
6873,9.7e-05
6874,9.7e-05
6875,9.7e-05
6876,9.7e-05
6877,9.7e-05
6878,9.7e-05
6879,9.7e-05
6880,9.7e-05
6881,1e-06
6882,1e-06
6883,1e-06
6884,1e-06
6885,1e-06
6886,1e-06
6887,1e-06
6888,1e-06
6889,1e-06
6890,1e-06
6891,3e-06
6892,3e-06
6893,3e-06
6894,3e-06
6895,3e-06
6896,3e-06
6897,3e-06
6898,3e-06
6899,3e-06
6900,3e-06
6901,8.1e-05
6902,8.1e-05
6903,8.1e-05
6904,8.1e-05
6905,8.1e-05
6906,8.1e-05
6907,8.1e-05
6908,8.1e-05
6909,8.1e-05
6910,8.1e-05
6911,4.1e-05
6912,4.1e-05
6913,4.1e-05
6914,4.1e-05
6915,4.1e-05
6916,4.1e-05
6917,4.1e-05
6918,4.1e-05
6919,4.1e-05
6920,4.1e-05
6921,7e-06
6922,7e-06
6923,7e-06
6924,7e-06
6925,7e-06
6926,7e-06
6927,7e-06
6928,7e-06
6929,7e-06
6930,7e-06
6931,2e-06
6932,2e-06
6933,2e-06
6934,2e-06
6935,2e-06
6936,2e-06
6937,2e-06
6938,2e-06
6939,2e-06
6940,2e-06
6941,0.000199
6942,0.000199
6943,0.000199
6944,0.000199
6945,0.000199
6946,0.000199
6947,0.000199
6948,0.000199
6949,0.000199
6950,0.000199
6951,0.000302
6952,0.000302
6953,0.000302
6954,0.000302
6955,0.000302
6956,0.000302
6957,0.000302
6958,0.000302
6959,0.000302
6960,0.000302
6961,4e-06
6962,4e-06
6963,4e-06
6964,4e-06
6965,4e-06
6966,4e-06
6967,4e-06
6968,4e-06
6969,4e-06
6970,4e-06
6971,1.6e-05
6972,1.6e-05
6973,1.6e-05
6974,1.6e-05
6975,1.6e-05
6976,1.6e-05
6977,1.6e-05
6978,1.6e-05
6979,1.6e-05
6980,1.6e-05
6981,3e-06
6982,3e-06
6983,3e-06
6984,3e-06
6985,3e-06
6986,3e-06
6987,3e-06
6988,3e-06
6989,3e-06
6990,3e-06
6991,1e-05
6992,1e-05
6993,1e-05
6994,1e-05
6995,1e-05
6996,1e-05
6997,1e-05
6998,1e-05
6999,1e-05
7000,1e-05
7001,0.006253
7002,0.006253
7003,0.006253
7004,0.006253
7005,0.006253
7006,0.006253
7007,0.006253
7008,0.006253
7009,0.006253
7010,0.006253
7011,1.7e-05
7012,1.7e-05
7013,1.7e-05
7014,1.7e-05
7015,1.7e-05
7016,1.7e-05
7017,1.7e-05
7018,1.7e-05
7019,1.7e-05
7020,1.7e-05
7021,3.2e-05
7022,3.2e-05
7023,3.2e-05
7024,3.2e-05
7025,3.2e-05
7026,3.2e-05
7027,3.2e-05
7028,3.2e-05
7029,3.2e-05
7030,3.2e-05
7031,7e-05
7032,7e-05
7033,7e-05
7034,7e-05
7035,7e-05
7036,7e-05
7037,7e-05
7038,7e-05
7039,7e-05
7040,7e-05
7041,1.8e-05
7042,1.8e-05
7043,1.8e-05
7044,1.8e-05
7045,1.8e-05
7046,1.8e-05
7047,1.8e-05
7048,1.8e-05
7049,1.8e-05
7050,1.8e-05
7051,1.1e-05
7052,1.1e-05
7053,1.1e-05
7054,1.1e-05
7055,1.1e-05
7056,1.1e-05
7057,1.1e-05
7058,1.1e-05
7059,1.1e-05
7060,1.1e-05
7061,0.017275
7062,0.017275
7063,0.017275
7064,0.017275
7065,0.017275
7066,0.017275
7067,0.017275
7068,0.017275
7069,0.017275
7070,0.017275
7071,2.7e-05
7072,2.7e-05
7073,2.7e-05
7074,2.7e-05
7075,2.7e-05
7076,2.7e-05
7077,2.7e-05
7078,2.7e-05
7079,2.7e-05
7080,2.7e-05
7081,7.2e-05
7082,7.2e-05
7083,7.2e-05
7084,7.2e-05
7085,7.2e-05
7086,7.2e-05
7087,7.2e-05
7088,7.2e-05
7089,7.2e-05
7090,7.2e-05
7091,4.5e-05
7092,4.5e-05
7093,4.5e-05
7094,4.5e-05
7095,4.5e-05
7096,4.5e-05
7097,4.5e-05
7098,4.5e-05
7099,4.5e-05
7100,4.5e-05
7101,6.3e-05
7102,6.3e-05
7103,6.3e-05
7104,6.3e-05
7105,6.3e-05
7106,6.3e-05
7107,6.3e-05
7108,6.3e-05
7109,6.3e-05
7110,6.3e-05
7111,0.005017
7112,0.005017
7113,0.005017
7114,0.005017
7115,0.005017
7116,0.005017
7117,0.005017
7118,0.005017
7119,0.005017
7120,0.005017
7121,0.089002
7122,0.089002
7123,0.089002
7124,0.089002
7125,0.089002
7126,0.089002
7127,0.089002
7128,0.089002
7129,0.089002
7130,0.089002
7131,3e-05
7132,3e-05
7133,3e-05
7134,3e-05
7135,3e-05
7136,3e-05
7137,3e-05
7138,3e-05
7139,3e-05
7140,3e-05
7141,0.000694
7142,0.000694
7143,0.000694
7144,0.000694
7145,0.000694
7146,0.000694
7147,0.000694
7148,0.000694
7149,0.000694
7150,0.000694
7151,0.007035
7152,0.007035
7153,0.007035
7154,0.007035
7155,0.007035
7156,0.007035
7157,0.007035
7158,0.007035
7159,0.007035
7160,0.007035
7161,2.8e-05
7162,2.8e-05
7163,2.8e-05
7164,2.8e-05
7165,2.8e-05
7166,2.8e-05
7167,2.8e-05
7168,2.8e-05
7169,2.8e-05
7170,2.8e-05
7171,5.2e-05
7172,5.2e-05
7173,5.2e-05
7174,5.2e-05
7175,5.2e-05
7176,5.2e-05
7177,5.2e-05
7178,5.2e-05
7179,5.2e-05
7180,5.2e-05
7181,2.2e-05
7182,2.2e-05
7183,2.2e-05
7184,2.2e-05
7185,2.2e-05
7186,2.2e-05
7187,2.2e-05
7188,2.2e-05
7189,2.2e-05
7190,2.2e-05
7191,0.003583
7192,0.003583
7193,0.003583
7194,0.003583
7195,0.003583
7196,0.003583
7197,0.003583
7198,0.003583
7199,0.003583
7200,0.003583
7201,5e-06
7202,5e-06
7203,5e-06
7204,5e-06
7205,5e-06
7206,5e-06
7207,5e-06
7208,5e-06
7209,5e-06
7210,5e-06
7211,3e-06
7212,3e-06
7213,3e-06
7214,3e-06
7215,3e-06
7216,3e-06
7217,3e-06
7218,3e-06
7219,3e-06
7220,3e-06
7221,0.000124
7222,0.000124
7223,0.000124
7224,0.000124
7225,0.000124
7226,0.000124
7227,0.000124
7228,0.000124
7229,0.000124
7230,0.000124
7231,0.000209
7232,0.000209
7233,0.000209
7234,0.000209
7235,0.000209
7236,0.000209
7237,0.000209
7238,0.000209
7239,0.000209
7240,0.000209
7241,0.010844
7242,0.010844
7243,0.010844
7244,0.010844
7245,0.010844
7246,0.010844
7247,0.010844
7248,0.010844
7249,0.010844
7250,0.010844
7251,0.001508
7252,0.001508
7253,0.001508
7254,0.001508
7255,0.001508
7256,0.001508
7257,0.001508
7258,0.001508
7259,0.001508
7260,0.001508
7261,0.00018
7262,0.00018
7263,0.00018
7264,0.00018
7265,0.00018
7266,0.00018
7267,0.00018
7268,0.00018
7269,0.00018
7270,0.00018
7271,1.9e-05
7272,1.9e-05
7273,1.9e-05
7274,1.9e-05
7275,1.9e-05
7276,1.9e-05
7277,1.9e-05
7278,1.9e-05
7279,1.9e-05
7280,1.9e-05
7281,8e-06
7282,8e-06
7283,8e-06
7284,8e-06
7285,8e-06
7286,8e-06
7287,8e-06
7288,8e-06
7289,8e-06
7290,8e-06
7291,6e-06
7292,6e-06
7293,6e-06
7294,6e-06
7295,6e-06
7296,6e-06
7297,6e-06
7298,6e-06
7299,6e-06
7300,6e-06
7301,7e-06
7302,7e-06
7303,7e-06
7304,7e-06
7305,7e-06
7306,7e-06
7307,7e-06
7308,7e-06
7309,7e-06
7310,7e-06
7311,0.000147
7312,0.000147
7313,0.000147
7314,0.000147
7315,0.000147
7316,0.000147
7317,0.000147
7318,0.000147
7319,0.000147
7320,0.000147
7321,1e-05
7322,1e-05
7323,1e-05
7324,1e-05
7325,1e-05
7326,1e-05
7327,1e-05
7328,1e-05
7329,1e-05
7330,1e-05
7331,0.000202
7332,0.000202
7333,0.000202
7334,0.000202
7335,0.000202
7336,0.000202
7337,0.000202
7338,0.000202
7339,0.000202
7340,0.000202
7341,2.2e-05
7342,2.2e-05
7343,2.2e-05
7344,2.2e-05
7345,2.2e-05
7346,2.2e-05
7347,2.2e-05
7348,2.2e-05
7349,2.2e-05
7350,2.2e-05
7351,7.3e-05
7352,7.3e-05
7353,7.3e-05
7354,7.3e-05
7355,7.3e-05
7356,7.3e-05
7357,7.3e-05
7358,7.3e-05
7359,7.3e-05
7360,7.3e-05
7361,4e-06
7362,4e-06
7363,4e-06
7364,4e-06
7365,4e-06
7366,4e-06
7367,4e-06
7368,4e-06
7369,4e-06
7370,4e-06
7371,3e-06
7372,3e-06
7373,3e-06
7374,3e-06
7375,3e-06
7376,3e-06
7377,3e-06
7378,3e-06
7379,3e-06
7380,3e-06
7381,1.9e-05
7382,1.9e-05
7383,1.9e-05
7384,1.9e-05
7385,1.9e-05
7386,1.9e-05
7387,1.9e-05
7388,1.9e-05
7389,1.9e-05
7390,1.9e-05
7391,0.007486
7392,0.007486
7393,0.007486
7394,0.007486
7395,0.007486
7396,0.007486
7397,0.007486
7398,0.007486
7399,0.007486
7400,0.007486
7401,6e-06
7402,6e-06
7403,6e-06
7404,6e-06
7405,6e-06
7406,6e-06
7407,6e-06
7408,6e-06
7409,6e-06
7410,6e-06
7411,7e-06
7412,7e-06
7413,7e-06
7414,7e-06
7415,7e-06
7416,7e-06
7417,7e-06
7418,7e-06
7419,7e-06
7420,7e-06
7421,0.001193
7422,0.001193
7423,0.001193
7424,0.001193
7425,0.001193
7426,0.001193
7427,0.001193
7428,0.001193
7429,0.001193
7430,0.001193
7431,2e-06
7432,2e-06
7433,2e-06
7434,2e-06
7435,2e-06
7436,2e-06
7437,2e-06
7438,2e-06
7439,2e-06
7440,2e-06
7441,0.000245
7442,0.000245
7443,0.000245
7444,0.000245
7445,0.000245
7446,0.000245
7447,0.000245
7448,0.000245
7449,0.000245
7450,0.000245
7451,0.000165
7452,0.000165
7453,0.000165
7454,0.000165
7455,0.000165
7456,0.000165
7457,0.000165
7458,0.000165
7459,0.000165
7460,0.000165
7461,4e-06
7462,4e-06
7463,4e-06
7464,4e-06
7465,4e-06
7466,4e-06
7467,4e-06
7468,4e-06
7469,4e-06
7470,4e-06
7471,2e-06
7472,2e-06
7473,2e-06
7474,2e-06
7475,2e-06
7476,2e-06
7477,2e-06
7478,2e-06
7479,2e-06
7480,2e-06
7481,0.001816
7482,0.001816
7483,0.001816
7484,0.001816
7485,0.001816
7486,0.001816
7487,0.001816
7488,0.001816
7489,0.001816
7490,0.001816
7491,1.1e-05
7492,1.1e-05
7493,1.1e-05
7494,1.1e-05
7495,1.1e-05
7496,1.1e-05
7497,1.1e-05
7498,1.1e-05
7499,1.1e-05
7500,1.1e-05
7501,0.0
7502,0.0
7503,0.0
7504,0.0
7505,0.0
7506,0.0
7507,0.0
7508,0.0
7509,0.0
7510,0.0
7511,0.000183
7512,0.000183
7513,0.000183
7514,0.000183
7515,0.000183
7516,0.000183
7517,0.000183
7518,0.000183
7519,0.000183
7520,0.000183
7521,0.001355
7522,0.001355
7523,0.001355
7524,0.001355
7525,0.001355
7526,0.001355
7527,0.001355
7528,0.001355
7529,0.001355
7530,0.001355
7531,0.0
7532,0.0
7533,0.0
7534,0.0
7535,0.0
7536,0.0
7537,0.0
7538,0.0
7539,0.0
7540,0.0
7541,9.3e-05
7542,9.3e-05
7543,9.3e-05
7544,9.3e-05
7545,9.3e-05
7546,9.3e-05
7547,9.3e-05
7548,9.3e-05
7549,9.3e-05
7550,9.3e-05
7551,1.8e-05
7552,1.8e-05
7553,1.8e-05
7554,1.8e-05
7555,1.8e-05
7556,1.8e-05
7557,1.8e-05
7558,1.8e-05
7559,1.8e-05
7560,1.8e-05
7561,1e-05
7562,1e-05
7563,1e-05
7564,1e-05
7565,1e-05
7566,1e-05
7567,1e-05
7568,1e-05
7569,1e-05
7570,1e-05
7571,3.1e-05
7572,3.1e-05
7573,3.1e-05
7574,3.1e-05
7575,3.1e-05
7576,3.1e-05
7577,3.1e-05
7578,3.1e-05
7579,3.1e-05
7580,3.1e-05
7581,0.000137
7582,0.000137
7583,0.000137
7584,0.000137
7585,0.000137
7586,0.000137
7587,0.000137
7588,0.000137
7589,0.000137
7590,0.000137
7591,5.8e-05
7592,5.8e-05
7593,5.8e-05
7594,5.8e-05
7595,5.8e-05
7596,5.8e-05
7597,5.8e-05
7598,5.8e-05
7599,5.8e-05
7600,5.8e-05
7601,0.000642
7602,0.000642
7603,0.000642
7604,0.000642
7605,0.000642
7606,0.000642
7607,0.000642
7608,0.000642
7609,0.000642
7610,0.000642
7611,0.000388
7612,0.000388
7613,0.000388
7614,0.000388
7615,0.000388
7616,0.000388
7617,0.000388
7618,0.000388
7619,0.000388
7620,0.000388
7621,3e-06
7622,3e-06
7623,3e-06
7624,3e-06
7625,3e-06
7626,3e-06
7627,3e-06
7628,3e-06
7629,3e-06
7630,3e-06
7631,5.2e-05
7632,5.2e-05
7633,5.2e-05
7634,5.2e-05
7635,5.2e-05
7636,5.2e-05
7637,5.2e-05
7638,5.2e-05
7639,5.2e-05
7640,5.2e-05
7641,1.9e-05
7642,1.9e-05
7643,1.9e-05
7644,1.9e-05
7645,1.9e-05
7646,1.9e-05
7647,1.9e-05
7648,1.9e-05
7649,1.9e-05
7650,1.9e-05
7651,0.002177
7652,0.002177
7653,0.002177
7654,0.002177
7655,0.002177
7656,0.002177
7657,0.002177
7658,0.002177
7659,0.002177
7660,0.002177
7661,0.000366
7662,0.000366
7663,0.000366
7664,0.000366
7665,0.000366
7666,0.000366
7667,0.000366
7668,0.000366
7669,0.000366
7670,0.000366
7671,9.9e-05
7672,9.9e-05
7673,9.9e-05
7674,9.9e-05
7675,9.9e-05
7676,9.9e-05
7677,9.9e-05
7678,9.9e-05
7679,9.9e-05
7680,9.9e-05
7681,4.8e-05
7682,4.8e-05
7683,4.8e-05
7684,4.8e-05
7685,4.8e-05
7686,4.8e-05
7687,4.8e-05
7688,4.8e-05
7689,4.8e-05
7690,4.8e-05
7691,0.199218
7692,0.199218
7693,0.199218
7694,0.199218
7695,0.199218
7696,0.199218
7697,0.199218
7698,0.199218
7699,0.199218
7700,0.199218
7701,0.002552
7702,0.002552
7703,0.002552
7704,0.002552
7705,0.002552
7706,0.002552
7707,0.002552
7708,0.002552
7709,0.002552
7710,0.002552
7711,4e-05
7712,4e-05
7713,4e-05
7714,4e-05
7715,4e-05
7716,4e-05
7717,4e-05
7718,4e-05
7719,4e-05
7720,4e-05
7721,6.7e-05
7722,6.7e-05
7723,6.7e-05
7724,6.7e-05
7725,6.7e-05
7726,6.7e-05
7727,6.7e-05
7728,6.7e-05
7729,6.7e-05
7730,6.7e-05
7731,5e-06
7732,5e-06
7733,5e-06
7734,5e-06
7735,5e-06
7736,5e-06
7737,5e-06
7738,5e-06
7739,5e-06
7740,5e-06
7741,2.5e-05
7742,2.5e-05
7743,2.5e-05
7744,2.5e-05
7745,2.5e-05
7746,2.5e-05
7747,2.5e-05
7748,2.5e-05
7749,2.5e-05
7750,2.5e-05
7751,0.000105
7752,0.000105
7753,0.000105
7754,0.000105
7755,0.000105
7756,0.000105
7757,0.000105
7758,0.000105
7759,0.000105
7760,0.000105
7761,0.000917
7762,0.000917
7763,0.000917
7764,0.000917
7765,0.000917
7766,0.000917
7767,0.000917
7768,0.000917
7769,0.000917
7770,0.000917
7771,6e-06
7772,6e-06
7773,6e-06
7774,6e-06
7775,6e-06
7776,6e-06
7777,6e-06
7778,6e-06
7779,6e-06
7780,6e-06
7781,0.004029
7782,0.004029
7783,0.004029
7784,0.004029
7785,0.004029
7786,0.004029
7787,0.004029
7788,0.004029
7789,0.004029
7790,0.004029
7791,0.00027
7792,0.00027
7793,0.00027
7794,0.00027
7795,0.00027
7796,0.00027
7797,0.00027
7798,0.00027
7799,0.00027
7800,0.00027
7801,1e-06
7802,1e-06
7803,1e-06
7804,1e-06
7805,1e-06
7806,1e-06
7807,1e-06
7808,1e-06
7809,1e-06
7810,1e-06
7811,0.000166
7812,0.000166
7813,0.000166
7814,0.000166
7815,0.000166
7816,0.000166
7817,0.000166
7818,0.000166
7819,0.000166
7820,0.000166
7821,7e-06
7822,7e-06
7823,7e-06
7824,7e-06
7825,7e-06
7826,7e-06
7827,7e-06
7828,7e-06
7829,7e-06
7830,7e-06
7831,0.001296
7832,0.001296
7833,0.001296
7834,0.001296
7835,0.001296
7836,0.001296
7837,0.001296
7838,0.001296
7839,0.001296
7840,0.001296
7841,1.9e-05
7842,1.9e-05
7843,1.9e-05
7844,1.9e-05
7845,1.9e-05
7846,1.9e-05
7847,1.9e-05
7848,1.9e-05
7849,1.9e-05
7850,1.9e-05
7851,0.001967
7852,0.001967
7853,0.001967
7854,0.001967
7855,0.001967
7856,0.001967
7857,0.001967
7858,0.001967
7859,0.001967
7860,0.001967
7861,4e-06
7862,4e-06
7863,4e-06
7864,4e-06
7865,4e-06
7866,4e-06
7867,4e-06
7868,4e-06
7869,4e-06
7870,4e-06
7871,0.001447
7872,0.001447
7873,0.001447
7874,0.001447
7875,0.001447
7876,0.001447
7877,0.001447
7878,0.001447
7879,0.001447
7880,0.001447
7881,0.000349
7882,0.000349
7883,0.000349
7884,0.000349
7885,0.000349
7886,0.000349
7887,0.000349
7888,0.000349
7889,0.000349
7890,0.000349
7891,1e-06
7892,1e-06
7893,1e-06
7894,1e-06
7895,1e-06
7896,1e-06
7897,1e-06
7898,1e-06
7899,1e-06
7900,1e-06
7901,6.9e-05
7902,6.9e-05
7903,6.9e-05
7904,6.9e-05
7905,6.9e-05
7906,6.9e-05
7907,6.9e-05
7908,6.9e-05
7909,6.9e-05
7910,6.9e-05
7911,5e-06
7912,5e-06
7913,5e-06
7914,5e-06
7915,5e-06
7916,5e-06
7917,5e-06
7918,5e-06
7919,5e-06
7920,5e-06
7921,1e-06
7922,1e-06
7923,1e-06
7924,1e-06
7925,1e-06
7926,1e-06
7927,1e-06
7928,1e-06
7929,1e-06
7930,1e-06
7931,5.4e-05
7932,5.4e-05
7933,5.4e-05
7934,5.4e-05
7935,5.4e-05
7936,5.4e-05
7937,5.4e-05
7938,5.4e-05
7939,5.4e-05
7940,5.4e-05
7941,9.9e-05
7942,9.9e-05
7943,9.9e-05
7944,9.9e-05
7945,9.9e-05
7946,9.9e-05
7947,9.9e-05
7948,9.9e-05
7949,9.9e-05
7950,9.9e-05
7951,0.004067
7952,0.004067
7953,0.004067
7954,0.004067
7955,0.004067
7956,0.004067
7957,0.004067
7958,0.004067
7959,0.004067
7960,0.004067
7961,0.000327
7962,0.000327
7963,0.000327
7964,0.000327
7965,0.000327
7966,0.000327
7967,0.000327
7968,0.000327
7969,0.000327
7970,0.000327
7971,5e-06
7972,5e-06
7973,5e-06
7974,5e-06
7975,5e-06
7976,5e-06
7977,5e-06
7978,5e-06
7979,5e-06
7980,5e-06
7981,1.9e-05
7982,1.9e-05
7983,1.9e-05
7984,1.9e-05
7985,1.9e-05
7986,1.9e-05
7987,1.9e-05
7988,1.9e-05
7989,1.9e-05
7990,1.9e-05
7991,6.9e-05
7992,6.9e-05
7993,6.9e-05
7994,6.9e-05
7995,6.9e-05
7996,6.9e-05
7997,6.9e-05
7998,6.9e-05
7999,6.9e-05
8000,6.9e-05
8001,0.000455
8002,0.000455
8003,0.000455
8004,0.000455
8005,0.000455
8006,0.000455
8007,0.000455
8008,0.000455
8009,0.000455
8010,0.000455
8011,1.4e-05
8012,1.4e-05
8013,1.4e-05
8014,1.4e-05
8015,1.4e-05
8016,1.4e-05
8017,1.4e-05
8018,1.4e-05
8019,1.4e-05
8020,1.4e-05
8021,4e-05
8022,4e-05
8023,4e-05
8024,4e-05
8025,4e-05
8026,4e-05
8027,4e-05
8028,4e-05
8029,4e-05
8030,4e-05
8031,4.1e-05
8032,4.1e-05
8033,4.1e-05
8034,4.1e-05
8035,4.1e-05
8036,4.1e-05
8037,4.1e-05
8038,4.1e-05
8039,4.1e-05
8040,4.1e-05
8041,1e-06
8042,1e-06
8043,1e-06
8044,1e-06
8045,1e-06
8046,1e-06
8047,1e-06
8048,1e-06
8049,1e-06
8050,1e-06
8051,4e-06
8052,4e-06
8053,4e-06
8054,4e-06
8055,4e-06
8056,4e-06
8057,4e-06
8058,4e-06
8059,4e-06
8060,4e-06
8061,3.5e-05
8062,3.5e-05
8063,3.5e-05
8064,3.5e-05
8065,3.5e-05
8066,3.5e-05
8067,3.5e-05
8068,3.5e-05
8069,3.5e-05
8070,3.5e-05
8071,0.000114
8072,0.000114
8073,0.000114
8074,0.000114
8075,0.000114
8076,0.000114
8077,0.000114
8078,0.000114
8079,0.000114
8080,0.000114
8081,1e-06
8082,1e-06
8083,1e-06
8084,1e-06
8085,1e-06
8086,1e-06
8087,1e-06
8088,1e-06
8089,1e-06
8090,1e-06
8091,4e-06
8092,4e-06
8093,4e-06
8094,4e-06
8095,4e-06
8096,4e-06
8097,4e-06
8098,4e-06
8099,4e-06
8100,4e-06
8101,3e-06
8102,3e-06
8103,3e-06
8104,3e-06
8105,3e-06
8106,3e-06
8107,3e-06
8108,3e-06
8109,3e-06
8110,3e-06
8111,1.6e-05
8112,1.6e-05
8113,1.6e-05
8114,1.6e-05
8115,1.6e-05
8116,1.6e-05
8117,1.6e-05
8118,1.6e-05
8119,1.6e-05
8120,1.6e-05
8121,0.001067
8122,0.001067
8123,0.001067
8124,0.001067
8125,0.001067
8126,0.001067
8127,0.001067
8128,0.001067
8129,0.001067
8130,0.001067
8131,6.6e-05
8132,6.6e-05
8133,6.6e-05
8134,6.6e-05
8135,6.6e-05
8136,6.6e-05
8137,6.6e-05
8138,6.6e-05
8139,6.6e-05
8140,6.6e-05
8141,3e-05
8142,3e-05
8143,3e-05
8144,3e-05
8145,3e-05
8146,3e-05
8147,3e-05
8148,3e-05
8149,3e-05
8150,3e-05
8151,0.000162
8152,0.000162
8153,0.000162
8154,0.000162
8155,0.000162
8156,0.000162
8157,0.000162
8158,0.000162
8159,0.000162
8160,0.000162
8161,1e-06
8162,1e-06
8163,1e-06
8164,1e-06
8165,1e-06
8166,1e-06
8167,1e-06
8168,1e-06
8169,1e-06
8170,1e-06
8171,0.0
8172,0.0
8173,0.0
8174,0.0
8175,0.0
8176,0.0
8177,0.0
8178,0.0
8179,0.0
8180,0.0
8181,2e-06
8182,2e-06
8183,2e-06
8184,2e-06
8185,2e-06
8186,2e-06
8187,2e-06
8188,2e-06
8189,2e-06
8190,2e-06
8191,5e-06
8192,5e-06
8193,5e-06
8194,5e-06
8195,5e-06
8196,5e-06
8197,5e-06
8198,5e-06
8199,5e-06
8200,5e-06
8201,3e-05
8202,3e-05
8203,3e-05
8204,3e-05
8205,3e-05
8206,3e-05
8207,3e-05
8208,3e-05
8209,3e-05
8210,3e-05
8211,8.6e-05
8212,8.6e-05
8213,8.6e-05
8214,8.6e-05
8215,8.6e-05
8216,8.6e-05
8217,8.6e-05
8218,8.6e-05
8219,8.6e-05
8220,8.6e-05
8221,0.000264
8222,0.000264
8223,0.000264
8224,0.000264
8225,0.000264
8226,0.000264
8227,0.000264
8228,0.000264
8229,0.000264
8230,0.000264
8231,7e-06
8232,7e-06
8233,7e-06
8234,7e-06
8235,7e-06
8236,7e-06
8237,7e-06
8238,7e-06
8239,7e-06
8240,7e-06
8241,3e-06
8242,3e-06
8243,3e-06
8244,3e-06
8245,3e-06
8246,3e-06
8247,3e-06
8248,3e-06
8249,3e-06
8250,3e-06
8251,4e-05
8252,4e-05
8253,4e-05
8254,4e-05
8255,4e-05
8256,4e-05
8257,4e-05
8258,4e-05
8259,4e-05
8260,4e-05
8261,0.00012
8262,0.00012
8263,0.00012
8264,0.00012
8265,0.00012
8266,0.00012
8267,0.00012
8268,0.00012
8269,0.00012
8270,0.00012
8271,2.2e-05
8272,2.2e-05
8273,2.2e-05
8274,2.2e-05
8275,2.2e-05
8276,2.2e-05
8277,2.2e-05
8278,2.2e-05
8279,2.2e-05
8280,2.2e-05
8281,2.5e-05
8282,2.5e-05
8283,2.5e-05
8284,2.5e-05
8285,2.5e-05
8286,2.5e-05
8287,2.5e-05
8288,2.5e-05
8289,2.5e-05
8290,2.5e-05
8291,1e-06
8292,1e-06
8293,1e-06
8294,1e-06
8295,1e-06
8296,1e-06
8297,1e-06
8298,1e-06
8299,1e-06
8300,1e-06
8301,9e-06
8302,9e-06
8303,9e-06
8304,9e-06
8305,9e-06
8306,9e-06
8307,9e-06
8308,9e-06
8309,9e-06
8310,9e-06
8311,2.3e-05
8312,2.3e-05
8313,2.3e-05
8314,2.3e-05
8315,2.3e-05
8316,2.3e-05
8317,2.3e-05
8318,2.3e-05
8319,2.3e-05
8320,2.3e-05
8321,0.00384
8322,0.00384
8323,0.00384
8324,0.00384
8325,0.00384
8326,0.00384
8327,0.00384
8328,0.00384
8329,0.00384
8330,0.00384
8331,0.000207
8332,0.000207
8333,0.000207
8334,0.000207
8335,0.000207
8336,0.000207
8337,0.000207
8338,0.000207
8339,0.000207
8340,0.000207
8341,0.000694
8342,0.000694
8343,0.000694
8344,0.000694
8345,0.000694
8346,0.000694
8347,0.000694
8348,0.000694
8349,0.000694
8350,0.000694
8351,2.7e-05
8352,2.7e-05
8353,2.7e-05
8354,2.7e-05
8355,2.7e-05
8356,2.7e-05
8357,2.7e-05
8358,2.7e-05
8359,2.7e-05
8360,2.7e-05
8361,3.7e-05
8362,3.7e-05
8363,3.7e-05
8364,3.7e-05
8365,3.7e-05
8366,3.7e-05
8367,3.7e-05
8368,3.7e-05
8369,3.7e-05
8370,3.7e-05
8371,0.000407
8372,0.000407
8373,0.000407
8374,0.000407
8375,0.000407
8376,0.000407
8377,0.000407
8378,0.000407
8379,0.000407
8380,0.000407
8381,0.000269
8382,0.000269
8383,0.000269
8384,0.000269
8385,0.000269
8386,0.000269
8387,0.000269
8388,0.000269
8389,0.000269
8390,0.000269
8391,1e-06
8392,1e-06
8393,1e-06
8394,1e-06
8395,1e-06
8396,1e-06
8397,1e-06
8398,1e-06
8399,1e-06
8400,1e-06
8401,1e-05
8402,1e-05
8403,1e-05
8404,1e-05
8405,1e-05
8406,1e-05
8407,1e-05
8408,1e-05
8409,1e-05
8410,1e-05
8411,5.7e-05
8412,5.7e-05
8413,5.7e-05
8414,5.7e-05
8415,5.7e-05
8416,5.7e-05
8417,5.7e-05
8418,5.7e-05
8419,5.7e-05
8420,5.7e-05
8421,2e-06
8422,2e-06
8423,2e-06
8424,2e-06
8425,2e-06
8426,2e-06
8427,2e-06
8428,2e-06
8429,2e-06
8430,2e-06
8431,2e-05
8432,2e-05
8433,2e-05
8434,2e-05
8435,2e-05
8436,2e-05
8437,2e-05
8438,2e-05
8439,2e-05
8440,2e-05
8441,0.307958
8442,0.307958
8443,0.307958
8444,0.307958
8445,0.307958
8446,0.307958
8447,0.307958
8448,0.307958
8449,0.307958
8450,0.307958
8451,8e-06
8452,8e-06
8453,8e-06
8454,8e-06
8455,8e-06
8456,8e-06
8457,8e-06
8458,8e-06
8459,8e-06
8460,8e-06
8461,3e-06
8462,3e-06
8463,3e-06
8464,3e-06
8465,3e-06
8466,3e-06
8467,3e-06
8468,3e-06
8469,3e-06
8470,3e-06
8471,3e-06
8472,3e-06
8473,3e-06
8474,3e-06
8475,3e-06
8476,3e-06
8477,3e-06
8478,3e-06
8479,3e-06
8480,3e-06
8481,0.000108
8482,0.000108
8483,0.000108
8484,0.000108
8485,0.000108
8486,0.000108
8487,0.000108
8488,0.000108
8489,0.000108
8490,0.000108
8491,0.000648
8492,0.000648
8493,0.000648
8494,0.000648
8495,0.000648
8496,0.000648
8497,0.000648
8498,0.000648
8499,0.000648
8500,0.000648
8501,0.004213
8502,0.004213
8503,0.004213
8504,0.004213
8505,0.004213
8506,0.004213
8507,0.004213
8508,0.004213
8509,0.004213
8510,0.004213
8511,1e-06
8512,1e-06
8513,1e-06
8514,1e-06
8515,1e-06
8516,1e-06
8517,1e-06
8518,1e-06
8519,1e-06
8520,1e-06
8521,3.2e-05
8522,3.2e-05
8523,3.2e-05
8524,3.2e-05
8525,3.2e-05
8526,3.2e-05
8527,3.2e-05
8528,3.2e-05
8529,3.2e-05
8530,3.2e-05
8531,1.3e-05
8532,1.3e-05
8533,1.3e-05
8534,1.3e-05
8535,1.3e-05
8536,1.3e-05
8537,1.3e-05
8538,1.3e-05
8539,1.3e-05
8540,1.3e-05
8541,0.000116
8542,0.000116
8543,0.000116
8544,0.000116
8545,0.000116
8546,0.000116
8547,0.000116
8548,0.000116
8549,0.000116
8550,0.000116
8551,2.2e-05
8552,2.2e-05
8553,2.2e-05
8554,2.2e-05
8555,2.2e-05
8556,2.2e-05
8557,2.2e-05
8558,2.2e-05
8559,2.2e-05
8560,2.2e-05
8561,8e-06
8562,8e-06
8563,8e-06
8564,8e-06
8565,8e-06
8566,8e-06
8567,8e-06
8568,8e-06
8569,8e-06
8570,8e-06
8571,3e-06
8572,3e-06
8573,3e-06
8574,3e-06
8575,3e-06
8576,3e-06
8577,3e-06
8578,3e-06
8579,3e-06
8580,3e-06
8581,5e-06
8582,5e-06
8583,5e-06
8584,5e-06
8585,5e-06
8586,5e-06
8587,5e-06
8588,5e-06
8589,5e-06
8590,5e-06
8591,0.000367
8592,0.000367
8593,0.000367
8594,0.000367
8595,0.000367
8596,0.000367
8597,0.000367
8598,0.000367
8599,0.000367
8600,0.000367
8601,0.105372
8602,0.105372
8603,0.105372
8604,0.105372
8605,0.105372
8606,0.105372
8607,0.105372
8608,0.105372
8609,0.105372
8610,0.105372
8611,7e-06
8612,7e-06
8613,7e-06
8614,7e-06
8615,7e-06
8616,7e-06
8617,7e-06
8618,7e-06
8619,7e-06
8620,7e-06
8621,0.028212
8622,0.028212
8623,0.028212
8624,0.028212
8625,0.028212
8626,0.028212
8627,0.028212
8628,0.028212
8629,0.028212
8630,0.028212
8631,7e-06
8632,7e-06
8633,7e-06
8634,7e-06
8635,7e-06
8636,7e-06
8637,7e-06
8638,7e-06
8639,7e-06
8640,7e-06
8641,6.5e-05
8642,6.5e-05
8643,6.5e-05
8644,6.5e-05
8645,6.5e-05
8646,6.5e-05
8647,6.5e-05
8648,6.5e-05
8649,6.5e-05
8650,6.5e-05
8651,3.2e-05
8652,3.2e-05
8653,3.2e-05
8654,3.2e-05
8655,3.2e-05
8656,3.2e-05
8657,3.2e-05
8658,3.2e-05
8659,3.2e-05
8660,3.2e-05
8661,3.8e-05
8662,3.8e-05
8663,3.8e-05
8664,3.8e-05
8665,3.8e-05
8666,3.8e-05
8667,3.8e-05
8668,3.8e-05
8669,3.8e-05
8670,3.8e-05
8671,0.000212
8672,0.000212
8673,0.000212
8674,0.000212
8675,0.000212
8676,0.000212
8677,0.000212
8678,0.000212
8679,0.000212
8680,0.000212
8681,5e-06
8682,5e-06
8683,5e-06
8684,5e-06
8685,5e-06
8686,5e-06
8687,5e-06
8688,5e-06
8689,5e-06
8690,5e-06
8691,3e-06
8692,3e-06
8693,3e-06
8694,3e-06
8695,3e-06
8696,3e-06
8697,3e-06
8698,3e-06
8699,3e-06
8700,3e-06
8701,2.2e-05
8702,2.2e-05
8703,2.2e-05
8704,2.2e-05
8705,2.2e-05
8706,2.2e-05
8707,2.2e-05
8708,2.2e-05
8709,2.2e-05
8710,2.2e-05
8711,4e-06
8712,4e-06
8713,4e-06
8714,4e-06
8715,4e-06
8716,4e-06
8717,4e-06
8718,4e-06
8719,4e-06
8720,4e-06
8721,0.000297
8722,0.000297
8723,0.000297
8724,0.000297
8725,0.000297
8726,0.000297
8727,0.000297
8728,0.000297
8729,0.000297
8730,0.000297
8731,0.000133
8732,0.000133
8733,0.000133
8734,0.000133
8735,0.000133
8736,0.000133
8737,0.000133
8738,0.000133
8739,0.000133
8740,0.000133
8741,1.4e-05
8742,1.4e-05
8743,1.4e-05
8744,1.4e-05
8745,1.4e-05
8746,1.4e-05
8747,1.4e-05
8748,1.4e-05
8749,1.4e-05
8750,1.4e-05
8751,1e-05
8752,1e-05
8753,1e-05
8754,1e-05
8755,1e-05
8756,1e-05
8757,1e-05
8758,1e-05
8759,1e-05
8760,1e-05
8761,6e-06
8762,6e-06
8763,6e-06
8764,6e-06
8765,6e-06
8766,6e-06
8767,6e-06
8768,6e-06
8769,6e-06
8770,6e-06
8771,1.4e-05
8772,1.4e-05
8773,1.4e-05
8774,1.4e-05
8775,1.4e-05
8776,1.4e-05
8777,1.4e-05
8778,1.4e-05
8779,1.4e-05
8780,1.4e-05
8781,0.001086
8782,0.001086
8783,0.001086
8784,0.001086
8785,0.001086
8786,0.001086
8787,0.001086
8788,0.001086
8789,0.001086
8790,0.001086
8791,4e-06
8792,4e-06
8793,4e-06
8794,4e-06
8795,4e-06
8796,4e-06
8797,4e-06
8798,4e-06
8799,4e-06
8800,4e-06
8801,8e-06
8802,8e-06
8803,8e-06
8804,8e-06
8805,8e-06
8806,8e-06
8807,8e-06
8808,8e-06
8809,8e-06
8810,8e-06
8811,0.004516
8812,0.004516
8813,0.004516
8814,0.004516
8815,0.004516
8816,0.004516
8817,0.004516
8818,0.004516
8819,0.004516
8820,0.004516
8821,0.000123
8822,0.000123
8823,0.000123
8824,0.000123
8825,0.000123
8826,0.000123
8827,0.000123
8828,0.000123
8829,0.000123
8830,0.000123
8831,0.064062
8832,0.064062
8833,0.064062
8834,0.064062
8835,0.064062
8836,0.064062
8837,0.064062
8838,0.064062
8839,0.064062
8840,0.064062
8841,0.186458
8842,0.186458
8843,0.186458
8844,0.186458
8845,0.186458
8846,0.186458
8847,0.186458
8848,0.186458
8849,0.186458
8850,0.186458
8851,0.002263
8852,0.002263
8853,0.002263
8854,0.002263
8855,0.002263
8856,0.002263
8857,0.002263
8858,0.002263
8859,0.002263
8860,0.002263
8861,1.1e-05
8862,1.1e-05
8863,1.1e-05
8864,1.1e-05
8865,1.1e-05
8866,1.1e-05
8867,1.1e-05
8868,1.1e-05
8869,1.1e-05
8870,1.1e-05
8871,3e-06
8872,3e-06
8873,3e-06
8874,3e-06
8875,3e-06
8876,3e-06
8877,3e-06
8878,3e-06
8879,3e-06
8880,3e-06
8881,0.033826
8882,0.033826
8883,0.033826
8884,0.033826
8885,0.033826
8886,0.033826
8887,0.033826
8888,0.033826
8889,0.033826
8890,0.033826
8891,0.000118
8892,0.000118
8893,0.000118
8894,0.000118
8895,0.000118
8896,0.000118
8897,0.000118
8898,0.000118
8899,0.000118
8900,0.000118
8901,0.000134
8902,0.000134
8903,0.000134
8904,0.000134
8905,0.000134
8906,0.000134
8907,0.000134
8908,0.000134
8909,0.000134
8910,0.000134
8911,0.000309
8912,0.000309
8913,0.000309
8914,0.000309
8915,0.000309
8916,0.000309
8917,0.000309
8918,0.000309
8919,0.000309
8920,0.000309
8921,0.000125
8922,0.000125
8923,0.000125
8924,0.000125
8925,0.000125
8926,0.000125
8927,0.000125
8928,0.000125
8929,0.000125
8930,0.000125
8931,0.000295
8932,0.000295
8933,0.000295
8934,0.000295
8935,0.000295
8936,0.000295
8937,0.000295
8938,0.000295
8939,0.000295
8940,0.000295
8941,0.000778
8942,0.000778
8943,0.000778
8944,0.000778
8945,0.000778
8946,0.000778
8947,0.000778
8948,0.000778
8949,0.000778
8950,0.000778
8951,0.000133
8952,0.000133
8953,0.000133
8954,0.000133
8955,0.000133
8956,0.000133
8957,0.000133
8958,0.000133
8959,0.000133
8960,0.000133
8961,0.0
8962,0.0
8963,0.0
8964,0.0
8965,0.0
8966,0.0
8967,0.0
8968,0.0
8969,0.0
8970,0.0
8971,2e-05
8972,2e-05
8973,2e-05
8974,2e-05
8975,2e-05
8976,2e-05
8977,2e-05
8978,2e-05
8979,2e-05
8980,2e-05
8981,0.000195
8982,0.000195
8983,0.000195
8984,0.000195
8985,0.000195
8986,0.000195
8987,0.000195
8988,0.000195
8989,0.000195
8990,0.000195
8991,3e-06
8992,3e-06
8993,3e-06
8994,3e-06
8995,3e-06
8996,3e-06
8997,3e-06
8998,3e-06
8999,3e-06
9000,3e-06
9001,0.026367
9002,0.026367
9003,0.026367
9004,0.026367
9005,0.026367
9006,0.026367
9007,0.026367
9008,0.026367
9009,0.026367
9010,0.026367
9011,1.4e-05
9012,1.4e-05
9013,1.4e-05
9014,1.4e-05
9015,1.4e-05
9016,1.4e-05
9017,1.4e-05
9018,1.4e-05
9019,1.4e-05
9020,1.4e-05
9021,0.00244
9022,0.00244
9023,0.00244
9024,0.00244
9025,0.00244
9026,0.00244
9027,0.00244
9028,0.00244
9029,0.00244
9030,0.00244
9031,0.000139
9032,0.000139
9033,0.000139
9034,0.000139
9035,0.000139
9036,0.000139
9037,0.000139
9038,0.000139
9039,0.000139
9040,0.000139
9041,2.5e-05
9042,2.5e-05
9043,2.5e-05
9044,2.5e-05
9045,2.5e-05
9046,2.5e-05
9047,2.5e-05
9048,2.5e-05
9049,2.5e-05
9050,2.5e-05
9051,0.000224
9052,0.000224
9053,0.000224
9054,0.000224
9055,0.000224
9056,0.000224
9057,0.000224
9058,0.000224
9059,0.000224
9060,0.000224
9061,0.202628
9062,0.202628
9063,0.202628
9064,0.202628
9065,0.202628
9066,0.202628
9067,0.202628
9068,0.202628
9069,0.202628
9070,0.202628
9071,0.000444
9072,0.000444
9073,0.000444
9074,0.000444
9075,0.000444
9076,0.000444
9077,0.000444
9078,0.000444
9079,0.000444
9080,0.000444
9081,3e-06
9082,3e-06
9083,3e-06
9084,3e-06
9085,3e-06
9086,3e-06
9087,3e-06
9088,3e-06
9089,3e-06
9090,3e-06
9091,7.2e-05
9092,7.2e-05
9093,7.2e-05
9094,7.2e-05
9095,7.2e-05
9096,7.2e-05
9097,7.2e-05
9098,7.2e-05
9099,7.2e-05
9100,7.2e-05
9101,1.6e-05
9102,1.6e-05
9103,1.6e-05
9104,1.6e-05
9105,1.6e-05
9106,1.6e-05
9107,1.6e-05
9108,1.6e-05
9109,1.6e-05
9110,1.6e-05
9111,0.000139
9112,0.000139
9113,0.000139
9114,0.000139
9115,0.000139
9116,0.000139
9117,0.000139
9118,0.000139
9119,0.000139
9120,0.000139
9121,5.4e-05
9122,5.4e-05
9123,5.4e-05
9124,5.4e-05
9125,5.4e-05
9126,5.4e-05
9127,5.4e-05
9128,5.4e-05
9129,5.4e-05
9130,5.4e-05
9131,5.5e-05
9132,5.5e-05
9133,5.5e-05
9134,5.5e-05
9135,5.5e-05
9136,5.5e-05
9137,5.5e-05
9138,5.5e-05
9139,5.5e-05
9140,5.5e-05
9141,8e-06
9142,8e-06
9143,8e-06
9144,8e-06
9145,8e-06
9146,8e-06
9147,8e-06
9148,8e-06
9149,8e-06
9150,8e-06
9151,0.000144
9152,0.000144
9153,0.000144
9154,0.000144
9155,0.000144
9156,0.000144
9157,0.000144
9158,0.000144
9159,0.000144
9160,0.000144
9161,6e-06
9162,6e-06
9163,6e-06
9164,6e-06
9165,6e-06
9166,6e-06
9167,6e-06
9168,6e-06
9169,6e-06
9170,6e-06
9171,0.000399
9172,0.000399
9173,0.000399
9174,0.000399
9175,0.000399
9176,0.000399
9177,0.000399
9178,0.000399
9179,0.000399
9180,0.000399
9181,1.2e-05
9182,1.2e-05
9183,1.2e-05
9184,1.2e-05
9185,1.2e-05
9186,1.2e-05
9187,1.2e-05
9188,1.2e-05
9189,1.2e-05
9190,1.2e-05
9191,1e-05
9192,1e-05
9193,1e-05
9194,1e-05
9195,1e-05
9196,1e-05
9197,1e-05
9198,1e-05
9199,1e-05
9200,1e-05
9201,1.9e-05
9202,1.9e-05
9203,1.9e-05
9204,1.9e-05
9205,1.9e-05
9206,1.9e-05
9207,1.9e-05
9208,1.9e-05
9209,1.9e-05
9210,1.9e-05
9211,2e-05
9212,2e-05
9213,2e-05
9214,2e-05
9215,2e-05
9216,2e-05
9217,2e-05
9218,2e-05
9219,2e-05
9220,2e-05
9221,0.00011
9222,0.00011
9223,0.00011
9224,0.00011
9225,0.00011
9226,0.00011
9227,0.00011
9228,0.00011
9229,0.00011
9230,0.00011
9231,1e-06
9232,1e-06
9233,1e-06
9234,1e-06
9235,1e-06
9236,1e-06
9237,1e-06
9238,1e-06
9239,1e-06
9240,1e-06
9241,0.000335
9242,0.000335
9243,0.000335
9244,0.000335
9245,0.000335
9246,0.000335
9247,0.000335
9248,0.000335
9249,0.000335
9250,0.000335
9251,0.000895
9252,0.000895
9253,0.000895
9254,0.000895
9255,0.000895
9256,0.000895
9257,0.000895
9258,0.000895
9259,0.000895
9260,0.000895
9261,0.000145
9262,0.000145
9263,0.000145
9264,0.000145
9265,0.000145
9266,0.000145
9267,0.000145
9268,0.000145
9269,0.000145
9270,0.000145
9271,0.000296
9272,0.000296
9273,0.000296
9274,0.000296
9275,0.000296
9276,0.000296
9277,0.000296
9278,0.000296
9279,0.000296
9280,0.000296
9281,1e-05
9282,1e-05
9283,1e-05
9284,1e-05
9285,1e-05
9286,1e-05
9287,1e-05
9288,1e-05
9289,1e-05
9290,1e-05
9291,4e-06
9292,4e-06
9293,4e-06
9294,4e-06
9295,4e-06
9296,4e-06
9297,4e-06
9298,4e-06
9299,4e-06
9300,4e-06
9301,2e-06
9302,2e-06
9303,2e-06
9304,2e-06
9305,2e-06
9306,2e-06
9307,2e-06
9308,2e-06
9309,2e-06
9310,2e-06
9311,0.000103
9312,0.000103
9313,0.000103
9314,0.000103
9315,0.000103
9316,0.000103
9317,0.000103
9318,0.000103
9319,0.000103
9320,0.000103
9321,3e-06
9322,3e-06
9323,3e-06
9324,3e-06
9325,3e-06
9326,3e-06
9327,3e-06
9328,3e-06
9329,3e-06
9330,3e-06
9331,1.3e-05
9332,1.3e-05
9333,1.3e-05
9334,1.3e-05
9335,1.3e-05
9336,1.3e-05
9337,1.3e-05
9338,1.3e-05
9339,1.3e-05
9340,1.3e-05
9341,4e-06
9342,4e-06
9343,4e-06
9344,4e-06
9345,4e-06
9346,4e-06
9347,4e-06
9348,4e-06
9349,4e-06
9350,4e-06
9351,6.1e-05
9352,6.1e-05
9353,6.1e-05
9354,6.1e-05
9355,6.1e-05
9356,6.1e-05
9357,6.1e-05
9358,6.1e-05
9359,6.1e-05
9360,6.1e-05
9361,3e-06
9362,3e-06
9363,3e-06
9364,3e-06
9365,3e-06
9366,3e-06
9367,3e-06
9368,3e-06
9369,3e-06
9370,3e-06
9371,1.7e-05
9372,1.7e-05
9373,1.7e-05
9374,1.7e-05
9375,1.7e-05
9376,1.7e-05
9377,1.7e-05
9378,1.7e-05
9379,1.7e-05
9380,1.7e-05
9381,1.3e-05
9382,1.3e-05
9383,1.3e-05
9384,1.3e-05
9385,1.3e-05
9386,1.3e-05
9387,1.3e-05
9388,1.3e-05
9389,1.3e-05
9390,1.3e-05
9391,4.6e-05
9392,4.6e-05
9393,4.6e-05
9394,4.6e-05
9395,4.6e-05
9396,4.6e-05
9397,4.6e-05
9398,4.6e-05
9399,4.6e-05
9400,4.6e-05
9401,1.1e-05
9402,1.1e-05
9403,1.1e-05
9404,1.1e-05
9405,1.1e-05
9406,1.1e-05
9407,1.1e-05
9408,1.1e-05
9409,1.1e-05
9410,1.1e-05
9411,5e-06
9412,5e-06
9413,5e-06
9414,5e-06
9415,5e-06
9416,5e-06
9417,5e-06
9418,5e-06
9419,5e-06
9420,5e-06
9421,4e-05
9422,4e-05
9423,4e-05
9424,4e-05
9425,4e-05
9426,4e-05
9427,4e-05
9428,4e-05
9429,4e-05
9430,4e-05
9431,0.014693
9432,0.014693
9433,0.014693
9434,0.014693
9435,0.014693
9436,0.014693
9437,0.014693
9438,0.014693
9439,0.014693
9440,0.014693
9441,0.000887
9442,0.000887
9443,0.000887
9444,0.000887
9445,0.000887
9446,0.000887
9447,0.000887
9448,0.000887
9449,0.000887
9450,0.000887
9451,0.002217
9452,0.002217
9453,0.002217
9454,0.002217
9455,0.002217
9456,0.002217
9457,0.002217
9458,0.002217
9459,0.002217
9460,0.002217
9461,4e-06
9462,4e-06
9463,4e-06
9464,4e-06
9465,4e-06
9466,4e-06
9467,4e-06
9468,4e-06
9469,4e-06
9470,4e-06
9471,0.004347
9472,0.004347
9473,0.004347
9474,0.004347
9475,0.004347
9476,0.004347
9477,0.004347
9478,0.004347
9479,0.004347
9480,0.004347
9481,3.4e-05
9482,3.4e-05
9483,3.4e-05
9484,3.4e-05
9485,3.4e-05
9486,3.4e-05
9487,3.4e-05
9488,3.4e-05
9489,3.4e-05
9490,3.4e-05
9491,0.000601
9492,0.000601
9493,0.000601
9494,0.000601
9495,0.000601
9496,0.000601
9497,0.000601
9498,0.000601
9499,0.000601
9500,0.000601
9501,1e-05
9502,1e-05
9503,1e-05
9504,1e-05
9505,1e-05
9506,1e-05
9507,1e-05
9508,1e-05
9509,1e-05
9510,1e-05
9511,4e-06
9512,4e-06
9513,4e-06
9514,4e-06
9515,4e-06
9516,4e-06
9517,4e-06
9518,4e-06
9519,4e-06
9520,4e-06
9521,4e-06
9522,4e-06
9523,4e-06
9524,4e-06
9525,4e-06
9526,4e-06
9527,4e-06
9528,4e-06
9529,4e-06
9530,4e-06
9531,1.3e-05
9532,1.3e-05
9533,1.3e-05
9534,1.3e-05
9535,1.3e-05
9536,1.3e-05
9537,1.3e-05
9538,1.3e-05
9539,1.3e-05
9540,1.3e-05
9541,4e-06
9542,4e-06
9543,4e-06
9544,4e-06
9545,4e-06
9546,4e-06
9547,4e-06
9548,4e-06
9549,4e-06
9550,4e-06
9551,2e-05
9552,2e-05
9553,2e-05
9554,2e-05
9555,2e-05
9556,2e-05
9557,2e-05
9558,2e-05
9559,2e-05
9560,2e-05
9561,0.000313
9562,0.000313
9563,0.000313
9564,0.000313
9565,0.000313
9566,0.000313
9567,0.000313
9568,0.000313
9569,0.000313
9570,0.000313
9571,2.8e-05
9572,2.8e-05
9573,2.8e-05
9574,2.8e-05
9575,2.8e-05
9576,2.8e-05
9577,2.8e-05
9578,2.8e-05
9579,2.8e-05
9580,2.8e-05
9581,0.000379
9582,0.000379
9583,0.000379
9584,0.000379
9585,0.000379
9586,0.000379
9587,0.000379
9588,0.000379
9589,0.000379
9590,0.000379
9591,0.000153
9592,0.000153
9593,0.000153
9594,0.000153
9595,0.000153
9596,0.000153
9597,0.000153
9598,0.000153
9599,0.000153
9600,0.000153
9601,1.5e-05
9602,1.5e-05
9603,1.5e-05
9604,1.5e-05
9605,1.5e-05
9606,1.5e-05
9607,1.5e-05
9608,1.5e-05
9609,1.5e-05
9610,1.5e-05
9611,0.0
9612,0.0
9613,0.0
9614,0.0
9615,0.0
9616,0.0
9617,0.0
9618,0.0
9619,0.0
9620,0.0
9621,1.4e-05
9622,1.4e-05
9623,1.4e-05
9624,1.4e-05
9625,1.4e-05
9626,1.4e-05
9627,1.4e-05
9628,1.4e-05
9629,1.4e-05
9630,1.4e-05
9631,1.4e-05
9632,1.4e-05
9633,1.4e-05
9634,1.4e-05
9635,1.4e-05
9636,1.4e-05
9637,1.4e-05
9638,1.4e-05
9639,1.4e-05
9640,1.4e-05
9641,5.8e-05
9642,5.8e-05
9643,5.8e-05
9644,5.8e-05
9645,5.8e-05
9646,5.8e-05
9647,5.8e-05
9648,5.8e-05
9649,5.8e-05
9650,5.8e-05
9651,2.1e-05
9652,2.1e-05
9653,2.1e-05
9654,2.1e-05
9655,2.1e-05
9656,2.1e-05
9657,2.1e-05
9658,2.1e-05
9659,2.1e-05
9660,2.1e-05
9661,7e-06
9662,7e-06
9663,7e-06
9664,7e-06
9665,7e-06
9666,7e-06
9667,7e-06
9668,7e-06
9669,7e-06
9670,7e-06
9671,0.000127
9672,0.000127
9673,0.000127
9674,0.000127
9675,0.000127
9676,0.000127
9677,0.000127
9678,0.000127
9679,0.000127
9680,0.000127
9681,9.7e-05
9682,9.7e-05
9683,9.7e-05
9684,9.7e-05
9685,9.7e-05
9686,9.7e-05
9687,9.7e-05
9688,9.7e-05
9689,9.7e-05
9690,9.7e-05
9691,0.000241
9692,0.000241
9693,0.000241
9694,0.000241
9695,0.000241
9696,0.000241
9697,0.000241
9698,0.000241
9699,0.000241
9700,0.000241
9701,6e-06
9702,6e-06
9703,6e-06
9704,6e-06
9705,6e-06
9706,6e-06
9707,6e-06
9708,6e-06
9709,6e-06
9710,6e-06
9711,8.1e-05
9712,8.1e-05
9713,8.1e-05
9714,8.1e-05
9715,8.1e-05
9716,8.1e-05
9717,8.1e-05
9718,8.1e-05
9719,8.1e-05
9720,8.1e-05
9721,7e-05
9722,7e-05
9723,7e-05
9724,7e-05
9725,7e-05
9726,7e-05
9727,7e-05
9728,7e-05
9729,7e-05
9730,7e-05
9731,3.5e-05
9732,3.5e-05
9733,3.5e-05
9734,3.5e-05
9735,3.5e-05
9736,3.5e-05
9737,3.5e-05
9738,3.5e-05
9739,3.5e-05
9740,3.5e-05
9741,4.5e-05
9742,4.5e-05
9743,4.5e-05
9744,4.5e-05
9745,4.5e-05
9746,4.5e-05
9747,4.5e-05
9748,4.5e-05
9749,4.5e-05
9750,4.5e-05
9751,1.6e-05
9752,1.6e-05
9753,1.6e-05
9754,1.6e-05
9755,1.6e-05
9756,1.6e-05
9757,1.6e-05
9758,1.6e-05
9759,1.6e-05
9760,1.6e-05
9761,3e-06
9762,3e-06
9763,3e-06
9764,3e-06
9765,3e-06
9766,3e-06
9767,3e-06
9768,3e-06
9769,3e-06
9770,3e-06
9771,4.7e-05
9772,4.7e-05
9773,4.7e-05
9774,4.7e-05
9775,4.7e-05
9776,4.7e-05
9777,4.7e-05
9778,4.7e-05
9779,4.7e-05
9780,4.7e-05
9781,2.3e-05
9782,2.3e-05
9783,2.3e-05
9784,2.3e-05
9785,2.3e-05
9786,2.3e-05
9787,2.3e-05
9788,2.3e-05
9789,2.3e-05
9790,2.3e-05
9791,3.5e-05
9792,3.5e-05
9793,3.5e-05
9794,3.5e-05
9795,3.5e-05
9796,3.5e-05
9797,3.5e-05
9798,3.5e-05
9799,3.5e-05
9800,3.5e-05
9801,9.5e-05
9802,9.5e-05
9803,9.5e-05
9804,9.5e-05
9805,9.5e-05
9806,9.5e-05
9807,9.5e-05
9808,9.5e-05
9809,9.5e-05
9810,9.5e-05
9811,2.7e-05
9812,2.7e-05
9813,2.7e-05
9814,2.7e-05
9815,2.7e-05
9816,2.7e-05
9817,2.7e-05
9818,2.7e-05
9819,2.7e-05
9820,2.7e-05
9821,1.3e-05
9822,1.3e-05
9823,1.3e-05
9824,1.3e-05
9825,1.3e-05
9826,1.3e-05
9827,1.3e-05
9828,1.3e-05
9829,1.3e-05
9830,1.3e-05
9831,2.4e-05
9832,2.4e-05
9833,2.4e-05
9834,2.4e-05
9835,2.4e-05
9836,2.4e-05
9837,2.4e-05
9838,2.4e-05
9839,2.4e-05
9840,2.4e-05
9841,0.000207
9842,0.000207
9843,0.000207
9844,0.000207
9845,0.000207
9846,0.000207
9847,0.000207
9848,0.000207
9849,0.000207
9850,0.000207
9851,1.4e-05
9852,1.4e-05
9853,1.4e-05
9854,1.4e-05
9855,1.4e-05
9856,1.4e-05
9857,1.4e-05
9858,1.4e-05
9859,1.4e-05
9860,1.4e-05
9861,0.00018
9862,0.00018
9863,0.00018
9864,0.00018
9865,0.00018
9866,0.00018
9867,0.00018
9868,0.00018
9869,0.00018
9870,0.00018
9871,4e-06
9872,4e-06
9873,4e-06
9874,4e-06
9875,4e-06
9876,4e-06
9877,4e-06
9878,4e-06
9879,4e-06
9880,4e-06
9881,5.9e-05
9882,5.9e-05
9883,5.9e-05
9884,5.9e-05
9885,5.9e-05
9886,5.9e-05
9887,5.9e-05
9888,5.9e-05
9889,5.9e-05
9890,5.9e-05
9891,8e-06
9892,8e-06
9893,8e-06
9894,8e-06
9895,8e-06
9896,8e-06
9897,8e-06
9898,8e-06
9899,8e-06
9900,8e-06
9901,2e-06
9902,2e-06
9903,2e-06
9904,2e-06
9905,2e-06
9906,2e-06
9907,2e-06
9908,2e-06
9909,2e-06
9910,2e-06
9911,5.3e-05
9912,5.3e-05
9913,5.3e-05
9914,5.3e-05
9915,5.3e-05
9916,5.3e-05
9917,5.3e-05
9918,5.3e-05
9919,5.3e-05
9920,5.3e-05
9921,5e-06
9922,5e-06
9923,5e-06
9924,5e-06
9925,5e-06
9926,5e-06
9927,5e-06
9928,5e-06
9929,5e-06
9930,5e-06
9931,1e-06
9932,1e-06
9933,1e-06
9934,1e-06
9935,1e-06
9936,1e-06
9937,1e-06
9938,1e-06
9939,1e-06
9940,1e-06
9941,2.5e-05
9942,2.5e-05
9943,2.5e-05
9944,2.5e-05
9945,2.5e-05
9946,2.5e-05
9947,2.5e-05
9948,2.5e-05
9949,2.5e-05
9950,2.5e-05
9951,7.1e-05
9952,7.1e-05
9953,7.1e-05
9954,7.1e-05
9955,7.1e-05
9956,7.1e-05
9957,7.1e-05
9958,7.1e-05
9959,7.1e-05
9960,7.1e-05
9961,9.1e-05
9962,9.1e-05
9963,9.1e-05
9964,9.1e-05
9965,9.1e-05
9966,9.1e-05
9967,9.1e-05
9968,9.1e-05
9969,9.1e-05
9970,9.1e-05
9971,3e-06
9972,3e-06
9973,3e-06
9974,3e-06
9975,3e-06
9976,3e-06
9977,3e-06
9978,3e-06
9979,3e-06
9980,3e-06
9981,9e-06
9982,9e-06
9983,9e-06
9984,9e-06
9985,9e-06
9986,9e-06
9987,9e-06
9988,9e-06
9989,9e-06
9990,9e-06
9991,2.5e-05
9992,2.5e-05
9993,2.5e-05
9994,2.5e-05
9995,2.5e-05
9996,2.5e-05
9997,2.5e-05
9998,2.5e-05
9999,2.5e-05
10000,2.5e-05
10001,0.00021
10002,0.00021
10003,0.00021
10004,0.00021
10005,0.00021
10006,0.00021
10007,0.00021
10008,0.00021
10009,0.00021
10010,0.00021
10011,0.000207
10012,0.000207
10013,0.000207
10014,0.000207
10015,0.000207
10016,0.000207
10017,0.000207
10018,0.000207
10019,0.000207
10020,0.000207
10021,1.1e-05
10022,1.1e-05
10023,1.1e-05
10024,1.1e-05
10025,1.1e-05
10026,1.1e-05
10027,1.1e-05
10028,1.1e-05
10029,1.1e-05
10030,1.1e-05
10031,0.012846
10032,0.012846
10033,0.012846
10034,0.012846
10035,0.012846
10036,0.012846
10037,0.012846
10038,0.012846
10039,0.012846
10040,0.012846
10041,0.004524
10042,0.004524
10043,0.004524
10044,0.004524
10045,0.004524
10046,0.004524
10047,0.004524
10048,0.004524
10049,0.004524
10050,0.004524
10051,8e-06
10052,8e-06
10053,8e-06
10054,8e-06
10055,8e-06
10056,8e-06
10057,8e-06
10058,8e-06
10059,8e-06
10060,8e-06
10061,8e-06
10062,8e-06
10063,8e-06
10064,8e-06
10065,8e-06
10066,8e-06
10067,8e-06
10068,8e-06
10069,8e-06
10070,8e-06
10071,0.000257
10072,0.000257
10073,0.000257
10074,0.000257
10075,0.000257
10076,0.000257
10077,0.000257
10078,0.000257
10079,0.000257
10080,0.000257
10081,0.001221
10082,0.001221
10083,0.001221
10084,0.001221
10085,0.001221
10086,0.001221
10087,0.001221
10088,0.001221
10089,0.001221
10090,0.001221
10091,3.3e-05
10092,3.3e-05
10093,3.3e-05
10094,3.3e-05
10095,3.3e-05
10096,3.3e-05
10097,3.3e-05
10098,3.3e-05
10099,3.3e-05
10100,3.3e-05
10101,2e-05
10102,2e-05
10103,2e-05
10104,2e-05
10105,2e-05
10106,2e-05
10107,2e-05
10108,2e-05
10109,2e-05
10110,2e-05
10111,9.3e-05
10112,9.3e-05
10113,9.3e-05
10114,9.3e-05
10115,9.3e-05
10116,9.3e-05
10117,9.3e-05
10118,9.3e-05
10119,9.3e-05
10120,9.3e-05
10121,0.000651
10122,0.000651
10123,0.000651
10124,0.000651
10125,0.000651
10126,0.000651
10127,0.000651
10128,0.000651
10129,0.000651
10130,0.000651
10131,4e-06
10132,4e-06
10133,4e-06
10134,4e-06
10135,4e-06
10136,4e-06
10137,4e-06
10138,4e-06
10139,4e-06
10140,4e-06
10141,0.000233
10142,0.000233
10143,0.000233
10144,0.000233
10145,0.000233
10146,0.000233
10147,0.000233
10148,0.000233
10149,0.000233
10150,0.000233
10151,1.4e-05
10152,1.4e-05
10153,1.4e-05
10154,1.4e-05
10155,1.4e-05
10156,1.4e-05
10157,1.4e-05
10158,1.4e-05
10159,1.4e-05
10160,1.4e-05
10161,2.2e-05
10162,2.2e-05
10163,2.2e-05
10164,2.2e-05
10165,2.2e-05
10166,2.2e-05
10167,2.2e-05
10168,2.2e-05
10169,2.2e-05
10170,2.2e-05
10171,0.000101
10172,0.000101
10173,0.000101
10174,0.000101
10175,0.000101
10176,0.000101
10177,0.000101
10178,0.000101
10179,0.000101
10180,0.000101
10181,0.000212
10182,0.000212
10183,0.000212
10184,0.000212
10185,0.000212
10186,0.000212
10187,0.000212
10188,0.000212
10189,0.000212
10190,0.000212
10191,0.000138
10192,0.000138
10193,0.000138
10194,0.000138
10195,0.000138
10196,0.000138
10197,0.000138
10198,0.000138
10199,0.000138
10200,0.000138
10201,6e-06
10202,6e-06
10203,6e-06
10204,6e-06
10205,6e-06
10206,6e-06
10207,6e-06
10208,6e-06
10209,6e-06
10210,6e-06
10211,4e-06
10212,4e-06
10213,4e-06
10214,4e-06
10215,4e-06
10216,4e-06
10217,4e-06
10218,4e-06
10219,4e-06
10220,4e-06
10221,2.9e-05
10222,2.9e-05
10223,2.9e-05
10224,2.9e-05
10225,2.9e-05
10226,2.9e-05
10227,2.9e-05
10228,2.9e-05
10229,2.9e-05
10230,2.9e-05
10231,0.000227
10232,0.000227
10233,0.000227
10234,0.000227
10235,0.000227
10236,0.000227
10237,0.000227
10238,0.000227
10239,0.000227
10240,0.000227
