step,reward
11,92.90893
12,92.90893
13,92.90893
14,92.90893
15,92.90893
16,92.90893
17,92.90893
18,92.90893
19,92.90893
20,92.90893
21,89.864624
22,89.864624
23,89.864624
24,89.864624
25,89.864624
26,89.864624
27,89.864624
28,89.864624
29,89.864624
30,89.864624
31,93.599915
32,93.599915
33,93.599915
34,93.599915
35,93.599915
36,93.599915
37,93.599915
38,93.599915
39,93.599915
40,93.599915
41,92.48844
42,92.48844
43,92.48844
44,92.48844
45,92.48844
46,92.48844
47,92.48844
48,92.48844
49,92.48844
50,92.48844
51,86.5249
52,86.5249
53,86.5249
54,86.5249
55,86.5249
56,86.5249
57,86.5249
58,86.5249
59,86.5249
60,86.5249
61,84.86078
62,84.86078
63,84.86078
64,84.86078
65,84.86078
66,84.86078
67,84.86078
68,84.86078
69,84.86078
70,84.86078
71,91.897385
72,91.897385
73,91.897385
74,91.897385
75,91.897385
76,91.897385
77,91.897385
78,91.897385
79,91.897385
80,91.897385
81,162.41364
82,162.41364
83,162.41364
84,162.41364
85,162.41364
86,162.41364
87,162.41364
88,162.41364
89,162.41364
90,162.41364
91,74.20638
92,74.20638
93,74.20638
94,74.20638
95,74.20638
96,74.20638
97,74.20638
98,74.20638
99,74.20638
100,74.20638
101,86.29744
102,86.29744
103,86.29744
104,86.29744
105,86.29744
106,86.29744
107,86.29744
108,86.29744
109,86.29744
110,86.29744
111,114.67981
112,114.67981
113,114.67981
114,114.67981
115,114.67981
116,114.67981
117,114.67981
118,114.67981
119,114.67981
120,114.67981
121,76.14779
122,76.14779
123,76.14779
124,76.14779
125,76.14779
126,76.14779
127,76.14779
128,76.14779
129,76.14779
130,76.14779
131,79.65358
132,79.65358
133,79.65358
134,79.65358
135,79.65358
136,79.65358
137,79.65358
138,79.65358
139,79.65358
140,79.65358
141,81.441185
142,81.441185
143,81.441185
144,81.441185
145,81.441185
146,81.441185
147,81.441185
148,81.441185
149,81.441185
150,81.441185
151,95.049736
152,95.049736
153,95.049736
154,95.049736
155,95.049736
156,95.049736
157,95.049736
158,95.049736
159,95.049736
160,95.049736
161,74.40533
162,74.40533
163,74.40533
164,74.40533
165,74.40533
166,74.40533
167,74.40533
168,74.40533
169,74.40533
170,74.40533
171,75.03085
172,75.03085
173,75.03085
174,75.03085
175,75.03085
176,75.03085
177,75.03085
178,75.03085
179,75.03085
180,75.03085
181,98.46395
182,98.46395
183,98.46395
184,98.46395
185,98.46395
186,98.46395
187,98.46395
188,98.46395
189,98.46395
190,98.46395
191,101.215195
192,101.215195
193,101.215195
194,101.215195
195,101.215195
196,101.215195
197,101.215195
198,101.215195
199,101.215195
200,101.215195
201,98.2501
202,98.2501
203,98.2501
204,98.2501
205,98.2501
206,98.2501
207,98.2501
208,98.2501
209,98.2501
210,98.2501
211,69.69586
212,69.69586
213,69.69586
214,69.69586
215,69.69586
216,69.69586
217,69.69586
218,69.69586
219,69.69586
220,69.69586
221,116.98594
222,116.98594
223,116.98594
224,116.98594
225,116.98594
226,116.98594
227,116.98594
228,116.98594
229,116.98594
230,116.98594
231,68.949455
232,68.949455
233,68.949455
234,68.949455
235,68.949455
236,68.949455
237,68.949455
238,68.949455
239,68.949455
240,68.949455
241,85.58051
242,85.58051
243,85.58051
244,85.58051
245,85.58051
246,85.58051
247,85.58051
248,85.58051
249,85.58051
250,85.58051
251,93.82862
252,93.82862
253,93.82862
254,93.82862
255,93.82862
256,93.82862
257,93.82862
258,93.82862
259,93.82862
260,93.82862
261,96.056244
262,96.056244
263,96.056244
264,96.056244
265,96.056244
266,96.056244
267,96.056244
268,96.056244
269,96.056244
270,96.056244
271,87.26716
272,87.26716
273,87.26716
274,87.26716
275,87.26716
276,87.26716
277,87.26716
278,87.26716
279,87.26716
280,87.26716
281,84.51262
282,84.51262
283,84.51262
284,84.51262
285,84.51262
286,84.51262
287,84.51262
288,84.51262
289,84.51262
290,84.51262
291,95.717514
292,95.717514
293,95.717514
294,95.717514
295,95.717514
296,95.717514
297,95.717514
298,95.717514
299,95.717514
300,95.717514
301,75.19408
302,75.19408
303,75.19408
304,75.19408
305,75.19408
306,75.19408
307,75.19408
308,75.19408
309,75.19408
310,75.19408
311,91.263435
312,91.263435
313,91.263435
314,91.263435
315,91.263435
316,91.263435
317,91.263435
318,91.263435
319,91.263435
320,91.263435
321,66.35485
322,66.35485
323,66.35485
324,66.35485
325,66.35485
326,66.35485
327,66.35485
328,66.35485
329,66.35485
330,66.35485
331,88.14991
332,88.14991
333,88.14991
334,88.14991
335,88.14991
336,88.14991
337,88.14991
338,88.14991
339,88.14991
340,88.14991
341,103.10583
342,103.10583
343,103.10583
344,103.10583
345,103.10583
346,103.10583
347,103.10583
348,103.10583
349,103.10583
350,103.10583
351,87.15463
352,87.15463
353,87.15463
354,87.15463
355,87.15463
356,87.15463
357,87.15463
358,87.15463
359,87.15463
360,87.15463
361,88.77217
362,88.77217
363,88.77217
364,88.77217
365,88.77217
366,88.77217
367,88.77217
368,88.77217
369,88.77217
370,88.77217
371,79.93064
372,79.93064
373,79.93064
374,79.93064
375,79.93064
376,79.93064
377,79.93064
378,79.93064
379,79.93064
380,79.93064
381,82.834595
382,82.834595
383,82.834595
384,82.834595
385,82.834595
386,82.834595
387,82.834595
388,82.834595
389,82.834595
390,82.834595
391,76.921814
392,76.921814
393,76.921814
394,76.921814
395,76.921814
396,76.921814
397,76.921814
398,76.921814
399,76.921814
400,76.921814
401,98.100975
402,98.100975
403,98.100975
404,98.100975
405,98.100975
406,98.100975
407,98.100975
408,98.100975
409,98.100975
410,98.100975
411,75.52013
412,75.52013
413,75.52013
414,75.52013
415,75.52013
416,92.51196
417,92.51196
418,92.51196
419,92.51196
420,92.51196
421,29.139326
422,29.139326
423,29.139326
424,29.139326
425,29.139326
426,29.139326
427,29.139326
428,29.139326
429,29.139326
430,29.139326
431,93.325035
432,93.325035
433,93.325035
434,93.325035
435,93.325035
436,93.325035
437,93.325035
438,93.325035
439,93.325035
440,93.325035
441,126.65034
442,126.65034
443,126.65034
444,126.65034
445,126.65034
446,126.65034
447,126.65034
448,126.65034
449,126.65034
450,126.65034
451,79.1855
452,79.1855
453,78.37626
454,78.37626
455,78.37626
456,78.37626
457,78.37626
458,78.37626
459,78.37626
460,78.37626
461,69.51962
462,69.51962
463,69.51962
464,69.51962
465,69.51962
466,69.51962
467,69.51962
468,69.51962
469,69.51962
470,69.51962
471,100.19831
472,100.19831
473,100.19831
474,100.19831
475,100.19831
476,100.19831
477,100.19831
478,100.19831
479,100.19831
480,100.19831
481,96.30792
482,96.30792
483,96.30792
484,96.30792
485,96.30792
486,96.30792
487,96.30792
488,96.30792
489,96.30792
490,96.30792
491,89.478516
492,89.478516
493,89.478516
494,89.478516
495,89.478516
496,89.478516
497,89.478516
498,89.478516
499,89.478516
500,89.478516
501,78.95517
502,78.95517
503,78.95517
504,78.95517
505,78.95517
506,78.95517
507,102.465744
508,102.465744
509,102.465744
510,102.465744
511,49.108555
512,49.108555
513,49.108555
514,49.108555
515,49.108555
516,49.108555
517,49.108555
518,49.108555
519,49.108555
520,49.108555
521,91.41753
522,91.41753
523,91.41753
524,91.41753
525,91.41753
526,91.41753
527,91.41753
528,91.41753
529,91.41753
530,91.41753
531,116.10952
532,116.10952
533,116.10952
534,116.10952
535,116.10952
536,116.10952
537,116.10952
538,116.10952
539,116.10952
540,116.10952
541,105.71037
542,105.71037
543,105.71037
544,105.71037
545,105.71037
546,105.71037
547,105.71037
548,105.71037
549,105.71037
550,105.71037
551,84.137314
552,84.137314
553,84.137314
554,84.137314
555,84.137314
556,84.137314
557,84.137314
558,84.137314
559,84.137314
560,84.137314
561,76.79702
562,76.79702
563,76.79702
564,76.79702
565,76.79702
566,76.79702
567,76.79702
568,76.79702
569,76.79702
570,76.79702
571,87.22423
572,87.22423
573,87.22423
574,87.22423
575,87.22423
576,87.22423
577,87.22423
578,87.22423
579,87.22423
580,87.22423
581,70.0207
582,70.0207
583,70.0207
584,70.0207
585,70.0207
586,70.0207
587,70.0207
588,70.0207
589,70.0207
590,70.0207
591,98.67315
592,98.67315
593,98.67315
594,98.67315
595,98.67315
596,98.67315
597,98.67315
598,98.67315
599,98.67315
600,98.67315
601,91.78374
602,91.78374
603,91.78374
604,91.78374
605,91.78374
606,91.78374
607,91.78374
608,91.78374
609,91.78374
610,91.78374
611,86.00294
612,86.00294
613,86.00294
614,86.00294
615,86.00294
616,86.00294
617,86.00294
618,86.00294
619,86.00294
620,86.00294
621,144.6386
622,144.6386
623,144.6386
624,144.6386
625,144.6386
626,144.6386
627,144.6386
628,144.6386
629,144.6386
630,144.6386
631,99.49331
632,99.49331
633,99.49331
634,99.49331
635,99.49331
636,99.49331
637,99.49331
638,99.49331
639,99.49331
640,99.49331
641,113.49411
642,113.49411
643,113.49411
644,113.49411
645,113.49411
646,113.49411
647,113.49411
648,113.49411
649,113.49411
650,113.49411
651,116.42734
652,116.42734
653,116.42734
654,116.42734
655,116.42734
656,116.42734
657,116.42734
658,116.42734
659,116.42734
660,116.42734
661,103.13687
662,103.13687
663,103.13687
664,103.13687
665,103.13687
666,103.13687
667,103.13687
668,103.13687
669,103.13687
670,103.13687
671,126.15439
672,126.15439
673,126.15439
674,126.15439
675,126.15439
676,126.15439
677,126.15439
678,126.15439
679,126.15439
680,126.15439
681,75.32446
682,75.32446
683,75.32446
684,75.32446
685,75.32446
686,75.32446
687,75.32446
688,75.32446
689,75.32446
690,75.32446
691,75.80853
692,75.80853
693,75.80853
694,75.80853
695,75.80853
696,75.80853
697,75.80853
698,75.80853
699,75.80853
700,75.80853
701,88.749565
702,88.749565
703,88.749565
704,88.749565
705,88.749565
706,88.749565
707,88.749565
708,88.749565
709,88.749565
710,88.749565
711,79.83388
712,79.83388
713,79.83388
714,79.83388
715,79.83388
716,79.83388
717,79.83388
718,79.83388
719,79.83388
720,79.83388
721,83.132675
722,83.132675
723,83.132675
724,83.132675
725,83.132675
726,83.132675
727,83.132675
728,83.132675
729,83.132675
730,83.132675
731,130.65895
732,130.65895
733,130.65895
734,130.65895
735,130.65895
736,130.65895
737,130.65895
738,130.65895
739,130.65895
740,130.65895
741,77.93218
742,77.93218
743,77.93218
744,77.93218
745,77.93218
746,77.93218
747,77.93218
748,77.93218
749,77.93218
750,77.93218
751,79.818565
752,79.818565
753,79.818565
754,79.818565
755,79.818565
756,79.818565
757,79.818565
758,79.818565
759,79.818565
760,79.818565
761,81.37999
762,81.37999
763,81.37999
764,81.37999
765,81.37999
766,81.37999
767,81.37999
768,81.37999
769,81.37999
770,81.37999
771,91.46528
772,91.46528
773,91.46528
774,91.46528
775,91.46528
776,91.46528
777,91.46528
778,91.46528
779,91.46528
780,91.46528
781,93.69958
782,93.69958
783,93.69958
784,93.69958
785,93.69958
786,93.69958
787,93.69958
788,93.69958
789,93.69958
790,93.69958
791,82.82841
792,82.82841
793,82.82841
794,82.82841
795,82.82841
796,82.82841
797,82.82841
798,82.82841
799,82.82841
800,82.82841
801,79.27634
802,79.27634
803,79.27634
804,79.27634
805,79.27634
806,79.27634
807,79.27634
808,79.27634
809,79.27634
810,79.27634
811,71.17761
812,71.17761
813,71.17761
814,71.17761
815,71.17761
816,71.17761
817,71.17761
818,71.17761
819,71.17761
820,71.17761
821,94.71679
822,94.71679
823,94.71679
824,94.71679
825,94.71679
826,94.71679
827,94.71679
828,94.71679
829,94.71679
830,94.71679
831,97.195305
832,97.195305
833,97.195305
834,97.195305
835,97.195305
836,97.195305
837,97.195305
838,97.195305
839,97.195305
840,97.195305
841,89.275826
842,89.275826
843,89.275826
844,89.275826
845,89.275826
846,89.275826
847,89.275826
848,89.275826
849,89.275826
850,89.275826
851,84.70024
852,84.70024
853,84.70024
854,84.70024
855,84.70024
856,84.70024
857,84.70024
858,84.70024
859,84.70024
860,84.70024
861,67.58709
862,67.58709
863,67.58709
864,67.58709
865,67.58709
866,67.58709
867,67.58709
868,67.58709
869,67.58709
870,67.58709
871,96.443924
872,96.443924
873,96.443924
874,96.443924
875,96.443924
876,96.443924
877,96.443924
878,96.443924
879,96.443924
880,96.443924
881,75.38597
882,75.38597
883,75.38597
884,75.38597
885,75.38597
886,75.38597
887,75.38597
888,75.38597
889,75.38597
890,75.38597
891,87.14445
892,87.14445
893,87.14445
894,87.14445
895,87.14445
896,87.14445
897,87.14445
898,87.14445
899,87.14445
900,87.14445
901,70.41585
902,70.41585
903,70.41585
904,70.41585
905,70.41585
906,70.41585
907,70.41585
908,70.41585
909,70.41585
910,70.41585
911,101.46874
912,101.46874
913,101.46874
914,101.46874
915,101.46874
916,101.46874
917,101.46874
918,101.46874
919,101.46874
920,101.46874
921,59.37199
922,59.37199
923,59.37199
924,59.37199
925,59.37199
926,59.37199
927,59.37199
928,59.37199
929,59.37199
930,59.37199
931,63.661648
932,63.661648
933,63.661648
934,63.661648
935,63.661648
936,63.661648
937,63.661648
938,63.661648
939,63.661648
940,63.661648
941,109.25674
942,109.25674
943,109.25674
944,109.25674
945,109.25674
946,109.25674
947,109.25674
948,109.25674
949,109.25674
950,109.25674
951,77.62746
952,77.62746
953,77.62746
954,77.62746
955,77.62746
956,77.62746
957,77.62746
958,77.62746
959,77.62746
960,77.62746
961,79.75968
962,79.75968
963,79.75968
964,79.75968
965,79.75968
966,79.75968
967,79.75968
968,79.75968
969,79.75968
970,79.75968
971,119.11141
972,119.11141
973,119.11141
974,119.11141
975,119.11141
976,119.11141
977,119.11141
978,119.11141
979,119.11141
980,119.11141
981,116.69505
982,116.69505
983,116.69505
984,116.69505
985,116.69505
986,116.69505
987,116.69505
988,116.69505
989,116.69505
990,116.69505
991,100.97401
992,100.97401
993,100.97401
994,100.97401
995,100.97401
996,100.97401
997,100.97401
998,100.97401
999,100.97401
1000,100.97401
1001,63.20644
1002,63.20644
1003,63.20644
1004,63.20644
1005,63.20644
1006,63.20644
1007,63.20644
1008,63.20644
1009,63.20644
1010,63.20644
1011,80.492584
1012,80.492584
1013,80.492584
1014,80.492584
1015,80.492584
1016,80.492584
1017,80.492584
1018,80.492584
1019,80.492584
1020,80.492584
1021,88.94052
1022,88.94052
1023,88.94052
1024,88.94052
1025,88.94052
1026,88.94052
1027,88.94052
1028,88.94052
1029,88.94052
1030,88.94052
1031,81.23719
1032,81.23719
1033,81.23719
1034,81.23719
1035,81.23719
1036,81.23719
1037,81.23719
1038,81.23719
1039,81.23719
1040,81.23719
1041,63.77293
1042,63.77293
1043,63.77293
1044,63.77293
1045,63.77293
1046,63.77293
1047,63.77293
1048,63.77293
1049,63.77293
1050,63.77293
1051,80.4311
1052,80.4311
1053,80.4311
1054,80.4311
1055,80.4311
1056,80.4311
1057,80.4311
1058,80.4311
1059,80.4311
1060,80.4311
1061,93.2151
1062,93.2151
1063,93.2151
1064,93.2151
1065,93.2151
1066,93.2151
1067,93.2151
1068,93.2151
1069,93.2151
1070,93.2151
1071,74.59206
1072,74.59206
1073,74.59206
1074,74.59206
1075,74.59206
1076,74.59206
1077,74.59206
1078,74.59206
1079,74.59206
1080,74.59206
1081,103.279884
1082,103.279884
1083,103.279884
1084,103.279884
1085,103.279884
1086,103.279884
1087,103.279884
1088,103.279884
1089,103.279884
1090,103.279884
1091,99.16901
1092,99.16901
1093,99.16901
1094,99.16901
1095,99.16901
1096,99.16901
1097,99.16901
1098,99.16901
1099,99.16901
1100,99.16901
1101,97.36984
1102,97.36984
1103,97.36984
1104,97.36984
1105,97.36984
1106,97.36984
1107,97.36984
1108,97.36984
1109,97.36984
1110,97.36984
1111,79.141335
1112,79.141335
1113,79.141335
1114,79.141335
1115,79.141335
1116,79.141335
1117,79.141335
1118,79.141335
1119,79.141335
1120,79.141335
1121,83.20778
1122,83.20778
1123,83.20778
1124,83.20778
1125,83.20778
1126,83.20778
1127,83.20778
1128,83.20778
1129,83.20778
1130,83.20778
1131,94.71016
1132,94.71016
1133,94.71016
1134,94.71016
1135,94.71016
1136,94.71016
1137,94.71016
1138,149.04681
1139,149.04681
1140,149.04681
1141,24.18217
1142,24.18217
1143,24.18217
1144,24.18217
1145,24.18217
1146,24.18217
1147,24.18217
1148,24.18217
1149,24.18217
1150,24.18217
1151,112.005066
1152,112.005066
1153,112.005066
1154,112.005066
1155,112.005066
1156,112.005066
1157,112.005066
1158,112.005066
1159,112.005066
1160,112.005066
1161,75.276955
1162,75.276955
1163,75.276955
1164,75.276955
1165,75.276955
1166,75.276955
1167,75.276955
1168,75.276955
1169,75.276955
1170,75.276955
1171,81.37158
1172,81.37158
1173,81.37158
1174,81.37158
1175,81.37158
1176,81.37158
1177,81.37158
1178,81.37158
1179,81.37158
1180,81.37158
1181,69.26994
1182,69.26994
1183,69.26994
1184,69.26994
1185,69.26994
1186,69.26994
1187,69.26994
1188,69.26994
1189,69.26994
1190,69.26994
1191,108.30088
1192,108.30088
1193,108.30088
1194,108.30088
1195,108.30088
1196,108.30088
1197,108.30088
1198,108.30088
1199,108.30088
1200,108.30088
1201,94.71974
1202,94.71974
1203,94.71974
1204,94.71974
1205,94.71974
1206,94.71974
1207,94.71974
1208,94.71974
1209,94.71974
1210,94.71974
1211,74.41909
1212,74.41909
1213,74.41909
1214,74.41909
1215,74.41909
1216,74.41909
1217,74.41909
1218,74.41909
1219,74.41909
1220,74.41909
1221,103.5937
1222,103.5937
1223,103.5937
1224,103.5937
1225,103.5937
1226,103.5937
1227,103.5937
1228,103.5937
1229,103.5937
1230,103.5937
1231,66.39462
1232,66.39462
1233,66.39462
1234,66.39462
1235,66.39462
1236,66.39462
1237,66.39462
1238,66.39462
1239,66.39462
1240,66.39462
1241,84.96078
1242,84.96078
1243,84.96078
1244,84.96078
1245,84.96078
1246,84.96078
1247,84.96078
1248,84.96078
1249,84.96078
1250,84.96078
1251,106.94481
1252,106.94481
1253,106.94481
1254,106.94481
1255,106.94481
1256,106.94481
1257,106.94481
1258,106.94481
1259,106.94481
1260,106.94481
1261,86.56413
1262,86.56413
1263,86.56413
1264,86.56413
1265,86.56413
1266,86.56413
1267,86.56413
1268,86.56413
1269,86.56413
1270,86.56413
1271,78.345375
1272,78.345375
1273,78.345375
1274,78.345375
1275,78.345375
1276,78.345375
1277,78.345375
1278,78.345375
1279,78.345375
1280,78.345375
1281,97.18976
1282,97.18976
1283,97.18976
1284,97.18976
1285,97.18976
1286,97.18976
1287,97.18976
1288,97.18976
1289,97.18976
1290,97.18976
1291,80.54357
1292,80.54357
1293,80.54357
1294,80.54357
1295,80.54357
1296,80.54357
1297,80.54357
1298,80.54357
1299,80.54357
1300,80.54357
1301,102.74595
1302,102.74595
1303,102.74595
1304,102.74595
1305,102.74595
1306,102.74595
1307,102.74595
1308,102.74595
1309,102.74595
1310,102.74595
1311,83.26146
1312,83.26146
1313,83.26146
1314,83.26146
1315,83.26146
1316,83.26146
1317,83.26146
1318,83.26146
1319,83.26146
1320,83.26146
1321,82.66839
1322,82.66839
1323,82.66839
1324,82.66839
1325,82.66839
1326,82.66839
1327,82.66839
1328,82.66839
1329,82.66839
1330,82.66839
1331,95.63573
1332,95.63573
1333,95.63573
1334,95.63573
1335,95.63573
1336,95.63573
1337,95.63573
1338,95.63573
1339,95.63573
1340,95.63573
1341,106.02845
1342,106.02845
1343,106.02845
1344,106.02845
1345,106.02845
1346,106.02845
1347,106.02845
1348,106.02845
1349,106.02845
1350,106.02845
1351,70.83276
1352,70.83276
1353,70.83276
1354,70.83276
1355,70.83276
1356,70.83276
1357,70.83276
1358,70.83276
1359,70.83276
1360,70.83276
1361,94.10415
1362,94.10415
1363,94.10415
1364,94.10415
1365,94.10415
1366,94.10415
1367,94.10415
1368,94.10415
1369,94.10415
1370,94.10415
1371,102.626205
1372,102.626205
1373,102.626205
1374,102.626205
1375,102.626205
1376,102.626205
1377,102.626205
1378,102.626205
1379,102.626205
1380,102.626205
1381,90.26976
1382,90.26976
1383,90.26976
1384,90.26976
1385,90.26976
1386,90.26976
1387,90.26976
1388,90.26976
1389,90.26976
1390,90.26976
1391,70.845955
1392,70.845955
1393,70.845955
1394,70.845955
1395,70.845955
1396,70.845955
1397,70.845955
1398,70.845955
1399,70.845955
1400,70.845955
1401,94.907684
1402,94.907684
1403,94.907684
1404,94.907684
1405,94.907684
1406,94.907684
1407,94.907684
1408,94.907684
1409,94.907684
1410,94.907684
1411,95.885956
1412,95.885956
1413,95.885956
1414,95.885956
1415,95.885956
1416,95.885956
1417,95.885956
1418,95.885956
1419,95.885956
1420,95.885956
1421,77.460625
1422,77.460625
1423,77.460625
1424,77.460625
1425,77.460625
1426,77.460625
1427,77.460625
1428,77.460625
1429,77.460625
1430,77.460625
1431,75.15698
1432,75.15698
1433,75.15698
1434,75.15698
1435,75.15698
1436,75.15698
1437,75.15698
1438,75.15698
1439,75.15698
1440,75.15698
1441,87.164986
1442,87.164986
1443,87.164986
1444,87.164986
1445,87.164986
1446,87.164986
1447,87.164986
1448,87.164986
1449,87.164986
1450,87.164986
1451,119.48699
1452,119.48699
1453,119.48699
1454,119.48699
1455,119.48699
1456,119.48699
1457,119.48699
1458,119.48699
1459,119.48699
1460,119.48699
1461,79.002525
1462,79.002525
1463,79.002525
1464,79.002525
1465,79.002525
1466,79.002525
1467,79.002525
1468,79.002525
1469,79.002525
1470,79.002525
1471,88.07053
1472,88.07053
1473,88.07053
1474,88.07053
1475,88.07053
1476,88.07053
1477,88.07053
1478,88.07053
1479,88.07053
1480,88.07053
1481,90.06525
1482,90.06525
1483,90.06525
1484,90.06525
1485,90.06525
1486,90.06525
1487,90.06525
1488,90.06525
1489,90.06525
1490,90.06525
1491,102.45915
1492,102.45915
1493,102.45915
1494,102.45915
1495,102.45915
1496,102.45915
1497,102.45915
1498,102.45915
1499,102.45915
1500,102.45915
1501,76.58028
1502,76.58028
1503,76.58028
1504,76.58028
1505,76.58028
1506,76.58028
1507,76.58028
1508,76.58028
1509,76.58028
1510,76.58028
1511,97.16154
1512,97.16154
1513,97.16154
1514,97.16154
1515,97.16154
1516,97.16154
1517,97.16154
1518,97.16154
1519,97.16154
1520,97.16154
1521,107.17727
1522,107.17727
1523,107.17727
1524,107.17727
1525,107.17727
1526,107.17727
1527,107.17727
1528,107.17727
1529,107.17727
1530,107.17727
1531,82.745094
1532,82.745094
1533,82.745094
1534,82.745094
1535,82.745094
1536,82.745094
1537,82.745094
1538,82.745094
1539,82.745094
1540,82.745094
1541,82.411545
1542,82.411545
1543,82.411545
1544,82.411545
1545,82.411545
1546,82.411545
1547,82.411545
1548,82.411545
1549,82.411545
1550,82.411545
1551,72.61692
1552,72.61692
1553,72.61692
1554,72.61692
1555,72.61692
1556,72.61692
1557,72.61692
1558,72.61692
1559,72.61692
1560,72.61692
1561,132.7343
1562,132.7343
1563,132.7343
1564,132.7343
1565,132.7343
1566,132.7343
1567,132.7343
1568,132.7343
1569,132.7343
1570,132.7343
1571,96.68585
1572,96.68585
1573,96.68585
1574,96.68585
1575,96.68585
1576,96.68585
1577,96.68585
1578,96.68585
1579,96.68585
1580,96.68585
1581,78.01079
1582,78.01079
1583,78.01079
1584,78.01079
1585,78.01079
1586,78.01079
1587,78.01079
1588,78.01079
1589,78.01079
1590,78.01079
1591,97.211334
1592,97.211334
1593,97.211334
1594,97.211334
1595,97.211334
1596,97.211334
1597,97.211334
1598,97.211334
1599,97.211334
1600,97.211334
1601,92.915855
1602,92.915855
1603,92.915855
1604,92.915855
1605,92.915855
1606,92.915855
1607,92.915855
1608,92.915855
1609,92.915855
1610,92.915855
1611,64.49719
1612,64.49719
1613,64.24171
1614,64.24171
1615,64.24171
1616,64.24171
1617,64.24171
1618,64.24171
1619,64.24171
1620,64.24171
1621,63.579834
1622,63.579834
1623,63.579834
1624,63.579834
1625,63.579834
1626,63.579834
1627,63.579834
1628,63.579834
1629,63.579834
1630,63.579834
1631,84.666245
1632,84.666245
1633,84.666245
1634,84.666245
1635,84.666245
1636,84.666245
1637,84.666245
1638,84.666245
1639,84.666245
1640,84.666245
1641,73.53823
1642,73.53823
1643,73.53823
1644,73.53823
1645,73.53823
1646,73.53823
1647,73.53823
1648,73.53823
1649,73.53823
1650,73.53823
1651,81.62328
1652,81.62328
1653,81.62328
1654,81.62328
1655,81.62328
1656,81.62328
1657,81.62328
1658,81.62328
1659,81.62328
1660,81.62328
1661,80.058586
1662,80.058586
1663,80.058586
1664,80.058586
1665,80.058586
1666,80.058586
1667,80.058586
1668,80.058586
1669,80.058586
1670,80.058586
1671,64.888626
1672,64.888626
1673,64.888626
1674,64.888626
1675,64.888626
1676,64.888626
1677,64.888626
1678,64.888626
1679,64.888626
1680,64.888626
1681,76.42998
1682,76.42998
1683,76.42998
1684,76.42998
1685,76.42998
1686,76.42998
1687,76.42998
1688,76.42998
1689,76.42998
1690,76.42998
1691,98.86614
1692,98.86614
1693,98.86614
1694,98.86614
1695,98.86614
1696,98.86614
1697,98.86614
1698,98.86614
1699,98.86614
1700,98.86614
1701,80.193695
1702,80.193695
1703,80.193695
1704,80.193695
1705,80.193695
1706,80.193695
1707,80.193695
1708,80.193695
1709,80.193695
1710,80.193695
1711,102.54855
1712,102.54855
1713,102.54855
1714,102.54855
1715,102.54855
1716,102.54855
1717,102.54855
1718,102.54855
1719,102.54855
1720,102.54855
1721,63.003735
1722,63.003735
1723,63.003735
1724,63.003735
1725,63.003735
1726,63.003735
1727,63.003735
1728,63.003735
1729,63.003735
1730,63.003735
1731,87.61966
1732,87.61966
1733,87.61966
1734,87.61966
1735,87.61966
1736,87.61966
1737,87.61966
1738,87.61966
1739,87.61966
1740,87.61966
1741,108.52196
1742,108.52196
1743,108.52196
1744,108.52196
1745,108.52196
1746,108.52196
1747,108.52196
1748,108.52196
1749,108.52196
1750,108.52196
1751,86.60417
1752,86.60417
1753,86.60417
1754,86.60417
1755,86.60417
1756,86.60417
1757,86.60417
1758,86.60417
1759,86.60417
1760,86.60417
1761,78.21451
1762,78.21451
1763,78.21451
1764,78.21451
1765,78.21451
1766,78.21451
1767,78.21451
1768,78.21451
1769,78.21451
1770,78.21451
1771,88.267136
1772,88.267136
1773,88.267136
1774,88.267136
1775,88.267136
1776,88.267136
1777,88.267136
1778,88.267136
1779,88.267136
1780,88.267136
1781,76.07108
1782,76.07108
1783,76.07108
1784,76.07108
1785,76.07108
1786,76.07108
1787,76.07108
1788,76.07108
1789,76.07108
1790,76.07108
1791,80.70771
1792,80.70771
1793,80.70771
1794,80.70771
1795,80.70771
1796,80.70771
1797,80.70771
1798,80.70771
1799,80.70771
1800,80.70771
1801,113.85566
1802,113.85566
1803,113.85566
1804,113.85566
1805,113.85566
1806,113.85566
1807,113.85566
1808,113.85566
1809,113.85566
1810,113.85566
1811,86.98666
1812,86.98666
1813,86.98666
1814,86.98666
1815,86.98666
1816,86.98666
1817,86.98666
1818,86.98666
1819,86.98666
1820,86.98666
1821,64.197266
1822,64.197266
1823,64.197266
1824,64.197266
1825,64.197266
1826,64.197266
1827,64.197266
1828,64.197266
1829,64.197266
1830,64.197266
1831,94.14486
1832,94.14486
1833,94.14486
1834,94.14486
1835,94.14486
1836,94.14486
1837,94.14486
1838,94.14486
1839,94.14486
1840,94.14486
1841,76.340614
1842,76.340614
1843,76.340614
1844,76.340614
1845,76.340614
1846,76.340614
1847,76.340614
1848,76.340614
1849,76.340614
1850,76.340614
1851,94.94083
1852,94.94083
1853,94.94083
1854,94.94083
1855,94.94083
1856,94.94083
1857,94.94083
1858,94.94083
1859,94.94083
1860,94.94083
1861,86.81031
1862,86.81031
1863,86.81031
1864,86.81031
1865,86.81031
1866,86.81031
1867,86.81031
1868,86.81031
1869,86.81031
1870,86.81031
1871,95.84211
1872,95.84211
1873,95.84211
1874,95.84211
1875,95.84211
1876,95.84211
1877,95.84211
1878,95.84211
1879,95.84211
1880,95.84211
1881,93.12228
1882,93.12228
1883,93.12228
1884,93.12228
1885,93.12228
1886,93.12228
1887,93.12228
1888,93.12228
1889,93.12228
1890,93.12228
1891,61.21643
1892,61.21643
1893,61.21643
1894,61.21643
1895,61.21643
1896,61.21643
1897,61.21643
1898,61.21643
1899,61.21643
1900,61.21643
1901,91.51814
1902,91.51814
1903,91.51814
1904,91.51814
1905,91.51814
1906,91.51814
1907,91.51814
1908,91.51814
1909,91.51814
1910,91.51814
1911,87.9683
1912,87.9683
1913,87.9683
1914,87.9683
1915,87.9683
1916,87.9683
1917,87.9683
1918,87.9683
1919,87.9683
1920,87.9683
1921,83.02725
1922,83.02725
1923,83.02725
1924,83.02725
1925,83.02725
1926,83.02725
1927,83.02725
1928,83.02725
1929,83.02725
1930,83.02725
1931,91.23246
1932,91.23246
1933,91.23246
1934,91.23246
1935,91.23246
1936,91.23246
1937,91.23246
1938,91.23246
1939,91.23246
1940,91.23246
1941,84.409775
1942,84.409775
1943,84.409775
1944,84.409775
1945,84.409775
1946,84.409775
1947,84.409775
1948,84.409775
1949,84.409775
1950,84.409775
1951,109.94974
1952,109.94974
1953,109.94974
1954,109.94974
1955,109.94974
1956,109.94974
1957,109.94974
1958,109.94974
1959,109.94974
1960,109.94974
1961,95.20542
1962,95.20542
1963,95.20542
1964,95.20542
1965,95.20542
1966,95.20542
1967,95.20542
1968,95.20542
1969,95.20542
1970,95.20542
1971,73.54661
1972,73.54661
1973,73.54661
1974,73.54661
1975,73.54661
1976,73.54661
1977,73.54661
1978,73.54661
1979,73.54661
1980,73.54661
1981,78.70001
1982,78.70001
1983,78.70001
1984,78.70001
1985,78.70001
1986,78.70001
1987,78.70001
1988,78.70001
1989,78.70001
1990,78.70001
1991,72.18767
1992,72.18767
1993,72.18767
1994,72.18767
1995,72.18767
1996,72.18767
1997,72.18767
1998,72.18767
1999,130.50702
2000,130.50702
2001,28.319876
2002,28.319876
2003,28.319876
2004,28.319876
2005,28.319876
2006,28.319876
2007,28.319876
2008,28.319876
2009,28.319876
2010,28.319876
2011,74.38076
2012,74.38076
2013,74.38076
2014,74.38076
2015,74.38076
2016,74.38076
2017,74.38076
2018,74.38076
2019,74.38076
2020,74.38076
2021,107.06975
2022,107.06975
2023,107.06975
2024,107.06975
2025,107.06975
2026,107.06975
2027,107.06975
2028,107.06975
2029,107.06975
2030,107.06975
2031,87.02957
2032,87.02957
2033,87.02957
2034,87.02957
2035,87.02957
2036,87.02957
2037,87.02957
2038,87.02957
2039,87.02957
2040,87.02957
2041,76.33784
2042,76.33784
2043,76.33784
2044,76.33784
2045,76.33784
2046,76.33784
2047,76.33784
2048,76.33784
2049,76.33784
2050,76.33784
2051,119.28954
2052,119.28954
2053,119.28954
2054,119.28954
2055,119.28954
2056,119.28954
2057,119.28954
2058,119.28954
2059,119.28954
2060,119.28954
2061,86.28234
2062,86.28234
2063,86.28234
2064,86.28234
2065,86.28234
2066,86.28234
2067,86.28234
2068,86.28234
2069,86.28234
2070,86.28234
2071,66.61723
2072,66.61723
2073,66.61723
2074,66.61723
2075,66.61723
2076,66.61723
2077,66.61723
2078,66.61723
2079,66.61723
2080,66.61723
2081,85.10189
2082,85.10189
2083,85.10189
2084,85.10189
2085,85.10189
2086,85.10189
2087,85.10189
2088,85.10189
2089,85.10189
2090,85.10189
2091,76.49948
2092,76.49948
2093,76.49948
2094,76.49948
2095,76.49948
2096,76.49948
2097,76.49948
2098,76.49948
2099,76.49948
2100,76.49948
2101,107.92076
2102,107.92076
2103,107.92076
2104,107.92076
2105,107.92076
2106,107.92076
2107,107.92076
2108,107.92076
2109,107.92076
2110,107.92076
2111,124.95361
2112,124.95361
2113,124.95361
2114,124.95361
2115,124.95361
2116,124.95361
2117,124.95361
2118,124.95361
2119,124.95361
2120,124.95361
2121,111.44145
2122,111.44145
2123,111.44145
2124,111.44145
2125,111.44145
2126,111.44145
2127,111.44145
2128,111.44145
2129,111.44145
2130,111.44145
2131,86.89273
2132,86.89273
2133,86.89273
2134,86.89273
2135,86.89273
2136,86.89273
2137,86.89273
2138,156.29683
2139,156.29683
2140,156.29683
2141,25.38338
2142,25.38338
2143,25.38338
2144,25.38338
2145,25.38338
2146,25.38338
2147,25.38338
2148,25.38338
2149,25.38338
2150,25.38338
2151,87.80916
2152,87.80916
2153,87.80916
2154,87.80916
2155,87.80916
2156,87.80916
2157,87.80916
2158,87.80916
2159,87.80916
2160,87.80916
2161,75.18493
2162,75.18493
2163,75.18493
2164,75.18493
2165,75.18493
2166,75.18493
2167,75.18493
2168,75.18493
2169,75.18493
2170,75.18493
2171,78.5263
2172,78.5263
2173,78.5263
2174,78.5263
2175,78.5263
2176,78.5263
2177,78.5263
2178,78.5263
2179,78.5263
2180,78.5263
2181,118.74598
2182,118.74598
2183,118.74598
2184,118.74598
2185,118.74598
2186,118.74598
2187,118.74598
2188,118.74598
2189,118.74598
2190,118.74598
2191,77.76486
2192,77.76486
2193,77.76486
2194,77.76486
2195,77.76486
2196,77.76486
2197,77.76486
2198,77.76486
2199,77.76486
2200,77.76486
2201,104.296104
2202,104.296104
2203,104.296104
2204,104.296104
2205,104.296104
2206,104.296104
2207,104.296104
2208,104.296104
2209,104.296104
2210,104.296104
2211,74.208046
2212,74.208046
2213,74.208046
2214,74.208046
2215,74.208046
2216,74.208046
2217,74.208046
2218,74.208046
2219,74.208046
2220,74.208046
2221,88.02697
2222,88.02697
2223,88.02697
2224,88.02697
2225,88.02697
2226,88.02697
2227,88.02697
2228,88.02697
2229,88.02697
2230,88.02697
2231,101.98594
2232,101.98594
2233,101.98594
2234,101.98594
2235,101.98594
2236,101.98594
2237,101.98594
2238,101.98594
2239,101.98594
2240,101.98594
2241,71.987465
2242,71.987465
2243,71.987465
2244,71.987465
2245,71.987465
2246,71.987465
2247,71.987465
2248,71.987465
2249,71.987465
2250,71.987465
2251,106.06689
2252,106.06689
2253,106.06689
2254,106.06689
2255,106.06689
2256,106.06689
2257,106.06689
2258,106.06689
2259,106.06689
2260,106.06689
2261,99.809105
2262,99.809105
2263,99.809105
2264,99.809105
2265,99.809105
2266,99.809105
2267,99.809105
2268,99.809105
2269,99.809105
2270,99.809105
2271,117.945015
2272,117.945015
2273,117.945015
2274,117.945015
2275,117.945015
2276,117.945015
2277,117.945015
2278,117.945015
2279,117.945015
2280,117.945015
2281,93.37072
2282,93.37072
2283,93.37072
2284,93.37072
2285,93.37072
2286,93.37072
2287,93.37072
2288,93.37072
2289,93.37072
2290,93.37072
2291,66.84726
2292,66.84726
2293,66.84726
2294,66.84726
2295,66.84726
2296,66.84726
2297,66.84726
2298,66.84726
2299,66.84726
2300,66.84726
2301,91.409424
2302,91.409424
2303,91.409424
2304,91.409424
2305,91.409424
2306,91.409424
2307,91.409424
2308,91.409424
2309,91.409424
2310,91.409424
2311,89.43184
2312,89.43184
2313,89.43184
2314,89.43184
2315,89.43184
2316,89.43184
2317,89.43184
2318,89.43184
2319,89.43184
2320,89.43184
2321,96.15229
2322,96.15229
2323,96.15229
2324,96.15229
2325,96.15229
2326,96.15229
2327,96.15229
2328,96.15229
2329,96.15229
2330,96.15229
2331,109.3911
2332,109.3911
2333,109.3911
2334,109.3911
2335,109.3911
2336,109.3911
2337,109.3911
2338,109.3911
2339,109.3911
2340,109.3911
2341,71.04463
2342,71.04463
2343,71.04463
2344,71.04463
2345,71.04463
2346,71.04463
2347,71.04463
2348,71.04463
2349,71.04463
2350,71.04463
2351,62.19894
2352,62.19894
2353,62.19894
2354,62.19894
2355,62.19894
2356,62.19894
2357,62.19894
2358,62.19894
2359,62.19894
2360,62.19894
2361,83.7691
2362,83.7691
2363,83.7691
2364,83.7691
2365,83.7691
2366,83.7691
2367,83.7691
2368,83.7691
2369,83.7691
2370,83.7691
2371,112.5159
2372,112.5159
2373,112.5159
2374,112.5159
2375,112.5159
2376,112.5159
2377,112.5159
2378,112.5159
2379,112.5159
2380,112.5159
2381,77.94365
2382,77.94365
2383,77.94365
2384,77.94365
2385,77.94365
2386,77.94365
2387,77.94365
2388,77.94365
2389,77.94365
2390,77.94365
2391,81.3161
2392,81.3161
2393,81.3161
2394,81.3161
2395,81.3161
2396,81.3161
2397,81.3161
2398,81.3161
2399,81.3161
2400,81.3161
2401,80.94697
2402,80.94697
2403,80.94697
2404,80.94697
2405,80.94697
2406,80.94697
2407,80.94697
2408,80.94697
2409,80.94697
2410,80.94697
2411,78.534966
2412,78.534966
2413,78.534966
2414,91.233284
2415,91.233284
2416,91.233284
2417,91.233284
2418,91.233284
2419,91.233284
2420,91.233284
2421,114.10162
2422,114.10162
2423,114.10162
2424,114.10162
2425,114.10162
2426,114.10162
2427,114.10162
2428,114.10162
2429,114.10162
2430,114.10162
2431,87.331566
2432,87.331566
2433,87.331566
2434,87.331566
2435,87.331566
2436,87.331566
2437,87.331566
2438,87.331566
2439,87.331566
2440,87.331566
2441,73.03212
2442,73.03212
2443,73.03212
2444,73.03212
2445,73.03212
2446,73.03212
2447,73.03212
2448,73.03212
2449,73.03212
2450,73.03212
2451,83.56707
2452,83.56707
2453,83.56707
2454,83.56707
2455,83.56707
2456,83.56707
2457,83.56707
2458,83.56707
2459,83.56707
2460,83.56707
2461,111.83712
2462,111.83712
2463,111.83712
2464,111.83712
2465,111.83712
2466,111.83712
2467,129.89348
2468,129.89348
2469,129.89348
2470,129.89348
2471,38.643856
2472,38.643856
2473,38.643856
2474,38.643856
2475,38.643856
2476,38.643856
2477,38.643856
2478,38.643856
2479,38.643856
2480,38.643856
2481,77.92613
2482,77.92613
2483,77.92613
2484,77.92613
2485,77.92613
2486,77.92613
2487,77.92613
2488,77.92613
2489,77.92613
2490,77.92613
2491,73.11761
2492,73.11761
2493,73.11761
2494,73.11761
2495,73.11761
2496,73.11761
2497,73.11761
2498,73.11761
2499,73.11761
2500,73.11761
2501,83.1995
2502,83.1995
2503,83.1995
2504,83.1995
2505,83.1995
2506,83.1995
2507,83.1995
2508,83.1995
2509,83.1995
2510,83.1995
2511,85.23486
2512,85.23486
2513,85.23486
2514,85.23486
2515,85.23486
2516,85.23486
2517,85.23486
2518,85.23486
2519,85.23486
2520,85.23486
2521,68.13975
2522,68.13975
2523,68.13975
2524,68.13975
2525,68.13975
2526,68.13975
2527,68.13975
2528,68.13975
2529,68.13975
2530,68.13975
2531,71.082596
2532,71.082596
2533,71.082596
2534,71.082596
2535,71.082596
2536,71.082596
2537,71.082596
2538,71.082596
2539,71.082596
2540,71.082596
2541,102.28818
2542,102.28818
2543,102.28818
2544,102.28818
2545,102.28818
2546,102.28818
2547,102.28818
2548,102.28818
2549,102.28818
2550,102.28818
2551,84.64552
2552,84.64552
2553,84.64552
2554,84.64552
2555,84.64552
2556,84.64552
2557,84.64552
2558,84.64552
2559,84.64552
2560,84.64552
2561,86.80175
2562,86.80175
2563,86.80175
2564,86.80175
2565,86.80175
2566,86.80175
2567,86.80175
2568,86.80175
2569,86.80175
2570,86.80175
2571,71.87852
2572,71.87852
2573,71.87852
2574,71.87852
2575,71.87852
2576,71.87852
2577,71.87852
2578,71.87852
2579,71.87852
2580,71.87852
2581,75.297554
2582,75.297554
2583,75.297554
2584,75.297554
2585,75.297554
2586,75.297554
2587,75.297554
2588,75.297554
2589,75.297554
2590,75.297554
2591,109.45553
2592,109.45553
2593,109.45553
2594,109.45553
2595,109.45553
2596,109.45553
2597,109.45553
2598,109.45553
2599,109.45553
2600,109.45553
2601,87.62874
2602,87.62874
2603,87.62874
2604,87.62874
2605,87.62874
2606,87.62874
2607,87.62874
2608,87.62874
2609,87.62874
2610,87.62874
2611,133.48857
2612,133.48857
2613,133.48857
2614,133.48857
2615,133.48857
2616,133.48857
2617,133.48857
2618,133.48857
2619,133.48857
2620,133.48857
2621,76.57166
2622,76.57166
2623,76.57166
2624,76.57166
2625,95.84559
2626,95.84559
2627,95.84559
2628,95.84559
2629,95.84559
2630,95.84559
2631,97.64469
2632,97.64469
2633,97.64469
2634,97.64469
2635,97.64469
2636,97.64469
2637,97.64469
2638,97.64469
2639,97.64469
2640,97.64469
2641,78.83238
2642,78.83238
2643,78.83238
2644,78.83238
2645,78.83238
2646,78.83238
2647,78.83238
2648,78.83238
2649,78.83238
2650,78.83238
2651,80.0143
2652,80.0143
2653,80.0143
2654,80.0143
2655,80.0143
2656,80.0143
2657,80.0143
2658,80.0143
2659,80.0143
2660,80.0143
2661,100.22072
2662,100.22072
2663,100.22072
2664,100.22072
2665,100.22072
2666,100.22072
2667,100.22072
2668,100.22072
2669,100.22072
2670,100.22072
2671,83.17078
2672,83.17078
2673,83.17078
2674,83.17078
2675,83.17078
2676,83.17078
2677,83.17078
2678,83.17078
2679,83.17078
2680,83.17078
2681,80.61136
2682,80.61136
2683,80.61136
2684,80.61136
2685,80.61136
2686,80.61136
2687,80.61136
2688,80.61136
2689,80.61136
2690,151.28069
2691,11.479807
2692,11.479807
2693,11.479807
2694,11.479807
2695,11.479807
2696,11.479807
2697,11.479807
2698,11.479807
2699,11.479807
2700,11.479807
2701,92.87227
2702,92.87227
2703,92.87227
2704,92.87227
2705,92.87227
2706,92.87227
2707,92.87227
2708,92.87227
2709,92.87227
2710,92.87227
2711,105.72953
2712,105.72953
2713,105.72953
2714,105.72953
2715,105.72953
2716,105.72953
2717,105.72953
2718,105.72953
2719,105.72953
2720,105.72953
2721,103.72038
2722,103.72038
2723,103.72038
2724,103.72038
2725,103.72038
2726,103.72038
2727,103.72038
2728,103.72038
2729,103.72038
2730,103.72038
2731,72.936295
2732,72.936295
2733,72.936295
2734,72.936295
2735,72.936295
2736,72.936295
2737,72.936295
2738,72.936295
2739,72.936295
2740,72.936295
2741,75.69799
2742,75.69799
2743,75.69799
2744,75.69799
2745,75.69799
2746,75.69799
2747,75.69799
2748,75.69799
2749,75.69799
2750,75.69799
2751,78.31733
2752,78.31733
2753,78.31733
2754,78.31733
2755,78.31733
2756,78.31733
2757,78.31733
2758,78.31733
2759,78.31733
2760,78.31733
2761,103.51881
2762,103.51881
2763,103.51881
2764,103.51881
2765,103.51881
2766,103.51881
2767,103.51881
2768,103.51881
2769,103.51881
2770,103.51881
2771,112.81143
2772,112.81143
2773,112.81143
2774,112.81143
2775,112.81143
2776,112.81143
2777,112.81143
2778,112.81143
2779,112.81143
2780,112.81143
2781,70.379875
2782,70.379875
2783,70.379875
2784,70.379875
2785,70.379875
2786,70.379875
2787,70.379875
2788,70.379875
2789,70.379875
2790,70.379875
2791,79.31013
2792,79.31013
2793,79.31013
2794,79.31013
2795,79.31013
2796,79.31013
2797,79.31013
2798,79.31013
2799,79.31013
2800,79.31013
2801,83.34272
2802,83.34272
2803,83.34272
2804,83.34272
2805,83.34272
2806,83.34272
2807,83.34272
2808,83.34272
2809,83.34272
2810,83.34272
2811,85.97239
2812,85.97239
2813,85.97239
2814,85.97239
2815,85.97239
2816,85.97239
2817,85.97239
2818,85.97239
2819,85.97239
2820,85.97239
2821,69.2987
2822,69.2987
2823,69.2987
2824,69.2987
2825,69.2987
2826,69.2987
2827,69.2987
2828,69.2987
2829,69.2987
2830,69.2987
2831,96.66335
2832,96.66335
2833,96.66335
2834,96.66335
2835,96.66335
2836,96.66335
2837,96.66335
2838,96.66335
2839,96.66335
2840,96.66335
2841,77.84818
2842,77.84818
2843,77.84818
2844,77.84818
2845,77.84818
2846,77.84818
2847,77.84818
2848,77.84818
2849,77.84818
2850,77.84818
2851,129.74457
2852,129.74457
2853,129.74457
2854,129.74457
2855,129.74457
2856,129.74457
2857,129.74457
2858,129.74457
2859,129.74457
2860,129.74457
2861,100.07407
2862,100.07407
2863,100.07407
2864,100.07407
2865,100.07407
2866,100.07407
2867,100.07407
2868,100.07407
2869,100.07407
2870,100.07407
2871,113.15262
2872,113.15262
2873,113.15262
2874,113.15262
2875,113.15262
2876,113.15262
2877,113.15262
2878,113.15262
2879,113.15262
2880,113.15262
2881,83.8731
2882,83.8731
2883,83.8731
2884,83.8731
2885,83.8731
2886,83.8731
2887,83.8731
2888,83.8731
2889,83.8731
2890,83.8731
2891,110.12639
2892,110.12639
2893,110.12639
2894,110.12639
2895,110.12639
2896,110.12639
2897,110.12639
2898,110.12639
2899,110.12639
2900,110.12639
2901,71.38557
2902,71.38557
2903,71.38557
2904,71.38557
2905,71.38557
2906,71.38557
2907,71.38557
2908,71.38557
2909,71.38557
2910,71.38557
2911,92.01918
2912,92.01918
2913,92.01918
2914,92.01918
2915,92.01918
2916,92.01918
2917,92.01918
2918,92.01918
2919,92.01918
2920,92.01918
2921,60.51715
2922,60.51715
2923,60.51715
2924,60.51715
2925,60.51715
2926,60.51715
2927,60.51715
2928,60.51715
2929,60.51715
2930,60.51715
2931,105.505875
2932,105.505875
2933,105.505875
2934,105.505875
2935,105.505875
2936,105.505875
2937,105.505875
2938,105.505875
2939,105.505875
2940,105.505875
2941,78.577545
2942,78.577545
2943,78.577545
2944,78.577545
2945,78.577545
2946,78.577545
2947,78.577545
2948,78.577545
2949,78.577545
2950,78.577545
2951,73.0919
2952,73.0919
2953,73.0919
2954,73.0919
2955,73.0919
2956,73.0919
2957,100.919
2958,100.919
2959,68.75565
2960,68.75565
2961,11.466207
2962,11.466207
2963,11.466207
2964,11.466207
2965,11.466207
2966,11.466207
2967,11.466207
2968,11.466207
2969,11.466207
2970,11.466207
2971,93.911285
2972,93.911285
2973,93.911285
2974,93.911285
2975,93.911285
2976,93.911285
2977,93.911285
2978,93.911285
2979,93.911285
2980,93.911285
2981,75.990036
2982,75.990036
2983,75.990036
2984,75.990036
2985,75.990036
2986,75.990036
2987,75.990036
2988,75.990036
2989,75.990036
2990,75.990036
2991,88.58122
2992,88.58122
2993,88.58122
2994,88.58122
2995,88.58122
2996,88.58122
2997,88.58122
2998,88.58122
2999,88.58122
3000,88.58122
3001,90.19566
3002,90.19566
3003,90.19566
3004,90.19566
3005,90.19566
3006,90.19566
3007,90.19566
3008,90.19566
3009,90.19566
3010,90.19566
3011,85.28508
3012,85.28508
3013,85.28508
3014,85.28508
3015,85.28508
3016,85.28508
3017,85.28508
3018,85.28508
3019,85.28508
3020,85.28508
3021,87.40296
3022,87.40296
3023,87.40296
3024,87.40296
3025,87.40296
3026,87.40296
3027,87.40296
3028,87.40296
3029,87.40296
3030,87.40296
3031,88.083824
3032,88.083824
3033,88.083824
3034,88.083824
3035,88.083824
3036,88.083824
3037,88.083824
3038,88.083824
3039,88.083824
3040,88.083824
3041,89.06508
3042,89.06508
3043,89.06508
3044,89.06508
3045,89.06508
3046,89.06508
3047,89.06508
3048,89.06508
3049,89.06508
3050,89.06508
3051,102.194916
3052,102.194916
3053,102.194916
3054,102.194916
3055,102.194916
3056,102.194916
3057,102.194916
3058,102.194916
3059,102.194916
3060,102.194916
3061,73.64047
3062,73.64047
3063,73.64047
3064,73.64047
3065,73.64047
3066,73.64047
3067,73.64047
3068,73.64047
3069,73.64047
3070,73.64047
3071,74.96852
3072,74.96852
3073,74.96852
3074,74.96852
3075,74.96852
3076,74.96852
3077,74.96852
3078,74.96852
3079,74.96852
3080,74.96852
3081,102.23203
3082,102.23203
3083,102.23203
3084,102.23203
3085,102.23203
3086,102.23203
3087,102.23203
3088,102.23203
3089,102.23203
3090,102.23203
3091,98.285645
3092,98.285645
3093,98.285645
3094,98.285645
3095,98.285645
3096,98.285645
3097,98.285645
3098,98.285645
3099,98.285645
3100,98.285645
3101,92.301094
3102,92.301094
3103,92.301094
3104,92.301094
3105,92.301094
3106,92.301094
3107,92.301094
3108,92.301094
3109,92.301094
3110,92.301094
3111,95.616325
3112,95.616325
3113,95.616325
3114,95.616325
3115,95.616325
3116,95.616325
3117,95.616325
3118,95.616325
3119,95.616325
3120,95.616325
3121,120.50076
3122,120.50076
3123,120.50076
3124,120.50076
3125,120.50076
3126,120.50076
3127,120.50076
3128,120.50076
3129,120.50076
3130,120.50076
3131,60.19327
3132,60.19327
3133,60.19327
3134,60.19327
3135,60.19327
3136,60.19327
3137,60.19327
3138,60.19327
3139,60.19327
3140,60.19327
3141,92.1593
3142,92.1593
3143,92.1593
3144,92.1593
3145,92.1593
3146,92.1593
3147,92.1593
3148,92.1593
3149,92.1593
3150,92.1593
3151,117.891655
3152,117.891655
3153,117.891655
3154,117.891655
3155,117.891655
3156,117.891655
3157,117.891655
3158,117.891655
3159,117.891655
3160,117.891655
3161,100.028694
3162,100.028694
3163,100.028694
3164,100.028694
3165,100.028694
3166,100.028694
3167,100.028694
3168,100.028694
3169,100.028694
3170,100.028694
3171,96.23047
3172,96.23047
3173,96.23047
3174,96.23047
3175,96.23047
3176,96.23047
3177,96.23047
3178,96.23047
3179,96.23047
3180,96.23047
3181,67.06791
3182,67.06791
3183,67.06791
3184,67.06791
3185,67.06791
3186,67.06791
3187,67.06791
3188,67.06791
3189,67.06791
3190,67.06791
3191,93.54775
3192,93.54775
3193,93.54775
3194,93.54775
3195,93.54775
3196,93.54775
3197,93.54775
3198,93.54775
3199,93.54775
3200,93.54775
3201,129.48131
3202,129.48131
3203,129.48131
3204,129.48131
3205,129.48131
3206,129.48131
3207,129.48131
3208,129.48131
3209,129.48131
3210,129.48131
3211,92.03218
3212,92.03218
3213,92.03218
3214,92.03218
3215,92.03218
3216,92.03218
3217,92.03218
3218,92.03218
3219,92.03218
3220,92.03218
3221,114.39732
3222,114.39732
3223,114.39732
3224,114.39732
3225,114.39732
3226,114.39732
3227,114.39732
3228,114.39732
3229,114.39732
3230,114.39732
3231,74.783646
3232,74.783646
3233,74.783646
3234,74.783646
3235,74.783646
3236,74.783646
3237,74.783646
3238,74.783646
3239,74.783646
3240,74.783646
3241,66.41707
3242,66.41707
3243,66.41707
3244,66.41707
3245,66.41707
3246,66.41707
3247,66.41707
3248,66.41707
3249,66.41707
3250,66.41707
3251,91.476204
3252,91.476204
3253,91.476204
3254,91.476204
3255,91.476204
3256,91.476204
3257,91.476204
3258,91.476204
3259,91.476204
3260,91.476204
3261,91.36576
3262,91.36576
3263,91.36576
3264,91.36576
3265,91.36576
3266,91.36576
3267,91.36576
3268,91.36576
3269,91.36576
3270,91.36576
3271,73.50547
3272,73.50547
3273,73.50547
3274,73.50547
3275,73.50547
3276,73.50547
3277,73.50547
3278,73.50547
3279,73.50547
3280,73.50547
3281,92.91953
3282,92.91953
3283,92.91953
3284,92.91953
3285,92.91953
3286,92.91953
3287,92.91953
3288,92.91953
3289,92.91953
3290,92.91953
3291,96.65962
3292,96.65962
3293,96.65962
3294,96.65962
3295,96.65962
3296,96.65962
3297,96.65962
3298,96.65962
3299,96.65962
3300,96.65962
3301,99.64708
3302,99.64708
3303,99.64708
3304,99.64708
3305,99.64708
3306,99.64708
3307,99.64708
3308,99.64708
3309,99.64708
3310,99.64708
3311,72.18896
3312,72.18896
3313,72.18896
3314,72.18896
3315,72.18896
3316,72.18896
3317,72.18896
3318,72.18896
3319,72.18896
3320,72.18896
3321,84.11431
3322,84.11431
3323,84.11431
3324,84.11431
3325,84.11431
3326,84.11431
3327,84.11431
3328,84.11431
3329,84.11431
3330,84.11431
3331,81.34515
3332,81.34515
3333,81.34515
3334,81.34515
3335,81.34515
3336,81.34515
3337,81.34515
3338,81.34515
3339,81.34515
3340,81.34515
3341,91.1507
3342,91.1507
3343,91.1507
3344,91.1507
3345,91.1507
3346,91.1507
3347,91.1507
3348,91.1507
3349,91.1507
3350,91.1507
3351,79.902176
3352,79.902176
3353,79.902176
3354,79.902176
3355,79.902176
3356,79.902176
3357,79.902176
3358,79.902176
3359,79.902176
3360,79.902176
3361,75.3239
3362,75.3239
3363,75.3239
3364,75.3239
3365,75.3239
3366,75.3239
3367,75.3239
3368,75.3239
3369,75.3239
3370,75.3239
3371,88.052185
3372,88.052185
3373,88.052185
3374,88.052185
3375,88.052185
3376,88.052185
3377,88.052185
3378,88.052185
3379,88.052185
3380,88.052185
3381,89.235825
3382,89.235825
3383,89.235825
3384,89.235825
3385,89.235825
3386,89.235825
3387,89.235825
3388,89.235825
3389,89.235825
3390,89.235825
3391,90.72558
3392,90.72558
3393,90.72558
3394,90.72558
3395,90.72558
3396,90.72558
3397,90.72558
3398,90.72558
3399,90.72558
3400,90.72558
3401,66.441826
3402,66.441826
3403,66.441826
3404,66.441826
3405,66.441826
3406,66.441826
3407,66.441826
3408,66.441826
3409,66.441826
3410,66.441826
3411,63.6245
3412,63.6245
3413,63.6245
3414,63.6245
3415,63.6245
3416,63.6245
3417,63.6245
3418,63.6245
3419,63.6245
3420,63.6245
3421,87.35938
3422,87.35938
3423,87.35938
3424,87.35938
3425,87.35938
3426,87.35938
3427,87.35938
3428,87.35938
3429,87.35938
3430,87.35938
3431,112.52127
3432,112.52127
3433,112.52127
3434,112.52127
3435,112.52127
3436,112.52127
3437,112.52127
3438,112.52127
3439,112.52127
3440,112.52127
3441,105.90133
3442,105.90133
3443,105.90133
3444,105.90133
3445,105.90133
3446,105.90133
3447,105.90133
3448,105.90133
3449,105.90133
3450,105.90133
3451,74.13521
3452,74.13521
3453,74.13521
3454,74.13521
3455,74.13521
3456,74.13521
3457,74.13521
3458,74.13521
3459,74.13521
3460,74.13521
3461,60.072247
3462,60.072247
3463,60.072247
3464,60.072247
3465,60.072247
3466,60.072247
3467,60.072247
3468,60.072247
3469,60.072247
3470,60.072247
3471,97.03387
3472,97.03387
3473,97.03387
3474,97.03387
3475,97.03387
3476,97.03387
3477,97.03387
3478,97.03387
3479,97.03387
3480,97.03387
3481,80.385185
3482,80.385185
3483,80.385185
3484,80.385185
3485,80.385185
3486,80.385185
3487,80.385185
3488,80.385185
3489,80.385185
3490,80.385185
3491,96.87295
3492,96.87295
3493,96.87295
3494,96.87295
3495,96.87295
3496,96.87295
3497,96.87295
3498,96.87295
3499,96.87295
3500,96.87295
3501,91.61548
3502,91.61548
3503,91.61548
3504,91.61548
3505,91.61548
3506,91.61548
3507,91.61548
3508,91.61548
3509,91.61548
3510,91.61548
3511,63.853622
3512,63.853622
3513,63.853622
3514,63.853622
3515,63.853622
3516,63.853622
3517,63.853622
3518,63.853622
3519,63.853622
3520,63.853622
3521,109.63772
3522,109.63772
3523,109.63772
3524,109.63772
3525,109.63772
3526,109.63772
3527,109.63772
3528,109.63772
3529,109.63772
3530,109.63772
3531,62.764866
3532,62.764866
3533,62.764866
3534,62.764866
3535,62.764866
3536,62.764866
3537,62.764866
3538,62.764866
3539,62.764866
3540,62.764866
3541,80.07098
3542,80.07098
3543,80.07098
3544,80.07098
3545,80.07098
3546,80.07098
3547,80.07098
3548,80.07098
3549,80.07098
3550,80.07098
3551,72.19592
3552,72.19592
3553,72.19592
3554,72.19592
3555,72.19592
3556,72.19592
3557,72.19592
3558,72.19592
3559,72.19592
3560,72.19592
3561,69.445595
3562,69.445595
3563,69.445595
3564,69.445595
3565,69.445595
3566,69.445595
3567,69.445595
3568,69.445595
3569,69.445595
3570,69.445595
3571,84.33791
3572,84.33791
3573,84.33791
3574,84.33791
3575,84.33791
3576,84.33791
3577,84.33791
3578,84.33791
3579,84.33791
3580,84.33791
3581,66.18498
3582,66.18498
3583,66.18498
3584,66.18498
3585,66.18498
3586,66.18498
3587,66.18498
3588,66.18498
3589,66.18498
3590,66.18498
3591,90.7611
3592,90.7611
3593,90.7611
3594,90.7611
3595,90.7611
3596,90.7611
3597,90.7611
3598,90.7611
3599,90.7611
3600,90.7611
3601,116.45044
3602,116.45044
3603,116.45044
3604,116.45044
3605,116.45044
3606,116.45044
3607,116.45044
3608,116.45044
3609,116.45044
3610,116.45044
3611,88.3775
3612,88.3775
3613,88.3775
3614,88.3775
3615,88.3775
3616,88.3775
3617,88.3775
3618,88.3775
3619,88.3775
3620,88.3775
3621,77.93741
3622,77.93741
3623,77.93741
3624,77.93741
3625,77.93741
3626,77.93741
3627,77.93741
3628,77.93741
3629,77.93741
3630,77.93741
3631,88.028755
3632,88.028755
3633,88.028755
3634,88.028755
3635,88.028755
3636,88.028755
3637,88.028755
3638,88.028755
3639,88.028755
3640,88.028755
3641,97.86161
3642,97.86161
3643,97.86161
3644,97.86161
3645,97.86161
3646,97.86161
3647,97.86161
3648,97.86161
3649,97.86161
3650,97.86161
3651,118.82741
3652,118.82741
3653,118.82741
3654,118.82741
3655,118.82741
3656,118.82741
3657,118.82741
3658,118.82741
3659,118.82741
3660,118.82741
3661,80.32656
3662,80.32656
3663,80.32656
3664,80.32656
3665,80.32656
3666,80.32656
3667,80.32656
3668,80.32656
3669,80.32656
3670,80.32656
3671,85.82526
3672,85.82526
3673,85.82526
3674,85.82526
3675,85.82526
3676,85.82526
3677,85.82526
3678,85.82526
3679,85.82526
3680,85.82526
3681,113.14142
3682,113.14142
3683,113.14142
3684,113.14142
3685,113.14142
3686,113.14142
3687,113.14142
3688,113.14142
3689,113.14142
3690,136.46887
3691,20.608862
3692,20.608862
3693,20.608862
3694,20.608862
3695,20.608862
3696,20.608862
3697,20.608862
3698,20.608862
3699,20.608862
3700,20.608862
3701,81.84728
3702,81.84728
3703,81.84728
3704,81.84728
3705,81.84728
3706,81.84728
3707,81.84728
3708,81.84728
3709,81.84728
3710,81.84728
3711,93.459885
3712,93.459885
3713,93.459885
3714,93.459885
3715,93.459885
3716,93.459885
3717,93.459885
3718,93.459885
3719,93.459885
3720,93.459885
3721,72.30653
3722,72.30653
3723,72.30653
3724,72.30653
3725,72.30653
3726,72.30653
3727,72.30653
3728,72.30653
3729,72.30653
3730,72.30653
3731,79.72579
3732,72.321266
3733,72.321266
3734,72.321266
3735,72.321266
3736,72.321266
3737,72.321266
3738,72.321266
3739,72.321266
3740,72.321266
3741,69.9324
3742,69.9324
3743,69.9324
3744,69.9324
3745,69.9324
3746,69.9324
3747,69.9324
3748,69.9324
3749,69.9324
3750,69.9324
3751,83.63416
3752,83.63416
3753,83.63416
3754,83.63416
3755,83.63416
3756,83.63416
3757,83.63416
3758,83.63416
3759,83.63416
3760,83.63416
3761,77.02919
3762,77.02919
3763,77.02919
3764,77.02919
3765,77.02919
3766,77.02919
3767,77.02919
3768,77.02919
3769,77.02919
3770,77.02919
3771,72.836044
3772,72.836044
3773,72.836044
3774,72.836044
3775,72.836044
3776,72.836044
3777,72.836044
3778,72.836044
3779,72.836044
3780,72.836044
3781,81.109085
3782,81.109085
3783,81.109085
3784,81.109085
3785,81.109085
3786,81.109085
3787,81.109085
3788,81.109085
3789,81.109085
3790,81.109085
3791,96.511566
3792,96.511566
3793,96.511566
3794,96.511566
3795,96.511566
3796,96.511566
3797,96.511566
3798,96.511566
3799,96.511566
3800,96.511566
3801,75.20364
3802,75.20364
3803,75.20364
3804,75.20364
3805,75.20364
3806,75.20364
3807,75.20364
3808,75.20364
3809,75.20364
3810,75.20364
3811,67.445274
3812,67.445274
3813,67.445274
3814,67.445274
3815,67.445274
3816,67.445274
3817,67.445274
3818,67.445274
3819,67.445274
3820,67.445274
3821,130.05954
3822,130.05954
3823,130.05954
3824,130.05954
3825,130.05954
3826,130.05954
3827,130.05954
3828,130.05954
3829,130.05954
3830,130.05954
3831,106.29269
3832,106.29269
3833,106.29269
3834,106.29269
3835,106.29269
3836,106.29269
3837,106.29269
3838,106.29269
3839,106.29269
3840,106.29269
3841,67.85164
3842,67.85164
3843,67.85164
3844,67.85164
3845,67.85164
3846,67.85164
3847,67.85164
3848,67.85164
3849,67.85164
3850,67.85164
3851,70.5599
3852,70.5599
3853,70.5599
3854,70.5599
3855,70.5599
3856,70.5599
3857,70.5599
3858,70.5599
3859,70.5599
3860,70.5599
3861,63.115883
3862,63.115883
3863,63.115883
3864,63.115883
3865,63.115883
3866,63.115883
3867,63.115883
3868,63.115883
3869,63.115883
3870,63.115883
3871,76.93687
3872,76.93687
3873,76.93687
3874,76.93687
3875,76.93687
3876,76.93687
3877,76.93687
3878,76.93687
3879,76.93687
3880,76.93687
3881,76.29145
3882,76.29145
3883,76.29145
3884,76.29145
3885,76.29145
3886,76.29145
3887,76.29145
3888,76.29145
3889,76.29145
3890,76.29145
3891,89.571
3892,89.571
3893,89.571
3894,89.571
3895,89.571
3896,89.571
3897,89.571
3898,89.571
3899,89.571
3900,89.571
3901,95.61663
3902,95.61663
3903,95.61663
3904,95.61663
3905,95.61663
3906,95.61663
3907,95.61663
3908,95.61663
3909,95.61663
3910,95.61663
3911,82.89955
3912,82.89955
3913,82.89955
3914,82.89955
3915,82.89955
3916,82.89955
3917,82.89955
3918,82.89955
3919,82.89955
3920,82.89955
3921,96.35314
3922,96.35314
3923,96.35314
3924,96.35314
3925,96.35314
3926,96.35314
3927,96.35314
3928,96.35314
3929,96.35314
3930,96.35314
3931,95.532524
3932,95.532524
3933,95.532524
3934,95.532524
3935,95.532524
3936,95.532524
3937,95.532524
3938,95.532524
3939,95.532524
3940,95.532524
3941,117.44123
3942,117.44123
3943,117.44123
3944,117.44123
3945,117.44123
3946,117.44123
3947,117.44123
3948,117.44123
3949,117.44123
3950,117.44123
3951,105.14385
3952,105.14385
3953,105.14385
3954,105.14385
3955,105.14385
3956,105.14385
3957,105.14385
3958,105.14385
3959,105.14385
3960,105.14385
3961,84.825485
3962,84.825485
3963,84.825485
3964,84.825485
3965,84.825485
3966,84.825485
3967,84.825485
3968,84.825485
3969,84.825485
3970,84.825485
3971,64.643105
3972,64.643105
3973,64.643105
3974,64.643105
3975,64.643105
3976,64.643105
3977,64.643105
3978,64.643105
3979,64.643105
3980,64.643105
3981,86.45704
3982,86.45704
3983,86.45704
3984,86.45704
3985,86.45704
3986,86.45704
3987,86.45704
3988,86.45704
3989,86.45704
3990,86.45704
3991,69.09958
3992,69.09958
3993,69.09958
3994,69.09958
3995,69.09958
3996,69.09958
3997,69.09958
3998,69.09958
3999,69.09958
4000,69.09958
4001,92.43874
4002,92.43874
4003,92.43874
4004,92.43874
4005,92.43874
4006,92.43874
4007,92.43874
4008,92.43874
4009,92.43874
4010,92.43874
4011,93.98774
4012,93.98774
4013,93.98774
4014,93.98774
4015,93.98774
4016,93.98774
4017,93.98774
4018,93.98774
4019,93.98774
4020,93.98774
4021,90.55645
4022,90.55645
4023,90.55645
4024,90.55645
4025,90.55645
4026,90.55645
4027,90.55645
4028,90.55645
4029,90.55645
4030,90.55645
4031,80.476685
4032,80.476685
4033,80.476685
4034,80.476685
4035,80.476685
4036,80.476685
4037,80.476685
4038,80.476685
4039,80.476685
4040,80.476685
4041,92.695335
4042,92.695335
4043,92.695335
4044,92.695335
4045,92.695335
4046,92.695335
4047,92.695335
4048,92.695335
4049,92.695335
4050,92.695335
4051,84.66805
4052,84.66805
4053,84.66805
4054,84.66805
4055,84.66805
4056,84.66805
4057,84.66805
4058,84.66805
4059,84.66805
4060,84.66805
4061,90.49424
4062,90.49424
4063,90.49424
4064,90.49424
4065,90.49424
4066,90.49424
4067,90.49424
4068,90.49424
4069,90.49424
4070,90.49424
4071,72.18717
4072,72.18717
4073,72.18717
4074,72.18717
4075,72.18717
4076,72.18717
4077,72.18717
4078,72.18717
4079,72.18717
4080,72.18717
4081,68.28522
4082,68.28522
4083,68.28522
4084,68.28522
4085,68.28522
4086,68.28522
4087,68.28522
4088,68.28522
4089,68.28522
4090,68.28522
4091,81.14329
4092,81.14329
4093,81.14329
4094,81.14329
4095,81.14329
4096,81.14329
4097,81.14329
4098,81.14329
4099,81.14329
4100,81.14329
4101,87.937935
4102,87.937935
4103,87.937935
4104,87.937935
4105,87.937935
4106,87.937935
4107,87.937935
4108,87.937935
4109,87.937935
4110,87.937935
4111,98.85343
4112,98.85343
4113,98.85343
4114,98.85343
4115,98.85343
4116,98.85343
4117,98.85343
4118,98.85343
4119,98.85343
4120,98.85343
4121,92.13475
4122,92.13475
4123,92.13475
4124,92.13475
4125,92.13475
4126,92.13475
4127,92.13475
4128,92.13475
4129,92.13475
4130,92.13475
4131,82.189644
4132,82.189644
4133,82.189644
4134,82.189644
4135,82.189644
4136,82.189644
4137,82.189644
4138,82.189644
4139,82.189644
4140,82.189644
4141,70.948326
4142,70.948326
4143,70.948326
4144,70.948326
4145,70.948326
4146,70.948326
4147,70.948326
4148,70.948326
4149,70.948326
4150,70.948326
4151,90.72622
4152,90.72622
4153,90.72622
4154,90.72622
4155,90.72622
4156,90.72622
4157,90.72622
4158,90.72622
4159,90.72622
4160,90.72622
4161,69.8499
4162,69.8499
4163,69.8499
4164,69.8499
4165,69.8499
4166,69.8499
4167,69.8499
4168,69.8499
4169,69.8499
4170,69.8499
4171,96.14107
4172,96.14107
4173,96.14107
4174,96.14107
4175,96.14107
4176,96.14107
4177,96.14107
4178,96.14107
4179,96.14107
4180,96.14107
4181,80.58154
4182,80.58154
4183,80.58154
4184,80.58154
4185,80.58154
4186,80.58154
4187,80.58154
4188,80.58154
4189,80.58154
4190,80.58154
4191,82.49771
4192,82.49771
4193,82.49771
4194,82.49771
4195,82.49771
4196,82.49771
4197,82.49771
4198,82.49771
4199,82.49771
4200,82.49771
4201,98.29938
4202,98.29938
4203,98.29938
4204,98.29938
4205,98.29938
4206,98.29938
4207,98.29938
4208,98.29938
4209,98.29938
4210,98.29938
4211,79.1958
4212,79.1958
4213,79.1958
4214,79.1958
4215,79.1958
4216,79.1958
4217,79.1958
4218,79.1958
4219,79.1958
4220,79.1958
4221,75.65804
4222,75.65804
4223,75.65804
4224,75.65804
4225,75.65804
4226,75.65804
4227,75.65804
4228,75.65804
4229,75.65804
4230,75.65804
4231,94.40824
4232,94.40824
4233,94.40824
4234,94.40824
4235,94.40824
4236,94.40824
4237,94.40824
4238,94.40824
4239,94.40824
4240,94.40824
4241,70.969406
4242,70.969406
4243,70.969406
4244,70.969406
4245,70.969406
4246,70.969406
4247,70.969406
4248,70.969406
4249,70.969406
4250,70.969406
4251,75.1693
4252,75.1693
4253,75.1693
4254,75.1693
4255,75.1693
4256,75.1693
4257,75.1693
4258,75.1693
4259,75.1693
4260,75.1693
4261,81.48792
4262,81.48792
4263,81.48792
4264,81.48792
4265,81.48792
4266,81.48792
4267,81.48792
4268,81.48792
4269,81.48792
4270,81.48792
4271,80.818344
4272,80.818344
4273,80.818344
4274,80.818344
4275,80.818344
4276,80.818344
4277,80.818344
4278,80.818344
4279,80.818344
4280,80.818344
4281,111.34148
4282,111.34148
4283,111.34148
4284,111.34148
4285,111.34148
4286,111.34148
4287,111.34148
4288,111.34148
4289,111.34148
4290,111.34148
4291,84.51835
4292,84.51835
4293,84.51835
4294,84.51835
4295,84.51835
4296,84.51835
4297,84.51835
4298,84.51835
4299,84.51835
4300,84.51835
4301,119.067566
4302,119.067566
4303,119.067566
4304,119.067566
4305,119.067566
4306,119.067566
4307,119.067566
4308,119.067566
4309,119.067566
4310,119.067566
4311,64.77667
4312,64.77667
4313,64.77667
4314,64.77667
4315,64.77667
4316,64.77667
4317,64.77667
4318,64.77667
4319,64.77667
4320,64.77667
4321,135.9672
4322,135.9672
4323,135.9672
4324,135.9672
4325,135.9672
4326,135.9672
4327,135.9672
4328,135.9672
4329,135.9672
4330,135.9672
4331,67.83259
4332,67.83259
4333,67.83259
4334,67.83259
4335,67.83259
4336,67.83259
4337,67.83259
4338,67.83259
4339,67.83259
4340,67.83259
4341,109.11727
4342,109.11727
4343,109.11727
4344,109.11727
4345,109.11727
4346,109.11727
4347,109.11727
4348,109.11727
4349,109.11727
4350,109.11727
4351,98.49009
4352,98.49009
4353,98.49009
4354,98.49009
4355,98.49009
4356,98.49009
4357,98.49009
4358,98.49009
4359,98.49009
4360,98.49009
4361,94.32021
4362,94.32021
4363,94.32021
4364,94.32021
4365,94.32021
4366,94.32021
4367,94.32021
4368,94.32021
4369,94.32021
4370,94.32021
4371,84.37639
4372,84.37639
4373,84.37639
4374,84.37639
4375,84.37639
4376,84.37639
4377,84.37639
4378,84.37639
4379,84.37639
4380,84.37639
4381,63.05468
4382,63.05468
4383,63.05468
4384,63.05468
4385,63.05468
4386,63.05468
4387,63.05468
4388,63.05468
4389,63.05468
4390,63.05468
4391,91.11195
4392,91.11195
4393,91.11195
4394,91.11195
4395,91.11195
4396,91.11195
4397,91.11195
4398,91.11195
4399,91.11195
4400,91.11195
4401,99.883965
4402,99.883965
4403,99.883965
4404,99.883965
4405,99.883965
4406,99.883965
4407,99.883965
4408,99.883965
4409,99.883965
4410,99.883965
4411,102.20179
4412,102.20179
4413,102.20179
4414,102.20179
4415,102.20179
4416,102.20179
4417,102.20179
4418,102.20179
4419,102.20179
4420,102.20179
4421,88.823105
4422,88.823105
4423,88.823105
4424,88.823105
4425,88.823105
4426,88.823105
4427,88.823105
4428,88.823105
4429,88.823105
4430,88.823105
4431,83.38636
4432,83.38636
4433,83.38636
4434,83.38636
4435,83.38636
4436,83.38636
4437,83.38636
4438,83.38636
4439,83.38636
4440,83.38636
4441,79.92102
4442,79.92102
4443,79.92102
4444,79.92102
4445,79.92102
4446,79.92102
4447,79.92102
4448,79.92102
4449,79.92102
4450,79.92102
4451,82.69728
4452,82.69728
4453,82.69728
4454,82.69728
4455,82.69728
4456,82.69728
4457,82.69728
4458,82.69728
4459,82.69728
4460,82.69728
4461,102.69203
4462,102.69203
4463,102.69203
4464,102.69203
4465,102.69203
4466,102.69203
4467,102.69203
4468,102.69203
4469,102.69203
4470,102.69203
4471,95.76555
4472,95.76555
4473,95.76555
4474,95.76555
4475,95.76555
4476,95.76555
4477,95.76555
4478,95.76555
4479,95.76555
4480,95.76555
4481,86.402534
4482,86.402534
4483,86.402534
4484,86.402534
4485,86.402534
4486,86.402534
4487,86.402534
4488,86.402534
4489,86.402534
4490,86.402534
4491,69.13751
4492,69.13751
4493,69.13751
4494,69.13751
4495,69.13751
4496,69.13751
4497,69.13751
4498,69.13751
4499,69.13751
4500,69.13751
4501,80.31869
4502,80.31869
4503,80.31869
4504,80.31869
4505,80.31869
4506,80.31869
4507,80.31869
4508,80.31869
4509,80.31869
4510,80.31869
4511,106.890945
4512,106.890945
4513,106.890945
4514,106.890945
4515,106.890945
4516,106.890945
4517,106.890945
4518,106.890945
4519,106.890945
4520,106.890945
4521,88.22975
4522,88.22975
4523,88.22975
4524,88.22975
4525,88.22975
4526,88.22975
4527,88.22975
4528,88.22975
4529,88.22975
4530,88.22975
4531,82.08297
4532,82.08297
4533,82.08297
4534,82.08297
4535,82.08297
4536,82.08297
4537,82.08297
4538,82.08297
4539,82.08297
4540,82.08297
4541,76.31392
4542,76.31392
4543,76.31392
4544,76.31392
4545,76.31392
4546,76.31392
4547,76.31392
4548,76.31392
4549,76.31392
4550,76.31392
4551,109.68507
4552,109.68507
4553,109.68507
4554,109.68507
4555,109.68507
4556,109.68507
4557,109.68507
4558,109.68507
4559,109.68507
4560,109.68507
4561,79.14227
4562,79.14227
4563,79.14227
4564,79.14227
4565,79.14227
4566,79.14227
4567,79.14227
4568,79.14227
4569,79.14227
4570,79.14227
4571,85.87886
4572,85.87886
4573,85.87886
4574,85.87886
4575,85.87886
4576,85.87886
4577,85.87886
4578,85.87886
4579,85.87886
4580,143.7992
4581,18.07488
4582,18.07488
4583,18.07488
4584,18.07488
4585,18.07488
4586,18.07488
4587,18.07488
4588,18.07488
4589,18.07488
4590,18.07488
4591,86.09875
4592,86.09875
4593,86.09875
4594,86.09875
4595,86.09875
4596,86.09875
4597,86.09875
4598,86.09875
4599,86.09875
4600,86.09875
4601,90.271
4602,90.271
4603,90.271
4604,90.271
4605,90.271
4606,90.271
4607,90.271
4608,90.271
4609,90.271
4610,90.271
4611,84.35317
4612,84.35317
4613,84.35317
4614,84.35317
4615,84.35317
4616,84.35317
4617,84.35317
4618,84.35317
4619,84.35317
4620,84.35317
4621,78.83296
4622,78.83296
4623,78.83296
4624,78.83296
4625,78.83296
4626,78.83296
4627,78.83296
4628,78.83296
4629,78.83296
4630,78.83296
4631,74.38899
4632,74.38899
4633,74.38899
4634,74.38899
4635,74.38899
4636,74.38899
4637,74.38899
4638,74.38899
4639,74.38899
4640,74.38899
4641,78.189186
4642,78.189186
4643,78.189186
4644,78.189186
4645,78.189186
4646,78.189186
4647,78.189186
4648,78.189186
4649,78.189186
4650,78.189186
4651,118.086334
4652,118.086334
4653,118.086334
4654,118.086334
4655,118.086334
4656,118.086334
4657,118.086334
4658,118.086334
4659,118.086334
4660,118.086334
4661,79.94653
4662,79.94653
4663,79.94653
4664,79.94653
4665,79.94653
4666,79.94653
4667,79.94653
4668,79.94653
4669,79.94653
4670,79.94653
4671,82.090195
4672,82.090195
4673,82.090195
4674,82.090195
4675,82.090195
4676,82.090195
4677,82.090195
4678,82.090195
4679,82.090195
4680,82.090195
4681,76.28658
4682,76.28658
4683,76.28658
4684,76.28658
4685,76.28658
4686,76.28658
4687,76.28658
4688,76.28658
4689,76.28658
4690,76.28658
4691,90.66896
4692,90.66896
4693,90.66896
4694,90.66896
4695,90.66896
4696,90.66896
4697,90.66896
4698,90.66896
4699,90.66896
4700,90.66896
4701,80.4605
4702,80.4605
4703,80.4605
4704,80.4605
4705,80.4605
4706,80.4605
4707,80.4605
4708,80.4605
4709,80.4605
4710,80.4605
4711,76.62442
4712,76.62442
4713,76.62442
4714,76.62442
4715,76.62442
4716,76.62442
4717,76.62442
4718,76.62442
4719,76.62442
4720,76.62442
4721,87.633064
4722,87.633064
4723,87.633064
4724,87.633064
4725,87.633064
4726,87.633064
4727,87.633064
4728,87.633064
4729,87.633064
4730,87.633064
4731,76.48368
4732,76.48368
4733,76.48368
4734,76.48368
4735,76.48368
4736,76.48368
4737,76.48368
4738,76.48368
4739,76.48368
4740,76.48368
4741,90.23821
4742,90.23821
4743,90.23821
4744,90.23821
4745,90.23821
4746,90.23821
4747,90.23821
4748,90.23821
4749,90.23821
4750,90.23821
4751,127.07611
4752,127.07611
4753,127.07611
4754,127.07611
4755,127.07611
4756,127.07611
4757,127.07611
4758,127.07611
4759,127.07611
4760,127.07611
4761,113.60196
4762,113.60196
4763,113.60196
4764,113.60196
4765,113.60196
4766,113.60196
4767,113.60196
4768,113.60196
4769,113.60196
4770,113.60196
4771,120.29544
4772,120.29544
4773,120.29544
4774,120.29544
4775,120.29544
4776,120.29544
4777,120.29544
4778,120.29544
4779,120.29544
4780,120.29544
4781,97.73748
4782,97.73748
4783,97.73748
4784,97.73748
4785,97.73748
4786,97.73748
4787,97.73748
4788,97.73748
4789,97.73748
4790,97.73748
4791,65.71179
4792,65.71179
4793,65.71179
4794,65.71179
4795,65.71179
4796,65.71179
4797,65.71179
4798,65.71179
4799,65.71179
4800,65.71179
4801,87.61876
4802,87.61876
4803,87.61876
4804,87.61876
4805,87.61876
4806,87.61876
4807,87.61876
4808,87.61876
4809,87.61876
4810,87.61876
4811,131.83882
4812,131.83882
4813,131.83882
4814,131.83882
4815,131.83882
4816,131.83882
4817,131.83882
4818,131.83882
4819,131.83882
4820,131.83882
4821,88.39319
4822,88.39319
4823,88.39319
4824,88.39319
4825,88.39319
4826,88.39319
4827,88.39319
4828,88.39319
4829,88.39319
4830,88.39319
4831,111.13758
4832,111.13758
4833,111.13758
4834,111.13758
4835,111.13758
4836,111.13758
4837,111.13758
4838,111.13758
4839,111.13758
4840,111.13758
4841,100.769745
4842,100.769745
4843,100.769745
4844,100.769745
4845,100.769745
4846,100.769745
4847,100.769745
4848,100.769745
4849,100.769745
4850,100.769745
4851,88.253
4852,88.253
4853,88.253
4854,88.253
4855,88.253
4856,88.253
4857,88.253
4858,88.253
4859,88.253
4860,88.253
4861,84.713844
4862,84.713844
4863,84.713844
4864,84.713844
4865,84.713844
4866,84.713844
4867,84.713844
4868,84.713844
4869,84.713844
4870,84.713844
4871,109.8348
4872,109.8348
4873,109.8348
4874,109.8348
4875,109.8348
4876,109.8348
4877,109.8348
4878,109.8348
4879,109.8348
4880,109.8348
4881,67.370674
4882,67.370674
4883,67.370674
4884,67.370674
4885,67.370674
4886,67.370674
4887,67.370674
4888,67.370674
4889,67.370674
4890,67.370674
4891,109.331764
4892,109.331764
4893,109.331764
4894,109.331764
4895,109.331764
4896,109.331764
4897,109.331764
4898,109.331764
4899,109.331764
4900,109.331764
4901,90.971886
4902,90.971886
4903,90.971886
4904,90.971886
4905,90.971886
4906,90.971886
4907,90.971886
4908,90.971886
4909,90.971886
4910,90.971886
4911,183.87654
4912,183.87654
4913,183.87654
4914,183.87654
4915,183.87654
4916,183.87654
4917,183.87654
4918,183.87654
4919,183.87654
4920,183.87654
4921,124.05283
4922,124.05283
4923,124.05283
4924,124.05283
4925,124.05283
4926,124.05283
4927,124.05283
4928,124.05283
4929,124.05283
4930,124.05283
4931,124.59136
4932,124.59136
4933,124.59136
4934,124.59136
4935,124.59136
4936,124.59136
4937,124.59136
4938,124.59136
4939,124.59136
4940,124.59136
4941,95.72222
4942,95.72222
4943,95.72222
4944,95.72222
4945,95.72222
4946,95.72222
4947,95.72222
4948,95.72222
4949,95.72222
4950,95.72222
4951,115.74165
4952,115.74165
4953,115.74165
4954,115.74165
4955,115.74165
4956,115.74165
4957,115.74165
4958,115.74165
4959,115.74165
4960,115.74165
4961,66.097046
4962,66.097046
4963,66.097046
4964,66.097046
4965,66.097046
4966,66.097046
4967,66.097046
4968,66.097046
4969,66.097046
4970,66.097046
4971,119.63327
4972,119.63327
4973,119.63327
4974,119.63327
4975,119.63327
4976,119.63327
4977,119.63327
4978,119.63327
4979,119.63327
4980,119.63327
4981,87.52398
4982,87.52398
4983,87.52398
4984,87.52398
4985,87.52398
4986,87.52398
4987,87.52398
4988,87.52398
4989,87.52398
4990,87.52398
4991,88.650055
4992,88.650055
4993,88.650055
4994,88.650055
4995,88.650055
4996,88.650055
4997,88.650055
4998,88.650055
4999,88.650055
5000,88.650055
5001,86.79073
5002,86.79073
5003,86.79073
5004,86.79073
5005,86.79073
5006,86.79073
5007,86.79073
5008,86.79073
5009,86.79073
5010,86.79073
5011,86.7112
5012,86.7112
5013,86.7112
5014,86.7112
5015,86.7112
5016,86.7112
5017,86.7112
5018,86.7112
5019,86.7112
5020,86.7112
5021,109.563156
5022,109.563156
5023,109.563156
5024,109.563156
5025,109.563156
5026,109.563156
5027,109.563156
5028,109.563156
5029,109.563156
5030,109.563156
5031,101.46325
5032,101.46325
5033,101.46325
5034,101.46325
5035,101.46325
5036,101.46325
5037,101.46325
5038,101.46325
5039,101.46325
5040,101.46325
5041,89.70518
5042,89.70518
5043,89.70518
5044,89.70518
5045,89.70518
5046,89.70518
5047,89.70518
5048,89.70518
5049,89.70518
5050,89.70518
5051,90.87555
5052,90.87555
5053,90.87555
5054,90.87555
5055,90.87555
5056,90.87555
5057,90.87555
5058,90.87555
5059,90.87555
5060,90.87555
5061,95.97701
5062,95.97701
5063,95.97701
5064,95.97701
5065,95.97701
5066,95.97701
5067,95.97701
5068,95.97701
5069,95.97701
5070,95.97701
5071,102.64277
5072,102.64277
5073,102.64277
5074,102.64277
5075,102.64277
5076,102.64277
5077,102.64277
5078,102.64277
5079,102.64277
5080,102.64277
5081,76.54848
5082,76.54848
5083,76.54848
5084,76.54848
5085,76.54848
5086,76.54848
5087,76.54848
5088,76.54848
5089,76.54848
5090,76.54848
5091,86.843544
5092,86.843544
5093,86.843544
5094,86.843544
5095,86.843544
5096,86.843544
5097,86.843544
5098,86.843544
5099,86.843544
5100,86.843544
5101,91.69948
5102,91.69948
5103,91.69948
5104,91.69948
5105,91.69948
5106,91.69948
5107,91.69948
5108,91.69948
5109,91.69948
5110,91.69948
5111,106.87102
5112,106.87102
5113,106.87102
5114,106.87102
5115,106.87102
5116,106.87102
5117,106.87102
5118,106.87102
5119,106.87102
5120,106.87102
5121,88.75055
5122,88.75055
5123,88.75055
5124,88.75055
5125,88.75055
5126,88.75055
5127,88.75055
5128,88.75055
5129,88.75055
5130,88.75055
5131,102.240395
5132,102.240395
5133,102.240395
5134,102.240395
5135,102.240395
5136,102.240395
5137,102.240395
5138,102.240395
5139,102.240395
5140,102.240395
5141,83.89669
5142,83.89669
5143,83.89669
5144,83.89669
5145,83.89669
5146,83.89669
5147,83.89669
5148,83.89669
5149,83.89669
5150,83.89669
5151,86.68431
5152,86.68431
5153,86.68431
5154,86.68431
5155,86.68431
5156,86.68431
5157,86.68431
5158,86.68431
5159,86.68431
5160,86.68431
5161,86.071594
5162,86.071594
5163,86.071594
5164,86.071594
5165,86.071594
5166,86.071594
5167,86.071594
5168,86.071594
5169,86.071594
5170,86.071594
5171,89.10971
5172,89.10971
5173,89.10971
5174,89.10971
5175,89.10971
5176,89.10971
5177,89.10971
5178,89.10971
5179,89.10971
5180,89.10971
5181,92.43206
5182,92.43206
5183,92.43206
5184,92.43206
5185,92.43206
5186,92.43206
5187,92.43206
5188,92.43206
5189,92.43206
5190,92.43206
5191,95.89208
5192,95.89208
5193,95.89208
5194,95.89208
5195,95.89208
5196,95.89208
5197,95.89208
5198,95.89208
5199,95.89208
5200,95.89208
5201,93.95345
5202,93.95345
5203,93.95345
5204,93.95345
5205,93.95345
5206,93.95345
5207,93.95345
5208,93.95345
5209,93.95345
5210,133.25769
5211,5.3047667
5212,5.3047667
5213,5.3047667
5214,5.3047667
5215,5.3047667
5216,5.3047667
5217,5.3047667
5218,5.3047667
5219,5.3047667
5220,5.3047667
5221,83.14685
5222,83.14685
5223,83.14685
5224,83.14685
5225,83.14685
5226,83.14685
5227,83.14685
5228,83.14685
5229,83.14685
5230,83.14685
5231,77.74527
5232,77.74527
5233,77.74527
5234,77.74527
5235,77.74527
5236,77.74527
5237,77.74527
5238,77.74527
5239,77.74527
5240,77.74527
5241,128.70369
5242,128.70369
5243,128.70369
5244,128.70369
5245,128.70369
5246,128.70369
5247,128.70369
5248,128.70369
5249,128.70369
5250,128.70369
5251,64.27292
5252,64.27292
5253,64.27292
5254,64.27292
5255,64.27292
5256,64.27292
5257,64.27292
5258,64.27292
5259,64.27292
5260,64.27292
5261,117.56731
5262,117.56731
5263,117.56731
5264,117.56731
5265,117.56731
5266,117.56731
5267,117.56731
5268,117.56731
5269,117.56731
5270,117.56731
5271,88.115486
5272,88.115486
5273,88.115486
5274,88.115486
5275,88.115486
5276,88.115486
5277,88.115486
5278,88.115486
5279,88.115486
5280,88.115486
5281,86.14951
5282,86.14951
5283,86.14951
5284,86.14951
5285,86.14951
5286,86.14951
5287,86.14951
5288,86.14951
5289,86.14951
5290,86.14951
5291,103.07009
5292,103.07009
5293,103.07009
5294,103.07009
5295,103.07009
5296,103.07009
5297,103.07009
5298,103.07009
5299,103.07009
5300,103.07009
5301,72.941376
5302,72.941376
5303,72.941376
5304,72.941376
5305,72.941376
5306,72.941376
5307,72.941376
5308,72.941376
5309,72.941376
5310,72.941376
5311,77.35292
5312,77.35292
5313,77.35292
5314,77.35292
5315,77.35292
5316,77.35292
5317,77.35292
5318,77.35292
5319,77.35292
5320,77.35292
5321,83.70369
5322,83.70369
5323,83.70369
5324,83.70369
5325,83.70369
5326,83.70369
5327,83.70369
5328,83.70369
5329,83.70369
5330,83.70369
5331,94.68146
5332,94.68146
5333,94.68146
5334,94.68146
5335,94.68146
5336,94.68146
5337,94.68146
5338,94.68146
5339,94.68146
5340,94.68146
5341,91.32069
5342,91.32069
5343,91.32069
5344,91.32069
5345,91.32069
5346,91.32069
5347,91.32069
5348,91.32069
5349,91.32069
5350,91.32069
5351,117.054794
5352,117.054794
5353,117.054794
5354,117.054794
5355,117.054794
5356,117.054794
5357,117.054794
5358,117.054794
5359,117.054794
5360,117.054794
5361,101.89131
5362,101.89131
5363,101.89131
5364,101.89131
5365,101.89131
5366,101.89131
5367,101.89131
5368,101.89131
5369,101.89131
5370,101.89131
5371,77.731544
5372,77.731544
5373,77.731544
5374,77.731544
5375,77.731544
5376,77.731544
5377,77.731544
5378,77.731544
5379,77.731544
5380,77.731544
5381,95.46773
5382,95.46773
5383,95.46773
5384,95.46773
5385,95.46773
5386,95.46773
5387,95.46773
5388,95.46773
5389,95.46773
5390,95.46773
5391,94.41056
5392,94.41056
5393,94.41056
5394,94.41056
5395,94.41056
5396,94.41056
5397,94.41056
5398,94.41056
5399,94.41056
5400,94.41056
5401,111.9756
5402,111.9756
5403,111.9756
5404,111.9756
5405,111.9756
5406,111.9756
5407,111.9756
5408,111.9756
5409,111.9756
5410,111.9756
5411,67.00531
5412,67.00531
5413,67.00531
5414,67.00531
5415,67.00531
5416,67.00531
5417,67.00531
5418,67.00531
5419,67.00531
5420,67.00531
5421,88.75641
5422,88.75641
5423,88.75641
5424,88.75641
5425,88.75641
5426,88.75641
5427,88.75641
5428,88.75641
5429,88.75641
5430,88.75641
5431,87.43408
5432,87.43408
5433,87.43408
5434,87.43408
5435,87.43408
5436,87.43408
5437,87.43408
5438,87.43408
5439,87.43408
5440,87.43408
5441,109.98131
5442,109.98131
5443,109.98131
5444,109.98131
5445,109.98131
5446,109.98131
5447,109.98131
5448,109.98131
5449,109.98131
5450,109.98131
5451,93.035736
5452,93.035736
5453,93.035736
5454,93.035736
5455,93.035736
5456,93.035736
5457,93.035736
5458,93.035736
5459,93.035736
5460,93.035736
5461,65.408134
5462,65.408134
5463,65.408134
5464,65.408134
5465,65.408134
5466,65.408134
5467,65.408134
5468,65.408134
5469,65.408134
5470,65.408134
5471,68.08281
5472,68.08281
5473,68.08281
5474,68.08281
5475,68.08281
5476,68.08281
5477,68.08281
5478,68.08281
5479,68.08281
5480,68.08281
5481,82.89782
5482,82.89782
5483,82.89782
5484,82.89782
5485,82.89782
5486,82.89782
5487,82.89782
5488,82.89782
5489,82.89782
5490,82.89782
5491,115.62997
5492,115.62997
5493,115.62997
5494,115.62997
5495,115.62997
5496,115.62997
5497,115.62997
5498,115.62997
5499,115.62997
5500,115.62997
5501,105.81738
5502,105.81738
5503,105.81738
5504,105.81738
5505,105.81738
5506,105.81738
5507,105.81738
5508,105.81738
5509,105.81738
5510,105.81738
5511,72.578415
5512,72.578415
5513,72.578415
5514,72.578415
5515,72.578415
5516,72.578415
5517,72.578415
5518,72.578415
5519,72.578415
5520,72.578415
5521,104.08201
5522,104.08201
5523,104.08201
5524,104.08201
5525,104.08201
5526,104.08201
5527,104.08201
5528,104.08201
5529,104.08201
5530,104.08201
5531,74.91492
5532,74.91492
5533,74.91492
5534,74.91492
5535,74.91492
5536,74.91492
5537,74.91492
5538,74.91492
5539,74.91492
5540,74.91492
5541,97.64707
5542,97.64707
5543,97.64707
5544,97.64707
5545,97.64707
5546,97.64707
5547,97.64707
5548,97.64707
5549,97.64707
5550,97.64707
5551,89.08539
5552,89.08539
5553,89.08539
5554,89.08539
5555,89.08539
5556,94.44785
5557,94.44785
5558,94.44785
5559,94.44785
5560,94.44785
5561,50.298676
5562,50.298676
5563,50.298676
5564,50.298676
5565,50.298676
5566,50.298676
5567,50.298676
5568,50.298676
5569,50.298676
5570,50.298676
5571,128.62271
5572,128.62271
5573,128.62271
5574,128.62271
5575,128.62271
5576,128.62271
5577,128.62271
5578,128.62271
5579,128.62271
5580,128.62271
5581,93.93946
5582,93.93946
5583,93.93946
5584,93.93946
5585,93.93946
5586,93.93946
5587,93.93946
5588,93.93946
5589,93.93946
5590,93.93946
5591,81.23874
5592,81.23874
5593,81.23874
5594,81.23874
5595,81.23874
5596,81.23874
5597,81.23874
5598,81.23874
5599,81.23874
5600,81.23874
5601,83.002464
5602,83.002464
5603,83.002464
5604,83.002464
5605,83.002464
5606,83.002464
5607,83.002464
5608,83.002464
5609,83.002464
5610,83.002464
5611,102.163025
5612,102.163025
5613,102.163025
5614,102.163025
5615,102.163025
5616,102.163025
5617,102.163025
5618,102.163025
5619,102.163025
5620,102.163025
5621,64.75139
5622,64.75139
5623,64.75139
5624,64.75139
5625,64.75139
5626,64.75139
5627,64.75139
5628,64.75139
5629,64.75139
5630,64.75139
5631,75.29822
5632,75.29822
5633,75.29822
5634,75.29822
5635,75.29822
5636,75.29822
5637,75.29822
5638,75.29822
5639,75.29822
5640,75.29822
5641,96.40368
5642,96.40368
5643,96.40368
5644,96.40368
5645,96.40368
5646,96.40368
5647,96.40368
5648,96.40368
5649,96.40368
5650,96.40368
5651,71.95372
5652,71.95372
5653,71.95372
5654,71.95372
5655,71.95372
5656,71.95372
5657,71.95372
5658,71.95372
5659,71.95372
5660,71.95372
5661,74.82533
5662,74.82533
5663,74.82533
5664,74.82533
5665,74.82533
5666,74.82533
5667,74.82533
5668,74.82533
5669,74.82533
5670,74.82533
5671,76.156815
5672,76.156815
5673,76.156815
5674,76.156815
5675,76.156815
5676,76.156815
5677,76.156815
5678,76.156815
5679,76.156815
5680,76.156815
5681,88.58835
5682,88.58835
5683,88.58835
5684,88.58835
5685,88.58835
5686,88.58835
5687,88.58835
5688,88.58835
5689,88.58835
5690,88.58835
5691,84.80975
5692,84.80975
5693,84.80975
5694,84.80975
5695,84.80975
5696,84.80975
5697,84.80975
5698,84.80975
5699,84.80975
5700,84.80975
5701,96.53031
5702,96.53031
5703,96.53031
5704,96.53031
5705,96.53031
5706,96.53031
5707,96.53031
5708,96.53031
5709,96.53031
5710,96.53031
5711,137.62938
5712,137.62938
5713,137.62938
5714,137.62938
5715,137.62938
5716,137.62938
5717,137.62938
5718,137.62938
5719,137.62938
5720,137.62938
5721,89.12491
5722,89.12491
5723,89.12491
5724,89.12491
5725,89.12491
5726,89.12491
5727,89.12491
5728,89.12491
5729,89.12491
5730,89.12491
5731,100.732956
5732,100.732956
5733,100.732956
5734,100.732956
5735,100.732956
5736,100.732956
5737,100.732956
5738,100.732956
5739,100.732956
5740,100.732956
5741,111.660995
5742,111.660995
5743,111.660995
5744,111.660995
5745,111.660995
5746,111.660995
5747,111.660995
5748,111.660995
5749,111.660995
5750,111.660995
5751,70.043015
5752,70.043015
5753,70.043015
5754,70.043015
5755,70.043015
5756,70.043015
5757,70.043015
5758,70.043015
5759,70.043015
5760,70.043015
5761,85.79672
5762,85.79672
5763,85.79672
5764,85.79672
5765,85.79672
5766,85.79672
5767,85.79672
5768,85.79672
5769,85.79672
5770,85.79672
5771,81.20604
5772,81.20604
5773,81.20604
5774,81.20604
5775,81.20604
5776,81.20604
5777,81.20604
5778,81.20604
5779,81.20604
5780,81.20604
5781,94.97095
5782,94.97095
5783,94.97095
5784,94.97095
5785,94.97095
5786,94.97095
5787,94.97095
5788,94.97095
5789,94.97095
5790,94.97095
5791,92.04467
5792,92.04467
5793,92.04467
5794,92.04467
5795,92.04467
5796,92.04467
5797,92.04467
5798,92.04467
5799,92.04467
5800,92.04467
5801,89.70996
5802,89.70996
5803,89.70996
5804,89.70996
5805,89.70996
5806,89.70996
5807,89.70996
5808,89.70996
5809,89.70996
5810,89.70996
5811,88.47909
5812,88.47909
5813,88.47909
5814,88.47909
5815,88.47909
5816,88.47909
5817,88.47909
5818,88.47909
5819,88.47909
5820,88.47909
5821,100.271034
5822,100.271034
5823,100.271034
5824,100.271034
5825,100.271034
5826,100.271034
5827,100.271034
5828,100.271034
5829,100.271034
5830,100.271034
5831,107.62093
5832,107.62093
5833,107.62093
5834,107.62093
5835,107.62093
5836,107.62093
5837,107.62093
5838,107.62093
5839,107.62093
5840,107.62093
5841,85.919304
5842,85.919304
5843,61.52651
5844,61.52651
5845,61.52651
5846,61.52651
5847,61.52651
5848,61.52651
5849,61.52651
5850,61.52651
5851,65.548904
5852,65.548904
5853,65.548904
5854,65.548904
5855,65.548904
5856,65.548904
5857,65.548904
5858,65.548904
5859,65.548904
5860,65.548904
5861,78.13281
5862,78.13281
5863,78.13281
5864,78.13281
5865,78.13281
5866,78.13281
5867,78.13281
5868,78.13281
5869,78.13281
5870,78.13281
5871,78.899925
5872,78.899925
5873,78.899925
5874,78.899925
5875,78.899925
5876,78.899925
5877,78.899925
5878,78.899925
5879,78.899925
5880,78.899925
5881,107.111115
5882,107.111115
5883,107.111115
5884,107.111115
5885,107.111115
5886,107.111115
5887,107.111115
5888,107.111115
5889,107.111115
5890,107.111115
5891,71.81222
5892,71.81222
5893,71.81222
5894,71.81222
5895,71.81222
5896,71.81222
5897,71.81222
5898,71.81222
5899,71.81222
5900,71.81222
5901,57.165062
5902,57.165062
5903,57.165062
5904,57.165062
5905,57.165062
5906,57.165062
5907,57.165062
5908,57.165062
5909,57.165062
5910,57.165062
5911,73.25169
5912,73.25169
5913,73.25169
5914,73.25169
5915,73.25169
5916,73.25169
5917,73.25169
5918,73.25169
5919,73.25169
5920,73.25169
5921,76.527855
5922,76.527855
5923,76.527855
5924,76.527855
5925,76.527855
5926,76.527855
5927,76.527855
5928,76.527855
5929,76.527855
5930,76.527855
5931,85.87164
5932,85.87164
5933,85.87164
5934,85.87164
5935,85.87164
5936,85.87164
5937,85.87164
5938,85.87164
5939,85.87164
5940,85.87164
5941,91.54674
5942,91.54674
5943,91.54674
5944,91.54674
5945,91.54674
5946,91.54674
5947,91.54674
5948,91.54674
5949,91.54674
5950,91.54674
5951,85.790306
5952,85.790306
5953,85.790306
5954,85.790306
5955,85.790306
5956,85.790306
5957,85.790306
5958,85.790306
5959,85.790306
5960,85.790306
5961,74.640434
5962,74.640434
5963,74.640434
5964,74.640434
5965,74.640434
5966,74.640434
5967,74.640434
5968,74.640434
5969,74.640434
5970,74.640434
5971,87.38988
5972,87.38988
5973,87.38988
5974,87.38988
5975,87.38988
5976,87.38988
5977,87.38988
5978,87.38988
5979,87.38988
5980,87.38988
5981,101.42188
5982,101.42188
5983,101.42188
5984,101.42188
5985,101.42188
5986,101.42188
5987,101.42188
5988,101.42188
5989,101.42188
5990,101.42188
5991,94.195984
5992,94.195984
5993,94.195984
5994,94.195984
5995,94.195984
5996,94.195984
5997,94.195984
5998,94.195984
5999,94.195984
6000,94.195984
6001,76.84437
6002,76.84437
6003,76.84437
6004,76.84437
6005,76.84437
6006,76.84437
6007,76.84437
6008,76.84437
6009,76.84437
6010,76.84437
6011,103.44733
6012,103.44733
6013,99.05745
6014,99.05745
6015,99.05745
6016,99.05745
6017,99.05745
6018,99.05745
6019,99.05745
6020,99.05745
6021,69.522285
6022,69.522285
6023,69.522285
6024,69.522285
6025,69.522285
6026,69.522285
6027,69.522285
6028,69.522285
6029,69.522285
6030,69.522285
6031,104.94648
6032,104.94648
6033,104.94648
6034,104.94648
6035,104.94648
6036,104.94648
6037,104.94648
6038,104.94648
6039,104.94648
6040,104.94648
6041,77.07001
6042,77.07001
6043,77.07001
6044,77.07001
6045,77.07001
6046,77.07001
6047,77.07001
6048,77.07001
6049,77.07001
6050,77.07001
6051,76.714096
6052,76.714096
6053,76.714096
6054,76.714096
6055,76.714096
6056,76.714096
6057,76.714096
6058,76.714096
6059,76.714096
6060,76.714096
6061,78.73323
6062,78.73323
6063,78.73323
6064,78.73323
6065,78.73323
6066,78.73323
6067,78.73323
6068,78.73323
6069,78.73323
6070,78.73323
6071,88.84533
6072,88.84533
6073,88.84533
6074,88.84533
6075,88.84533
6076,88.84533
6077,88.84533
6078,88.84533
6079,88.84533
6080,88.84533
6081,87.74575
6082,87.74575
6083,87.74575
6084,87.74575
6085,87.74575
6086,87.74575
6087,87.74575
6088,87.74575
6089,87.74575
6090,87.74575
6091,100.9504
6092,100.9504
6093,100.9504
6094,100.9504
6095,100.9504
6096,100.9504
6097,100.9504
6098,100.9504
6099,100.9504
6100,100.9504
6101,73.99905
6102,73.99905
6103,73.99905
6104,73.99905
6105,73.99905
6106,73.99905
6107,73.99905
6108,73.99905
6109,73.99905
6110,73.99905
6111,83.10664
6112,83.10664
6113,83.10664
6114,83.10664
6115,83.10664
6116,83.10664
6117,83.10664
6118,83.10664
6119,83.10664
6120,83.10664
6121,66.28362
6122,66.28362
6123,66.28362
6124,66.28362
6125,66.28362
6126,66.28362
6127,66.28362
6128,66.28362
6129,66.28362
6130,66.28362
6131,54.46644
6132,54.46644
6133,54.46644
6134,54.46644
6135,54.46644
6136,54.46644
6137,54.46644
6138,54.46644
6139,54.46644
6140,54.46644
6141,87.21728
6142,87.21728
6143,87.21728
6144,87.21728
6145,87.21728
6146,87.21728
6147,87.21728
6148,87.21728
6149,87.21728
6150,87.21728
6151,78.68146
6152,78.68146
6153,78.68146
6154,78.68146
6155,78.68146
6156,78.68146
6157,78.68146
6158,78.68146
6159,78.68146
6160,145.63757
6161,5.3047667
6162,5.3047667
6163,5.3047667
6164,5.3047667
6165,5.3047667
6166,5.3047667
6167,5.3047667
6168,5.3047667
6169,5.3047667
6170,5.3047667
6171,80.876335
6172,80.876335
6173,80.876335
6174,80.876335
6175,80.876335
6176,80.876335
6177,80.876335
6178,80.876335
6179,80.876335
6180,80.876335
6181,70.80731
6182,70.80731
6183,70.80731
6184,70.80731
6185,70.80731
6186,70.80731
6187,70.80731
6188,70.80731
6189,70.80731
6190,70.80731
6191,87.42837
6192,87.42837
6193,87.42837
6194,87.42837
6195,87.42837
6196,87.42837
6197,87.42837
6198,87.42837
6199,87.42837
6200,87.42837
6201,92.831856
6202,92.831856
6203,92.831856
6204,92.831856
6205,92.831856
6206,92.831856
6207,92.831856
6208,92.831856
6209,92.831856
6210,92.831856
6211,66.446815
6212,66.446815
6213,66.446815
6214,66.446815
6215,66.446815
6216,66.446815
6217,66.446815
6218,66.446815
6219,66.446815
6220,66.446815
6221,63.974903
6222,63.974903
6223,63.974903
6224,63.974903
6225,63.974903
6226,63.974903
6227,63.974903
6228,63.974903
6229,63.974903
6230,63.974903
6231,111.062706
6232,111.062706
6233,111.062706
6234,111.062706
6235,111.062706
6236,111.062706
6237,111.062706
6238,111.062706
6239,111.062706
6240,111.062706
6241,75.72563
6242,75.72563
6243,75.72563
6244,75.72563
6245,75.72563
6246,75.72563
6247,75.72563
6248,75.72563
6249,75.72563
6250,75.72563
6251,103.95067
6252,103.95067
6253,103.95067
6254,103.95067
6255,103.95067
6256,103.95067
6257,103.95067
6258,103.95067
6259,103.95067
6260,103.95067
6261,94.6498
6262,94.6498
6263,94.6498
6264,94.6498
6265,94.6498
6266,94.6498
6267,94.6498
6268,94.6498
6269,94.6498
6270,94.6498
6271,90.11459
6272,90.11459
6273,90.11459
6274,90.11459
6275,90.11459
6276,90.11459
6277,90.11459
6278,90.11459
6279,90.11459
6280,90.11459
6281,74.03195
6282,74.03195
6283,74.03195
6284,74.03195
6285,74.03195
6286,74.03195
6287,74.03195
6288,74.03195
6289,74.03195
6290,74.03195
6291,110.32257
6292,110.32257
6293,110.32257
6294,110.32257
6295,110.32257
6296,110.32257
6297,110.32257
6298,110.32257
6299,110.32257
6300,110.32257
6301,86.598816
6302,86.598816
6303,86.598816
6304,86.598816
6305,86.598816
6306,86.598816
6307,86.598816
6308,86.598816
6309,86.598816
6310,86.598816
6311,77.613754
6312,77.613754
6313,77.613754
6314,77.613754
6315,77.613754
6316,77.613754
6317,77.613754
6318,77.613754
6319,77.613754
6320,77.613754
6321,131.56818
6322,131.56818
6323,131.56818
6324,131.56818
6325,131.56818
6326,131.56818
6327,131.56818
6328,131.56818
6329,131.56818
6330,131.56818
6331,86.24398
6332,86.24398
6333,86.24398
6334,86.24398
6335,86.24398
6336,86.24398
6337,86.24398
6338,86.24398
6339,86.24398
6340,86.24398
6341,91.435646
6342,91.435646
6343,91.435646
6344,91.435646
6345,91.435646
6346,121.53667
6347,121.53667
6348,121.53667
6349,121.53667
6350,121.53667
6351,37.061268
6352,37.061268
6353,37.061268
6354,37.061268
6355,37.061268
6356,37.061268
6357,37.061268
6358,37.061268
6359,37.061268
6360,37.061268
6361,80.687515
6362,80.687515
6363,80.687515
6364,80.687515
6365,80.687515
6366,80.687515
6367,80.687515
6368,80.687515
6369,80.687515
6370,80.687515
6371,78.70094
6372,78.70094
6373,78.70094
6374,78.70094
6375,78.70094
6376,78.70094
6377,78.70094
6378,78.70094
6379,78.70094
6380,78.70094
6381,99.87698
6382,99.87698
6383,99.87698
6384,99.87698
6385,99.87698
6386,99.87698
6387,99.87698
6388,99.87698
6389,99.87698
6390,99.87698
6391,109.22873
6392,109.22873
6393,109.22873
6394,109.22873
6395,109.22873
6396,109.22873
6397,109.22873
6398,109.22873
6399,109.22873
6400,109.22873
6401,84.40304
6402,84.40304
6403,84.40304
6404,84.40304
6405,84.40304
6406,84.40304
6407,84.40304
6408,84.40304
6409,84.40304
6410,84.40304
6411,109.233604
6412,109.233604
6413,109.233604
6414,109.233604
6415,109.233604
6416,109.233604
6417,109.233604
6418,109.233604
6419,109.233604
6420,109.233604
6421,106.82089
6422,106.82089
6423,106.82089
6424,106.82089
6425,106.82089
6426,106.82089
6427,106.82089
6428,106.82089
6429,106.82089
6430,106.82089
6431,110.680275
6432,110.680275
6433,110.680275
6434,110.680275
6435,110.680275
6436,110.680275
6437,110.680275
6438,110.680275
6439,110.680275
6440,110.680275
6441,95.79788
6442,95.79788
6443,95.79788
6444,95.79788
6445,95.79788
6446,95.79788
6447,105.82507
6448,105.82507
6449,105.82507
6450,105.82507
6451,48.486176
6452,48.486176
6453,48.486176
6454,48.486176
6455,48.486176
6456,48.486176
6457,48.486176
6458,48.486176
6459,48.486176
6460,48.486176
6461,87.01264
6462,87.01264
6463,87.01264
6464,87.01264
6465,87.01264
6466,87.01264
6467,87.01264
6468,87.01264
6469,87.01264
6470,87.01264
6471,73.38815
6472,73.38815
6473,73.38815
6474,73.38815
6475,73.38815
6476,73.38815
6477,73.38815
6478,73.38815
6479,73.38815
6480,73.38815
6481,102.81228
6482,102.81228
6483,102.81228
6484,102.81228
6485,102.81228
6486,102.81228
6487,102.81228
6488,102.81228
6489,102.81228
6490,102.81228
6491,68.076584
6492,68.076584
6493,68.076584
6494,68.076584
6495,68.076584
6496,68.076584
6497,68.076584
6498,68.076584
6499,68.076584
6500,68.076584
6501,74.530136
6502,74.530136
6503,74.530136
6504,74.530136
6505,74.530136
6506,74.530136
6507,74.530136
6508,74.530136
6509,74.530136
6510,74.530136
6511,83.317375
6512,83.317375
6513,83.317375
6514,83.317375
6515,83.317375
6516,83.317375
6517,83.317375
6518,83.317375
6519,83.317375
6520,83.317375
6521,121.265976
6522,121.265976
6523,121.265976
6524,121.265976
6525,121.265976
6526,121.265976
6527,121.265976
6528,121.265976
6529,121.265976
6530,121.265976
6531,79.982
6532,79.982
6533,79.982
6534,79.982
6535,79.982
6536,79.982
6537,79.982
6538,79.982
6539,79.982
6540,79.982
6541,75.69508
6542,75.69508
6543,75.69508
6544,75.69508
6545,75.69508
6546,75.69508
6547,75.69508
6548,75.69508
6549,75.69508
6550,75.69508
6551,79.20817
6552,79.20817
6553,79.20817
6554,79.20817
6555,79.20817
6556,79.20817
6557,79.20817
6558,79.20817
6559,79.20817
6560,79.20817
6561,100.67144
6562,100.67144
6563,100.67144
6564,100.67144
6565,100.67144
6566,100.67144
6567,100.67144
6568,100.67144
6569,100.67144
6570,100.67144
6571,85.60455
6572,85.60455
6573,85.60455
6574,85.60455
6575,85.60455
6576,85.60455
6577,85.60455
6578,85.60455
6579,85.60455
6580,85.60455
6581,69.59191
6582,69.59191
6583,69.59191
6584,69.59191
6585,69.59191
6586,69.59191
6587,69.59191
6588,69.59191
6589,69.59191
6590,69.59191
6591,100.55263
6592,100.55263
6593,100.55263
6594,100.55263
6595,100.55263
6596,100.55263
6597,100.55263
6598,100.55263
6599,100.55263
6600,100.55263
6601,75.69697
6602,75.69697
6603,75.69697
6604,75.69697
6605,75.69697
6606,75.69697
6607,75.69697
6608,75.69697
6609,75.69697
6610,75.69697
6611,77.29132
6612,77.29132
6613,77.29132
6614,77.29132
6615,77.29132
6616,77.29132
6617,77.29132
6618,77.29132
6619,77.29132
6620,77.29132
6621,108.41882
6622,108.41882
6623,108.41882
6624,108.41882
6625,108.41882
6626,108.41882
6627,108.41882
6628,108.41882
6629,108.41882
6630,108.41882
6631,77.74625
6632,77.74625
6633,65.06641
6634,65.06641
6635,65.06641
6636,65.06641
6637,65.06641
6638,65.06641
6639,65.06641
6640,65.06641
6641,84.99546
6642,84.99546
6643,84.99546
6644,84.99546
6645,84.99546
6646,84.99546
6647,84.99546
6648,84.99546
6649,84.99546
6650,84.99546
6651,117.71822
6652,117.71822
6653,117.71822
6654,117.71822
6655,117.71822
6656,117.71822
6657,117.71822
6658,117.71822
6659,117.71822
6660,117.71822
6661,92.99671
6662,92.99671
6663,92.99671
6664,92.99671
6665,92.99671
6666,92.99671
6667,92.99671
6668,92.99671
6669,92.99671
6670,92.99671
6671,85.38097
6672,85.38097
6673,85.38097
6674,85.38097
6675,85.38097
6676,85.38097
6677,85.38097
6678,85.38097
6679,85.38097
6680,85.38097
6681,96.904755
6682,96.904755
6683,96.904755
6684,96.904755
6685,96.904755
6686,96.904755
6687,96.904755
6688,96.904755
6689,96.904755
6690,96.904755
6691,89.01138
6692,89.01138
6693,89.01138
6694,89.01138
6695,89.01138
6696,89.01138
6697,89.01138
6698,89.01138
6699,89.01138
6700,89.01138
6701,98.530754
6702,98.530754
6703,98.530754
6704,98.530754
6705,98.530754
6706,98.530754
6707,98.530754
6708,98.530754
6709,98.530754
6710,98.530754
6711,84.25159
6712,84.25159
6713,84.25159
6714,84.25159
6715,84.25159
6716,84.25159
6717,84.25159
6718,84.25159
6719,84.25159
6720,84.25159
6721,103.98131
6722,103.98131
6723,103.98131
6724,103.98131
6725,103.98131
6726,103.98131
6727,103.98131
6728,103.98131
6729,103.98131
6730,132.75235
6731,32.453606
6732,32.453606
6733,32.453606
6734,32.453606
6735,32.453606
6736,32.453606
6737,32.453606
6738,32.453606
6739,32.453606
6740,32.453606
6741,79.624725
6742,79.624725
6743,79.624725
6744,79.624725
6745,79.624725
6746,79.624725
6747,79.624725
6748,79.624725
6749,79.624725
6750,79.624725
6751,75.13945
6752,75.13945
6753,75.13945
6754,75.13945
6755,75.13945
6756,75.13945
6757,75.13945
6758,75.13945
6759,75.13945
6760,75.13945
6761,87.53313
6762,87.53313
6763,87.53313
6764,87.53313
6765,87.53313
6766,87.53313
6767,87.53313
6768,87.53313
6769,87.53313
6770,87.53313
6771,84.64612
6772,84.64612
6773,84.64612
6774,84.64612
6775,84.64612
6776,84.64612
6777,84.64612
6778,84.64612
6779,84.64612
6780,84.64612
6781,77.866646
6782,77.866646
6783,77.866646
6784,77.866646
6785,77.866646
6786,77.866646
6787,77.866646
6788,77.866646
6789,77.866646
6790,77.866646
6791,66.4543
6792,66.4543
6793,66.4543
6794,66.4543
6795,66.4543
6796,66.4543
6797,66.4543
6798,66.4543
6799,66.4543
6800,66.4543
6801,129.7082
6802,129.7082
6803,129.7082
6804,129.7082
6805,129.7082
6806,129.7082
6807,129.7082
6808,129.7082
6809,129.7082
6810,129.7082
6811,124.02518
6812,124.02518
6813,124.02518
6814,124.02518
6815,124.02518
6816,124.02518
6817,124.02518
6818,124.02518
6819,124.02518
6820,124.02518
6821,88.81413
6822,88.81413
6823,88.81413
6824,88.81413
6825,88.81413
6826,88.81413
6827,88.81413
6828,88.81413
6829,88.81413
6830,88.81413
6831,124.49069
6832,124.49069
6833,124.49069
6834,124.49069
6835,124.49069
6836,124.49069
6837,124.49069
6838,124.49069
6839,124.49069
6840,124.49069
6841,93.864204
6842,93.864204
6843,93.864204
6844,93.864204
6845,93.864204
6846,93.864204
6847,93.864204
6848,93.864204
6849,93.864204
6850,93.864204
6851,70.32205
6852,70.32205
6853,70.32205
6854,70.32205
6855,70.32205
6856,70.32205
6857,70.32205
6858,70.32205
6859,70.32205
6860,70.32205
6861,93.08421
6862,93.08421
6863,93.08421
6864,93.08421
6865,93.08421
6866,93.08421
6867,93.08421
6868,93.08421
6869,93.08421
6870,93.08421
6871,84.70608
6872,84.70608
6873,84.70608
6874,84.70608
6875,84.70608
6876,84.70608
6877,84.70608
6878,84.70608
6879,84.70608
6880,84.70608
6881,71.333244
6882,71.333244
6883,71.333244
6884,71.333244
6885,71.333244
6886,71.333244
6887,71.333244
6888,71.333244
6889,71.333244
6890,71.333244
6891,73.3389
6892,73.3389
6893,73.3389
6894,73.3389
6895,73.3389
6896,73.3389
6897,73.3389
6898,73.3389
6899,73.3389
6900,73.3389
6901,74.43112
6902,74.43112
6903,74.43112
6904,74.43112
6905,74.43112
6906,74.43112
6907,74.43112
6908,74.43112
6909,74.43112
6910,74.43112
6911,85.89774
6912,85.89774
6913,85.89774
6914,85.89774
6915,85.89774
6916,85.89774
6917,85.89774
6918,85.89774
6919,85.89774
6920,85.89774
6921,90.31747
6922,90.31747
6923,90.31747
6924,90.31747
6925,90.31747
6926,90.31747
6927,90.31747
6928,90.31747
6929,90.31747
6930,90.31747
6931,67.60616
6932,67.60616
6933,67.60616
6934,67.60616
6935,67.60616
6936,67.60616
6937,67.60616
6938,67.60616
6939,67.60616
6940,67.60616
6941,68.77484
6942,68.77484
6943,68.77484
6944,68.77484
6945,68.77484
6946,68.77484
6947,68.77484
6948,68.77484
6949,68.77484
6950,68.77484
6951,83.986565
6952,83.986565
6953,83.986565
6954,83.986565
6955,83.986565
6956,83.986565
6957,83.986565
6958,83.986565
6959,83.986565
6960,83.986565
6961,76.73232
6962,76.73232
6963,76.73232
6964,76.73232
6965,76.73232
6966,76.73232
6967,76.73232
6968,76.73232
6969,76.73232
6970,76.73232
6971,69.81526
6972,69.81526
6973,69.81526
6974,69.81526
6975,69.81526
6976,69.81526
6977,69.81526
6978,69.81526
6979,69.81526
6980,69.81526
6981,76.37223
6982,76.37223
6983,76.37223
6984,76.37223
6985,76.37223
6986,76.37223
6987,76.37223
6988,76.37223
6989,76.37223
6990,76.37223
6991,60.575066
6992,60.575066
6993,60.575066
6994,60.575066
6995,60.575066
6996,60.575066
6997,60.575066
6998,60.575066
6999,60.575066
7000,60.575066
7001,78.72033
7002,78.72033
7003,78.72033
7004,78.72033
7005,78.72033
7006,78.72033
7007,78.72033
7008,78.72033
7009,78.72033
7010,78.72033
7011,81.30135
7012,81.30135
7013,81.30135
7014,81.30135
7015,81.30135
7016,81.30135
7017,81.30135
7018,81.30135
7019,81.30135
7020,81.30135
7021,84.68347
7022,84.68347
7023,84.68347
7024,84.68347
7025,84.68347
7026,84.68347
7027,84.68347
7028,84.68347
7029,84.68347
7030,84.68347
7031,75.434944
7032,75.434944
7033,75.434944
7034,75.434944
7035,75.434944
7036,75.434944
7037,75.434944
7038,75.434944
7039,75.434944
7040,75.434944
7041,94.09936
7042,94.09936
7043,94.09936
7044,94.09936
7045,94.09936
7046,94.09936
7047,94.09936
7048,94.09936
7049,94.09936
7050,94.09936
7051,88.703445
7052,88.703445
7053,88.703445
7054,88.703445
7055,88.703445
7056,88.703445
7057,88.703445
7058,88.703445
7059,88.703445
7060,88.703445
7061,101.52942
7062,101.52942
7063,101.52942
7064,101.52942
7065,101.52942
7066,101.52942
7067,101.52942
7068,101.52942
7069,101.52942
7070,101.52942
7071,93.56483
7072,93.56483
7073,93.56483
7074,93.56483
7075,93.56483
7076,93.56483
7077,93.56483
7078,93.56483
7079,93.56483
7080,93.56483
7081,83.40131
7082,83.40131
7083,83.40131
7084,83.40131
7085,83.40131
7086,83.40131
7087,83.40131
7088,83.40131
7089,83.40131
7090,83.40131
7091,102.42826
7092,102.42826
7093,102.42826
7094,102.42826
7095,102.42826
7096,102.42826
7097,102.42826
7098,102.42826
7099,102.42826
7100,102.42826
7101,74.70699
7102,74.70699
7103,74.70699
7104,74.70699
7105,74.70699
7106,74.70699
7107,74.70699
7108,74.70699
7109,74.70699
7110,74.70699
7111,148.85358
7112,148.85358
7113,148.85358
7114,148.85358
7115,148.85358
7116,148.85358
7117,148.85358
7118,148.85358
7119,148.85358
7120,148.85358
7121,131.61063
7122,131.61063
7123,131.61063
7124,131.61063
7125,131.61063
7126,131.61063
7127,131.61063
7128,131.61063
7129,131.61063
7130,131.61063
7131,78.4808
7132,78.4808
7133,78.4808
7134,78.4808
7135,78.4808
7136,78.4808
7137,78.4808
7138,78.4808
7139,78.4808
7140,78.4808
7141,98.473564
7142,98.473564
7143,98.473564
7144,98.473564
7145,98.473564
7146,98.473564
7147,98.473564
7148,98.473564
7149,98.473564
7150,98.473564
7151,96.159256
7152,96.159256
7153,96.159256
7154,96.159256
7155,96.159256
7156,96.159256
7157,96.159256
7158,96.159256
7159,96.159256
7160,96.159256
7161,81.35774
7162,81.35774
7163,81.35774
7164,81.35774
7165,81.35774
7166,81.35774
7167,81.35774
7168,81.35774
7169,81.35774
7170,81.35774
7171,98.06873
7172,98.06873
7173,98.06873
7174,98.06873
7175,98.06873
7176,98.06873
7177,98.06873
7178,98.06873
7179,98.06873
7180,98.06873
7181,79.65262
7182,79.65262
7183,79.65262
7184,79.65262
7185,79.65262
7186,79.65262
7187,79.65262
7188,79.65262
7189,79.65262
7190,79.65262
7191,91.24632
7192,91.24632
7193,91.24632
7194,91.24632
7195,91.24632
7196,91.24632
7197,91.24632
7198,91.24632
7199,91.24632
7200,91.24632
7201,108.21673
7202,108.21673
7203,108.21673
7204,108.21673
7205,108.21673
7206,108.21673
7207,108.21673
7208,108.21673
7209,108.21673
7210,108.21673
7211,73.0957
7212,73.0957
7213,73.0957
7214,73.0957
7215,73.0957
7216,73.0957
7217,73.0957
7218,73.0957
7219,73.0957
7220,73.0957
7221,111.813866
7222,111.813866
7223,111.813866
7224,111.813866
7225,111.813866
7226,111.813866
7227,111.813866
7228,111.813866
7229,111.813866
7230,111.813866
7231,84.210976
7232,84.210976
7233,84.210976
7234,84.210976
7235,84.210976
7236,84.210976
7237,84.210976
7238,84.210976
7239,84.210976
7240,84.210976
7241,75.357796
7242,75.357796
7243,75.357796
7244,75.357796
7245,75.357796
7246,75.357796
7247,75.357796
7248,75.357796
7249,75.357796
7250,75.357796
7251,99.57227
7252,99.57227
7253,99.57227
7254,99.57227
7255,99.57227
7256,99.57227
7257,99.57227
7258,99.57227
7259,99.57227
7260,99.57227
7261,78.83532
7262,78.83532
7263,78.83532
7264,78.83532
7265,78.83532
7266,78.83532
7267,78.83532
7268,78.83532
7269,78.83532
7270,78.83532
7271,149.3546
7272,149.3546
7273,149.3546
7274,149.3546
7275,149.3546
7276,149.3546
7277,149.3546
7278,149.3546
7279,149.3546
7280,149.3546
7281,102.62155
7282,102.62155
7283,102.62155
7284,102.62155
7285,102.62155
7286,102.62155
7287,102.62155
7288,102.62155
7289,102.62155
7290,102.62155
7291,78.340164
7292,78.340164
7293,78.340164
7294,78.340164
7295,78.340164
7296,78.340164
7297,78.340164
7298,78.340164
7299,78.340164
7300,78.340164
7301,90.32637
7302,90.32637
7303,90.32637
7304,90.32637
7305,90.32637
7306,90.32637
7307,90.32637
7308,90.32637
7309,90.32637
7310,90.32637
7311,103.09083
7312,103.09083
7313,103.09083
7314,103.09083
7315,103.09083
7316,103.09083
7317,103.09083
7318,103.09083
7319,103.09083
7320,103.09083
7321,101.25474
7322,101.25474
7323,101.25474
7324,101.25474
7325,101.25474
7326,101.25474
7327,101.25474
7328,101.25474
7329,101.25474
7330,101.25474
7331,92.48375
7332,92.48375
7333,92.48375
7334,92.48375
7335,92.48375
7336,92.48375
7337,92.48375
7338,92.48375
7339,92.48375
7340,92.48375
7341,91.39477
7342,91.39477
7343,91.39477
7344,91.39477
7345,91.39477
7346,91.39477
7347,91.39477
7348,91.39477
7349,91.39477
7350,91.39477
7351,105.54599
7352,105.54599
7353,105.54599
7354,105.54599
7355,105.54599
7356,105.54599
7357,105.54599
7358,105.54599
7359,105.54599
7360,105.54599
7361,76.25362
7362,76.25362
7363,76.25362
7364,76.25362
7365,76.25362
7366,76.25362
7367,76.25362
7368,76.25362
7369,76.25362
7370,76.25362
7371,74.22038
7372,74.22038
7373,74.22038
7374,74.22038
7375,74.22038
7376,74.22038
7377,74.22038
7378,74.22038
7379,74.22038
7380,74.22038
7381,72.95851
7382,72.95851
7383,72.95851
7384,72.95851
7385,72.95851
7386,72.95851
7387,72.95851
7388,72.95851
7389,72.95851
7390,72.95851
7391,77.65326
7392,77.65326
7393,77.65326
7394,77.65326
7395,77.65326
7396,77.65326
7397,77.65326
7398,77.65326
7399,77.65326
7400,77.65326
7401,90.096306
7402,90.096306
7403,90.096306
7404,90.096306
7405,90.096306
7406,90.096306
7407,90.096306
7408,90.096306
7409,90.096306
7410,90.096306
7411,78.28818
7412,78.28818
7413,78.28818
7414,78.28818
7415,78.28818
7416,78.28818
7417,78.28818
7418,78.28818
7419,78.28818
7420,78.28818
7421,119.60922
7422,119.60922
7423,119.60922
7424,119.60922
7425,119.60922
7426,119.60922
7427,119.60922
7428,119.60922
7429,119.60922
7430,119.60922
7431,82.30613
7432,82.30613
7433,82.30613
7434,82.30613
7435,82.30613
7436,82.30613
7437,82.30613
7438,82.30613
7439,82.30613
7440,82.30613
7441,89.88062
7442,89.88062
7443,89.88062
7444,89.88062
7445,89.88062
7446,89.88062
7447,89.88062
7448,89.88062
7449,89.88062
7450,89.88062
7451,100.203735
7452,100.203735
7453,100.203735
7454,100.203735
7455,100.203735
7456,100.203735
7457,100.203735
7458,100.203735
7459,100.203735
7460,100.203735
7461,85.06544
7462,85.06544
7463,85.06544
7464,85.06544
7465,85.06544
7466,85.06544
7467,85.06544
7468,85.06544
7469,85.06544
7470,85.06544
7471,121.24371
7472,121.24371
7473,121.24371
7474,121.24371
7475,121.24371
7476,121.24371
7477,121.24371
7478,121.24371
7479,121.24371
7480,121.24371
7481,58.768703
7482,58.768703
7483,58.768703
7484,58.768703
7485,58.768703
7486,58.768703
7487,58.768703
7488,58.768703
7489,58.768703
7490,58.768703
7491,80.65304
7492,80.65304
7493,80.65304
7494,80.65304
7495,80.65304
7496,80.65304
7497,80.65304
7498,80.65304
7499,80.65304
7500,80.65304
7501,75.8286
7502,75.8286
7503,75.8286
7504,75.8286
7505,75.8286
7506,75.8286
7507,75.8286
7508,75.8286
7509,75.8286
7510,75.8286
7511,119.42751
7512,119.42751
7513,119.42751
7514,119.42751
7515,119.42751
7516,119.42751
7517,119.42751
7518,119.42751
7519,119.42751
7520,119.42751
7521,83.67028
7522,83.67028
7523,83.67028
7524,83.67028
7525,83.67028
7526,83.67028
7527,83.67028
7528,83.67028
7529,83.67028
7530,83.67028
7531,70.49553
7532,70.49553
7533,70.49553
7534,70.49553
7535,70.49553
7536,70.49553
7537,70.49553
7538,70.49553
7539,70.49553
7540,70.49553
7541,112.81185
7542,112.81185
7543,112.81185
7544,112.81185
7545,112.81185
7546,112.81185
7547,112.81185
7548,112.81185
7549,112.81185
7550,112.81185
7551,97.747215
7552,97.747215
7553,97.747215
7554,97.747215
7555,97.747215
7556,97.747215
7557,97.747215
7558,97.747215
7559,97.747215
7560,97.747215
7561,106.91369
7562,106.91369
7563,106.91369
7564,106.91369
7565,106.91369
7566,106.91369
7567,106.91369
7568,106.91369
7569,106.91369
7570,106.91369
7571,107.47713
7572,107.47713
7573,107.47713
7574,107.47713
7575,107.47713
7576,107.47713
7577,107.47713
7578,107.47713
7579,107.47713
7580,107.47713
7581,94.403625
7582,94.403625
7583,94.403625
7584,94.403625
7585,94.403625
7586,94.403625
7587,94.403625
7588,94.403625
7589,94.403625
7590,94.403625
7591,93.63778
7592,93.63778
7593,93.63778
7594,93.63778
7595,93.63778
7596,93.63778
7597,93.63778
7598,93.63778
7599,93.63778
7600,93.63778
7601,129.28328
7602,129.28328
7603,129.28328
7604,129.28328
7605,129.28328
7606,129.28328
7607,129.28328
7608,129.28328
7609,129.28328
7610,129.28328
7611,92.646286
7612,92.646286
7613,92.646286
7614,92.646286
7615,92.646286
7616,92.646286
7617,92.646286
7618,92.646286
7619,92.646286
7620,92.646286
7621,77.276855
7622,77.276855
7623,77.276855
7624,77.276855
7625,77.276855
7626,77.276855
7627,77.276855
7628,77.276855
7629,77.276855
7630,77.276855
7631,97.03142
7632,97.03142
7633,97.03142
7634,97.03142
7635,97.03142
7636,97.03142
7637,97.03142
7638,97.03142
7639,97.03142
7640,97.03142
7641,94.66014
7642,94.66014
7643,94.66014
7644,94.66014
7645,94.66014
7646,94.66014
7647,94.66014
7648,94.66014
7649,94.66014
7650,94.66014
7651,77.839676
7652,77.839676
7653,77.839676
7654,77.839676
7655,77.839676
7656,77.839676
7657,77.839676
7658,77.839676
7659,77.839676
7660,77.839676
7661,107.20497
7662,107.20497
7663,107.20497
7664,107.20497
7665,107.20497
7666,107.20497
7667,107.20497
7668,107.20497
7669,107.20497
7670,107.20497
7671,83.43439
7672,83.43439
7673,83.43439
7674,83.43439
7675,83.43439
7676,83.43439
7677,83.43439
7678,83.43439
7679,83.43439
7680,83.43439
7681,89.89732
7682,89.89732
7683,89.89732
7684,100.005775
7685,100.005775
7686,100.005775
7687,100.005775
7688,100.005775
7689,100.005775
7690,113.33401
7691,5.3047667
7692,5.3047667
7693,5.3047667
7694,5.3047667
7695,5.3047667
7696,5.3047667
7697,5.3047667
7698,5.3047667
7699,5.3047667
7700,5.3047667
7701,95.219955
7702,95.219955
7703,95.219955
7704,95.219955
7705,95.219955
7706,95.219955
7707,95.219955
7708,95.219955
7709,95.219955
7710,95.219955
7711,66.11249
7712,66.11249
7713,66.11249
7714,66.11249
7715,66.11249
7716,66.11249
7717,66.11249
7718,66.11249
7719,66.11249
7720,66.11249
7721,71.88683
7722,71.88683
7723,71.88683
7724,71.88683
7725,71.88683
7726,71.88683
7727,71.88683
7728,71.88683
7729,71.88683
7730,71.88683
7731,77.29281
7732,77.29281
7733,77.29281
7734,77.29281
7735,77.29281
7736,77.29281
7737,77.29281
7738,77.29281
7739,77.29281
7740,77.29281
7741,76.70323
7742,76.70323
7743,76.70323
7744,76.70323
7745,76.70323
7746,76.70323
7747,76.70323
7748,76.70323
7749,76.70323
7750,76.70323
7751,117.28748
7752,117.28748
7753,117.28748
7754,117.28748
7755,117.28748
7756,117.28748
7757,117.28748
7758,117.28748
7759,117.28748
7760,117.28748
7761,111.07797
7762,111.07797
7763,111.07797
7764,111.07797
7765,111.07797
7766,111.07797
7767,111.07797
7768,111.07797
7769,111.07797
7770,111.07797
7771,130.27325
7772,130.27325
7773,130.27325
7774,130.27325
7775,130.27325
7776,130.27325
7777,130.27325
7778,130.27325
7779,130.27325
7780,130.27325
7781,72.24549
7782,72.24549
7783,72.24549
7784,72.24549
7785,72.24549
7786,72.24549
7787,72.24549
7788,72.24549
7789,72.24549
7790,72.24549
7791,84.92611
7792,84.92611
7793,84.92611
7794,84.92611
7795,84.92611
7796,84.92611
7797,84.92611
7798,84.92611
7799,84.92611
7800,84.92611
7801,95.981445
7802,95.981445
7803,95.981445
7804,95.981445
7805,95.981445
7806,95.981445
7807,95.981445
7808,95.981445
7809,95.981445
7810,95.981445
7811,81.751076
7812,81.751076
7813,81.751076
7814,81.751076
7815,81.751076
7816,81.751076
7817,81.751076
7818,81.751076
7819,81.751076
7820,81.751076
7821,80.92248
7822,80.92248
7823,80.92248
7824,80.92248
7825,80.92248
7826,80.92248
7827,80.92248
7828,80.92248
7829,80.92248
7830,80.92248
7831,90.490585
7832,90.490585
7833,90.490585
7834,90.490585
7835,90.490585
7836,90.490585
7837,90.490585
7838,90.490585
7839,131.88243
7840,131.88243
7841,18.4599
7842,18.4599
7843,18.4599
7844,18.4599
7845,18.4599
7846,18.4599
7847,104.8419
7848,104.8419
7849,104.8419
7850,104.8419
7851,37.012684
7852,37.012684
7853,37.012684
7854,37.012684
7855,37.012684
7856,37.012684
7857,37.012684
7858,37.012684
7859,37.012684
7860,37.012684
7861,77.160645
7862,77.160645
7863,77.160645
7864,77.160645
7865,77.160645
7866,77.160645
7867,77.160645
7868,77.160645
7869,77.160645
7870,77.160645
7871,65.52414
7872,65.52414
7873,65.52414
7874,65.52414
7875,65.52414
7876,65.52414
7877,65.52414
7878,65.52414
7879,65.52414
7880,65.52414
7881,90.483604
7882,90.483604
7883,90.483604
7884,90.483604
7885,90.483604
7886,90.483604
7887,90.483604
7888,90.483604
7889,90.483604
7890,90.483604
7891,79.11753
7892,79.11753
7893,79.11753
7894,79.11753
7895,79.11753
7896,79.11753
7897,79.11753
7898,79.11753
7899,79.11753
7900,79.11753
7901,60.222496
7902,60.222496
7903,60.222496
7904,60.222496
7905,60.222496
7906,60.222496
7907,60.222496
7908,60.222496
7909,60.222496
7910,60.222496
7911,100.36708
7912,100.36708
7913,100.36708
7914,100.36708
7915,100.36708
7916,100.36708
7917,100.36708
7918,100.36708
7919,100.36708
7920,100.36708
7921,96.37941
7922,96.37941
7923,96.37941
7924,96.37941
7925,96.37941
7926,96.37941
7927,96.37941
7928,96.37941
7929,96.37941
7930,96.37941
7931,81.965065
7932,81.965065
7933,81.965065
7934,81.965065
7935,81.965065
7936,81.965065
7937,81.965065
7938,81.965065
7939,81.965065
7940,81.965065
7941,69.96004
7942,69.96004
7943,69.96004
7944,69.96004
7945,69.96004
7946,69.96004
7947,69.96004
7948,69.96004
7949,69.96004
7950,69.96004
7951,105.4663
7952,105.4663
7953,105.4663
7954,105.4663
7955,105.4663
7956,105.4663
7957,105.4663
7958,105.4663
7959,105.4663
7960,105.4663
7961,112.95107
7962,112.95107
7963,112.95107
7964,112.95107
7965,112.95107
7966,112.95107
7967,112.95107
7968,112.95107
7969,112.95107
7970,112.95107
7971,99.39524
7972,99.39524
7973,99.39524
7974,99.39524
7975,99.39524
7976,99.39524
7977,99.39524
7978,99.39524
7979,99.39524
7980,99.39524
7981,73.24099
7982,73.24099
7983,73.24099
7984,73.24099
7985,73.24099
7986,73.24099
7987,73.24099
7988,73.24099
7989,73.24099
7990,73.24099
7991,132.40282
7992,132.40282
7993,132.40282
7994,132.40282
7995,132.40282
7996,132.40282
7997,132.40282
7998,132.40282
7999,132.40282
8000,132.40282
8001,91.97419
8002,91.97419
8003,91.97419
8004,91.97419
8005,91.97419
8006,91.97419
8007,91.97419
8008,91.97419
8009,91.97419
8010,91.97419
8011,76.521164
8012,76.521164
8013,76.521164
8014,76.521164
8015,76.521164
8016,76.521164
8017,76.521164
8018,76.521164
8019,76.521164
8020,76.521164
8021,78.90459
8022,78.90459
8023,78.90459
8024,78.90459
8025,78.90459
8026,78.90459
8027,78.90459
8028,78.90459
8029,78.90459
8030,78.90459
8031,83.00637
8032,83.00637
8033,83.00637
8034,83.00637
8035,83.00637
8036,83.00637
8037,83.00637
8038,83.00637
8039,83.00637
8040,83.00637
8041,128.81647
8042,128.81647
8043,128.81647
8044,128.81647
8045,128.81647
8046,128.81647
8047,128.81647
8048,128.81647
8049,128.81647
8050,128.81647
8051,99.92267
8052,99.92267
8053,68.465614
8054,68.465614
8055,68.465614
8056,68.465614
8057,68.465614
8058,68.465614
8059,68.465614
8060,68.465614
8061,100.724174
8062,100.724174
8063,100.724174
8064,100.724174
8065,100.724174
8066,100.724174
8067,100.724174
8068,100.724174
8069,100.724174
8070,100.724174
8071,115.88751
8072,115.88751
8073,115.88751
8074,115.88751
8075,115.88751
8076,115.88751
8077,115.88751
8078,115.88751
8079,115.88751
8080,115.88751
8081,100.149124
8082,100.149124
8083,100.149124
8084,100.149124
8085,100.149124
8086,100.149124
8087,100.149124
8088,100.149124
8089,100.149124
8090,100.149124
8091,92.142265
8092,92.142265
8093,92.142265
8094,92.142265
8095,92.142265
8096,92.142265
8097,92.142265
8098,92.142265
8099,92.142265
8100,92.142265
8101,71.97604
8102,71.97604
8103,71.97604
8104,71.97604
8105,71.97604
8106,71.97604
8107,71.97604
8108,71.97604
8109,71.97604
8110,71.97604
8111,67.76663
8112,67.76663
8113,67.76663
8114,67.76663
8115,67.76663
8116,67.76663
8117,67.76663
8118,67.76663
8119,67.76663
8120,67.76663
8121,76.98484
8122,76.98484
8123,76.98484
8124,76.98484
8125,76.98484
8126,76.98484
8127,76.98484
8128,76.98484
8129,76.98484
8130,76.98484
8131,103.85997
8132,103.85997
8133,103.85997
8134,103.85997
8135,103.85997
8136,103.85997
8137,103.85997
8138,103.85997
8139,103.85997
8140,103.85997
8141,115.40548
8142,115.40548
8143,115.40548
8144,115.40548
8145,115.40548
8146,115.40548
8147,115.40548
8148,115.40548
8149,115.40548
8150,115.40548
8151,88.03331
8152,88.03331
8153,88.03331
8154,88.03331
8155,88.03331
8156,88.03331
8157,88.03331
8158,88.03331
8159,88.03331
8160,88.03331
8161,103.704636
8162,103.704636
8163,103.704636
8164,103.704636
8165,103.704636
8166,103.704636
8167,103.704636
8168,103.704636
8169,103.704636
8170,103.704636
8171,84.471756
8172,84.471756
8173,84.471756
8174,84.471756
8175,84.471756
8176,84.471756
8177,84.471756
8178,84.471756
8179,84.471756
8180,128.77686
8181,8.591531
8182,8.591531
8183,8.591531
8184,8.591531
8185,8.591531
8186,8.591531
8187,8.591531
8188,8.591531
8189,8.591531
8190,8.591531
8191,131.67166
8192,131.67166
8193,131.67166
8194,131.67166
8195,131.67166
8196,131.67166
8197,131.67166
8198,131.67166
8199,131.67166
8200,131.67166
8201,122.22334
8202,122.22334
8203,122.22334
8204,122.22334
8205,122.22334
8206,122.22334
8207,122.22334
8208,122.22334
8209,122.22334
8210,122.22334
8211,72.0836
8212,72.790955
8213,72.790955
8214,72.790955
8215,72.790955
8216,72.790955
8217,72.790955
8218,72.790955
8219,72.790955
8220,72.790955
8221,84.57043
8222,84.57043
8223,84.57043
8224,84.57043
8225,84.57043
8226,84.57043
8227,84.57043
8228,84.57043
8229,84.57043
8230,84.57043
8231,102.37262
8232,102.37262
8233,102.37262
8234,102.37262
8235,102.37262
8236,102.37262
8237,102.37262
8238,102.37262
8239,102.37262
8240,102.37262
8241,128.16304
8242,128.16304
8243,128.16304
8244,128.16304
8245,128.16304
8246,128.16304
8247,128.16304
8248,128.16304
8249,128.16304
8250,128.16304
8251,82.300354
8252,82.300354
8253,82.300354
8254,82.300354
8255,82.300354
8256,82.300354
8257,82.300354
8258,82.300354
8259,82.300354
8260,82.300354
8261,116.275345
8262,116.275345
8263,116.275345
8264,116.275345
8265,116.275345
8266,116.275345
8267,116.275345
8268,116.275345
8269,116.275345
8270,116.275345
8271,89.2907
8272,89.2907
8273,89.2907
8274,89.2907
8275,89.2907
8276,89.2907
8277,89.2907
8278,89.2907
8279,89.2907
8280,89.2907
8281,112.08483
8282,112.08483
8283,112.08483
8284,112.08483
8285,112.08483
8286,112.08483
8287,112.08483
8288,112.08483
8289,112.08483
8290,112.08483
8291,114.97979
8292,114.97979
8293,114.97979
8294,114.97979
8295,114.97979
8296,114.97979
8297,114.97979
8298,114.97979
8299,114.97979
8300,114.97979
8301,56.858173
8302,56.858173
8303,56.858173
8304,56.858173
8305,56.858173
8306,56.858173
8307,56.858173
8308,56.858173
8309,56.858173
8310,56.858173
8311,76.38924
8312,76.38924
8313,76.38924
8314,76.38924
8315,76.38924
8316,76.38924
8317,76.38924
8318,76.38924
8319,76.38924
8320,76.38924
8321,87.134094
8322,87.134094
8323,87.134094
8324,87.134094
8325,87.134094
8326,87.134094
8327,87.134094
8328,87.134094
8329,87.134094
8330,87.134094
8331,62.935707
8332,62.935707
8333,62.935707
8334,62.935707
8335,62.935707
8336,62.935707
8337,62.935707
8338,62.935707
8339,62.935707
8340,62.935707
8341,78.89638
8342,78.89638
8343,78.89638
8344,78.89638
8345,78.89638
8346,78.89638
8347,78.89638
8348,78.89638
8349,78.89638
8350,78.89638
8351,60.821606
8352,60.821606
8353,60.821606
8354,60.821606
8355,60.821606
8356,60.821606
8357,60.821606
8358,60.821606
8359,60.821606
8360,60.821606
8361,97.2925
8362,97.2925
8363,97.2925
8364,97.2925
8365,97.2925
8366,97.2925
8367,97.2925
8368,97.2925
8369,97.2925
8370,97.2925
8371,124.00677
8372,124.00677
8373,124.00677
8374,124.00677
8375,124.00677
8376,124.00677
8377,124.00677
8378,124.00677
8379,124.00677
8380,124.00677
8381,98.611244
8382,98.611244
8383,98.611244
8384,98.611244
8385,98.611244
8386,98.611244
8387,98.611244
8388,98.611244
8389,98.611244
8390,98.611244
8391,84.34925
8392,84.34925
8393,84.34925
8394,84.34925
8395,84.34925
8396,84.34925
8397,84.34925
8398,84.34925
8399,84.34925
8400,84.34925
8401,96.816376
8402,96.816376
8403,96.816376
8404,96.816376
8405,96.816376
8406,96.816376
8407,96.816376
8408,96.816376
8409,96.816376
8410,96.816376
8411,76.004425
8412,76.004425
8413,76.004425
8414,76.004425
8415,76.004425
8416,76.004425
8417,76.004425
8418,76.004425
8419,76.004425
8420,76.004425
8421,70.070244
8422,70.070244
8423,70.070244
8424,70.070244
8425,70.070244
8426,70.070244
8427,70.070244
8428,70.070244
8429,70.070244
8430,70.070244
8431,111.71579
8432,111.71579
8433,111.71579
8434,111.71579
8435,111.71579
8436,111.71579
8437,111.71579
8438,111.71579
8439,111.71579
8440,111.71579
8441,95.42792
8442,95.42792
8443,95.42792
8444,95.42792
8445,95.42792
8446,95.42792
8447,95.42792
8448,95.42792
8449,95.42792
8450,95.42792
8451,94.62078
8452,94.62078
8453,94.62078
8454,94.62078
8455,94.62078
8456,94.62078
8457,94.62078
8458,94.62078
8459,94.62078
8460,94.62078
8461,92.10304
8462,92.10304
8463,92.10304
8464,92.10304
8465,92.10304
8466,92.10304
8467,92.10304
8468,92.10304
8469,92.10304
8470,92.10304
8471,79.7263
8472,79.7263
8473,79.7263
8474,79.7263
8475,79.7263
8476,79.7263
8477,79.7263
8478,79.7263
8479,79.7263
8480,79.7263
8481,63.09314
8482,63.09314
8483,63.09314
8484,63.09314
8485,63.09314
8486,63.09314
8487,63.09314
8488,63.09314
8489,63.09314
8490,63.09314
8491,88.60442
8492,88.60442
8493,88.60442
8494,88.60442
8495,88.60442
8496,88.60442
8497,88.60442
8498,88.60442
8499,88.60442
8500,183.21352
8501,9.854754
8502,9.854754
8503,9.854754
8504,9.854754
8505,9.854754
8506,9.854754
8507,9.854754
8508,9.854754
8509,9.854754
8510,9.854754
8511,62.668842
8512,62.668842
8513,62.668842
8514,62.668842
8515,62.668842
8516,62.668842
8517,62.668842
8518,62.668842
8519,62.668842
8520,62.668842
8521,82.163376
8522,82.163376
8523,82.163376
8524,82.163376
8525,82.163376
8526,82.163376
8527,82.163376
8528,82.163376
8529,82.163376
8530,82.163376
8531,99.50334
8532,99.50334
8533,99.50334
8534,99.50334
8535,99.50334
8536,99.50334
8537,99.50334
8538,99.50334
8539,99.50334
8540,99.50334
8541,71.36777
8542,71.36777
8543,71.36777
8544,71.36777
8545,71.36777
8546,71.36777
8547,71.36777
8548,71.36777
8549,71.36777
8550,71.36777
8551,78.10301
8552,78.10301
8553,78.10301
8554,78.10301
8555,78.10301
8556,78.10301
8557,78.10301
8558,78.10301
8559,78.10301
8560,78.10301
8561,70.3119
8562,70.3119
8563,70.3119
8564,70.3119
8565,70.3119
8566,70.3119
8567,70.3119
8568,70.3119
8569,70.3119
8570,70.3119
8571,63.23465
8572,63.23465
8573,63.23465
8574,63.23465
8575,63.23465
8576,63.23465
8577,63.23465
8578,63.23465
8579,63.23465
8580,63.23465
8581,68.657524
8582,68.657524
8583,68.657524
8584,68.657524
8585,68.657524
8586,68.657524
8587,68.657524
8588,68.657524
8589,68.657524
8590,68.657524
8591,82.134
8592,82.134
8593,82.134
8594,82.134
8595,82.134
8596,82.134
8597,82.134
8598,82.134
8599,82.134
8600,82.134
8601,111.18722
8602,111.18722
8603,111.18722
8604,111.18722
8605,111.18722
8606,111.18722
8607,111.18722
8608,111.18722
8609,111.18722
8610,111.18722
8611,96.51897
8612,96.51897
8613,96.51897
8614,96.51897
8615,96.51897
8616,96.51897
8617,96.51897
8618,96.51897
8619,96.51897
8620,96.51897
8621,69.07094
8622,69.07094
8623,69.07094
8624,69.07094
8625,69.07094
8626,69.07094
8627,69.07094
8628,69.07094
8629,69.07094
8630,69.07094
8631,72.14982
8632,72.14982
8633,72.14982
8634,72.14982
8635,72.14982
8636,72.14982
8637,72.14982
8638,72.14982
8639,72.14982
8640,72.14982
8641,65.117836
8642,65.117836
8643,65.117836
8644,65.117836
8645,65.117836
8646,65.117836
8647,65.117836
8648,65.117836
8649,65.117836
8650,65.117836
8651,107.48132
8652,107.48132
8653,107.48132
8654,107.48132
8655,107.48132
8656,107.48132
8657,107.48132
8658,107.48132
8659,107.48132
8660,107.48132
8661,104.513466
8662,104.513466
8663,104.513466
8664,104.513466
8665,104.513466
8666,104.513466
8667,104.513466
8668,104.513466
8669,104.513466
8670,104.513466
8671,86.600174
8672,86.600174
8673,86.600174
8674,86.600174
8675,86.600174
8676,86.600174
8677,86.600174
8678,86.600174
8679,86.600174
8680,86.600174
8681,72.108154
8682,72.108154
8683,72.108154
8684,72.108154
8685,72.108154
8686,72.108154
8687,72.108154
8688,72.108154
8689,72.108154
8690,72.108154
8691,97.64248
8692,97.64248
8693,97.64248
8694,97.64248
8695,97.64248
8696,97.64248
8697,97.64248
8698,97.64248
8699,97.64248
8700,97.64248
8701,71.748055
8702,71.748055
8703,71.748055
8704,71.748055
8705,71.748055
8706,71.748055
8707,71.748055
8708,71.748055
8709,71.748055
8710,71.748055
8711,80.206566
8712,80.206566
8713,80.206566
8714,80.206566
8715,80.206566
8716,80.206566
8717,80.206566
8718,80.206566
8719,80.206566
8720,80.206566
8721,68.31865
8722,68.31865
8723,68.31865
8724,68.31865
8725,68.31865
8726,68.31865
8727,68.31865
8728,68.31865
8729,68.31865
8730,68.31865
8731,107.60075
8732,107.60075
8733,107.60075
8734,107.60075
8735,107.60075
8736,107.60075
8737,107.60075
8738,107.60075
8739,107.60075
8740,107.60075
8741,81.46697
8742,81.46697
8743,81.46697
8744,81.46697
8745,81.46697
8746,81.46697
8747,81.46697
8748,81.46697
8749,81.46697
8750,81.46697
8751,84.29748
8752,84.29748
8753,84.29748
8754,84.29748
8755,84.29748
8756,84.29748
8757,84.29748
8758,84.29748
8759,84.29748
8760,84.29748
8761,107.494385
8762,107.494385
8763,107.494385
8764,107.494385
8765,107.494385
8766,107.494385
8767,107.494385
8768,107.494385
8769,107.494385
8770,107.494385
8771,125.339714
8772,125.339714
8773,125.339714
8774,125.339714
8775,125.339714
8776,125.339714
8777,125.339714
8778,125.339714
8779,125.339714
8780,125.339714
8781,125.40563
8782,125.40563
8783,125.40563
8784,125.40563
8785,125.40563
8786,125.40563
8787,125.40563
8788,125.40563
8789,125.40563
8790,125.40563
8791,92.904495
8792,92.904495
8793,92.904495
8794,92.904495
8795,92.904495
8796,92.904495
8797,92.904495
8798,92.904495
8799,92.904495
8800,92.904495
8801,77.5539
8802,77.5539
8803,77.5539
8804,77.5539
8805,77.5539
8806,77.5539
8807,77.5539
8808,77.5539
8809,77.5539
8810,77.5539
8811,80.214424
8812,80.214424
8813,80.214424
8814,80.214424
8815,80.214424
8816,80.214424
8817,80.214424
8818,80.214424
8819,80.214424
8820,80.214424
8821,83.38497
8822,83.38497
8823,83.38497
8824,83.38497
8825,83.38497
8826,83.38497
8827,83.38497
8828,83.38497
8829,83.38497
8830,83.38497
8831,104.17214
8832,104.17214
8833,104.17214
8834,104.17214
8835,90.09774
8836,90.09774
8837,90.09774
8838,90.09774
8839,90.09774
8840,90.09774
8841,63.848007
8842,63.848007
8843,63.848007
8844,63.848007
8845,63.848007
8846,63.848007
8847,63.848007
8848,63.848007
8849,63.848007
8850,63.848007
8851,64.54543
8852,64.54543
8853,64.54543
8854,64.54543
8855,64.54543
8856,64.54543
8857,64.54543
8858,64.54543
8859,64.54543
8860,64.54543
8861,86.75719
8862,86.75719
8863,86.75719
8864,86.75719
8865,86.75719
8866,86.75719
8867,86.75719
8868,86.75719
8869,86.75719
8870,86.75719
8871,69.95212
8872,69.95212
8873,69.95212
8874,69.95212
8875,69.95212
8876,69.95212
8877,69.95212
8878,69.95212
8879,69.95212
8880,69.95212
8881,79.69411
8882,79.69411
8883,79.69411
8884,79.69411
8885,79.69411
8886,79.69411
8887,79.69411
8888,79.69411
8889,79.69411
8890,79.69411
8891,73.69608
8892,73.69608
8893,73.69608
8894,73.69608
8895,73.69608
8896,73.69608
8897,73.69608
8898,73.69608
8899,73.69608
8900,73.69608
8901,67.359726
8902,67.359726
8903,67.359726
8904,67.359726
8905,67.359726
8906,67.359726
8907,67.359726
8908,67.359726
8909,67.359726
8910,67.359726
8911,82.48705
8912,82.48705
8913,82.48705
8914,82.48705
8915,82.48705
8916,82.48705
8917,82.48705
8918,82.48705
8919,82.48705
8920,82.48705
8921,63.90103
8922,63.90103
8923,63.90103
8924,89.56801
8925,89.56801
8926,89.56801
8927,89.56801
8928,89.56801
8929,89.56801
8930,89.56801
8931,72.001595
8932,72.001595
8933,72.001595
8934,72.001595
8935,72.001595
8936,72.001595
8937,72.001595
8938,72.001595
8939,72.001595
8940,72.001595
8941,111.4611
8942,111.4611
8943,111.4611
8944,111.4611
8945,111.4611
8946,111.4611
8947,111.4611
8948,111.4611
8949,111.4611
8950,111.4611
8951,84.969284
8952,84.969284
8953,84.969284
8954,84.969284
8955,84.969284
8956,84.969284
8957,84.969284
8958,84.969284
8959,84.969284
8960,84.969284
8961,86.97956
8962,86.97956
8963,86.97956
8964,86.97956
8965,86.97956
8966,86.97956
8967,86.97956
8968,86.97956
8969,86.97956
8970,86.97956
8971,66.31525
8972,66.31525
8973,66.31525
8974,66.31525
8975,66.31525
8976,66.31525
8977,66.31525
8978,122.904755
8979,122.904755
8980,122.904755
8981,35.893494
8982,35.893494
8983,35.893494
8984,35.893494
8985,35.893494
8986,35.893494
8987,35.893494
8988,35.893494
8989,35.893494
8990,35.893494
8991,105.33714
8992,105.33714
8993,105.33714
8994,105.33714
8995,105.33714
8996,105.33714
8997,105.33714
8998,105.33714
8999,105.33714
9000,105.33714
9001,69.90488
9002,69.90488
9003,69.90488
9004,69.90488
9005,69.90488
9006,69.90488
9007,69.90488
9008,69.90488
9009,69.90488
9010,69.90488
9011,96.399574
9012,96.399574
9013,96.399574
9014,96.399574
9015,96.399574
9016,96.399574
9017,96.399574
9018,96.399574
9019,96.399574
9020,96.399574
9021,76.34357
9022,76.34357
9023,76.34357
9024,76.34357
9025,76.34357
9026,76.34357
9027,76.34357
9028,76.34357
9029,76.34357
9030,76.34357
9031,79.934525
9032,79.934525
9033,79.934525
9034,79.934525
9035,79.934525
9036,79.934525
9037,79.934525
9038,79.934525
9039,79.934525
9040,79.934525
9041,90.531494
9042,90.531494
9043,90.531494
9044,90.531494
9045,90.531494
9046,90.531494
9047,90.531494
9048,90.531494
9049,90.531494
9050,90.531494
9051,92.91672
9052,92.91672
9053,92.91672
9054,92.91672
9055,92.91672
9056,92.91672
9057,92.91672
9058,92.91672
9059,92.91672
9060,92.91672
9061,92.17944
9062,92.17944
9063,92.17944
9064,92.17944
9065,92.17944
9066,92.17944
9067,92.17944
9068,92.17944
9069,92.17944
9070,92.17944
9071,92.183266
9072,92.183266
9073,92.183266
9074,92.183266
9075,92.183266
9076,92.183266
9077,92.183266
9078,92.183266
9079,92.183266
9080,92.183266
9081,78.16039
9082,78.16039
9083,78.16039
9084,78.16039
9085,78.16039
9086,78.16039
9087,78.16039
9088,78.16039
9089,78.16039
9090,78.16039
9091,80.5903
9092,80.5903
9093,80.5903
9094,80.5903
9095,80.5903
9096,80.5903
9097,80.5903
9098,80.5903
9099,80.5903
9100,80.5903
9101,118.155846
9102,118.155846
9103,118.155846
9104,118.155846
9105,118.155846
9106,118.155846
9107,118.155846
9108,118.155846
9109,118.155846
9110,118.155846
9111,70.9677
9112,70.9677
9113,70.9677
9114,70.9677
9115,70.9677
9116,70.9677
9117,70.9677
9118,70.9677
9119,70.9677
9120,70.9677
9121,72.52382
9122,72.52382
9123,72.52382
9124,72.52382
9125,72.52382
9126,72.52382
9127,72.52382
9128,72.52382
9129,72.52382
9130,72.52382
9131,101.43023
9132,101.43023
9133,101.43023
9134,101.43023
9135,101.43023
9136,101.43023
9137,101.43023
9138,101.43023
9139,101.43023
9140,101.43023
9141,156.73859
9142,156.73859
9143,156.73859
9144,156.73859
9145,156.73859
9146,156.73859
9147,156.73859
9148,156.73859
9149,156.73859
9150,156.73859
9151,70.4324
9152,70.4324
9153,70.4324
9154,70.4324
9155,70.4324
9156,70.4324
9157,70.4324
9158,70.4324
9159,70.4324
9160,70.4324
9161,106.27269
9162,106.27269
9163,106.27269
9164,106.27269
9165,106.27269
9166,106.27269
9167,106.27269
9168,106.27269
9169,106.27269
9170,106.27269
9171,69.76662
9172,69.76662
9173,69.76662
9174,69.76662
9175,69.76662
9176,69.76662
9177,69.76662
9178,69.76662
9179,69.76662
9180,69.76662
9181,70.24315
9182,70.24315
9183,70.24315
9184,70.24315
9185,70.24315
9186,70.24315
9187,70.24315
9188,70.24315
9189,70.24315
9190,70.24315
9191,91.114685
9192,91.114685
9193,91.114685
9194,91.114685
9195,91.114685
9196,91.114685
9197,91.114685
9198,91.114685
9199,91.114685
9200,91.114685
9201,94.89441
9202,94.89441
9203,94.89441
9204,94.89441
9205,94.89441
9206,94.89441
9207,94.89441
9208,94.89441
9209,94.89441
9210,94.89441
9211,74.360886
9212,74.360886
9213,74.360886
9214,74.360886
9215,74.360886
9216,74.360886
9217,74.360886
9218,74.360886
9219,74.360886
9220,74.360886
9221,97.871284
9222,97.871284
9223,97.871284
9224,97.871284
9225,97.871284
9226,97.871284
9227,97.871284
9228,97.871284
9229,97.871284
9230,97.871284
9231,90.303764
9232,90.303764
9233,90.303764
9234,90.303764
9235,90.303764
9236,90.303764
9237,90.303764
9238,90.303764
9239,90.303764
9240,90.303764
9241,78.525
9242,78.525
9243,78.525
9244,78.525
9245,78.525
9246,78.525
9247,78.525
9248,78.525
9249,78.525
9250,78.525
9251,80.98836
9252,80.98836
9253,80.98836
9254,80.98836
9255,80.98836
9256,80.98836
9257,80.98836
9258,80.98836
9259,80.98836
9260,80.98836
9261,105.597855
9262,105.597855
9263,105.597855
9264,105.597855
9265,105.597855
9266,105.597855
9267,105.597855
9268,105.597855
9269,105.597855
9270,105.597855
9271,122.29653
9272,122.29653
9273,122.29653
9274,122.29653
9275,122.29653
9276,122.29653
9277,122.29653
9278,122.29653
9279,122.29653
9280,122.29653
9281,76.15312
9282,76.15312
9283,76.15312
9284,76.15312
9285,76.15312
9286,76.15312
9287,76.15312
9288,76.15312
9289,76.15312
9290,76.15312
9291,86.52816
9292,86.52816
9293,86.52816
9294,86.52816
9295,86.52816
9296,86.52816
9297,86.52816
9298,86.52816
9299,86.52816
9300,86.52816
9301,79.93548
9302,79.93548
9303,79.93548
9304,79.93548
9305,79.93548
9306,79.93548
9307,79.93548
9308,79.93548
9309,79.93548
9310,79.93548
9311,81.79817
9312,81.79817
9313,81.79817
9314,81.79817
9315,81.79817
9316,81.79817
9317,81.79817
9318,81.79817
9319,81.79817
9320,81.79817
9321,81.14027
9322,81.14027
9323,81.14027
9324,81.14027
9325,81.14027
9326,81.14027
9327,81.14027
9328,81.14027
9329,81.14027
9330,81.14027
9331,78.714
9332,78.714
9333,78.714
9334,78.714
9335,78.714
9336,78.714
9337,78.714
9338,78.714
9339,78.714
9340,78.714
9341,67.827705
9342,67.827705
9343,67.827705
9344,67.827705
9345,67.827705
9346,67.827705
9347,67.827705
9348,67.827705
9349,67.827705
9350,67.827705
9351,94.63913
9352,94.63913
9353,94.63913
9354,94.63913
9355,94.63913
9356,94.63913
9357,94.63913
9358,94.63913
9359,94.63913
9360,94.63913
9361,76.921906
9362,76.921906
9363,76.921906
9364,76.921906
9365,76.921906
9366,76.921906
9367,76.921906
9368,76.921906
9369,76.921906
9370,76.921906
9371,84.51236
9372,84.51236
9373,84.51236
9374,84.51236
9375,84.51236
9376,84.51236
9377,84.51236
9378,84.51236
9379,84.51236
9380,84.51236
9381,93.30355
9382,93.30355
9383,93.30355
9384,93.30355
9385,93.30355
9386,93.30355
9387,93.30355
9388,93.30355
9389,93.30355
9390,93.30355
9391,99.5445
9392,99.5445
9393,99.5445
9394,99.5445
9395,99.5445
9396,99.5445
9397,99.5445
9398,99.5445
9399,99.5445
9400,99.5445
9401,91.870056
9402,91.870056
9403,91.870056
9404,91.870056
9405,91.870056
9406,91.870056
9407,91.870056
9408,91.870056
9409,91.870056
9410,91.870056
9411,69.34395
9412,69.34395
9413,69.34395
9414,69.34395
9415,69.34395
9416,69.34395
9417,69.34395
9418,69.34395
9419,69.34395
9420,69.34395
9421,91.515915
9422,91.515915
9423,91.515915
9424,91.515915
9425,91.515915
9426,91.515915
9427,91.515915
9428,91.515915
9429,91.515915
9430,91.515915
9431,85.328896
9432,85.328896
9433,85.328896
9434,85.328896
9435,85.328896
9436,85.328896
9437,85.328896
9438,85.328896
9439,85.328896
9440,85.328896
9441,82.00087
9442,82.00087
9443,82.00087
9444,82.00087
9445,82.00087
9446,82.00087
9447,82.00087
9448,82.00087
9449,82.00087
9450,82.00087
9451,111.1999
9452,111.1999
9453,111.1999
9454,111.1999
9455,111.1999
9456,111.1999
9457,111.1999
9458,111.1999
9459,111.1999
9460,111.1999
9461,116.41548
9462,116.41548
9463,116.41548
9464,116.41548
9465,116.41548
9466,116.41548
9467,116.41548
9468,116.41548
9469,116.41548
9470,116.41548
9471,111.555534
9472,111.555534
9473,111.555534
9474,111.555534
9475,111.555534
9476,111.555534
9477,111.555534
9478,111.555534
9479,111.555534
9480,111.555534
9481,60.656013
9482,60.656013
9483,60.656013
9484,60.656013
9485,60.656013
9486,60.656013
9487,60.656013
9488,60.656013
9489,60.656013
9490,60.656013
9491,112.85206
9492,112.85206
9493,112.85206
9494,112.85206
9495,112.85206
9496,112.85206
9497,112.85206
9498,112.85206
9499,112.85206
9500,112.85206
9501,87.27742
9502,87.27742
9503,87.27742
9504,87.27742
9505,87.27742
9506,87.27742
9507,87.27742
9508,87.27742
9509,87.27742
9510,87.27742
9511,90.85686
9512,90.85686
9513,90.85686
9514,90.85686
9515,90.85686
9516,90.85686
9517,90.85686
9518,90.85686
9519,90.85686
9520,90.85686
9521,81.87623
9522,81.87623
9523,81.87623
9524,81.87623
9525,81.87623
9526,81.87623
9527,81.87623
9528,81.87623
9529,81.87623
9530,81.87623
9531,83.3487
9532,83.3487
9533,83.3487
9534,83.3487
9535,83.3487
9536,83.3487
9537,83.3487
9538,83.3487
9539,83.3487
9540,83.3487
9541,136.39862
9542,136.39862
9543,136.39862
9544,136.39862
9545,136.39862
9546,136.39862
9547,136.39862
9548,136.39862
9549,136.39862
9550,136.39862
9551,93.66621
9552,93.66621
9553,76.47088
9554,76.47088
9555,76.47088
9556,76.47088
9557,76.47088
9558,76.47088
9559,76.47088
9560,76.47088
9561,85.541626
9562,85.541626
9563,85.541626
9564,85.541626
9565,85.541626
9566,85.541626
9567,85.541626
9568,85.541626
9569,85.541626
9570,85.541626
9571,66.151024
9572,66.151024
9573,66.151024
9574,66.151024
9575,66.151024
9576,66.151024
9577,66.151024
9578,66.151024
9579,66.151024
9580,66.151024
9581,75.34393
9582,75.34393
9583,75.34393
9584,75.34393
9585,75.34393
9586,75.34393
9587,75.34393
9588,75.34393
9589,75.34393
9590,75.34393
9591,72.276665
9592,72.276665
9593,72.276665
9594,72.276665
9595,72.276665
9596,72.276665
9597,72.276665
9598,72.276665
9599,72.276665
9600,72.276665
9601,85.82451
9602,85.82451
9603,85.82451
9604,85.82451
9605,85.82451
9606,85.82451
9607,85.82451
9608,85.82451
9609,85.82451
9610,85.82451
9611,65.730965
9612,65.730965
9613,65.730965
9614,65.730965
9615,65.730965
9616,65.730965
9617,65.730965
9618,65.730965
9619,65.730965
9620,65.730965
9621,65.18717
9622,65.18717
9623,65.18717
9624,65.18717
9625,65.18717
9626,65.18717
9627,65.18717
9628,65.18717
9629,65.18717
9630,65.18717
9631,121.68828
9632,121.68828
9633,121.68828
9634,121.68828
9635,121.68828
9636,121.68828
9637,121.68828
9638,121.68828
9639,121.68828
9640,121.68828
9641,108.402954
9642,108.402954
9643,108.402954
9644,108.402954
9645,108.402954
9646,108.402954
9647,108.402954
9648,108.402954
9649,108.402954
9650,108.402954
9651,91.75238
9652,91.75238
9653,91.75238
9654,91.75238
9655,91.75238
9656,91.75238
9657,91.75238
9658,91.75238
9659,91.75238
9660,171.38535
9661,9.154465
9662,9.154465
9663,9.154465
9664,9.154465
9665,9.154465
9666,9.154465
9667,9.154465
9668,9.154465
9669,9.154465
9670,9.154465
9671,98.07289
9672,98.07289
9673,98.07289
9674,98.07289
9675,98.07289
9676,98.07289
9677,98.07289
9678,98.07289
9679,98.07289
9680,98.07289
9681,92.122246
9682,92.122246
9683,92.122246
9684,92.122246
9685,92.122246
9686,92.122246
9687,92.122246
9688,92.122246
9689,92.122246
9690,92.122246
9691,66.46747
9692,66.46747
9693,66.46747
9694,66.46747
9695,66.46747
9696,66.46747
9697,66.46747
9698,66.46747
9699,66.46747
9700,66.46747
9701,100.49301
9702,100.49301
9703,100.49301
9704,100.49301
9705,100.49301
9706,100.49301
9707,100.49301
9708,100.49301
9709,100.49301
9710,100.49301
9711,124.82811
9712,124.82811
9713,124.82811
9714,124.82811
9715,124.82811
9716,124.82811
9717,124.82811
9718,124.82811
9719,124.82811
9720,124.82811
9721,94.4363
9722,94.4363
9723,94.4363
9724,94.4363
9725,94.4363
9726,94.4363
9727,94.4363
9728,94.4363
9729,94.4363
9730,94.4363
9731,72.79965
9732,72.79965
9733,72.79965
9734,72.79965
9735,72.79965
9736,72.79965
9737,72.79965
9738,72.79965
9739,72.79965
9740,72.79965
9741,65.90663
9742,65.90663
9743,65.90663
9744,65.90663
9745,65.90663
9746,65.90663
9747,65.90663
9748,65.90663
9749,65.90663
9750,65.90663
9751,99.76914
9752,99.76914
9753,99.76914
9754,99.76914
9755,99.76914
9756,99.76914
9757,99.76914
9758,99.76914
9759,99.76914
9760,99.76914
9761,90.59995
9762,90.59995
9763,90.59995
9764,90.59995
9765,90.59995
9766,90.59995
9767,90.59995
9768,90.59995
9769,90.59995
9770,90.59995
9771,75.50936
9772,75.50936
9773,75.50936
9774,75.50936
9775,75.50936
9776,75.50936
9777,75.50936
9778,75.50936
9779,75.50936
9780,75.50936
9781,80.237274
9782,80.237274
9783,80.237274
9784,80.237274
9785,80.237274
9786,80.237274
9787,80.237274
9788,80.237274
9789,80.237274
9790,80.237274
9791,112.68274
9792,112.68274
9793,112.68274
9794,112.68274
9795,112.68274
9796,112.68274
9797,112.68274
9798,112.68274
9799,112.68274
9800,112.68274
9801,108.114105
9802,108.114105
9803,108.114105
9804,108.114105
9805,108.114105
9806,108.114105
9807,108.114105
9808,108.114105
9809,108.114105
9810,160.02524
9811,7.410287
9812,7.410287
9813,7.410287
9814,7.410287
9815,7.410287
9816,7.410287
9817,7.410287
9818,7.410287
9819,7.410287
9820,7.410287
9821,85.3522
9822,85.3522
9823,85.3522
9824,85.3522
9825,85.3522
9826,85.3522
9827,85.3522
9828,85.3522
9829,85.3522
9830,85.3522
9831,94.33033
9832,94.33033
9833,94.33033
9834,94.33033
9835,94.33033
9836,94.33033
9837,94.33033
9838,94.33033
9839,94.33033
9840,94.33033
9841,133.93402
9842,133.93402
9843,133.93402
9844,133.93402
9845,133.93402
9846,133.93402
9847,133.93402
9848,133.93402
9849,133.93402
9850,133.93402
9851,105.495155
9852,105.495155
9853,105.495155
9854,105.495155
9855,105.495155
9856,105.495155
9857,105.495155
9858,105.495155
9859,105.495155
9860,105.495155
9861,105.547516
9862,105.547516
9863,105.547516
9864,105.547516
9865,105.547516
9866,105.547516
9867,105.547516
9868,105.547516
9869,105.547516
9870,105.547516
9871,88.64469
9872,88.64469
9873,88.64469
9874,88.64469
9875,88.64469
9876,88.64469
9877,88.64469
9878,88.64469
9879,88.64469
9880,88.64469
9881,108.09709
9882,108.09709
9883,108.09709
9884,108.09709
9885,108.09709
9886,108.09709
9887,108.09709
9888,108.09709
9889,108.09709
9890,108.09709
9891,99.37808
9892,99.37808
9893,99.37808
9894,99.37808
9895,99.37808
9896,99.37808
9897,99.37808
9898,99.37808
9899,99.37808
9900,99.37808
9901,101.66571
9902,101.66571
9903,101.66571
9904,101.66571
9905,101.66571
9906,101.66571
9907,101.66571
9908,101.66571
9909,101.66571
9910,101.66571
9911,121.47667
9912,121.47667
9913,121.47667
9914,121.47667
9915,121.47667
9916,121.47667
9917,121.47667
9918,121.47667
9919,121.47667
9920,121.47667
9921,91.58302
9922,91.58302
9923,91.58302
9924,91.58302
9925,91.58302
9926,91.58302
9927,91.58302
9928,91.58302
9929,91.58302
9930,91.58302
9931,77.69014
9932,77.69014
9933,77.69014
9934,77.69014
9935,77.69014
9936,77.69014
9937,77.69014
9938,77.69014
9939,77.69014
9940,77.69014
9941,89.25557
9942,89.25557
9943,89.25557
9944,89.25557
9945,89.25557
9946,89.25557
9947,89.25557
9948,89.25557
9949,89.25557
9950,89.25557
9951,80.228386
9952,80.228386
9953,80.228386
9954,80.228386
9955,80.228386
9956,80.228386
9957,80.228386
9958,80.228386
9959,80.228386
9960,80.228386
9961,72.35799
9962,72.35799
9963,72.35799
9964,72.35799
9965,72.35799
9966,72.35799
9967,72.35799
9968,72.35799
9969,72.35799
9970,72.35799
9971,90.264465
9972,90.264465
9973,90.264465
9974,90.264465
9975,90.264465
9976,90.264465
9977,90.264465
9978,90.264465
9979,90.264465
9980,90.264465
9981,83.498085
9982,83.498085
9983,83.498085
9984,83.498085
9985,83.498085
9986,83.498085
9987,83.498085
9988,83.498085
9989,83.498085
9990,83.498085
9991,89.30663
9992,89.30663
9993,89.30663
9994,89.30663
9995,89.30663
9996,89.30663
9997,89.30663
9998,89.30663
9999,89.30663
10000,89.30663
10001,81.68832
10002,81.68832
10003,81.68832
10004,81.68832
10005,81.68832
10006,81.68832
10007,81.68832
10008,81.68832
10009,81.68832
10010,81.68832
10011,100.32405
10012,100.32405
10013,100.32405
10014,100.32405
10015,100.32405
10016,100.32405
10017,100.32405
10018,100.32405
10019,100.32405
10020,100.32405
10021,65.55241
10022,65.55241
10023,65.55241
10024,65.55241
10025,65.55241
10026,65.55241
10027,65.55241
10028,65.55241
10029,65.55241
10030,65.55241
10031,90.4579
10032,90.4579
10033,90.4579
10034,90.4579
10035,90.4579
10036,90.4579
10037,90.4579
10038,90.4579
10039,90.4579
10040,90.4579
10041,77.571396
10042,70.4345
10043,70.4345
10044,70.4345
10045,70.4345
10046,70.4345
10047,70.4345
10048,70.4345
10049,70.4345
10050,70.4345
10051,88.72493
10052,88.72493
10053,88.72493
10054,88.72493
10055,88.72493
10056,88.72493
10057,88.72493
10058,88.72493
10059,88.72493
10060,88.72493
10061,154.03001
10062,154.03001
10063,154.03001
10064,154.03001
10065,120.74226
10066,120.74226
10067,86.54086
10068,86.54086
10069,86.54086
10070,86.54086
10071,50.88139
10072,50.88139
10073,50.88139
10074,50.88139
10075,50.88139
10076,50.88139
10077,50.88139
10078,50.88139
10079,50.88139
10080,50.88139
10081,129.23186
10082,129.23186
10083,129.23186
10084,129.23186
10085,129.23186
10086,129.23186
10087,129.23186
10088,129.23186
10089,129.23186
10090,129.23186
10091,118.9038
10092,118.9038
10093,118.9038
10094,118.9038
10095,118.9038
10096,118.9038
10097,118.9038
10098,118.9038
10099,118.9038
10100,118.9038
10101,113.43679
10102,113.43679
10103,113.43679
10104,113.43679
10105,113.43679
10106,113.43679
10107,113.43679
10108,113.43679
10109,113.43679
10110,113.43679
10111,108.058624
10112,108.058624
10113,108.058624
10114,108.058624
10115,108.058624
10116,108.058624
10117,108.058624
10118,108.058624
10119,108.058624
10120,108.058624
10121,81.640526
10122,81.640526
10123,81.640526
10124,81.640526
10125,81.640526
10126,81.640526
10127,81.640526
10128,81.640526
10129,81.640526
10130,81.640526
10131,95.41203
10132,95.41203
10133,95.41203
10134,95.41203
10135,95.41203
10136,95.41203
10137,95.41203
10138,95.41203
10139,95.41203
10140,95.41203
10141,86.28135
10142,86.28135
10143,86.28135
10144,86.28135
10145,86.28135
10146,86.28135
10147,86.28135
10148,86.28135
10149,86.28135
10150,86.28135
10151,145.8992
10152,145.8992
10153,145.8992
10154,145.8992
10155,145.8992
10156,145.8992
10157,145.8992
10158,145.8992
10159,145.8992
10160,145.8992
10161,107.00691
10162,107.00691
10163,107.00691
10164,107.00691
10165,107.00691
10166,107.00691
10167,107.00691
10168,107.00691
10169,107.00691
10170,107.00691
10171,85.82907
10172,85.82907
10173,85.82907
10174,85.82907
10175,85.82907
10176,85.82907
10177,85.82907
10178,85.82907
10179,85.82907
10180,85.82907
10181,90.29598
10182,90.29598
10183,90.29598
10184,90.29598
10185,90.29598
10186,90.29598
10187,90.29598
10188,90.29598
10189,90.29598
10190,90.29598
10191,84.48927
10192,84.48927
10193,84.48927
10194,84.48927
10195,84.48927
10196,84.48927
10197,84.48927
10198,84.48927
10199,84.48927
10200,84.48927
10201,102.218155
10202,102.218155
10203,102.218155
10204,102.218155
10205,102.218155
10206,102.218155
10207,102.218155
10208,102.218155
10209,102.218155
10210,102.218155
10211,58.748158
10212,58.748158
10213,58.748158
10214,58.748158
10215,58.748158
10216,58.748158
10217,58.748158
10218,58.748158
10219,58.748158
10220,58.748158
10221,82.86122
10222,82.86122
10223,82.86122
10224,82.86122
10225,82.86122
10226,82.86122
10227,82.86122
10228,82.86122
10229,82.86122
10230,82.86122
10231,80.10411
10232,80.10411
10233,80.10411
10234,80.10411
10235,80.10411
10236,80.10411
10237,80.10411
10238,80.10411
10239,80.10411
10240,80.10411
10241,61.984306
10242,61.984306
10243,61.984306
10244,61.984306
10245,61.984306
10246,61.984306
10247,61.984306
10248,61.984306
10249,61.984306
10250,61.984306
10251,111.41472
10252,111.41472
10253,111.41472
10254,111.41472
10255,111.41472
10256,111.41472
10257,111.41472
10258,111.41472
10259,111.41472
10260,111.41472
10261,84.21717
10262,84.21717
10263,84.21717
10264,84.21717
10265,84.21717
10266,84.21717
10267,84.21717
10268,84.21717
10269,84.21717
10270,84.21717
10271,102.26881
10272,102.26881
10273,102.26881
10274,102.26881
10275,102.26881
10276,102.26881
10277,102.26881
10278,102.26881
10279,102.26881
10280,102.26881
10281,115.54603
10282,115.54603
10283,115.54603
10284,115.54603
10285,115.54603
10286,115.54603
10287,109.49671
10288,109.49671
10289,109.49671
10290,109.49671
10291,40.242725
10292,40.242725
10293,40.242725
10294,40.242725
10295,40.242725
10296,40.242725
10297,40.242725
10298,40.242725
10299,40.242725
10300,40.242725
10301,57.858253
10302,57.858253
10303,57.858253
10304,57.858253
10305,57.858253
10306,57.858253
10307,57.858253
10308,57.858253
10309,57.858253
10310,57.858253
10311,70.432594
10312,70.432594
10313,70.432594
10314,70.432594
10315,70.432594
10316,70.432594
10317,70.432594
10318,70.432594
10319,70.432594
10320,70.432594
10321,99.70385
10322,99.70385
10323,99.70385
10324,99.70385
10325,99.70385
10326,99.70385
10327,99.70385
10328,99.70385
10329,99.70385
10330,99.70385
10331,93.78963
10332,93.78963
10333,93.78963
10334,93.78963
10335,93.78963
10336,93.78963
10337,93.78963
10338,93.78963
10339,93.78963
10340,93.78963
10341,121.79778
10342,121.79778
10343,121.79778
10344,121.79778
10345,121.79778
10346,121.79778
10347,121.79778
10348,121.79778
10349,121.79778
10350,121.79778
10351,70.0633
10352,70.0633
10353,70.0633
10354,70.0633
10355,70.0633
10356,70.0633
10357,70.0633
10358,70.0633
10359,70.0633
10360,70.0633
10361,76.220055
10362,76.220055
10363,76.220055
10364,76.220055
10365,76.220055
10366,76.220055
10367,76.220055
10368,76.220055
10369,76.220055
10370,76.220055
10371,68.54154
10372,68.54154
10373,68.54154
10374,68.54154
10375,68.54154
10376,68.54154
10377,68.54154
10378,68.54154
10379,68.54154
10380,68.54154
10381,77.298096
10382,77.298096
10383,77.298096
10384,77.298096
10385,77.298096
10386,77.298096
10387,77.298096
10388,77.298096
10389,77.298096
10390,77.298096
10391,84.64713
10392,84.64713
10393,84.64713
10394,84.64713
10395,84.64713
10396,84.64713
10397,84.64713
10398,84.64713
10399,84.64713
10400,84.64713
10401,80.35003
10402,80.35003
10403,80.35003
10404,80.35003
10405,80.35003
10406,80.35003
10407,80.35003
10408,80.35003
10409,80.35003
10410,80.35003
10411,145.49219
10412,145.49219
10413,145.49219
10414,145.49219
10415,145.49219
10416,145.49219
10417,145.49219
10418,145.49219
10419,145.49219
10420,145.49219
10421,76.3181
10422,76.3181
10423,76.3181
10424,76.3181
10425,76.3181
10426,76.3181
10427,76.3181
10428,76.3181
10429,76.3181
10430,76.3181
10431,112.96835
10432,112.96835
10433,112.96835
10434,112.96835
10435,112.96835
10436,112.96835
10437,112.96835
10438,112.96835
10439,112.96835
10440,112.96835
10441,103.86261
10442,103.86261
10443,103.86261
10444,103.86261
10445,103.86261
10446,103.86261
10447,103.86261
10448,103.86261
10449,103.86261
10450,103.86261
10451,122.15353
10452,122.15353
10453,122.15353
10454,122.15353
10455,122.15353
10456,122.15353
10457,122.15353
10458,122.15353
10459,122.15353
10460,122.15353
10461,84.59439
10462,84.59439
10463,84.59439
10464,84.59439
10465,84.59439
10466,84.59439
10467,84.59439
10468,84.59439
10469,84.59439
10470,84.59439
10471,78.14261
10472,78.14261
10473,78.14261
10474,78.14261
10475,78.14261
10476,78.14261
10477,78.14261
10478,78.14261
10479,78.14261
10480,78.14261
10481,101.75959
10482,101.75959
10483,101.75959
10484,101.75959
10485,101.75959
10486,101.75959
10487,101.75959
10488,101.75959
10489,101.75959
10490,101.75959
10491,62.095737
10492,62.095737
10493,62.095737
10494,62.095737
10495,62.095737
10496,62.095737
10497,62.095737
10498,62.095737
10499,62.095737
10500,62.095737
10501,73.38617
10502,73.38617
10503,73.38617
10504,73.38617
10505,73.38617
10506,73.38617
10507,73.38617
10508,73.38617
10509,73.38617
10510,73.38617
10511,94.06985
10512,94.06985
10513,94.06985
10514,94.06985
10515,94.06985
10516,94.06985
10517,94.06985
10518,94.06985
10519,94.06985
10520,94.06985
10521,93.39165
10522,93.39165
10523,93.39165
10524,93.39165
10525,93.39165
10526,93.39165
10527,93.39165
10528,93.39165
10529,93.39165
10530,93.39165
10531,101.05923
10532,101.05923
10533,101.05923
10534,101.05923
10535,101.05923
10536,101.05923
10537,101.05923
10538,101.05923
10539,101.05923
10540,101.05923
10541,112.57883
10542,112.57883
10543,112.57883
10544,112.57883
10545,112.57883
10546,112.57883
10547,112.57883
10548,112.57883
10549,112.57883
10550,112.57883
10551,103.63008
10552,103.63008
10553,103.63008
10554,103.63008
10555,103.63008
10556,103.63008
10557,103.63008
10558,103.63008
10559,103.63008
10560,103.63008
10561,63.209305
10562,63.209305
10563,63.209305
10564,63.209305
10565,63.209305
10566,63.209305
10567,63.209305
10568,63.209305
10569,63.209305
10570,63.209305
10571,88.60668
10572,88.60668
10573,88.60668
10574,88.60668
10575,88.60668
10576,88.60668
10577,88.60668
10578,88.60668
10579,88.60668
10580,88.60668
10581,83.62755
10582,83.62755
10583,83.62755
10584,83.62755
10585,83.62755
10586,83.62755
10587,83.62755
10588,83.62755
10589,83.62755
10590,83.62755
10591,113.2218
10592,113.2218
10593,113.2218
10594,113.2218
10595,113.2218
10596,113.2218
10597,113.2218
10598,113.2218
10599,113.2218
10600,113.2218
10601,122.404915
10602,122.404915
10603,122.404915
10604,122.404915
10605,122.404915
10606,122.404915
10607,122.404915
10608,122.404915
10609,122.404915
10610,122.404915
10611,93.34711
10612,93.34711
10613,93.34711
10614,93.34711
10615,93.34711
10616,93.34711
10617,93.34711
10618,93.34711
10619,93.34711
10620,93.34711
10621,91.305435
10622,91.305435
10623,91.305435
10624,91.305435
10625,91.305435
10626,91.305435
10627,91.305435
10628,91.305435
10629,91.305435
10630,91.305435
10631,136.32526
10632,136.32526
10633,136.32526
10634,136.32526
10635,136.32526
10636,136.32526
10637,136.32526
10638,136.32526
10639,136.32526
10640,136.32526
10641,102.92014
10642,102.92014
10643,102.92014
10644,102.92014
10645,102.92014
10646,102.92014
10647,102.92014
10648,102.92014
10649,102.92014
10650,102.92014
10651,86.861336
10652,86.861336
10653,86.861336
10654,86.861336
10655,86.861336
10656,86.861336
10657,86.861336
10658,86.861336
10659,86.861336
10660,86.861336
10661,95.12963
10662,95.12963
10663,95.12963
10664,95.12963
10665,95.12963
10666,95.12963
10667,95.12963
10668,95.12963
10669,95.12963
10670,95.12963
10671,81.13991
10672,81.13991
10673,81.13991
10674,81.13991
10675,81.13991
10676,81.13991
10677,81.13991
10678,81.13991
10679,81.13991
10680,81.13991
10681,96.425545
10682,96.425545
10683,96.425545
10684,96.425545
10685,96.425545
10686,96.425545
10687,96.425545
10688,96.425545
10689,96.425545
10690,96.425545
10691,82.65351
10692,82.65351
10693,82.65351
10694,82.65351
10695,82.65351
10696,82.65351
10697,82.65351
10698,82.65351
10699,82.65351
10700,82.65351
10701,80.01567
10702,80.01567
10703,80.01567
10704,80.01567
10705,89.70275
10706,89.70275
10707,89.70275
10708,89.70275
10709,89.70275
10710,89.70275
10711,74.010086
10712,74.010086
10713,74.010086
10714,74.010086
10715,74.010086
10716,74.010086
10717,74.010086
10718,74.010086
10719,74.010086
10720,74.010086
10721,70.17292
10722,70.17292
10723,70.17292
10724,70.17292
10725,70.17292
10726,70.17292
10727,70.17292
10728,70.17292
10729,70.17292
10730,70.17292
10731,91.30376
10732,91.30376
10733,91.30376
10734,91.30376
10735,91.30376
10736,91.30376
10737,91.30376
10738,91.30376
10739,91.30376
10740,91.30376
10741,78.99539
10742,78.99539
10743,78.99539
10744,78.99539
10745,78.99539
10746,78.99539
10747,78.99539
10748,78.99539
10749,78.99539
10750,78.99539
10751,89.4871
10752,89.4871
10753,89.4871
10754,89.4871
10755,89.4871
10756,89.4871
10757,89.4871
10758,89.4871
10759,89.4871
10760,89.4871
10761,80.7569
10762,80.7569
10763,80.7569
10764,80.7569
10765,80.7569
10766,80.7569
10767,80.7569
10768,80.7569
10769,80.7569
10770,80.7569
10771,107.03385
10772,107.03385
10773,107.03385
10774,107.03385
10775,107.03385
10776,107.03385
10777,107.03385
10778,107.03385
10779,107.03385
10780,107.03385
10781,56.03411
10782,56.03411
10783,56.03411
10784,56.03411
10785,56.03411
10786,56.03411
10787,56.03411
10788,56.03411
10789,56.03411
10790,56.03411
10791,84.510994
10792,84.510994
10793,84.510994
10794,84.510994
10795,84.510994
10796,84.510994
10797,84.510994
10798,84.510994
10799,84.510994
10800,84.510994
10801,117.86038
10802,117.86038
10803,117.86038
10804,117.86038
10805,117.86038
10806,117.86038
10807,117.86038
10808,117.86038
10809,117.86038
10810,117.86038
10811,78.5163
10812,78.5163
10813,78.5163
10814,78.5163
10815,78.5163
10816,78.5163
10817,78.5163
10818,78.5163
10819,78.5163
10820,78.5163
10821,102.9979
10822,102.9979
10823,102.9979
10824,102.9979
10825,102.9979
10826,102.9979
10827,102.9979
10828,102.9979
10829,102.9979
10830,102.9979
10831,85.289444
10832,85.289444
10833,85.289444
10834,85.289444
10835,85.289444
10836,85.289444
10837,85.289444
10838,85.289444
10839,85.289444
10840,85.289444
10841,114.01226
10842,114.01226
10843,114.01226
10844,114.01226
10845,114.01226
10846,114.01226
10847,114.01226
10848,114.01226
10849,114.01226
10850,114.01226
10851,95.69194
10852,95.69194
10853,95.69194
10854,86.81056
10855,86.81056
10856,86.81056
10857,86.81056
10858,86.81056
10859,86.81056
10860,86.81056
10861,96.456
10862,96.456
10863,96.456
10864,96.456
10865,96.456
10866,96.456
10867,96.456
10868,96.456
10869,96.456
10870,96.456
10871,108.63617
10872,108.63617
10873,108.63617
10874,108.63617
10875,108.63617
10876,108.63617
10877,108.63617
10878,108.63617
10879,108.63617
10880,108.63617
10881,118.73451
10882,118.73451
10883,118.73451
10884,118.73451
10885,118.73451
10886,118.73451
10887,118.73451
10888,118.73451
10889,118.73451
10890,118.73451
10891,68.10412
10892,68.10412
10893,68.10412
10894,68.10412
10895,68.10412
10896,68.10412
10897,68.10412
10898,68.10412
10899,68.10412
10900,68.10412
10901,107.76443
10902,107.76443
10903,107.76443
10904,107.76443
10905,107.76443
10906,107.76443
10907,107.76443
10908,107.76443
10909,107.76443
10910,107.76443
10911,73.24143
10912,73.24143
10913,73.24143
10914,73.24143
10915,73.24143
10916,73.24143
10917,73.24143
10918,73.24143
10919,73.24143
10920,73.24143
10921,70.15438
10922,70.15438
10923,70.15438
10924,70.15438
10925,70.15438
10926,70.15438
10927,70.15438
10928,70.15438
10929,70.15438
10930,70.15438
10931,125.04437
10932,125.04437
10933,125.04437
10934,125.04437
10935,125.04437
10936,125.04437
10937,125.04437
10938,125.04437
10939,125.04437
10940,125.04437
10941,101.354645
10942,101.354645
10943,101.354645
10944,101.354645
10945,101.354645
10946,101.354645
10947,101.354645
10948,101.354645
10949,101.354645
10950,101.354645
10951,86.5881
10952,86.5881
10953,86.5881
10954,86.5881
10955,86.5881
10956,86.5881
10957,86.5881
10958,86.5881
10959,86.5881
10960,86.5881
10961,78.4611
10962,78.4611
10963,78.4611
10964,78.4611
10965,78.4611
10966,78.4611
10967,78.4611
10968,78.4611
10969,78.4611
10970,78.4611
10971,106.770546
10972,106.770546
10973,106.770546
10974,106.770546
10975,106.770546
10976,106.770546
10977,124.59176
10978,124.59176
10979,124.59176
10980,124.59176
10981,137.85654
10982,137.85654
10983,137.85654
10984,137.85654
10985,137.85654
10986,137.85654
10987,137.85654
10988,137.85654
10989,137.85654
10990,137.85654
10991,78.973885
10992,78.973885
10993,78.973885
10994,78.973885
10995,78.973885
10996,78.973885
10997,78.973885
10998,78.973885
10999,78.973885
11000,78.973885
11001,69.40074
11002,69.40074
11003,69.40074
11004,69.40074
11005,69.40074
11006,69.40074
11007,69.40074
11008,69.40074
11009,69.40074
11010,69.40074
11011,57.823048
11012,57.823048
11013,57.823048
11014,57.823048
11015,57.823048
11016,57.823048
11017,57.823048
11018,57.823048
11019,57.823048
11020,57.823048
11021,83.48321
11022,83.48321
11023,83.48321
11024,83.48321
11025,83.48321
11026,83.48321
11027,83.48321
11028,83.48321
11029,83.48321
11030,83.48321
11031,94.23032
11032,94.23032
11033,94.23032
11034,94.23032
11035,94.23032
11036,94.23032
11037,94.23032
11038,94.23032
11039,94.23032
11040,94.23032
11041,93.27589
11042,93.27589
11043,93.27589
11044,93.27589
11045,93.27589
11046,93.27589
11047,93.27589
11048,93.27589
11049,93.27589
11050,93.27589
11051,94.43532
11052,94.43532
11053,94.43532
11054,94.43532
11055,94.43532
11056,94.43532
11057,94.43532
11058,94.43532
11059,94.43532
11060,94.43532
11061,99.40398
11062,99.40398
11063,99.40398
11064,99.40398
11065,99.40398
11066,99.40398
11067,99.40398
11068,99.40398
11069,99.40398
11070,99.40398
11071,99.63666
11072,99.63666
11073,99.63666
11074,99.63666
11075,99.63666
11076,99.63666
11077,99.63666
11078,99.63666
11079,99.63666
11080,99.63666
11081,103.01726
11082,103.01726
11083,103.01726
11084,103.01726
11085,103.01726
11086,103.01726
11087,103.01726
11088,103.01726
11089,103.01726
11090,103.01726
11091,87.96362
11092,87.96362
11093,87.96362
11094,87.96362
11095,87.96362
11096,87.96362
11097,87.96362
11098,87.96362
11099,87.96362
11100,87.96362
11101,92.16582
11102,92.16582
11103,92.16582
11104,92.16582
11105,92.16582
11106,92.16582
11107,92.16582
11108,92.16582
11109,92.16582
11110,92.16582
11111,73.74449
11112,73.74449
11113,73.74449
11114,73.74449
11115,73.74449
11116,73.74449
11117,73.74449
11118,73.74449
11119,73.74449
11120,73.74449
11121,85.14471
11122,85.14471
11123,85.14471
11124,85.14471
11125,85.14471
11126,85.14471
11127,85.14471
11128,85.14471
11129,85.14471
11130,85.14471
11131,92.17206
11132,92.17206
11133,92.17206
11134,92.17206
11135,92.17206
11136,92.17206
11137,92.17206
11138,92.17206
11139,92.17206
11140,92.17206
11141,85.3788
11142,85.3788
11143,85.3788
11144,85.3788
11145,85.3788
11146,85.3788
11147,85.3788
11148,85.3788
11149,85.3788
11150,85.3788
11151,78.033424
11152,78.033424
11153,78.033424
11154,78.033424
11155,78.033424
11156,78.033424
11157,78.033424
11158,78.033424
11159,78.033424
11160,78.033424
11161,91.959564
11162,91.959564
11163,91.959564
11164,91.959564
11165,91.959564
11166,91.959564
11167,91.959564
11168,91.959564
11169,91.959564
11170,91.959564
11171,64.701164
11172,64.701164
11173,64.701164
11174,64.701164
11175,64.701164
11176,64.701164
11177,64.701164
11178,64.701164
11179,64.701164
11180,64.701164
11181,108.901276
11182,108.901276
11183,108.901276
11184,108.901276
11185,108.901276
11186,108.901276
11187,108.901276
11188,108.901276
11189,108.901276
11190,108.901276
11191,134.17447
11192,134.17447
11193,134.17447
11194,134.17447
11195,134.17447
11196,134.17447
11197,134.17447
11198,134.17447
11199,134.17447
11200,134.17447
11201,77.63444
11202,77.63444
11203,77.63444
11204,77.63444
11205,77.63444
11206,77.63444
11207,77.63444
11208,77.63444
11209,77.63444
11210,77.63444
11211,74.54963
11212,74.54963
11213,74.54963
11214,74.54963
11215,74.54963
11216,74.54963
11217,74.54963
11218,74.54963
11219,74.54963
11220,74.54963
11221,79.261246
11222,79.261246
11223,62.805164
11224,62.805164
11225,62.805164
11226,62.805164
11227,62.805164
11228,62.805164
11229,62.805164
11230,62.805164
11231,48.194508
11232,48.194508
11233,48.194508
11234,48.194508
11235,48.194508
11236,48.194508
11237,48.194508
11238,48.194508
11239,48.194508
11240,48.194508
11241,88.81827
11242,88.81827
11243,88.81827
11244,88.81827
11245,88.81827
11246,88.81827
11247,88.81827
11248,88.81827
11249,88.81827
11250,88.81827
11251,90.93741
11252,90.93741
11253,90.93741
11254,90.93741
11255,90.93741
11256,90.93741
11257,90.93741
11258,90.93741
11259,90.93741
11260,90.93741
11261,99.90172
11262,99.90172
11263,99.90172
11264,99.90172
11265,99.90172
11266,99.90172
11267,99.90172
11268,99.90172
11269,99.90172
11270,99.90172
11271,74.15482
11272,74.15482
11273,74.15482
11274,74.15482
11275,74.15482
11276,74.15482
11277,74.15482
11278,74.15482
11279,74.15482
11280,74.15482
11281,76.8849
11282,76.8849
11283,76.8849
11284,76.8849
11285,76.8849
11286,76.8849
11287,76.8849
11288,76.8849
11289,76.8849
11290,76.8849
11291,77.17328
11292,77.17328
11293,77.17328
11294,77.17328
11295,77.17328
11296,77.17328
11297,77.17328
11298,77.17328
11299,77.17328
11300,77.17328
11301,109.09313
11302,109.09313
11303,109.09313
11304,109.09313
11305,109.09313
11306,109.09313
11307,109.09313
11308,109.09313
11309,109.09313
11310,109.09313
11311,79.629524
11312,79.629524
11313,79.629524
11314,79.629524
11315,79.629524
11316,79.629524
11317,79.629524
11318,79.629524
11319,79.629524
11320,79.629524
11321,96.24124
11322,96.24124
11323,96.24124
11324,96.24124
11325,96.24124
11326,96.24124
11327,96.24124
11328,96.24124
11329,96.24124
11330,96.24124
11331,87.64147
11332,87.64147
11333,87.64147
11334,87.64147
11335,87.64147
11336,87.64147
11337,87.64147
11338,87.64147
11339,87.64147
11340,87.64147
11341,89.67005
11342,89.67005
11343,89.67005
11344,89.67005
11345,89.67005
11346,89.67005
11347,89.67005
11348,89.67005
11349,89.67005
11350,89.67005
11351,93.0564
11352,93.0564
11353,93.0564
11354,93.0564
11355,93.0564
11356,93.0564
11357,93.0564
11358,93.0564
11359,93.0564
11360,93.0564
11361,82.413445
11362,82.413445
11363,82.413445
11364,82.413445
11365,82.413445
11366,82.413445
11367,82.413445
11368,82.413445
11369,82.413445
11370,82.413445
11371,94.19143
11372,94.19143
11373,94.19143
11374,94.19143
11375,94.19143
11376,94.19143
11377,94.19143
11378,94.19143
11379,94.19143
11380,94.19143
11381,86.18528
11382,86.18528
11383,86.18528
11384,86.18528
11385,86.18528
11386,86.18528
11387,86.18528
11388,86.18528
11389,86.18528
11390,86.18528
11391,84.54369
11392,84.54369
11393,84.54369
11394,84.54369
11395,84.54369
11396,84.54369
11397,84.54369
11398,84.54369
11399,84.54369
11400,84.54369
11401,77.708725
11402,77.708725
11403,77.708725
11404,77.708725
11405,77.708725
11406,77.708725
11407,77.708725
11408,77.708725
11409,77.708725
11410,77.708725
11411,79.77256
11412,79.77256
11413,79.77256
11414,79.77256
11415,79.77256
11416,79.77256
11417,79.77256
11418,79.77256
11419,79.77256
11420,79.77256
11421,97.22132
11422,97.22132
11423,97.22132
11424,97.22132
11425,97.22132
11426,97.22132
11427,97.22132
11428,97.22132
11429,97.22132
11430,97.22132
11431,96.36609
11432,96.36609
11433,96.36609
11434,96.36609
11435,96.36609
11436,96.36609
11437,96.36609
11438,96.36609
11439,96.36609
11440,96.36609
11441,98.98652
11442,98.98652
11443,98.98652
11444,98.98652
11445,98.98652
11446,98.98652
11447,98.98652
11448,98.98652
11449,98.98652
11450,98.98652
11451,130.10213
11452,130.10213
11453,130.10213
11454,130.10213
11455,130.10213
11456,130.10213
11457,130.10213
11458,130.10213
11459,130.10213
11460,130.10213
11461,91.997986
11462,91.997986
11463,91.997986
11464,91.997986
11465,91.997986
11466,91.997986
11467,91.997986
11468,91.997986
11469,91.997986
11470,91.997986
11471,83.61335
11472,83.61335
11473,83.61335
11474,83.61335
11475,83.61335
11476,83.61335
11477,83.61335
11478,83.61335
11479,83.61335
11480,83.61335
11481,99.81051
11482,99.81051
11483,99.81051
11484,99.81051
11485,99.81051
11486,99.81051
11487,99.81051
11488,99.81051
11489,99.81051
11490,99.81051
11491,62.83766
11492,62.83766
11493,62.83766
11494,62.83766
11495,62.83766
11496,62.83766
11497,62.83766
11498,62.83766
11499,62.83766
11500,62.83766
11501,86.013435
11502,86.013435
11503,86.013435
11504,86.013435
11505,86.013435
11506,86.013435
11507,86.013435
11508,86.013435
11509,86.013435
11510,86.013435
11511,96.932625
11512,96.932625
11513,96.932625
11514,96.932625
11515,96.932625
11516,96.932625
11517,96.932625
11518,96.932625
11519,96.932625
11520,96.932625
11521,82.29623
11522,82.29623
11523,82.29623
11524,82.29623
11525,82.29623
11526,82.29623
11527,82.29623
11528,82.29623
11529,82.29623
11530,82.29623
11531,94.98409
11532,94.98409
11533,94.98409
11534,94.98409
11535,94.98409
11536,94.98409
11537,94.98409
11538,94.98409
11539,94.98409
11540,94.98409
11541,87.642235
11542,87.642235
11543,87.642235
11544,87.642235
11545,87.642235
11546,87.642235
11547,87.642235
11548,87.642235
11549,87.642235
11550,87.642235
11551,87.03443
11552,87.03443
11553,83.16127
11554,83.16127
11555,83.16127
11556,83.16127
11557,83.16127
11558,84.77425
11559,84.77425
11560,84.77425
11561,18.067976
11562,18.067976
11563,18.067976
11564,18.067976
11565,18.067976
11566,18.067976
11567,18.067976
11568,18.067976
11569,18.067976
11570,18.067976
11571,85.61807
11572,85.61807
11573,85.61807
11574,85.61807
11575,85.61807
11576,85.61807
11577,85.61807
11578,85.61807
11579,85.61807
11580,85.61807
11581,113.47063
11582,113.47063
11583,113.47063
11584,113.47063
11585,113.47063
11586,113.47063
11587,113.47063
11588,113.47063
11589,113.47063
11590,113.47063
11591,98.19462
11592,98.19462
11593,98.19462
11594,98.19462
11595,98.19462
11596,98.19462
11597,98.19462
11598,98.19462
11599,98.19462
11600,98.19462
11601,90.57275
11602,90.57275
11603,90.57275
11604,90.57275
11605,90.57275
11606,90.57275
11607,90.57275
11608,90.57275
11609,90.57275
11610,90.57275
11611,96.8199
11612,96.8199
11613,96.8199
11614,96.8199
11615,96.8199
11616,96.8199
11617,96.8199
11618,96.8199
11619,96.8199
11620,96.8199
11621,78.10524
11622,78.10524
11623,78.10524
11624,78.10524
11625,78.10524
11626,78.10524
11627,78.10524
11628,78.10524
11629,78.10524
11630,78.10524
11631,93.65446
11632,93.65446
11633,93.65446
11634,93.65446
11635,93.65446
11636,93.65446
11637,93.65446
11638,93.65446
11639,93.65446
11640,93.65446
11641,80.551575
11642,80.551575
11643,80.551575
11644,80.551575
11645,80.551575
11646,80.551575
11647,80.551575
11648,80.551575
11649,80.551575
11650,80.551575
11651,113.93469
11652,113.93469
11653,113.93469
11654,113.93469
11655,113.93469
11656,113.93469
11657,113.93469
11658,113.93469
11659,113.93469
11660,113.93469
11661,96.11438
11662,96.11438
11663,96.11438
11664,96.11438
11665,96.11438
11666,96.11438
11667,96.11438
11668,96.11438
11669,96.11438
11670,96.11438
11671,134.34984
11672,134.34984
11673,134.34984
11674,134.34984
11675,134.34984
11676,134.34984
11677,134.34984
11678,128.65445
11679,128.65445
11680,128.65445
11681,22.899483
11682,22.899483
11683,22.899483
11684,22.899483
11685,22.899483
11686,22.899483
11687,22.899483
11688,22.899483
11689,22.899483
11690,22.899483
11691,81.08059
11692,81.08059
11693,81.08059
11694,81.08059
11695,81.08059
11696,81.08059
11697,81.08059
11698,81.08059
11699,81.08059
11700,81.08059
11701,70.173676
11702,70.173676
11703,70.173676
11704,70.173676
11705,70.173676
11706,70.173676
11707,70.173676
11708,70.173676
11709,70.173676
11710,70.173676
11711,94.0301
11712,94.0301
11713,94.0301
11714,94.0301
11715,94.0301
11716,94.0301
11717,94.0301
11718,94.0301
11719,94.0301
11720,94.0301
11721,104.4945
11722,104.4945
11723,104.4945
11724,104.4945
11725,104.4945
11726,104.4945
11727,104.4945
11728,104.4945
11729,104.4945
11730,104.4945
11731,76.48097
11732,76.48097
11733,76.48097
11734,76.48097
11735,76.48097
11736,76.48097
11737,76.48097
11738,76.48097
11739,76.48097
11740,76.48097
11741,74.24346
11742,74.24346
11743,74.24346
11744,74.24346
11745,74.24346
11746,74.24346
11747,74.24346
11748,74.24346
11749,74.24346
11750,74.24346
11751,65.09334
11752,65.09334
11753,65.09334
11754,65.09334
11755,65.09334
11756,65.09334
11757,65.09334
11758,65.09334
11759,65.09334
11760,65.09334
11761,87.25678
11762,87.25678
11763,87.25678
11764,87.25678
11765,87.25678
11766,87.25678
11767,111.173454
11768,111.173454
11769,111.173454
11770,111.173454
11771,30.175663
11772,30.175663
11773,30.175663
11774,30.175663
11775,30.175663
11776,30.175663
11777,30.175663
11778,30.175663
11779,30.175663
11780,30.175663
11781,80.17452
11782,80.17452
11783,80.17452
11784,80.17452
11785,80.17452
11786,80.17452
11787,80.17452
11788,80.17452
11789,80.17452
11790,80.17452
11791,89.770485
11792,89.770485
11793,89.770485
11794,89.770485
11795,89.770485
11796,89.770485
11797,89.770485
11798,89.770485
11799,89.770485
11800,89.770485
11801,89.400215
11802,89.400215
11803,89.400215
11804,89.400215
11805,89.400215
11806,89.400215
11807,89.400215
11808,89.400215
11809,89.400215
11810,89.400215
11811,81.77571
11812,81.77571
11813,81.77571
11814,81.77571
11815,81.77571
11816,81.77571
11817,81.77571
11818,81.77571
11819,81.77571
11820,81.77571
11821,93.55714
11822,93.55714
11823,93.55714
11824,93.55714
11825,93.55714
11826,93.55714
11827,93.55714
11828,93.55714
11829,93.55714
11830,93.55714
11831,88.31154
11832,88.31154
11833,88.31154
11834,88.31154
11835,88.31154
11836,88.31154
11837,88.31154
11838,88.31154
11839,88.31154
11840,88.31154
11841,90.44084
11842,90.44084
11843,90.44084
11844,90.44084
11845,90.44084
11846,90.44084
11847,90.44084
11848,90.44084
11849,90.44084
11850,90.44084
11851,74.45418
11852,74.45418
11853,74.45418
11854,74.45418
11855,74.45418
11856,74.45418
11857,74.45418
11858,74.45418
11859,74.45418
11860,74.45418
11861,74.26834
11862,74.26834
11863,74.26834
11864,74.26834
11865,74.26834
11866,74.26834
11867,74.26834
11868,74.26834
11869,74.26834
11870,74.26834
11871,109.02695
11872,109.02695
11873,109.02695
11874,109.02695
11875,109.02695
11876,109.02695
11877,109.02695
11878,109.02695
11879,109.02695
11880,109.02695
11881,95.63829
11882,95.63829
11883,95.63829
11884,95.63829
11885,95.63829
11886,95.63829
11887,95.63829
11888,95.63829
11889,95.63829
11890,95.63829
11891,131.48645
11892,131.48645
11893,131.48645
11894,131.48645
11895,131.48645
11896,131.48645
11897,131.48645
11898,131.48645
11899,131.48645
11900,131.48645
11901,128.35416
11902,128.35416
11903,128.35416
11904,128.35416
11905,128.35416
11906,128.35416
11907,128.35416
11908,128.35416
11909,128.35416
11910,128.35416
11911,78.62497
11912,78.62497
11913,78.62497
11914,78.62497
11915,78.62497
11916,78.62497
11917,78.62497
11918,78.62497
11919,78.62497
11920,78.62497
11921,67.63733
11922,67.63733
11923,67.63733
11924,67.63733
11925,67.63733
11926,67.63733
11927,67.63733
11928,67.63733
11929,67.63733
11930,67.63733
11931,76.02454
11932,76.02454
11933,76.02454
11934,76.02454
11935,76.02454
11936,76.02454
11937,76.02454
11938,76.02454
11939,76.02454
11940,76.02454
11941,97.29368
11942,97.29368
11943,97.29368
11944,97.29368
11945,97.29368
11946,97.29368
11947,97.29368
11948,97.29368
11949,97.29368
11950,97.29368
11951,69.6355
11952,69.6355
11953,69.6355
11954,69.6355
11955,69.6355
11956,69.6355
11957,69.6355
11958,69.6355
11959,69.6355
11960,69.6355
11961,100.178894
11962,100.178894
11963,100.178894
11964,100.178894
11965,100.178894
11966,100.178894
11967,100.178894
11968,100.178894
11969,100.178894
11970,100.178894
11971,136.55397
11972,136.55397
11973,136.55397
11974,136.55397
11975,136.55397
11976,136.55397
11977,136.55397
11978,136.55397
11979,136.55397
11980,136.55397
11981,102.22731
11982,102.22731
11983,102.22731
11984,102.22731
11985,102.22731
11986,102.22731
11987,102.22731
11988,102.22731
11989,102.22731
11990,102.22731
11991,74.89834
11992,74.89834
11993,74.89834
11994,74.89834
11995,74.89834
11996,74.89834
11997,74.89834
11998,74.89834
11999,74.89834
12000,74.89834
12001,68.08742
12002,68.08742
12003,68.08742
12004,68.08742
12005,68.08742
12006,68.08742
12007,68.08742
12008,68.08742
12009,128.72955
12010,128.72955
12011,23.924997
12012,23.924997
12013,23.924997
12014,23.924997
12015,23.924997
12016,23.924997
12017,23.924997
12018,23.924997
12019,23.924997
12020,23.924997
12021,108.21718
12022,108.21718
12023,108.21718
12024,108.21718
12025,108.21718
12026,108.21718
12027,108.21718
12028,108.21718
12029,108.21718
12030,108.21718
12031,69.26912
12032,69.26912
12033,69.26912
12034,69.26912
12035,69.26912
12036,69.26912
12037,69.26912
12038,102.81589
12039,102.81589
12040,102.81589
12041,35.665684
12042,35.665684
12043,35.665684
12044,35.665684
12045,35.665684
12046,35.665684
12047,35.665684
12048,35.665684
12049,35.665684
12050,35.665684
12051,87.91414
12052,87.91414
12053,87.91414
12054,87.91414
12055,87.91414
12056,87.91414
12057,87.91414
12058,87.91414
12059,87.91414
12060,87.91414
12061,108.67128
12062,108.67128
12063,108.67128
12064,108.67128
12065,108.67128
12066,108.67128
12067,108.67128
12068,108.67128
12069,108.67128
12070,108.67128
12071,116.22694
12072,116.22694
12073,77.11686
12074,77.11686
12075,77.11686
12076,77.11686
12077,77.11686
12078,77.11686
12079,77.11686
12080,139.28552
12081,19.964724
12082,19.964724
12083,19.964724
12084,19.964724
12085,19.964724
12086,19.964724
12087,19.964724
12088,19.964724
12089,19.964724
12090,19.964724
12091,99.03132
12092,99.03132
12093,99.03132
12094,99.03132
12095,99.03132
12096,99.03132
12097,99.03132
12098,99.03132
12099,99.03132
12100,99.03132
12101,100.84875
12102,100.84875
12103,100.84875
12104,100.84875
12105,100.84875
12106,100.84875
12107,100.84875
12108,100.84875
12109,100.84875
12110,100.84875
12111,92.43028
12112,92.43028
12113,92.43028
12114,92.43028
12115,92.43028
12116,92.43028
12117,92.43028
12118,92.43028
12119,92.43028
12120,92.43028
12121,81.99173
12122,81.99173
12123,81.99173
12124,81.99173
12125,81.99173
12126,81.99173
12127,81.99173
12128,81.99173
12129,81.99173
12130,81.99173
12131,94.28747
12132,94.28747
12133,94.28747
12134,94.28747
12135,94.28747
12136,94.28747
12137,94.28747
12138,94.28747
12139,94.28747
12140,94.28747
12141,92.16883
12142,92.16883
12143,92.16883
12144,92.16883
12145,92.16883
12146,92.16883
12147,92.16883
12148,92.16883
12149,92.16883
12150,92.16883
12151,70.86106
12152,70.86106
12153,70.86106
12154,70.86106
12155,70.86106
12156,70.86106
12157,70.86106
12158,70.86106
12159,70.86106
12160,70.86106
12161,93.69712
12162,93.69712
12163,93.69712
12164,93.69712
12165,93.69712
12166,93.69712
12167,93.69712
12168,93.69712
12169,93.69712
12170,93.69712
12171,95.54946
12172,95.54946
12173,95.54946
12174,95.54946
12175,95.54946
12176,95.54946
12177,95.54946
12178,95.54946
12179,95.54946
12180,95.54946
12181,102.95692
12182,102.95692
12183,102.95692
12184,102.95692
12185,102.95692
12186,102.95692
12187,102.95692
12188,102.95692
12189,102.95692
12190,102.95692
12191,81.91127
12192,81.91127
12193,81.91127
12194,81.91127
12195,81.91127
12196,81.91127
12197,81.91127
12198,81.91127
12199,81.91127
12200,81.91127
12201,102.81416
12202,102.81416
12203,102.81416
12204,102.81416
12205,102.81416
12206,102.81416
12207,102.81416
12208,102.81416
12209,102.81416
12210,102.81416
12211,91.04721
12212,91.04721
12213,91.04721
12214,91.04721
12215,91.04721
12216,91.04721
12217,91.04721
12218,91.04721
12219,91.04721
12220,91.04721
12221,78.84351
12222,78.84351
12223,78.84351
12224,78.84351
12225,78.84351
12226,78.84351
12227,78.84351
12228,78.84351
12229,78.84351
12230,78.84351
12231,71.82957
12232,71.82957
12233,71.82957
12234,71.82957
12235,71.82957
12236,71.82957
12237,71.82957
12238,71.82957
12239,71.82957
12240,71.82957
12241,79.14936
12242,79.14936
12243,79.14936
12244,79.14936
12245,79.14936
12246,79.14936
12247,79.14936
12248,79.14936
12249,79.14936
12250,79.14936
12251,93.02241
12252,93.02241
12253,93.02241
12254,93.02241
12255,93.02241
12256,93.02241
12257,93.02241
12258,93.02241
12259,93.02241
12260,93.02241
12261,95.451515
12262,95.451515
12263,95.451515
12264,95.451515
12265,95.451515
12266,95.451515
12267,95.451515
12268,95.451515
12269,95.451515
12270,95.451515
12271,115.01178
12272,115.01178
12273,115.01178
12274,115.01178
12275,115.01178
12276,115.01178
12277,115.01178
12278,115.01178
12279,115.01178
12280,115.01178
12281,66.17233
12282,66.17233
12283,66.17233
12284,66.17233
12285,66.17233
12286,66.17233
12287,66.17233
12288,66.17233
12289,66.17233
12290,66.17233
12291,98.227684
12292,98.227684
12293,98.227684
12294,98.227684
12295,98.227684
12296,98.227684
12297,98.227684
12298,98.227684
12299,98.227684
12300,98.227684
12301,101.65478
12302,101.65478
12303,101.65478
12304,101.65478
12305,101.65478
12306,101.65478
12307,101.65478
12308,101.65478
12309,101.65478
12310,101.65478
12311,88.03153
12312,88.03153
12313,88.03153
12314,88.03153
12315,88.03153
12316,88.03153
12317,88.03153
12318,88.03153
12319,88.03153
12320,88.03153
12321,94.15663
12322,94.15663
12323,94.15663
12324,94.15663
12325,94.15663
12326,94.15663
12327,94.15663
12328,94.15663
12329,94.15663
12330,94.15663
12331,101.963234
12332,101.963234
12333,101.963234
12334,101.963234
12335,101.963234
12336,101.963234
12337,101.963234
12338,101.963234
12339,101.963234
12340,101.963234
12341,128.9273
12342,128.9273
12343,128.9273
12344,128.9273
12345,128.9273
12346,128.9273
12347,128.9273
12348,128.9273
12349,128.9273
12350,128.9273
12351,81.481186
12352,81.481186
12353,81.481186
12354,81.481186
12355,81.481186
12356,81.481186
12357,81.481186
12358,81.481186
12359,81.481186
12360,81.481186
12361,81.84259
12362,81.84259
12363,81.84259
12364,81.84259
12365,81.84259
12366,81.84259
12367,81.84259
12368,81.84259
12369,81.84259
12370,81.84259
12371,114.8547
12372,114.8547
12373,114.8547
12374,114.8547
12375,114.8547
12376,114.8547
12377,114.8547
12378,114.8547
12379,114.8547
12380,114.8547
12381,114.79554
12382,114.79554
12383,114.79554
12384,114.79554
12385,114.79554
12386,114.79554
12387,114.79554
12388,114.79554
12389,114.79554
12390,114.79554
12391,86.597855
12392,86.597855
12393,86.597855
12394,86.597855
12395,86.597855
12396,86.597855
12397,86.597855
12398,86.597855
12399,86.597855
12400,86.597855
12401,87.8154
12402,87.8154
12403,87.8154
12404,87.8154
12405,87.8154
12406,87.8154
12407,87.8154
12408,87.8154
12409,87.8154
12410,87.8154
12411,85.750206
12412,85.750206
12413,85.750206
12414,85.750206
12415,85.750206
12416,85.750206
12417,85.750206
12418,85.750206
12419,85.750206
12420,85.750206
12421,113.63999
12422,113.63999
12423,113.63999
12424,113.63999
12425,113.63999
12426,113.63999
12427,113.63999
12428,113.63999
12429,113.63999
12430,113.63999
12431,98.41529
12432,98.41529
12433,98.41529
12434,98.41529
12435,98.41529
12436,98.41529
12437,98.41529
12438,98.41529
12439,98.41529
12440,98.41529
12441,86.48254
12442,86.48254
12443,86.48254
12444,86.48254
12445,86.48254
12446,86.48254
12447,86.48254
12448,86.48254
12449,86.48254
12450,86.48254
12451,74.79957
12452,74.79957
12453,74.79957
12454,74.79957
12455,74.79957
12456,74.79957
12457,74.79957
12458,74.79957
12459,74.79957
12460,74.79957
12461,79.758705
12462,79.758705
12463,79.758705
12464,79.758705
12465,79.758705
12466,79.758705
12467,79.758705
12468,79.758705
12469,79.758705
12470,79.758705
12471,63.18047
12472,63.18047
12473,63.18047
12474,63.18047
12475,63.18047
12476,63.18047
12477,63.18047
12478,63.18047
12479,63.18047
12480,63.18047
12481,76.970665
12482,76.970665
12483,76.970665
12484,76.970665
12485,76.970665
12486,76.970665
12487,76.970665
12488,76.970665
12489,76.970665
12490,76.970665
12491,115.17378
12492,115.17378
12493,115.17378
12494,115.17378
12495,115.17378
12496,115.17378
12497,115.17378
12498,115.17378
12499,115.17378
12500,115.17378
12501,71.38342
12502,71.38342
12503,71.38342
12504,71.38342
12505,71.38342
12506,71.38342
12507,71.38342
12508,71.38342
12509,71.38342
12510,71.38342
12511,89.4269
12512,89.4269
12513,89.4269
12514,89.4269
12515,89.4269
12516,89.4269
12517,89.4269
12518,89.4269
12519,89.4269
12520,89.4269
12521,85.0007
12522,85.0007
12523,85.0007
12524,85.0007
12525,85.0007
12526,85.0007
12527,85.0007
12528,85.0007
12529,85.0007
12530,85.0007
12531,70.39925
12532,70.39925
12533,70.39925
12534,70.39925
12535,70.39925
12536,70.39925
12537,70.39925
12538,70.39925
12539,70.39925
12540,70.39925
12541,83.66888
12542,83.66888
12543,83.66888
12544,83.66888
12545,83.66888
12546,83.66888
12547,83.66888
12548,83.66888
12549,83.66888
12550,83.66888
12551,84.18639
12552,84.18639
12553,84.18639
12554,84.18639
12555,84.18639
12556,84.18639
12557,84.18639
12558,84.18639
12559,84.18639
12560,84.18639
12561,73.83606
12562,73.83606
12563,73.83606
12564,73.83606
12565,73.83606
12566,73.83606
12567,73.83606
12568,73.83606
12569,73.83606
12570,73.83606
12571,88.8904
12572,88.8904
12573,88.8904
12574,88.8904
12575,88.8904
12576,88.8904
12577,88.8904
12578,88.8904
12579,88.8904
12580,88.8904
12581,98.37256
12582,98.37256
12583,98.37256
12584,98.37256
12585,98.37256
12586,98.37256
12587,98.37256
12588,98.37256
12589,98.37256
12590,98.37256
12591,92.363365
12592,92.363365
12593,92.363365
12594,92.363365
12595,92.363365
12596,92.363365
12597,92.363365
12598,92.363365
12599,92.363365
12600,92.363365
12601,97.73306
12602,97.73306
12603,97.73306
12604,97.73306
12605,97.73306
12606,97.73306
12607,97.73306
12608,97.73306
12609,97.73306
12610,97.73306
12611,77.87683
12612,77.87683
12613,77.87683
12614,77.87683
12615,77.87683
12616,77.87683
12617,77.87683
12618,77.87683
12619,77.87683
12620,77.87683
12621,72.22247
12622,72.22247
12623,72.22247
12624,72.22247
12625,72.22247
12626,72.22247
12627,72.22247
12628,72.22247
12629,72.22247
12630,72.22247
12631,87.257645
12632,87.257645
12633,87.257645
12634,87.257645
12635,87.257645
12636,87.257645
12637,87.257645
12638,87.257645
12639,87.257645
12640,87.257645
12641,102.408295
12642,102.408295
12643,102.408295
12644,102.408295
12645,102.408295
12646,102.408295
12647,102.408295
12648,102.408295
12649,102.408295
12650,102.408295
12651,108.355515
12652,108.355515
12653,108.355515
12654,108.355515
12655,108.355515
12656,108.355515
12657,108.355515
12658,108.355515
12659,108.355515
12660,108.355515
12661,100.18776
12662,100.18776
12663,100.18776
12664,100.18776
12665,100.18776
12666,100.18776
12667,100.18776
12668,100.18776
12669,100.18776
12670,100.18776
12671,90.5464
12672,90.5464
12673,90.5464
12674,90.5464
12675,90.5464
12676,90.5464
12677,90.5464
12678,90.5464
12679,90.5464
12680,90.5464
12681,94.64211
12682,94.64211
12683,94.64211
12684,94.64211
12685,94.64211
12686,94.64211
12687,94.64211
12688,94.64211
12689,94.64211
12690,94.64211
12691,89.646225
12692,89.646225
12693,89.646225
12694,89.646225
12695,89.646225
12696,89.646225
12697,89.646225
12698,89.646225
12699,89.646225
12700,89.646225
12701,91.73577
12702,91.73577
12703,91.73577
12704,91.73577
12705,91.73577
12706,91.73577
12707,91.73577
12708,91.73577
12709,91.73577
12710,91.73577
12711,102.144775
12712,102.144775
12713,102.144775
12714,102.144775
12715,102.144775
12716,102.144775
12717,102.144775
12718,102.144775
12719,102.144775
12720,102.144775
12721,76.16891
12722,76.16891
12723,76.16891
12724,76.16891
12725,76.16891
12726,76.16891
12727,76.16891
12728,76.16891
12729,76.16891
12730,76.16891
12731,80.14214
12732,80.14214
12733,84.2305
12734,84.2305
12735,84.2305
12736,84.2305
12737,84.2305
12738,84.2305
12739,84.2305
12740,84.2305
12741,125.69516
12742,125.69516
12743,125.69516
12744,125.69516
12745,125.69516
12746,125.69516
12747,125.69516
12748,125.69516
12749,125.69516
12750,125.69516
12751,95.1594
12752,95.1594
12753,95.1594
12754,95.1594
12755,95.1594
12756,95.1594
12757,95.1594
12758,95.1594
12759,95.1594
12760,95.1594
12761,82.89866
12762,82.89866
12763,82.89866
12764,82.89866
12765,82.89866
12766,82.89866
12767,82.89866
12768,82.89866
12769,82.89866
12770,82.89866
12771,133.35016
12772,133.35016
12773,133.35016
12774,133.35016
12775,133.35016
12776,133.35016
12777,133.35016
12778,133.35016
12779,133.35016
12780,133.35016
12781,71.39682
12782,71.39682
12783,71.39682
12784,71.39682
12785,71.39682
12786,71.39682
12787,71.39682
12788,71.39682
12789,71.39682
12790,71.39682
12791,73.00394
12792,73.00394
12793,73.00394
12794,73.00394
12795,73.00394
12796,73.00394
12797,73.00394
12798,73.00394
12799,73.00394
12800,73.00394
12801,89.77009
12802,89.77009
12803,89.77009
12804,89.77009
12805,89.77009
12806,89.77009
12807,89.77009
12808,89.77009
12809,89.77009
12810,89.77009
12811,80.27699
12812,80.27699
12813,80.27699
12814,80.27699
12815,80.27699
12816,80.27699
12817,80.27699
12818,80.27699
12819,80.27699
12820,80.27699
12821,92.26801
12822,92.26801
12823,92.26801
12824,92.26801
12825,92.26801
12826,92.26801
12827,92.26801
12828,92.26801
12829,92.26801
12830,92.26801
12831,82.06622
12832,82.06622
12833,82.06622
12834,82.06622
12835,82.06622
12836,82.06622
12837,82.06622
12838,82.06622
12839,82.06622
12840,82.06622
12841,80.79508
12842,80.79508
12843,80.79508
12844,80.79508
12845,80.79508
12846,80.79508
12847,80.79508
12848,80.79508
12849,80.79508
12850,80.79508
12851,86.23597
12852,86.23597
12853,86.23597
12854,86.23597
12855,86.23597
12856,86.23597
12857,86.23597
12858,86.23597
12859,86.23597
12860,86.23597
12861,77.401245
12862,77.401245
12863,77.401245
12864,77.401245
12865,77.401245
12866,77.401245
12867,77.401245
12868,77.401245
12869,77.401245
12870,77.401245
12871,84.03067
12872,84.03067
12873,84.03067
12874,84.03067
12875,84.03067
12876,84.03067
12877,84.03067
12878,84.03067
12879,84.03067
12880,84.03067
12881,83.43391
12882,83.43391
12883,83.43391
12884,83.43391
12885,83.43391
12886,83.43391
12887,83.43391
12888,83.43391
12889,83.43391
12890,83.43391
12891,74.889404
12892,74.889404
12893,74.889404
12894,74.889404
12895,74.889404
12896,74.889404
12897,74.889404
12898,74.889404
12899,74.889404
12900,74.889404
12901,73.23993
12902,73.23993
12903,73.23993
12904,73.23993
12905,73.23993
12906,73.23993
12907,73.23993
12908,73.23993
12909,73.23993
12910,73.23993
12911,88.82648
12912,88.82648
12913,88.82648
12914,88.82648
12915,88.82648
12916,88.82648
12917,88.82648
12918,88.82648
12919,88.82648
12920,88.82648
12921,80.35256
12922,80.35256
12923,80.35256
12924,80.35256
12925,80.35256
12926,80.35256
12927,80.35256
12928,80.35256
12929,80.35256
12930,80.35256
12931,77.074715
12932,77.074715
12933,77.074715
12934,77.074715
12935,77.074715
12936,77.074715
12937,77.074715
12938,77.074715
12939,77.074715
12940,77.074715
12941,88.70116
12942,88.70116
12943,88.70116
12944,88.70116
12945,88.70116
12946,88.70116
12947,88.70116
12948,88.70116
12949,88.70116
12950,88.70116
12951,135.73872
12952,135.73872
12953,135.73872
12954,135.73872
12955,135.73872
12956,135.73872
12957,135.73872
12958,135.73872
12959,135.73872
12960,135.73872
12961,92.48112
12962,92.48112
12963,92.48112
12964,92.48112
12965,92.48112
12966,92.48112
12967,92.48112
12968,92.48112
12969,92.48112
12970,92.48112
12971,83.0262
12972,83.0262
12973,83.0262
12974,83.0262
12975,83.0262
12976,83.0262
12977,83.0262
12978,83.0262
12979,83.0262
12980,83.0262
12981,86.62768
12982,86.62768
12983,86.62768
12984,86.62768
12985,86.62768
12986,86.62768
12987,86.62768
12988,86.62768
12989,86.62768
12990,86.62768
12991,79.208664
12992,79.208664
12993,79.208664
12994,79.208664
12995,79.208664
12996,79.208664
12997,79.208664
12998,79.208664
12999,79.208664
13000,79.208664
13001,140.96443
13002,140.96443
13003,140.96443
13004,140.96443
13005,140.96443
13006,140.96443
13007,140.96443
13008,140.96443
13009,140.96443
13010,140.96443
13011,80.12822
13012,80.12822
13013,80.12822
13014,80.12822
13015,80.12822
13016,80.12822
13017,80.12822
13018,80.12822
13019,80.12822
13020,80.12822
13021,94.328026
13022,94.328026
13023,94.328026
13024,94.328026
13025,94.328026
13026,94.328026
13027,94.328026
13028,94.328026
13029,94.328026
13030,94.328026
13031,87.256966
13032,87.256966
13033,87.256966
13034,87.256966
13035,87.256966
13036,87.256966
13037,87.256966
13038,87.256966
13039,87.256966
13040,87.256966
13041,70.1857
13042,70.1857
13043,70.1857
13044,70.1857
13045,70.1857
13046,70.1857
13047,70.1857
13048,70.1857
13049,70.1857
13050,70.1857
13051,88.57815
13052,88.57815
13053,88.57815
13054,88.57815
13055,88.57815
13056,88.57815
13057,88.57815
13058,88.57815
13059,88.57815
13060,88.57815
13061,110.966484
13062,110.966484
13063,110.966484
13064,110.966484
13065,110.966484
13066,110.966484
13067,110.966484
13068,110.966484
13069,110.966484
13070,110.966484
13071,83.76813
13072,83.76813
13073,83.76813
13074,83.76813
13075,83.76813
13076,83.76813
13077,83.76813
13078,83.76813
13079,83.76813
13080,83.76813
13081,77.93775
13082,77.93775
13083,77.93775
13084,77.93775
13085,77.93775
13086,77.93775
13087,77.93775
13088,77.93775
13089,77.93775
13090,77.93775
13091,72.01953
13092,72.01953
13093,72.01953
13094,72.01953
13095,72.01953
13096,72.01953
13097,72.01953
13098,72.01953
13099,72.01953
13100,72.01953
13101,97.17663
13102,97.17663
13103,97.17663
13104,97.17663
13105,97.17663
13106,97.17663
13107,97.17663
13108,97.17663
13109,97.17663
13110,97.17663
13111,79.75917
13112,79.75917
13113,79.75917
13114,79.75917
13115,79.75917
13116,79.75917
13117,79.75917
13118,79.75917
13119,79.75917
13120,79.75917
13121,75.91997
13122,75.91997
13123,75.91997
13124,75.91997
13125,75.91997
13126,75.91997
13127,75.91997
13128,75.91997
13129,75.91997
13130,75.91997
13131,68.09036
13132,68.09036
13133,68.09036
13134,68.09036
13135,68.09036
13136,68.09036
13137,68.09036
13138,68.09036
13139,68.09036
13140,68.09036
13141,133.04033
13142,133.04033
13143,133.04033
13144,133.04033
13145,133.04033
13146,133.04033
13147,133.04033
13148,133.04033
13149,133.04033
13150,133.04033
13151,131.15633
13152,131.15633
13153,131.15633
13154,131.15633
13155,131.15633
13156,131.15633
13157,131.15633
13158,131.15633
13159,131.15633
13160,131.15633
13161,116.8533
13162,116.8533
13163,116.8533
13164,116.8533
13165,116.8533
13166,116.8533
13167,116.8533
13168,116.8533
13169,116.8533
13170,116.8533
13171,75.55672
13172,75.55672
13173,75.55672
13174,75.55672
13175,75.55672
13176,75.55672
13177,75.55672
13178,75.55672
13179,75.55672
13180,75.55672
13181,94.05772
13182,94.05772
13183,94.05772
13184,94.05772
13185,94.05772
13186,94.05772
13187,94.05772
13188,94.05772
13189,94.05772
13190,94.05772
13191,88.74154
13192,88.74154
13193,88.74154
13194,88.74154
13195,88.74154
13196,88.74154
13197,88.74154
13198,88.74154
13199,88.74154
13200,88.74154
13201,82.75669
13202,82.75669
13203,82.75669
13204,82.75669
13205,82.75669
13206,82.75669
13207,82.75669
13208,82.75669
13209,82.75669
13210,82.75669
13211,80.962204
13212,80.962204
13213,80.962204
13214,80.962204
13215,80.962204
13216,80.962204
13217,80.962204
13218,80.962204
13219,80.962204
13220,80.962204
13221,94.46299
13222,68.08824
13223,68.08824
13224,68.08824
13225,68.08824
13226,68.08824
13227,68.08824
13228,68.08824
13229,68.08824
13230,68.08824
13231,62.304417
13232,62.304417
13233,62.304417
13234,62.304417
13235,62.304417
13236,62.304417
13237,62.304417
13238,62.304417
13239,62.304417
13240,62.304417
13241,74.82112
13242,74.82112
13243,74.82112
13244,74.82112
13245,74.82112
13246,74.82112
13247,74.82112
13248,74.82112
13249,74.82112
13250,74.82112
13251,96.25902
13252,96.25902
13253,96.25902
13254,96.25902
13255,96.25902
13256,96.25902
13257,96.25902
13258,96.25902
13259,96.25902
13260,96.25902
13261,66.62685
13262,71.234856
13263,71.234856
13264,71.234856
13265,71.234856
13266,71.234856
13267,71.234856
13268,71.234856
13269,71.234856
13270,71.234856
13271,80.12031
13272,80.12031
13273,80.12031
13274,80.12031
13275,80.12031
13276,80.12031
13277,80.12031
13278,80.12031
13279,80.12031
13280,80.12031
13281,88.272095
13282,88.272095
13283,88.272095
13284,88.272095
13285,88.272095
13286,88.272095
13287,88.272095
13288,88.272095
13289,88.272095
13290,88.272095
13291,67.163826
13292,67.163826
13293,67.163826
13294,67.163826
13295,67.163826
13296,67.163826
13297,67.163826
13298,67.163826
13299,67.163826
13300,67.163826
13301,97.45479
13302,97.45479
13303,97.45479
13304,97.45479
13305,97.45479
13306,97.45479
13307,97.45479
13308,97.45479
13309,97.45479
13310,97.45479
13311,95.49652
13312,95.49652
13313,95.49652
13314,95.49652
13315,95.49652
13316,95.49652
13317,95.49652
13318,95.49652
13319,95.49652
13320,95.49652
13321,114.11743
13322,114.11743
13323,114.11743
13324,114.11743
13325,114.11743
13326,114.11743
13327,114.11743
13328,114.11743
13329,114.11743
13330,114.11743
13331,107.90672
13332,107.90672
13333,107.90672
13334,107.90672
13335,107.90672
13336,107.90672
13337,107.90672
13338,107.90672
13339,107.90672
13340,107.90672
13341,98.47765
13342,98.47765
13343,98.47765
13344,98.47765
13345,98.47765
13346,98.47765
13347,98.47765
13348,98.47765
13349,98.47765
13350,98.47765
13351,103.83661
13352,103.83661
13353,103.83661
13354,103.83661
13355,103.83661
13356,103.83661
13357,103.83661
13358,103.83661
13359,103.83661
13360,103.83661
13361,70.83865
13362,70.83865
13363,70.83865
13364,70.83865
13365,70.83865
13366,70.83865
13367,70.83865
13368,70.83865
13369,70.83865
13370,70.83865
13371,96.60573
13372,96.60573
13373,96.60573
13374,96.60573
13375,96.60573
13376,96.60573
13377,96.60573
13378,96.60573
13379,96.60573
13380,96.60573
13381,87.71721
13382,87.71721
13383,87.71721
13384,87.71721
13385,87.71721
13386,87.71721
13387,87.71721
13388,87.71721
13389,87.71721
13390,87.71721
13391,99.27643
13392,99.27643
13393,99.27643
13394,99.27643
13395,99.27643
13396,99.27643
13397,99.27643
13398,99.27643
13399,99.27643
13400,99.27643
13401,92.45739
13402,92.45739
13403,92.45739
13404,92.45739
13405,92.45739
13406,92.45739
13407,92.45739
13408,92.45739
13409,92.45739
13410,92.45739
13411,73.942535
13412,73.942535
13413,73.942535
13414,73.942535
13415,73.942535
13416,73.942535
13417,73.942535
13418,73.942535
13419,73.942535
13420,73.942535
13421,76.09846
13422,76.09846
13423,76.09846
13424,76.09846
13425,76.09846
13426,76.09846
13427,76.09846
13428,76.09846
13429,76.09846
13430,76.09846
13431,76.0169
13432,76.0169
13433,76.0169
13434,76.0169
13435,76.0169
13436,76.0169
13437,76.0169
13438,76.0169
13439,76.0169
13440,76.0169
13441,95.3164
13442,95.3164
13443,95.3164
13444,95.3164
13445,95.3164
13446,95.3164
13447,95.3164
13448,95.3164
13449,95.3164
13450,95.3164
13451,71.69996
13452,71.69996
13453,71.69996
13454,71.69996
13455,71.69996
13456,71.69996
13457,71.69996
13458,71.69996
13459,71.69996
13460,71.69996
13461,90.10495
13462,90.10495
13463,90.10495
13464,90.10495
13465,90.10495
13466,90.10495
13467,90.10495
13468,90.10495
13469,90.10495
13470,90.10495
13471,93.22073
13472,93.22073
13473,93.22073
13474,93.22073
13475,93.22073
13476,93.22073
13477,93.22073
13478,93.22073
13479,93.22073
13480,93.22073
13481,78.60494
13482,78.60494
13483,78.60494
13484,78.60494
13485,78.60494
13486,78.60494
13487,78.60494
13488,78.60494
13489,78.60494
13490,78.60494
13491,94.024506
13492,94.024506
13493,94.024506
13494,94.024506
13495,94.024506
13496,94.024506
13497,94.024506
13498,94.024506
13499,94.024506
13500,94.024506
13501,88.61465
13502,88.61465
13503,88.61465
13504,88.61465
13505,88.61465
13506,88.61465
13507,88.61465
13508,88.61465
13509,88.61465
13510,88.61465
13511,96.26942
13512,96.26942
13513,96.26942
13514,96.26942
13515,96.26942
13516,96.26942
13517,96.26942
13518,96.26942
13519,96.26942
13520,96.26942
13521,88.84365
13522,88.84365
13523,88.84365
13524,88.84365
13525,88.84365
13526,88.84365
13527,88.84365
13528,88.84365
13529,88.84365
13530,88.84365
13531,82.97329
13532,82.97329
13533,82.97329
13534,82.97329
13535,82.97329
13536,82.97329
13537,82.97329
13538,82.97329
13539,82.97329
13540,82.97329
13541,83.64218
13542,83.64218
13543,83.64218
13544,83.64218
13545,83.64218
13546,83.64218
13547,83.64218
13548,83.64218
13549,83.64218
13550,83.64218
13551,107.688934
13552,107.688934
13553,107.688934
13554,107.688934
13555,107.688934
13556,107.688934
13557,107.688934
13558,107.688934
13559,107.688934
13560,107.688934
13561,132.4827
13562,132.4827
13563,132.4827
13564,132.4827
13565,132.4827
13566,132.4827
13567,132.4827
13568,132.4827
13569,132.4827
13570,132.4827
13571,102.60102
13572,102.60102
13573,102.60102
13574,102.60102
13575,102.60102
13576,102.60102
13577,102.60102
13578,102.60102
13579,102.60102
13580,102.60102
13581,107.19052
13582,107.19052
13583,107.19052
13584,107.19052
13585,107.19052
13586,107.19052
13587,107.19052
13588,107.19052
13589,107.19052
13590,107.19052
13591,88.3753
13592,88.3753
13593,88.3753
13594,88.3753
13595,88.3753
13596,88.3753
13597,88.3753
13598,88.3753
13599,88.3753
13600,88.3753
13601,100.755585
13602,100.755585
13603,100.755585
13604,100.755585
13605,100.755585
13606,100.755585
13607,100.755585
13608,100.755585
13609,100.755585
13610,100.755585
13611,96.46948
13612,96.46948
13613,96.46948
13614,96.46948
13615,96.46948
13616,96.46948
13617,96.46948
13618,96.46948
13619,96.46948
13620,96.46948
13621,153.00185
13622,153.00185
13623,153.00185
13624,153.00185
13625,153.00185
13626,153.00185
13627,153.00185
13628,153.00185
13629,153.00185
13630,153.00185
13631,78.11482
13632,78.11482
13633,78.11482
13634,78.11482
13635,78.11482
13636,78.11482
13637,78.11482
13638,78.11482
13639,78.11482
13640,78.11482
13641,82.3585
13642,82.3585
13643,82.3585
13644,82.3585
13645,82.3585
13646,82.3585
13647,82.3585
13648,82.3585
13649,82.3585
13650,82.3585
13651,85.89229
13652,85.89229
13653,85.89229
13654,85.89229
13655,85.89229
13656,85.89229
13657,85.89229
13658,85.89229
13659,85.89229
13660,85.89229
13661,82.44615
13662,82.44615
13663,82.44615
13664,82.44615
13665,82.44615
13666,82.44615
13667,82.44615
13668,82.44615
13669,82.44615
13670,82.44615
13671,67.173164
13672,67.173164
13673,67.173164
13674,67.173164
13675,67.173164
13676,67.173164
13677,67.173164
13678,67.173164
13679,67.173164
13680,67.173164
13681,74.32099
13682,74.32099
13683,74.32099
13684,74.32099
13685,74.32099
13686,74.32099
13687,74.32099
13688,74.32099
13689,74.32099
13690,74.32099
13691,72.36843
13692,72.36843
13693,72.36843
13694,72.36843
13695,72.36843
13696,72.36843
13697,72.36843
13698,72.36843
13699,72.36843
13700,72.36843
13701,94.36173
13702,94.36173
13703,94.36173
13704,94.36173
13705,94.36173
13706,94.36173
13707,94.36173
13708,94.36173
13709,94.36173
13710,94.36173
13711,99.43376
13712,99.43376
13713,99.43376
13714,99.43376
13715,99.43376
13716,99.43376
13717,99.43376
13718,99.43376
13719,99.43376
13720,99.43376
13721,95.94697
13722,95.94697
13723,95.94697
13724,95.94697
13725,95.94697
13726,95.94697
13727,95.94697
13728,95.94697
13729,95.94697
13730,95.94697
13731,119.6705
13732,119.6705
13733,119.6705
13734,119.6705
13735,119.6705
13736,119.6705
13737,119.6705
13738,119.6705
13739,119.6705
13740,119.6705
13741,70.75373
13742,70.75373
13743,70.75373
13744,70.75373
13745,70.75373
13746,70.75373
13747,70.75373
13748,70.75373
13749,70.75373
13750,70.75373
13751,89.57566
13752,89.57566
13753,89.57566
13754,89.57566
13755,89.57566
13756,89.57566
13757,89.57566
13758,89.57566
13759,89.57566
13760,89.57566
13761,105.64415
13762,105.64415
13763,105.64415
13764,105.64415
13765,105.64415
13766,105.64415
13767,105.64415
13768,105.64415
13769,105.64415
13770,105.64415
13771,82.67567
13772,82.67567
13773,82.67567
13774,82.67567
13775,82.67567
13776,82.67567
13777,82.67567
13778,82.67567
13779,82.67567
13780,82.67567
13781,99.61033
13782,99.61033
13783,99.61033
13784,99.61033
13785,99.61033
13786,99.61033
13787,99.61033
13788,99.61033
13789,99.61033
13790,99.61033
13791,96.9742
13792,96.9742
13793,96.9742
13794,96.9742
13795,96.9742
13796,96.9742
13797,96.9742
13798,96.9742
13799,96.9742
13800,96.9742
13801,85.77771
13802,85.77771
13803,85.77771
13804,85.77771
13805,85.77771
13806,85.77771
13807,85.77771
13808,85.77771
13809,85.77771
13810,85.77771
13811,78.180885
13812,78.180885
13813,78.180885
13814,78.180885
13815,78.180885
13816,78.180885
13817,78.180885
13818,78.180885
13819,78.180885
13820,78.180885
13821,89.725716
13822,89.725716
13823,89.725716
13824,89.725716
13825,89.725716
13826,89.725716
13827,89.725716
13828,89.725716
13829,89.725716
13830,89.725716
13831,82.34812
13832,82.34812
13833,82.34812
13834,82.34812
13835,82.34812
13836,82.34812
13837,82.34812
13838,82.34812
13839,82.34812
13840,82.34812
13841,92.24669
13842,92.24669
13843,92.24669
13844,92.24669
13845,92.24669
13846,92.24669
13847,92.24669
13848,92.24669
13849,92.24669
13850,92.24669
13851,73.47049
13852,73.47049
13853,73.47049
13854,73.47049
13855,73.47049
13856,73.47049
13857,73.47049
13858,73.47049
13859,73.47049
13860,73.47049
13861,93.23601
13862,93.23601
13863,93.23601
13864,93.23601
13865,93.23601
13866,93.23601
13867,93.23601
13868,93.23601
13869,93.23601
13870,93.23601
13871,87.69101
13872,87.69101
13873,87.69101
13874,87.69101
13875,87.69101
13876,87.69101
13877,87.69101
13878,87.69101
13879,87.69101
13880,134.53902
13881,8.569369
13882,8.569369
13883,8.569369
13884,8.569369
13885,8.569369
13886,8.569369
13887,8.569369
13888,8.569369
13889,8.569369
13890,8.569369
13891,78.04966
13892,78.04966
13893,78.04966
13894,78.04966
13895,78.04966
13896,78.04966
13897,78.04966
13898,78.04966
13899,78.04966
13900,78.04966
13901,81.43715
13902,81.43715
13903,81.43715
13904,81.43715
13905,81.43715
13906,81.43715
13907,81.43715
13908,81.43715
13909,81.43715
13910,81.43715
13911,89.95527
13912,89.95527
13913,89.95527
13914,89.95527
13915,89.95527
13916,89.95527
13917,89.95527
13918,89.95527
13919,89.95527
13920,89.95527
13921,82.09588
13922,82.09588
13923,82.09588
13924,82.09588
13925,82.09588
13926,82.09588
13927,82.09588
13928,82.09588
13929,82.09588
13930,82.09588
13931,89.35385
13932,89.35385
13933,89.35385
13934,89.35385
13935,89.35385
13936,89.35385
13937,89.35385
13938,89.35385
13939,89.35385
13940,89.35385
13941,144.8068
13942,144.8068
13943,144.8068
13944,144.8068
13945,144.8068
13946,144.8068
13947,144.8068
13948,144.8068
13949,144.8068
13950,144.8068
13951,94.26883
13952,94.26883
13953,94.26883
13954,94.26883
13955,94.26883
13956,94.26883
13957,94.26883
13958,94.26883
13959,94.26883
13960,94.26883
13961,65.52338
13962,65.52338
13963,65.52338
13964,65.52338
13965,100.16622
13966,100.16622
13967,100.16622
13968,100.16622
13969,100.16622
13970,100.16622
13971,52.790985
13972,52.790985
13973,52.790985
13974,52.790985
13975,52.790985
13976,52.790985
13977,52.790985
13978,52.790985
13979,52.790985
13980,52.790985
13981,81.83161
13982,81.83161
13983,81.83161
13984,81.83161
13985,81.83161
13986,81.83161
13987,81.83161
13988,81.83161
13989,81.83161
13990,81.83161
13991,91.77372
13992,91.77372
13993,91.77372
13994,91.77372
13995,91.77372
13996,91.77372
13997,91.77372
13998,91.77372
13999,91.77372
14000,91.77372
14001,70.57835
14002,70.57835
14003,70.57835
14004,70.57835
14005,70.57835
14006,70.57835
14007,70.57835
14008,70.57835
14009,70.57835
14010,70.57835
14011,69.007324
14012,69.007324
14013,69.007324
14014,69.007324
14015,69.007324
14016,69.007324
14017,69.007324
14018,69.007324
14019,69.007324
14020,69.007324
14021,72.62756
14022,72.62756
14023,72.62756
14024,72.62756
14025,72.62756
14026,72.62756
14027,72.62756
14028,72.62756
14029,72.62756
14030,72.62756
14031,86.66187
14032,86.66187
14033,86.66187
14034,86.66187
14035,86.66187
14036,86.66187
14037,86.66187
14038,86.66187
14039,86.66187
14040,86.66187
14041,113.844536
14042,113.844536
14043,113.844536
14044,113.844536
14045,113.844536
14046,113.844536
14047,113.844536
14048,113.844536
14049,113.844536
14050,113.844536
14051,76.63475
14052,76.63475
14053,76.63475
14054,76.63475
14055,76.63475
14056,76.63475
14057,76.63475
14058,76.63475
14059,76.63475
14060,76.63475
14061,122.89633
14062,122.89633
14063,122.89633
14064,122.89633
14065,122.89633
14066,122.89633
14067,122.89633
14068,122.89633
14069,122.89633
14070,122.89633
14071,108.152985
14072,108.152985
14073,108.152985
14074,108.152985
14075,108.152985
14076,108.152985
14077,108.152985
14078,108.152985
14079,108.152985
14080,108.152985
14081,77.64738
14082,77.64738
14083,77.64738
14084,77.64738
14085,77.64738
14086,77.64738
14087,77.64738
14088,77.64738
14089,77.64738
14090,77.64738
14091,95.50474
14092,95.50474
14093,95.50474
14094,95.50474
14095,95.50474
14096,95.50474
14097,95.50474
14098,95.50474
14099,95.50474
14100,95.50474
14101,95.345215
14102,95.345215
14103,95.345215
14104,95.345215
14105,95.345215
14106,95.345215
14107,95.345215
14108,95.345215
14109,95.345215
14110,95.345215
14111,67.55764
14112,67.55764
14113,67.55764
14114,67.55764
14115,67.55764
14116,67.55764
14117,67.55764
14118,67.55764
14119,67.55764
14120,67.55764
14121,106.51805
14122,106.51805
14123,106.51805
14124,106.51805
14125,106.51805
14126,106.51805
14127,106.51805
14128,106.51805
14129,106.51805
14130,106.51805
14131,82.28046
14132,82.28046
14133,82.28046
14134,82.28046
14135,82.28046
14136,82.28046
14137,82.28046
14138,82.28046
14139,82.28046
14140,82.28046
14141,62.152782
14142,62.152782
14143,62.152782
14144,62.152782
14145,62.152782
14146,62.152782
14147,62.152782
14148,62.152782
14149,62.152782
14150,62.152782
14151,88.46536
14152,88.46536
14153,88.46536
14154,88.46536
14155,88.46536
14156,88.46536
14157,88.46536
14158,88.46536
14159,88.46536
14160,88.46536
14161,103.301605
14162,103.301605
14163,103.301605
14164,103.301605
14165,103.301605
14166,103.301605
14167,103.301605
14168,103.301605
14169,103.301605
14170,103.301605
14171,99.105484
14172,99.105484
14173,99.105484
14174,99.105484
14175,99.105484
14176,99.105484
14177,99.105484
14178,99.105484
14179,99.105484
14180,99.105484
14181,76.69329
14182,76.69329
14183,76.69329
14184,76.69329
14185,76.69329
14186,76.69329
14187,76.69329
14188,76.69329
14189,76.69329
14190,76.69329
14191,95.757034
14192,95.757034
14193,95.757034
14194,95.757034
14195,95.757034
14196,95.757034
14197,95.757034
14198,95.757034
14199,95.757034
14200,95.757034
14201,103.96733
14202,103.96733
14203,103.96733
14204,103.96733
14205,103.96733
14206,103.96733
14207,103.96733
14208,103.96733
14209,103.96733
14210,103.96733
14211,86.013405
14212,86.013405
14213,86.013405
14214,86.013405
14215,86.013405
14216,86.013405
14217,86.013405
14218,86.013405
14219,86.013405
14220,86.013405
14221,95.957115
14222,95.957115
14223,95.957115
14224,95.957115
14225,95.957115
14226,95.957115
14227,95.957115
14228,95.957115
14229,95.957115
14230,95.957115
14231,79.45728
14232,79.45728
14233,79.45728
14234,79.45728
14235,79.45728
14236,79.45728
14237,79.45728
14238,79.45728
14239,79.45728
14240,79.45728
14241,87.66831
14242,87.66831
14243,87.66831
14244,87.66831
14245,87.66831
14246,87.66831
14247,87.66831
14248,87.66831
14249,87.66831
14250,87.66831
14251,84.44853
14252,84.44853
14253,84.44853
14254,84.44853
14255,84.44853
14256,84.44853
14257,84.44853
14258,84.44853
14259,84.44853
14260,84.44853
14261,81.48415
14262,81.48415
14263,81.48415
14264,81.48415
14265,81.48415
14266,81.48415
14267,81.48415
14268,81.48415
14269,81.48415
14270,81.48415
14271,85.270035
14272,85.270035
14273,85.270035
14274,85.270035
14275,85.270035
14276,85.270035
14277,85.270035
14278,85.270035
14279,85.270035
14280,85.270035
14281,103.23669
14282,103.23669
14283,103.23669
14284,103.23669
14285,103.23669
14286,103.23669
14287,103.23669
14288,103.23669
14289,103.23669
14290,103.23669
14291,104.790825
14292,104.790825
14293,104.790825
14294,104.790825
14295,104.790825
14296,104.790825
14297,104.790825
14298,104.790825
14299,104.790825
14300,104.790825
14301,104.99225
14302,104.99225
14303,104.99225
14304,104.99225
14305,104.99225
14306,104.99225
14307,104.99225
14308,104.99225
14309,104.99225
14310,104.99225
14311,78.47647
14312,78.47647
14313,78.47647
14314,78.47647
14315,78.47647
14316,78.47647
14317,78.47647
14318,78.47647
14319,78.47647
14320,78.47647
14321,113.952934
14322,113.952934
14323,113.952934
14324,113.952934
14325,113.952934
14326,113.952934
14327,113.952934
14328,113.952934
14329,113.952934
14330,113.952934
14331,118.84893
14332,118.84893
14333,118.84893
14334,118.84893
14335,118.84893
14336,118.84893
14337,118.84893
14338,118.84893
14339,118.84893
14340,118.84893
14341,133.79352
14342,133.79352
14343,133.79352
14344,133.79352
14345,133.79352
14346,133.79352
14347,133.79352
14348,133.79352
14349,133.79352
14350,133.79352
14351,99.44806
14352,99.44806
14353,99.44806
14354,99.44806
14355,99.44806
14356,99.44806
14357,99.44806
14358,99.44806
14359,99.44806
14360,99.44806
14361,81.61088
14362,81.61088
14363,81.61088
14364,81.61088
14365,81.61088
14366,81.61088
14367,81.61088
14368,81.61088
14369,81.61088
14370,81.61088
14371,100.483604
14372,100.483604
14373,100.483604
14374,100.483604
14375,100.483604
14376,100.483604
14377,100.483604
14378,100.483604
14379,100.483604
14380,100.483604
14381,65.55213
14382,65.55213
14383,65.55213
14384,65.55213
14385,65.55213
14386,65.55213
14387,65.55213
14388,65.55213
14389,65.55213
14390,65.55213
14391,73.40841
14392,73.40841
14393,73.40841
14394,73.40841
14395,73.40841
14396,73.40841
14397,73.40841
14398,73.40841
14399,73.40841
14400,73.40841
14401,87.01217
14402,87.01217
14403,87.01217
14404,59.283215
14405,59.283215
14406,59.283215
14407,59.283215
14408,59.283215
14409,59.283215
14410,59.283215
14411,78.36499
14412,78.36499
14413,78.36499
14414,78.36499
14415,78.36499
14416,78.36499
14417,78.36499
14418,78.36499
14419,78.36499
14420,78.36499
14421,85.58559
14422,85.58559
14423,85.58559
14424,85.58559
14425,85.58559
14426,85.58559
14427,85.58559
14428,85.58559
14429,85.58559
14430,85.58559
14431,78.601746
14432,78.601746
14433,78.601746
14434,78.601746
14435,78.601746
14436,78.601746
14437,78.601746
14438,78.601746
14439,78.601746
14440,78.601746
14441,92.151955
14442,92.151955
14443,92.151955
14444,92.151955
14445,92.151955
14446,92.151955
14447,92.151955
14448,92.151955
14449,92.151955
14450,92.151955
14451,117.313896
14452,117.313896
14453,117.313896
14454,117.313896
14455,117.313896
14456,117.313896
14457,117.313896
14458,117.313896
14459,117.313896
14460,117.313896
14461,139.97937
14462,139.97937
14463,139.97937
14464,139.97937
14465,139.97937
14466,139.97937
14467,139.97937
14468,139.97937
14469,139.97937
14470,139.97937
14471,127.42641
14472,127.42641
14473,127.42641
14474,127.42641
14475,127.42641
14476,127.42641
14477,127.42641
14478,127.42641
14479,127.42641
14480,127.42641
14481,111.78311
14482,111.78311
14483,111.78311
14484,111.78311
14485,111.78311
14486,111.78311
14487,111.78311
14488,111.78311
14489,111.78311
14490,111.78311
14491,67.22209
14492,67.22209
14493,67.22209
14494,67.22209
14495,67.22209
14496,67.22209
14497,67.22209
14498,67.22209
14499,67.22209
14500,67.22209
14501,126.43929
14502,126.43929
14503,126.43929
14504,126.43929
14505,126.43929
14506,126.43929
14507,126.43929
14508,126.43929
14509,126.43929
14510,126.43929
14511,88.97672
14512,88.97672
14513,88.97672
14514,88.97672
14515,88.97672
14516,88.97672
14517,88.97672
14518,88.97672
14519,88.97672
14520,88.97672
14521,77.31815
14522,77.31815
14523,77.31815
14524,77.31815
14525,77.31815
14526,77.31815
14527,77.31815
14528,77.31815
14529,77.31815
14530,77.31815
14531,111.966675
14532,111.966675
14533,111.966675
14534,111.966675
14535,111.966675
14536,111.966675
14537,111.966675
14538,111.966675
14539,111.966675
14540,111.966675
14541,85.286705
14542,85.286705
14543,85.286705
14544,85.286705
14545,85.286705
14546,85.286705
14547,85.286705
14548,85.286705
14549,85.286705
14550,85.286705
14551,89.73243
14552,89.73243
14553,89.73243
14554,89.73243
14555,89.73243
14556,89.73243
14557,89.73243
14558,89.73243
14559,89.73243
14560,89.73243
14561,105.71553
14562,105.71553
14563,105.71553
14564,105.71553
14565,105.71553
14566,105.71553
14567,105.71553
14568,105.71553
14569,105.71553
14570,105.71553
14571,76.207886
14572,76.207886
14573,76.207886
14574,76.207886
14575,76.207886
14576,76.207886
14577,76.207886
14578,76.207886
14579,76.207886
14580,76.207886
14581,117.48763
14582,117.48763
14583,117.48763
14584,117.48763
14585,117.48763
14586,117.48763
14587,117.48763
14588,117.48763
14589,117.48763
14590,117.48763
14591,87.83624
14592,87.83624
14593,87.83624
14594,87.83624
14595,87.83624
14596,87.83624
14597,87.83624
14598,87.83624
14599,87.83624
14600,87.83624
14601,85.974205
14602,85.974205
14603,85.974205
14604,85.974205
14605,85.974205
14606,85.974205
14607,85.974205
14608,85.974205
14609,85.974205
14610,85.974205
14611,85.88305
14612,85.88305
14613,85.88305
14614,85.88305
14615,85.88305
14616,85.88305
14617,85.88305
14618,85.88305
14619,85.88305
14620,85.88305
14621,74.85624
14622,74.85624
14623,74.85624
14624,74.85624
14625,74.85624
14626,74.85624
14627,74.85624
14628,74.85624
14629,74.85624
14630,74.85624
14631,71.353935
14632,71.353935
14633,71.353935
14634,71.353935
14635,71.353935
14636,71.353935
14637,71.353935
14638,71.353935
14639,71.353935
14640,71.353935
14641,83.72076
14642,83.72076
14643,83.72076
14644,83.72076
14645,83.72076
14646,83.72076
14647,83.72076
14648,83.72076
14649,83.72076
14650,83.72076
14651,134.41281
14652,134.41281
14653,134.41281
14654,134.41281
14655,134.41281
14656,134.41281
14657,134.41281
14658,134.41281
14659,134.41281
14660,134.41281
14661,79.80799
14662,79.80799
14663,79.80799
14664,79.80799
14665,79.80799
14666,79.80799
14667,79.80799
14668,79.80799
14669,79.80799
14670,79.80799
14671,103.096596
14672,103.096596
14673,103.096596
14674,103.096596
14675,103.096596
14676,103.096596
14677,103.096596
14678,103.096596
14679,103.096596
14680,103.096596
14681,90.64931
14682,90.64931
14683,90.64931
14684,90.64931
14685,90.64931
14686,90.64931
14687,90.64931
14688,90.64931
14689,90.64931
14690,90.64931
14691,71.65395
14692,71.65395
14693,71.65395
14694,71.65395
14695,71.65395
14696,71.65395
14697,71.65395
14698,71.65395
14699,71.65395
14700,71.65395
14701,125.4022
14702,125.4022
14703,125.4022
14704,125.4022
14705,125.4022
14706,125.4022
14707,125.4022
14708,125.4022
14709,125.4022
14710,125.4022
14711,78.76716
14712,78.76716
14713,78.76716
14714,78.76716
14715,78.76716
14716,78.76716
14717,78.76716
14718,78.76716
14719,78.76716
14720,78.76716
14721,76.00621
14722,76.00621
14723,76.00621
14724,76.00621
14725,76.00621
14726,76.00621
14727,76.00621
14728,76.00621
14729,76.00621
14730,76.00621
14731,150.47874
14732,150.47874
14733,150.47874
14734,150.47874
14735,150.47874
14736,150.47874
14737,150.47874
14738,150.47874
14739,150.47874
14740,150.47874
14741,97.02433
14742,97.02433
14743,97.02433
14744,97.02433
14745,97.02433
14746,97.02433
14747,97.02433
14748,97.02433
14749,97.02433
14750,97.02433
14751,66.87323
14752,66.87323
14753,66.87323
14754,66.87323
14755,66.87323
14756,66.87323
14757,66.87323
14758,66.87323
14759,66.87323
14760,66.87323
14761,74.361046
14762,74.361046
14763,74.361046
14764,74.361046
14765,74.361046
14766,74.361046
14767,74.361046
14768,74.361046
14769,74.361046
14770,74.361046
14771,74.46605
14772,74.46605
14773,74.46605
14774,74.46605
14775,74.46605
14776,74.46605
14777,74.46605
14778,74.46605
14779,74.46605
14780,74.46605
14781,121.01945
14782,121.01945
14783,121.01945
14784,121.01945
14785,121.01945
14786,121.01945
14787,121.01945
14788,121.01945
14789,121.01945
14790,121.01945
14791,80.60528
14792,80.60528
14793,80.60528
14794,80.60528
14795,80.60528
14796,80.60528
14797,80.60528
14798,80.60528
14799,80.60528
14800,80.60528
14801,80.40107
14802,80.40107
14803,80.40107
14804,80.40107
14805,80.40107
14806,80.40107
14807,80.40107
14808,80.40107
14809,80.40107
14810,80.40107
14811,95.17398
14812,95.17398
14813,95.17398
14814,95.17398
14815,95.17398
14816,95.17398
14817,95.17398
14818,95.17398
14819,95.17398
14820,95.17398
14821,97.29574
14822,97.29574
14823,97.29574
14824,97.29574
14825,97.29574
14826,97.29574
14827,97.29574
14828,97.29574
14829,97.29574
14830,97.29574
14831,96.560486
14832,96.560486
14833,96.560486
14834,96.560486
14835,96.560486
14836,96.560486
14837,96.560486
14838,96.560486
14839,96.560486
14840,96.560486
14841,81.65454
14842,81.65454
14843,81.65454
14844,81.65454
14845,81.65454
14846,81.65454
14847,81.65454
14848,81.65454
14849,81.65454
14850,81.65454
14851,97.77146
14852,97.77146
14853,97.77146
14854,97.77146
14855,97.77146
14856,97.77146
14857,97.77146
14858,97.77146
14859,97.77146
14860,97.77146
14861,62.732464
14862,62.732464
14863,62.732464
14864,62.732464
14865,62.732464
14866,62.732464
14867,62.732464
14868,62.732464
14869,62.732464
14870,62.732464
14871,53.852352
14872,53.852352
14873,53.852352
14874,53.852352
14875,53.852352
14876,53.852352
14877,53.852352
14878,53.852352
14879,53.852352
14880,53.852352
14881,75.25329
14882,75.25329
14883,75.25329
14884,75.25329
14885,75.25329
14886,75.25329
14887,75.25329
14888,75.25329
14889,75.25329
14890,75.25329
14891,80.24605
14892,80.24605
14893,80.24605
14894,80.24605
14895,80.24605
14896,80.24605
14897,80.24605
14898,80.24605
14899,80.24605
14900,80.24605
14901,81.7437
14902,81.7437
14903,81.7437
14904,81.7437
14905,81.7437
14906,81.7437
14907,81.7437
14908,81.7437
14909,81.7437
14910,81.7437
14911,104.79998
14912,104.79998
14913,104.79998
14914,104.79998
14915,104.79998
14916,104.79998
14917,104.79998
14918,104.79998
14919,104.79998
14920,104.79998
14921,106.726845
14922,106.726845
14923,106.726845
14924,106.726845
14925,106.726845
14926,106.726845
14927,106.726845
14928,106.726845
14929,106.726845
14930,106.726845
14931,101.361374
14932,101.361374
14933,101.361374
14934,101.361374
14935,101.361374
14936,101.361374
14937,101.361374
14938,101.361374
14939,101.361374
14940,101.361374
14941,84.499695
14942,84.499695
14943,84.499695
14944,84.499695
14945,84.499695
14946,84.499695
14947,84.499695
14948,84.499695
14949,84.499695
14950,84.499695
14951,90.21835
14952,90.21835
14953,90.21835
14954,90.21835
14955,90.21835
14956,90.21835
14957,90.21835
14958,90.21835
14959,90.21835
14960,90.21835
14961,86.25004
14962,86.25004
14963,86.25004
14964,86.25004
14965,86.25004
14966,86.25004
14967,86.25004
14968,86.25004
14969,86.25004
14970,86.25004
14971,69.01989
14972,69.01989
14973,69.01989
14974,69.01989
14975,69.01989
14976,69.01989
14977,69.01989
14978,69.01989
14979,69.01989
14980,69.01989
14981,71.7692
14982,71.7692
14983,71.7692
14984,71.7692
14985,71.7692
14986,71.7692
14987,71.7692
14988,71.7692
14989,71.7692
14990,71.7692
14991,85.26578
14992,85.26578
14993,85.26578
14994,85.26578
14995,85.26578
14996,85.26578
14997,85.26578
14998,85.26578
14999,85.26578
15000,85.26578
15001,82.09933
15002,82.09933
15003,82.09933
15004,82.09933
15005,82.09933
15006,82.09933
15007,82.09933
15008,82.09933
15009,82.09933
15010,82.09933
15011,80.80769
15012,80.80769
15013,80.80769
15014,80.80769
15015,80.80769
15016,80.80769
15017,80.80769
15018,80.80769
15019,80.80769
15020,80.80769
15021,84.99726
15022,84.99726
15023,84.99726
15024,84.99726
15025,84.99726
15026,84.99726
15027,84.99726
15028,84.99726
15029,84.99726
15030,84.99726
15031,87.823685
15032,87.823685
15033,87.823685
15034,87.823685
15035,87.823685
15036,87.823685
15037,87.823685
15038,87.823685
15039,87.823685
15040,87.823685
15041,108.09142
15042,108.09142
15043,108.09142
15044,108.09142
15045,108.09142
15046,108.09142
15047,108.09142
15048,92.577255
15049,92.577255
15050,92.577255
15051,36.368046
15052,36.368046
15053,36.368046
15054,36.368046
15055,36.368046
15056,36.368046
15057,36.368046
15058,36.368046
15059,36.368046
15060,36.368046
15061,72.60785
15062,72.60785
15063,72.60785
15064,72.60785
15065,72.60785
15066,72.60785
15067,72.60785
15068,72.60785
15069,72.60785
15070,72.60785
15071,100.50608
15072,100.50608
15073,100.50608
15074,100.50608
15075,100.50608
15076,100.50608
15077,100.50608
15078,100.50608
15079,100.50608
15080,100.50608
15081,69.782425
15082,69.782425
15083,69.782425
15084,69.782425
15085,69.782425
15086,69.782425
15087,69.782425
15088,69.782425
15089,69.782425
15090,69.782425
15091,87.192505
15092,87.192505
15093,87.192505
15094,87.192505
15095,87.192505
15096,87.192505
15097,87.192505
15098,87.192505
15099,87.192505
15100,87.192505
15101,65.76076
15102,65.76076
15103,65.76076
15104,65.76076
15105,65.76076
15106,65.76076
15107,65.76076
15108,65.76076
15109,65.76076
15110,65.76076
15111,75.448715
15112,75.448715
15113,75.448715
15114,75.448715
15115,75.448715
15116,75.448715
15117,75.448715
15118,75.448715
15119,75.448715
15120,75.448715
15121,70.98227
15122,70.98227
15123,70.98227
15124,70.98227
15125,70.98227
15126,70.98227
15127,100.05875
15128,100.05875
15129,100.05875
15130,100.05875
15131,27.979801
15132,27.979801
15133,27.979801
15134,27.979801
15135,27.979801
15136,27.979801
15137,27.979801
15138,27.979801
15139,27.979801
15140,27.979801
15141,82.61866
15142,82.61866
15143,82.61866
15144,82.61866
15145,82.61866
15146,82.61866
15147,82.61866
15148,82.61866
15149,82.61866
15150,82.61866
15151,89.46755
15152,89.46755
15153,89.46755
15154,89.46755
15155,89.46755
15156,89.46755
15157,89.46755
15158,131.84183
15159,131.84183
15160,131.84183
15161,32.591724
15162,32.591724
15163,32.591724
15164,32.591724
15165,32.591724
15166,32.591724
15167,32.591724
15168,32.591724
15169,32.591724
15170,32.591724
15171,88.99751
15172,88.99751
15173,88.99751
15174,88.99751
15175,88.99751
15176,88.99751
15177,88.99751
15178,88.99751
15179,88.99751
15180,88.99751
15181,77.34116
15182,77.34116
15183,77.34116
15184,77.34116
15185,77.34116
15186,77.34116
15187,77.34116
15188,77.34116
15189,77.34116
15190,77.34116
15191,114.34227
15192,114.34227
15193,114.34227
15194,114.34227
15195,114.34227
15196,114.34227
15197,114.34227
15198,114.34227
15199,114.34227
15200,114.34227
15201,68.69551
15202,68.69551
15203,68.69551
15204,68.69551
15205,68.69551
15206,68.69551
15207,68.69551
15208,68.69551
15209,68.69551
15210,68.69551
15211,99.62737
15212,99.62737
15213,99.62737
15214,99.62737
15215,99.62737
15216,99.62737
15217,99.62737
15218,99.62737
15219,99.62737
15220,99.62737
15221,81.11945
15222,81.11945
15223,81.11945
15224,81.11945
15225,81.11945
15226,81.11945
15227,81.11945
15228,81.11945
15229,81.11945
15230,81.11945
15231,63.441048
15232,63.441048
15233,63.441048
15234,63.441048
15235,63.441048
15236,63.441048
15237,63.441048
15238,63.441048
15239,63.441048
15240,63.441048
15241,93.920006
15242,93.920006
15243,93.920006
15244,93.920006
15245,93.920006
15246,93.920006
15247,93.920006
15248,93.920006
15249,93.920006
15250,93.920006
15251,81.923935
15252,81.923935
15253,81.923935
15254,81.923935
15255,81.923935
15256,81.923935
15257,81.923935
15258,81.923935
15259,81.923935
15260,81.923935
15261,90.65957
15262,90.65957
15263,90.65957
15264,90.65957
15265,90.65957
15266,90.65957
15267,90.65957
15268,90.65957
15269,90.65957
15270,90.65957
15271,89.107635
15272,89.107635
15273,89.107635
15274,89.107635
15275,89.107635
15276,89.107635
15277,89.107635
15278,89.107635
15279,89.107635
15280,89.107635
15281,58.715073
15282,58.715073
15283,58.715073
15284,58.715073
15285,58.715073
15286,58.715073
15287,58.715073
15288,58.715073
15289,58.715073
15290,58.715073
15291,89.98925
15292,89.98925
15293,89.98925
15294,89.98925
15295,89.98925
15296,89.98925
15297,89.98925
15298,89.98925
15299,89.98925
15300,89.98925
15301,77.73638
15302,77.73638
15303,77.73638
15304,77.73638
15305,77.73638
15306,77.73638
15307,77.73638
15308,77.73638
15309,77.73638
15310,77.73638
15311,66.00324
15312,66.00324
15313,66.00324
15314,66.00324
15315,66.00324
15316,66.00324
15317,66.00324
15318,66.00324
15319,66.00324
15320,66.00324
15321,99.682594
15322,99.682594
15323,99.682594
15324,99.682594
15325,99.682594
15326,99.682594
15327,99.682594
15328,99.682594
15329,99.682594
15330,99.682594
15331,89.99387
15332,89.99387
15333,89.99387
15334,89.99387
15335,89.99387
15336,89.99387
15337,89.99387
15338,89.99387
15339,89.99387
15340,89.99387
15341,95.272484
15342,95.272484
15343,95.272484
15344,95.272484
15345,95.272484
15346,95.272484
15347,95.272484
15348,95.272484
15349,95.272484
15350,95.272484
15351,110.69063
15352,110.69063
15353,110.69063
15354,110.69063
15355,110.69063
15356,110.69063
15357,110.69063
15358,110.69063
15359,110.69063
15360,110.69063
15361,123.445526
15362,123.445526
15363,123.445526
15364,123.445526
15365,123.445526
15366,123.445526
15367,123.445526
15368,123.445526
15369,123.445526
15370,123.445526
15371,83.99044
15372,83.99044
15373,83.99044
15374,83.99044
15375,83.99044
15376,83.99044
15377,83.99044
15378,83.99044
15379,83.99044
15380,83.99044
15381,126.71201
15382,126.71201
15383,126.71201
15384,126.71201
15385,126.71201
15386,126.71201
15387,126.71201
15388,126.71201
15389,126.71201
15390,126.71201
15391,99.712135
15392,99.712135
15393,99.712135
15394,99.712135
15395,99.712135
15396,99.712135
15397,99.712135
15398,99.712135
15399,99.712135
15400,99.712135
15401,55.994736
15402,55.994736
15403,55.994736
15404,55.994736
15405,55.994736
15406,55.994736
15407,55.994736
15408,55.994736
15409,55.994736
15410,55.994736
15411,106.41716
15412,106.41716
15413,106.41716
15414,106.41716
15415,106.41716
15416,106.41716
15417,106.41716
15418,106.41716
15419,106.41716
15420,106.41716
15421,106.42425
15422,106.42425
15423,106.42425
15424,106.42425
15425,106.42425
15426,106.42425
15427,106.42425
15428,106.42425
15429,106.42425
15430,106.42425
15431,69.526115
15432,69.526115
15433,69.526115
15434,69.526115
15435,69.526115
15436,69.526115
15437,69.526115
15438,69.526115
15439,69.526115
15440,69.526115
15441,70.99302
15442,70.99302
15443,70.99302
15444,70.99302
15445,70.99302
15446,70.99302
15447,70.99302
15448,70.99302
15449,70.99302
15450,70.99302
15451,81.86554
15452,81.86554
15453,81.86554
15454,81.86554
15455,81.86554
15456,81.86554
15457,81.86554
15458,81.86554
15459,81.86554
15460,81.86554
15461,81.07954
15462,81.07954
15463,81.07954
15464,81.07954
15465,81.07954
15466,81.07954
15467,81.07954
15468,81.07954
15469,81.07954
15470,81.07954
15471,96.66625
15472,96.66625
15473,96.66625
15474,96.66625
15475,96.66625
15476,96.66625
15477,96.66625
15478,96.66625
15479,96.66625
15480,96.66625
15481,82.15773
15482,82.15773
15483,82.15773
15484,82.15773
15485,82.15773
15486,82.15773
15487,82.15773
15488,82.15773
15489,82.15773
15490,82.15773
15491,76.29309
15492,76.29309
15493,76.29309
15494,76.29309
15495,76.29309
15496,76.29309
15497,76.29309
15498,76.29309
15499,76.29309
15500,76.29309
15501,77.199974
15502,77.199974
15503,77.199974
15504,77.199974
15505,77.199974
15506,77.199974
15507,77.199974
15508,77.199974
15509,77.199974
15510,77.199974
15511,64.94909
15512,64.94909
15513,64.94909
15514,64.94909
15515,64.94909
15516,64.94909
15517,64.94909
15518,135.40303
15519,135.40303
15520,135.40303
15521,37.15812
15522,37.15812
15523,37.15812
15524,37.15812
15525,37.15812
15526,37.15812
15527,37.15812
15528,37.15812
15529,37.15812
15530,37.15812
15531,70.25246
15532,70.25246
15533,70.25246
15534,70.25246
15535,70.25246
15536,70.25246
15537,70.25246
15538,70.25246
15539,70.25246
15540,70.25246
15541,89.0235
15542,89.0235
15543,89.0235
15544,89.0235
15545,89.0235
15546,89.0235
15547,89.0235
15548,89.0235
15549,89.0235
15550,89.0235
15551,61.94382
15552,61.94382
15553,61.94382
15554,61.94382
15555,61.94382
15556,61.94382
15557,61.94382
15558,61.94382
15559,61.94382
15560,61.94382
15561,84.54283
15562,84.54283
15563,84.54283
15564,84.54283
15565,84.54283
15566,84.54283
15567,84.54283
15568,84.54283
15569,154.66617
15570,154.66617
15571,20.254765
15572,20.254765
15573,20.254765
15574,20.254765
15575,20.254765
15576,20.254765
15577,20.254765
15578,20.254765
15579,20.254765
15580,20.254765
15581,70.30734
15582,70.30734
15583,70.30734
15584,70.30734
15585,70.30734
15586,70.30734
15587,70.30734
15588,70.30734
15589,70.30734
15590,70.30734
15591,90.99781
15592,90.99781
15593,90.99781
15594,90.99781
15595,90.99781
15596,90.99781
15597,90.99781
15598,90.99781
15599,90.99781
15600,90.99781
15601,147.43079
15602,147.43079
15603,147.43079
15604,147.43079
15605,147.43079
15606,147.43079
15607,147.43079
15608,147.43079
15609,147.43079
15610,147.43079
15611,80.21348
15612,80.21348
15613,80.21348
15614,80.21348
15615,80.21348
15616,80.21348
15617,80.21348
15618,80.21348
15619,80.21348
15620,80.21348
15621,88.0834
15622,88.0834
15623,88.0834
15624,88.0834
15625,88.0834
15626,88.0834
15627,88.0834
15628,88.0834
15629,88.0834
15630,88.0834
15631,89.10032
15632,89.10032
15633,89.10032
15634,89.10032
15635,89.10032
15636,89.10032
15637,89.10032
15638,89.10032
15639,89.10032
15640,89.10032
15641,79.63965
15642,79.63965
15643,79.63965
15644,79.63965
15645,79.63965
15646,79.63965
15647,79.63965
15648,79.63965
15649,79.63965
15650,79.63965
15651,69.36617
15652,69.36617
15653,69.36617
15654,69.36617
15655,69.36617
15656,69.36617
15657,69.36617
15658,69.36617
15659,69.36617
15660,69.36617
15661,82.014786
15662,82.014786
15663,82.014786
15664,82.014786
15665,82.014786
15666,82.014786
15667,82.014786
15668,82.014786
15669,82.014786
15670,82.014786
15671,78.17615
15672,78.17615
15673,78.17615
15674,78.17615
15675,78.17615
15676,78.17615
15677,142.39597
15678,142.39597
15679,142.39597
15680,142.39597
15681,26.236912
15682,26.236912
15683,26.236912
15684,26.236912
15685,26.236912
15686,26.236912
15687,26.236912
15688,26.236912
15689,26.236912
15690,26.236912
15691,86.01432
15692,86.01432
15693,86.01432
15694,86.01432
15695,86.01432
15696,86.01432
15697,86.01432
15698,86.01432
15699,152.45844
15700,152.45844
15701,18.012697
15702,18.012697
15703,18.012697
15704,18.012697
15705,18.012697
15706,18.012697
15707,18.012697
15708,18.012697
15709,18.012697
15710,18.012697
15711,113.94378
15712,113.94378
15713,113.94378
15714,113.94378
15715,113.94378
15716,113.94378
15717,113.94378
15718,113.94378
15719,113.94378
15720,113.94378
15721,81.202896
15722,81.202896
15723,81.202896
15724,81.202896
15725,81.202896
15726,81.202896
15727,81.202896
15728,81.202896
15729,81.202896
15730,81.202896
15731,92.45559
15732,92.45559
15733,92.45559
15734,92.45559
15735,92.45559
15736,92.45559
15737,92.45559
15738,92.45559
15739,92.45559
15740,92.45559
15741,78.63854
15742,78.63854
15743,78.63854
15744,78.63854
15745,78.63854
15746,78.63854
15747,78.63854
15748,78.63854
15749,78.63854
15750,78.63854
15751,85.681526
15752,85.681526
15753,85.681526
15754,85.681526
15755,85.681526
15756,85.681526
15757,85.681526
15758,85.681526
15759,85.681526
15760,85.681526
15761,101.64659
15762,101.64659
15763,101.64659
15764,101.64659
15765,101.64659
15766,101.64659
15767,101.64659
15768,101.64659
15769,101.64659
15770,101.64659
15771,100.542564
15772,100.542564
15773,100.542564
15774,100.542564
15775,100.542564
15776,100.542564
15777,100.542564
15778,100.542564
15779,100.542564
15780,100.542564
15781,91.592995
15782,91.592995
15783,91.592995
15784,91.592995
15785,91.592995
15786,91.592995
15787,91.592995
15788,91.592995
15789,91.592995
15790,91.592995
15791,79.61632
15792,79.61632
15793,79.61632
15794,79.61632
15795,79.61632
15796,79.61632
15797,79.61632
15798,79.61632
15799,79.61632
15800,79.61632
15801,71.19409
15802,71.19409
15803,71.19409
15804,71.19409
15805,71.19409
15806,71.19409
15807,71.19409
15808,71.19409
15809,71.19409
15810,71.19409
15811,103.8182
15812,103.8182
15813,103.8182
15814,103.8182
15815,103.8182
15816,103.8182
15817,103.8182
15818,103.8182
15819,103.8182
15820,103.8182
15821,97.27378
15822,97.27378
15823,97.27378
15824,97.27378
15825,97.27378
15826,97.27378
15827,97.27378
15828,97.27378
15829,97.27378
15830,97.27378
15831,72.51972
15832,72.51972
15833,72.51972
15834,72.51972
15835,72.51972
15836,72.51972
15837,72.51972
15838,72.51972
15839,72.51972
15840,72.51972
15841,103.13997
15842,103.13997
15843,103.13997
15844,103.13997
15845,103.13997
15846,103.13997
15847,103.13997
15848,103.13997
15849,103.13997
15850,103.13997
15851,85.74102
15852,85.74102
15853,85.74102
15854,85.74102
15855,85.74102
15856,85.74102
15857,85.74102
15858,85.74102
15859,85.74102
15860,85.74102
15861,93.65928
15862,93.65928
15863,93.65928
15864,93.65928
15865,93.65928
15866,93.65928
15867,93.65928
15868,93.65928
15869,93.65928
15870,93.65928
15871,74.62442
15872,74.62442
15873,74.62442
15874,74.62442
15875,74.62442
15876,74.62442
15877,74.62442
15878,74.62442
15879,74.62442
15880,74.62442
15881,74.89312
15882,74.89312
15883,74.89312
15884,74.89312
15885,74.89312
15886,74.89312
15887,74.89312
15888,74.89312
15889,74.89312
15890,74.89312
15891,93.19821
15892,93.19821
15893,93.19821
15894,93.19821
15895,93.19821
15896,93.19821
15897,93.19821
15898,93.19821
15899,93.19821
15900,93.19821
15901,67.06835
15902,67.06835
15903,67.06835
15904,67.06835
15905,67.06835
15906,67.06835
15907,67.06835
15908,67.06835
15909,67.06835
15910,67.06835
15911,109.89231
15912,109.89231
15913,109.89231
15914,109.89231
15915,109.89231
15916,109.89231
15917,109.89231
15918,109.89231
15919,109.89231
15920,109.89231
15921,80.7808
15922,80.7808
15923,80.7808
15924,80.7808
15925,80.7808
15926,80.7808
15927,80.7808
15928,80.7808
15929,80.7808
15930,80.7808
15931,103.804504
15932,103.804504
15933,103.804504
15934,103.804504
15935,103.804504
15936,103.804504
15937,103.804504
15938,103.804504
15939,103.804504
15940,103.804504
15941,92.01562
15942,92.01562
15943,92.01562
15944,92.01562
15945,92.01562
15946,92.01562
15947,92.01562
15948,92.01562
15949,92.01562
15950,92.01562
15951,110.19059
15952,110.19059
15953,110.19059
15954,110.19059
15955,110.19059
15956,110.19059
15957,110.19059
15958,110.19059
15959,110.19059
15960,110.19059
15961,66.60568
15962,66.60568
15963,66.60568
15964,66.60568
15965,66.60568
15966,66.60568
15967,66.60568
15968,66.60568
15969,66.60568
15970,66.60568
15971,77.4073
15972,77.4073
15973,77.4073
15974,77.4073
15975,77.4073
15976,77.4073
15977,77.4073
15978,77.4073
15979,77.4073
15980,77.4073
15981,89.32562
15982,89.32562
15983,89.32562
15984,89.32562
15985,89.32562
15986,89.32562
15987,89.32562
15988,89.32562
15989,89.32562
15990,89.32562
15991,83.79425
15992,83.79425
15993,83.79425
15994,83.79425
15995,83.79425
15996,83.79425
15997,83.79425
15998,83.79425
15999,83.79425
16000,83.79425
16001,66.83159
16002,66.83159
16003,66.83159
16004,66.83159
16005,66.83159
16006,66.83159
16007,66.83159
16008,66.83159
16009,66.83159
16010,66.83159
16011,105.42476
16012,105.42476
16013,105.42476
16014,105.42476
16015,105.42476
16016,105.42476
16017,105.42476
16018,105.42476
16019,105.42476
16020,105.42476
16021,86.86527
16022,86.86527
16023,86.86527
16024,86.86527
16025,86.86527
16026,86.86527
16027,86.86527
16028,86.86527
16029,86.86527
16030,86.86527
16031,94.52222
16032,94.52222
16033,94.52222
16034,94.52222
16035,94.52222
16036,94.52222
16037,94.52222
16038,94.52222
16039,94.52222
16040,94.52222
16041,87.79695
16042,87.79695
16043,87.79695
16044,87.79695
16045,87.79695
16046,87.79695
16047,87.79695
16048,87.79695
16049,87.79695
16050,87.79695
16051,88.9908
16052,88.9908
16053,88.9908
16054,88.9908
16055,88.9908
16056,88.9908
16057,88.9908
16058,88.9908
16059,88.9908
16060,88.9908
16061,118.535645
16062,118.535645
16063,118.535645
16064,118.535645
16065,118.535645
16066,118.535645
16067,118.535645
16068,118.535645
16069,118.535645
16070,118.535645
16071,86.047104
16072,86.047104
16073,86.047104
16074,86.047104
16075,86.047104
16076,86.047104
16077,86.047104
16078,86.047104
16079,86.047104
16080,136.4576
16081,11.5695505
16082,11.5695505
16083,11.5695505
16084,11.5695505
16085,11.5695505
16086,11.5695505
16087,11.5695505
16088,11.5695505
16089,11.5695505
16090,11.5695505
16091,82.87816
16092,82.87816
16093,82.87816
16094,82.87816
16095,82.87816
16096,82.87816
16097,82.87816
16098,82.87816
16099,82.87816
16100,82.87816
16101,115.59087
16102,115.59087
16103,115.59087
16104,115.59087
16105,115.59087
16106,115.59087
16107,115.59087
16108,119.80753
16109,119.80753
16110,119.80753
16111,27.94965
16112,27.94965
16113,27.94965
16114,27.94965
16115,27.94965
16116,27.94965
16117,27.94965
16118,27.94965
16119,27.94965
16120,27.94965
16121,68.238495
16122,68.238495
16123,68.238495
16124,68.238495
16125,68.238495
16126,68.238495
16127,68.238495
16128,68.238495
16129,68.238495
16130,68.238495
16131,89.937675
16132,89.937675
16133,89.937675
16134,89.937675
16135,89.937675
16136,89.937675
16137,89.937675
16138,89.937675
16139,89.937675
16140,89.937675
16141,120.63957
16142,120.63957
16143,120.63957
16144,120.63957
16145,120.63957
16146,120.63957
16147,120.63957
16148,120.63957
16149,120.63957
16150,120.63957
16151,70.662994
16152,70.662994
16153,70.662994
16154,70.662994
16155,70.662994
16156,70.662994
16157,70.662994
16158,70.662994
16159,70.662994
16160,70.662994
16161,82.63824
16162,82.63824
16163,82.63824
16164,82.63824
16165,82.63824
16166,82.63824
16167,82.63824
16168,82.63824
16169,82.63824
16170,82.63824
16171,65.5739
16172,65.5739
16173,65.5739
16174,65.5739
16175,65.5739
16176,65.5739
16177,65.5739
16178,65.5739
16179,65.5739
16180,65.5739
16181,99.638885
16182,99.638885
16183,99.638885
16184,99.638885
16185,99.638885
16186,99.638885
16187,99.638885
16188,99.638885
16189,99.638885
16190,99.638885
16191,100.94243
16192,100.94243
16193,100.94243
16194,100.94243
16195,100.94243
16196,100.94243
16197,100.94243
16198,100.94243
16199,100.94243
16200,100.94243
16201,79.305046
16202,79.305046
16203,79.305046
16204,79.305046
16205,79.305046
16206,79.305046
16207,79.305046
16208,79.305046
16209,79.305046
16210,79.305046
16211,106.47013
16212,106.47013
16213,106.47013
16214,106.47013
16215,106.47013
16216,106.47013
16217,106.47013
16218,106.47013
16219,106.47013
16220,106.47013
16221,64.88346
16222,64.88346
16223,64.88346
16224,64.88346
16225,64.88346
16226,64.88346
16227,64.88346
16228,64.88346
16229,64.88346
16230,64.88346
16231,77.05882
16232,77.05882
16233,77.05882
16234,77.05882
16235,77.05882
16236,77.05882
16237,77.05882
16238,77.05882
16239,77.05882
16240,77.05882
16241,89.57448
16242,89.57448
16243,89.57448
16244,89.57448
16245,89.57448
16246,89.57448
16247,89.57448
16248,89.57448
16249,89.57448
16250,89.57448
16251,67.57266
16252,67.57266
16253,67.57266
16254,67.57266
16255,67.57266
16256,67.57266
16257,67.57266
16258,67.57266
16259,67.57266
16260,67.57266
16261,90.48982
16262,90.48982
16263,90.48982
16264,90.48982
16265,90.48982
16266,90.48982
16267,90.48982
16268,90.48982
16269,90.48982
16270,90.48982
16271,96.04931
16272,96.04931
16273,96.04931
16274,96.04931
16275,96.04931
16276,96.04931
16277,96.04931
16278,96.04931
16279,96.04931
16280,96.04931
16281,75.10395
16282,75.10395
16283,75.10395
16284,75.10395
16285,75.10395
16286,75.10395
16287,75.10395
16288,75.10395
16289,75.10395
16290,75.10395
16291,105.28511
16292,105.28511
16293,105.28511
16294,105.28511
16295,105.28511
16296,105.28511
16297,105.28511
16298,105.28511
16299,105.28511
16300,105.28511
16301,78.53305
16302,78.53305
16303,78.53305
16304,78.53305
16305,78.53305
16306,78.53305
16307,78.53305
16308,78.53305
16309,78.53305
16310,78.53305
16311,86.05772
16312,86.05772
16313,86.05772
16314,86.05772
16315,86.05772
16316,86.05772
16317,86.05772
16318,86.05772
16319,86.05772
16320,86.05772
16321,98.20633
16322,98.20633
16323,98.20633
16324,98.20633
16325,98.20633
16326,98.20633
16327,98.20633
16328,98.20633
16329,98.20633
16330,98.20633
16331,84.31704
16332,84.31704
16333,84.31704
16334,84.31704
16335,84.31704
16336,84.31704
16337,84.31704
16338,84.31704
16339,84.31704
16340,84.31704
16341,85.43918
16342,85.43918
16343,85.43918
16344,85.43918
16345,85.43918
16346,85.43918
16347,85.43918
16348,85.43918
16349,85.43918
16350,85.43918
16351,91.85024
16352,91.85024
16353,91.85024
16354,91.85024
16355,91.85024
16356,91.85024
16357,91.85024
16358,91.85024
16359,91.85024
16360,91.85024
16361,72.81155
16362,72.81155
16363,72.81155
16364,72.81155
16365,72.81155
16366,72.81155
16367,72.81155
16368,72.81155
16369,72.81155
16370,72.81155
16371,70.52946
16372,72.60092
16373,72.60092
16374,72.60092
16375,72.60092
16376,120.556335
16377,120.556335
16378,120.556335
16379,120.556335
16380,120.556335
16381,40.312393
16382,40.312393
16383,40.312393
16384,40.312393
16385,40.312393
16386,40.312393
16387,40.312393
16388,40.312393
16389,40.312393
16390,40.312393
16391,91.754845
16392,91.754845
16393,91.754845
16394,91.754845
16395,91.754845
16396,91.754845
16397,91.754845
16398,91.754845
16399,91.754845
16400,91.754845
16401,133.44955
16402,133.44955
16403,133.44955
16404,133.44955
16405,133.44955
16406,133.44955
16407,133.44955
16408,133.44955
16409,133.44955
16410,133.44955
16411,124.32855
16412,124.32855
16413,124.32855
16414,124.32855
16415,124.32855
16416,124.32855
16417,124.32855
16418,124.32855
16419,124.32855
16420,124.32855
16421,99.08877
16422,99.08877
16423,99.08877
16424,99.08877
16425,99.08877
16426,99.08877
16427,99.08877
16428,99.08877
16429,99.08877
16430,99.08877
16431,130.63097
16432,130.63097
16433,130.63097
16434,130.63097
16435,130.63097
16436,130.63097
16437,130.63097
16438,130.63097
16439,130.63097
16440,130.63097
16441,88.90997
16442,88.90997
16443,88.90997
16444,88.90997
16445,88.90997
16446,88.90997
16447,88.90997
16448,88.90997
16449,88.90997
16450,88.90997
16451,81.89255
16452,81.89255
16453,81.89255
16454,81.89255
16455,81.89255
16456,81.89255
16457,81.89255
16458,81.89255
16459,81.89255
16460,81.89255
16461,131.33263
16462,131.33263
16463,131.33263
16464,131.33263
16465,131.33263
16466,131.33263
16467,131.33263
16468,131.33263
16469,131.33263
16470,131.33263
16471,64.26032
16472,64.26032
16473,64.26032
16474,64.26032
16475,64.26032
16476,64.26032
16477,64.26032
16478,64.26032
16479,64.26032
16480,64.26032
16481,90.14781
16482,90.14781
16483,90.14781
16484,90.14781
16485,90.14781
16486,90.14781
16487,90.14781
16488,90.14781
16489,90.14781
16490,90.14781
16491,77.66261
16492,77.66261
16493,77.66261
16494,77.66261
16495,77.66261
16496,77.66261
16497,77.66261
16498,77.66261
16499,77.66261
16500,77.66261
16501,75.18273
16502,75.18273
16503,75.18273
16504,75.18273
16505,75.18273
16506,75.18273
16507,75.18273
16508,75.18273
16509,75.18273
16510,75.18273
16511,116.550835
16512,116.550835
16513,116.550835
16514,116.550835
16515,116.550835
16516,116.550835
16517,116.550835
16518,116.550835
16519,116.550835
16520,116.550835
16521,91.5562
16522,91.5562
16523,91.5562
16524,91.5562
16525,91.5562
16526,91.5562
16527,91.5562
16528,91.5562
16529,91.5562
16530,91.5562
16531,92.019005
16532,92.019005
16533,92.019005
16534,92.019005
16535,92.019005
16536,92.019005
16537,92.019005
16538,92.019005
16539,92.019005
16540,92.019005
16541,75.11486
16542,75.11486
16543,75.11486
16544,75.11486
16545,75.11486
16546,75.11486
16547,75.11486
16548,75.11486
16549,75.11486
16550,75.11486
16551,101.55059
16552,101.55059
16553,101.55059
16554,101.55059
16555,101.55059
16556,101.55059
16557,101.55059
16558,101.55059
16559,101.55059
16560,101.55059
16561,85.43993
16562,85.43993
16563,85.43993
16564,85.43993
16565,85.43993
16566,85.43993
16567,85.43993
16568,85.43993
16569,85.43993
16570,85.43993
16571,108.815605
16572,108.815605
16573,108.815605
16574,108.815605
16575,108.815605
16576,108.815605
16577,108.815605
16578,108.815605
16579,108.815605
16580,108.815605
16581,67.28654
16582,67.28654
16583,67.28654
16584,67.28654
16585,67.28654
16586,67.28654
16587,67.28654
16588,67.28654
16589,67.28654
16590,67.28654
16591,74.74723
16592,74.74723
16593,74.74723
16594,74.74723
16595,74.74723
16596,74.74723
16597,74.74723
16598,74.74723
16599,74.74723
16600,74.74723
16601,85.48618
16602,85.48618
16603,85.48618
16604,85.48618
16605,85.48618
16606,85.48618
16607,85.48618
16608,85.48618
16609,85.48618
16610,85.48618
16611,74.477615
16612,74.477615
16613,74.477615
16614,74.477615
16615,74.477615
16616,74.477615
16617,74.477615
16618,74.477615
16619,74.477615
16620,74.477615
16621,82.30164
16622,82.30164
16623,82.30164
16624,82.30164
16625,82.30164
16626,82.30164
16627,82.30164
16628,82.30164
16629,82.30164
16630,82.30164
16631,85.98121
16632,85.98121
16633,85.98121
16634,85.98121
16635,85.98121
16636,85.98121
16637,85.98121
16638,85.98121
16639,85.98121
16640,85.98121
16641,88.863785
16642,88.863785
16643,88.863785
16644,88.863785
16645,88.863785
16646,88.863785
16647,88.863785
16648,88.863785
16649,88.863785
16650,88.863785
16651,103.84247
16652,103.84247
16653,103.84247
16654,103.84247
16655,103.84247
16656,103.84247
16657,99.15127
16658,99.15127
16659,99.15127
16660,99.15127
16661,41.159374
16662,41.159374
16663,41.159374
16664,41.159374
16665,41.159374
16666,41.159374
16667,41.159374
16668,41.159374
16669,41.159374
16670,41.159374
16671,72.999725
16672,72.999725
16673,72.999725
16674,72.999725
16675,72.999725
16676,72.999725
16677,72.999725
16678,72.999725
16679,72.999725
16680,72.999725
16681,102.8965
16682,102.8965
16683,102.8965
16684,102.8965
16685,102.8965
16686,102.8965
16687,102.8965
16688,102.8965
16689,102.8965
16690,102.8965
16691,78.97566
16692,78.97566
16693,78.97566
16694,78.97566
16695,78.97566
16696,78.97566
16697,78.97566
16698,78.97566
16699,78.97566
16700,78.97566
16701,99.40248
16702,99.40248
16703,99.40248
16704,99.40248
16705,99.40248
16706,99.40248
16707,99.40248
16708,99.40248
16709,99.40248
16710,99.40248
16711,83.6303
16712,83.6303
16713,83.6303
16714,83.6303
16715,83.6303
16716,83.6303
16717,83.6303
16718,83.6303
16719,83.6303
16720,83.6303
16721,93.205055
16722,93.205055
16723,93.205055
16724,93.205055
16725,93.205055
16726,93.205055
16727,93.205055
16728,93.205055
16729,93.205055
16730,93.205055
16731,85.28247
16732,85.28247
16733,85.28247
16734,85.28247
16735,85.28247
16736,85.28247
16737,85.28247
16738,85.28247
16739,85.28247
16740,85.28247
16741,71.570175
16742,71.570175
16743,71.570175
16744,71.570175
16745,71.570175
16746,71.570175
16747,71.570175
16748,71.570175
16749,71.570175
16750,71.570175
16751,95.56193
16752,95.56193
16753,95.56193
16754,95.56193
16755,95.56193
16756,95.56193
16757,95.56193
16758,95.56193
16759,95.56193
16760,95.56193
16761,94.12295
16762,94.12295
16763,94.12295
16764,94.12295
16765,94.12295
16766,94.12295
16767,94.12295
16768,94.12295
16769,94.12295
16770,94.12295
16771,126.30948
16772,126.30948
16773,126.30948
16774,126.30948
16775,126.30948
16776,126.30948
16777,126.30948
16778,126.30948
16779,126.30948
16780,126.30948
16781,119.615295
16782,119.615295
16783,119.615295
16784,119.615295
16785,119.615295
16786,119.615295
16787,119.615295
16788,119.615295
16789,119.615295
16790,119.615295
16791,85.241905
16792,85.241905
16793,85.241905
16794,85.241905
16795,85.241905
16796,85.241905
16797,85.241905
16798,85.241905
16799,85.241905
16800,85.241905
16801,98.91821
16802,98.91821
16803,98.91821
16804,98.91821
16805,98.91821
16806,98.91821
16807,98.91821
16808,98.91821
16809,98.91821
16810,98.91821
16811,88.0032
16812,88.0032
16813,88.0032
16814,88.0032
16815,88.0032
16816,88.0032
16817,88.0032
16818,88.0032
16819,88.0032
16820,88.0032
16821,135.50061
16822,135.50061
16823,86.36629
16824,86.36629
16825,86.36629
16826,86.36629
16827,86.36629
16828,86.36629
16829,86.36629
16830,86.36629
16831,82.06334
16832,82.06334
16833,82.06334
16834,82.06334
16835,82.06334
16836,82.06334
16837,82.06334
16838,82.06334
16839,82.06334
16840,82.06334
16841,73.6125
16842,73.6125
16843,73.6125
16844,73.6125
16845,73.6125
16846,73.6125
16847,73.6125
16848,73.6125
16849,73.6125
16850,73.6125
16851,85.48191
16852,85.48191
16853,85.48191
16854,85.48191
16855,85.48191
16856,85.48191
16857,85.48191
16858,85.48191
16859,85.48191
16860,85.48191
16861,91.42374
16862,91.42374
16863,91.42374
16864,91.42374
16865,91.42374
16866,91.42374
16867,91.42374
16868,91.42374
16869,91.42374
16870,91.42374
16871,72.43143
16872,72.43143
16873,72.43143
16874,72.43143
16875,72.43143
16876,88.16371
16877,88.16371
16878,88.16371
16879,88.16371
16880,88.16371
16881,52.26583
16882,52.26583
16883,52.26583
16884,52.26583
16885,52.26583
16886,52.26583
16887,52.26583
16888,52.26583
16889,52.26583
16890,52.26583
16891,90.66254
16892,90.66254
16893,90.66254
16894,90.66254
16895,90.66254
16896,90.66254
16897,90.66254
16898,90.66254
16899,90.66254
16900,90.66254
16901,93.01104
16902,93.01104
16903,93.01104
16904,93.01104
16905,93.01104
16906,93.01104
16907,93.01104
16908,93.01104
16909,93.01104
16910,93.01104
16911,100.59396
16912,100.59396
16913,100.59396
16914,100.59396
16915,100.59396
16916,100.59396
16917,100.59396
16918,100.59396
16919,100.59396
16920,100.59396
16921,80.34522
16922,80.34522
16923,80.34522
16924,80.34522
16925,80.34522
16926,80.34522
16927,80.34522
16928,80.34522
16929,80.34522
16930,80.34522
16931,94.398895
16932,94.398895
16933,94.398895
16934,94.398895
16935,94.398895
16936,94.398895
16937,94.398895
16938,94.398895
16939,94.398895
16940,94.398895
16941,75.98693
16942,75.98693
16943,75.98693
16944,75.98693
16945,75.98693
16946,75.98693
16947,75.98693
16948,75.98693
16949,75.98693
16950,75.98693
16951,87.2466
16952,87.2466
16953,87.2466
16954,87.2466
16955,87.2466
16956,87.2466
16957,87.2466
16958,87.2466
16959,87.2466
16960,87.2466
16961,114.43833
16962,114.43833
16963,114.43833
16964,114.43833
16965,114.43833
16966,114.43833
16967,114.43833
16968,114.43833
16969,114.43833
16970,114.43833
16971,99.322876
16972,99.322876
16973,99.322876
16974,99.322876
16975,99.322876
16976,99.322876
16977,99.322876
16978,99.322876
16979,99.322876
16980,99.322876
16981,76.174995
16982,76.174995
16983,76.174995
16984,76.174995
16985,76.174995
16986,76.174995
16987,76.174995
16988,76.174995
16989,76.174995
16990,76.174995
16991,85.95372
16992,85.95372
16993,85.95372
16994,85.95372
16995,85.95372
16996,85.95372
16997,85.95372
16998,85.95372
16999,85.95372
17000,85.95372
17001,82.9495
17002,82.9495
17003,82.9495
17004,82.9495
17005,82.9495
17006,82.9495
17007,82.9495
17008,82.9495
17009,82.9495
17010,82.9495
17011,88.34463
17012,88.34463
17013,88.34463
17014,88.34463
17015,88.34463
17016,88.34463
17017,88.34463
17018,88.34463
17019,88.34463
17020,88.34463
17021,86.15005
17022,86.15005
17023,86.15005
17024,86.15005
17025,86.15005
17026,86.15005
17027,86.15005
17028,86.15005
17029,86.15005
17030,86.15005
17031,133.26944
17032,133.26944
17033,133.26944
17034,133.26944
17035,133.26944
17036,133.26944
17037,133.26944
17038,133.26944
17039,133.26944
17040,133.26944
17041,77.60128
17042,77.60128
17043,77.60128
17044,77.60128
17045,77.60128
17046,77.60128
17047,77.60128
17048,77.60128
17049,77.60128
17050,77.60128
17051,88.26589
17052,88.26589
17053,88.26589
17054,88.26589
17055,88.26589
17056,88.26589
17057,88.26589
17058,88.26589
17059,88.26589
17060,88.26589
17061,98.69793
17062,98.69793
17063,98.69793
17064,98.69793
17065,98.69793
17066,98.69793
17067,98.69793
17068,98.69793
17069,98.69793
17070,98.69793
17071,109.8096
17072,109.8096
17073,109.8096
17074,109.8096
17075,109.8096
17076,109.8096
17077,109.8096
17078,109.8096
17079,109.8096
17080,109.8096
17081,102.226395
17082,102.226395
17083,102.226395
17084,102.226395
17085,102.226395
17086,102.226395
17087,102.226395
17088,102.226395
17089,102.226395
17090,102.226395
17091,79.44112
17092,79.44112
17093,79.44112
17094,79.44112
17095,79.44112
17096,79.44112
17097,79.44112
17098,79.44112
17099,79.44112
17100,79.44112
17101,81.59878
17102,81.59878
17103,81.59878
17104,81.59878
17105,81.59878
17106,81.59878
17107,81.59878
17108,81.59878
17109,81.59878
17110,81.59878
17111,80.3249
17112,80.3249
17113,80.3249
17114,80.3249
17115,80.3249
17116,80.3249
17117,80.3249
17118,80.3249
17119,80.3249
17120,80.3249
17121,90.04396
17122,90.04396
17123,90.04396
17124,90.04396
17125,90.04396
17126,90.04396
17127,90.04396
17128,90.04396
17129,90.04396
17130,90.04396
17131,130.27846
17132,130.27846
17133,130.27846
17134,130.27846
17135,130.27846
17136,130.27846
17137,130.27846
17138,130.27846
17139,130.27846
17140,130.27846
17141,143.5687
17142,143.5687
17143,143.5687
17144,143.5687
17145,143.5687
17146,110.051476
17147,110.051476
17148,110.051476
17149,110.051476
17150,110.051476
17151,52.03639
17152,52.03639
17153,52.03639
17154,52.03639
17155,52.03639
17156,52.03639
17157,52.03639
17158,52.03639
17159,52.03639
17160,52.03639
17161,123.57081
17162,123.57081
17163,123.57081
17164,123.57081
17165,123.57081
17166,123.57081
17167,123.57081
17168,123.57081
17169,123.57081
17170,123.57081
17171,88.33173
17172,88.33173
17173,88.33173
17174,88.33173
17175,88.33173
17176,88.33173
17177,88.33173
17178,88.33173
17179,88.33173
17180,88.33173
17181,88.600266
17182,88.600266
17183,88.600266
17184,88.600266
17185,88.600266
17186,88.600266
17187,88.600266
17188,88.600266
17189,88.600266
17190,88.600266
17191,111.5197
17192,111.5197
17193,111.5197
17194,111.5197
17195,111.5197
17196,111.5197
17197,111.5197
17198,111.5197
17199,111.5197
17200,111.5197
17201,88.509026
17202,88.509026
17203,88.509026
17204,88.509026
17205,88.509026
17206,88.509026
17207,88.509026
17208,88.509026
17209,88.509026
17210,88.509026
17211,69.54775
17212,69.54775
17213,69.54775
17214,69.54775
17215,69.54775
17216,69.54775
17217,69.54775
17218,69.54775
17219,69.54775
17220,69.54775
17221,83.02318
17222,83.02318
17223,83.02318
17224,83.02318
17225,83.02318
17226,83.02318
17227,83.02318
17228,83.02318
17229,83.02318
17230,83.02318
17231,70.8334
17232,70.8334
17233,70.8334
17234,70.8334
17235,70.8334
17236,70.8334
17237,70.8334
17238,70.8334
17239,70.8334
17240,70.8334
17241,98.84474
17242,98.84474
17243,98.84474
17244,98.84474
17245,98.84474
17246,98.84474
17247,98.84474
17248,98.84474
17249,98.84474
17250,98.84474
17251,94.95624
17252,94.95624
17253,94.95624
17254,94.95624
17255,94.95624
17256,94.95624
17257,94.95624
17258,94.95624
17259,94.95624
17260,94.95624
17261,67.65839
17262,67.65839
17263,67.65839
17264,67.65839
17265,67.65839
17266,67.65839
17267,67.65839
17268,67.65839
17269,67.65839
17270,67.65839
17271,84.07125
17272,84.07125
17273,84.07125
17274,84.07125
17275,84.07125
17276,84.07125
17277,84.07125
17278,84.07125
17279,84.07125
17280,84.07125
17281,76.965065
17282,76.965065
17283,76.965065
17284,76.965065
17285,94.71075
17286,94.71075
17287,94.71075
17288,94.71075
17289,95.42669
17290,95.42669
17291,13.032594
17292,13.032594
17293,13.032594
17294,13.032594
17295,13.032594
17296,13.032594
17297,13.032594
17298,13.032594
17299,13.032594
17300,13.032594
17301,84.17452
17302,84.17452
17303,84.17452
17304,84.17452
17305,84.17452
17306,84.17452
17307,84.17452
17308,84.17452
17309,84.17452
17310,84.17452
17311,75.73066
17312,75.73066
17313,75.73066
17314,75.73066
17315,75.73066
17316,75.73066
17317,75.73066
17318,75.73066
17319,75.73066
17320,75.73066
17321,71.26291
17322,71.26291
17323,71.26291
17324,71.26291
17325,71.26291
17326,71.26291
17327,71.26291
17328,71.26291
17329,71.26291
17330,71.26291
17331,82.551796
17332,82.551796
17333,82.551796
17334,82.551796
17335,82.551796
17336,82.551796
17337,82.551796
17338,82.551796
17339,82.551796
17340,82.551796
17341,84.36385
17342,84.36385
17343,84.36385
17344,84.36385
17345,84.36385
17346,84.36385
17347,84.36385
17348,84.36385
17349,84.36385
17350,84.36385
17351,92.28741
17352,92.28741
17353,92.28741
17354,92.28741
17355,92.28741
17356,92.28741
17357,92.28741
17358,92.28741
17359,92.28741
17360,92.28741
17361,77.55138
17362,77.55138
17363,77.55138
17364,77.55138
17365,77.55138
17366,77.55138
17367,77.55138
17368,77.55138
17369,77.55138
17370,77.55138
17371,71.37774
17372,71.37774
17373,71.37774
17374,71.37774
17375,71.37774
17376,71.37774
17377,71.37774
17378,71.37774
17379,71.37774
17380,71.37774
17381,79.36598
17382,79.36598
17383,79.36598
17384,79.36598
17385,79.36598
17386,79.36598
17387,79.36598
17388,79.36598
17389,79.36598
17390,79.36598
17391,126.377846
17392,126.377846
17393,126.377846
17394,126.377846
17395,126.377846
17396,126.377846
17397,126.377846
17398,126.377846
17399,126.377846
17400,126.377846
17401,72.2993
17402,72.2993
17403,72.2993
17404,72.2993
17405,72.2993
17406,72.2993
17407,72.2993
17408,72.2993
17409,72.2993
17410,72.2993
17411,82.757545
17412,82.757545
17413,82.757545
17414,82.757545
17415,82.757545
17416,82.757545
17417,82.757545
17418,82.757545
17419,82.757545
17420,82.757545
17421,62.61846
17422,62.61846
17423,62.61846
17424,62.61846
17425,62.61846
17426,62.61846
17427,62.61846
17428,62.61846
17429,62.61846
17430,62.61846
17431,97.02698
17432,97.02698
17433,97.02698
17434,97.02698
17435,97.02698
17436,97.02698
17437,97.02698
17438,97.02698
17439,97.02698
17440,97.02698
17441,79.08762
17442,79.08762
17443,79.08762
17444,79.08762
17445,79.08762
17446,79.08762
17447,79.08762
17448,79.08762
17449,79.08762
17450,79.08762
17451,69.95462
17452,69.95462
17453,69.95462
17454,69.95462
17455,69.95462
17456,69.95462
17457,69.95462
17458,69.95462
17459,69.95462
17460,69.95462
17461,85.83866
17462,85.83866
17463,85.83866
17464,85.83866
17465,85.83866
17466,85.83866
17467,85.83866
17468,85.83866
17469,85.83866
17470,85.83866
17471,73.05088
17472,73.05088
17473,73.05088
17474,73.05088
17475,73.05088
17476,73.05088
17477,73.05088
17478,73.05088
17479,73.05088
17480,73.05088
17481,66.1051
17482,66.1051
17483,66.1051
17484,66.1051
17485,66.1051
17486,66.1051
17487,66.1051
17488,66.1051
17489,66.1051
17490,66.1051
17491,98.358536
17492,98.358536
17493,98.358536
17494,98.358536
17495,98.358536
17496,98.358536
17497,98.358536
17498,98.358536
17499,98.358536
17500,98.358536
17501,95.26963
17502,95.26963
17503,95.26963
17504,95.26963
17505,95.26963
17506,95.26963
17507,95.26963
17508,95.26963
17509,95.26963
17510,95.26963
17511,107.937805
17512,107.937805
17513,107.937805
17514,107.937805
17515,107.937805
17516,107.937805
17517,107.937805
17518,107.937805
17519,107.937805
17520,107.937805
17521,56.442554
17522,56.442554
17523,56.442554
17524,56.442554
17525,56.442554
17526,56.442554
17527,56.442554
17528,56.442554
17529,56.442554
17530,56.442554
17531,76.447624
17532,76.447624
17533,76.447624
17534,76.447624
17535,76.447624
17536,76.447624
17537,76.447624
17538,76.447624
17539,76.447624
17540,76.447624
17541,94.40706
17542,94.40706
17543,94.40706
17544,94.40706
17545,94.40706
17546,94.40706
17547,94.40706
17548,94.40706
17549,94.40706
17550,94.40706
17551,90.142555
17552,90.142555
17553,90.142555
17554,90.142555
17555,90.142555
17556,90.142555
17557,90.142555
17558,90.142555
17559,90.142555
17560,90.142555
17561,111.560616
17562,111.560616
17563,111.560616
17564,111.560616
17565,111.560616
17566,111.560616
17567,111.560616
17568,111.560616
17569,111.560616
17570,111.560616
17571,79.0034
17572,79.0034
17573,79.0034
17574,79.0034
17575,79.0034
17576,79.0034
17577,79.0034
17578,79.0034
17579,79.0034
17580,79.0034
17581,93.04403
17582,93.04403
17583,93.04403
17584,93.04403
17585,93.04403
17586,93.04403
17587,93.04403
17588,93.04403
17589,93.04403
17590,93.04403
17591,87.00436
17592,87.00436
17593,87.00436
17594,87.00436
17595,87.00436
17596,87.00436
17597,87.00436
17598,87.00436
17599,87.00436
17600,87.00436
17601,129.13765
17602,129.13765
17603,129.13765
17604,129.13765
17605,129.13765
17606,129.13765
17607,129.13765
17608,129.13765
17609,129.13765
17610,129.13765
17611,67.01726
17612,67.01726
17613,67.01726
17614,67.01726
17615,67.01726
17616,67.01726
17617,67.01726
17618,67.01726
17619,67.01726
17620,67.01726
17621,90.23484
17622,90.23484
17623,90.23484
17624,90.23484
17625,90.23484
17626,90.23484
17627,90.23484
17628,90.23484
17629,90.23484
17630,90.23484
17631,61.944954
17632,61.944954
17633,61.944954
17634,61.944954
17635,61.944954
17636,61.944954
17637,61.944954
17638,61.944954
17639,61.944954
17640,61.944954
17641,86.4499
17642,86.4499
17643,86.4499
17644,86.4499
17645,86.4499
17646,86.4499
17647,86.4499
17648,86.4499
17649,86.4499
17650,86.4499
17651,98.66472
17652,98.66472
17653,98.66472
17654,98.66472
17655,98.66472
17656,98.66472
17657,98.66472
17658,98.66472
17659,98.66472
17660,98.66472
17661,95.19061
17662,95.19061
17663,95.19061
17664,95.19061
17665,95.19061
17666,95.19061
17667,95.19061
17668,95.19061
17669,95.19061
17670,95.19061
17671,78.17118
17672,78.17118
17673,78.17118
17674,78.17118
17675,78.17118
17676,78.17118
17677,78.17118
17678,78.17118
17679,78.17118
17680,78.17118
17681,104.379036
17682,104.379036
17683,104.379036
17684,104.379036
17685,104.379036
17686,104.379036
17687,104.379036
17688,104.379036
17689,104.379036
17690,104.379036
17691,82.78851
17692,82.78851
17693,82.78851
17694,82.78851
17695,82.78851
17696,82.78851
17697,82.78851
17698,82.78851
17699,82.78851
17700,82.78851
17701,80.51951
17702,80.51951
17703,80.51951
17704,80.51951
17705,80.51951
17706,80.51951
17707,80.51951
17708,80.51951
17709,80.51951
17710,80.51951
17711,92.212654
17712,92.212654
17713,92.212654
17714,92.212654
17715,92.212654
17716,92.212654
17717,92.212654
17718,92.212654
17719,92.212654
17720,92.212654
17721,65.60377
17722,65.60377
17723,65.60377
17724,65.60377
17725,65.60377
17726,65.60377
17727,65.60377
17728,65.60377
17729,65.60377
17730,65.60377
17731,84.63706
17732,84.63706
17733,84.63706
17734,84.63706
17735,84.63706
17736,84.63706
17737,84.63706
17738,84.63706
17739,84.63706
17740,84.63706
17741,91.92476
17742,91.92476
17743,91.92476
17744,91.92476
17745,91.92476
17746,91.92476
17747,126.25526
17748,126.25526
17749,126.25526
17750,126.25526
17751,33.621223
17752,33.621223
17753,33.621223
17754,33.621223
17755,33.621223
17756,33.621223
17757,33.621223
17758,33.621223
17759,33.621223
17760,33.621223
17761,83.043655
17762,83.043655
17763,83.043655
17764,83.043655
17765,83.043655
17766,83.043655
17767,83.043655
17768,83.043655
17769,83.043655
17770,83.043655
17771,97.09993
17772,97.09993
17773,97.09993
17774,97.09993
17775,97.09993
17776,97.09993
17777,97.09993
17778,97.09993
17779,97.09993
17780,97.09993
17781,87.22919
17782,87.22919
17783,87.22919
17784,87.22919
17785,87.22919
17786,87.22919
17787,87.22919
17788,87.22919
17789,87.22919
17790,87.22919
17791,84.21427
17792,84.21427
17793,84.21427
17794,84.21427
17795,84.21427
17796,84.21427
17797,84.21427
17798,84.21427
17799,84.21427
17800,84.21427
17801,70.42721
17802,60.26648
17803,60.26648
17804,60.26648
17805,60.26648
17806,60.26648
17807,60.26648
17808,60.26648
17809,60.26648
17810,60.26648
17811,94.028305
17812,94.028305
17813,94.028305
17814,94.028305
17815,94.028305
17816,94.028305
17817,94.028305
17818,94.028305
17819,94.028305
17820,94.028305
17821,114.59006
17822,114.59006
17823,114.59006
17824,114.59006
17825,114.59006
17826,114.59006
17827,114.59006
17828,114.59006
17829,114.59006
17830,114.59006
17831,100.3918
17832,100.3918
17833,100.3918
17834,100.3918
17835,100.3918
17836,100.3918
17837,100.3918
17838,100.3918
17839,100.3918
17840,100.3918
17841,88.03452
17842,88.03452
17843,88.03452
17844,88.03452
17845,88.03452
17846,88.03452
17847,88.03452
17848,88.03452
17849,88.03452
17850,88.03452
17851,97.37694
17852,97.37694
17853,97.37694
17854,97.37694
17855,97.37694
17856,97.37694
17857,97.37694
17858,97.37694
17859,97.37694
17860,97.37694
17861,77.22217
17862,77.22217
17863,77.22217
17864,77.22217
17865,77.22217
17866,77.22217
17867,77.22217
17868,77.22217
17869,77.22217
17870,77.22217
17871,92.13564
17872,92.13564
17873,92.13564
17874,92.13564
17875,92.13564
17876,92.13564
17877,92.13564
17878,92.13564
17879,92.13564
17880,92.13564
17881,73.14306
17882,73.14306
17883,73.14306
17884,73.14306
17885,73.14306
17886,73.14306
17887,73.14306
17888,73.14306
17889,73.14306
17890,73.14306
17891,81.81316
17892,81.81316
17893,81.81316
17894,88.61968
17895,88.61968
17896,88.61968
17897,88.61968
17898,88.61968
17899,88.61968
17900,88.61968
17901,68.002594
17902,68.002594
17903,68.002594
17904,68.002594
17905,68.002594
17906,68.002594
17907,68.002594
17908,68.002594
17909,68.002594
17910,68.002594
17911,100.06615
17912,100.06615
17913,100.06615
17914,100.06615
17915,100.06615
17916,100.06615
17917,100.06615
17918,100.06615
17919,100.06615
17920,100.06615
17921,66.41409
17922,66.41409
17923,66.41409
17924,66.41409
17925,66.41409
17926,66.41409
17927,66.41409
17928,66.41409
17929,66.41409
17930,66.41409
17931,62.63378
17932,62.63378
17933,62.63378
17934,62.63378
17935,62.63378
17936,62.63378
17937,62.63378
17938,62.63378
17939,62.63378
17940,62.63378
17941,117.914474
17942,117.914474
17943,117.914474
17944,117.914474
17945,117.914474
17946,117.914474
17947,117.914474
17948,117.914474
17949,117.914474
17950,117.914474
17951,86.01696
17952,86.01696
17953,86.01696
17954,86.01696
17955,86.01696
17956,86.01696
17957,86.01696
17958,86.01696
17959,86.01696
17960,86.01696
17961,68.35474
17962,68.35474
17963,68.35474
17964,68.35474
17965,68.35474
17966,68.35474
17967,68.35474
17968,68.35474
17969,68.35474
17970,68.35474
17971,115.90161
17972,115.90161
17973,115.90161
17974,115.90161
17975,115.90161
17976,115.90161
17977,115.90161
17978,115.90161
17979,115.90161
17980,115.90161
17981,94.58835
17982,94.58835
17983,94.58835
17984,94.58835
17985,94.58835
17986,94.58835
17987,94.58835
17988,94.58835
17989,94.58835
17990,94.58835
17991,89.258255
17992,89.258255
17993,89.258255
17994,89.258255
17995,89.258255
17996,89.258255
17997,89.258255
17998,89.258255
17999,89.258255
18000,89.258255
18001,80.544044
18002,80.544044
18003,80.544044
18004,80.544044
18005,80.544044
18006,80.544044
18007,80.544044
18008,80.544044
18009,80.544044
18010,80.544044
18011,80.36191
18012,80.36191
18013,80.36191
18014,80.36191
18015,80.36191
18016,80.36191
18017,80.36191
18018,80.36191
18019,80.36191
18020,80.36191
18021,92.07796
18022,92.07796
18023,92.07796
18024,92.07796
18025,92.07796
18026,92.07796
18027,92.07796
18028,92.07796
18029,92.07796
18030,92.07796
18031,86.965065
18032,86.965065
18033,86.965065
18034,86.965065
18035,86.965065
18036,86.965065
18037,86.965065
18038,86.965065
18039,86.965065
18040,86.965065
18041,114.76326
18042,114.76326
18043,114.76326
18044,114.76326
18045,114.76326
18046,114.76326
18047,114.76326
18048,114.76326
18049,114.76326
18050,114.76326
18051,87.39238
18052,87.39238
18053,87.39238
18054,87.39238
18055,87.39238
18056,87.39238
18057,87.39238
18058,87.39238
18059,87.39238
18060,87.39238
18061,93.70657
18062,93.70657
18063,93.70657
18064,93.70657
18065,93.70657
18066,93.70657
18067,93.70657
18068,93.70657
18069,93.70657
18070,93.70657
18071,91.4048
18072,91.4048
18073,91.4048
18074,91.4048
18075,91.4048
18076,91.4048
18077,91.4048
18078,91.4048
18079,91.4048
18080,91.4048
18081,92.67738
18082,92.67738
18083,92.67738
18084,92.67738
18085,92.67738
18086,92.67738
18087,92.67738
18088,92.67738
18089,92.67738
18090,92.67738
18091,98.88556
18092,98.88556
18093,98.88556
18094,98.88556
18095,98.88556
18096,98.88556
18097,98.88556
18098,98.88556
18099,98.88556
18100,98.88556
18101,150.23648
18102,150.23648
18103,150.23648
18104,150.23648
18105,150.23648
18106,150.23648
18107,150.23648
18108,150.23648
18109,150.23648
18110,150.23648
18111,75.085915
18112,75.085915
18113,75.085915
18114,75.085915
18115,75.085915
18116,75.085915
18117,75.085915
18118,75.085915
18119,75.085915
18120,75.085915
18121,64.833405
18122,64.833405
18123,64.833405
18124,64.833405
18125,64.833405
18126,64.833405
18127,64.833405
18128,64.833405
18129,64.833405
18130,64.833405
18131,78.02852
18132,78.02852
18133,78.02852
18134,78.02852
18135,78.02852
18136,78.02852
18137,78.02852
18138,78.02852
18139,78.02852
18140,78.02852
18141,81.21397
18142,81.21397
18143,81.21397
18144,81.21397
18145,81.21397
18146,81.21397
18147,81.21397
18148,81.21397
18149,81.21397
18150,81.21397
18151,91.12777
18152,91.12777
18153,91.12777
18154,91.12777
18155,91.12777
18156,91.12777
18157,91.12777
18158,91.12777
18159,91.12777
18160,91.12777
18161,80.00676
18162,80.00676
18163,80.00676
18164,80.00676
18165,80.00676
18166,80.00676
18167,80.00676
18168,80.00676
18169,80.00676
18170,80.00676
18171,71.29005
18172,71.29005
18173,71.29005
18174,71.29005
18175,71.29005
18176,71.29005
18177,71.29005
18178,71.29005
18179,71.29005
18180,71.29005
18181,88.84769
18182,88.84769
18183,88.84769
18184,88.84769
18185,88.84769
18186,88.84769
18187,88.84769
18188,88.84769
18189,88.84769
18190,88.84769
18191,84.50445
18192,84.50445
18193,84.50445
18194,84.50445
18195,84.50445
18196,84.50445
18197,84.50445
18198,84.50445
18199,84.50445
18200,84.50445
18201,102.26906
18202,102.26906
18203,102.26906
18204,102.26906
18205,102.26906
18206,102.26906
18207,102.26906
18208,102.26906
18209,102.26906
18210,102.26906
18211,90.12466
18212,90.12466
18213,90.12466
18214,90.12466
18215,90.12466
18216,90.12466
18217,90.12466
18218,90.12466
18219,90.12466
18220,90.12466
18221,71.1457
18222,71.1457
18223,71.1457
18224,71.1457
18225,71.1457
18226,71.1457
18227,71.1457
18228,71.1457
18229,71.1457
18230,71.1457
18231,130.33665
18232,130.33665
18233,130.33665
18234,130.33665
18235,130.33665
18236,130.33665
18237,130.33665
18238,130.33665
18239,130.33665
18240,130.33665
18241,81.09582
18242,81.09582
18243,81.09582
18244,81.09582
18245,81.09582
18246,81.09582
18247,81.09582
18248,108.127815
18249,108.127815
18250,108.127815
18251,24.64027
18252,24.64027
18253,24.64027
18254,24.64027
18255,24.64027
18256,24.64027
18257,24.64027
18258,24.64027
18259,24.64027
18260,24.64027
18261,57.44102
18262,57.44102
18263,57.44102
18264,57.44102
18265,57.44102
18266,57.44102
18267,57.44102
18268,57.44102
18269,57.44102
18270,57.44102
18271,96.091805
18272,96.091805
18273,96.091805
18274,96.091805
18275,96.091805
18276,96.091805
18277,96.091805
18278,96.091805
18279,96.091805
18280,96.091805
18281,66.903496
18282,66.903496
18283,66.903496
18284,66.903496
18285,66.903496
18286,66.903496
18287,66.903496
18288,66.903496
18289,66.903496
18290,66.903496
18291,124.194435
18292,124.194435
18293,124.194435
18294,124.194435
18295,124.194435
18296,124.194435
18297,124.194435
18298,124.194435
18299,124.194435
18300,124.194435
18301,79.13664
18302,79.13664
18303,79.13664
18304,79.13664
18305,79.13664
18306,79.13664
18307,79.13664
18308,79.13664
18309,79.13664
18310,79.13664
18311,67.76473
18312,67.76473
18313,67.76473
18314,67.76473
18315,67.76473
18316,67.76473
18317,67.76473
18318,67.76473
18319,67.76473
18320,67.76473
18321,103.89634
18322,103.89634
18323,103.89634
18324,103.89634
18325,103.89634
18326,103.89634
18327,103.89634
18328,103.89634
18329,103.89634
18330,103.89634
18331,79.55939
18332,79.55939
18333,79.55939
18334,79.55939
18335,79.55939
18336,79.55939
18337,79.55939
18338,79.55939
18339,154.23259
18340,154.23259
18341,85.73473
18342,85.73473
18343,85.73473
18344,93.697464
18345,93.697464
18346,93.697464
18347,93.697464
18348,93.697464
18349,93.697464
18350,93.697464
18351,71.866905
18352,71.866905
18353,71.866905
18354,71.866905
18355,71.866905
18356,71.866905
18357,71.866905
18358,71.866905
18359,71.866905
18360,71.866905
18361,98.71538
18362,98.71538
18363,98.71538
18364,98.71538
18365,98.71538
18366,98.71538
18367,98.71538
18368,98.71538
18369,98.71538
18370,98.71538
18371,69.02538
18372,69.02538
18373,69.02538
18374,69.02538
18375,69.02538
18376,69.02538
18377,69.02538
18378,69.02538
18379,69.02538
18380,69.02538
18381,81.73115
18382,81.73115
18383,81.73115
18384,81.73115
18385,81.73115
18386,81.73115
18387,81.73115
18388,81.73115
18389,81.73115
18390,81.73115
18391,78.6857
18392,78.6857
18393,78.6857
18394,78.6857
18395,78.6857
18396,78.6857
18397,78.6857
18398,78.6857
18399,78.6857
18400,78.6857
18401,64.083984
18402,64.083984
18403,64.083984
18404,64.083984
18405,64.083984
18406,64.083984
18407,64.083984
18408,64.083984
18409,64.083984
18410,64.083984
18411,56.099174
18412,56.099174
18413,56.099174
18414,56.099174
18415,56.099174
18416,56.099174
18417,56.099174
18418,56.099174
18419,56.099174
18420,56.099174
18421,71.90419
18422,71.90419
18423,71.90419
18424,71.90419
18425,71.90419
18426,71.90419
18427,71.90419
18428,71.90419
18429,71.90419
18430,71.90419
18431,78.64935
18432,72.10763
18433,72.10763
18434,72.10763
18435,72.10763
18436,72.10763
18437,72.10763
18438,72.10763
18439,72.10763
18440,72.10763
18441,85.08312
18442,85.08312
18443,85.08312
18444,85.08312
18445,85.08312
18446,85.08312
18447,85.08312
18448,85.08312
18449,85.08312
18450,85.08312
18451,76.38705
18452,76.38705
18453,76.38705
18454,76.38705
18455,76.38705
18456,76.38705
18457,76.38705
18458,76.38705
18459,76.38705
18460,76.38705
18461,97.21505
18462,97.21505
18463,97.21505
18464,97.21505
18465,97.21505
18466,97.21505
18467,97.21505
18468,97.21505
18469,97.21505
18470,97.21505
18471,67.12114
18472,67.12114
18473,67.12114
18474,67.12114
18475,67.12114
18476,67.12114
18477,67.12114
18478,67.12114
18479,67.12114
18480,67.12114
18481,82.23752
18482,82.23752
18483,82.23752
18484,82.23752
18485,82.23752
18486,82.23752
18487,82.23752
18488,82.23752
18489,82.23752
18490,82.23752
18491,92.88898
18492,92.88898
18493,92.88898
18494,92.88898
18495,92.88898
18496,92.88898
18497,92.88898
18498,92.88898
18499,92.88898
18500,92.88898
18501,64.85575
18502,64.85575
18503,64.85575
18504,64.85575
18505,64.85575
18506,64.85575
18507,64.85575
18508,64.85575
18509,64.85575
18510,64.85575
18511,103.24285
18512,103.24285
18513,103.24285
18514,103.24285
18515,103.24285
18516,103.24285
18517,103.24285
18518,103.24285
18519,103.24285
18520,103.24285
18521,73.50768
18522,73.50768
18523,73.50768
18524,73.50768
18525,73.50768
18526,73.50768
18527,73.50768
18528,73.50768
18529,73.50768
18530,73.50768
18531,113.0702
18532,113.0702
18533,113.0702
18534,113.0702
18535,113.0702
18536,113.0702
18537,113.0702
18538,113.0702
18539,113.0702
18540,113.0702
18541,122.394104
18542,122.394104
18543,122.394104
18544,122.394104
18545,122.394104
18546,122.394104
18547,122.394104
18548,122.394104
18549,122.394104
18550,122.394104
18551,116.14676
18552,116.14676
18553,116.14676
18554,116.14676
18555,116.14676
18556,116.14676
18557,116.14676
18558,116.14676
18559,116.14676
18560,116.14676
18561,71.515114
18562,71.515114
18563,71.515114
18564,71.515114
18565,71.515114
18566,71.515114
18567,71.515114
18568,71.515114
18569,71.515114
18570,71.515114
18571,104.41058
18572,104.41058
18573,104.41058
18574,104.41058
18575,104.41058
18576,104.41058
18577,104.41058
18578,104.41058
18579,104.41058
18580,104.41058
18581,110.970184
18582,110.970184
18583,110.970184
18584,110.970184
18585,110.970184
18586,110.970184
18587,110.970184
18588,110.970184
18589,110.970184
18590,110.970184
18591,134.58177
18592,134.58177
18593,134.58177
18594,134.58177
18595,134.58177
18596,134.58177
18597,134.58177
18598,134.58177
18599,134.58177
18600,134.58177
18601,84.47118
18602,84.47118
18603,84.47118
18604,84.47118
18605,84.47118
18606,84.47118
18607,84.47118
18608,84.47118
18609,84.47118
18610,84.47118
18611,112.54926
18612,112.54926
18613,112.54926
18614,112.54926
18615,112.54926
18616,112.54926
18617,112.54926
18618,112.54926
18619,112.54926
18620,112.54926
18621,68.6022
18622,68.6022
18623,68.6022
18624,68.6022
18625,68.6022
18626,68.6022
18627,68.6022
18628,68.6022
18629,68.6022
18630,68.6022
18631,106.7173
18632,106.7173
18633,106.7173
18634,106.7173
18635,106.7173
18636,106.7173
18637,106.7173
18638,106.7173
18639,106.7173
18640,106.7173
18641,77.7681
18642,77.7681
18643,77.7681
18644,77.7681
18645,77.7681
18646,77.7681
18647,77.7681
18648,77.7681
18649,77.7681
18650,77.7681
18651,123.522964
18652,123.522964
18653,123.522964
18654,123.522964
18655,123.522964
18656,123.522964
18657,123.522964
18658,123.522964
18659,123.522964
18660,123.522964
18661,95.48586
18662,95.48586
18663,95.48586
18664,95.48586
18665,95.48586
18666,95.48586
18667,95.48586
18668,95.48586
18669,95.48586
18670,95.48586
18671,71.45097
18672,71.45097
18673,71.45097
18674,71.45097
18675,71.45097
18676,71.45097
18677,71.45097
18678,71.45097
18679,71.45097
18680,71.45097
18681,73.565025
18682,73.565025
18683,73.565025
18684,73.565025
18685,73.565025
18686,73.565025
18687,73.565025
18688,73.565025
18689,73.565025
18690,73.565025
18691,90.1535
18692,90.1535
18693,90.1535
18694,90.1535
18695,90.1535
18696,90.1535
18697,90.1535
18698,90.1535
18699,90.1535
18700,90.1535
18701,94.383934
18702,94.383934
18703,94.383934
18704,94.383934
18705,94.383934
18706,94.383934
18707,94.383934
18708,94.383934
18709,94.383934
18710,94.383934
18711,82.22032
18712,82.22032
18713,82.22032
18714,82.22032
18715,82.22032
18716,82.22032
18717,82.22032
18718,82.22032
18719,82.22032
18720,82.22032
18721,92.76289
18722,92.76289
18723,92.76289
18724,92.76289
18725,92.76289
18726,92.76289
18727,92.76289
18728,92.76289
18729,92.76289
18730,92.76289
18731,91.2706
18732,91.2706
18733,91.2706
18734,91.2706
18735,91.2706
18736,91.2706
18737,91.2706
18738,91.2706
18739,91.2706
18740,91.2706
18741,90.01349
18742,90.01349
18743,90.01349
18744,90.01349
18745,90.01349
18746,90.01349
18747,90.01349
18748,90.01349
18749,90.01349
18750,90.01349
18751,145.30792
18752,145.30792
18753,145.30792
18754,145.30792
18755,145.30792
18756,145.30792
18757,145.30792
18758,145.30792
18759,145.30792
18760,145.30792
18761,69.104996
18762,69.104996
18763,69.104996
18764,69.104996
18765,69.104996
18766,69.104996
18767,69.104996
18768,69.104996
18769,69.104996
18770,69.104996
18771,100.66261
18772,100.66261
18773,100.66261
18774,100.66261
18775,100.66261
18776,100.66261
18777,100.66261
18778,100.66261
18779,100.66261
18780,100.66261
18781,125.002075
18782,70.90622
18783,70.90622
18784,70.90622
18785,70.90622
18786,70.90622
18787,70.90622
18788,70.90622
18789,70.90622
18790,70.90622
18791,77.96244
18792,77.96244
18793,77.96244
18794,77.96244
18795,77.96244
18796,77.96244
18797,77.96244
18798,77.96244
18799,77.96244
18800,77.96244
18801,106.898964
18802,106.898964
18803,106.898964
18804,106.898964
18805,106.898964
18806,106.898964
18807,106.898964
18808,106.898964
18809,106.898964
18810,106.898964
18811,124.65202
18812,124.65202
18813,124.65202
18814,124.65202
18815,124.65202
18816,124.65202
18817,124.65202
18818,124.65202
18819,124.65202
18820,124.65202
18821,85.6402
18822,85.6402
18823,85.6402
18824,85.6402
18825,85.6402
18826,85.6402
18827,85.6402
18828,85.6402
18829,85.6402
18830,85.6402
18831,105.96853
18832,105.96853
18833,105.96853
18834,105.96853
18835,105.96853
18836,105.96853
18837,105.96853
18838,105.96853
18839,105.96853
18840,105.96853
18841,95.42115
18842,95.42115
18843,95.42115
18844,95.42115
18845,95.42115
18846,95.42115
18847,95.42115
18848,95.42115
18849,95.42115
18850,95.42115
18851,66.96583
18852,66.96583
18853,66.96583
18854,66.96583
18855,66.96583
18856,66.96583
18857,66.96583
18858,66.96583
18859,66.96583
18860,66.96583
18861,89.31232
18862,89.31232
18863,89.31232
18864,89.31232
18865,89.31232
18866,89.31232
18867,89.31232
18868,89.31232
18869,89.31232
18870,89.31232
18871,79.91139
18872,79.91139
18873,79.91139
18874,79.91139
18875,79.91139
18876,79.91139
18877,79.91139
18878,79.91139
18879,79.91139
18880,79.91139
18881,85.84163
18882,85.84163
18883,85.84163
18884,85.84163
18885,85.84163
18886,85.84163
18887,85.84163
18888,85.84163
18889,85.84163
18890,85.84163
18891,81.901855
18892,81.901855
18893,81.901855
18894,81.901855
18895,81.901855
18896,81.901855
18897,81.901855
18898,81.901855
18899,81.901855
18900,81.901855
18901,147.11205
18902,147.11205
18903,147.11205
18904,147.11205
18905,147.11205
18906,147.11205
18907,147.11205
18908,147.11205
18909,147.11205
18910,147.11205
18911,63.943863
18912,63.943863
18913,63.943863
18914,63.943863
18915,63.943863
18916,63.943863
18917,63.943863
18918,63.943863
18919,63.943863
18920,63.943863
18921,103.104355
18922,103.104355
18923,103.104355
18924,103.104355
18925,103.104355
18926,103.104355
18927,103.104355
18928,103.104355
18929,103.104355
18930,103.104355
18931,99.31153
18932,99.31153
18933,99.31153
18934,99.31153
18935,99.31153
18936,99.31153
18937,99.31153
18938,99.31153
18939,99.31153
18940,99.31153
18941,76.56446
18942,76.56446
18943,76.56446
18944,76.56446
18945,76.56446
18946,76.56446
18947,76.56446
18948,76.56446
18949,76.56446
18950,76.56446
18951,58.962044
18952,58.962044
18953,58.962044
18954,58.962044
18955,58.962044
18956,58.962044
18957,58.962044
18958,58.962044
18959,58.962044
18960,58.962044
18961,105.334656
18962,105.334656
18963,105.334656
18964,105.334656
18965,105.334656
18966,105.334656
18967,105.334656
18968,105.334656
18969,105.334656
18970,105.334656
18971,85.593376
18972,85.593376
18973,85.593376
18974,85.593376
18975,85.593376
18976,85.593376
18977,85.593376
18978,85.593376
18979,85.593376
18980,85.593376
18981,93.0377
18982,93.0377
18983,93.0377
18984,93.0377
18985,93.0377
18986,93.0377
18987,93.0377
18988,93.0377
18989,93.0377
18990,93.0377
18991,80.73848
18992,80.73848
18993,80.73848
18994,80.73848
18995,80.73848
18996,80.73848
18997,80.73848
18998,80.73848
18999,80.73848
19000,80.73848
19001,79.45069
19002,79.45069
19003,79.45069
19004,79.45069
19005,79.45069
19006,79.45069
19007,79.45069
19008,79.45069
19009,79.45069
19010,79.45069
19011,101.55556
19012,101.55556
19013,101.55556
19014,101.55556
19015,101.55556
19016,101.55556
19017,101.55556
19018,101.55556
19019,101.55556
19020,101.55556
19021,77.62261
19022,77.62261
19023,77.62261
19024,77.62261
19025,77.62261
19026,77.62261
19027,77.62261
19028,77.62261
19029,77.62261
19030,77.62261
19031,88.37481
19032,88.37481
19033,88.37481
19034,88.37481
19035,88.37481
19036,88.37481
19037,88.37481
19038,88.37481
19039,88.37481
19040,88.37481
19041,66.13808
19042,66.13808
19043,66.13808
19044,66.13808
19045,66.13808
19046,66.13808
19047,66.13808
19048,66.13808
19049,66.13808
19050,66.13808
19051,90.63696
19052,90.63696
19053,90.63696
19054,90.63696
19055,90.63696
19056,90.63696
19057,90.63696
19058,90.63696
19059,90.63696
19060,90.63696
19061,111.12585
19062,111.12585
19063,111.12585
19064,111.12585
19065,111.12585
19066,111.12585
19067,111.12585
19068,111.12585
19069,111.12585
19070,111.12585
19071,77.77062
19072,72.8724
19073,72.8724
19074,72.8724
19075,72.8724
19076,72.8724
19077,72.8724
19078,72.8724
19079,72.8724
19080,72.8724
19081,123.31549
19082,123.31549
19083,123.31549
19084,123.31549
19085,123.31549
19086,123.31549
19087,123.31549
19088,123.31549
19089,123.31549
19090,123.31549
19091,106.71058
19092,106.71058
19093,106.71058
19094,106.71058
19095,106.71058
19096,106.71058
19097,106.71058
19098,106.71058
19099,106.71058
19100,106.71058
19101,94.59196
19102,94.59196
19103,94.59196
19104,94.59196
19105,94.59196
19106,94.59196
19107,94.59196
19108,94.59196
19109,94.59196
19110,94.59196
19111,82.499344
19112,82.499344
19113,82.499344
19114,82.499344
19115,82.499344
19116,82.499344
19117,82.499344
19118,82.499344
19119,82.499344
19120,82.499344
19121,64.62771
19122,64.62771
19123,64.62771
19124,64.62771
19125,64.62771
19126,64.62771
19127,64.62771
19128,64.62771
19129,64.62771
19130,64.62771
19131,82.785866
19132,82.785866
19133,82.785866
19134,82.785866
19135,82.785866
19136,82.785866
19137,82.785866
19138,82.785866
19139,82.785866
19140,82.785866
19141,88.17514
19142,88.17514
19143,88.17514
19144,88.17514
19145,88.17514
19146,88.17514
19147,88.17514
19148,88.17514
19149,88.17514
19150,88.17514
19151,83.95886
19152,83.95886
19153,83.95886
19154,83.95886
19155,83.95886
19156,83.95886
19157,83.95886
19158,83.95886
19159,83.95886
19160,83.95886
19161,67.1
19162,67.1
19163,67.1
19164,67.1
19165,67.1
19166,67.1
19167,67.1
19168,67.1
19169,67.1
19170,67.1
19171,98.10477
19172,98.10477
19173,98.10477
19174,98.10477
19175,98.10477
19176,98.10477
19177,98.10477
19178,98.10477
19179,98.10477
19180,98.10477
19181,54.085068
19182,54.085068
19183,54.085068
19184,54.085068
19185,54.085068
19186,54.085068
19187,54.085068
19188,54.085068
19189,54.085068
19190,54.085068
19191,88.24351
19192,88.24351
19193,88.24351
19194,88.24351
19195,88.24351
19196,88.24351
19197,88.24351
19198,88.24351
19199,88.24351
19200,88.24351
19201,78.57753
19202,78.57753
19203,78.57753
19204,78.57753
19205,78.57753
19206,78.57753
19207,78.57753
19208,78.57753
19209,78.57753
19210,78.57753
19211,90.13447
19212,90.13447
19213,90.13447
19214,90.13447
19215,90.13447
19216,90.13447
19217,90.13447
19218,90.13447
19219,90.13447
19220,90.13447
19221,95.15716
19222,95.15716
19223,95.15716
19224,95.15716
19225,95.15716
19226,95.15716
19227,95.15716
19228,95.15716
19229,95.15716
19230,95.15716
19231,83.35274
19232,83.35274
19233,83.35274
19234,83.35274
19235,83.35274
19236,83.35274
19237,83.35274
19238,83.35274
19239,83.35274
19240,83.35274
19241,85.1521
19242,85.1521
19243,85.1521
19244,85.1521
19245,85.1521
19246,85.1521
19247,85.1521
19248,85.1521
19249,85.1521
19250,85.1521
19251,78.660995
19252,78.660995
19253,78.660995
19254,78.660995
19255,78.660995
19256,78.660995
19257,78.660995
19258,78.660995
19259,78.660995
19260,78.660995
19261,98.022484
19262,98.022484
19263,98.022484
19264,98.022484
19265,98.022484
19266,98.022484
19267,98.022484
19268,98.022484
19269,98.022484
19270,98.022484
19271,69.795204
19272,69.795204
19273,69.795204
19274,69.795204
19275,69.795204
19276,69.795204
19277,69.795204
19278,69.795204
19279,69.795204
19280,69.795204
19281,74.98318
19282,74.98318
19283,74.98318
19284,74.98318
19285,74.98318
19286,74.98318
19287,74.98318
19288,74.98318
19289,74.98318
19290,74.98318
19291,120.82128
19292,120.82128
19293,120.82128
19294,120.82128
19295,120.82128
19296,120.82128
19297,120.82128
19298,120.82128
19299,120.82128
19300,120.82128
19301,83.85384
19302,83.85384
19303,83.85384
19304,83.85384
19305,83.85384
19306,83.85384
19307,83.85384
19308,83.85384
19309,83.85384
19310,83.85384
19311,89.79731
19312,89.79731
19313,89.79731
19314,89.79731
19315,89.79731
19316,89.79731
19317,89.79731
19318,89.79731
19319,89.79731
19320,89.79731
19321,73.30288
19322,73.30288
19323,73.30288
19324,73.30288
19325,73.30288
19326,73.30288
19327,73.30288
19328,73.30288
19329,73.30288
19330,73.30288
19331,89.12766
19332,89.12766
19333,89.12766
19334,89.12766
19335,89.12766
19336,89.12766
19337,89.12766
19338,89.12766
19339,89.12766
19340,89.12766
19341,95.462265
19342,95.462265
19343,95.462265
19344,95.462265
19345,95.462265
19346,169.0668
19347,169.0668
19348,169.0668
19349,169.0668
19350,169.0668
19351,55.76471
19352,55.76471
19353,55.76471
19354,55.76471
19355,55.76471
19356,55.76471
19357,55.76471
19358,55.76471
19359,55.76471
19360,55.76471
19361,79.590385
19362,79.590385
19363,79.590385
19364,79.590385
19365,86.3222
19366,86.3222
19367,86.3222
19368,86.3222
19369,86.3222
19370,86.3222
19371,57.266254
19372,57.266254
19373,57.266254
19374,57.266254
19375,57.266254
19376,57.266254
19377,57.266254
19378,57.266254
19379,57.266254
19380,57.266254
19381,98.385185
19382,98.385185
19383,98.385185
19384,98.385185
19385,98.385185
19386,98.385185
19387,107.25822
19388,107.25822
19389,107.25822
19390,107.25822
19391,29.092854
19392,29.092854
19393,29.092854
19394,29.092854
19395,29.092854
19396,29.092854
19397,29.092854
19398,29.092854
19399,29.092854
19400,29.092854
19401,103.10467
19402,103.10467
19403,103.10467
19404,103.10467
19405,103.10467
19406,103.10467
19407,103.10467
19408,103.10467
19409,103.10467
19410,103.10467
19411,97.12624
19412,97.12624
19413,97.12624
19414,97.12624
19415,97.12624
19416,97.12624
19417,97.12624
19418,97.12624
19419,97.12624
19420,97.12624
19421,108.6329
19422,108.6329
19423,108.6329
19424,108.6329
19425,108.6329
19426,108.6329
19427,108.6329
19428,108.6329
19429,108.6329
19430,108.6329
19431,84.25157
19432,84.25157
19433,84.25157
19434,84.25157
19435,84.25157
19436,84.25157
19437,84.25157
19438,84.25157
19439,84.25157
19440,84.25157
19441,94.95717
19442,94.95717
19443,94.95717
19444,94.95717
19445,94.95717
19446,94.95717
19447,94.95717
19448,94.95717
19449,94.95717
19450,94.95717
19451,60.39649
19452,60.39649
19453,60.39649
19454,60.39649
19455,60.39649
19456,60.39649
19457,60.39649
19458,60.39649
19459,60.39649
19460,60.39649
19461,104.36237
19462,104.36237
19463,104.36237
19464,104.36237
19465,104.36237
19466,104.36237
19467,104.36237
19468,104.36237
19469,104.36237
19470,104.36237
19471,90.32748
19472,90.32748
19473,90.32748
19474,90.32748
19475,90.32748
19476,90.32748
19477,90.32748
19478,90.32748
19479,90.32748
19480,90.32748
19481,77.50254
19482,77.50254
19483,77.50254
19484,77.50254
19485,77.50254
19486,77.50254
19487,77.50254
19488,77.50254
19489,77.50254
19490,77.50254
19491,88.81524
19492,88.81524
19493,88.81524
19494,88.81524
19495,88.81524
19496,88.81524
19497,88.81524
19498,88.81524
19499,88.81524
19500,88.81524
19501,94.09059
19502,94.09059
19503,94.09059
19504,94.09059
19505,94.09059
19506,94.09059
19507,94.09059
19508,94.09059
19509,94.09059
19510,94.09059
19511,114.993324
19512,114.993324
19513,114.993324
19514,114.993324
19515,98.13007
19516,98.13007
19517,98.13007
19518,98.13007
19519,98.13007
19520,98.13007
19521,72.13338
19522,72.13338
19523,72.13338
19524,72.13338
19525,72.13338
19526,72.13338
19527,72.13338
19528,72.13338
19529,72.13338
19530,72.13338
19531,110.06984
19532,110.06984
19533,110.06984
19534,110.06984
19535,110.06984
19536,110.06984
19537,110.06984
19538,110.06984
19539,110.06984
19540,110.06984
19541,76.19025
19542,76.19025
19543,76.19025
19544,76.19025
19545,76.19025
19546,76.19025
19547,76.19025
19548,76.19025
19549,76.19025
19550,76.19025
19551,94.364
19552,94.364
19553,94.364
19554,94.364
19555,94.364
19556,94.364
19557,94.364
19558,94.364
19559,94.364
19560,94.364
19561,97.08447
19562,97.08447
19563,97.08447
19564,97.08447
19565,97.08447
19566,97.08447
19567,97.08447
19568,97.08447
19569,97.08447
19570,97.08447
19571,84.58833
19572,72.67113
19573,72.67113
19574,72.67113
19575,72.67113
19576,72.67113
19577,72.67113
19578,72.67113
19579,72.67113
19580,72.67113
19581,94.781
19582,94.781
19583,94.781
19584,94.781
19585,94.781
19586,94.781
19587,94.781
19588,94.781
19589,94.781
19590,94.781
19591,95.79133
19592,95.79133
19593,95.79133
19594,95.79133
19595,95.79133
19596,95.79133
19597,95.79133
19598,95.79133
19599,95.79133
19600,95.79133
19601,110.171844
19602,110.171844
19603,110.171844
19604,110.171844
19605,110.171844
19606,110.171844
19607,110.171844
19608,110.171844
19609,110.171844
19610,110.171844
19611,88.61683
19612,88.61683
19613,88.61683
19614,88.61683
19615,88.61683
19616,88.61683
19617,88.61683
19618,88.61683
19619,88.61683
19620,88.61683
19621,76.97365
19622,76.97365
19623,76.97365
19624,76.97365
19625,76.97365
19626,76.97365
19627,76.97365
19628,76.97365
19629,76.97365
19630,76.97365
19631,98.239456
19632,98.239456
19633,98.239456
19634,98.239456
19635,98.239456
19636,98.239456
19637,98.239456
19638,98.239456
19639,98.239456
19640,98.239456
19641,87.52579
19642,87.52579
19643,87.52579
19644,87.52579
19645,87.52579
19646,87.52579
19647,87.52579
19648,87.52579
19649,87.52579
19650,87.52579
19651,73.88848
19652,73.88848
19653,73.88848
19654,73.88848
19655,73.88848
19656,73.88848
19657,73.88848
19658,73.88848
19659,73.88848
19660,73.88848
19661,83.49116
19662,83.49116
19663,83.49116
19664,83.49116
19665,83.49116
19666,83.49116
19667,83.49116
19668,83.49116
19669,83.49116
19670,83.49116
19671,98.86067
19672,98.86067
19673,98.86067
19674,98.86067
19675,98.86067
19676,98.86067
19677,98.86067
19678,98.86067
19679,98.86067
19680,98.86067
19681,115.58684
19682,115.58684
19683,115.58684
19684,115.58684
19685,115.58684
19686,115.58684
19687,115.58684
19688,115.58684
19689,115.58684
19690,115.58684
19691,106.31245
19692,106.31245
19693,106.31245
19694,106.31245
19695,106.31245
19696,106.31245
19697,106.31245
19698,106.31245
19699,106.31245
19700,106.31245
19701,105.43917
19702,105.43917
19703,105.43917
19704,105.43917
19705,105.43917
19706,105.43917
19707,105.43917
19708,105.43917
19709,105.43917
19710,105.43917
19711,70.94529
19712,70.94529
19713,70.94529
19714,70.94529
19715,70.94529
19716,70.94529
19717,70.94529
19718,70.94529
19719,70.94529
19720,70.94529
19721,100.95135
19722,100.95135
19723,100.95135
19724,100.95135
19725,100.95135
19726,100.95135
19727,100.95135
19728,100.95135
19729,100.95135
19730,100.95135
19731,91.56248
19732,91.56248
19733,91.56248
19734,91.56248
19735,91.56248
19736,91.56248
19737,91.56248
19738,91.56248
19739,91.56248
19740,91.56248
19741,87.21505
19742,87.21505
19743,87.21505
19744,87.21505
19745,87.21505
19746,87.21505
19747,87.21505
19748,87.21505
19749,87.21505
19750,87.21505
19751,113.49854
19752,113.49854
19753,113.49854
19754,113.49854
19755,113.49854
19756,113.49854
19757,113.49854
19758,113.49854
19759,113.49854
19760,113.49854
19761,90.44134
19762,90.44134
19763,90.44134
19764,90.44134
19765,90.44134
19766,90.44134
19767,90.44134
19768,90.44134
19769,90.44134
19770,90.44134
19771,69.36317
19772,69.36317
19773,69.36317
19774,69.36317
19775,69.36317
19776,69.36317
19777,69.36317
19778,69.36317
19779,69.36317
19780,69.36317
19781,97.07943
19782,97.07943
19783,97.07943
19784,97.07943
19785,97.07943
19786,97.07943
19787,97.07943
19788,97.07943
19789,97.07943
19790,97.07943
19791,97.51777
19792,97.51777
19793,97.51777
19794,97.51777
19795,97.51777
19796,97.51777
19797,97.51777
19798,97.51777
19799,97.51777
19800,97.51777
19801,88.99951
19802,88.99951
19803,88.99951
19804,88.99951
19805,88.99951
19806,88.99951
19807,88.99951
19808,88.99951
19809,88.99951
19810,88.99951
19811,95.5841
19812,95.5841
19813,95.5841
19814,95.5841
19815,95.5841
19816,95.5841
19817,95.5841
19818,95.5841
19819,95.5841
19820,95.5841
19821,87.13349
19822,87.13349
19823,87.13349
19824,87.13349
19825,87.13349
19826,87.13349
19827,87.13349
19828,87.13349
19829,87.13349
19830,87.13349
19831,73.2772
19832,73.2772
19833,73.2772
19834,73.2772
19835,73.2772
19836,73.2772
19837,73.2772
19838,126.71482
19839,126.71482
19840,126.71482
19841,28.538984
19842,28.538984
19843,28.538984
19844,28.538984
19845,28.538984
19846,28.538984
19847,28.538984
19848,28.538984
19849,28.538984
19850,28.538984
19851,102.968346
19852,102.968346
19853,102.968346
19854,102.968346
19855,102.968346
19856,102.968346
19857,102.968346
19858,102.968346
19859,102.968346
19860,102.968346
19861,82.96312
19862,82.96312
19863,82.96312
19864,82.96312
19865,82.96312
19866,82.96312
19867,82.96312
19868,82.96312
19869,82.96312
19870,82.96312
19871,70.79323
19872,70.79323
19873,70.79323
19874,70.79323
19875,70.79323
19876,70.79323
19877,70.79323
19878,70.79323
19879,70.79323
19880,70.79323
19881,75.95982
19882,75.95982
19883,75.95982
19884,75.95982
19885,75.95982
19886,75.95982
19887,75.95982
19888,75.95982
19889,75.95982
19890,75.95982
19891,73.673195
19892,73.673195
19893,73.673195
19894,73.673195
19895,73.673195
19896,73.673195
19897,73.673195
19898,73.673195
19899,73.673195
19900,73.673195
19901,84.58963
19902,84.58963
19903,84.58963
19904,84.58963
19905,84.58963
19906,84.58963
19907,84.58963
19908,84.58963
19909,84.58963
19910,84.58963
19911,69.49298
19912,69.49298
19913,69.49298
19914,69.49298
19915,69.49298
19916,69.49298
19917,69.49298
19918,69.49298
19919,69.49298
19920,69.49298
19921,97.387794
19922,97.387794
19923,97.387794
19924,97.387794
19925,97.387794
19926,97.387794
19927,97.387794
19928,97.387794
19929,97.387794
19930,97.387794
19931,87.153885
19932,87.153885
19933,87.153885
19934,87.153885
19935,124.6948
19936,124.6948
19937,124.6948
19938,124.6948
19939,124.6948
19940,124.6948
19941,86.64888
19942,86.64888
19943,86.64888
19944,86.64888
19945,86.64888
19946,86.64888
19947,86.64888
19948,86.64888
19949,86.64888
19950,86.64888
19951,108.7854
19952,108.7854
19953,108.7854
19954,108.7854
19955,108.7854
19956,108.7854
19957,108.7854
19958,108.7854
19959,108.7854
19960,108.7854
19961,79.52128
19962,79.52128
19963,67.66198
19964,67.66198
19965,67.66198
19966,67.66198
19967,67.66198
19968,67.66198
19969,67.66198
19970,67.66198
19971,64.93742
19972,64.93742
19973,64.93742
19974,64.93742
19975,64.93742
19976,64.93742
19977,64.93742
19978,64.93742
19979,64.93742
19980,64.93742
19981,67.95714
19982,67.95714
19983,67.95714
19984,67.95714
19985,67.95714
19986,67.95714
19987,67.95714
19988,67.95714
19989,67.95714
19990,67.95714
19991,58.163143
19992,58.163143
19993,58.163143
19994,58.163143
19995,58.163143
19996,58.163143
19997,58.163143
19998,58.163143
19999,58.163143
20000,58.163143
20001,90.20801
20002,90.20801
20003,90.20801
20004,90.20801
20005,90.20801
20006,90.20801
20007,90.20801
20008,90.20801
20009,90.20801
20010,90.20801
20011,76.5588
20012,76.5588
20013,76.5588
20014,76.5588
20015,76.5588
20016,76.5588
20017,76.5588
20018,76.5588
20019,76.5588
20020,76.5588
20021,76.69894
20022,76.69894
20023,76.69894
20024,76.69894
20025,76.69894
20026,76.69894
20027,76.69894
20028,76.69894
20029,76.69894
20030,76.69894
20031,77.47822
20032,77.47822
20033,77.47822
20034,77.47822
20035,77.47822
20036,77.47822
20037,77.47822
20038,77.47822
20039,77.47822
20040,77.47822
20041,79.865715
20042,79.865715
20043,79.865715
20044,79.865715
20045,79.865715
20046,79.865715
20047,79.865715
20048,79.865715
20049,79.865715
20050,79.865715
20051,63.596535
20052,63.596535
20053,63.596535
20054,63.596535
20055,63.596535
20056,63.596535
20057,63.596535
20058,63.596535
20059,63.596535
20060,63.596535
20061,67.58777
20062,67.58777
20063,67.58777
20064,67.58777
20065,67.58777
20066,67.58777
20067,67.58777
20068,67.58777
20069,67.58777
20070,67.58777
20071,88.32639
20072,88.32639
20073,88.32639
20074,88.32639
20075,88.32639
20076,88.32639
20077,88.32639
20078,88.32639
20079,88.32639
20080,88.32639
20081,116.89173
20082,116.89173
20083,116.89173
20084,116.89173
20085,116.89173
20086,116.89173
20087,116.89173
20088,116.89173
20089,116.89173
20090,116.89173
20091,93.97334
20092,93.97334
20093,93.97334
20094,93.97334
20095,93.97334
20096,93.97334
20097,93.97334
20098,93.97334
20099,93.97334
20100,93.97334
20101,126.04371
20102,126.04371
20103,126.04371
20104,126.04371
20105,126.04371
20106,126.04371
20107,126.04371
20108,126.04371
20109,126.04371
20110,126.04371
20111,70.9587
20112,70.9587
20113,70.9587
20114,70.9587
20115,70.9587
20116,70.9587
20117,70.9587
20118,70.9587
20119,70.9587
20120,70.9587
20121,81.8921
20122,81.8921
20123,81.8921
20124,81.8921
20125,81.8921
20126,81.8921
20127,81.8921
20128,81.8921
20129,81.8921
20130,81.8921
20131,61.800556
20132,61.800556
20133,61.800556
20134,61.800556
20135,61.800556
20136,61.800556
20137,61.800556
20138,61.800556
20139,61.800556
20140,61.800556
20141,102.961044
20142,102.961044
20143,102.961044
20144,102.961044
20145,102.961044
20146,102.961044
20147,102.961044
20148,102.961044
20149,102.961044
20150,102.961044
20151,104.46365
20152,104.46365
20153,104.46365
20154,104.46365
20155,104.46365
20156,104.46365
20157,104.46365
20158,104.46365
20159,104.46365
20160,104.46365
20161,93.86209
20162,93.86209
20163,93.86209
20164,93.86209
20165,93.86209
20166,93.86209
20167,93.86209
20168,93.86209
20169,93.86209
20170,93.86209
20171,59.189503
20172,59.189503
20173,59.189503
20174,59.189503
20175,59.189503
20176,59.189503
20177,59.189503
20178,59.189503
20179,59.189503
20180,59.189503
20181,71.77876
20182,71.77876
20183,71.77876
20184,71.77876
20185,71.77876
20186,71.77876
20187,71.77876
20188,71.77876
20189,71.77876
20190,71.77876
20191,68.32825
20192,68.32825
20193,68.32825
20194,68.32825
20195,68.32825
20196,68.32825
20197,68.32825
20198,68.32825
20199,68.32825
20200,68.32825
20201,105.33407
20202,105.33407
20203,105.33407
20204,105.33407
20205,105.33407
20206,105.33407
20207,105.33407
20208,105.33407
20209,105.33407
20210,105.33407
20211,100.48512
20212,100.48512
20213,100.48512
20214,100.48512
20215,100.48512
20216,100.48512
20217,100.48512
20218,100.48512
20219,100.48512
20220,100.48512
20221,88.73422
20222,88.73422
20223,88.73422
20224,88.73422
20225,88.73422
20226,88.73422
20227,88.73422
20228,88.73422
20229,88.73422
20230,88.73422
20231,90.79744
20232,90.79744
20233,90.79744
20234,90.79744
20235,90.79744
20236,90.79744
20237,90.79744
20238,90.79744
20239,90.79744
20240,90.79744
20241,87.5519
20242,87.5519
20243,87.5519
20244,87.5519
20245,87.5519
20246,87.5519
20247,87.5519
20248,87.5519
20249,87.5519
20250,87.5519
20251,68.13081
20252,68.13081
20253,68.13081
20254,68.13081
20255,68.13081
20256,68.13081
20257,68.13081
20258,68.13081
20259,68.13081
20260,68.13081
20261,102.65925
20262,102.65925
20263,102.65925
20264,102.65925
20265,102.65925
20266,102.65925
20267,102.65925
20268,102.65925
20269,102.65925
20270,102.65925
20271,104.79906
20272,104.79906
20273,104.79906
20274,104.79906
20275,104.79906
20276,104.79906
20277,104.79906
20278,104.79906
20279,104.79906
20280,104.79906
20281,100.575806
20282,100.575806
20283,100.575806
20284,89.53096
20285,89.53096
20286,89.53096
20287,89.53096
20288,89.53096
20289,89.53096
20290,89.53096
20291,75.17525
20292,75.17525
20293,75.17525
20294,75.17525
20295,75.17525
20296,75.17525
20297,75.17525
20298,75.17525
20299,75.17525
20300,75.17525
20301,61.628483
20302,61.628483
20303,61.628483
20304,61.628483
20305,61.628483
20306,61.628483
20307,61.628483
20308,61.628483
20309,61.628483
20310,61.628483
20311,92.59415
20312,92.59415
20313,92.59415
20314,92.59415
20315,92.59415
20316,92.59415
20317,92.59415
20318,92.59415
20319,92.59415
20320,92.59415
20321,140.37143
20322,140.37143
20323,140.37143
20324,140.37143
20325,140.37143
20326,140.37143
20327,140.37143
20328,140.37143
20329,140.37143
20330,140.37143
20331,105.526474
20332,105.526474
20333,86.426506
20334,86.426506
20335,86.426506
20336,86.426506
20337,86.426506
20338,86.426506
20339,86.426506
20340,86.426506
20341,57.082474
20342,57.082474
20343,57.082474
20344,57.082474
20345,57.082474
20346,57.082474
20347,57.082474
20348,57.082474
20349,57.082474
20350,57.082474
20351,94.22247
20352,94.22247
20353,94.22247
20354,94.22247
20355,94.22247
20356,94.22247
20357,94.22247
20358,94.22247
20359,94.22247
20360,94.22247
20361,89.85763
20362,89.85763
20363,89.85763
20364,89.85763
20365,89.85763
20366,89.85763
20367,89.85763
20368,89.85763
20369,89.85763
20370,89.85763
20371,70.740074
20372,70.740074
20373,70.740074
20374,70.740074
20375,70.740074
20376,70.740074
20377,70.740074
20378,70.740074
20379,70.740074
20380,70.740074
20381,61.586758
20382,61.586758
20383,61.586758
20384,61.586758
20385,61.586758
20386,61.586758
20387,61.586758
20388,61.586758
20389,61.586758
20390,61.586758
20391,76.30763
20392,76.30763
20393,76.30763
20394,76.30763
20395,76.30763
20396,76.30763
20397,76.30763
20398,76.30763
20399,76.30763
20400,76.30763
20401,87.8651
20402,87.8651
20403,87.8651
20404,87.8651
20405,87.8651
20406,87.8651
20407,87.8651
20408,87.8651
20409,87.8651
20410,87.8651
20411,111.71582
20412,111.71582
20413,111.71582
20414,111.71582
20415,111.71582
20416,111.71582
20417,111.71582
20418,111.71582
20419,111.71582
20420,111.71582
20421,79.7434
20422,79.7434
20423,79.7434
20424,79.7434
20425,79.7434
20426,79.7434
20427,79.7434
20428,79.7434
20429,79.7434
20430,79.7434
20431,95.937645
20432,95.937645
20433,95.937645
20434,95.937645
20435,95.937645
20436,95.937645
20437,95.937645
20438,95.937645
20439,95.937645
20440,95.937645
20441,96.7962
20442,96.7962
20443,96.7962
20444,96.7962
20445,96.7962
20446,96.7962
20447,96.7962
20448,96.7962
20449,96.7962
20450,96.7962
20451,84.6816
20452,84.6816
20453,84.6816
20454,84.6816
20455,84.6816
20456,84.6816
20457,84.6816
20458,84.6816
20459,84.6816
20460,84.6816
20461,102.89701
20462,102.89701
20463,102.89701
20464,102.89701
20465,102.89701
20466,102.89701
20467,102.89701
20468,102.89701
20469,102.89701
20470,102.89701
20471,61.88004
20472,61.88004
20473,61.88004
20474,61.88004
20475,61.88004
20476,61.88004
20477,61.88004
20478,61.88004
20479,61.88004
20480,61.88004
