step,reward,score,bonus,dsp_jitter,dsp_shimmer,dsp_tilt,dsp_harmonics,dsp_threshold,dsp_ratio,dsp_bitrate
95740,73.69772460152812,0.9744716882705688,48.72358441352844,-0.76548433,-1.0,-1.0,-0.40441167,-35.30885696411133,1.0,143554
70918,73.69260288139968,0.9743713140487672,48.718565702438354,-1.0,-1.0,0.16338956,0.35202724,-20.0,1.0,132640
37360,73.68971962810795,0.97431480884552,48.715740442276,-0.9476648,0.0051186085,1.0,-0.5756935,-20.0,1.0,160000
108402,73.68414776200524,0.9742056131362916,48.710280656814575,-1.0,-0.85558426,-1.0,1.0,-20.0,1.0,160000
82603,73.68414776200524,0.9742056131362916,48.710280656814575,-0.3787504,-0.32385933,-1.0,1.0,-43.31086814403534,1.0,124917
33219,73.68353643750322,0.9741936326026917,48.70968163013458,-1.0,-1.0,-1.0,-0.68414634,-40.37097454071045,1.0,124601
26938,73.68187278249555,0.9741610288619996,48.708051443099976,-1.0,-0.55880827,1.0,-0.6425371,-57.499152421951294,1.0,160000
76989,73.68171767017998,0.974157989025116,48.7078994512558,-0.712391,-0.13362657,-0.49800387,-0.7500276,-20.0,1.0,125039
57917,73.68155039218169,0.9741547107696532,48.707735538482666,-0.3373988,-1.0,-1.0,-0.23738724,-20.0,1.0,160000
36317,73.68103639244335,0.9741446375846864,48.70723187923432,-0.1671809,-1.0,1.0,-0.89372545,-25.444058179855347,1.0,147235
87915,73.68050110266134,0.9741341471672058,48.70670735836029,-0.5793669,-0.338922,0.03755656,-0.5739088,-32.13717877864838,1.0,89235
24905,73.68023345772686,0.9741289019584656,48.70644509792328,-0.06872366,0.48437378,-0.92254674,-0.8451381,-27.2306764125824,2.184077262878418,130518
20868,73.6799110671991,0.9741225838661194,48.70612919330597,0.038026556,-0.7946824,-0.4980956,-0.58330834,-20.0,1.0,117174
92205,73.679439647012,0.9741133451461792,48.70566725730896,-0.2113148,-0.5773309,0.971557,-0.7804502,-20.0,1.0,160000
24903,73.6787918242856,0.974100649356842,48.7050324678421,0.22607118,-0.8689103,0.22248974,-0.6958358,-26.452245712280277,1.0,160000
30192,73.67830823819601,0.9740911722183228,48.70455861091614,-0.15889202,-0.51545876,-0.31329414,-0.95778227,-45.351929664611816,1.1545187830924988,160000
55892,73.67762087667306,0.9740777015686036,48.703885078430176,-0.5314166,-0.6452384,-0.5562648,-0.7928669,-20.0,1.0,160000
26939,73.6750691213818,0.974027693271637,48.70138466358185,-1.0,0.093610466,-1.0,-0.58767533,-60.0,1.0,124748
66709,73.67220105477935,0.9739714860916138,48.69857430458069,-1.0,-0.7477357,-1.0,-0.64463025,-20.0,1.8352693915367129,160000
83155,73.67182087602957,0.9739640355110168,48.69820177555084,-1.0,-1.0,-1.0,-0.22744536,-20.0,1.0,160000
72119,73.67116392701203,0.9739511609077454,48.69755804538727,-1.0,-1.0,-0.48739073,-0.49968457,-35.47211289405823,1.0,160000
70914,73.67114567842572,0.9739508032798768,48.69754016399384,-1.0,-1.0,-1.0,0.032470226,-20.0,1.0,127586
91422,73.67095406826127,0.973947048187256,48.69735240936279,-1.0,-1.0,-0.49309862,-0.7982074,-53.8012957572937,1.0,160000
83157,73.67063167652246,0.9739407300949096,48.69703650474548,-1.0,-1.0,-1.0,-0.43319595,-39.56103682518005,1.1264196634292605,116825
67875,73.67049177066045,0.97393798828125,48.6968994140625,-1.0,-0.44026303,-0.82425535,-0.6688683,-25.99868893623352,1.0,160000
22970,73.67030928474158,0.9739344120025636,48.696720600128174,-0.81211877,-0.99997544,-1.0,-0.50916004,-53.853678703308105,1.0,154822
95738,73.66965233532196,0.973921537399292,48.6960768699646,-0.6307436,-1.0,-1.0,0.16198134,-44.69509840011597,1.0,160000
93678,73.66960367239504,0.9739205837249756,48.69602918624878,-1.0,-1.0,-1.0,-0.61324584,-60.0,1.0,160000
72464,73.6688554797729,0.9739059209823608,48.69529604911804,-0.96974486,-1.0,-0.8376017,-0.52319324,-34.7745418548584,1.0,160000
66401,73.66830802161309,0.9738951921463012,48.69475960731506,-1.0,-0.02923946,0.12349376,-0.6801268,-34.45876121520996,1.0,160000
72523,73.66802516818296,0.9738896489143372,48.69448244571686,-1.0,-0.26003066,-1.0,-0.30369145,-20.0,1.0,160000
92552,73.66699716297056,0.9738695025444032,48.69347512722016,-1.0,-0.8427338,-1.0,-0.7094722,-60.0,1.0,98761
52736,73.66587183133024,0.9738474488258362,48.69237244129181,-1.0,-0.88841224,-1.0,-0.5339699,-20.0,1.0416719913482666,160000
31817,73.66556160467977,0.9738413691520692,48.692068457603455,-1.0,-0.6305994,-1.0,-0.12133014,-41.24035120010376,1.0517159700393677,160000
26216,73.66497156564874,0.9738298058509828,48.69149029254913,-0.70005286,-1.0,-1.0,-0.6883884,-57.418304681777954,1.0,112236
63565,73.66464917312894,0.9738234877586364,48.691174387931824,-0.5157802,-1.0,-1.0,-0.47167528,-35.73051571846008,1.0,160000
55942,73.66429028329321,0.973816454410553,48.69082272052765,-0.31822634,-1.0,-1.0,-0.84043056,-20.0,1.0,160000
62222,73.66418079146854,0.9738143086433412,48.69071543216705,-1.0,-1.0,-1.0,-0.9151335,-31.104171872138977,1.0,160000
40825,73.6640317609216,0.9738113880157472,48.69056940078735,-0.44986722,-1.0,-0.6460432,-0.8122448,-29.41987156867981,1.0,121996
38539,73.66394051772517,0.9738095998764038,48.69047999382019,-1.0,-1.0,-0.85589015,-0.419908,-26.62848949432373,1.0,160000
96714,73.66370328539863,0.9738049507141112,48.690247535705566,-1.0,0.0747717,-0.45326775,0.55368006,-32.384416460990906,1.0,160000
20897,73.66369111963768,0.9738047122955322,48.69023561477661,-1.0,-0.1755082,-0.054701895,-0.9209678,-28.701694011688232,1.0,160000
5757,73.66280910180915,0.9737874269485474,48.68937134742737,-0.45382813,-1.0,-0.5846589,-0.495006,-39.03269030153752,1.0,85842
28883,73.66278477027838,0.9737869501113892,48.68934750556946,-1.0,-0.43966833,-1.0,-0.61189723,-60.0,1.144445300102234,156410
26934,73.66271177568463,0.9737855195999146,48.68927597999573,0.03717746,-0.07484104,-0.99570405,-0.9216718,-60.0,1.0,160000
60606,73.66210044587726,0.9737735390663148,48.688676953315735,-1.0,-1.0,-0.9353457,-0.4465053,-20.0,1.0,160000
56802,73.66181150885095,0.973767876625061,48.68839383125305,0.08917618,-1.0,-1.0,1.0,-20.0,1.258791744709015,124610
46528,73.66164422950447,0.9737645983695984,48.68822991847992,0.0066194236,-0.5556846,-1.0,-0.94084877,-20.0,1.0,160000
88029,73.66117584727404,0.973755419254303,48.68777096271515,0.22283864,0.045719773,-0.7868024,-0.50069255,-36.06394767761231,1.0,160000
24910,73.66092340746364,0.9737504720687866,48.68752360343933,-0.56314534,-1.0,-0.1510323,-0.5059781,-33.211809396743774,1.0,121200
66702,73.66005659587,0.9737334847450256,48.68667423725128,-0.8625678,-0.5145085,-0.9748962,-0.7569692,-60.0,1.0,160000
106049,73.65998360119559,0.973732054233551,48.68660271167755,-1.0,-1.0,-1.0,-0.81655383,-49.187549352645874,1.0,116608
70947,73.65946351407796,0.9737218618392944,48.68609309196472,-1.0,-1.0,-1.0,-0.0075598955,-22.633347511291504,1.0,160000
90134,73.6587883130951,0.9737086296081544,48.68543148040772,-1.0,-1.0,-1.0,-0.5823251,-31.85689687728882,1.0,160000
57927,73.6580674902204,0.9736945033073424,48.68472516536713,-0.8027226,-1.0,0.4106146,-0.509376,-24.20112490653992,1.0,160000
68110,73.65802186851239,0.9736936092376708,48.684680461883545,-1.0,-1.0,-0.13073921,-0.46222574,-42.10760712623596,1.0,137033
62652,73.65800970272345,0.9736933708190918,48.68466854095459,-1.0,-1.0,1.0,-0.6240161,-58.67788076400757,1.0,160000
92758,73.6578789204885,0.9736908078193665,48.68454039096832,-1.0,-0.7323052,-0.91842216,-0.23288953,-20.0,1.0,160000
113713,73.65730712831012,0.9736796021461488,48.68398010730744,-1.0,-1.0,0.4074803,-0.68780375,-60.0,1.0,160000
78023,73.65718547038274,0.9736772179603576,48.68386089801788,0.01970148,-1.0,-0.38164216,-0.0848223,-27.5916600227356,1.0,160000
70921,73.65677487483356,0.973669171333313,48.68345856666565,-1.0,-1.0,-1.0,-0.31332982,-20.0,1.0,160000
81173,73.65665017543104,0.9736667275428772,48.68333637714386,-0.42341518,-0.99640405,-1.0,-0.6610557,-20.0,1.0,102813
114212,73.65646464704001,0.973663091659546,48.683154582977295,-1.0,-0.60674214,-1.0,-0.6232135,-43.03813695907593,1.0,160000
44644,73.65631561602727,0.973660171031952,48.6830085515976,-0.8210642,-0.55872464,1.0,-0.6385921,-20.0,1.0,157025
73181,73.65615441920745,0.9736570119857788,48.68285059928894,-0.92300946,-0.47086382,1.0,-0.8078754,-43.8878858089447,1.0,160000
62785,73.65542142976193,0.973642647266388,48.6821323633194,-0.4631871,-1.0,1.0,-0.94194,-20.0,1.0,131478
82607,73.65538493235647,0.9736419320106506,48.68209660053253,-1.0,-0.27381217,0.81184614,0.41581568,-27.606220245361328,1.0,160000
59593,73.65527544013683,0.9736397862434388,48.681989312171936,-1.0,-0.7370306,-1.0,-0.5549804,-24.539411067962646,1.0,160000
93779,73.65465498413381,0.9736276268959044,48.68138134479523,-1.0,-0.2027629,0.8172797,0.16836208,-50.51307797431946,1.0,120888
108409,73.65447553849602,0.9736241102218628,48.68120551109314,-1.0,-0.38149738,-1.0,0.42079496,-36.63349151611328,1.0,160000
82605,73.65416835186545,0.9736180901527404,48.680904507637024,-0.73991627,-1.0,-1.0,0.4538116,-20.0,1.0,160000
92759,73.65385812374429,0.9736120104789734,48.68060052394867,-1.0,-1.0,-0.8111437,-0.17445111,-20.0,1.0,101196
55899,73.65376079726687,0.9736101031303406,48.68050515651703,-0.13939658,-0.8240686,-1.0,-0.8630371,-33.63349735736847,1.0,160000
57930,73.65372429983685,0.9736093878746032,48.68046939373016,0.023762524,-1.0,-0.5797515,-0.46931225,-20.0,1.0,160000
39855,73.653039972924,0.9735959768295288,48.67979884147644,0.16301283,-1.0,-1.0,-0.1444341,-55.41172623634338,1.0,160000
61257,73.65181122545764,0.9735718965530396,48.67859482765198,-0.27134418,-1.0,-1.0,-0.69063973,-20.0,1.0,160000
21577,73.65177168654385,0.9735711216926576,48.67855608463287,-0.64489555,-0.98115367,-0.24919203,-0.79202473,-54.17513370513916,1.0,160000
40837,73.65166827707404,0.9735690951347352,48.67845475673676,-0.7909207,-1.0,-1.0,-0.33248597,-51.02415084838867,1.0,160000
96113,73.65165611125379,0.973568856716156,48.6784428358078,-1.0,-1.0,-1.0,-0.7496753,-20.0,1.0,160000
11553,73.65139150464825,0.9735636711120604,48.67818355560303,-0.023464106,-1.0,-0.25755295,0.50343436,-46.32534384727478,1.0,150913
91209,73.65095353503192,0.9735550880432128,48.677754402160645,-0.48877183,-1.0,-1.0,-0.30875897,-20.0,1.0,160000
31002,73.65087749863227,0.9735535979270936,48.67767989635468,-1.0,-1.0,-0.5164459,1.0,-36.55703067779541,1.0,147098
33216,73.6507923378619,0.9735519289970398,48.67759644985199,-0.47251832,-0.22893396,-1.0,-0.42526945,-33.968422412872314,1.0,120806
32485,73.6506524308756,0.97354918718338,48.677459359169006,-1.0,-0.059871092,-1.0,-0.70559734,-20.0,1.0,160000
80486,73.64992552271048,0.9735349416732788,48.67674708366394,-0.4709865,0.07987881,-1.0,-0.20969296,-20.0,1.0,160000
59013,73.64971262069687,0.9735307693481444,48.67653846740723,-0.20130363,-0.4677263,0.34908485,-0.78104025,-55.71639060974121,1.0,150887
87917,73.64913474371026,0.9735194444656372,48.67597222328186,-0.75103384,-1.0,-1.0,-0.4629668,-20.0,1.0,160000
101243,73.64874543703246,0.973511815071106,48.6755907535553,-1.0,-1.0,-1.0,-0.82135665,-20.0,1.0,160000
70920,73.64855382512943,0.9735080599784852,48.675402998924255,-0.95155025,-0.61453056,-0.39093852,0.8821217,-20.0,1.0,135311
100674,73.64836829612977,0.9735044240951538,48.67522120475769,-0.6029588,0.055281013,-1.0,-0.3552271,-33.93477201461792,1.0,160000
73277,73.64741327777968,0.9734857082366944,48.67428541183472,0.15276265,-0.2813318,-1.0,0.25654024,-20.0,1.0,160000
4166,73.64699659768308,0.97347754240036,48.673877120018005,-1.0,-0.0789818,1.0,-0.600687,-40.81092923879624,1.0,104597
41337,73.64660424920666,0.973469853401184,48.6734926700592,-0.18802774,-1.0,1.0,-0.8845527,-20.0,1.0,146355
62654,73.64655862728674,0.9734689593315125,48.67344796657562,-0.329726,-0.3827883,-0.51217663,-0.782386,-20.0,1.0,160000
40641,73.6458499666891,0.9734550714492798,48.67275357246399,-0.97701347,-1.0,0.44010425,-0.56819415,-33.36908757686615,1.0,87902
42629,73.64561881554886,0.9734505414962769,48.67252707481384,-0.97390616,-1.0,-0.19894144,-0.10761362,-47.58450746536255,1.0,121868
67980,73.6452507985572,0.973443329334259,48.67216646671295,-0.3618911,-0.5230803,0.4323753,0.35639736,-20.0,1.0,160000
45112,73.64472158394405,0.973432958126068,48.671647906303406,-0.17470571,-1.0,-0.031921923,-0.5523356,-42.12388277053833,1.0,160000
5558,73.64433531803405,0.9734253883361816,48.67126941680908,0.16151181,-0.14816347,-1.0,-0.6657324,-23.680340051651,1.0,153723
36505,73.64425928143048,0.9734238982200624,48.67119491100311,-1.0,-0.5567211,0.48662582,-0.52088404,-20.0,1.0,159544
79572,73.64424103264527,0.9734235405921936,48.67117702960968,-1.0,-0.32441908,-1.0,0.03658545,-20.0,1.0,108610
98974,73.6442075765387,0.9734228849411012,48.671144247055054,-1.0,-1.0,-1.0,-0.77344286,-20.0,1.0,160000
23356,73.64415587164585,0.97342187166214,48.671093583107,-1.0,-1.0,0.6659187,-0.86496407,-58.45891237258911,1.0,160000
86893,73.64385172519535,0.9734159111976624,48.67079555988312,-0.9744171,0.12155181,-1.0,0.1508348,-34.48948383331299,1.0,143544
93778,73.64313089795793,0.9734017848968506,48.67008924484253,-1.0,-1.0,-1.0,-0.76775074,-52.593514919281006,1.0,160000
79272,73.64243744370799,0.9733881950378418,48.66940975189209,-0.06428355,-0.013289988,0.67514265,-0.6680027,-30.449562072753903,1.0,160000
67124,73.64209375797677,0.9733814597129822,48.66907298564911,-0.6611219,0.028072953,-0.574914,-0.7001864,-20.0,1.0,160000
87322,73.64190822849136,0.9733778238296508,48.668891191482544,-1.0,-0.9278056,-0.81516117,-0.4122156,-38.24527740478516,1.0,160000
103833,73.64128472765944,0.973365604877472,48.6682802438736,-1.0,-1.0,0.0857839,-0.929724,-20.0,1.0,160000
95949,73.64122693976947,0.9733644723892212,48.66822361946106,-1.0,-1.0,-1.0,-0.92532504,-25.57352185249329,1.0,136898
105373,73.64118740068608,0.9733636975288392,48.66818487644196,-0.883958,-0.65433025,-0.13842669,-0.37413073,-20.0,1.0,128657
89522,73.64038141154047,0.9733479022979736,48.66739511489868,-0.58773327,-0.9410915,-1.0,-0.3570795,-20.84133744239807,1.0,160000
82601,73.63997081319525,0.973339855670929,48.66699278354645,-1.0,-1.0,-0.2538488,1.0,-60.0,1.0,113531
75445,73.63967883210816,0.9733341336250304,48.666706681251526,-1.0,-1.0,0.3710755,-0.71076494,-55.56629657745361,1.0,160000
31819,73.63924390188312,0.9733256101608276,48.66628050804138,-1.0,0.30796084,-1.0,-0.3280792,-38.44178557395935,1.0,78737
48129,73.63921044570878,0.9733249545097352,48.66624772548676,-1.0,-1.0,0.07206279,0.050489724,-45.54407835006714,1.0,160000
45119,73.63889413276539,0.9733187556266784,48.66593778133392,-1.0,-1.0,-0.8637646,1.0,-50.70393562316895,1.0,116773
77689,73.63879680569771,0.9733168482780457,48.66584241390228,-0.69833857,-0.56503195,-1.0,-0.5614235,-20.0,1.011967122554779,160000
52292,73.6384957000578,0.9733109474182128,48.665547370910645,-0.03820899,-0.05890973,-1.0,-0.741065,-47.95344948768616,1.0,160000
92965,73.63805164520862,0.9733022451400756,48.66511225700378,-1.0,0.05203539,-1.0,1.0,-30.908482670784,1.0,160000
41566,73.63789653013973,0.973299205303192,48.66496026515961,-1.0,-1.0,0.35193616,-0.8650495,-20.0,1.0,150084
72324,73.63783265922618,0.973297953605652,48.66489768028259,-0.9771111,-1.0,-0.906132,-0.752278,-20.0,1.0,156673
73272,73.63634842038825,0.9732688665390016,48.66344332695007,-0.74029595,-1.0,-1.0,-0.40918654,-20.0,1.0,119989
57450,73.63609901951224,0.97326397895813,48.663198947906494,-0.19925836,-1.0,-1.0,-0.24065733,-26.823854446411133,1.0,160000
83249,73.63604731444944,0.9732629656791688,48.66314828395844,-0.7313655,-1.0,-1.0,-0.36807764,-28.799245357513428,1.1214301586151123,160000
85311,73.63574620847388,0.973257064819336,48.6628532409668,-1.0,-0.2713974,-0.84877074,-0.34576112,-20.0,1.0,160000
39576,73.63552722228674,0.973252773284912,48.662638664245605,-0.6795363,-0.15934865,-0.5639904,-0.6381656,-20.0,1.0,160000
70949,73.63410989454984,0.9732249975204468,48.66124987602234,-1.0,-0.91438794,-1.0,-0.5900237,-20.0,1.0,135021
28890,73.63390307412529,0.973220944404602,48.6610472202301,-0.3251728,-0.29208815,-0.57724714,-0.07431227,-25.327725410461422,1.0,106212
78540,73.63370233663781,0.9732170104980468,48.66085052490234,-0.3537524,-0.4418221,-0.96142405,0.36506313,-20.0,1.0,135001
70915,73.63282030809009,0.973199725151062,48.6599862575531,-1.0,-1.0,-1.0,1.0,-20.0,1.0,133296
73171,73.6326651926922,0.9731966853141784,48.65983426570892,-0.03687036,-0.15425396,-1.0,-0.6461869,-20.0,1.0,160000
91263,73.63246445510396,0.9731927514076232,48.659637570381165,-1.0,-0.59796846,1.0,-0.60988545,-23.405436277389526,1.0,160000
106881,73.63244012327397,0.9731922745704652,48.65961372852325,-0.58661294,0.028941035,-0.52060527,-0.34050465,-20.0,1.0,160000
22576,73.63240058404972,0.973191499710083,48.65957498550415,-0.51278496,-1.0,-1.0,-0.8680351,-40.77437996864319,1.0,160000
112694,73.63236104482485,0.9731907248497008,48.659536242485046,-1.0,-1.0,-1.0,-0.2295065,-54.91177320480347,1.0,160000
73923,73.63173754157951,0.973178505897522,48.6589252948761,-1.0,-0.7559361,-1.0,-0.15460604,-27.66840934753418,1.0,160000
28161,73.63144860099773,0.9731728434562684,48.658642172813416,-0.012155235,-0.20305681,-1.0,-0.6894187,-20.0,1.0,143166
34932,73.6304175390668,0.9731526374816896,48.65763187408447,-1.0,0.16911268,-1.0,-0.57145417,-20.0,2.0536354780197144,128782
85316,73.62964500270621,0.9731374979019164,48.65687489509583,-0.6344525,-0.94342375,-1.0,0.841671,-23.237751722335812,1.0,142885
82146,73.62961762936617,0.9731369614601136,48.65684807300568,-0.4809734,-1.0,-0.41792655,-0.61370814,-20.0,1.0,160000
85393,73.62922527812538,0.9731292724609376,48.65646362304688,-0.6052614,-0.3925201,-1.0,-0.13558197,-45.24867653846741,1.0,121019
82602,73.62885725868773,0.9731220602989196,48.656103014945984,-0.00840652,-0.8888876,-0.08976039,1.0,-28.74640464782715,1.0,111457
59017,73.62874168232409,0.9731197953224182,48.65598976612091,-1.0,-0.7586077,-1.0,-0.8415789,-49.52554821968079,1.0,125282
83244,73.62851661254774,0.9731153845787048,48.65576922893524,-1.0,-1.0,-1.0,-0.16314447,-20.0,1.0,156397
56854,73.62849532216244,0.9731149673461914,48.65574836730957,-1.0,-0.8363385,-1.0,-0.9717408,-20.0,1.0,160000
93158,73.62805734848095,0.9731063842773438,48.65531921386719,-1.0,-0.5592691,-0.024666667,-0.5424417,-20.0,1.0,160000
83419,73.62763762362985,0.9730981588363647,48.65490794181824,-0.83676285,-0.7313885,-1.0,-0.6295299,-54.48013663291931,1.0,146845
85319,73.62686508639828,0.9730830192565918,48.65415096282959,-0.84894794,-0.345272,-0.9345875,-0.042589843,-20.48610210418701,1.0,160000
81836,73.62663393347881,0.9730784893035888,48.65392446517944,-1.0,-0.43379247,-1.0,-0.45475423,-20.0,1.0,130044
30440,73.62663393347881,0.9730784893035888,48.65392446517944,-0.51838565,-0.7781204,0.29073107,-0.94955903,-20.0,2.8396151065826416,160000
53774,73.62564849184209,0.9730591773986816,48.65295886993408,-0.11855824,-0.2548949,-0.2058789,0.29231453,-20.0,1.0,160000
113610,73.62517706129017,0.9730499386787416,48.65249693393707,-1.0,-0.13555872,-1.0,-0.583092,-20.0,1.0,160000
7796,73.62444406264007,0.9730355739593506,48.65177869796753,-0.6663496,-0.744783,-1.0,-0.46915537,-43.895016610622406,1.0,155638
55881,73.62441060626495,0.973034918308258,48.6517459154129,-0.772614,-0.25301278,-1.0,0.11475563,-20.0,1.0,113489
114753,73.6241520797146,0.973029851913452,48.65149259567261,-1.0,-1.0,-0.29004782,1.0,-50.54741621017456,1.0,134774
85318,73.62368977334522,0.9730207920074464,48.65103960037232,-0.37333155,-0.46572405,-1.0,0.48715597,-20.0,1.0,114665
38117,73.62325788179024,0.9730123281478882,48.65061640739441,-0.020425498,-1.0,-1.0,-0.6638635,-29.938864707946777,1.0,160000
99724,73.62313318069337,0.9730098843574524,48.65049421787262,-1.0,-1.0,0.27403867,0.18388557,-34.87136960029602,1.0,160000
69943,73.6230905998296,0.9730090498924256,48.65045249462128,-0.22411445,-0.6543623,-1.0,-0.66469955,-20.0,1.0,160000
74166,73.6223484760855,0.9729945063591005,48.64972531795502,-0.86459476,-0.8399267,0.5741009,-0.6980396,-20.0,1.0,111261
73738,73.62219336002879,0.9729914665222168,48.64957332611084,-1.0,-1.0,-1.0,0.020307958,-20.0,1.0,160000
54690,73.62199262158798,0.9729875326156616,48.64937663078308,-0.53047997,-1.0,-1.0,0.14892924,-49.44047808647156,1.0,160000
47932,73.62173409478405,0.9729824662208556,48.64912331104279,-1.0,-1.0,-1.0,0.07864332,-28.93846869468689,1.0,143169
104177,73.62131132736391,0.972974181175232,48.6487090587616,-0.4435476,-0.632395,-1.0,-0.8927163,-20.0,1.0,160000
113134,73.62052966366954,0.9729588627815248,48.64794313907623,-1.0,-1.0,-0.8508877,0.062318802,-50.84410905838013,1.0,160000
35733,73.62044754334485,0.9729572534561156,48.647862672805786,-0.08479801,-1.0,1.0,-0.50997734,-20.0,1.0,120295
50725,73.62022855579896,0.972952961921692,48.6476480960846,-1.0,-0.81055415,-1.0,-0.80477774,-42.69130229949951,1.0,133643
92435,73.61931914897661,0.972935140132904,48.6467570066452,-0.048351288,-0.8043591,-0.74794364,-0.25695372,-45.49490213394165,1.0,160000
114756,73.61911232731133,0.9729310870170592,48.646554350852966,-0.3598867,-0.20258558,-0.8518019,0.09845519,-58.453638553619385,1.0,147604
80605,73.6187199743986,0.9729233980178832,48.646169900894165,-0.3459569,-1.0,-0.3948062,-0.53951645,-35.496987104415894,1.0,160000
76527,73.61797784933863,0.972908854484558,48.64544272422791,-1.0,-1.0,0.19792873,-0.9391988,-26.541576385498047,1.0,160000
47979,73.61772540510745,0.9729039072990416,48.64519536495209,-0.8801017,-1.0,-1.0,-0.87418157,-20.877418518066406,1.0,107585
67015,73.61724180705022,0.9728944301605223,48.64472150802612,-0.5592483,-1.0,0.9615071,-0.95014256,-20.512772798538208,1.0,91397
23787,73.61694678177375,0.9728886485099792,48.64443242549896,-1.0,-0.28354654,-0.6773406,-0.2320961,-20.0,1.0,160000
91014,73.61668217144417,0.9728834629058838,48.64417314529419,-1.0,-0.93984866,0.3155241,-0.95641685,-31.35489106178284,1.0,160000
88952,73.61663654897069,0.9728825688362122,48.64412844181061,-1.0,-1.0,-1.0,0.6116952,-28.316341638565063,1.0,160000
37354,73.61645405906829,0.9728789925575256,48.64394962787628,-1.0,-0.98183817,-0.6510028,1.0,-20.0,1.0,160000
42234,73.61636585561062,0.9728772640228271,48.64386320114136,-0.23076731,-0.075124055,-0.6088089,-0.6572011,-60.0,1.0,145281
93774,73.61570889182661,0.9728643894195556,48.64321947097778,-0.43352884,-0.9623833,0.57355136,0.5156058,-25.37839651107788,1.0,123859
62576,73.61505496936768,0.972851574420929,48.64257872104645,-0.5441737,-1.0,0.60927385,-0.64422506,-20.0,1.0,119345
84496,73.61436150722166,0.9728379845619202,48.64189922809601,-1.0,-1.0,0.18611252,-0.7289579,-51.54166579246521,1.0,160000
93154,73.61336693617159,0.9728184938430786,48.64092469215393,-1.0,-1.0,-1.0,-0.3099972,-44.63156580924988,1.0,160000
37353,73.61158157367711,0.9727835059165956,48.63917529582977,-0.21750566,-0.3313514,-0.8457794,-0.0019465089,-20.0,1.0,160000
28263,73.61133521180034,0.9727786779403688,48.63893389701843,-0.9983296,-0.34945923,0.32207236,-0.59056044,-20.0,1.0,128488
63155,73.61045925826116,0.9727615118026732,48.63807559013367,-0.4545651,-1.0,-1.0,0.79033554,-22.52974271774292,1.0,122147
59518,73.61025851886458,0.9727575778961182,48.63787889480591,-1.0,-0.60416603,-0.5494429,0.74910426,-24.70264673233032,1.0,160000
101184,73.60900237651154,0.972732961177826,48.636648058891296,-1.0,-1.0,-1.0,-0.26415098,-20.0,1.0,160000
44923,73.60817508628276,0.972716748714447,48.63583743572235,0.071424246,-1.0,-1.0,-0.83314705,-60.0,1.0,116195
63159,73.6073112976592,0.9726998209953308,48.63499104976654,-0.162965,-0.19889393,-1.0,0.95843,-54.23175573348999,1.0,152166
43708,73.60729913162008,0.9726995825767516,48.63497912883759,-0.98216367,-1.0,-1.0,-0.47005045,-25.22982954978943,1.0,160000
92930,73.6072656750122,0.9726989269256592,48.63494634628296,-0.698906,-1.0,-1.0,-0.8688357,-20.0,1.919785499572754,160000
34226,73.60705276931509,0.9726947546005248,48.634737730026245,0.033065736,-1.0,-0.070187986,-0.8810197,-41.464669704437256,1.0,160000
114759,73.60656916916327,0.9726852774620056,48.63426387310028,-0.4991083,-1.0,-1.0,0.8565699,-28.75730872154236,1.0,160000
41720,73.60530390039243,0.972660481929779,48.63302409648895,-0.6762839,-0.7304125,-1.0,-0.7211461,-28.147730827331543,1.0,158349
93151,73.60468647332843,0.9726483821868896,48.63241910934448,-1.0,-1.0,-1.0,-0.27816117,-28.39483618736267,1.0,143775
112665,73.60447965043494,0.9726443290710448,48.632216453552246,-0.89040524,-0.6523864,-1.0,-0.98388386,-52.71745920181274,1.0,160000
104338,73.60433669930724,0.9726415276527404,48.632076382637024,-0.7329918,-0.11463162,-0.5543191,0.1538341,-31.60939931869507,1.0,160000
114757,73.60358848688647,0.9726268649101256,48.63134324550629,-0.6345453,-1.0,0.052529693,1.0,-40.28656244277954,1.0,148684
54281,73.60358240385773,0.9726267457008362,48.63133728504181,-0.17870589,-0.6511377,-0.7288176,-0.46108514,-57.01590538024902,1.0,160000
38114,73.6027520702934,0.9726104736328124,48.63052368164063,-0.7730665,0.04539816,0.3149972,-0.6301733,-34.10398721694946,1.0,150131
75389,73.6022076389766,0.9725998044013976,48.629990220069885,-0.45342022,0.017283678,0.07467404,-0.3421672,-36.32114440202713,1.0,160000
87544,73.60203427255436,0.9725964069366456,48.62982034683228,-1.0,-0.9487206,-1.0,-0.43258333,-23.723175525665283,1.0,160000
114752,73.60178182668963,0.9725914597511292,48.62957298755646,-1.0,-1.0,-1.0,1.0,-20.0,1.0,160000
114755,73.60178182668963,0.9725914597511292,48.62957298755646,-1.0,-1.0,-1.0,1.0,-20.0,1.0,160000
88955,73.60178182668963,0.9725914597511292,48.62957298755646,-0.47400522,-0.7388589,-1.0,1.0,-20.0,1.0,160000
88953,73.60178182668963,0.9725914597511292,48.62957298755646,-1.0,-0.8749264,-1.0,1.0,-34.32057857513428,1.0,160000
40902,73.60176357758998,0.9725911021232604,48.62955510616303,-1.0,0.40614885,-1.0,-0.4359209,-20.0,1.0,160000
16830,73.59877680645734,0.9725325703620912,48.62662851810455,-0.7909626,-0.21976553,1.0,-0.56736946,-48.76963019371033,1.0,160000
92217,73.59701272404617,0.9724979996681212,48.62489998340607,-1.0,-1.0,0.10976958,-0.7967112,-28.97573709487915,1.0,160000
79444,73.59607897646534,0.9724797010421752,48.623985052108765,-0.46470135,-0.06433767,0.2905128,-0.4971171,-32.84809052944183,1.0,160000
73921,73.59606072732342,0.9724793434143066,48.62396717071533,-0.18288001,0.037347317,0.23424321,0.012473583,-20.0,1.0,160000
61536,73.5955953741589,0.972470223903656,48.6235111951828,-0.5093166,-1.0,-0.41232342,-0.63214797,-31.382665038108826,1.0,148716
69406,73.59522734969855,0.9724630117416382,48.62315058708191,-1.0,-0.33948183,1.0,-0.9127222,-21.647744178771973,1.0,160000
77906,73.5942510200785,0.9724438786506652,48.622193932533264,-1.0,-0.092089295,-0.5028408,-0.81008625,-20.0,1.0,160000
89597,73.5938343309951,0.972435712814331,48.62178564071655,-1.0,-1.0,-1.0,-0.73080504,-60.0,1.0,160000
109046,73.59344501558336,0.9724280834197998,48.62140417098999,-0.5788736,-0.50338304,-1.0,-0.82136595,-20.0,1.0,160000
79244,73.5934054757334,0.9724273085594176,48.621365427970886,-0.82806873,0.055564225,-1.0,-0.57913005,-20.0,1.0,160000
10518,73.59323819174583,0.9724240303039552,48.62120151519776,-1.0,-0.786427,-0.63475686,0.31173784,-44.32266116142273,1.0,129114
43796,73.59012062444326,0.9723629355430604,48.618146777153015,-1.0,-1.0,1.0,-0.6376185,-20.0,1.0,97814
76789,73.5897586822275,0.972355842590332,48.6177921295166,-0.74419796,-1.0,-0.3858382,-0.6097208,-28.78199458122253,1.0,158705
66885,73.58922945569859,0.9723454713821412,48.617273569107056,-1.0,-0.32804683,-1.0,-0.88521147,-47.83436298370361,1.0,157573
92760,73.58836566042999,0.9723285436630248,48.616427183151245,-1.0,-1.0,0.23615924,-0.21363509,-52.30692505836487,1.0,113371
73529,73.58819229303322,0.9723251461982728,48.61625730991364,0.04009676,-0.60477966,-1.0,-0.6010177,-20.0,1.0,85187
18346,73.58797026108618,0.972320795059204,48.616039752960205,-1.0,-0.38390544,-1.0,-0.5765839,-20.0,1.0,105061
103967,73.58777256139048,0.9723169207572936,48.615846037864685,-1.0,-1.0,-0.23424971,-0.24574149,-39.3481707572937,1.0,160000
83891,73.58686618412074,0.9722991585731506,48.61495792865753,-1.0,-0.7350054,-0.9843222,-0.49263537,-51.8245005607605,1.0,160000
34981,73.58618488018149,0.972285807132721,48.61429035663605,-0.3117629,-0.308338,-1.0,-0.4942389,-25.59599876403809,1.0,109701
59515,73.58570431746807,0.9722763895988464,48.61381947994232,-1.0,-1.0,-1.0,1.0,-39.605504274368286,1.0,117948
67305,73.58435083337224,0.9722498655319214,48.61249327659607,-1.0,-1.0,-1.0,-0.5028319,-20.0,1.0,128133
111112,73.58239208203699,0.972211480140686,48.6105740070343,-1.0,-1.0,-1.0,1.0,-41.52785062789917,1.0,160000
111117,73.58239208203699,0.972211480140686,48.6105740070343,-1.0,-0.93563086,-1.0,1.0,-20.0,1.0,160000
59520,73.58239208203699,0.972211480140686,48.6105740070343,-0.5226046,-1.0,-1.0,1.0,-32.15866029262543,1.0,160000
85200,73.58088347746147,0.9721819162368774,48.60909581184387,-1.0,-0.04086891,-0.42076206,-0.5029659,-58.34732532501221,1.0,149389
66449,73.57941441203651,0.9721531271934508,48.60765635967255,-1.0,-1.0,-1.0,-0.36953455,-32.16258227825165,1.0,130508
70728,73.57838941141729,0.9721330404281616,48.60665202140808,-0.7113301,0.06733246,-0.25130796,-0.29192692,-22.681784629821777,1.0,160000
62670,73.57837724523527,0.9721328020095824,48.606640100479126,-0.35141563,-1.0,-0.20482731,-0.5543805,-29.33825969696045,1.0,160000
32441,73.57560031261536,0.9720783829689026,48.60391914844513,-0.8774228,-0.651639,-0.0005656183,-0.6416954,-34.21981990337372,1.0,160000
99814,73.57294199740133,0.9720262885093688,48.601314425468445,-0.95241755,-1.0,-0.96981055,-0.5237746,-20.0,1.0,160000
43706,73.57267738234297,0.9720211029052734,48.60105514526367,-1.0,-1.0,-0.7410835,-0.8261874,-28.99168968200684,1.0,160000
59020,73.57174970863777,0.9720029234886168,48.60014617443085,-0.85973823,-0.33169,-1.0,-0.3250851,-24.628186225891117,1.0,103654
53776,73.57121743668176,0.9719924926757812,48.59962463378906,-1.0,-0.5077445,-1.0,0.7976239,-20.0,1.0,160000
26685,73.57118093802913,0.971991777420044,48.5995888710022,-0.104063034,0.118012846,-1.0,-0.84485793,-20.0,1.0,160000
74954,73.57105015118609,0.9719892144203186,48.59946072101593,-1.0,-1.0,-0.95268244,-0.97788423,-20.0,1.0,120769
62001,73.57060608417876,0.9719805121421814,48.59902560710907,-1.0,-1.0,0.9331026,-0.532122,-22.186501026153564,1.0,114058
75493,73.57048746352626,0.9719781875610352,48.59890937805176,-0.22624093,-0.77865696,0.052860558,-0.43346816,-45.81099510192871,1.0,153359
44878,73.5704692141946,0.9719778299331664,48.598891496658325,-0.8213676,0.024006695,-0.9532122,-0.57337636,-20.0,1.0,160000
18488,73.56986698617378,0.971966028213501,48.59830141067505,-1.0,-0.15993011,-0.19751008,-0.39012563,-60.0,1.0,160000
101205,73.56876290108603,0.9719443917274476,48.597219586372375,-1.0,-0.5770388,-1.0,-0.89256656,-36.259227991104126,1.0,154791
78028,73.56854999205895,0.9719402194023132,48.59701097011566,-1.0,-1.0,-1.0,-0.89844406,-60.0,1.0,160000
42231,73.56622928246856,0.9718947410583496,48.59473705291748,-1.0,-0.87177765,-0.21037912,-0.87842196,-49.898372292518616,1.0,140159
82970,73.56612586940834,0.9718927145004272,48.59463572502136,-1.0,0.013367832,-1.0,-0.8937011,-20.0,1.0,160000
83243,73.5655783884288,0.9718819856643676,48.594099283218384,-1.0,-0.78281605,-0.52549356,0.084861636,-20.0,1.0,160000
50318,73.56535027131804,0.9718775153160096,48.59387576580048,0.0052437186,-0.8594803,1.0,-0.90349567,-20.0,1.0,160000
79532,73.56529248164661,0.9718763828277588,48.59381914138794,-1.0,-1.0,-1.0,0.22071785,-60.0,1.0,93884
103648,73.56526206602953,0.971875786781311,48.59378933906555,-0.74831986,-0.10246748,0.032955408,-0.19940102,-20.0,1.0,160000
36209,73.56447430141606,0.9718603491783142,48.59301745891571,-1.0,-1.0,-1.0,-0.5252185,-38.21460008621216,1.1848334074020386,160000
74063,73.56392377850551,0.97184956073761,48.59247803688049,-1.0,-0.55266047,-1.0,-0.20531297,-60.0,1.0,141332
26242,73.56347058551981,0.9718406796455384,48.59203398227692,-0.47499996,-0.999441,-0.55254614,0.002420932,-42.52913415431976,1.0,123044
14056,73.56333371513858,0.9718379974365234,48.59189987182617,0.15023616,-0.49866962,-0.19036414,-0.78840375,-20.0,5.080179780721664,160000
10032,73.56252161738665,0.9718220829963684,48.59110414981842,-1.0,-0.86595225,0.18936595,-0.74280214,-20.0,1.0,160000
103828,73.56150573442801,0.9718021750450134,48.59010875225067,-0.52229774,-1.0,-1.0,0.18402004,-20.0,1.0,160000
32112,73.55917893505212,0.9717565774917604,48.58782887458801,-1.0,-0.045936078,-0.2792827,-0.65230036,-36.0578852891922,1.0,160000
73988,73.55885652869041,0.971750259399414,48.5875129699707,-1.0,-0.56592935,1.0,-0.79751885,-20.0,1.0,120181
66109,73.5587470321806,0.971748113632202,48.58740568161011,-1.0,-0.6621738,-1.0,-0.72128415,-34.80181694030762,1.0,160000
41154,73.5581326350073,0.9717360734939576,48.58680367469788,-0.50629455,-0.27971062,-0.26994616,-0.10843831,-20.0,1.0,140847
114262,73.55747261411048,0.9717231392860411,48.58615696430206,-0.9744085,-0.3668806,-1.0,-0.77075624,-20.0,1.0,160000
91458,73.55575412569078,0.9716894626617432,48.58447313308716,-0.8117076,-0.35782862,-1.0,0.41110748,-20.0,1.0,144691
67355,73.55552600766866,0.971684992313385,48.58424961566925,-1.0,-0.5400094,-1.0,-0.20911342,-20.0,1.0,160000
19349,73.55478386355692,0.9716704487800598,48.58352243900299,0.16648285,-0.34871492,-1.0,0.024073452,-20.0,1.0,160000
83429,73.55352769289004,0.9716458320617676,48.58229160308838,-0.35025916,-1.0,-0.31700665,-0.23689258,-60.0,1.0,160000
92399,73.5533086993909,0.9716415405273438,48.58207702636719,-1.0,-1.0,-0.81211287,-0.8304696,-43.35813522338867,1.0,160000
60029,73.55308058114187,0.9716370701789856,48.58185350894928,-1.0,-0.24516243,-0.56280255,-0.47776157,-38.58450531959534,1.0,155008
89079,73.55015154094347,0.9715796709060668,48.57898354530335,-0.4529105,-0.2618897,-0.7861124,0.12983549,-40.48956513404846,1.0,113269
97344,73.54955843269022,0.9715680480003356,48.57840240001679,-1.0,-1.0,-1.0,-0.4231063,-38.01173686981201,1.0,160000
72191,73.5492877319527,0.9715627431869508,48.578137159347534,-1.0,-0.55590516,-0.114334196,-0.7495463,-20.0,1.0,116285
48378,73.5481866792075,0.971541166305542,48.5770583152771,-0.22442615,-0.20920339,-0.07412189,-0.40681303,-20.0,1.0,160000
82609,73.54804372480938,0.9715383648872375,48.57691824436188,-1.0,-0.06128174,0.48773718,1.0,-29.02929425239563,1.0,160000
68882,73.54801939214504,0.9715378880500792,48.57689440250397,-0.44502562,-1.0,0.3462987,-0.5307774,-48.06360423564911,1.0,160000
22494,73.54769394273636,0.9715315103530884,48.57657551765442,-1.0,-1.0,-0.40547156,-0.8237827,-35.23467272520065,1.0,160000
111622,73.5474171586259,0.9715260863304138,48.57630431652069,-0.25094885,-1.0,-1.0,-0.31088233,-20.0,1.0,160000
45128,73.54738370120384,0.9715254306793212,48.576271533966064,0.20234877,-0.18835407,-0.48254523,0.18204421,-60.0,1.0,137110
8925,73.54400754081806,0.9714592695236206,48.57296347618103,-0.18741289,-1.0,-1.0,-0.7389365,-60.0,1.0,144469
33742,73.5437824632941,0.9714548587799072,48.57274293899536,-0.36558735,-1.0,-0.72909117,-0.31260413,-20.0,1.0,133186
109213,73.54332318341773,0.971445858478546,48.57229292392731,-1.0,-1.0,-1.0,0.38766146,-20.0,1.0,160000
57338,73.54260536833971,0.9714317917823792,48.57158958911896,-1.0,-1.0,-1.0,-0.4321682,-20.0,1.0,146962
99565,73.54144652236872,0.9714090824127196,48.57045412063599,-1.0,-1.0,-0.05569023,-0.70127165,-25.85550546646118,1.0,149612
68104,73.54141306486537,0.9714084267616272,48.57042133808136,-1.0,-1.0,-1.0,-0.19008487,-20.0,1.0,135308
105371,73.54040629796077,0.9713886976242064,48.56943488121033,-0.13014013,-0.3213808,-1.0,1.0,-20.0,1.0,140279
105378,73.54040629796077,0.9713886976242064,48.56943488121033,-0.8988592,-0.8142193,-1.0,1.0,-20.0,1.0,145362
62112,73.53921399341938,0.9713653326034546,48.56826663017273,-0.6792997,-1.0,-0.15933216,0.27773893,-31.71945035457611,1.0,160000
71113,73.5390132482101,0.9713613986968994,48.56806993484497,-1.0,-1.0,-1.0,-0.445323,-27.73373007774353,1.0,139835
50948,73.53776619426984,0.9713369607925416,48.56684803962708,-0.75341725,0.022038013,-0.7520834,-0.60306185,-38.44972491264343,1.0,160000
79577,73.53652218129388,0.9713125824928284,48.56562912464142,0.0043697357,-0.091169834,-0.6424831,1.0,-20.0,1.0,160000
29616,73.5359351529471,0.9713010787963868,48.565053939819336,-1.0,-0.47630388,0.89574075,-0.5512774,-49.71944689750672,1.0,135123
41116,73.53395203024084,0.9712622165679932,48.56311082839966,-0.6418704,-0.54323256,-1.0,-0.7425188,-41.71813249588013,1.0,160000
67973,73.53330721085648,0.9712495803833008,48.56247901916504,-1.0,-1.0,-1.0,0.52190757,-20.0,1.0,160000
76935,73.53278709698445,0.9712393879890442,48.56196939945221,-0.3610577,-1.0,-1.0,-0.5441716,-20.0,1.0,160000
34726,73.53258026804566,0.9712353348731996,48.56176674365997,-0.23769341,-1.0,-0.70612645,-0.42020214,-20.0,1.0,106327
74167,73.53223656697652,0.9712285995483398,48.56142997741699,-0.7280294,-0.7699299,-1.0,-0.29188967,-20.0,1.0,160000
53848,73.53212098607521,0.9712263345718384,48.56131672859192,-0.26183018,-1.0,-1.0,-0.6690085,-20.0,1.0,129714
112698,73.53205711241688,0.971225082874298,48.561254143714905,-1.0,-0.19244736,-0.40884888,-0.769315,-56.33498430252075,1.0,160000
93238,73.53124804593438,0.9712092280387878,48.56046140193939,-0.20486924,-1.0,-1.0,-0.1394198,-20.0,1.0,106665
44139,73.53027777412458,0.9711902141571044,48.559510707855225,-0.6462133,-0.6678105,-1.0,0.5951387,-31.428558826446533,1.0,160000
40906,73.52990973988958,0.9711830019950868,48.55915009975433,-0.8263903,-0.9270524,-1.0,0.09779963,-20.0,1.0,160000
75178,73.52905504860212,0.9711662530899048,48.55831265449524,-1.0,-1.0,-1.0,-0.7706193,-20.0,1.0,160000
29223,73.52900942450368,0.9711653590202332,48.55826795101166,-0.88778055,-0.4978602,-0.2809332,-0.83298457,-20.282654762268063,1.0,160000
83422,73.52509791531287,0.971088707447052,48.5544353723526,-0.40523764,-1.0,0.06644508,-0.26349115,-37.638192772865295,1.0,160000
71526,73.52253383553412,0.9710384607315063,48.55192303657532,-1.0,-0.92356306,-1.0,-0.9246553,-60.0,1.0,160000
66132,73.52187380507473,0.97102552652359,48.551276326179504,-0.66571534,-0.47388473,-0.42190585,0.28228083,-36.825470328330994,1.0,126581
79575,73.52085182207784,0.9710054993629456,48.55027496814728,-1.0,-0.7254132,-1.0,0.978891,-20.0,1.0,105851
57761,73.52010054263921,0.970990777015686,48.5495388507843,-1.0,-0.01761055,-0.32935753,-0.9213043,-37.60883331298828,1.0,160000
63604,73.52004883513902,0.9709897637367249,48.54948818683624,-0.050801396,-1.0,-1.0,-0.37870103,-20.0,1.0,160000
45127,73.51941922019648,0.9709774255752563,48.54887127876282,-1.0,-0.50862485,-0.78144264,-0.888207,-20.0,1.0,160000
30997,73.51894472766932,0.9709681272506714,48.54840636253357,-1.0,-0.36356172,0.5870626,-0.7127053,-60.0,1.0,142264
36780,73.51893256119305,0.9709678888320924,48.54839444160461,-0.634292,-0.9951055,-0.7983701,-0.9177627,-42.13751912117005,1.0,160000
34568,73.51795620127652,0.9709487557411194,48.54743778705597,-0.17555007,-1.0,-1.0,-0.11950135,-20.0,1.0,160000
41363,73.51777370405277,0.9709451794624328,48.54725897312164,-0.49609083,-1.0,-0.114833504,0.14439932,-20.0,1.0,160000
23686,73.51736004362874,0.9709370732307434,48.54685366153717,-0.8402005,-0.97698736,1.0,-0.9732014,-37.79870212078095,1.0,128091
49944,73.51664830420661,0.970923125743866,48.5461562871933,-1.0,-1.0,-1.0,-0.95250446,-20.0,5.856066107749939,160000
52196,73.51642626579765,0.9709187746047974,48.54593873023987,-0.39573443,-0.7128825,-1.0,-0.63903177,-20.0,1.0,160000
96723,73.51402338310085,0.9708716869354248,48.54358434677124,-1.0,-1.0,-1.0,-0.8691474,-35.656543374061584,1.0,160000
82414,73.51393821759501,0.9708700180053712,48.54350090026856,-1.0,-0.5930494,-1.0,-0.645689,-20.41890859603882,1.0,160000
75969,73.51284323225677,0.970848560333252,48.5424280166626,-1.0,-0.8205709,0.14906812,-0.7494703,-20.0,1.0,160000
86328,73.51273373369608,0.97084641456604,48.542320728302,-0.37199503,-1.0,0.3015585,0.5342288,-44.80602204799652,1.0,114476
96920,73.51254211120312,0.9708426594734192,48.54213297367096,-1.0,-0.24910966,-1.0,-0.5265658,-20.0,1.0,160000
20194,73.51232615567724,0.97083842754364,48.54192137718201,-0.15162764,-0.08299006,-0.6769264,-0.9707137,-51.91563606262207,1.0,160000
65656,73.51160224828288,0.9708242416381836,48.54121208190918,-1.0,0.015678078,-0.63205314,0.5550586,-51.137486696243286,1.0,160000
7436,73.51124637776284,0.9708172678947448,48.54086339473725,-0.020316355,0.08787334,0.50348413,-0.64040405,-42.83932387828827,1.0,103450
59031,73.5108479243843,0.9708094596862792,48.540472984313965,-0.97830164,-0.52114344,-0.8903434,-0.30302924,-20.0,1.0,118093
77358,73.51068671803719,0.9708063006401062,48.54031503200531,-0.6485791,-0.43874913,-0.5621085,-0.60262334,-20.0,1.0,140478
93237,73.50963127244643,0.9707856178283693,48.53928089141846,-0.2765075,-0.015257865,-0.18516433,-0.40992802,-57.62131929397583,1.1567938923835754,160000
6346,73.50881611531061,0.9707696437835692,48.53848218917847,-1.0,-1.0,0.08290246,0.07191451,-28.109631538391117,1.0,92086
53637,73.50720709166197,0.9707381129264832,48.53690564632416,-1.0,-0.45947665,-1.0,-0.68146276,-32.73204445838928,1.0,160000
89783,73.50648926602662,0.9707240462303162,48.53620231151581,-1.0,-0.79147774,-1.0,-0.53889143,-20.0,1.0,77024
86862,73.50604822898549,0.9707154035568236,48.53577017784119,-1.0,-1.0,-0.8268435,-0.8564484,-20.0,1.0,116938
79354,73.50512661339538,0.9706973433494568,48.53486716747284,-1.0,-1.0,1.0,-0.96564376,-20.0,1.0,160000
93204,73.50453957754199,0.9706858396530152,48.53429198265076,-1.0,-1.0,-1.0,-0.715539,-53.82806658744812,1.0,157873
26228,73.50447874480304,0.9706846475601196,48.53423237800598,-0.9404682,-1.0,-0.2554565,-0.9562285,-20.0,1.0691521167755127,160000
80278,73.4997368281606,0.9705917239189148,48.52958619594574,-1.0,-0.44867036,-0.40616715,-0.4377789,-20.0,1.0,146772
43695,73.49957257944044,0.9705885052680968,48.529425263404846,-1.0,0.08731893,-1.0,-0.58818907,-36.24496042728424,1.0,160000
112123,73.49889429294255,0.970575213432312,48.5287606716156,-1.0,-0.28507453,-1.0,0.33506227,-37.08848297595978,1.0,160000
105372,73.49889429294255,0.970575213432312,48.5287606716156,-0.05498451,-1.0,-0.43687186,1.0,-20.0,1.0,154441
58010,73.49810954868857,0.97055983543396,48.527991771698,0.080934584,-1.0,0.46943575,-0.7045127,-20.0,1.0,160000
58045,73.4966313088306,0.9705308675765992,48.52654337882996,-0.37571785,-0.64348024,0.7791619,-0.7497649,-60.0,1.0,160000
58034,73.49602602105966,0.9705190062522888,48.52595031261444,-0.43030918,-1.0,-0.35866663,-0.91328824,-21.47347211837769,1.0,143823
47684,73.4955788988415,0.9705102443695068,48.52551221847534,-0.6558965,-0.04120174,-0.8501103,-0.8813766,-20.0,1.0,134043
26927,73.4930573713369,0.970460832118988,48.5230416059494,-0.6123582,-1.0,-1.0,-0.87009585,-20.0,3.6739177107810974,160000
54480,73.4887534311873,0.9703764915466307,48.51882457733154,-0.25290808,-1.0,-0.31851217,-0.33679432,-20.0,1.0,160000
35306,73.4854836482856,0.9703124165534972,48.51562082767487,-1.0,-1.0,1.0,-0.9598191,-52.17829465866089,1.0,130975
79841,73.48477494127704,0.9702985286712646,48.51492643356323,-0.75164914,-0.61790794,0.46018317,-0.92170304,-51.0567307472229,1.0,160000
62006,73.48427610875332,0.9702887535095216,48.51443767547608,-1.0,-1.0,-1.0,-0.2366367,-27.043720483779907,1.0,160000
64563,73.48357044305862,0.9702749252319336,48.51374626159668,-0.1630742,-0.72226894,0.7320409,-0.76572305,-20.0,1.0,160000
10031,73.48350352647358,0.9702736139297484,48.51368069648743,-1.0,-1.0,0.30408448,-0.66646075,-20.0,1.0,158094
102184,73.48264273569404,0.9702567458152772,48.512837290763855,-0.5013266,-1.0,0.2977335,-0.6686934,-27.512236833572388,1.0,160000
95304,73.48160552802814,0.9702364206314088,48.51182103157044,-1.0,0.045743942,-1.0,-0.33460522,-34.14340436458588,1.0,160000
77419,73.48135915312217,0.970231592655182,48.51157963275909,-1.0,-1.0,-0.50684124,-0.5952086,-55.2578353881836,1.0,155528
101282,73.48124052815862,0.9702292680740356,48.51146340370178,-1.0,-1.0,0.072381735,-0.6377164,-29.331839084625244,1.0,160000
99568,73.48117665317586,0.9702280163764954,48.51140081882477,-1.0,-0.69405395,-0.65634763,-0.6916815,-28.29177498817444,1.0,160000
48733,73.48098806988375,0.9702243208885192,48.51121604442597,-0.52262354,-1.0,-1.0,-0.35327584,-35.25515556335449,1.0,137939
110995,73.48069606991893,0.9702185988426208,48.51092994213104,-0.7503357,-1.0,-1.0,-0.06694031,-49.59441423416138,1.0,160000
60426,73.48054702825681,0.9702156782150269,48.51078391075134,-1.0,-0.4341923,-0.54588634,-0.33020276,-36.48441433906555,1.0,160000
84045,73.48000865319777,0.9702051281929016,48.51025640964508,-1.0,-0.5071157,0.2257433,-0.500967,-20.0,1.0,160000
67657,73.47908094448526,0.9701869487762452,48.509347438812256,-0.844884,-1.0,-1.0,-0.55157655,-45.17193913459778,1.0,160000
31004,73.47578377362936,0.9701223373413086,48.50611686706543,-0.060602933,0.14485306,0.19819254,0.506458,-42.45935559272766,1.1094940304756165,160000
60258,73.47429031193892,0.970093071460724,48.504653573036194,-0.23114254,-1.0,-1.0,-0.9355803,-20.0,1.0,159435
75939,73.47404393629765,0.9700882434844972,48.50441217422485,-1.0,-1.0,-1.0,-0.8449333,-20.0,1.0,160000
82610,73.4691316266746,0.9699919819831848,48.49959909915924,-0.1107139,-0.7634133,-0.33273917,1.0,-46.70470476150513,1.1553082466125488,86782
74357,73.46770203626554,0.9699639678001404,48.49819839000702,-1.0,-0.17391616,-0.24741924,-0.9635713,-20.0,1.0,102347
87805,73.46676215615915,0.9699455499649048,48.49727749824524,-0.022200406,-1.0,-1.0,-0.2710365,-20.0,1.0,96096
78038,73.46602911025954,0.969931185245514,48.496559262275696,-0.09109503,-0.18505353,-1.0,-0.6396768,-20.0,1.0,160000
8770,73.46583444243193,0.9699273705482484,48.496368527412415,-0.17325534,-0.18553004,0.37990674,0.051143013,-50.67325830459595,1.0,106957
49606,73.46539339807775,0.969918727874756,48.49593639373779,-1.0,-0.6781059,-1.0,-0.69310194,-20.0,1.0,160000
99533,73.4638847216176,0.9698891639709472,48.49445819854736,-0.8312681,-0.48322597,-1.0,0.4867707,-52.31742143630981,1.0,131641
75403,73.46362009480401,0.9698839783668518,48.49419891834259,0.06026554,-0.45038986,-0.8762875,-0.84104866,-20.0,1.0,160000
89718,73.46303000732365,0.9698724150657654,48.49362075328827,-0.25087738,-1.0,-0.01620102,-0.09423441,-54.479594230651855,1.0,110947
71175,73.46222395976251,0.9698566198349,48.492830991745,0.1147899,-1.0,-1.0,-0.87432426,-20.0,1.0,160000
100364,73.46072440642419,0.9698272347450256,48.49136173725128,-1.0,-1.0,0.19864047,0.19644487,-20.0,1.0,160000
50660,73.45988794118144,0.9698108434677124,48.49054217338562,-1.0,-1.0,-1.0,-0.05995375,-20.0,1.0,160000
38658,73.45851613756491,0.9697839617729188,48.489198088645935,-1.0,-1.0,-1.0,-0.51708937,-20.0,1.0,160000
77472,73.45674891270468,0.9697493314743042,48.48746657371521,-0.016451001,-1.0,0.035914183,-0.58676153,-20.0,1.0,132599
30434,73.45659378619308,0.9697462916374208,48.48731458187103,-0.015895069,-1.0,-1.0,-0.41081068,-60.0,1.0,160000
111114,73.4564690766374,0.9697438478469848,48.48719239234924,-0.45146748,-1.0,0.019851446,0.33223987,-40.530556440353394,1.0,150589
112126,73.45614057338719,0.9697374105453492,48.486870527267456,-0.7062899,-1.0,-1.0,-0.15277183,-59.40563440322876,1.0,160000
15420,73.4541908448563,0.969699203968048,48.484960198402405,-1.0,-0.15390542,-0.3681268,-0.46494305,-35.708955228328705,1.0,92272
102348,73.45180006797099,0.9696523547172546,48.48261773586273,-0.69512844,-1.0,-1.0,-0.6159073,-20.0,1.0,160000
2444,73.45150198112188,0.9696465134620668,48.48232567310333,-0.7398037,-1.0,0.38477945,-0.77278936,-26.07722282409668,1.0,160000
92963,73.45145027217497,0.9696455001831056,48.48227500915527,-1.0,-0.3215468,0.3890257,0.024477005,-20.0,1.0,112175
108404,73.45037046744594,0.9696243405342102,48.48121702671051,-1.0,-1.0,0.80242264,1.0,-55.36370277404785,1.0,160000
83173,73.45014233962534,0.969619870185852,48.4809935092926,-1.0,-1.0,0.09063804,-0.88999784,-46.25513315200806,1.0,160000
61402,73.4488161561407,0.96959388256073,48.4796941280365,-1.0,-1.0,-1.0,0.31209087,-20.0,1.0,154101
105375,73.44767551610104,0.9695715308189392,48.47857654094696,-1.0,0.099119365,-1.0,0.7386196,-20.44381022453308,1.0,160000
78040,73.44613336992245,0.969541311264038,48.477065563201904,-1.0,-0.427021,-1.0,-0.563656,-25.7618260383606,1.0,160000
95934,73.44230081308181,0.9694662094116212,48.473310470581055,-0.564836,-1.0,-0.8309243,-0.43775797,-30.093135833740234,1.0,160000
56616,73.44218826965532,0.9694640040397644,48.47320020198822,-1.0,-0.8596062,-1.0,-0.81037873,-20.0,1.0,136968
83416,73.44056399368046,0.9694321751594543,48.47160875797272,0.11469746,0.18070853,-0.981591,1.0,-31.69058620929718,1.0,160000
74872,73.43803024267592,0.9693825244903564,48.46912622451782,-0.060709715,-0.37052143,-0.6310698,-0.1324411,-26.702651977539062,1.0,160000
60783,73.43759527675346,0.9693740010261536,48.46870005130768,-0.06666666,-0.16416146,-0.37864697,-0.62681705,-60.0,1.0,149812
72585,73.43644854804182,0.9693515300750732,48.46757650375366,-0.9980631,-1.0,-1.0,-0.49130112,-20.0,1.0,122250
77901,73.43446534486371,0.9693126678466796,48.465633392333984,-0.21748722,-0.2760886,-0.19006643,-0.5334483,-20.0,1.0,156534
82305,73.43442276072875,0.9693118333816528,48.46559166908264,-0.7029939,-0.5026624,-1.0,-0.5615226,-20.0,1.0,160000
55817,73.43116507220809,0.9692479968070984,48.46239984035492,-1.0,0.09138751,0.8155986,-0.13138676,-24.93387103080749,1.0,160000
92663,73.43105252826945,0.9692457914352416,48.462289571762085,-1.0,-1.0,-1.0,-0.7509804,-21.95757269859314,1.0,120161
22867,73.43062364456394,0.9692373871803284,48.46186935901642,-0.8579743,-0.5540284,0.49046206,0.08233981,-25.415728092193604,1.0,160000
2511,73.4295651227562,0.9692166447639464,48.46083223819733,-0.87012184,-1.0,-0.9466724,-0.9729122,-49.67013120651245,1.0,124286
29235,73.42925182454711,0.9692105054855348,48.46052527427673,-1.0,-1.0,0.8160897,-0.70716727,-40.09343147277832,1.0,160000
99898,73.42655380821205,0.9691576361656188,48.45788180828095,-0.7249961,-0.38810816,-1.0,0.7152278,-27.055115699768063,1.0,160000
83589,73.42638955458484,0.969154417514801,48.45772087574005,-0.6797335,-1.0,-1.0,-0.50627375,-23.979374170303345,1.0,160000
108405,73.42631959470324,0.9691530466079712,48.45765233039856,-1.0,-1.0,1.0,0.93317866,-48.96726727485657,1.0,128834
72284,73.42215545727663,0.9690714478492736,48.45357239246368,-0.80742663,-0.64705557,-1.0,-0.05899024,-26.518445014953613,1.0,125901
36659,73.42118514227778,0.9690524339675904,48.45262169837952,-0.5687077,-0.026654765,-0.70202136,-0.5790304,-23.17807555198669,1.0,160000
40864,73.42009315722616,0.969031035900116,48.4515517950058,-1.0,-1.0,0.28671384,-0.7657932,-23.950793743133545,1.0,160000
97955,73.41789397693762,0.9689879417419434,48.44939708709717,-1.0,-1.0,-0.1307981,-0.8875067,-60.0,1.0,160000
45311,73.41571608690177,0.9689452648162842,48.44726324081421,-1.0,-1.0,-0.5487966,-0.6849625,-20.0,1.0,124940
35654,73.41555183254665,0.9689420461654664,48.44710230827332,-0.40164286,-0.95930326,0.25002873,-0.61109847,-32.298628091812134,1.0,108316
29240,73.41547274711249,0.968940496444702,48.44702482223511,-0.66386294,-0.39246422,0.29917714,-0.5927208,-20.0,1.0,123145
112122,73.41537541118998,0.9689385890960692,48.44692945480347,-0.94870925,-0.7187625,-0.7852744,1.0,-20.0,1.18762469291687,160000
49074,73.41275342331957,0.968887209892273,48.44436049461365,-0.8801862,-1.0,1.0,-0.8159914,-45.82837522029877,1.0,96006
87333,73.41192606693458,0.968870997428894,48.4435498714447,-1.0,-1.0,-1.0,0.35103834,-24.510157108306885,1.0,79770
58213,73.41158234894232,0.9688642621040344,48.44321310520172,-1.0,-0.39022148,0.21841902,-0.9553383,-20.0,1.0,159530
57618,73.41143330307224,0.9688613414764404,48.44306707382202,-1.0,-1.0,-1.0,0.3961416,-20.0,1.0662875175476074,116705
19319,73.41015576667027,0.9688363075256348,48.44181537628174,0.20203353,-0.202245,0.3022378,-0.31435043,-42.06977427005768,1.0,160000
14996,73.40933753467158,0.9688202738761902,48.44101369380951,-0.52734727,-1.0,1.0,-0.49000138,-35.758233070373535,1.348891019821167,160000
67363,73.40929190834389,0.9688193798065186,48.44096899032593,-1.0,-0.24726635,1.0,-0.6947846,-20.0,1.2143681049346924,160000
58243,73.40708967658138,0.9687762260437012,48.43881130218506,-1.0,-0.58321106,0.2963758,-0.42436534,-27.7806556224823,1.0,115136
88124,73.40684937769164,0.968771517276764,48.4385758638382,-1.0,-1.0,-1.0,-0.78633606,-54.50076580047608,1.0,160000
65083,73.40137420671348,0.9686642289161682,48.43321144580841,-1.0,-0.19105381,-1.0,-0.49464583,-20.0,1.0,160000
58003,73.39981682250547,0.9686337113380432,48.43168556690216,-1.0,-1.0,-0.44751158,-0.64130205,-43.44575762748718,1.0,92570
83743,73.39933622327212,0.9686242938041688,48.43121469020844,-1.0,-0.6576843,-0.6419218,0.27910632,-41.5828013420105,1.0,160000
113286,73.39602677788328,0.9685594439506532,48.427972197532654,-0.71591246,-0.18300658,-1.0,-0.47467804,-21.038227081298828,1.0,123772
71002,73.39432034335299,0.968526005744934,48.426300287246704,-1.0,-0.4061176,-0.9059653,-0.52790153,-48.17775011062622,1.0,160000
112362,73.39163749734973,0.9684734344482422,48.42367172241211,-1.0,-0.03796482,-1.0,-0.25484657,-20.0,1.0,160000
86890,73.38997060288402,0.9684407711029052,48.422038555145264,-0.41293383,-1.0,-1.0,-0.2357279,-32.971400022506714,1.0,154181
86900,73.38710828692317,0.9683846831321716,48.41923415660858,-0.9330773,0.14343965,-1.0,0.17867422,-41.34415030479431,1.0,141889
20362,73.38588548992149,0.968360722064972,48.4180361032486,-0.40478885,-1.0,0.060934663,-0.90441495,-30.74772357940674,1.0,160000
59882,73.3838687860662,0.9683212041854858,48.41606020927429,-0.44990888,-0.5579298,-0.6901432,-0.6273127,-30.53859293460846,1.0,124006
69937,73.3820132953768,0.9682848453521729,48.41424226760864,-1.0,-1.0,-0.039964437,0.6024854,-20.0,1.0,160000
61131,73.37982928977519,0.968242049217224,48.412102460861206,-1.0,-0.85395944,-1.0,-0.6862342,-24.079008102416992,1.0,139253
19676,73.37827797541746,0.9682116508483888,48.41058254241944,-0.75966495,-0.67649746,-1.0,-0.55141187,-60.0,1.0,160000
37852,73.37771828528956,0.96820068359375,48.4100341796875,-1.0,-1.0,-1.0,-0.31197953,-27.66313672065735,1.0,160000
90140,73.37698217090426,0.9681862592697144,48.40931296348572,-0.027772486,-1.0,-1.0,0.13222957,-20.17991185188293,1.0,129080
101181,73.37201187209669,0.9680888652801514,48.40444326400757,-0.7795927,-0.5951928,0.76786804,-0.20948529,-20.0,1.0,127914
100442,73.37138830268233,0.9680766463279724,48.40383231639862,-1.0,-0.4616427,-1.0,-0.8689122,-31.35546743869781,1.0,160000
79852,73.37033583882162,0.96805602312088,48.402801156044006,-1.0,-0.3835892,-1.0,0.8589312,-20.0,1.0,160000
60026,73.3695814713821,0.9680412411689758,48.40206205844879,-0.081622064,-0.4917703,-1.0,-0.1235618,-46.06293320655823,1.0,160000
86353,73.36450469412111,0.9679417610168456,48.397088050842285,-1.0,-0.6940254,-1.0,-0.43733275,-44.79857683181763,1.0,160000
33865,73.36340964191906,0.9679203033447266,48.39601516723633,-0.111525536,-1.0,-0.84340954,-0.19635329,-21.97413444519043,1.1710042357444763,125659
113717,73.35834806091012,0.9678211212158204,48.391056060791016,-0.5504331,-0.20780416,0.01512742,0.3671906,-49.44916129112244,1.0,139928
99578,73.35695794938384,0.967793881893158,48.3896940946579,-1.0,-0.48889476,-1.0,-0.034574866,-25.564860105514526,1.0,160000
32094,73.35601802669945,0.9677754640579224,48.38877320289612,-1.0,-1.0,-0.9946304,-0.5432923,-31.731534004211422,1.0,151441
73925,73.35328342757408,0.9677218794822692,48.38609397411346,-0.25045645,-0.25435844,-0.26066095,0.5627929,-60.0,1.0,140281
30182,73.34693817240819,0.9675975441932678,48.37987720966339,-0.28014907,-0.73604465,-0.87915605,-0.5676449,-20.0,1.0,144555
39982,73.34378074781773,0.967535674571991,48.37678372859955,-1.0,-0.90920997,0.63934195,-0.6186166,-52.56395220756531,1.0,98947
62307,73.34157237327523,0.967492401599884,48.3746200799942,-1.0,0.16385716,-0.5167129,-0.4996997,-52.49152064323425,1.0,160000
77479,73.34144157416932,0.9674898386001588,48.374491930007935,-1.0,-0.6046176,-1.0,-0.270752,-32.41061985492706,1.0,160000
42458,73.3413381516155,0.9674878120422364,48.374390602111816,-1.0,-1.0,-1.0,-0.5505743,-20.0,1.0,155972
106631,73.34103700944851,0.9674819111824036,48.37409555912018,-0.2777774,-0.66499144,0.05370456,-0.10557687,-20.0,1.0,160000
76543,73.34084841534519,0.9674782156944276,48.373910784721375,-0.024405897,-0.94092166,-1.0,-0.60320175,-60.0,1.0,160000
44338,73.34016704297935,0.9674648642539978,48.37324321269989,-0.3301984,-0.17410634,-1.0,-0.39837277,-20.0,1.0,160000
60522,73.33902635220842,0.967442512512207,48.37212562561035,-0.930585,-1.0,-1.0,1.0,-26.81389331817627,1.0,107466
102414,73.33753584879663,0.9674133062362672,48.37066531181336,-1.0,-0.25123006,-0.49173898,-0.43944454,-57.02480435371399,1.0,160000
64250,73.33724991538489,0.9674077033996582,48.37038516998291,-0.9565511,-1.0,-1.0,-0.63045466,-30.8179372549057,1.0,160000
3538,73.33673280168269,0.9673975706100464,48.36987853050232,-0.31595176,-0.04472027,0.6943658,-0.9531021,-20.0,1.0,138011
105660,73.3354400169472,0.9673722386360168,48.36861193180084,-1.0,-1.0,-1.0,0.9178107,-20.0,1.0,160000
100671,73.33525142241083,0.9673685431480408,48.36842715740204,-0.17378086,0.030486166,-1.0,0.49460387,-20.0,1.0,160000
96522,73.33485902405451,0.9673608541488647,48.36804270744324,-0.67703676,-1.0,-0.35304666,0.2984966,-38.01168918609619,1.0,160000
46202,73.33440883051364,0.967352032661438,48.3676016330719,-1.0,-1.0,-1.0,-0.46377867,-20.0,1.0,160000
49666,73.33372745634763,0.9673386812210084,48.366934061050415,-0.7752631,-0.97121906,-0.33311462,-0.81485283,-36.48701071739197,1.0,160000
13422,73.33040879641375,0.9672736525535583,48.36368262767792,0.110710844,0.030396685,-0.48615298,0.0120652765,-55.19137620925903,1.0,159690
33972,73.32890612031002,0.9672442078590392,48.362210392951965,-0.2909608,-0.65735286,-1.0,-0.6186905,-20.0,1.0,100637
88951,73.32745819670994,0.9672158360481262,48.36079180240631,-0.8149828,-1.0,0.69621587,1.0,-26.34209632873535,1.0,76920
86327,73.32738519213589,0.9672144055366516,48.36072027683258,-1.0,-1.0,-0.5370756,1.0,-33.15448880195618,1.0,158538
47058,73.32584905371631,0.96718430519104,48.359215259552,-0.901206,-1.0,0.6948638,-0.855691,-20.0,1.0,159667
74262,73.32549011430243,0.9671772718429564,48.35886359214783,-1.0,-0.82895905,0.45165575,-0.49108136,-25.12753129005432,1.0512480735778809,160000
79534,73.32312963005985,0.9671310186386108,48.35655093193054,-0.703181,-0.7044145,-1.0,0.4626022,-26.58751130104065,1.0,96518
99727,73.32300187182683,0.9671285152435304,48.356425762176514,-1.0,-1.0,-1.0,0.45152706,-28.49865198135376,1.0,160000
81903,73.3223417875162,0.967115581035614,48.3557790517807,-1.0,-1.0,-0.24693075,-0.46517158,-33.25973868370056,1.0,160000
37872,73.31328005901072,0.966938018798828,48.346900939941406,-0.7366363,-0.9581228,0.1881007,0.02967757,-33.056511878967285,1.0,160000
112128,73.30895755092361,0.9668533205986024,48.34266602993012,-1.0,-0.54739755,-1.0,1.0,-24.22006607055664,1.0,160000
112121,73.30895755092361,0.9668533205986024,48.34266602993012,-1.0,-0.8209819,-1.0,1.0,-20.0,1.0,136051
112130,73.30895755092361,0.9668533205986024,48.34266602993012,-0.32144505,-1.0,-1.0,1.0,-20.0,1.0,160000
112760,73.30833700726079,0.966841161251068,48.342058062553406,-1.0,-1.0,-1.0,-0.16863132,-35.81303596496582,1.0,160000
72691,73.30801456784414,0.966834843158722,48.341742157936096,-1.0,-0.64684975,-0.41729,-0.38407886,-60.0,1.0,160000
54221,73.30544417662767,0.9667844772338868,48.339223861694336,-1.0,-0.22614542,-0.30657378,0.1360147,-25.064759254455566,1.0,160000
105658,73.30045243871302,0.9666866660118104,48.33433330059052,-1.0,-1.0,-1.0,1.0,-20.0,1.0,159611
105653,73.30045243871302,0.9666866660118104,48.33433330059052,-1.0,-1.0,-1.0,1.0,-29.639116525650024,1.0,160000
104332,73.3004341873673,0.9666863083839417,48.33431541919708,-1.0,-1.0,-1.0,0.89112127,-20.0,1.0,148314
65630,73.29919005364536,0.9666619300842284,48.33309650421143,-0.9571395,-1.0,-0.29096934,-0.035126388,-31.82929217815399,1.0,104393
102737,73.2959443521641,0.9665983319282532,48.32991659641266,-0.22259021,-1.0,-1.0,-0.42169058,-20.0,1.0,140498
22097,73.29463633628522,0.9665727019309998,48.32863509654999,-0.7774793,-1.0,-0.6857778,-0.42048746,-56.21155858039856,1.0,160000
44339,73.29366901246208,0.9665537476539612,48.32768738269806,-0.6877638,-1.0,-1.0,-0.39223745,-41.95150554180145,1.0,127379
58216,73.29053889594594,0.9664924144744872,48.324620723724365,-1.0,-1.0,-1.0,-0.329073,-27.91850209236145,1.0,160000
47374,73.28841868839902,0.9664508700370787,48.32254350185394,0.1252777,-0.330444,-0.4198463,1.0,-56.97607517242432,1.0,144340
53155,73.28836089218463,0.966449737548828,48.322486877441406,0.050043643,-0.85279334,-0.06482011,-0.92047083,-22.445197105407715,1.0,152903
26089,73.2880141148695,0.9664429426193236,48.32214713096619,-1.0,-0.86414325,-1.0,-0.28162873,-20.0,1.0,155874
62837,73.28765212797028,0.9664358496665956,48.32179248332977,-1.0,-1.0,-0.68018174,-0.4380479,-35.80751657485962,1.0,160000
80599,73.2841113457122,0.9663664698600768,48.318323493003845,0.09263539,-0.49785304,-1.0,-0.86483645,-20.0,1.0,160000
102789,73.28360030454829,0.9663564562797546,48.31782281398773,-1.0,-1.0,-0.88130575,-0.42302454,-30.88638186454773,1.0,160000
63602,73.28337824496145,0.966352105140686,48.3176052570343,-0.67321974,-0.5083879,0.97055495,-0.33016235,-60.0,1.0,160000
21573,73.28115764797803,0.96630859375,48.3154296875,-1.0,-0.7922811,0.051441357,0.33197793,-46.81608855724335,1.0,160000
100267,73.27951501328839,0.9662764072418212,48.31382036209106,-0.4347583,-1.0,-1.0,0.37389636,-20.0,1.0,160000
62324,73.27870282128191,0.9662604928016664,48.31302464008331,-1.0,-1.0,-0.011413515,-0.75967276,-20.0,1.0,160000
98085,73.27605026722125,0.966208517551422,48.31042587757111,-1.0,-1.0,0.2318703,0.029950619,-24.96358871459961,1.0,160000
87336,73.26652903442806,0.9660219550132751,48.30109775066376,-0.7182408,-1.0,-1.0,0.59866005,-34.635770320892334,1.0,160000
72245,73.26611837338879,0.9660139083862304,48.30069541931152,-1.0,-0.5890639,-1.0,-0.68220085,-27.87532329559326,1.0,160000
79866,73.2652210027282,0.9659963250160216,48.299816250801086,-0.4568165,0.18789908,0.18162355,-0.7657183,-48.944602608680725,1.0,160000
75384,73.26493810275633,0.9659907817840576,48.29953908920288,-0.54327893,-0.6891628,-1.0,0.61299014,-37.07542419433594,1.0,160000
105656,73.26464303500866,0.9659850001335144,48.29925000667572,-1.0,-1.0,-0.8930299,1.0,-20.0,1.0,160000
69982,73.2644270575624,0.9659807682037354,48.29903841018677,-0.8395034,-0.9038773,-1.0,-0.7941092,-60.0,1.0,160000
66758,73.26261102109311,0.9659451842308044,48.29725921154022,-1.0,-0.04289192,-1.0,0.61813104,-60.0,1.0,160000
90826,73.2612756098252,0.965919017791748,48.2959508895874,-1.0,-1.0,-1.0,0.5038223,-34.68104362487793,1.0,85317
96728,73.26114784834425,0.9659165143966676,48.295825719833374,-1.0,-1.0,-1.0,0.5825065,-60.0,1.0,160000
21679,73.2608619059578,0.9659109115600586,48.29554557800293,-1.0,-0.13606307,0.3719089,-0.9058985,-20.0,1.0,160000
35738,73.26002233024565,0.9658944606781006,48.29472303390503,-0.93725955,-1.0,-0.05837509,0.50314546,-20.0,1.0,122782
68558,73.25777433442879,0.9658504128456116,48.29252064228058,-0.66706777,-0.62567073,1.0,-0.9597977,-36.63793206214905,1.0,160000
8650,73.25289505083079,0.9657548069953918,48.28774034976959,-0.6878382,-0.7740644,0.3731532,-0.98098814,-20.20476460456848,4.606622964143753,135827
7438,73.25171477377528,0.965731680393219,48.28658401966095,-1.0,-0.33927983,1.0,-0.3242443,-20.0,1.1152440905570984,151307
38183,73.25169043815984,0.9657312035560608,48.28656017780304,-0.9952593,-0.09052995,-1.0,-0.97095966,-20.0,1.0,160000
87550,73.2508630270903,0.965714991092682,48.285749554634094,-1.0,-0.9683007,-0.97212756,0.031005979,-34.73335146903992,1.0,131623
92718,73.24989264389598,0.9656959772109984,48.28479886054993,-1.0,-1.0,-0.5847702,-0.46376467,-20.0,1.0,160000
55506,73.24921124606075,0.9656826257705688,48.28413128852844,-1.0,-1.0,-0.50859606,-0.59663105,-20.0,1.0,160000
51887,73.24693586261887,0.9656380414962769,48.28190207481384,-1.0,-0.662744,-1.0,-0.2800483,-20.0,1.0,142009
67437,73.24506505779102,0.96560138463974,48.280069231987,-0.80034316,-1.0,-1.0,0.06301296,-20.0,1.0,160000
112124,73.24389086085402,0.9655783772468568,48.278918862342834,-1.0,-1.0,-0.09395063,1.0,-26.26868724822998,1.0,155466
83744,73.24388477693059,0.9655782580375672,48.27891290187836,-1.0,0.0076200515,-0.50215995,0.36426783,-40.68585693836212,1.0,134033
25211,73.2380654971877,0.9654642343521118,48.27321171760559,-0.50708735,-1.0,-0.39046603,-0.66254115,-38.48092824220657,1.0,133944
89790,73.2369612621859,0.9654425978660583,48.27212989330292,-0.107890725,-0.8322132,-1.0,-0.3944322,-20.0,1.0,160000
11918,73.23668748483503,0.9654372334480286,48.27186167240143,-0.14879417,-1.0,-0.55805194,-0.91506386,-42.04965442419052,1.0,156093
66959,73.2363832877423,0.965431272983551,48.27156364917755,-1.0,-1.0,-1.0,0.50864637,-36.63830518722534,1.0,160000
35614,73.23603041906698,0.9654243588447572,48.271217942237854,-1.0,-0.43578115,-0.31480545,-0.95998794,-42.71106243133545,1.0,107157
38181,73.23308883078613,0.9653667211532592,48.26833605766296,-0.2492699,-0.68784064,-0.2765661,-0.40642107,-35.445680022239685,1.0,160000
83864,73.22894261498415,0.9652854800224304,48.26427400112152,-1.0,0.17301476,-1.0,-0.809386,-48.5719621181488,1.0,160000
27794,73.22457432713692,0.965199887752533,48.25999438762665,-1.0,-0.9029958,0.72076285,-0.09597346,-49.09603774547577,1.0,95906
86442,73.22357047157618,0.9651802182197572,48.259010910987854,-1.0,-1.0,0.59504724,-0.4868033,-26.239006519317627,1.0,160000
91939,73.22332102861485,0.9651753306388856,48.25876653194428,-1.0,-1.0,-1.0,0.5525316,-43.97109746932984,1.0,124449
55287,73.21394256305742,0.964991569519043,48.24957847595215,-0.9366571,-1.0,0.35508668,-0.20103633,-20.0,1.0,119770
65626,73.21205652278938,0.9649546146392822,48.24773073196411,-1.0,-0.7174362,0.25900644,-0.07841915,-40.76407313346863,1.0,160000
99786,73.21190442270385,0.9649516344070436,48.24758172035217,-1.0,-1.0,0.71225536,-0.55935895,-20.388816595077515,1.0,160000
26196,73.20887762901825,0.964892327785492,48.2446163892746,-1.0,-1.0,1.0,-0.6453649,-56.30880117416382,1.0,144542
82419,73.20812321151148,0.9648775458335876,48.24387729167938,-0.9464927,0.087714076,-1.0,-0.5120474,-46.972562074661255,1.0,160000
77412,73.202772316088,0.9647727012634276,48.23863506317139,-0.7082387,0.018085659,-0.5679976,-0.35826546,-20.0,1.0,160000
39858,73.20018051940335,0.9647219181060792,48.23609590530396,-1.0,-0.0340406,-1.0,0.98086774,-41.79515719413757,1.0,160000
65385,73.19908539321086,0.96470046043396,48.235023021698,-1.0,-0.5945975,-1.0,-0.8556157,-38.39310050010681,1.0,115182
55634,73.19332380448249,0.9645875692367554,48.22937846183777,-1.0,-1.0,-1.0,-0.40304077,-43.82079005241394,1.0,160000
79850,73.19292225713343,0.964579701423645,48.22898507118225,-1.0,0.018498197,0.19012547,-0.56709826,-20.0,1.0,120633
109500,73.19101490631684,0.9645423293113708,48.22711646556854,-0.33680302,-1.0,-0.87356365,-0.4721192,-20.0,1.0,160000
35281,73.18985893539434,0.9645196795463562,48.22598397731781,-1.0,-0.906834,-0.3255192,-0.3335474,-20.0,1.1264700293540957,154953
92756,73.1893144120582,0.9645090103149414,48.22545051574707,-1.0,-1.0,-1.0,0.6204529,-22.27393388748169,1.0,160000
94354,73.18490650635766,0.964422643184662,48.22113215923309,-1.0,-1.0,-1.0,-0.24631166,-20.0,1.0,160000
48004,73.18452625186697,0.9644151926040648,48.22075963020325,-1.0,-1.0,-1.0,-0.61904335,-40.02896547317505,1.0,160000
78000,73.18375661659516,0.9644001126289368,48.22000563144684,-0.53506476,-1.0,-1.0,-0.9752244,-20.54471492767334,1.0,160000
99895,73.18240595173262,0.9643736481666564,48.218682408332825,-0.14635497,0.22103426,-1.0,1.0,-49.7429883480072,1.0,160000
53303,73.18232077464398,0.9643719792366028,48.21859896183014,-0.18600021,-0.6132396,-0.2972514,-0.42351633,-44.40460562705994,1.0,160000
35466,73.17816230385216,0.9642904996871948,48.21452498435974,-0.92702603,-1.0,0.030721992,-0.4276218,-20.0,1.0,160000
45116,73.17500161791153,0.9642285704612732,48.21142852306366,-0.27489,-1.0,0.15892982,1.0,-60.0,1.0,160000
98000,73.1704172470461,0.9641387462615968,48.20693731307984,-0.7298767,-0.763611,0.36380702,-0.71361816,-20.0,1.0,160000
57159,73.1692643083491,0.9641161561012268,48.20580780506134,-1.0,-0.12618452,-0.49946484,-0.2748407,-29.08006072044373,1.0,120390
54059,73.16050621520131,0.9639445543289183,48.19722771644592,-1.0,-0.70425844,-0.7294665,1.0,-35.34303069114685,1.0,160000
88728,73.15358246230849,0.9638088941574096,48.19044470787048,0.1227569,-1.0,-1.0,-0.13265145,-52.28484630584717,1.0,160000
106640,73.150105368036,0.9637407660484314,48.18703830242157,-1.0,-1.0,-0.48390734,-0.5669247,-20.0,1.0,125051
48557,73.14752872539961,0.9636902809143066,48.18451404571533,-1.0,-0.11923188,-1.0,-0.5461112,-20.0,1.0,160000
86539,73.14742833666993,0.963688313961029,48.18441569805145,-0.3693427,-1.0,-1.0,-0.3130815,-20.0,1.0,160000
91429,73.14700852920973,0.96368008852005,48.1840044260025,-1.0,-0.3614523,-0.27313256,0.044573724,-20.0,1.0,140180
69803,73.14595901024049,0.9636595249176024,48.18297624588013,-0.7902109,-1.0,0.38917553,-0.90375435,-20.0,1.0,158836
57374,73.1435344675763,0.9636120200157166,48.18060100078583,-0.06201306,-0.7092674,1.0,-0.63928145,-31.88445210456848,1.0,88633
91460,73.13997218028203,0.9635422229766846,48.17711114883423,-0.40050817,-0.78877074,-1.0,1.0,-20.0,1.0,119438
78377,73.13767844170661,0.963497281074524,48.1748640537262,-1.0,-0.83081305,-1.0,-0.3522632,-37.41375207901001,1.0,136868
71418,73.13715824339812,0.9634870886802672,48.17435443401337,0.12692612,-0.36816016,-1.0,-0.11497158,-20.0,1.0,160000
33719,73.13440210312451,0.9634330868721008,48.17165434360504,-1.0,-1.0,-0.42503566,1.0,-28.806549310684204,1.0,154987
88959,73.13359290461094,0.9634172320365906,48.17086160182953,-1.0,-1.0,0.98419917,0.970657,-36.57715678215027,1.0,156095
103635,73.1313082862932,0.9633724689483644,48.16862344741821,-1.0,-1.0,-1.0,-0.2709502,-53.40106844902039,1.0,160000
86379,73.12974464481526,0.9633418321609496,48.167091608047485,-0.22223222,-1.0,-1.0,0.061464906,-24.547736644744877,1.0,144449
51003,73.12718014891759,0.963291585445404,48.1645792722702,-0.21462604,-1.0,0.7171048,-0.89839137,-49.58353638648987,1.0,142930
78036,73.12657172719022,0.963279664516449,48.16398322582245,-0.80534995,-1.0,-1.0,-0.10214156,-38.89037013053894,1.0,160000
101188,73.1245335132877,0.9632397294044496,48.16198647022247,-1.0,0.0091878325,-0.4008949,0.46701205,-20.661616325378414,1.0,137600
83784,73.12021979521036,0.963155210018158,48.1577605009079,-1.0,-0.9020608,-0.5396237,-0.671491,-20.044987201690677,1.0,156801
13969,73.11977260396776,0.963146448135376,48.1573224067688,-1.0,-0.22346869,-0.24090987,-0.8524305,-58.6639940738678,1.1328721642494202,151233
45635,73.11906379046812,0.9631325602531432,48.156628012657166,-0.6817689,-0.6752589,-0.12278479,-0.43509102,-20.0,1.0,146984
88956,73.11551363560508,0.9630630016326904,48.15315008163452,-1.0,-0.5801382,0.7986727,1.0,-38.00284743309021,1.0,83065
27758,73.11513641233105,0.9630556106567384,48.152780532836914,-1.0,-0.36203554,-1.0,-0.7007146,-60.0,1.0,141735
106621,73.11474702050253,0.963047981262207,48.15239906311035,-1.0,-0.8153502,-0.45081535,-0.35309565,-60.0,1.0,112982
84897,73.10954802515366,0.962946116924286,48.14730584621429,-0.028051734,-0.6185891,-0.75012624,-0.79972965,-28.874695301055908,1.0,130814
113347,73.10863538584545,0.9629282355308532,48.14641177654266,-0.6269883,-1.0,-0.89523804,0.085547805,-42.24701404571533,1.0,160000
84896,73.10845894220608,0.9629247784614564,48.146238923072815,-1.0,-1.0,-1.0,-0.7883756,-24.196892976760864,1.0,160000
113716,73.10757368168296,0.9629074335098268,48.14537167549133,-0.6899035,-1.0,-1.0,0.91863835,-44.34649348258972,1.0,160000
57333,73.10612562596975,0.9628790616989136,48.14395308494568,-0.60557896,-1.0,-1.0,0.27366072,-20.0,1.0,160000
91456,73.1032933968444,0.9628235697746276,48.14117848873138,-1.0,-0.10520017,-0.8844556,1.0,-20.0,1.0,160000
74613,73.10207349906554,0.9627996683120728,48.13998341560364,-1.0,-0.3844964,-1.0,-0.018428385,-20.0,1.2745968103408811,94201
71067,73.10199440342768,0.9627981185913086,48.13990592956543,-1.0,0.020142317,-0.18148553,-0.62959075,-20.0,1.0,160000
63050,73.10007177020282,0.9627604484558104,48.13802242279053,-1.0,-1.0,-0.39344952,-0.6114335,-22.477691173553467,1.0,128410
60423,73.09815521973663,0.962722897529602,48.1361448764801,-1.0,-0.7337004,-1.0,0.0001437664,-20.0,1.0,160000
74880,73.09791184814,0.96271812915802,48.135906457901,-1.0,-0.7407582,0.5451892,-0.19381654,-20.0,1.0,160000
81304,73.09468717216853,0.962654948234558,48.13274741172791,-0.8891172,-1.0,-0.49250042,-0.5806819,-53.44979166984558,1.0,160000
71074,73.09463545563202,0.9626539349555968,48.132696747779846,-0.84585,-0.6545229,-1.0,-0.5109905,-20.0,1.0,136567
29582,73.09363458832462,0.9626343250274658,48.13171625137329,-1.0,-1.0,-1.0,-0.6963811,-20.0,1.0,110860
87493,73.0845233303766,0.9624558091163636,48.122790455818176,-0.026537836,-0.6342886,-0.6207696,-0.9489431,-20.0,1.0,160000
44561,73.08410655414856,0.9624476432800292,48.122382164001465,-0.81956124,-0.16679029,0.014584899,-0.88270724,-32.1018385887146,1.0,109717
48762,73.08159981093726,0.9623985290527344,48.11992645263672,0.24667531,-0.7511442,-0.32847878,-0.02473849,-20.0,1.0,137617
113060,73.08086664889899,0.9623841643333436,48.119208216667175,-1.0,-1.0,-1.0,-0.3089521,-34.69697833061218,1.0,134053
81145,73.07999963126332,0.9623671770095824,48.118358850479126,-1.0,-0.0071486235,-0.031977177,-0.77195525,-33.729040026664734,1.0,154553
17909,73.07997529392168,0.9623667001724244,48.118335008621216,-1.0,-0.2739796,-1.0,0.0055575073,-42.1645736694336,1.0,160000
95143,73.0780191792847,0.9623283743858336,48.11641871929169,-0.2462582,-0.32448018,-0.54532176,-0.14606154,-20.0,1.0,153511
100957,73.0738057698965,0.9622458219528198,48.11229109764099,-1.0,-1.0,-1.0,-0.61573994,-60.0,1.0,160000
33238,73.07302393066618,0.9622305035591124,48.11152517795563,0.20984739,-0.080134004,-0.26163235,-0.6307641,-45.57882785797119,1.0,160000
97339,73.07231206126328,0.9622165560722352,48.11082780361176,-0.7323171,-0.77229613,-1.0,-0.35872066,-32.28216052055359,1.0,160000
103275,73.0710678103921,0.962192177772522,48.1096088886261,-1.0,-1.0,-1.0,-0.12282145,-20.0,1.0,160000
24561,73.06697911841209,0.9621120691299438,48.10560345649719,-1.0,-0.33024096,0.0077517405,-0.56796205,-20.0,1.0,75582
23610,73.06685438886028,0.962109625339508,48.1054812669754,-1.0,-0.95786417,0.27546486,-0.27151224,-24.742820262908936,1.2771705389022827,107682
70399,73.06251927237972,0.9620246887207032,48.10123443603516,-0.86389923,-1.0,0.6302265,-0.6746143,-21.81092500686645,1.0,160000
105496,73.06152751832087,0.9620052576065063,48.10026288032532,-0.33970368,-0.37916887,-0.89971924,-0.93446743,-44.22480821609497,1.0,160000
60555,73.06126893207284,0.9620001912117004,48.10000956058502,-1.0,-1.0,0.9432357,-0.36377877,-31.271519660949707,1.0,158081
84833,73.05859484442243,0.9619477987289428,48.09738993644714,-1.0,-0.40387863,-0.2205578,-0.049598992,-60.0,1.0,152240
83381,73.0573779662388,0.9619239568710328,48.09619784355164,-0.50715524,-1.0,-0.08887836,-0.27395415,-47.6830518245697,1.0,128770
47376,73.0572501939939,0.961921453475952,48.09607267379761,-1.0,0.33236444,-0.47191352,0.8857711,-36.79458975791931,1.0,160000
14024,73.05692163676157,0.9619150161743164,48.09575080871582,-0.29495004,-1.0,-0.25957787,0.099081695,-60.0,1.0,130909
71800,73.05294852446231,0.9618371725082396,48.09185862541199,-1.0,-0.3907692,0.3481714,-0.4445219,-20.0,1.0,133224
45117,73.05136657899783,0.9618061780929564,48.09030890464783,-1.0,-0.48814467,0.21224287,1.0,-36.87087744474411,1.0,114833
63983,73.04953212939925,0.961770236492157,48.08851182460785,-0.49042866,-1.0,0.2412467,-0.803768,-20.0,1.0,103638
3422,73.04792888623501,0.9617388248443604,48.08694124221802,-1.0,-0.48064348,-0.42462757,-0.4725288,-60.0,1.0,86222
17081,73.04736607766063,0.9617277979850768,48.086389899253845,-0.081343256,0.08097355,0.031162567,-0.76459104,-31.29429817199707,1.0,160000
95974,73.04522740387903,0.9616858959197998,48.08429479598999,-1.0,-1.0,-0.43554693,0.03821802,-20.0,1.0,160000
51805,73.04361807342318,0.9616543650627136,48.08271825313568,0.12328935,-1.0,-0.039784312,-0.090645075,-30.206843614578247,1.0,160000
73739,73.04331385204416,0.961648404598236,48.08242022991181,-0.6684264,-0.30614954,-1.0,0.9580697,-53.57021808624268,1.0,148167
54118,73.04324083890748,0.9616469740867616,48.08234870433808,-1.0,-0.3826902,-1.0,-0.87026244,-20.0,1.0,160000
81852,73.0419904885984,0.9616224765777588,48.08112382888794,-0.6699795,-1.0,-1.0,-0.5321491,-20.0,1.0,147383
30377,73.03287903548309,0.9614439606666564,48.072198033332825,-0.09730223,-1.0,-1.0,-0.34953028,-20.0,1.0,102876
61457,73.0310658674118,0.9614084362983704,48.07042181491852,-0.6108433,-1.0,0.45689094,-0.3870619,-50.39715528488159,1.0,160000
60737,73.02647209655564,0.9613184332847596,48.065921664237976,-0.14643118,0.018063352,-0.7425673,0.2172814,-54.774909019470215,1.0,160000
109882,73.02624088666498,0.9613139033317566,48.06569516658783,-0.32398787,-1.0,-0.052541018,0.15778685,-27.41922259330749,1.1581239700317385,136404
105664,73.02278490459997,0.9612461924552916,48.06230962276459,-1.0,-0.90934676,-1.0,-0.06196022,-48.579843044281006,1.0,128422
62225,73.02136113589768,0.9612182974815368,48.06091487407684,0.1279875,-1.0,0.83602023,-0.5279372,-41.43894791603088,1.0,160000
100973,73.0205062658235,0.961201548576355,48.06007742881775,-0.6975236,-0.8115634,-1.0,-0.3588432,-37.15228438377381,1.0,160000
65708,73.0199343241097,0.9611903429031372,48.05951714515686,-1.0,0.10509533,-1.0,-0.59826374,-50.29123544692993,1.0,160000
70478,73.01987652148212,0.9611892104148864,48.05946052074432,-0.0816102,0.014088631,0.3429439,-0.3060407,-60.0,1.0,151794
81689,73.01846796228634,0.9611616134643556,48.05808067321777,-1.0,-1.0,-1.0,0.7937746,-48.36403012275696,1.0,160000
63985,73.01731495101355,0.9611390233039856,48.05695116519928,-1.0,-0.28070298,-0.5868137,-0.3385858,-21.809632778167725,1.0,160000
98642,73.01348171695338,0.9610639214515686,48.05319607257843,-1.0,0.18625176,-0.9335338,-0.20563042,-20.0,1.0,159663
64340,73.00708081091011,0.9609385132789612,48.04692566394806,-1.0,-0.55074966,0.57325083,0.036223352,-38.868721425533295,1.0,116458
60645,73.00597342809854,0.9609168171882628,48.04584085941315,-0.76055574,-0.15470329,-1.0,-0.106388986,-20.0,1.0,140655
83676,73.00500903111381,0.9608979225158693,48.04489612579346,-1.0,0.013001502,-0.26814413,-0.79599047,-41.68647766113281,1.0,160000
98901,73.0039564080961,0.9608772993087769,48.04386496543884,-1.0,-0.041489735,-1.0,-0.3077551,-20.0,1.0,160000
6386,73.00081678988518,0.9608157873153688,48.04078936576843,-0.35224113,-0.41155538,-0.43214503,-0.5996666,-60.0,1.0,129691
105563,72.99536503999805,0.9607089757919312,48.03544878959656,-0.91804427,-1.0,-0.7182869,-0.4377563,-20.0,1.0,160000
36205,72.9936796192839,0.9606759548187256,48.03379774093628,-1.0,-1.0,-0.45874345,-0.39482427,-20.0,1.673147439956665,124196
99535,72.98978245964233,0.9605996012687684,48.029980063438416,-1.0,-1.0,-1.0,1.0,-20.18246293067932,1.0,140308
30169,72.98923180659966,0.960588812828064,48.0294406414032,-1.0,-0.12874116,-0.49794164,-0.82231015,-31.801576018333435,1.0,140075
65628,72.98507908760192,0.9605074524879456,48.02537262439728,0.031365335,0.041487038,-1.0,0.87621796,-20.0,1.0,160000
99270,72.98324154518417,0.9604714512825012,48.02357256412506,-0.43852252,-0.82563436,-1.0,-0.737378,-20.0,1.0,160000
98216,72.9831746148047,0.9604701399803162,48.02350699901581,-1.0,-0.41286972,-1.0,-0.6110593,-37.96053767204285,1.0,160000
104337,72.9827304404209,0.960461437702179,48.02307188510895,-1.0,-0.38796496,-1.0,1.0,-37.68809676170349,1.0,160000
89594,72.98202462890242,0.9604476094245912,48.02238047122955,-1.0,-1.0,-0.82596433,-0.19498634,-32.06438660621643,1.0,160000
73176,72.9766701899417,0.9603427052497864,48.01713526248932,-1.0,-1.0,-0.10557097,1.0,-20.0,1.0,160000
57615,72.9762260143556,0.9603340029716492,48.01670014858246,0.11849278,-1.0,-1.0,1.0,-21.361536979675293,1.0,160000
87809,72.97526769003738,0.9603152275085448,48.015761375427246,-0.20762348,-0.062466025,-1.0,0.088617206,-20.0,1.0,160000
38962,72.97443714198573,0.9602989554405212,48.01494777202606,-0.69901115,-1.0,-0.011892855,-0.95779777,-48.33770990371704,1.0,126998
19195,72.97442193048028,0.9602986574172974,48.01493287086487,-1.0,-0.3258022,-0.6012048,-0.3697559,-41.04027807712555,1.0,126913
74469,72.97236837635967,0.960258424282074,48.0129212141037,-0.18615168,-1.0,-1.0,0.5132582,-49.69507575035095,1.0,160000
53739,72.96527675596376,0.9601194858551024,48.00597429275513,-0.19498497,-0.55798715,-0.8434582,0.49475488,-46.575812101364136,1.0,108390
89714,72.96515810576616,0.9601171612739564,48.005858063697815,-1.0,-0.29326552,-0.9972655,0.37517297,-33.89851033687592,1.0,160000
77816,72.96403549206809,0.9600951671600342,48.00475835800171,-1.0,-0.0233711,-1.0,-0.07944119,-30.311571955680847,1.0,132630
80095,72.95764358130893,0.9599699378013612,47.99849689006805,-0.73464096,-0.8635268,-1.0,-0.9466479,-20.0,1.0,160000
109886,72.95660614916184,0.9599496126174928,47.99748063087464,-1.0,-0.7471541,-1.0,0.07386911,-20.0,1.0,160000
114274,72.95298273893717,0.9598786234855652,47.99393117427826,-1.0,-0.22206616,-1.0,-0.92621136,-20.0,1.0,160000
72265,72.95109953700464,0.9598417282104492,47.99208641052246,-0.26948527,-1.0,-0.43958747,-0.75486696,-20.0,1.0,160000
51048,72.94942321223203,0.959808886051178,47.9904443025589,-0.7379111,-0.014400661,-0.7313241,-0.5165748,-20.0,1.0,160000
36776,72.9479050876981,0.9597791433334352,47.98895716667175,-0.28244087,-1.0,0.27054495,-0.38184625,-20.0,1.1544910669326782,160000
37378,72.94724490097792,0.9597662091255188,47.98831045627594,-1.0,-0.30616456,-0.7416223,-0.81474066,-20.0,1.0,160000
73731,72.94717796959523,0.9597648978233336,47.98824489116669,-0.032384217,-0.9672184,-0.8692944,1.0,-60.0,1.0,105442
45960,72.94634132715407,0.9597485065460204,47.98742532730103,-0.05502069,-1.0,-0.24670503,-0.72890174,-20.0,1.0,132633
77182,72.94586063791049,0.959739089012146,47.9869544506073,-0.72440046,-1.0,-1.0,-0.339801,-57.44651436805725,1.0,134562
112242,72.9453556098673,0.9597291946411132,47.986459732055664,-1.0,-1.0,-1.0,-0.17127025,-20.0,1.0,160000
53614,72.94446420468834,0.959711730480194,47.985586524009705,-0.053216696,-0.25277257,-1.0,-0.65956086,-22.802112102508545,1.0,160000
54224,72.94440944258464,0.959710657596588,47.98553287982941,-0.6448208,-0.93798256,0.5137644,0.13278455,-24.95025873184204,1.0,160000
99075,72.94397134571003,0.9597020745277404,47.985103726387024,-1.0,0.16286325,-1.0,1.0,-20.0,1.0,160000
87062,72.94332028492917,0.9596893191337584,47.98446595668793,-1.0,-0.97252584,-1.0,-0.26664698,-20.0,1.0,160000
82837,72.9408042680081,0.9596400260925292,47.98200130462647,-0.1543029,-0.3644577,-1.0,-0.1626035,-20.0,1.0,159432
76169,72.93629551040723,0.9595516920089722,47.97758460044861,-1.0,-0.55482775,-0.6914474,-0.3351019,-20.0,1.0,160000
34985,72.93394073080165,0.959505558013916,47.9752779006958,-0.41271994,-0.6172704,1.0,-0.25043422,-20.0,1.0,145970
89580,72.93393464609684,0.9595054388046264,47.97527194023132,-1.0,-1.0,-1.0,-0.5378858,-36.9847583770752,1.0,146620
53740,72.93301889784581,0.9594874978065492,47.974374890327454,-0.647255,-0.579341,-1.0,0.18624309,-48.65428864955902,1.1605504751205444,126026
101099,72.93293371194423,0.9594858288764954,47.97429144382477,0.19188827,-1.0,-1.0,-0.9348496,-20.0,1.0,113880
81720,72.93178370197663,0.9594632983207704,47.97316491603851,-1.0,-0.00036793947,-1.0,-0.63795155,-20.0,1.0,160000
45145,72.92715323298172,0.959372580051422,47.96862900257111,-1.0,-0.4436313,-0.8820795,1.0,-40.92744827270508,1.0,94817
70800,72.92655997251035,0.9593609571456908,47.96804785728455,-0.21196139,-0.9695171,-1.0,-0.32064265,-20.0,1.0,160000
22963,72.92407436165749,0.9593122601509094,47.96561300754547,-0.15527728,-0.3180281,-0.44416887,-0.5569552,-20.0,3.969283014535904,134071
71436,72.92267183101825,0.959284782409668,47.9642391204834,-1.0,0.02335006,-1.0,-0.27216548,-60.0,1.0,160000
75157,72.92090421531296,0.9592501521110536,47.96250760555267,-0.92034143,-0.39614284,0.42761087,-0.870189,-41.018855571746826,1.0,160000
60523,72.91957774208605,0.9592241644859314,47.96120822429657,-1.0,-1.0,-1.0,1.0,-20.0,1.0,88955
73735,72.91635282705082,0.9591609835624696,47.958049178123474,-1.0,-0.54287636,-0.7078347,1.0,-38.00152480602264,1.0,143376
62003,72.91087958867766,0.9590537548065186,47.95268774032593,0.23718792,0.058244348,-0.2487948,0.23866683,-28.85388255119324,1.0,160000
96741,72.9097204409813,0.9590310454368592,47.95155227184296,-1.0,-0.9205943,-0.92914927,1.0,-35.45718997716904,1.0,144621
54800,72.90786762893212,0.9589947462081908,47.949737310409546,-0.13239732,0.026074529,-0.641809,-0.5319663,-44.68477249145508,1.0,131394
41160,72.90706139664071,0.9589789509773254,47.94894754886627,-0.73869395,0.18111381,-1.0,1.0,-20.0,1.0,160000
87921,72.90315496916797,0.9589024186134338,47.94512093067169,-0.012257278,-0.8590421,-1.0,-0.39112175,-28.241353034973145,1.0,78529
45167,72.90071192756551,0.9588545560836792,47.94272780418396,-0.50949717,-0.9397993,-0.97282636,-0.8235998,-38.43257784843445,1.0,160000
99537,72.89968055558063,0.9588343501091005,47.94171750545502,-1.0,-1.0,-0.67263615,1.0,-44.7835898399353,1.0,134759
101674,72.89926678970377,0.9588262438774108,47.941312193870544,-0.6377526,-1.0,-1.0,-0.45517516,-46.43104672431946,1.0,160000
47938,72.89821107791471,0.9588055610656738,47.94027805328369,-0.07241905,-0.9029027,-0.5894561,0.9786813,-20.0,1.0,160000
110022,72.89747785994301,0.958791196346283,47.93955981731415,-1.0,-0.5868839,-1.0,-0.69387245,-20.0,1.0,160000
49162,72.89576194646801,0.9587575793266296,47.93787896633148,-1.0,-0.24599592,-1.0,-0.82085717,-43.872960805892944,1.398957133293152,160000
70177,72.89525690787063,0.9587476849555968,47.937384247779846,-1.0,-0.6709571,-1.0,-0.8805001,-36.10681772232056,1.0,160000
73174,72.89428333918958,0.9587286114692688,47.93643057346344,-0.7835322,-1.0,-0.67934054,1.0,-20.0,1.0,160000
42645,72.89313331067521,0.9587060809135436,47.93530404567719,-1.0,-1.0,-0.41602188,-0.023440003,-20.0,1.0,159266
81839,72.8913656731781,0.9586714506149292,47.93357253074646,-1.0,-1.0,-0.096441925,-0.37396795,-20.0,1.0,160000
62454,72.87716367772808,0.9583932161331176,47.91966080665589,-0.3682544,0.11049628,0.13371772,-0.115044,-24.805597066879272,1.0,154209
34249,72.87702068377214,0.9583904147148132,47.91952073574066,-0.7362464,0.0051473975,0.22488871,-0.928322,-36.24357342720032,1.0,160000
60573,72.87647000484073,0.9583796262741088,47.91898131370544,-1.0,-1.0,-1.0,0.44463268,-20.0,1.0,160000
28622,72.87563333771345,0.9583632349967957,47.91816174983978,-1.0,-1.0,-1.0,-0.6156815,-56.42150402069092,1.0,160000
20214,72.87535951931736,0.958357870578766,47.91789352893829,-0.3677472,-0.9470334,1.0,-0.7815493,-44.03006851673126,1.0,154130
87206,72.86785079819978,0.9582107663154602,47.91053831577301,-1.0,-0.39137495,0.006960511,0.112507105,-60.0,1.0,160000
62120,72.8666703326065,0.9581876397132874,47.90938198566437,-0.76129675,-0.9186896,-1.0,1.0,-20.0,1.0,159057
77780,72.86375567537355,0.9581305384635924,47.90652692317963,-0.82807565,-0.42390835,-1.0,-0.5237768,-20.0,1.0,111650
45619,72.86126391444284,0.9580817222595216,47.90408611297608,-0.1058847,0.033664703,-1.0,-0.6283169,-20.0,1.0,67675
98980,72.86053068515204,0.9580673575401306,47.90336787700653,-0.49090034,-0.28667027,1.0,0.7316883,-20.0,1.0,97132
111116,72.8603359686221,0.958063542842865,47.90317714214325,-1.0,-1.0,-0.3130709,1.0,-41.22476100921631,1.0,160000
91452,72.85780465229011,0.958013951778412,47.90069758892059,-1.0,-1.0,-1.0,1.0,-23.156661987304688,1.151098370552063,160000
86497,72.8571535680888,0.95800119638443,47.9000598192215,-0.6626084,-1.0,-1.0,-0.9296602,-20.0,1.0,130363
96749,72.85611304997848,0.9579808115959167,47.89904057979584,-0.27859905,-0.55104184,-1.0,1.0,-20.0,1.0,149693
96743,72.85611304997848,0.9579808115959167,47.89904057979584,-1.0,-1.0,-1.0,1.0,-20.93096375465393,1.0,160000
70942,72.85611304997848,0.9579808115959167,47.89904057979584,-1.0,-1.0,-1.0,1.0,-23.19584965705872,1.0,160000
103064,72.85295498346738,0.95791894197464,47.895947098732,-0.6732354,0.2003597,-1.0,-0.7767645,-20.0,1.0,160000
41408,72.85157979327829,0.9578920006752014,47.89460003376007,-1.0,-0.32046634,-0.7170615,-0.882362,-20.0,1.0,147951
47386,72.8506366314081,0.957873523235321,47.89367616176605,-0.45353812,-1.0,-1.0,-0.5521258,-20.0,1.0,160000
35730,72.85019547492173,0.9578648805618286,47.89324402809143,0.028350294,-1.0,0.39735773,0.06975883,-24.144941568374637,1.0,160000
73336,72.84997337541847,0.95786052942276,47.893026471138,0.0928337,-1.0,-1.0,-0.53689396,-41.84919834136963,1.0,160000
24503,72.8418286985582,0.9577009677886964,47.885048389434814,-1.0,-1.0,-0.9156631,-0.591483,-48.28125476837158,1.0,160000
63044,72.8403105058166,0.9576712250709534,47.88356125354767,-0.32972443,-1.0,-1.0,-0.6133187,-25.69315314292908,1.0,139652
81687,72.83599019253634,0.9575865864753724,47.879329323768616,-1.0,-0.83937806,-1.0,0.8368814,-20.0,1.0,160000
37562,72.83301160580261,0.9575282335281372,47.87641167640686,-1.0,-1.0,0.24028057,-0.7345369,-20.0,1.0,160000
50707,72.8310309500556,0.9574894309043884,47.87447154521942,-1.0,-0.3240092,-0.54520863,-0.07442391,-55.01231670379639,1.0,87340
78170,72.82559706886586,0.9573829770088196,47.86914885044098,-0.03386569,-1.0,-1.0,0.33335137,-20.0,1.0,149531
44133,72.82526847990927,0.9573765397071838,47.86882698535919,-1.0,-0.14061624,-0.23199093,0.80843014,-29.731401205062863,1.0,160000
97651,72.82278276383784,0.9573278427124025,47.86639213562012,-1.0,-0.6774382,-1.0,-0.8237176,-47.29283392429352,1.0,160000
38567,72.81453454912972,0.9571662545204164,47.85831272602081,0.023603976,-1.0,-0.36048833,-0.81298494,-20.0,1.0,160000
92067,72.8120762044493,0.9571180939674376,47.85590469837189,-1.0,-0.16423929,-1.0,-0.6971619,-20.0,1.0,160000
83421,72.80840389524144,0.9570461511611938,47.85230755805969,-1.0,-0.9766013,-1.0,0.052642107,-34.32941794395447,1.0,160000
97747,72.80622849814087,0.9570035338401794,47.85017669200897,-0.75805074,-1.0,-1.0,-0.36731875,-20.0,1.0,115591
102260,72.80616764784381,0.957002341747284,47.8501170873642,-1.0,-1.0,-0.9329587,0.15355146,-39.9114203453064,1.0,160000
59218,72.80188986807164,0.9569185376167296,47.84592688083649,-0.79043394,-1.0,-1.0,-0.8821527,-20.0,1.0,160000
28252,72.79768205872215,0.9568361043930054,47.84180521965027,-0.82462573,-1.0,-0.07854615,0.80592,-60.0,1.0,160000
111858,72.79432919303065,0.9567704200744628,47.838521003723145,-0.570362,-1.0,-1.0,-0.58805203,-24.836626052856445,1.0,160000
81082,72.7940158124212,0.956764280796051,47.83821403980255,-0.74555916,-0.85704654,-1.0,0.17120749,-26.1723268032074,1.0,160000
27395,72.79377849503905,0.9567596316337584,47.83798158168793,-1.0,-0.8706156,0.04639539,-0.6218767,-28.728551864624023,1.0,155068
86166,72.79357768800496,0.9567556977272034,47.83778488636017,-1.0,-0.27019328,-1.0,0.10632366,-36.84808671474457,1.0,118984
45277,72.79306350021938,0.9567456245422364,47.837281227111816,-0.7804866,-1.0,-1.0,-0.8939331,-35.69687098264694,1.0,160000
73700,72.78726138539346,0.9566319584846495,47.83159792423248,-0.6242078,-0.5563406,-0.37278664,-0.3565135,-20.0,1.0,160000
73965,72.7858070513051,0.956603467464447,47.83017337322235,-1.0,-0.6324046,-0.09377015,-0.9698995,-20.0,1.0,160000
84839,72.7832300178026,0.9565529823303224,47.82764911651611,-1.0,-1.0,-1.0,0.1839416,-20.0,1.0,91714
82954,72.77850798460497,0.9564604759216307,47.82302379608154,-0.47884792,0.22038466,-0.14083141,-0.43360013,-20.0,1.0,160000
52580,72.77513987917955,0.9563944935798644,47.819724678993225,0.3038715,-1.0,1.0,-0.76849204,-60.0,1.0,160000
105556,72.77477477261445,0.9563873410224916,47.81936705112457,-1.0,-1.0,-0.11243141,-0.18075335,-20.0,1.0,160000
66955,72.77033263825874,0.9563003182411194,47.81501591205597,-0.18067998,-0.8761022,-1.0,1.0,-20.0,1.0,160000
53686,72.76013395325405,0.9561005234718324,47.805026173591614,-0.043254524,-1.0,-1.0,-0.31824064,-31.011148691177368,1.0,160000
79488,72.75899298786642,0.9560781717300416,47.80390858650208,-1.0,-1.0,-1.0,-0.31585002,-20.0,1.0,160000
54018,72.7583084083715,0.956064760684967,47.80323803424835,-0.67843145,-1.0,-1.0,-0.21710366,-20.0,1.0,114576
45150,72.75501633889644,0.95600026845932,47.800013422966,-0.37065083,-0.29367092,-0.5622388,1.0,-51.82818651199341,1.0,99770
61082,72.75093015021427,0.9559202194213868,47.796010971069336,-1.0,-0.15434134,-1.0,0.25813514,-60.0,1.0,160000
84840,72.74454071230693,0.9557950496673584,47.78975248336792,-1.0,-0.9921433,-1.0,0.1382935,-44.63767468929291,1.0,129076
71538,72.74412996214053,0.9557870030403136,47.789350152015686,-0.43537956,-0.3385155,-1.0,-0.82125205,-23.478320837020878,1.0,160000
61406,72.73679729909414,0.955643355846405,47.78216779232025,-0.42597264,-0.10402545,1.0,-0.5202885,-49.40725445747376,1.0,160000
73732,72.73657214642733,0.9556389451026917,47.78194725513458,-1.0,-0.092549,-0.3333813,1.0,-20.0,1.0,132499
106629,72.73624963040803,0.9556326270103456,47.78163135051727,-0.4978658,-0.7428614,-1.0,-0.17733431,-20.0,1.0,160000
98978,72.7334930294407,0.955578625202179,47.77893126010895,-0.6154792,-1.0,-1.0,1.0,-35.058581829071045,1.0,160000
98979,72.7334930294407,0.955578625202179,47.77893126010895,-0.38184172,-1.0,-1.0,1.0,-20.0,1.0,160000
4893,72.73290884869314,0.955567181110382,47.778359055519104,-0.58350074,-0.69302887,0.35012722,-0.44028097,-21.117407083511356,1.0,157881
75387,72.73008226377925,0.9555118083953856,47.77559041976929,-1.0,-1.0,-1.0,0.8060364,-20.88894844055176,1.0,158336
69882,72.72833580382243,0.9554775953292848,47.77387976646423,-1.0,-1.0,-0.87897545,-0.7425795,-20.0,1.0,160000
77774,72.72829624983643,0.9554768204689026,47.77384102344513,-1.0,-0.9092558,-1.0,-0.79055566,-20.0,1.0,160000
92432,72.7252140795207,0.9554164409637452,47.770822048187256,-1.0,0.33490735,-0.94926536,-0.03268838,-20.0,1.0,160000
31586,72.72157510528004,0.9553451538085938,47.76725769042969,-0.5428337,-0.21767424,-0.89143145,-0.91520107,-60.0,1.0,125485
9747,72.71339652077937,0.9551849365234376,47.75924682617188,-1.0,-1.0,0.12109026,-0.66786623,-59.15028691291809,1.0,117823
22869,72.71011047444145,0.95512056350708,47.756028175354,-1.0,-0.72882897,0.80182445,-0.3405315,-35.1395058631897,1.0,77822
42423,72.70993400145404,0.9551171064376832,47.75585532188416,-1.0,-0.22803736,0.7758532,-0.66337055,-21.020371913909912,1.0,117349
68881,72.70797758452628,0.9550787806510924,47.75393903255463,0.10756534,-0.74850464,-1.0,0.39087006,-20.0,1.0,142613
54065,72.70598465427392,0.9550397396087646,47.75198698043823,-1.0,-1.0,0.3815137,0.18732038,-20.0,1.0,99948
66437,72.69871576931182,0.9548973441123962,47.74486720561981,-0.66034263,-1.0,-1.0,-0.2885961,-20.0,1.0,113232
39925,72.69870055605082,0.9548970460891724,47.74485230445862,-0.18054557,-0.00068229437,-1.0,-0.84300965,-20.0,1.0,160000
60578,72.6986944707464,0.9548969268798828,47.74484634399414,-1.0,-1.0,-0.34699416,-0.02952379,-45.40958523750305,1.0,160000
89365,72.69774516306528,0.9548783302307128,47.743916511535645,-0.14997908,-0.48923814,0.024886012,0.19273257,-41.47456705570221,1.0,123649
92713,72.69635162738477,0.9548510313034058,47.74255156517029,-1.0,-0.42559674,-1.0,-0.38351196,-22.98627614974976,1.0,143995
34621,72.6960930016773,0.9548459649086,47.74229824542999,-1.0,-1.0,0.26702404,-0.26150933,-60.0,1.0907579064369202,119959
37760,72.695527067678,0.9548348784446716,47.74174392223358,-0.35977197,-1.0,-0.587137,-0.8028107,-20.0,1.0,160000
85503,72.68756138020095,0.9546788334846495,47.73394167423248,-1.0,-1.0,-1.0,-0.81014895,-36.050660610198975,1.0,160000
111437,72.68534023263484,0.9546353220939636,47.73176610469818,-1.0,-0.75210404,-0.87031984,-0.09201026,-28.597904443740845,1.0,160000
37790,72.68444264501534,0.9546177387237548,47.730886936187744,-0.26073867,-1.0,-0.5683939,-0.9251371,-34.953614473342896,1.0,128611
100369,72.68361199583128,0.9546014666557312,47.73007333278656,-1.0,-1.0,-1.0,1.0,-32.896679639816284,1.0,160000
100367,72.68361199583128,0.9546014666557312,47.73007333278656,-0.29987442,-1.0,-1.0,1.0,-20.0,1.0,160000
65660,72.68346290492134,0.9545985460281372,47.72992730140686,-1.0,-0.76611704,-0.29992235,0.97120076,-20.0,1.0,160000
64275,72.68204806214676,0.9545708298683168,47.72854149341583,-0.31083083,-1.0,-1.0,-0.84336454,-20.0,1.0,160000
78168,72.67405190261852,0.9544141888618468,47.720709443092346,-0.25811884,-0.98544127,-0.79263675,0.29372525,-50.108628273010254,1.0,90371
71153,72.67331557302762,0.9543997645378112,47.71998822689056,-1.0,-0.5255741,-0.38385808,-0.80724895,-20.0,1.0,136864
107489,72.67108224138373,0.954356014728546,47.71780073642731,-1.0,-1.0,-1.0,0.905309,-20.0,1.0,160000
13264,72.66937529302919,0.9543225765228271,47.71612882614136,-0.39814538,-0.8184521,0.23057815,-0.66845036,-20.0,1.0,114210
96981,72.66828296714566,0.9543011784553528,47.71505892276764,-1.0,-0.008814409,-1.0,-0.55575323,-20.0,1.0,80141
57267,72.66782352073244,0.9542921781539916,47.71460890769959,-0.89656466,-0.82871205,-1.0,-0.7916347,-54.37618613243103,1.0,160000
70724,72.66572406248055,0.9542510509490968,47.712552547454834,-0.13830096,-0.73619527,-1.0,0.62311065,-51.92755699157715,1.0,160000
49540,72.66328382026511,0.9542032480239868,47.71016240119934,0.27442473,-1.0,0.39559156,-0.77678216,-42.77707695960999,1.0,160000
39478,72.65996119216607,0.954138159751892,47.706907987594604,-0.19354543,-0.9680564,0.9734725,-0.45646644,-20.0,1.0,160000
102462,72.65350761275286,0.9540117383003236,47.700586915016174,-1.0,-1.0,-0.4136796,-0.21888256,-20.0,1.0,132134
52729,72.65215664906894,0.9539852738380432,47.69926369190216,-0.5317642,-0.6660085,-0.21215522,0.22197181,-20.0,1.0,160000
68556,72.64949731740664,0.9539331793785096,47.69665896892548,-1.0,-1.0,-1.0,-0.043535948,-20.0,1.0,160000
29586,72.64770820014797,0.9538981318473816,47.69490659236908,-0.04663962,-0.60131836,-0.31134063,-0.93530333,-20.0,1.0,128826
90136,72.6476047477482,0.9538961052894592,47.69480526447296,0.040747106,-1.0,-0.93422097,0.5354364,-20.0,1.0,160000
32145,72.64709357111833,0.953886091709137,47.69430458545685,-0.7604388,-0.5654722,-0.039645135,0.4991516,-20.0,1.0,160000
89457,72.64467460878592,0.9538387060165404,47.69193530082703,-0.5000249,-0.92824495,-1.0,0.1613704,-28.61175537109375,1.0,94185
70939,72.64182966250722,0.9537829756736756,47.68914878368378,-1.0,-0.44577226,-1.0,-0.55321085,-39.35173273086548,1.0,160000
78473,72.64091684479595,0.9537650942802428,47.68825471401215,-0.69899344,-1.0,0.99583226,-0.79626846,-60.0,1.0,145143
30726,72.63858611531194,0.953719437122345,47.68597185611725,-1.0,-1.0,-0.7070323,-0.44980094,-29.567270278930664,1.0,141694
105136,72.63838529517083,0.9537155032157898,47.68577516078949,-1.0,-1.0,-1.0,-0.115502596,-21.285524368286133,1.0,160000
77609,72.63449668362932,0.9536393284797668,47.68196642398834,-0.81069726,-1.0,-1.0,0.24105531,-35.70421576499939,1.0,160000
68463,72.63447234175294,0.9536388516426086,47.68194258213043,-0.09132564,-1.0,0.6033495,-0.7402356,-20.0,1.0,160000
33294,72.6308028010289,0.9535669684410096,47.67834842205048,-1.0,-1.0,-1.0,-0.3476067,-60.0,1.0,142844
99563,72.62925404623196,0.9535366296768188,47.67683148384094,-1.0,-1.0,-1.0,0.24777818,-20.0,1.0,160000
47164,72.62676508257115,0.9534878730773926,47.67439365386963,-1.0,-0.90076125,-1.0,-0.2804901,-20.0,1.0,160000
93102,72.62674378335984,0.9534874558448792,47.67437279224396,-0.8035519,-0.5961961,-0.14182687,0.26482773,-20.0,1.0,160000
86357,72.6166327218504,0.9532893896102904,47.664469480514526,-0.45840067,-1.0,-1.0,-0.86764026,-20.0,1.0,160000
102179,72.60620212625119,0.9530850648880004,47.65425324440002,-1.0,-1.0,0.8774291,-0.64179194,-20.0,1.0,153184
74330,72.60562399971344,0.9530737400054932,47.65368700027466,-0.01627028,-0.50098664,-1.0,0.09940469,-20.0,1.0,160000
60650,72.59900596218168,0.9529440999031068,47.64720499515533,-1.0,-0.9160681,-1.0,0.07937008,-20.0,1.0,160000
90664,72.59789230439176,0.9529222846031188,47.646114230155945,-1.0,-1.0,0.44664532,-0.5122766,-33.74299943447113,1.0,160000
13557,72.59579582696634,0.9528812170028688,47.64406085014343,-0.43006158,-0.8508929,0.06701678,-0.84072423,-20.0,1.3787177801132202,140873
96744,72.59210188399304,0.9528088569641112,47.640442848205566,-1.0,0.116227195,-0.81884277,1.0,-47.68479824066162,1.0,147194
23573,72.58733382881107,0.9527154564857484,47.635772824287415,-0.5032765,-1.0,-0.03171338,-0.32475522,-20.0,1.0,118349
109959,72.58552640780631,0.9526800513267516,47.63400256633759,-1.0,-1.0,-1.0,-0.24507093,-60.0,1.0,160000
78526,72.58364291542438,0.9526431560516356,47.63215780258179,-1.0,-1.0,-0.40500063,0.23389018,-21.440144777297974,1.0,160000
32230,72.5793403924662,0.9525588750839232,47.62794375419617,0.15151757,-1.0,-1.0,-0.7305645,-20.0,1.0,160000
28213,72.57882311548721,0.9525487422943116,47.627437114715576,-0.62973374,-0.3598972,-0.25784382,-0.14332339,-20.0,1.0,135199
103403,72.56888528990677,0.9523540735244752,47.61770367622376,-1.0,-1.0,-0.16525364,0.14638186,-20.0,1.0,160000
86585,72.56848668059962,0.9523462653160096,47.61731326580048,-1.0,-0.81361324,-1.0,0.62144053,-20.0,1.0,160000
59398,72.56808502840532,0.9523383975028992,47.61691987514496,-0.27184683,-1.0,-1.0,0.08947134,-20.0,1.0,151123
80064,72.5678324743391,0.9523334503173828,47.61667251586914,-0.8981789,-1.0,-1.0,-0.19937956,-20.0,1.0,160000
107413,72.56736083715525,0.9523242115974426,47.61621057987213,-0.623047,0.20835221,0.16660815,0.032276034,-31.88151776790619,1.0,136280
75382,72.56311914109149,0.9522411227226256,47.61205613613129,-0.72072905,-0.17082804,-0.9054729,0.82148093,-20.0,1.0,160000
85313,72.56085527723552,0.9521967768669128,47.60983884334564,-0.36634964,-1.0,-0.25279772,1.0,-20.0,1.0,160000
71363,72.55759031922562,0.9521328210830688,47.60664105415344,-1.0,-1.0,-0.63860154,-0.867994,-20.0,1.0,160000
46158,72.55728603586346,0.9521268606185912,47.606343030929565,-1.0,-0.64393544,-0.18162006,-0.474008,-22.771376371383667,1.0,160000
4299,72.55308692146333,0.9520446062088012,47.60223031044006,-0.4005269,-0.7252429,1.0,-0.48337954,-42.21377909183502,1.0,85827
92969,72.54329200168385,0.9518527388572692,47.59263694286346,-0.27901447,0.0852754,0.18763754,0.48620743,-38.43086957931519,1.0,81210
28253,72.53912937668909,0.9517711997032166,47.58855998516083,-0.4363775,-0.77310735,0.31682444,0.04247743,-20.0,1.2982845902442932,132524
72527,72.5369324327607,0.9517281651496888,47.58640825748444,-0.94494325,-1.0,-1.0,0.41674188,-46.61120295524597,1.0,150839
42756,72.51444558991278,0.9512876868247986,47.56438434123993,-0.37500823,-1.0,-0.57729524,-0.10997069,-23.06678414344788,1.0,145579
79856,72.51323451976342,0.951263964176178,47.5631982088089,0.035920024,-0.24526864,-1.0,1.0,-49.62429404258728,1.0,160000
60526,72.49898157709805,0.95098477602005,47.5492388010025,-1.0,-0.06836164,0.44143432,1.0,-20.0,1.0,80954
82470,72.49783440012628,0.9509623050689696,47.548115253448486,-1.0,-1.0,-1.0,-0.8423662,-20.0,1.0,160000
87202,72.49718017428229,0.950949490070343,47.54747450351715,-0.4002365,-1.0,-1.0,0.871835,-32.33422040939331,1.0,160000
87914,72.49617905624388,0.950929880142212,47.5464940071106,-0.9133042,-1.0,-0.24511099,0.66047513,-20.0,1.0,86955
92501,72.48818835416336,0.9507733583450316,47.53866791725159,-1.0,-1.0,-0.23329341,0.41767478,-20.0,1.0,160000
55333,72.47644264234717,0.9505432844161988,47.52716422080994,-0.4293118,-0.6973995,-0.58381325,-0.80816,-25.529454946517944,1.0,92052
80607,72.47035980120859,0.9504241347312928,47.52120673656464,-1.0,-0.075752795,-1.0,-0.21068633,-39.58494544029236,1.0,160000
109498,72.46777025276305,0.9503734111785888,47.51867055892944,0.106826544,-0.5920783,-0.9591602,1.0,-20.0,1.0,160000
81698,72.46674477861946,0.9503533244132996,47.51766622066498,-0.67487,-1.0,-1.0,0.2833531,-20.0,1.0,160000
94683,72.46612705955772,0.9503412246704102,47.51706123352051,-1.0,-0.4411903,-1.0,-0.1218282,-40.910669565200806,1.0,160000
98066,72.46324233982271,0.9502847194671632,47.51423597335816,-1.0,-1.0,-1.0,-0.45154297,-38.58793258666992,1.0,160000
56214,72.44330785605129,0.9498942494392396,47.494712471961975,-0.67248154,-0.72608143,-0.8909053,-0.9706082,-20.0,7.332244277000427,160000
55889,72.43924851595371,0.9498147368431092,47.49073684215546,-0.17261037,-0.50977755,-1.0,1.0,-32.002660632133484,1.0,160000
107487,72.43924851595371,0.9498147368431092,47.49073684215546,-1.0,-1.0,-1.0,1.0,-20.0,1.0,160000
107485,72.43924851595371,0.9498147368431092,47.49073684215546,-0.7528068,-1.0,-1.0,1.0,-40.30915260314941,1.0,160000
96803,72.43163495213402,0.9496656060218812,47.483280301094055,-0.37730026,-1.0,-0.5849259,-0.2036258,-20.0,1.0,125830
96686,72.43084985901878,0.949650228023529,47.48251140117645,-0.4420026,0.6179434,-1.0,-0.061773777,-20.0,1.0,160000
103706,72.42291979525301,0.9494948983192444,47.47474491596222,-0.2779941,-0.6627724,-1.0,-0.060608983,-20.0,1.0,141597
92615,72.41895475333479,0.949417233467102,47.4708616733551,-1.0,-1.0,-1.0,-0.7509134,-41.40902996063232,1.0,160000
73104,72.4151692427575,0.9493430852890016,47.46715426445007,-1.0,-1.0,-1.0,0.049708366,-21.50643229484558,1.0,160000
112385,72.41507490921667,0.9493412375450134,47.46706187725067,-0.7427265,0.6538212,-1.0,1.0,-24.376685619354248,1.0,160000
89480,72.41453629505608,0.9493306875228882,47.46653437614441,-0.02984327,0.25758195,-0.27772325,0.050881147,-47.53686189651489,1.0,123856
99027,72.41223272914519,0.9492855668067932,47.46427834033966,-1.0,-1.0,-1.0,-0.38130093,-20.0,1.0,160000
56295,72.40508466149308,0.9491455554962158,47.45727777481079,-1.0,-0.024013877,-1.0,-0.3583107,-20.0,1.0,160000
106890,72.40353880151474,0.94911527633667,47.455763816833496,-1.0,-1.0,-0.54270256,0.17259812,-47.83626675605774,1.0,160000
98083,72.4025406866573,0.9490957260131836,47.45478630065918,-1.0,-0.5826351,-1.0,0.32243913,-32.897642850875854,1.0,160000
86424,72.39712408033593,0.9489896297454834,47.44948148727417,-0.44612834,-1.0,-1.0,-0.81334627,-40.057103633880615,1.0,160000
108938,72.39397148798118,0.948927879333496,47.446393966674805,-1.0,-1.0,-1.0,0.5568129,-20.0,1.0,160000
57786,72.3860991177319,0.9487736821174622,47.43868410587311,-0.64420503,-1.0,-0.9450755,0.3096696,-20.0,1.0,125952
37048,72.38126065518847,0.9486789107322692,47.43394553661346,-1.0,-1.0,-0.52148354,-0.49423265,-60.0,1.0,82244
34775,72.37745073929491,0.9486042857170104,47.430214285850525,-1.0,0.022988692,-0.98031014,1.0,-59.77885007858277,1.0,160000
83192,72.36447202567814,0.9483500719070436,47.41750359535217,-1.0,-0.4317182,-1.0,-0.9696208,-29.167492389678955,1.0,160000
58626,72.36111245949813,0.9482842683792114,47.41421341896057,-1.0,-0.5610988,-1.0,-0.92374355,-50.82180619239807,1.0,160000
100914,72.35518756066864,0.9481682181358336,47.40841090679169,-0.7262211,-1.0,-1.0,-0.4330324,-23.590896129608154,1.0,135426
53644,72.35437505411424,0.9481523036956788,47.407615184783936,-0.56755096,-0.93690526,-0.54880035,0.08528489,-30.629417896270752,1.0,160000
90823,72.35404335660093,0.9481458067893982,47.40729033946991,-1.0,-0.11095199,-1.0,0.8461523,-55.94705581665039,1.0,160000
105866,72.35051944800988,0.9480767846107484,47.403839230537415,-0.41096643,-0.89559126,-1.0,-0.25615537,-42.68058300018311,1.0,90652
81834,72.34952435369163,0.9480572938919068,47.40286469459534,-0.1835526,-1.0,-0.5190071,-0.665689,-20.0,1.6864193081855774,129252
106097,72.34875749172683,0.9480422735214232,47.40211367607117,0.012367964,-1.0,-0.5005159,-0.78671336,-20.0,1.0,160000
53634,72.34380331393655,0.947945237159729,47.39726185798645,-0.39025748,-0.09073728,-0.84434724,-0.97542363,-34.47515249252319,1.0,160000
32149,72.33775360350529,0.9478267431259156,47.391337156295776,-0.60411763,-0.02382198,0.6703924,0.35065436,-35.474650859832764,1.0,160000
89051,72.33753145589318,0.9478223919868468,47.391119599342346,-0.9482974,-1.0,-0.77073026,-0.94022477,-31.695370078086853,1.0,144553
54055,72.33164301493025,0.9477070569992064,47.38535284996033,0.09733659,-1.0,-0.9483308,-0.22272652,-32.183058857917786,1.0,160000
42889,72.33064182633738,0.9476874470710754,47.38437235355377,-1.0,-1.0,0.3772393,-0.30091053,-20.0,1.0,160000
94052,72.32426342330274,0.9475625157356262,47.37812578678131,-0.78690886,-0.82543147,-0.87619424,-0.20131087,-20.0,1.0,160000
84818,72.32405649008876,0.9475584626197816,47.37792313098908,-0.12141174,-1.0,0.16846931,0.15452814,-29.09527063369751,1.0,160000
94556,72.31501835980144,0.9473814368247986,47.36907184123993,-1.0,-0.7863348,-1.0,0.07201803,-20.0,1.0,160000
75388,72.30908117171288,0.9472651481628418,47.36325740814209,-1.0,-1.0,-1.0,0.88944507,-20.0,1.0,160000
83920,72.30150370320905,0.9471167325973512,47.355836629867554,-1.0,-0.5933309,-1.0,-0.3967291,-36.28450512886048,1.0,160000
95409,72.29979953020367,0.9470833539962769,47.35416769981384,-0.64288354,-1.0,-1.0,-0.7307495,-26.085522174835205,1.0,104933
64127,72.29914524916627,0.94707053899765,47.35352694988251,-1.0,-1.0,0.68885875,-0.9534784,-20.0,1.0,160000
45274,72.29475699673193,0.946984589099884,47.3492294549942,-0.12326214,0.0649644,-0.5723505,-0.525053,-41.476563811302185,1.077432096004486,154816
81333,72.28109919301963,0.946717083454132,47.33585417270661,-1.0,-1.0,-1.0,-0.72113067,-20.0,1.0,125148
88648,72.2782081592692,0.9466604590415956,47.33302295207977,-1.0,0.3191856,-1.0,-0.6224365,-54.24046993255615,1.0,160000
89578,72.27724650935504,0.9466416239738464,47.33208119869232,-0.60267216,-1.0,-1.0,-0.34420598,-44.38498735427856,1.0,160000
52194,72.27312906078413,0.9465609788894652,47.32804894447327,-0.15517795,-0.44209033,-0.7151241,-0.27420735,-34.31194245815277,1.0,138484
95834,72.265657988116,0.9464146494865416,47.32073247432709,-1.0,-1.0,-1.0,-0.902226,-20.0,1.0,96852
36425,72.24733169557516,0.9460557103157043,47.30278551578522,-1.0,-0.75440145,0.21508744,-0.4439307,-20.0,1.0,158648
47372,72.2458405096779,0.9460265040397644,47.30132520198822,-0.6713494,0.2210514,0.09842217,0.9510798,-20.0,1.0,148845
18535,72.24076438400934,0.945927083492279,47.29635417461395,-0.18485934,-0.2961721,-0.32783008,-0.10642621,-28.294379711151123,1.0,160000
46728,72.22356694807758,0.9455902576446532,47.279512882232666,-1.0,-1.0,-0.7383962,0.21320784,-20.0,1.0,98466
63653,72.21683523271442,0.9454584121704102,47.27292060852051,-0.40615982,-1.0,-1.0,0.2989542,-47.90509343147278,1.0,147326
67872,72.21133907094094,0.9453507661819458,47.26753830909729,0.013258934,-1.0,-1.0,-0.08352929,-35.29410123825073,1.0,138054
62897,72.2084996866066,0.9452951550483704,47.26475775241852,-0.4872175,-0.59714556,-0.48574436,-0.44131923,-58.08658123016357,1.0,160000
105340,72.19739775193321,0.9450777173042296,47.25388586521149,-1.0,-0.93486375,-1.0,0.72523856,-20.0,1.0,160000
65274,72.19637520265665,0.9450576901435852,47.25288450717926,-0.37700778,-0.81257856,0.65341365,0.1617794,-41.48002684116364,1.0,160000
57356,72.18627141780358,0.9448598027229308,47.24299013614655,-0.8998182,-1.0,-0.7980193,0.28735957,-60.0,1.0,112555
40164,72.17418333805225,0.9446230530738832,47.23115265369415,-1.0,-0.8607967,-0.0802961,-0.44285536,-37.56122350692749,1.0,160000
79647,72.16928052647336,0.94452702999115,47.226351499557495,-1.0,-0.1742444,-1.0,-0.055088997,-20.0,1.0,160000
33233,72.1676736437072,0.9444955587387084,47.22477793693543,-0.57199335,-0.16629454,-0.041011065,0.21191528,-35.018659234046936,1.0,160000
57790,72.16212867230209,0.9443869590759276,47.21934795379639,-0.06566265,-0.628931,-0.5461655,0.1834299,-33.03565561771393,1.0,159611
32115,72.1576519047306,0.9442992806434632,47.21496403217316,-0.7723706,0.3192929,-1.0,0.07820979,-20.0,1.0,160000
84898,72.14932832008131,0.9441362619400024,47.20681309700012,-1.0,-1.0,0.72222483,-0.49435532,-30.557021498680115,1.0,160000
39476,72.140733845269,0.9439679384231568,47.19839692115784,-0.4167462,-0.49182105,0.3534347,-0.09558338,-26.02862000465393,1.0,160000
75658,72.1372187446037,0.9438990950584412,47.19495475292206,-0.80582416,-0.1705342,-1.0,-0.73638535,-23.75651240348816,1.0,160000
98090,72.1312506697323,0.9437822103500366,47.18911051750183,-0.9219543,-1.0,-1.0,0.46201557,-20.0,1.0,160000
113710,72.13047460583533,0.9437670111656188,47.18835055828095,-1.0,-1.0,-0.90110004,-0.6128739,-40.76957583427429,1.0,160000
484,72.1243208664577,0.9436464905738832,47.18232452869415,-0.25404912,-0.16825502,0.61774665,-0.17507608,-26.653412580490112,1.0,108570
67975,72.12063835388565,0.9435743689537048,47.17871844768524,-1.0,-0.77534014,-0.5653939,1.0,-31.3173508644104,1.0,160000
79752,72.11959751043028,0.9435539841651917,47.17769920825958,-0.48607963,-0.086518645,-1.0,0.0032830238,-20.0,1.0,160000
54209,72.11642628275607,0.9434918761253356,47.17459380626679,-1.0,-1.0,-0.22743982,-0.9092788,-20.0,1.0,124004
87545,72.1141680738437,0.9434476494789124,47.17238247394562,0.10373473,-0.6466037,1.0,0.2623775,-31.413263082504272,1.0,160000
94397,72.11189768908307,0.94340318441391,47.170159220695496,-0.6536592,-1.0,-0.94861263,-0.9129435,-20.0,1.0,160000
113344,72.10434696989716,0.9432553052902222,47.16276526451111,-1.0,-0.27920312,-1.0,0.3563589,-30.981167554855347,1.0,143508
105869,72.1027765633033,0.943224549293518,47.1612274646759,-0.7267347,-0.61737424,0.5777325,-0.375728,-51.57816767692566,1.0496897101402285,160000
43086,72.08756852040173,0.9429267048835754,47.14633524417877,-0.42865774,-0.106930345,-0.05896771,-0.216784,-20.0,1.0,160000
32560,72.08207205289655,0.9428190588951112,47.140952944755554,-0.5910708,0.036970437,0.4327857,-0.4176713,-23.662564754486084,1.2793285250663755,135574
85640,72.06939604131186,0.9425708055496216,47.12854027748108,-1.0,-1.0,-1.0,0.023231566,-20.0,1.0,160000
71197,72.06855908732578,0.9425544142723083,47.12772071361542,-1.0,-0.47244716,-0.8645912,-0.3491174,-20.0,1.0,160000
56614,72.06122127051987,0.9424107074737548,47.120535373687744,0.0065202713,-0.8998295,-0.017243057,-0.45318395,-20.0,1.0,85412
113005,72.05619952433955,0.9423123598098756,47.115617990493774,-0.3047883,-0.15532854,-1.0,1.0,-30.825515389442444,1.0,160000
113004,72.05619952433955,0.9423123598098756,47.115617990493774,-0.25271177,-1.0,-1.0,1.0,-20.0,1.0,160000
61410,72.05619952433955,0.9423123598098756,47.115617990493774,-1.0,-1.0,-1.0,1.0,-45.587953329086304,1.0,160000
92514,72.05256864289207,0.9422412514686584,47.11206257343292,-0.87423354,-1.0,-1.0,-0.60341656,-31.022154092788696,1.0,160000
86329,72.04475598931634,0.94208824634552,47.104412317276,-1.0,0.18219404,0.038838506,1.0,-26.542707681655884,1.0,136294
28050,72.03998073150576,0.9419947266578674,47.09973633289337,-0.05408895,-0.38455382,-0.55727214,-0.14148107,-34.64685797691345,1.0,97031
47475,72.03341283372514,0.941866099834442,47.09330499172211,0.060748518,0.17758387,-0.2758018,-0.5310885,-34.372076988220215,1.0,110428
112339,72.03294717576026,0.9418569803237916,47.092849016189575,-1.0,-0.19064182,0.319322,-0.008142233,-38.33031177520752,1.0,160000
61694,72.01635386472157,0.941532015800476,47.07660079002381,-0.45687062,-0.9546565,1.0,-0.41988325,-49.036535024642944,1.0,160000
65273,72.00983155302951,0.9414042830467224,47.07021415233612,-0.71011424,-1.0,-0.12272823,-0.0021826029,-20.0,1.0,160000
92553,72.0086019597756,0.9413802027702332,47.06901013851166,-0.5282783,0.0661279,-0.75959027,1.0,-28.121472597122192,1.0,160000
69570,72.00299878025177,0.9412704706192015,47.06352353096008,-1.0,-1.0,0.12936717,-0.39657325,-20.0,1.0,160000
92559,71.99989739475936,0.9412097334861756,47.06048667430878,-0.92905015,-0.6335058,-1.0,1.0,-31.88273310661316,1.0,160000
46430,71.99209978104096,0.941057026386261,47.05285131931305,-0.93551713,-0.2955412,-1.0,-0.98525643,-20.0,10.306310415267944,160000
43629,71.99111975122473,0.9410378336906432,47.051891684532166,-1.0,-1.0,-0.21708444,-0.8438176,-20.0,1.0,137372
107490,71.97993764243911,0.9408188462257384,47.040942311286926,-0.62603796,-0.9303408,-1.0,1.0,-39.29689645767212,1.0,82645
101685,71.97107165867078,0.9406452178955078,47.03226089477539,-1.0,-0.40007687,-0.7631806,-0.6920663,-31.964858770370483,1.0,160000
84816,71.96842068334112,0.9405933022499084,47.02966511249542,-0.7173822,-1.0,-1.0,0.36574608,-20.0,1.0,122807
88720,71.96586405671613,0.9405432343482972,47.027161717414856,-0.5617213,-0.35587013,1.0,-0.93529844,-20.0,1.0,160000
57947,71.95730238048935,0.940375566482544,47.0187783241272,-0.5159117,-1.0,-1.0,1.0,-20.0,1.0,160000
109545,71.95730238048935,0.940375566482544,47.0187783241272,-0.16898632,-0.38939482,-1.0,1.0,-20.0,1.0,126543
109548,71.95730238048935,0.940375566482544,47.0187783241272,-1.0,-1.0,-1.0,1.0,-20.0,1.0,160000
85320,71.94950766645289,0.9402229189872742,47.01114594936371,-0.94711363,0.06422627,-0.13005647,1.0,-45.289825797080994,1.0,134907
108407,71.93914713889544,0.9400200247764589,47.00100123882294,-0.6787636,-1.0,0.2683276,1.0,-20.0,1.0,63045
40955,71.93032056574188,0.93984717130661,46.992358565330505,-0.3859666,-1.0,-0.8902705,1.0,-60.0,1.0,160000
36864,71.92206312375077,0.9396854639053344,46.98427319526672,-0.756865,-0.87126404,-1.0,0.1887044,-20.0,1.0,93435
67013,71.91535792514685,0.9395541548728944,46.97770774364472,0.0991199,-1.0,-0.26707625,-0.34798795,-20.0,1.0,160000
59833,71.89758281479571,0.939206063747406,46.9603031873703,-1.0,0.095822215,-0.9545984,-0.21805602,-38.09271812438965,1.1182973384857178,147326
67012,71.89058534926157,0.9390690326690674,46.95345163345337,0.13697189,-1.0,-1.0,0.2019918,-20.0,1.0,153473
112854,71.89029010992577,0.9390632510185242,46.95316255092621,-1.0,0.036122322,-0.9625554,-0.0027438402,-20.0,1.0,160000
51954,71.87609118370936,0.938785195350647,46.93925976753235,-1.0,-0.22004701,-1.0,-0.38409865,-20.0,1.0,128612
49611,71.87571071824189,0.93877774477005,46.9388872385025,-0.538529,0.12081663,-1.0,-0.39975053,-32.32739329338074,1.0,132087
90399,71.87458758381446,0.938755750656128,46.9377875328064,-1.0,-1.0,-1.0,-0.2121309,-32.727394104003906,1.0,160000
90717,71.86607122414091,0.9385889768600464,46.92944884300232,-0.13185436,-0.6824922,-0.6197261,-0.8586564,-20.0,1.0,160000
112207,71.86544421428255,0.9385766983032228,46.92883491516113,-0.37470332,-1.0,1.0,0.52406627,-21.30971670150757,1.0,160000
86561,71.86436977466131,0.9385556578636168,46.92778289318085,-1.0,0.08446744,-1.0,-0.9541018,-32.79463052749634,1.0,154181
113719,71.86420541274859,0.9385524392127992,46.927621960639954,-0.6608665,-1.0,-0.0250417,0.9007597,-35.37233889102936,1.0,110915
98152,71.86060162266918,0.938481867313385,46.92409336566925,-1.0,-1.0,-0.9381941,0.13065934,-28.488457202911377,1.0,160000
100675,71.85869928187569,0.9384446144104004,46.92223072052002,-0.028756797,-0.6466097,-0.8733219,0.7556716,-20.0,1.0,136728
109542,71.85768571405747,0.9384247660636902,46.92123830318451,-1.0,-1.0,-0.95320886,1.0,-20.0,1.0,160000
99901,71.84404055179404,0.938157558441162,46.907877922058105,-0.8397243,-1.0,-0.066301376,-0.5595609,-20.0,1.0,160000
98517,71.83872004272138,0.9380533695220948,46.902668476104736,0.026840866,-1.0,0.042030573,-0.46127415,-20.0,1.0,160000
88190,71.83785256724646,0.9380363821983336,46.90181910991669,-0.7566497,-1.0,-0.98470545,-0.658898,-39.01026487350464,1.0,160000
45134,71.81104893528541,0.9375115036964417,46.87557518482208,-0.3824964,-0.49165428,-0.6938363,-0.22698265,-20.0,1.0,135863
86958,71.80792902817197,0.9374504089355468,46.872520446777344,-1.0,-1.0,-1.0,0.09491515,-20.0,1.0,160000
16653,71.80629145571422,0.9374183416366576,46.870917081832886,-0.20618016,-1.0,-1.0,-0.09207788,-28.881818056106567,1.0,160000
44135,71.79777179871023,0.9372515082359314,46.86257541179657,-1.0,-1.0,-0.70361614,1.0,-20.0,1.0,160000
87912,71.79230203437272,0.93714439868927,46.8572199344635,-0.8361605,-0.587633,-0.091769576,1.0,-27.71883726119995,1.0,160000
16506,71.78551122919718,0.937011420726776,46.850571036338806,-1.0,0.030788928,1.0,-0.23513621,-48.18039834499359,1.0,160000
76988,71.772949251874,0.936765432357788,46.83827161788941,-0.3235828,-1.0,-0.23915827,-0.2433961,-48.79150629043579,1.0,99796
78162,71.76997539834889,0.9367071986198424,46.83535993099213,-1.0,-1.0,-1.0,0.46227542,-20.0,1.0,160000
112173,71.76581747588631,0.9366257786750792,46.83128893375397,-0.75384426,-0.36440402,-1.0,0.73768693,-44.72204923629761,1.0,160000
52465,71.76190914363636,0.9365492463111876,46.82746231555939,-0.11966333,-0.8174689,-1.0,-0.10384768,-20.0,1.0,108011
105620,71.76047852190655,0.9365212321281432,46.826061606407166,-1.0,-1.0,-1.0,0.022188306,-60.0,1.0,160000
42451,71.75947099840666,0.9365015029907228,46.82507514953613,-0.1945836,-0.75768584,0.88440645,-0.5962057,-20.0,1.0,97676
101190,71.7587800379251,0.9364879727363586,46.82439863681793,-1.0,0.005287409,-1.0,1.0,-44.233360290527344,1.0,160000
33988,71.75825344675715,0.9364776611328124,46.82388305664063,-1.0,-1.0,1.0,-0.8443788,-20.0,1.0,122604
93773,71.7524061459288,0.936363160610199,46.81815803050995,0.06021267,-1.0,-1.0,1.0,-20.0,1.0,123228
78268,71.74763636890121,0.936269760131836,46.8134880065918,-0.38134822,-0.16612995,-1.0,-0.14802319,-30.66050410270691,1.0,102740
65786,71.74521342793982,0.9362223148345948,46.811115741729736,-1.0,-0.27343592,-0.29552996,-0.13027292,-27.455134391784668,1.0,147980
22325,71.73948784996007,0.9361101984977722,46.80550992488861,0.07180709,-1.0,0.45544726,0.9920179,-20.0,1.0,133628
61452,71.73551859449944,0.9360324740409852,46.801623702049255,-1.0,-1.0,-0.62665474,-0.05968225,-60.0,1.0,160000
77992,71.73468151903961,0.936016082763672,46.8008041381836,-0.19361067,-1.0,-1.0,-0.30249548,-36.81788086891174,1.0,114929
111969,71.72097170131369,0.9357476234436036,46.787381172180176,-0.7539838,-0.696905,-0.8499082,0.20805228,-53.37355017662048,1.0,160000
45141,71.71740725698226,0.9356778264045716,46.78389132022858,-1.0,-0.06548633,0.16333577,1.0,-20.0,1.0,160000
77837,71.70153308420026,0.935366988182068,46.768349409103394,-1.0,-0.039750665,-1.0,-0.002490878,-48.90343070030213,1.0,131345
40807,71.70046465556595,0.9353460669517516,46.76730334758759,-1.0,-1.0,-1.0,-0.7961154,-20.0,1.0,127013
51620,71.69768247723039,0.935291588306427,46.76457941532135,-1.0,0.062758535,-0.94009036,-0.09022409,-30.79110026359558,1.0,160000
111851,71.68078538908902,0.9349607229232788,46.74803614616394,-1.0,-0.43912217,-0.9015334,-0.18993938,-20.0,1.0,94671
83153,71.67936993646167,0.9349330067634584,46.74665033817291,-1.0,-0.68666583,-1.0,0.31109643,-20.0,1.0,160000
113137,71.6650692496474,0.9346529841423036,46.73264920711517,-0.90583867,0.031755656,-0.1823067,0.7925947,-20.0,1.0,160000
18086,71.66244836053215,0.934601664543152,46.73008322715759,-1.0,-0.96714896,0.86891985,-0.67725724,-38.92102301120758,1.0,137364
15836,71.65705132850098,0.9344959855079652,46.724799275398254,-1.0,-1.0,0.15186419,-0.38603187,-20.813758373260494,1.5251699686050415,108759
89060,71.65597679098636,0.9344749450683594,46.72374725341797,-0.40401047,-0.364665,-0.49851507,-0.6593865,-29.92326855659485,1.0,160000
91072,71.65467699563817,0.9344494938850404,46.722474694252014,-0.49723023,-0.53346205,-0.10798478,0.39179903,-40.08767604827881,1.0,160000
39885,71.6523848488723,0.9344046115875244,46.72023057937622,-0.55490935,0.011370212,-1.0,0.95919985,-20.0,1.0,160000
63620,71.64250089077359,0.9342110753059388,46.710553765296936,-0.0038679838,-1.0,-0.58774424,-0.97357035,-21.124770641326904,2.9606953859329224,160000
104179,71.63811138899948,0.9341251254081726,46.70625627040863,-0.37609053,0.18521398,-1.0,1.0,-43.302154541015625,1.0,160000
85236,71.63489079216083,0.9340620636940002,46.70310318470001,-0.8340375,-0.53597456,-0.69166976,-0.7449254,-20.0,1.0,119587
47897,71.63018165039293,0.9339698553085328,46.69849276542664,-1.0,-0.4332859,-0.36691815,-0.3022862,-24.85533833503723,1.0,91382
95736,71.62682101578942,0.9339040517807008,46.69520258903504,-1.0,-1.0,-1.0,1.0,-35.15031456947327,1.0,160000
24857,71.61641032273091,0.9337002038955688,46.68501019477844,-1.0,-1.0,1.0,-0.12489885,-20.0,1.0,84165
91530,71.61603285811069,0.9336928129196168,46.68464064598084,-0.66793215,-1.0,-0.1382767,-0.8336458,-24.758249521255493,1.0,160000
65407,71.61437079540845,0.9336602687835692,46.68301343917847,0.018675625,-1.0,-0.373483,0.47316554,-47.056660652160645,1.0,104669
81189,71.60773775285334,0.9335303902626038,46.67651951313019,-1.0,-1.0,-1.0,0.06669974,-27.531810998916622,1.0,106704
48667,71.58870303540608,0.9331576824188232,46.65788412094116,-0.14529505,-1.0,0.9321405,0.39852053,-35.801671743392944,1.0,97194
112954,71.5841125183472,0.933067798614502,46.6533899307251,-1.0,0.038027763,-0.75800794,-0.4576285,-20.0,1.0,160000
73101,71.58408207722167,0.9330672025680542,46.65336012840271,0.07669997,-0.24793904,-0.72498274,1.0,-60.0,1.0,160000
52575,71.5737746886537,0.9328653812408448,46.64326906204224,-0.5368331,-0.22097117,-0.47459954,-0.14685631,-20.0,1.0,125603
56926,71.56879449241073,0.9327678680419922,46.63839340209961,-1.0,-1.0,1.0,-0.7479666,-37.59106278419495,1.0,160000
100420,71.5670075855935,0.932732880115509,46.63664400577545,-1.0,-0.5430848,-1.0,0.8330412,-20.0,1.0,130446
70886,71.5647001297342,0.9326876997947692,46.634384989738464,-1.0,-1.0,-1.0,-0.31022453,-60.0,1.0,160000
40952,71.55928155661755,0.9325816035270692,46.629080176353455,-0.8468022,-1.0,-0.62361306,1.0,-35.50903797149658,1.0,160000
15342,71.55449615431617,0.9324879050254822,46.62439525127411,-0.42783737,-0.96124357,-1.0,-0.11982405,-20.85176467895508,1.0,160000
86894,71.55284317903778,0.9324555397033693,46.62277698516846,-0.824592,0.5252335,-0.8667343,1.0,-52.44010210037232,1.0,124828
100130,71.5517442390055,0.9324340224266052,46.62170112133026,-0.27295965,-0.9496701,-1.0,0.15394664,-20.0,1.0,160000
86589,71.54024338865351,0.9322088360786438,46.61044180393219,-0.3852964,0.41698927,-0.52695376,-0.21439803,-20.0,1.0,137693
57282,71.53979893958653,0.9322001338005066,46.61000669002533,-0.3058762,-0.74707925,-1.0,-0.94648033,-20.0,1.0,160000
34984,71.53841384090785,0.9321730136871338,46.60865068435669,-1.0,0.30560324,-0.3309128,-0.47917035,-38.32440197467804,1.0,111442
67167,71.5325629312153,0.9320584535598756,46.602922677993774,-1.0,-0.9011005,-1.0,1.0,-20.0,1.0,160000
67169,71.5325629312153,0.9320584535598756,46.602922677993774,-1.0,-0.5112394,-1.0,1.0,-48.62865328788757,1.0,160000
92968,71.5325629312153,0.9320584535598756,46.602922677993774,-1.0,-0.6114652,-1.0,1.0,-37.34169125556946,1.0,160000
95733,71.52420663701378,0.931894838809967,46.59474194049835,-1.0,-0.98184913,-0.78373957,1.0,-20.0,1.0,160000
111385,71.5194972656444,0.9318026304244996,46.590131521224976,-1.0,-1.0,-1.0,-0.82027555,-20.0,1.0,160000
83384,71.51398421406228,0.9316946864128112,46.58473432064056,-1.0,-1.0,-1.0,-0.08741486,-24.73107933998108,1.0,156385
94538,71.51079083900558,0.931632161140442,46.581608057022095,-1.0,-1.0,-1.0,-0.9324219,-46.40477776527405,1.0,160000
52933,71.50156686097058,0.9314515590667723,46.57257795333862,-0.32240784,-0.3014168,-1.0,-0.330292,-20.0,1.0,140386
57873,71.4991436578658,0.9314041137695312,46.57020568847656,-0.19474271,-1.0,-1.0,-0.4302072,-20.0,1.0,160000
81790,71.49726232502277,0.93136727809906,46.568363904953,-0.94518614,-1.0,-0.58046454,-0.23159128,-20.0,1.0,160000
107544,71.49267771125272,0.9312775135040284,46.563875675201416,-0.27694988,-0.7264265,-0.7267425,-0.3866744,-31.613540649414062,1.0,160000
46455,71.48470180061267,0.9311213493347168,46.55606746673584,-0.6467883,-1.0,-1.0,-0.15281373,-49.06083106994629,1.0,160000
53649,71.48465309267503,0.9311203956604004,46.55601978302002,-0.15591681,-1.0,1.0,-0.028940976,-41.101495027542114,1.0,160000
99022,71.47730122630735,0.9309764504432678,46.54882252216339,-0.89043665,-0.099870026,-1.0,-0.1098007,-20.0,1.0,160000
77605,71.47286878517815,0.9308896660804749,46.54448330402374,-1.0,-0.25489187,-1.0,0.40838343,-20.0,1.0,160000
103153,71.47095394356798,0.9308521747589112,46.54260873794556,-0.26963663,-0.47892398,0.6791174,-0.23270535,-59.02035593986511,1.0,126676
94310,71.46895386085355,0.9308130145072936,46.540650725364685,-1.0,-0.11563259,-0.22564733,-0.78779805,-35.52285075187683,1.0,160000
69688,71.46470710401545,0.930729866027832,46.5364933013916,-1.0,-0.40893272,-1.0,-0.046172857,-36.02431535720825,1.0,145393
85142,71.46052731332708,0.9306480288505554,46.53240144252777,-0.80959815,-0.89327466,-1.0,-0.3303429,-38.558619022369385,1.0,127149
108215,71.46049991481927,0.9306474924087524,46.53237462043762,-0.5722361,0.17094213,-1.0,-0.27306283,-20.136351585388184,1.0,160000
57448,71.45279787667074,0.9304966926574708,46.524834632873535,-1.0,-0.70843065,0.48498195,0.25622916,-40.8439564704895,1.0,108950
93777,71.4511844029015,0.9304651021957396,46.52325510978699,-1.0,-1.0,-1.0,1.0,-42.72290229797363,1.0,160000
93776,71.4511844029015,0.9304651021957396,46.52325510978699,-1.0,-1.0,-1.0,1.0,-20.0,1.0,160000
95214,71.44442302198415,0.9303327202796936,46.51663601398468,-1.0,0.1290834,-0.9243609,0.8324531,-25.186612606048584,1.0,160000
67994,71.43804520377712,0.9302078485488892,46.51039242744446,-0.86506885,-1.0,-1.0,-0.8666829,-48.18047881126404,1.0,128444
112038,71.43356397657794,0.9301201105117798,46.50600552558899,-1.0,-1.0,-1.0,-0.26513755,-20.0,1.0,160000
2357,71.43218185715459,0.9300930500030518,46.50465250015259,-0.4985012,-0.119168036,-0.7148251,0.124900885,-58.18026423454285,1.0,157515
114871,71.43177087434341,0.9300850033760072,46.504250168800354,-1.0,-0.8019421,-0.6274359,0.44958335,-20.0,1.0,84566
15914,71.42817553263319,0.9300146102905272,46.50073051452637,-0.82862747,-0.18534085,-1.0,-0.40195104,-45.66812753677368,1.0,126276
59139,71.42586184653862,0.929969310760498,46.4984655380249,-0.35434055,-0.43211034,-1.0,-0.7053471,-55.91980338096619,1.0,122559
77460,71.4250824991094,0.9299540519714355,46.49770259857178,-0.73650956,-0.8134573,-0.30606902,-0.5786741,-29.02239799499512,1.0,160000
47888,71.42181897882524,0.9298901557922364,46.494507789611816,-0.60549855,-1.0,1.0,-0.9920293,-40.37412762641907,1.0,160000
107200,71.41771826147584,0.929809868335724,46.490493416786194,-0.8877494,-0.55279255,-1.0,-0.03358984,-20.0,1.0,92070
55764,71.4154593627653,0.9297656416893004,46.48828208446503,-1.0,-1.0,-1.0,-0.10897422,-39.37893033027649,1.0,135870
96994,71.41436035597069,0.9297441244125366,46.48720622062683,-0.563102,-1.0,-1.0,-0.22727919,-55.37720441818237,1.0,160000
100105,71.40870396349663,0.929633378982544,46.4816689491272,-1.0,-0.67902815,-1.0,-0.5022806,-20.0,1.0,160000
93902,71.39411235376187,0.9293476939201356,46.467384696006775,-0.23818612,-0.42671198,-0.4671556,0.10598618,-40.590221881866455,1.0,160000
91623,71.38565203853774,0.9291820526123048,46.459102630615234,-1.0,-0.36918294,-1.0,-0.7676542,-60.0,1.0,145587
59964,71.38406287178775,0.929150938987732,46.4575469493866,-0.23704341,-0.13697307,-0.52465683,-0.8882753,-41.67291820049286,1.0,160000
54070,71.38066229472616,0.9290843605995178,46.45421802997589,-0.59625995,0.103420496,0.6154054,0.4384409,-60.0,1.0,160000
92227,71.37890263868897,0.9290499091148376,46.45249545574188,-0.01040411,-0.93338907,-1.0,-0.71252465,-20.0,1.0,160000
68684,71.37265554421073,0.9289276003837584,46.44638001918793,-1.0,-0.78433615,-1.0,0.005797386,-21.215754747390747,1.0,160000
85394,71.37070104033134,0.9288893342018129,46.44446671009064,-0.269546,-0.6797446,-0.55947816,0.09945804,-20.0,1.0,160000
25334,71.35905009180388,0.9286612272262572,46.43306136131287,-1.0,-1.0,0.47749272,-0.28180018,-29.525870084762573,1.0,101504
100370,71.35809414508694,0.928642511367798,46.43212556838989,-0.93756986,-1.0,-0.5375699,0.97560906,-46.191317439079285,1.0,97187
76000,71.34479609257306,0.928382158279419,46.41910791397095,-1.0,-0.97052574,-1.0,0.19819903,-20.0,1.0,160000
73927,71.34187343312871,0.9283249378204346,46.41624689102173,-1.0,-1.0,0.26951075,1.0,-40.40956258773804,1.0,160000
95391,71.3395809694683,0.9282800555229188,46.414002776145935,-0.42934528,-1.0,-0.4292738,-0.11811972,-20.0,1.0,160000
59511,71.33250567511537,0.9281415343284608,46.40707671642304,-0.15968713,-0.5458353,-0.098732725,1.0,-60.0,1.0,127653
66755,71.32649896410584,0.9280239343643188,46.40119671821594,-0.33365422,-1.0,-0.4658473,1.0,-20.0,1.0,103506
71280,71.32479406601284,0.9279905557632446,46.39952778816223,-0.77905893,-0.68300414,0.30858725,-0.20946991,-24.41511392593384,1.0,160000
76388,71.3239872834286,0.9279747605323792,46.39873802661896,-1.0,-0.69639,-0.12812372,-0.11870754,-20.0,1.0,143838
105825,71.31992596594381,0.9278952479362488,46.39476239681244,-1.0,0.0554412,-1.0,1.0,-20.0,1.0,119122
72379,71.31515527852991,0.9278018474578856,46.39009237289429,-0.76525337,-0.14385286,-1.0,-0.16995162,-29.63550567626953,1.0,160000
41142,71.30414947407444,0.9275863766670228,46.379318833351135,-0.10272521,-0.97354484,-1.0,-0.10050899,-22.76990532875061,1.0,123740
108101,71.29096070454665,0.9273281693458556,46.36640846729279,-0.8979815,-1.0,-0.2802053,-0.18381417,-26.417269706726078,1.0,160000
54120,71.27861214645671,0.9270864129066468,46.354320645332336,-0.96880764,-0.6815751,-1.0,-0.5310382,-31.527920961380005,1.0,140211
65687,71.27696810252917,0.927054226398468,46.3527113199234,-1.0,-1.0,-1.0,0.66307807,-20.0,1.0,106404
44005,71.27387181652601,0.9269936084747314,46.34968042373657,-0.5181314,-1.0,-1.0,-0.5046278,-21.178807020187374,1.0,160000
74968,71.26360258956264,0.926792562007904,46.3396281003952,-0.34932625,-1.0,-1.0,0.07864821,-20.064316987991333,1.0,123236
48352,71.26080465090547,0.9267377853393556,46.33688926696777,-1.0,-1.0,-1.0,0.14289159,-36.437333822250366,1.0,128302
112684,71.26009831545822,0.9267239570617676,46.33619785308838,-1.0,-0.17874628,-0.064674556,0.23708725,-22.395962476730347,1.0,160000
24148,71.25494388668163,0.9266230463981628,46.33115231990814,-0.28078502,0.009781972,-0.09587212,-0.376676,-20.0,1.0,106928
69948,71.2279902628965,0.9260953664779664,46.30476832389832,-1.0,-0.0791356,-0.6143504,0.09071863,-38.0612063407898,1.0,157510
48359,71.22155093842647,0.9259693026542664,46.29846513271332,-0.73722917,-0.43023074,0.5212847,0.019308805,-32.32407510280609,1.0,145159
23367,71.21351317407323,0.9258119463920592,46.290597319602966,-0.3794624,0.080161124,-0.9012501,0.2742359,-20.0,1.0,160000
19200,71.2072138605309,0.925688624382019,46.28443121910095,-1.0,-1.0,-1.0,-0.17754772,-20.0,1.0,122174
108958,71.20550887169676,0.9256552457809448,46.28276228904724,-0.90983695,-0.6351211,1.0,-0.08728385,-59.32112097740173,1.0,83512
104335,71.19050186923326,0.9253614544868468,46.268072724342346,-1.0,0.24588147,-0.4302011,0.36565793,-20.0,1.0,155528
70850,71.18113347839349,0.925178050994873,46.25890254974365,-0.53372234,-0.22064763,-1.0,-0.80116093,-20.0,1.0,160000
71544,71.17186247769621,0.924996554851532,46.2498277425766,-1.0,-0.50871694,-1.0,-0.8059897,-36.43692374229431,1.0,160000
74875,71.17164935079076,0.9249923825263976,46.249619126319885,-0.7096207,-0.5715093,-1.0,1.0,-20.0,1.0,160000
100678,71.17164935079076,0.9249923825263976,46.249619126319885,-0.90400094,-0.19382477,-1.0,1.0,-20.0,1.0,156117
94058,71.14302622246305,0.9244320392608644,46.22160196304321,-0.95351404,-0.39528266,-1.0,0.065027356,-24.940959215164185,1.0,160000
97217,71.13636134388317,0.9243015646934508,46.21507823467255,-0.4671026,-1.0,-1.0,-0.24612856,-22.72647976875305,1.0,150474
95734,71.12213637420055,0.9240230917930604,46.201154589653015,-0.16023067,-0.39264923,-0.5676358,1.0,-50.66601991653442,1.0,103409
48350,71.11583071325549,0.9238996505737304,46.19498252868652,-1.0,-1.0,0.20475101,-0.4197445,-27.556307315826416,1.0,160000
14086,71.1157332813674,0.9238977432250975,46.19488716125488,-0.5887943,-0.2438328,0.16174823,0.20321192,-57.5385046005249,1.0,157502
74561,71.10563078933548,0.9236999750137328,46.184998750686646,-1.0,-1.0,-0.4366231,1.0,-36.19805157184601,1.0,122834
63362,71.10246119152109,0.9236379265785216,46.181896328926086,-0.57443374,0.030393004,-1.0,-0.5813953,-20.0,1.0,160000
31989,71.10143206080873,0.9236177802085876,46.18088901042938,-1.0,-1.0,-0.6217908,0.32758257,-20.0,1.0,96031
56852,71.09833248673547,0.9235571026802064,46.17785513401032,-1.0,-0.0645386,-1.0,-0.20358664,-33.94779860973358,1.0,160000
67880,71.08650352242996,0.923325538635254,46.166276931762695,-1.0,0.057409823,-1.0,0.17510158,-52.33559608459473,1.0,150836
48186,71.08394285546717,0.9232754111289978,46.16377055644989,-0.69532347,-0.17357758,-0.56684405,-0.33031964,-60.0,1.0,160000
48918,71.07244874330688,0.9230504035949708,46.152520179748535,-0.71531117,-0.3055327,0.38459402,-0.8009707,-36.27467215061188,1.0,111137
39136,71.05677707264971,0.9227436184883118,46.13718092441559,0.0047053397,-0.08032542,0.4631742,-0.94614434,-60.0,1.0,157614
105802,71.04456119209135,0.9225044846534728,46.125224232673645,-0.53938806,-1.0,-1.0,-0.28254426,-36.93724513053894,1.0,160000
62365,71.03827053546537,0.9223813414573668,46.11906707286835,-0.11295977,-1.0,-1.0,0.010479867,-20.0,1.0,88934
65682,71.0313495746453,0.9222458600997924,46.11229300498962,-1.0,-0.107474566,-1.0,0.83211416,-20.0,1.0,106704
98529,71.01926143908791,0.9220092296600342,46.10046148300171,-1.0,-1.0,-1.0,-0.2620021,-26.253459453582764,1.0,160000
87449,71.0073133028428,0.9217753410339355,46.08876705169678,-1.0,-0.74216735,-0.74677587,-0.21742415,-53.58629465103149,1.0,160000
66338,71.00072109511879,0.9216462969779968,46.08231484889984,-0.84137523,-0.095930815,-0.4352075,-0.8437709,-20.0,1.0,160000
70926,70.97120664244984,0.921068549156189,46.05342745780945,-0.95947635,-0.09284115,-0.22700948,0.54068196,-20.0,1.0,124569
20661,70.96843878595585,0.921014368534088,46.05071842670441,0.01804629,-1.0,-1.0,-0.50416327,-20.0,1.2824565768241882,113426
112178,70.96742481785931,0.920994520187378,46.0497260093689,-1.0,-1.0,-1.0,0.83650225,-48.54192972183228,1.0,160000
39883,70.95693189550707,0.920789122581482,46.0394561290741,-0.34960806,-1.0,0.91646075,-0.032500267,-51.61936402320862,1.0,103911
75993,70.93393011504355,0.9203388690948486,46.01694345474243,-0.7937362,-0.6935188,-0.15243682,0.15871352,-50.04452705383301,1.0,131834
60361,70.92942047130634,0.9202505946159364,46.012529730796814,-1.0,-0.25478542,-1.0,0.23859727,-60.0,1.0,160000
41507,70.91478005197129,0.9199640154838562,45.99820077419281,-0.5657592,-1.0,-1.0,0.78728193,-28.069626092910767,1.0,99415
106076,70.89049890960968,0.9194887280464172,45.97443640232086,-1.0,-1.0,-0.6851817,0.121772885,-49.19856309890747,1.0,160000
100269,70.88181134796446,0.919318675994873,45.96593379974365,-0.4720921,-1.0,-0.7648883,0.92414105,-51.19412660598755,1.0,160000
83715,70.86175034931506,0.9189260005950928,45.94630002975464,-1.0,-0.14916617,-1.0,0.6879083,-20.0,1.2545982599258425,160000
94465,70.85375086861023,0.9187694191932678,45.93847095966339,-1.0,-1.0,-1.0,-0.42849302,-42.6483964920044,1.0,160000
22412,70.8532545161669,0.9187597036361694,45.93798518180847,-0.94736344,0.13973613,-0.6511873,-0.59112144,-46.344167590141296,1.0,77876
84447,70.85159493203207,0.9187272191047668,45.93636095523834,-1.0,-1.0,0.10432887,-0.6395316,-20.0,1.0,160000
72254,70.83655508411626,0.9184328317642212,45.92164158821106,-1.0,-0.88295174,0.15785754,-0.677989,-20.0,1.0,159959
45310,70.82804697320724,0.9182662963867188,45.91331481933594,-0.010040104,-1.0,-0.70412946,-0.15498084,-20.708136558532715,1.0,160000
45839,70.82554691002758,0.9182173609733582,45.91086804866791,-1.0,-1.0,-0.6735033,-0.96547425,-21.19310140609741,6.4842692613601685,160000
394,70.81517207425114,0.9180142879486084,45.90071439743042,-0.452083,-0.50007814,1.0,-0.46679953,-20.0,1.0,145523
92554,70.79751312030757,0.917668640613556,45.8834320306778,-1.0,-1.0,-0.40473124,1.0,-20.426703691482544,1.0,160000
52017,70.79367618450026,0.9175935387611388,45.87967693805695,-1.0,-0.028809011,-0.50084877,0.16278213,-24.647936820983887,1.0,144012
99077,70.78972656977162,0.9175162315368652,45.87581157684326,0.37148547,-0.83149296,-0.8736586,1.0,-20.0,1.0,160000
109332,70.7890566267079,0.9175031185150146,45.87515592575073,-1.0,-1.0,0.0058128834,-0.5167831,-20.0,1.0,160000
63917,70.78479030267789,0.9174196124076844,45.870980620384216,0.03977102,-0.9693068,-1.0,1.0,-60.0,1.0,160000
76925,70.78116346395717,0.9173486232757568,45.86743116378784,-1.0,-1.0,-1.0,-0.471039,-55.01698136329651,1.0,160000
70307,70.77757011658167,0.917278289794922,45.863914489746094,-1.0,-1.0,0.32134825,-0.51928854,-20.0,1.0,107646
20984,70.76143652343767,0.916962504386902,45.84812521934509,-0.29223165,-0.5812827,0.95652866,-0.48660234,-28.61493945121765,1.0,132976
75452,70.75605558746307,0.9168571829795836,45.84285914897919,-0.84820235,-0.0904178,-1.0,-0.5441498,-37.59084582328797,1.0,160000
58851,70.72511571075954,0.9162515997886658,45.81257998943329,-1.0,-1.0,-0.802166,-0.26999635,-60.0,1.0,155006
87703,70.69720549645037,0.9157053232192992,45.785266160964966,-1.0,-0.044499993,-0.2629984,-0.688727,-20.0,1.0,105156
42293,70.68606567381592,0.9154872894287108,45.77436447143555,-0.15140396,0.24421999,-0.99493635,-0.79139066,-20.0,1.0,160000
15264,70.67796505640263,0.9153287410736084,45.76643705368042,-0.2899844,-1.0,-0.096876435,-0.54842937,-22.427842617034912,1.0,150517
58273,70.67401523319673,0.9152514338493348,45.762571692466736,-1.0,-0.97190994,-1.0,0.21608075,-41.771403551101685,1.0,126935
31984,70.65696117290335,0.9149176478385924,45.74588239192963,-0.37019548,0.056472093,0.4325719,-0.18665001,-38.88730525970459,1.0,94770
48665,70.65472281761096,0.9148738384246826,45.74369192123413,-1.0,-0.85454476,-1.0,1.0,-29.40807580947876,1.0,95070
111198,70.63545459495788,0.9144967198371888,45.72483599185944,-1.0,-0.70034534,-1.0,0.2830919,-20.951765775680546,1.0,160000
65689,70.6289769987523,0.9143699407577516,45.71849703788757,-1.0,-0.6310222,-0.75969845,1.0,-53.07574272155762,1.0,131000
48662,70.61919204616713,0.914178431034088,45.70892155170441,-0.44229233,-0.6781069,-1.0,1.0,-20.0,1.0,160000
100265,70.61919204616713,0.914178431034088,45.70892155170441,-1.0,-1.0,-1.0,1.0,-45.67302465438843,1.0,160000
74462,70.61919204616713,0.914178431034088,45.70892155170441,-1.0,-1.0,-1.0,1.0,-23.986200094223022,1.0,160000
92979,70.61243117560815,0.9140461087226868,45.70230543613434,-0.31718582,-1.0,-0.1619147,-0.22884107,-57.84761905670166,1.0,118009
51569,70.60777164451098,0.9139549136161804,45.69774568080902,-1.0,-0.5206179,-1.0,-0.8283382,-20.0,1.0047966837882996,160000
95766,70.58444033935146,0.9134982824325562,45.67491412162781,-0.7798961,-1.0,-0.3175735,-0.28992867,-54.22972917556763,1.0,160000
107773,70.58378251535298,0.9134854078292848,45.67427039146423,-1.0,-0.8088647,-1.0,-0.97476864,-44.04134511947632,1.0,144898
37728,70.57318421243764,0.9132779836654664,45.66389918327332,-0.48568928,-1.0,-0.78865975,-0.444628,-26.307836771011356,1.0,94231
70474,70.51950057891978,0.9122273325920104,45.611366629600525,-1.0,-0.49970496,-1.0,-0.18638557,-59.74687099456787,1.0,160000
47892,70.5160925812663,0.9121606349945068,45.60803174972534,-1.0,-0.32374626,-0.51789474,-0.17234176,-20.0,1.0,150308
35294,70.50383105486372,0.9119206666946412,45.596033334732056,-0.9464164,-1.0,0.47947145,0.018434942,-32.22845792770386,1.0,132863
73736,70.49710637312964,0.911789059638977,45.58945298194885,-1.0,0.004053265,0.8166764,0.5995811,-20.0,1.0,160000
95009,70.49706982588938,0.9117883443832396,45.58941721916199,-0.038913727,-0.6515443,-1.0,-0.29274285,-47.9854428768158,1.0,160000
93079,70.4923460899065,0.9116958975791932,45.584794878959656,-1.0,-1.0,-0.3808739,-0.8125433,-20.84351181983948,1.9589612483978271,111782
75455,70.4793626155935,0.9114418029785156,45.57209014892578,-1.0,-0.58553547,-0.3663172,-0.60087985,-44.50368642807007,1.0,160000
70935,70.46919933035846,0.9112429022789,45.56214511394501,-0.074526906,-1.0,-1.0,-0.14885467,-20.0,1.0,160000
108956,70.46580648194822,0.9111765027046204,45.55882513523102,-1.0,0.48463535,-1.0,-0.5511514,-39.29274559020996,1.0,160000
61031,70.45758017304534,0.911015510559082,45.5507755279541,-0.5916322,-1.0,0.7397759,-0.9367682,-20.0,2.873984634876251,123121
103717,70.45317310022821,0.910929262638092,45.5464631319046,-1.0,-0.22298533,-0.6932508,-0.40753198,-52.06224322319031,1.0,160000
106089,70.43608989770664,0.9105949401855468,45.529747009277344,-1.0,-1.0,-0.33973253,-0.6491343,-20.0,1.0,160000
91482,70.43260867231903,0.9105268120765686,45.52634060382843,-0.92612416,-1.0,-1.0,1.0,-44.29619073867798,1.0,150020
91487,70.43260867231903,0.9105268120765686,45.52634060382843,-0.24385971,-0.9289669,-1.0,1.0,-20.0,1.0,160000
91484,70.43260867231903,0.9105268120765686,45.52634060382843,-1.0,-1.0,-1.0,1.0,-24.13439512252808,1.0,160000
61530,70.42678834335217,0.9104129076004028,45.52064538002014,-0.3980372,-0.6593202,0.42904884,0.3537671,-20.0,1.0,120236
14025,70.4243548259727,0.9103652834892272,45.518264174461365,-1.0,-1.0,-0.17807071,0.47588515,-22.820749282836918,1.0,160000
22624,70.40378403277316,0.9099627137184144,45.49813568592072,-0.686024,-1.0,-0.8813504,-0.22469184,-47.72624909877777,1.0,152374
73770,70.40260533318788,0.9099396467208862,45.49698233604431,-1.0,-0.63085395,-0.7126361,0.5266093,-38.60427498817444,1.0,160000
23018,70.39167720410498,0.909725785255432,45.486289262771606,-1.0,-0.20818974,-1.0,1.0,-44.00138020515442,1.0,110440
40775,70.39147618449059,0.909721851348877,45.48609256744385,-0.6457809,-0.84999377,-1.0,-0.7217599,-43.778371810913086,1.0,160000
94934,70.39140613219632,0.9097204804420472,45.48602402210236,-1.0,-1.0,-0.617834,-0.8605637,-31.017386317253116,1.0,115529
61778,70.36452720379988,0.9091944694519044,45.459723472595215,-1.0,-1.0,-0.8366761,-0.21160108,-20.0,1.0,160000
111849,70.35897776750453,0.9090858697891236,45.45429348945618,0.096155405,-1.0,-0.5671647,-0.68707013,-35.50395488739014,1.0,115889
46694,70.33620726364279,0.9086402654647828,45.432013273239136,-0.1296947,-1.0,0.41433984,0.07964331,-51.84678554534912,1.0,144701
37973,70.33068212118692,0.9085321426391602,45.42660713195801,-0.9029249,-0.3547668,-1.0,-0.17883658,-47.36531019210816,1.0,160000
63674,70.32688091242044,0.9084577560424804,45.42288780212402,-0.41280425,0.0016961694,-1.0,1.0,-21.328552961349487,1.0,160000
64626,70.32573872097633,0.9084354043006896,45.421770215034485,-1.0,-1.0,-0.8301183,-0.79436314,-20.0,1.0,128793
18846,70.32482496738517,0.9084175229072572,45.42087614536285,-1.0,-0.35456252,-1.0,-0.07649815,-21.837799549102783,1.0,160000
67448,70.31572091460774,0.9082393646240234,45.41196823120117,-0.99035525,-0.5859875,-0.6932127,-0.9760538,-20.0,1.0,160000
3049,70.312209036525,0.9081706404685974,45.40853202342987,-1.0,-0.6097862,0.2855313,-0.910765,-60.0,1.0,160000
50255,70.31147498322737,0.9081562757492064,45.40781378746033,-1.0,-0.27930233,0.19566846,-0.8385277,-35.28910040855408,1.0,159496
57033,70.29134476849805,0.907762348651886,45.3881174325943,-0.70446926,-0.14149323,-1.0,0.32674193,-26.72285556793213,1.0,108813
46227,70.2770198845896,0.9074820280075072,45.374101400375366,-0.07091451,-1.0,-0.29638568,-0.5770583,-20.0,1.0,144815
99337,70.24880844781607,0.9069299697875975,45.34649848937988,-0.98736316,-0.7912771,-1.0,-0.46617663,-20.0,1.0,160000
22413,70.24809874051708,0.906916081905365,45.34580409526825,0.24393956,-0.7277167,0.091717206,-0.7518661,-38.423660695552826,1.0,98760
71198,70.23704798888332,0.90669983625412,45.334991812706,-1.0,-0.32160515,0.0598453,-0.80960953,-29.70698595046997,1.0,84182
46488,70.21051742401374,0.9061806797981262,45.30903398990631,-1.0,0.068177,-1.0,0.8420131,-27.31352686882019,1.0,160000
101592,70.20913148996573,0.9061535596847534,45.30767798423767,-0.8504392,-0.22147512,-0.9168967,-0.8270118,-48.13659429550171,1.0,160000
72970,70.20458683840711,0.9060646295547484,45.30323147773743,-0.54575276,0.04288006,-0.97561896,-0.3195203,-42.13486552238464,1.0,160000
62007,70.20412688989087,0.9060556292533876,45.30278146266937,-1.0,-0.53919524,-0.47478098,0.31198734,-57.418588399887085,1.0,108166
57894,70.19244233686925,0.905826985836029,45.29134929180145,-1.0,-1.0,-1.0,0.01845318,-20.0,1.0,160000
89476,70.18679193709933,0.9057164192199708,45.285820960998535,-1.0,-1.0,-1.0,1.0,-21.667333841323853,1.0,118655
48245,70.16098571694205,0.9052114486694336,45.26057243347168,-0.33513632,-0.44859427,-1.0,-0.7912078,-38.972920179367065,1.0,160000
68036,70.15758019864812,0.9051448106765748,45.257240533828735,-0.52033806,-0.07189268,0.14658386,-0.57625276,-20.0,1.393543541431427,160000
44077,70.14196287313902,0.9048392176628112,45.24196088314056,-1.0,-0.6917577,-0.21269971,-0.69678974,-20.0,1.0,132732
96104,70.12694552063634,0.9045453667640686,45.22726833820343,-1.0,-0.62471044,-1.0,-0.15252054,-20.0,1.0,115491
89472,70.12121270225711,0.9044331908226012,45.22165954113007,-1.0,-1.0,-1.0,1.0,-31.46201491355896,1.0,160000
39377,70.12002775541347,0.9044100046157836,45.22050023078919,-1.0,-1.0,-0.1409514,-0.012684941,-35.32964527606964,1.0,139545
62085,70.11872705465103,0.9043845534324646,45.21922767162323,-1.0,-0.2478109,0.60028374,-0.77502495,-20.0,1.0,86593
24250,70.1052874491092,0.9041215777397156,45.20607888698578,-0.36397868,-0.86903477,-0.24384673,-0.9018092,-20.0,1.2240821719169617,94335
109512,70.07834401405333,0.9035943746566772,45.17971873283386,-1.0,-0.44756347,-1.0,0.9415057,-20.0,1.0,140671
100414,70.07689097798125,0.9035659432411194,45.17829716205597,-0.53210247,-1.0,-1.0,1.0,-20.0,1.0,160000
80065,70.07208711792347,0.9034719467163086,45.17359733581543,-0.42051634,-0.3843367,-1.0,-0.9174637,-21.542940139770508,8.543173432350159,142227
91900,70.04803719283235,0.9030013680458068,45.15006840229034,-1.0,-1.0,-1.0,-0.08535397,-20.0,1.0,114761
94226,70.04197516760507,0.902882754802704,45.14413774013519,-0.35137182,-1.0,-1.0,-0.16239345,-20.0,1.681881308555603,157655
89479,70.02422155924593,0.9025353789329528,45.12676894664765,-1.0,-0.6137543,-0.94592345,1.0,-20.0,1.0,160000
69827,70.02403269027575,0.9025316834449768,45.12658417224884,-1.0,-0.32246238,-1.0,-0.26302594,-20.0,1.0,160000
97610,70.01726690530111,0.9023993015289308,45.11996507644653,-1.0,-0.10524541,-1.0,-0.57602656,-56.38398766517639,1.0,160000
113379,70.00349156653527,0.9021297693252563,45.10648846626282,-0.7903788,-0.9534866,-1.0,0.010690689,-20.0,1.0,160000
43800,69.99846820650643,0.9020314812660216,45.101574063301086,-0.4540516,-1.0,-0.31320983,-0.10343039,-28.079158067703247,1.0,127709
47306,69.99565341376824,0.9019764065742492,45.09882032871246,-1.0,-0.2641294,-1.0,0.64656967,-20.0,1.0,160000
19679,69.94858428674357,0.9010554552078248,45.05277276039124,-1.0,-0.21566546,0.34072936,-0.14059335,-20.0,1.0,160000
102235,69.94473060995398,0.9009800553321838,45.04900276660919,-0.33532947,-1.0,-1.0,-0.5826206,-20.0,1.0,160000
46612,69.9447092852408,0.9009796380996704,45.04898190498352,-1.0,-1.0,-0.20600909,-0.11001861,-24.94560480117798,1.0,96625
46569,69.92304631224079,0.9005557894706726,45.02778947353363,-1.0,-1.0,-0.5852394,-0.12358573,-32.02646315097809,1.0,141715
91488,69.8994059708094,0.9000932574272156,45.00466287136078,-0.79759294,-0.05911161,-0.3535382,0.88688296,-52.54511833190918,1.0,127720
70966,69.89531458079779,0.9000132083892822,45.00066041946411,-0.46105948,-0.6455296,-1.0,-0.4936499,-20.0,1.0,147719
73637,69.87727032926107,0.8996601700782776,44.98300850391388,-0.67416155,-0.9493884,-1.0,-0.3353216,-49.65375304222107,1.0,152830
63676,69.87368156731188,0.8995899558067322,44.97949779033661,-1.0,-0.32785523,-0.6855241,1.0,-20.0,1.0,125443
89915,69.8518381225011,0.8991625905036926,44.95812952518463,-0.04801351,-0.40612212,-1.0,-0.33087265,-24.082789421081543,1.0,160000
110614,69.85137200469066,0.899153470993042,44.9576735496521,-1.0,-1.0,-0.37457246,0.45048583,-20.0,1.0,160000
82723,69.84615025957346,0.899051308631897,44.95256543159485,-0.9994184,-0.3184911,-1.0,-0.22215617,-46.91436409950256,1.0,160000
96689,69.78659586028648,0.8978861570358276,44.89430785179138,-0.48797974,-1.0,-1.0,-0.22770607,-37.22464203834534,1.0,93537
46712,69.77473535260137,0.897654116153717,44.88270580768585,-0.49849606,-1.0,-1.0,-0.9710481,-60.0,1.2040323615074158,154747
26438,69.76218928176411,0.897408664226532,44.8704332113266,-1.0,-0.63101506,-1.0,-0.021073997,-36.246817111968994,1.0,76890
30730,69.75600457143122,0.8972876667976379,44.8643833398819,0.13237548,-1.0,0.22669247,-0.47865075,-20.0,1.0,160000
31337,69.7411246322562,0.8969965577125549,44.84982788562775,-0.69014865,-1.0,-0.7043059,-0.49486473,-20.0,1.0,160000
82292,69.73849839127212,0.8969451785087585,44.84725892543793,-0.21116352,-0.35725266,-1.0,-0.28981256,-32.38221824169159,1.0,160000
82401,69.70973443960669,0.8963824510574341,44.8191225528717,-0.98247564,-0.464981,-0.2305108,-0.64600646,-34.42371368408203,1.0,160000
27897,69.68769430150557,0.8959512710571289,44.797563552856445,-0.8226882,-0.06347546,-1.0,-0.6722598,-60.0,1.0,160000
92352,69.68606123810059,0.8959193229675293,44.79596614837647,-1.0,-1.0,-0.81567633,-0.7269442,-20.0,1.0,141262
67301,69.68589366622403,0.8959160447120667,44.79580223560333,-0.9138708,-0.5139818,1.0,0.6273684,-60.0,1.0359073281288147,160000
35978,69.66519081952671,0.8955110311508179,44.775551557540894,-1.0,-0.6508073,-1.0,0.06267038,-20.0,1.0,127371
91601,69.66321649763795,0.8954724073410034,44.77362036705017,-0.62515163,-1.0,-0.46431962,-0.22875583,-20.0,1.0,160000
56649,69.65536489356624,0.8953188061714172,44.76594030857086,-1.0,0.06311512,-1.0,0.009886444,-45.926753282547,1.0,139949
109491,69.62604222831209,0.8947451710700989,44.737258553504944,0.23946261,-1.0,-1.0,-0.15995479,-20.0,1.0,160000
51130,69.58006477772979,0.8938457369804382,44.69228684902191,-0.47717747,-0.5412712,-1.0,-0.4172936,-60.0,1.0,94544
98316,69.56900444477381,0.8936293721199036,44.68146860599518,-1.0,-1.0,-0.6524842,-0.54845893,-20.0,1.0,160000
69202,69.56505866442352,0.8935521841049194,44.67760920524597,-1.0,-0.03587866,-0.5033816,0.05733764,-32.36525475978851,1.0,160000
45004,69.55505249762913,0.893356442451477,44.66782212257385,-0.9182543,-1.0,-0.6153423,-0.7780399,-20.0,1.0,128673
25871,69.54878490767898,0.8932338356971741,44.661691784858704,-0.25796953,-0.07932736,-0.46080667,0.17675722,-46.00223124027252,1.0,160000
3294,69.5315695053115,0.8928970694541931,44.644853472709656,-0.8015876,0.5752493,-0.7000828,-0.9246869,-45.72240889072418,1.0,110027
25897,69.52678268409018,0.892803430557251,44.64017152786255,-1.0,-0.22832641,-1.0,-0.8931725,-35.86505860090256,1.0,106160
15104,69.5016874947575,0.8923125267028809,44.61562633514404,-1.0,0.22992842,-0.8943181,0.7273051,-28.16540002822876,1.2368080615997314,160000
10213,69.49947534966684,0.8922692537307739,44.613462686538696,-0.0511424,-0.21239768,-1.0,-0.91251355,-60.0,1.0,160000
79446,69.49395107073258,0.8921611905097961,44.60805952548981,-0.73286927,-1.0,-1.0,0.28022298,-24.65131521224976,1.0,103590
35723,69.49046829936349,0.8920930624008179,44.604653120040894,-0.2823337,-0.80438447,0.36873507,0.4390423,-60.0,1.0701981782913208,120821
22172,69.4885578002561,0.8920556902885437,44.60278451442719,-1.0,-1.0,-1.0,0.35580742,-33.861650824546814,1.0,160000
83823,69.45655439385816,0.8914296627044678,44.57148313522339,-1.0,0.07033849,-1.0,0.70791495,-20.0,1.0,160000
25658,69.45310203083332,0.8913621306419373,44.56810653209686,0.017114758,-0.8820993,-1.0,-0.7568821,-25.63748002052307,1.0,160000
75475,69.4494759769922,0.8912912011146545,44.56456005573273,0.29531807,-1.0,-1.0,-0.33766568,-20.0,1.0,113730
63915,69.44816876779393,0.8912656307220459,44.563281536102295,-0.16151494,-0.7896554,-1.0,1.0,-20.0,1.0,160000
89715,69.44816876779393,0.8912656307220459,44.563281536102295,-1.0,-0.27944982,-1.0,1.0,-52.04206943511963,1.0,156684
92755,69.4345298646764,0.8909988403320312,44.54994201660156,-1.0,-0.44754434,0.15641832,-0.25110543,-28.03549289703369,1.3493207693099976,160000
32363,69.42136013274958,0.890741229057312,44.5370614528656,-1.0,-0.96567315,-0.6837975,-0.5572953,-44.0095841884613,1.0,153845
24264,69.41427854865914,0.890602707862854,44.5301353931427,-0.74526733,-0.115114175,-1.0,-0.47233173,-23.512563705444336,1.0,160000
84012,69.40251343657988,0.8903725743293762,44.51862871646881,-1.0,-0.19706625,-0.5613512,0.018278837,-48.7848699092865,1.0,160000
41380,69.3851078957089,0.8900321125984192,44.50160562992096,-0.019784868,-0.4858126,-0.5340532,-0.07396716,-60.0,1.0,112746
65180,69.37585961900392,0.8898512125015259,44.49256062507629,-0.07205331,-0.7057606,-0.89273894,0.2653095,-31.537998914718628,1.0,160000
105830,69.35141166902662,0.8893730044364929,44.468650221824646,-1.0,-1.0,-1.0,0.62709653,-34.428476095199585,1.0,160000
50531,69.29426578126694,0.88825523853302,44.412761926651,-1.0,-0.6153792,0.6532066,-0.6896279,-20.0,1.0,138839
58355,69.23237651922993,0.8870447278022766,44.35223639011383,-0.8258022,-1.0,0.31063473,-0.14391696,-49.01728928089142,1.15374094247818,89808
38409,69.21370485001586,0.8866795301437378,44.33397650718689,-0.35511678,-0.14572313,-1.0,-0.6307036,-22.11296558380127,1.0,124313
88694,69.20579364278328,0.8865247964859009,44.32623982429504,-0.36298215,-1.0,-0.63064885,-0.17213011,-55.6732177734375,1.0,160000
72530,69.18646042571206,0.8861466646194458,44.30733323097229,-0.012762666,-1.0,-1.0,0.6288379,-25.023339986801147,1.0,160000
2035,69.15946249016771,0.8856186270713806,44.28093135356903,-0.36929187,0.056069948,0.05153228,0.03192006,-60.0,1.0,160000
87331,69.14904903637117,0.8854149580001831,44.27074790000916,-0.28638786,-0.37350392,-1.0,1.0,-31.85108065605164,1.0,96265
53534,69.14057378074952,0.8852491974830627,44.26245987415314,-1.0,-0.44620436,-1.0,0.09542996,-25.8284854888916,1.0,160000
105670,69.10871735523888,0.8846261501312256,44.23130750656128,-1.0,-0.42351714,-0.19662601,1.0,-35.38812041282654,1.0,137604
38316,69.10659316956017,0.8845846056938171,44.22923028469086,-1.0,-1.0,-0.89213014,-0.47022206,-37.232457995414734,1.0,111052
82443,69.10400879147036,0.8845340609550476,44.22670304775238,0.030525804,-1.0,0.16249228,-0.2773999,-60.0,1.0,84534
42453,69.06917117789757,0.8838527202606201,44.192636013031006,-0.43275103,-0.8003122,-0.6075785,-0.07418877,-23.342467546463013,1.0,160000
74099,69.02365067799403,0.8829624652862549,44.14812326431274,0.2615009,0.29070592,-1.0,0.3470291,-20.0,1.0,136201
59437,69.0026181327062,0.8825511336326599,44.127556681633,-1.0,-0.12470758,-0.13516027,-0.17225581,-51.81746363639832,1.0,128374
72352,68.95738873817037,0.8816666007041931,44.083330035209656,-1.0,-1.0,-1.0,0.4105476,-20.0,1.0,141786
110631,68.95648353045232,0.8816488981246948,44.08244490623474,-0.23614389,-1.0,-1.0,0.46068513,-60.0,1.0,160000
105887,68.95259448529882,0.8815728425979614,44.07864212989807,-1.0,-0.56475544,-1.0,0.45238316,-20.0,1.0,160000
44319,68.94232932095828,0.8813720941543579,44.068604707717896,-0.4712595,-0.7627678,-0.40427572,-0.9781191,-48.51373553276062,1.0,123395
74178,68.90783640372582,0.8806975483894348,44.03487741947174,-0.20368382,-0.35975388,-0.62688226,0.19965026,-20.0,1.0,114259
20722,68.88361146123768,0.88022381067276,44.011190533638,-0.1736795,-0.71841514,-1.0,-0.11286451,-20.0,1.0,97472
55594,68.86642401198245,0.8798877000808716,43.99438500404358,-0.037620068,0.05354175,-1.0,1.0,-60.0,1.0,160000
111119,68.85098596766245,0.8795858025550842,43.97929012775421,-1.0,0.26361978,-1.0,1.0,-20.0,1.0,160000
96462,68.84957169670635,0.8795581459999084,43.97790729999542,-0.47110766,-1.0,1.0,-0.63934577,-60.0,1.0,111743
44861,68.84066542455972,0.8793839812278748,43.96919906139374,-0.8731069,-0.41537052,-0.12450152,-0.6295118,-36.414775252342224,1.0,121854
53960,68.82820816017076,0.8791403770446777,43.95701885223389,-1.0,-1.0,0.38645464,0.034706354,-39.99428033828735,1.0,160000
38443,68.8193505626196,0.8789671659469604,43.94835829734802,-0.32772785,-0.912498,-0.014930695,-0.49433857,-28.03653836250305,1.0,122882
52571,68.75484986495644,0.8777058720588684,43.88529360294342,-1.0,-0.4489411,-0.2547509,-0.050081193,-36.13873213529587,1.1396095752716064,160000
101187,68.73643290783524,0.8773457407951355,43.867287039756775,-1.0,-0.56761336,-0.47401106,1.0,-49.52662944793701,1.0,160000
86058,68.7256149244883,0.8771342039108276,43.85671019554138,-0.037649333,-0.92586106,-0.77290726,0.022726059,-43.150460720062256,1.0,160000
21418,68.69556872979683,0.8765466809272766,43.82733404636383,-0.9711126,-0.5997164,1.0,-0.85042703,-20.0,1.0,160000
74101,68.69352336532904,0.8765066862106323,43.825334310531616,-1.0,-1.0,-0.24548945,-0.2983902,-25.81352949142456,1.0,160000
101663,68.68659776406912,0.8763712644577026,43.81856322288513,-1.0,-0.8266537,-0.27338648,-0.6350477,-41.647971868515015,1.0,125633
74179,68.65194501306677,0.875693678855896,43.7846839427948,-1.0,0.09256762,0.98175865,-0.54296464,-42.68554747104645,1.0,160000
25707,68.6132495463956,0.8749370574951172,43.74685287475586,0.008199498,-1.0,-0.68475544,-0.74000585,-31.80486381053925,1.0,160000
94302,68.60420200316756,0.8747601509094238,43.73800754547119,-0.29731536,-1.0,-1.0,-0.70179534,-60.0,1.0,160000
37569,68.60239736701186,0.8747248649597168,43.73624324798584,-1.0,-1.0,-0.064961106,-0.25575072,-28.125251531600952,1.0,142258
65279,68.60017205329558,0.8746813535690308,43.73406767845154,-0.4021499,-0.48988014,-1.0,0.5213135,-20.0,1.0,160000
30850,68.58821018756872,0.8744474649429321,43.722373247146606,-1.0,-0.9257661,-1.0,-0.110383034,-25.241823196411133,1.0,104960
63512,68.57907717566758,0.8742688894271851,43.71344447135925,-0.94211996,-0.8380301,0.23335248,-0.45887178,-32.3465222120285,1.0,107377
110637,68.49331749775506,0.8725920915603638,43.62960457801819,-0.6352149,-0.5438736,-0.6788647,0.44889277,-38.60454797744751,1.0,140206
79849,68.49115303331529,0.8725497722625732,43.62748861312866,-0.27153563,-1.0,-1.0,0.18172371,-60.0,1.0,115721
77848,68.48865017784024,0.8725008368492126,43.62504184246063,-0.92497975,-0.71197516,-1.0,1.0,-32.22509205341339,1.0,160000
103650,68.48864103219937,0.8725006580352783,43.62503290176392,-0.66022253,-0.37112284,-1.0,1.0,-26.77730083465576,1.0,160000
94269,68.48776609902784,0.8724835515022278,43.62417757511139,-0.39126813,-1.0,0.7693262,-0.55978405,-60.0,1.0,160000
88981,68.48459560626583,0.8724215626716614,43.62107813358307,-0.019206762,-0.39091247,0.10752237,-0.16643822,-49.33227300643921,1.0,153352
61670,68.48185190653147,0.8723679184913635,43.618395924568176,-0.7021501,-0.18284535,0.5538261,0.07931042,-20.0,1.0,160000
103819,68.4784832477973,0.8723020553588867,43.615102767944336,-1.0,-0.9896713,-0.5482103,-0.16712856,-39.21659827232361,1.0,160000
21924,68.45596034043339,0.8718616962432861,43.59308481216431,-0.41681528,0.063014925,-1.0,-0.09820059,-20.0,1.0,160000
83532,68.45492381717231,0.8718414306640625,43.592071533203125,-0.36106235,-1.0,0.2332809,-0.483132,-27.521297931671143,1.0,145875
45266,68.44147335455516,0.8715784549713135,43.57892274856568,-0.15110163,-0.8439234,-0.0201613,-0.40588588,-20.0,1.0,160000
94164,68.42826364343757,0.8713201880455017,43.566009402275085,0.08626181,-0.96717024,-1.0,0.3243304,-60.0,1.0,160000
57915,68.3950972170486,0.8706717491149902,43.53358745574951,-0.24040762,-1.0,-1.0,1.0,-20.0,1.0,160000
109518,68.3950972170486,0.8706717491149902,43.53358745574951,-1.0,-1.0,-1.0,1.0,-44.47356104850769,1.0,160000
106984,68.38656696277658,0.8705049753189087,43.52524876594544,-1.0,-0.67411315,-1.0,0.1308285,-20.0,1.0,160000
109888,68.37374712275795,0.8702543377876282,43.51271688938141,-1.0,-1.0,-1.0,0.48439765,-20.0,1.0,160000
108194,68.37160082039097,0.8702123761177063,43.51061880588532,-0.07682717,-1.0,-1.0,-0.89872897,-60.0,1.0,160000
80069,68.36601859411333,0.8701032400131226,43.50516200065613,-0.5167005,-0.7266623,0.079303384,-0.23200399,-41.536054611206055,1.0,77604
88971,68.35960709361905,0.8699778914451599,43.498894572258,-0.004843533,-0.99804115,-0.62142056,-0.41515768,-56.122543811798096,1.0,127888
93166,68.34192124449157,0.8696321249008179,43.481606245040894,-0.5382237,-0.08474353,-1.0,-0.18536311,-20.0,1.0,160000
49618,68.3230644978965,0.8692634701728821,43.4631735086441,-0.049488932,-1.0,-0.78420126,-0.353283,-30.365803837776184,1.0,134126
30096,68.32118948416212,0.8692268133163452,43.46134066581726,-0.9976227,-0.044785798,1.0,-0.07446891,-44.008578062057495,1.0,160000
57582,68.31154304392487,0.8690382242202759,43.451911211013794,-1.0,-0.39363784,-1.0,0.029426694,-46.45269274711609,1.0,160000
96101,68.29278661948959,0.8686715364456177,43.43357682228088,-1.0,-0.829805,-1.0,-0.4770826,-51.31024479866028,1.0,160000
10495,68.28903958162007,0.8685982823371887,43.42991411685944,-0.21880575,0.03367015,-0.48299468,-0.95647025,-60.0,1.0,160000
86377,68.25936791250884,0.8680182099342346,43.40091049671173,-0.1108582,-0.09236437,-1.0,1.0,-54.55219268798828,1.0,150409
112176,68.25936791250884,0.8680182099342346,43.40091049671173,-1.0,-1.0,-1.0,1.0,-20.0,1.0,160000
68429,68.25412379797437,0.867915689945221,43.39578449726105,-0.5618124,-0.63470405,-0.7158466,0.47364917,-20.0,1.0,106672
38312,68.24652590495404,0.8677671551704407,43.388357758522034,-1.0,-0.28598124,-0.95862395,0.25346124,-40.13994455337525,1.0,160000
50657,68.20942020372027,0.8670417666435242,43.35208833217621,-1.0,0.19727466,-1.0,0.84423673,-37.37283945083618,1.1113244891166687,107771
45202,68.20582850544614,0.8669715523719788,43.34857761859894,-1.0,-0.4128753,-1.0,0.071848154,-43.87742042541504,1.0,160000
72587,68.20222765364828,0.866901159286499,43.34505796432495,-1.0,-1.0,-1.0,-0.017091453,-41.68548464775085,1.0,104232
22506,68.17350292569397,0.8663396239280701,43.3169811964035,-1.0,-1.0,-0.17520244,-0.24343589,-37.94066667556763,1.0,160000
92130,68.17158203409613,0.8663020730018616,43.31510365009308,-1.0,-0.87304264,-1.0,0.66178197,-40.582581758499146,1.0,160000
45215,68.16677674783777,0.8662081360816956,43.31040680408478,-0.52761745,-0.8775991,0.30365014,-0.9570725,-42.24334955215454,1.0,153233
101172,68.16538028553956,0.8661808371543884,43.30904185771942,-0.5385506,-1.0,-1.0,-0.81350505,-20.0,1.0,160000
4163,68.16231599251748,0.8661209344863892,43.30604672431946,-0.24148846,0.23901132,-0.74043953,0.11930235,-35.39709061384201,1.0,94395
87338,68.15987370181772,0.8660731911659241,43.30365955829621,-1.0,-0.59508795,-0.92366976,1.0,-20.0,1.0,133043
55988,68.15632459980347,0.8660038113594055,43.30019056797028,-1.0,-1.0,-1.0,-0.06997192,-45.76548099517822,1.0,160000
86588,68.1501685390771,0.865883469581604,43.2941734790802,-1.0,-0.6823737,-0.76423717,1.0,-20.0,1.0,95636
81434,68.14843056895685,0.865849494934082,43.2924747467041,-1.0,-1.0,-0.85479224,-0.009539783,-20.0,1.0,160000
29966,68.14729631394283,0.8658273220062256,43.29136610031128,-0.08394034,-1.0,-1.0,0.012382001,-20.0,1.0,160000
113006,68.14366791312231,0.8657563924789429,43.28781962394714,0.06741744,-0.20701797,-0.14189988,1.0,-46.08128786087036,1.0,138069
103613,68.09927586724463,0.864888608455658,43.2444304227829,-1.0,-0.2824347,-0.009525955,0.09421015,-39.40669655799866,1.0,160000
28044,68.07449223359293,0.8644041419029236,43.22020709514618,-0.87127864,0.15619832,1.0,-0.85620046,-37.10959434509277,1.471296310424805,124911
87340,68.03875848631874,0.8637056350708008,43.18528175354004,-1.0,-0.6836016,-1.0,0.9964882,-60.0,1.0,160000
64119,68.03249838120738,0.8635832667350769,43.179163336753845,-0.13869748,-0.91233665,-0.8771419,-0.4897833,-21.810686588287357,1.7319918274879456,160000
42646,67.98274309537402,0.8626106977462769,43.13053488731384,-1.0,-1.0,-0.121374644,0.19899175,-20.0,1.0,78034
72021,67.97560155093888,0.8624711036682129,43.123555183410645,-0.49943298,-1.0,-1.0,-0.49159873,-20.0,1.0,160000
112188,67.96722804147653,0.8623074293136597,43.11537146568298,-1.0,-0.5224836,-1.0,-0.5490619,-37.30806589126587,1.0,160000
114058,67.96109882926667,0.8621876239776611,43.10938119888306,-0.6088074,-0.84625113,0.3551892,0.20956182,-28.33369731903076,1.0,160000
92377,67.94194262959137,0.8618131875991821,43.09065937995911,-1.0,-1.0,-1.0,-0.031769276,-20.0,1.0,160000
64339,67.93458747699273,0.8616694211959839,43.0834710597992,-1.0,-1.0,-0.0038248599,0.62024575,-48.9063435792923,1.0,160000
63640,67.92280148826842,0.861439049243927,43.07195246219635,-0.29300675,-0.7077368,-0.44223666,-0.37293708,-20.0,1.0,160000
52747,67.92203913207246,0.8614241480827332,43.07120740413666,-1.0,-0.037430912,-0.13534188,-0.8428471,-29.545994997024536,1.0,107036
113718,67.90493178031899,0.8610897660255432,43.05448830127716,-1.0,0.09053418,-0.27978343,1.0,-20.0,1.0,160000
77683,67.89130068087584,0.8608233332633972,43.04116666316986,-1.0,-0.18183887,-1.0,-0.14171231,-52.69463300704956,1.0,92348
39270,67.87863922484021,0.8605758547782898,43.02879273891449,0.12950975,-0.8405324,-0.82275856,0.35326022,-20.0,1.0,151664
79018,67.83926681306212,0.8598062992095947,42.990314960479736,-0.9789267,-0.8325964,-1.0,-0.34932017,-20.0,1.0,147834
103637,67.82712649421325,0.8595690131187439,42.9784506559372,-1.0,-0.26591492,-1.0,0.11942291,-28.243247270584103,1.0,160000
37993,67.80914001888246,0.8592174649238586,42.96087324619293,-0.7119965,-0.33424997,0.29329002,-0.19750154,-58.88300538063049,1.0,147015
31469,67.80806350869277,0.8591964244842529,42.95982122421265,-1.0,-1.0,0.48119682,-0.603934,-20.0,1.0,149234
104339,67.78101027519574,0.8586676716804504,42.93338358402252,-0.5685727,-1.0,-0.39385942,1.0,-20.0,1.0,98632
48612,67.71777479736346,0.8574317693710327,42.87158846855164,-0.650616,-0.23563561,-1.0,-0.3490914,-22.93123960494995,1.0,160000
37838,67.71234928880709,0.8573257327079773,42.86628663539887,-0.014754862,0.210338,-0.6895535,0.9418726,-35.45940816402435,1.0,153155
87580,67.70882071769728,0.8572567701339722,42.86283850669861,-1.0,-0.009438455,-0.18987739,-0.19886816,-36.85324788093567,1.0,160000
114343,67.7019129949303,0.8571217656135559,42.8560882806778,-1.0,-0.7804831,-0.26397502,-0.9269991,-20.0,1.0,128739
8955,67.69965006225407,0.8570775389671326,42.85387694835663,-1.0,0.024527453,-1.0,-0.9464653,-20.0,1.0,127960
93077,67.69815872106976,0.8570483922958374,42.85241961479187,-0.75339854,-1.0,-1.0,-0.117687464,-37.02012538909912,1.0,139244
56297,67.69444103729484,0.8569757342338562,42.84878671169281,-0.58686304,-1.0,0.56319577,-0.40376633,-60.0,1.0,159433
19331,67.69211100048524,0.8569301962852478,42.84650981426239,-0.3322849,-0.9085672,-0.68972766,0.016053915,-57.256834506988525,1.0,160000
67162,67.66375081030017,0.8563759326934814,42.81879663467407,-1.0,-0.5725546,-1.0,1.0,-20.61414361000061,1.0,70392
98816,67.63603982519828,0.8558343648910522,42.79171824455261,-0.47017878,-0.22147149,0.13374043,-0.63321984,-20.0,1.0,143530
49657,67.62824127305984,0.8556819558143616,42.78409779071808,0.05130005,0.022411227,0.36556047,-0.4271149,-20.0,1.0,160000
9924,67.60917021779035,0.855309247970581,42.76546239852905,0.02508989,-0.9498457,1.0,0.45640343,-28.639063835144043,1.0,160000
40832,67.59134640196257,0.8549609184265137,42.74804592132568,0.23938519,0.044906706,-0.829921,0.7418484,-20.0,1.0,160000
96722,67.57986331155558,0.8547365069389343,42.73682534694672,-1.0,-1.0,-1.0,1.0,-60.0,1.0,160000
96724,67.57986331155558,0.8547365069389343,42.73682534694672,-0.66023886,-1.0,-1.0,1.0,-51.49599671363831,1.0,160000
100261,67.55799797481774,0.8543092012405396,42.71546006202698,-1.0,-0.6359439,-0.59026897,1.0,-30.887797474861145,1.0,96321
77829,67.54130524289859,0.8539829850196838,42.69914925098419,0.15139186,-1.0,0.55776036,-0.5773674,-20.0,1.0,144433
105332,67.53957892610312,0.853949248790741,42.69746243953705,-1.0,-1.0,-1.0,1.0,-20.0,1.0,160000
82716,67.5081450472203,0.8533349633216858,42.66674816608429,-1.0,-1.0,-1.0,-0.48595107,-34.22581434249878,1.0,160000
113138,67.49319959027386,0.8530429005622864,42.65214502811432,-0.2184307,-0.07096568,-1.0,1.0,-26.00862741470337,1.0,160000
87335,67.49319959027386,0.8530429005622864,42.65214502811432,-1.0,-1.0,-1.0,1.0,-60.0,1.0,160000
113133,67.49319959027386,0.8530429005622864,42.65214502811432,-0.83663607,-0.3978563,-1.0,1.0,-20.0,1.0,160000
85827,67.47533809041047,0.8526938557624817,42.63469278812408,-0.06700975,0.25103024,-0.48346648,1.0,-20.0,1.0,160000
65653,67.4622041688939,0.8524371981620789,42.62185990810394,0.20491287,-0.29360247,0.7900951,1.0,-39.28787469863892,1.0,143219
58024,67.45606114708596,0.8523171544075012,42.61585772037506,-0.8969091,-0.059728622,0.25807577,-0.38355595,-20.0,1.0,115405
88462,67.45087891018493,0.8522158861160278,42.61079430580139,-1.0,-1.0,-1.0,0.46288866,-30.567542910575867,1.0,137968
108869,67.43557308036955,0.8519167900085449,42.595839500427246,-1.0,-0.33015186,0.88328195,-0.6298686,-20.0,1.0,160000
78206,67.4316139197932,0.8518394231796265,42.59197115898132,-0.35784125,-0.19475237,-0.83831114,-0.032221377,-20.0,1.0,160000
100412,67.42590392945755,0.8517278432846069,42.58639216423035,-1.0,-0.2719555,-0.3974069,1.0,-60.0,1.0,155900
66580,67.42179223775423,0.8516474962234497,42.582374811172485,-0.6205365,-1.0,0.22276068,-0.2705028,-51.6352379322052,1.0,160000
81746,67.38190104540026,0.8508679866790771,42.54339933395386,-0.3846963,-0.122122586,-1.0,-0.18925107,-20.0,1.0,160000
78534,67.37363170793921,0.8507063984870911,42.53531992435455,-0.8537932,-0.22298118,-0.53772473,1.0,-60.0,1.0,76053
79589,67.37268611559543,0.8506879210472107,42.534396052360535,-0.5171115,-1.0,-0.9632621,-0.7928113,-20.0,1.0,160000
67178,67.35875230015786,0.8504156470298767,42.52078235149384,-0.7645663,-1.0,-0.5133493,-0.24776256,-20.0,1.0,121618
33336,67.35829780226285,0.8504067659378052,42.52033829689026,-1.0,-0.7025355,-1.0,-0.6194023,-20.0,1.0,92583
76809,67.34743862548798,0.8501945734024048,42.50972867012024,-1.0,-0.90655005,-0.61935514,-0.9113193,-21.914522647857662,1.0,160000
73929,67.33614318534913,0.8499738574028015,42.49869287014008,-1.0,-0.9840577,-0.16826224,1.0,-20.0,1.0,75995
78521,67.3279041517828,0.8498128652572632,42.49064326286316,-1.0,-1.0,-1.0,0.4538216,-20.0,1.0,126801
70661,67.32708360186183,0.8497968316078186,42.48984158039093,-1.0,-1.0,-1.0,-0.6042561,-60.0,1.0,160000
52047,67.30279638308777,0.8493222594261169,42.46611297130585,-1.0,-0.15668993,-0.7233943,1.0,-55.97479939460754,1.0,160000
61489,67.29482564152707,0.8491665124893188,42.45832562446594,-0.23386908,-0.6540983,0.68713784,-0.4075684,-20.0,1.0,160000
113129,67.27982664626879,0.8488734364509583,42.44367182254791,-1.0,-1.0,1.0,0.4454096,-20.0,1.0,160000
42658,67.26210345775537,0.8485271334648132,42.42635667324066,-1.0,-0.109864235,-0.48133522,-0.46606183,-32.64788925647736,1.0,160000
63919,67.25022791312666,0.8482950925827026,42.41475462913513,-0.9837439,-0.7966082,0.26658297,0.3671204,-20.0,1.0,97899
89729,67.24031377412616,0.8481013774871826,42.40506887435913,-1.0,-1.0,0.3213449,-0.63402486,-20.0,1.0,160000
99656,67.23760491722697,0.8480484485626221,42.4024224281311,-0.16918463,-1.0,-1.0,-0.48158503,-34.960618019104004,1.0,156173
34898,67.21608644934588,0.8476279973983765,42.38139986991882,-1.0,-0.9196962,0.24942926,-0.7918017,-60.0,1.0,160000
70944,67.18326832913169,0.8469867706298828,42.34933853149414,-1.0,-0.056049407,0.57600254,1.0,-20.0,1.0,160000
84832,67.17218849975856,0.8467702865600586,42.33851432800293,0.1181823,0.19419503,-1.0,0.2545191,-30.527729392051697,1.0,160000
77476,67.14674003180394,0.8462730646133423,42.31365323066712,-0.21282732,-1.0,-1.0,0.40347242,-20.0,1.0,150524
51807,67.12962572773903,0.8459386825561523,42.29693412780762,-0.5711513,0.44920126,-0.27058104,-0.39652014,-20.0,1.0,151225
66753,67.09135745636213,0.8451910018920898,42.25955009460449,-1.0,-1.0,-1.0,1.0,-25.432404279708862,1.0,76479
106495,67.04894843945763,0.8443624377250671,42.21812188625336,-1.0,0.13734776,-1.0,1.0,-20.0,1.0,160000
35847,67.03278815723044,0.8440467119216919,42.2023355960846,-1.0,0.1206359,-1.0,0.08224589,-20.0,1.0,149716
91931,67.03225730926411,0.844036340713501,42.20181703567505,-1.0,-1.0,-0.512938,0.8817756,-38.36445748806,1.0,160000
99730,67.03091493442274,0.8440101146697998,42.20050573348999,-1.0,-1.0,-1.0,1.0,-25.26129484176636,1.0,126894
70135,66.94663931653888,0.8423636555671692,42.11818277835846,-0.6399213,-0.63974863,-1.0,-0.26917696,-51.63987040519714,1.1060691475868225,126855
108380,66.93701646588349,0.8421756625175476,42.10878312587738,-0.7403641,-1.0,-1.0,-0.11747527,-56.24548077583313,1.0,160000
39573,66.93631168317035,0.8421618938446045,42.10809469223023,-0.6063801,-1.0,-0.21379453,0.028175652,-60.0,1.0,160000
70319,66.90422700598516,0.8415350914001465,42.07675457000733,0.048692763,-0.20243245,-0.07845873,-0.41629314,-53.96260857582092,1.0,160000
85144,66.89172676814133,0.8412908911705017,42.064544558525085,-0.05652994,0.05655402,-0.6035198,-0.02986765,-20.0,1.0,160000
74569,66.890936537924,0.8412754535675049,42.06377267837525,0.2796365,-0.68320274,-0.99972856,1.0,-45.03631114959717,1.0,133979
34774,66.88498996845976,0.8411592841148376,42.05796420574188,-0.13253635,-0.91451645,-0.9896975,1.0,-45.70104360580444,1.0,160000
73734,66.86823024238188,0.8408318758010864,42.04159379005432,-1.0,-0.74645257,0.7225794,1.0,-20.0,1.0,160000
38278,66.85433539002469,0.8405604362487793,42.028021812438965,-1.0,-0.79041076,-1.0,0.043354094,-58.23447585105896,1.0,160000
50451,66.85165343352696,0.8405080437660217,42.025402188301086,-0.7143903,-1.0,-0.41268626,-0.99148065,-20.0,11.0,160000
114055,66.85148867156765,0.8405048251152039,42.02524125576019,-0.5259872,-1.0,-1.0,0.46910155,-20.0,1.0,160000
113132,66.80518692834146,0.8396003246307373,41.98001623153687,-1.0,-0.121133566,-1.0,1.0,-56.58427000045776,1.0,105862
19066,66.75082552233405,0.838538408279419,41.92692041397095,-0.9278885,-1.0,1.0,-0.9269843,-20.0,2.8478333950042725,111089
57442,66.74655978066141,0.838455080986023,41.92275404930115,-1.0,-1.0,-1.0,0.54994833,-37.458930015563965,1.0,160000
99827,66.73667347443343,0.8382619619369507,41.913098096847534,-0.9232683,-0.51127565,-0.7818606,-0.48070073,-47.10240364074707,1.0,160000
90624,66.73381742053195,0.8382061719894409,41.910308599472046,-1.0,-0.91380006,-1.0,-0.55875874,-34.916871786117554,1.0,160000
63655,66.70568078083915,0.837656557559967,41.88282787799835,-0.08039558,-1.0,-1.0,0.6698016,-37.47867226600647,1.0,160000
9927,66.69193117211418,0.8373879790306091,41.86939895153046,-0.36715353,0.11148141,0.8640456,0.14493293,-20.0,1.0,141076
77814,66.68221545226211,0.8371981978416443,41.85990989208221,-0.060178787,-0.14810371,-1.0,0.37794983,-53.43819379806519,1.0,119571
35559,66.67650927374976,0.8370867371559143,41.85433685779572,-0.61211085,-0.57710195,-1.0,-0.38603222,-22.74382710456848,1.0,103235
32213,66.66097129029184,0.836783230304718,41.8391615152359,-0.6406702,0.007894397,-0.3895357,-0.845468,-28.219587802886963,1.0,153948
15859,66.65687011953626,0.8367031216621399,41.835156083107,-0.4274521,-1.0,0.18404722,-0.92227936,-55.47072172164917,1.0,160000
79540,66.62566857596838,0.8360936641693115,41.804683208465576,-1.0,-1.0,-1.0,-0.3821603,-20.0,2.1838042736053467,160000
12383,66.61669708028103,0.8359184265136719,41.7959213256836,-1.0,-1.0,-0.5282728,-0.13721488,-42.73373007774353,1.0,101347
111486,66.59206185941738,0.8354372382164001,41.77186191082001,-0.5453356,-1.0,-1.0,-0.4063691,-40.75471639633179,1.0,160000
98155,66.57995926226886,0.835200846195221,41.76004230976105,-1.0,-1.0,-1.0,0.5570356,-26.287667751312256,1.0,160000
74646,66.57845177229424,0.8351714015007019,41.758570075035095,-0.061837733,-1.0,-1.0,0.044030786,-25.68747043609619,1.0,160000
66575,66.57026431009439,0.8350114822387695,41.75057411193848,-1.0,-1.0,-1.0,0.75555104,-20.0,1.0,160000
19383,66.54542705438527,0.8345263600349426,41.72631800174713,-0.34222305,-0.40219092,-1.0,-0.4539396,-36.036204397678375,1.0,138764
15287,66.53932068139495,0.8344070911407471,41.72035455703735,-0.047291294,-0.901532,-0.0039111227,-0.4196094,-60.0,1.0,98308
72006,66.532350663466,0.8342709541320801,41.713547706604,-0.91548645,-0.22974789,0.25100434,-0.23372287,-26.82143807411194,1.0,160000
40004,66.52753511013174,0.8341768980026245,41.708844900131226,-1.0,-1.0,-1.0,-0.685827,-20.0,1.0,134102
10148,66.51284118533853,0.833889901638031,41.69449508190155,-1.0,-1.0,-1.0,1.0,-41.1721259355545,1.0,113913
48295,66.49397541600722,0.8335214257240295,41.67607128620148,0.24130106,0.38431132,-0.30434498,-0.115867615,-26.955230236053467,1.0,160000
59154,66.4881587870912,0.8334078192710876,41.67039096355438,-1.0,-1.0,-0.63491106,-0.67173916,-31.409908533096317,1.0,153316
74171,66.4803035619899,0.8332543969154358,41.66271984577179,-0.949963,-1.0,1.0,-0.17631376,-28.005486726760864,1.0,160000
12513,66.46484630869993,0.8329524993896484,41.64762496948242,-1.0,-1.0,-0.25117615,0.66580355,-20.0,1.0,160000
98297,66.46043036246417,0.8328662514686584,41.64331257343292,-0.067619085,-1.0,-1.0,0.3126188,-31.20713233947754,1.0,160000
68736,66.43185920574275,0.8323082327842712,41.61541163921356,-1.0,-0.28639147,0.1938858,-0.7702169,-52.94656038284302,1.0,160000
66597,66.41186034937324,0.8319176435470581,41.595882177352905,-0.5916694,-0.7134048,-1.0,0.6501632,-20.0,1.0,160000
96524,66.40715434503643,0.8318257331848145,41.59128665924072,-1.0,-1.0,-1.0,0.96056044,-20.0,1.0,152538
98296,66.39780944160543,0.8316432237625122,41.58216118812561,-1.0,-0.662251,-1.0,0.3152904,-20.0,1.0,160000
95536,66.39269444467665,0.8315433263778687,41.57716631889343,-0.22809422,-0.45145988,-0.76430255,-0.8261373,-40.971200466156006,1.0,160000
51352,66.37071139078776,0.8311139941215515,41.555699706077576,-1.0,0.26578093,-1.0,0.51509917,-25.49619555473328,1.0,129936
111156,66.36166539192364,0.8309373259544373,41.54686629772186,-1.0,0.105404556,-1.0,0.18693388,-26.889097690582275,1.0,160000
39719,66.33247312023994,0.8303672075271606,41.51836037635803,-0.71095675,0.090968326,-1.0,-0.80635357,-28.386361598968502,1.0,90778
104334,66.3209822536156,0.8301427960395813,41.507139801979065,-0.5779307,-0.86937547,-0.36358255,1.0,-20.0,1.0,160000
65652,66.31811944466472,0.830086886882782,41.5043443441391,-1.0,-1.0,0.83147275,1.0,-20.0,1.0,160000
101962,66.28505641922351,0.8294411897659302,41.47205948829651,-0.4921323,0.08180851,-0.48708272,-0.2217412,-26.40864133834839,1.0,160000
32937,66.27278085761021,0.8292014598846436,41.46007299423218,-0.2084551,-1.0,-0.47337383,0.09233692,-20.0,1.0,118996
39103,66.26060288073035,0.8289636373519897,41.44818186759949,-1.0,-1.0,0.47040918,-0.7377106,-20.0,1.0,160000
55614,66.26005654851055,0.828952968120575,41.44764840602875,0.08133364,-1.0,0.38114083,-0.93626267,-24.52947497367859,1.0,101031
79820,66.2401473568627,0.8285641670227051,41.42820835113525,-0.7418521,-0.08311933,-0.4118135,0.22189671,-32.965946197509766,1.0,160000
112340,66.21471650080971,0.8280675411224365,41.40337705612183,-0.9178308,0.06067285,-0.43968862,0.55051124,-42.3749589920044,1.0,160000
110883,66.21063874008095,0.8279879093170166,41.39939546585083,-0.7463063,0.24864644,-1.0,0.66707015,-20.0,1.0,100582
28270,66.19537452516359,0.8276898264884949,41.38449132442474,-0.20424782,-0.378951,-0.58930475,1.0,-34.582475423812866,1.0,134760
79332,66.1952310696193,0.8276870250701904,41.38435125350952,-1.0,-1.0,-1.0,0.15964782,-20.0,1.0,121451
104383,66.15934240546767,0.8269861936569214,41.34930968284607,-0.7499503,-1.0,-0.5333521,-0.8321471,-55.71252703666687,1.1653534173965454,160000
39887,66.15344839140317,0.8268710970878601,41.343554854393005,-1.0,-1.0,-1.0,-0.22092575,-37.62642443180084,1.0,160000
88259,66.13505808831087,0.8265119791030884,41.32559895515442,-1.0,-0.54173183,-1.0,0.47297645,-43.535791635513306,1.0,99673
53953,66.13091299475994,0.8264310359954834,41.32155179977417,-0.98123395,-0.5630055,0.2939381,-0.18493861,-20.0,1.4186975955963137,160000
24907,66.11044683625123,0.8260313868522644,41.30156934261322,-0.06573284,-1.0,-0.010847151,-0.056408882,-60.0,1.0,71041
113968,66.10247092318508,0.8258756399154663,41.29378199577332,-0.61975574,0.053845584,-0.41477495,0.39439297,-60.0,1.0,160000
101732,66.09800219859842,0.8257883787155151,41.28941893577576,-1.0,-0.7201763,-1.0,-0.25788784,-20.0,1.0,149191
78746,66.03071968139132,0.824474573135376,41.2237286567688,-1.0,-1.0,-0.38434672,-0.50477606,-20.0,1.0,155698
106477,66.02447420156818,0.8243526220321655,41.21763110160828,-0.72591144,-0.9136009,-1.0,-0.47663677,-24.426748752593998,1.0,160000
67546,65.98120701618102,0.8235077857971191,41.17538928985596,-1.0,-1.0,-1.0,-0.5922599,-20.0,1.0,160000
103558,65.92472670613999,0.8224049806594849,41.12024903297424,-0.97781014,-0.81985635,-1.0,-0.34384537,-20.0,1.0,160000
30470,65.88778244583905,0.8216836452484131,41.084182262420654,-0.40102124,-0.109358296,0.8765673,-0.49115744,-46.11672401428223,1.0,78614
67119,65.8361043687424,0.8206746578216553,41.03373289108277,-0.7762024,-1.0,-1.0,-0.80879647,-20.0,1.0,143799
61529,65.8255658608799,0.8204689025878906,41.02344512939453,-0.06984344,-0.41360155,0.8553115,0.5114533,-20.0,1.0,129983
36589,65.80531599642742,0.8200735449790955,41.00367724895477,-1.0,-0.29535985,-0.51785696,-0.41936833,-30.48857867717743,1.0,160000
78209,65.77767164067384,0.8195338249206543,40.97669124603272,-1.0,-0.36750805,-0.8761122,0.20564008,-60.0,1.0,160000
70929,65.77541244721428,0.8194897174835205,40.974485874176025,-0.49432838,-1.0,-0.72245777,0.9258448,-20.0,1.0,160000
99079,65.77086352186463,0.8194009065628052,40.97004532814026,0.0010573864,-1.0,-1.0,1.0,-20.0,1.0,160000
90882,65.75990025819726,0.8191868662834167,40.95934331417084,-1.0,-0.99368733,-1.0,0.22667038,-20.0,1.0,91213
75179,65.75351338529434,0.8190621733665466,40.95310866832733,-1.0,-0.9475734,-1.0,0.21932572,-21.52311682701111,1.0,160000
6787,65.74725471584595,0.8189399838447571,40.946999192237854,-1.0,-0.13443853,-0.16658735,-0.602615,-33.76795053482056,1.0,143624
75171,65.70375176816466,0.8180906772613525,40.90453386306763,-1.0,-0.23914865,-0.2477774,0.07435709,-45.60180425643921,1.0,160000
38377,65.69050435860875,0.8178320527076721,40.891602635383606,-0.7143091,-1.0,-0.5103982,-0.6234932,-21.318920850753784,1.0,160000
37878,65.68759779213424,0.817775309085846,40.8887654542923,-1.0,-1.0,-0.013574511,1.0,-55.80680966377258,1.0,136759
75332,65.68314633960757,0.8176884055137634,40.88442027568817,-1.0,-0.59428245,-0.94713,-0.23780996,-20.0,1.0,138734
90830,65.68305169268912,0.8176865577697754,40.88432788848877,-1.0,-1.0,-0.4332809,1.0,-20.0,1.0,160000
109515,65.67684162242745,0.8175653219223022,40.87826609611511,-1.0,-0.7170754,-0.8564951,1.0,-22.44702935218811,1.0,160000
90822,65.65414139968709,0.8171221613883972,40.85610806941986,-0.3139981,-1.0,-0.4373575,1.0,-60.0,1.0,160000
114383,65.63029897949866,0.8166567087173462,40.83283543586731,-0.20399576,-0.285289,-0.6410234,0.31710643,-20.0,1.0,130098
72212,65.59562934086671,0.8159798979759216,40.79899489879608,-0.45142058,-0.32200497,-1.0,-0.6463162,-42.295053005218506,1.0,160000
105963,65.57554170316823,0.8155877590179443,40.77938795089722,-1.0,-0.41847533,-1.0,-0.27984047,-20.0,1.0,136015
72218,65.52221781113218,0.8145468235015869,40.72734117507935,-0.25923526,-0.10581243,-0.26230985,-0.68636703,-20.0,1.0,160000
81685,65.48490477192423,0.8138184547424316,40.69092273712158,-1.0,-0.89893425,0.009459734,1.0,-20.0,1.0,121677
87735,65.47150608095373,0.8135569095611572,40.67784547805786,-1.0,-1.0,-1.0,-0.4729085,-33.60706090927124,1.0,160000
83827,65.46960985859316,0.8135198950767517,40.67599475383759,-1.0,-1.0,-0.21701175,-0.22293043,-20.0,1.0,160000
108476,65.43850663068186,0.8129127621650696,40.64563810825348,-1.0,-0.1262762,-1.0,-0.6039982,-60.0,1.0,160000
62369,65.41260618749392,0.8124071955680847,40.62035977840424,-0.8147843,-1.0,0.89544845,0.1595324,-23.01861047744751,1.0,102352
85533,65.40339345124418,0.8122273683547974,40.61136841773987,-1.0,-1.0,-1.0,-0.21244812,-26.62796974182129,1.0,160000
30446,65.3545013078589,0.8112730383872986,40.56365191936493,-0.16605599,-0.5113243,-1.0,-0.7253758,-32.14290797710419,1.0,160000
11241,65.34619521640886,0.8111109137535095,40.55554568767548,-0.7202498,0.2044962,0.31629485,-0.9324114,-23.79583477973938,1.0,152539
109957,65.34448818751893,0.8110775947570801,40.553879737854,-1.0,-0.6073878,-0.36418164,0.23051631,-60.0,1.0,160000
55374,65.30900053725381,0.8103849291801453,40.51924645900726,-0.6876859,0.03254199,-0.3538494,-0.059273064,-20.0,1.0,96281
42718,65.30514665846285,0.8103097081184387,40.515485405921936,-0.959924,0.06325075,-1.0,-0.3900926,-20.0,1.0,123414
107499,65.25872536963514,0.809403657913208,40.4701828956604,-1.0,0.11184725,-0.9540634,1.0,-20.0,1.0,133484
80596,65.2543613803874,0.809318482875824,40.4659241437912,-0.8425127,-0.9389448,-0.6555134,-0.36797553,-33.6433219909668,1.0,160000
82517,65.25219617797238,0.8092762231826782,40.46381115913391,-1.0,-0.26576573,-1.0,-0.8533398,-23.26837420463562,1.0,160000
110331,65.24805816012945,0.8091954588890076,40.45977294445038,-1.0,0.41972104,-1.0,1.0,-52.89470434188843,1.0,127169
108933,65.21899097607283,0.8086281418800354,40.43140709400177,-1.0,-1.0,-1.0,0.9012437,-47.88920402526856,1.0,103913
81849,65.21139580287675,0.808479905128479,40.42399525642395,-1.0,-1.0,-1.0,-0.8680049,-20.0,1.0,160000
96742,65.16262647675717,0.8075280785560608,40.37640392780304,-1.0,-0.44198355,0.41255626,1.0,-20.0,1.1832076907157898,123222
82746,65.12735191103455,0.806839644908905,40.34198224544525,-0.73279846,-1.0,-0.5643399,-0.96569324,-39.45083022117615,1.0,96868
41506,65.12691211964875,0.8068310618400574,40.34155309200287,-0.2918181,-0.7051023,0.79112536,0.8354969,-20.0,1.0,160000
40785,65.0762070785373,0.8058415055274963,40.29207527637482,-1.0,-0.5822954,-1.0,-0.6419713,-23.415807485580444,1.1370355486869812,133954
48388,65.05345620612508,0.8053975105285645,40.26987552642822,-1.0,-0.67141074,-1.0,-0.6860221,-32.91558623313904,1.0,160000
42303,65.03562546705234,0.8050495386123657,40.252476930618286,-0.5364527,-0.12181018,0.4270473,0.08330822,-20.0,1.0,131782
51030,65.03078749535528,0.8049551248550415,40.24775624275208,-0.18395503,-0.7125062,-0.49638858,-0.54601735,-24.02241945266724,1.0,160000
102597,65.02219273140216,0.8047873973846436,40.23936986923218,-1.0,-0.15203595,-1.0,-0.9486028,-20.0,1.0,160000
98058,65.00124930271505,0.8043786883354187,40.218934416770935,-0.8353802,-1.0,-0.41835397,0.061161995,-25.39913296699524,1.0,116404
74466,64.98592870196599,0.8040797114372253,40.20398557186127,-0.28253078,-1.0,-0.23754019,1.0,-20.0,1.0,160000
89872,64.98015289734322,0.8039669990539551,40.19834995269776,-1.0,-1.0,-1.0,0.13645941,-38.05266618728638,1.0,125601
97079,64.96893110334612,0.8037480115890503,40.18740057945252,-0.6469729,-0.7556009,1.0,-0.20811749,-20.0,1.0,147646
113136,64.95819183195695,0.80353844165802,40.176922082901,-0.08487582,-1.0,-1.0,1.0,-20.0,1.0,90886
113534,64.95452348163516,0.8034668564796448,40.17334282398224,-0.64483505,-0.21710125,-1.0,-0.4697523,-20.0,1.0,123308
7839,64.94989908865303,0.8033766150474548,40.16883075237274,-0.644473,-1.0,-0.07757135,-0.24406937,-51.607972383499146,1.1878616213798523,160000
35548,64.94886974715097,0.8033565282821655,40.16782641410828,-0.39796472,-0.16218406,-0.7728182,0.30552787,-20.0,1.0,160000
77156,64.91874366823687,0.8027686476707458,40.13843238353729,-1.0,-0.35868582,-1.0,-0.1268112,-60.0,1.0,130925
108012,64.91652000454714,0.8027252554893494,40.13626277446747,-0.7299571,-1.0,-1.0,-0.42346108,-20.0,1.0,160000
46567,64.88802447304508,0.8021692037582397,40.10846018791199,-0.48189348,0.10582295,-1.0,0.14123732,-20.0,1.0,160000
85432,64.87991465899489,0.8020109534263611,40.10054767131805,-0.5741045,-1.0,-1.0,0.4908386,-54.30972933769226,1.0,160000
35751,64.86414088278154,0.801703155040741,40.08515775203705,-1.0,-0.30552825,-0.70138246,-0.8741063,-20.0,1.0,141590
90538,64.8466899783651,0.8013626337051392,40.06813168525696,-1.0,-0.7895816,-1.0,-0.36611843,-20.3883695602417,1.0,159765
112241,64.8127803966465,0.8007009625434875,40.03504812717438,-1.0,-1.0,-0.5775603,0.6407194,-54.89877223968506,1.0,133465
6625,64.80019815228493,0.8004554510116577,40.022772550582886,-0.19339389,-0.22565098,0.340366,-0.19223028,-41.167362332344055,1.0,90419
69507,64.7785157828227,0.800032377243042,40.0016188621521,-1.0,-0.51721495,-0.3700723,0.54845536,-45.792224407196045,1.0,160000
96527,64.74710364890143,0.7994194626808167,39.97097313404083,-1.0,-0.21890229,-1.0,1.0,-20.0,1.0,160000
81590,64.708255407316,0.798661470413208,39.9330735206604,-1.0,-1.0,-1.0,-0.3824029,-20.0,1.0,107581
89571,64.65787079511824,0.7976784110069275,39.883920550346375,-1.0,-0.5435808,-0.5731796,-0.05582893,-36.53079569339752,1.0,116745
64542,64.65684127500367,0.7976583242416382,39.88291621208191,0.10223347,-1.0,-1.0,-0.3702792,-40.10603070259094,1.0,160000
101009,64.61711414473723,0.796883225440979,39.84416127204895,0.15167147,-0.41202423,0.9382691,0.16341543,-20.0,1.0,160000
84341,64.59622677756875,0.7964757084846497,39.82378542423248,0.14914465,-0.43380934,-0.5047008,-0.51803374,-20.0,1.0,160000
39544,64.59465952709031,0.7964451313018799,39.822256565094,-0.27801567,-1.0,0.00831449,-0.8493522,-39.93881702423096,1.0,93365
70205,64.55920505546788,0.7957534193992615,39.787670969963074,-0.97942424,-1.0,-1.0,-0.5557468,-49.25621628761292,1.0,160000
66904,64.51347515611224,0.7948612570762634,39.74306285381317,-1.0,-0.3971959,-1.0,-0.9088946,-44.2682158946991,1.0,160000
57920,64.50237550574877,0.7946447134017944,39.73223567008972,-1.0,-0.8091856,-0.7232748,0.92914635,-36.011486649513245,1.0,160000
64293,64.48911265521036,0.7943859696388245,39.71929848194122,-0.551713,-1.0,-1.0,-0.9007284,-20.0,1.0,96796
91079,64.47470090950635,0.794104814529419,39.70524072647095,-1.0,-1.0,-1.0,1.0,-20.0,1.0,160000
28569,64.45351538516996,0.7936915159225464,39.68457579612732,-1.0,-0.69127285,0.14314339,-0.3351165,-20.0,1.0,100505
105951,64.43126937616512,0.7932575345039368,39.66287672519684,-0.66200274,-1.0,-1.0,-0.7927997,-20.0,1.0,129379
76110,64.41899895939368,0.7930181622505188,39.65090811252594,-1.0,-0.28700584,-1.0,-0.39315253,-27.717156410217285,1.0,160000
109881,64.41754764660459,0.7929898500442505,39.64949250221253,0.095418036,-0.7832253,-0.6110452,0.37492996,-31.790790557861328,1.0,160000
82800,64.39378260020922,0.7925262451171875,39.626312255859375,-1.0,-0.08962169,0.22649056,-0.9877789,-20.0,6.058913826942444,160000
68468,64.38347045577453,0.7923250794410706,39.61625397205353,-0.11636233,-1.0,-0.13047159,-0.368442,-20.0,1.0,129719
20721,64.36360068131341,0.7919374704360962,39.59687352180481,-0.8794272,-0.41784382,1.0,-0.8889551,-46.46381139755249,1.0,87928
63266,64.35392695077553,0.7917487621307373,39.58743810653687,-1.0,-1.0,0.22463423,-0.65208995,-23.208857774734497,1.0,148052
101001,64.35218530658437,0.7917147874832153,39.58573937416077,-1.0,-0.5629305,-1.0,0.3989812,-20.0,1.0,160000
32488,64.34631870207527,0.7916003465652466,39.58001732826233,-1.0,0.06717518,-0.90768373,0.9605542,-27.17762589454651,1.0,160000
34828,64.34307372747915,0.7915370464324951,39.57685232162476,0.13961342,-0.7891549,-1.0,-0.9732022,-44.13499593734741,1.0,160000
70346,64.32179179108407,0.7911219000816345,39.556095004081726,-1.0,-1.0,-1.0,-0.8271049,-20.0,1.0,160000
69006,64.31546368482212,0.7909984588623047,39.549922943115234,-0.07595676,-1.0,-0.59241796,-0.9616119,-25.156524181365967,1.0,160000
75209,64.30421603457927,0.7907790541648865,39.53895270824432,-0.0559631,-1.0,0.536227,0.36258674,-20.0,1.0,160000
109549,64.29745396276029,0.7906471490859985,39.53235745429993,-1.0,-0.54041386,-0.12947965,1.0,-20.0,1.0,158428
93109,64.28057463445586,0.7903178930282593,39.51589465141296,-0.095014274,-0.98114574,-0.7715174,1.0,-20.0,1.0,160000
89364,64.26794252540213,0.7900714874267578,39.50357437133789,-0.9264452,-0.6893884,-0.7637007,0.59619576,-22.59522318840027,1.0,160000
104480,64.25151513793922,0.7897510528564453,39.487552642822266,-0.5996238,-0.7140254,-1.0,1.0,-22.617454528808597,1.0,160000
104477,64.25151513793922,0.7897510528564453,39.487552642822266,-1.0,-0.49849975,-1.0,1.0,-20.0,1.0,160000
104472,64.25151513793922,0.7897510528564453,39.487552642822266,-1.0,-1.0,-1.0,1.0,-20.0,1.0,160000
104476,64.24782995363985,0.7896791696548462,39.48395848274231,-1.0,-0.57506895,-1.0,0.5380369,-22.02317357063293,1.0,160000
45761,64.21773397157106,0.7890921235084534,39.45460617542267,-1.0,-0.57948595,-1.0,-0.14904004,-30.15401124954224,1.0,160000
14344,64.20720070550148,0.7888866662979126,39.44433331489563,-0.66940385,-0.11042874,-0.6219194,-0.09050442,-51.64572834968567,1.0,160000
59289,64.14687528834605,0.7877100110054016,39.38550055027008,-0.94136024,-0.1585797,0.19914299,-0.27254707,-20.0,1.0,139294
28481,64.13321535590839,0.7874435782432556,39.37217891216278,-0.09217642,-1.0,0.41605115,0.12171388,-59.23607587814331,1.0,92781
35657,64.12452733484861,0.7872741222381592,39.36370611190796,-1.0,0.15038604,-1.0,0.20456803,-20.0,1.0,160000
70633,64.11798149309305,0.7871464490890503,39.35732245445252,-1.0,-0.64054906,-0.3954159,-0.93251884,-20.0,1.0,99946
64338,64.09738117232546,0.7867446541786194,39.33723270893097,-0.8644271,-0.6329096,-0.844332,1.0,-20.0,1.0,160000
105662,64.09624128640878,0.7867224216461182,39.33612108230591,-1.0,-0.9867201,-0.8000215,1.0,-22.93156623840332,1.0,139800
97448,64.08126989562835,0.7864304184913635,39.321520924568176,-1.0,-1.0,-1.0,-0.7920779,-22.099322080612183,1.0,160000
66950,64.0759982463431,0.786327600479126,39.3163800239563,-0.3114021,-1.0,0.9984588,0.01957184,-20.0,1.0,86977
108186,64.0513389246893,0.7858466506004333,39.29233253002167,-1.0,-0.9455361,-1.0,1.0,-20.0,1.0,91517
11216,64.04999424896849,0.7858204245567322,39.29102122783661,-0.41905499,-1.0,0.23843552,-0.69617677,-20.0,1.0,160000
71003,64.03775764871372,0.7855817675590515,39.279088377952576,-1.0,-0.06501851,-1.0,0.1672169,-21.393197774887085,1.0,160000
40683,64.03261115890116,0.7854813933372498,39.27406966686249,-0.877226,-0.5520364,0.43637586,-0.86657375,-48.963836431503296,1.0,159183
92127,64.0201513294134,0.7852383852005005,39.261919260025024,-1.0,-1.0,-1.0,1.0,-60.0,1.0,104115
64114,64.01895332261145,0.7852150201797485,39.26075100898743,-0.5134502,-0.4745854,-0.8673774,0.32023907,-40.60460090637207,1.0,88898
83137,63.99759992523386,0.7847985625267029,39.23992812633514,-1.0,-1.0,-1.0,0.9271506,-20.0,1.0,133421
64333,63.987676474427474,0.7846050262451172,39.23025131225586,-1.0,-0.9712673,-1.0,1.0,-26.685222387313843,1.0,143285
90131,63.987676474427474,0.7846050262451172,39.23025131225586,-0.01049304,-0.3511563,-1.0,1.0,-20.0,1.0,160000
65276,63.98134095953857,0.7844814658164978,39.22407329082489,-0.31135792,-1.0,0.527323,1.0,-20.0,1.0,129841
51189,63.93812248929199,0.783638596534729,39.18192982673645,-0.4288968,0.39942437,-1.0,1.0,-45.907695293426514,1.0,77085
74185,63.91987936949904,0.7832828164100647,39.16414082050324,-0.6329404,-0.119452715,-0.8659524,-0.51744765,-32.02252924442291,1.0,160000
96719,63.91851930288472,0.7832562923431396,39.16281461715698,-1.0,0.028765306,1.0,1.0,-20.0,1.0,153861
94056,63.90395276470168,0.7829722166061401,39.14861083030701,-1.0,0.049542457,-1.0,1.0,-20.0,1.0,160000
89999,63.88121941078866,0.7825288772583008,39.12644386291504,-0.53713536,-0.6682775,-0.7947403,-0.6245147,-46.565101146698,1.0,160000
46187,63.8731596598644,0.7823716998100281,39.11858499050141,-0.28785497,-1.0,-0.51730925,-0.41275406,-33.71813535690308,1.0,146195
100763,63.85584190908264,0.7820339798927307,39.101698994636536,0.24886334,-0.5373467,-1.0,-0.51620746,-20.0,1.0,117177
78953,63.85318585209967,0.7819821834564209,39.099109172821045,-1.0,-1.0,-0.57603633,-0.26470494,-20.0,1.0,139212
41405,63.85258678685734,0.7819705009460449,39.098525047302246,-1.0,-1.0,-0.66386783,-0.77288646,-48.090553283691406,1.0,87649
83414,63.79382534767403,0.780824601650238,39.0412300825119,-1.0,-1.0,-0.26707608,0.5046482,-43.0150306224823,1.0,160000
75795,63.78555731059035,0.7806633710861206,39.03316855430603,-1.0,-1.0,-1.0,-0.4432912,-41.18949592113495,1.0,160000
67308,63.77589542097067,0.7804749608039856,39.02374804019928,-1.0,-1.0,-0.9537631,1.0,-60.0,1.0,160000
103715,63.77505791181837,0.7804586291313171,39.02293145656586,-0.13602233,-0.7271059,-1.0,-0.054062843,-24.084701538085938,1.0,160000
68557,63.71874205726615,0.7793604731559753,38.96802365779877,-1.0,-0.9130012,0.25889182,-0.043276846,-20.0,1.0,160000
68434,63.70897277853624,0.7791699767112732,38.95849883556366,-0.6367551,-1.0,-0.37977678,-0.43642223,-38.49404811859131,1.0,160000
104869,63.69670301775122,0.7789307236671448,38.94653618335724,-0.38311976,-1.0,-0.054004073,-0.20357656,-24.917813539505005,1.0,160000
17332,63.69033578781827,0.7788065671920776,38.94032835960388,-0.7288937,-0.9397805,-0.17548485,-0.91646063,-35.88355600833893,1.0,156475
82150,63.67673006632489,0.7785412669181824,38.92706334590912,-1.0,-1.0,-1.0,-0.8881334,-20.0,4.967294096946716,160000
61663,63.6695649306424,0.7784015536308289,38.92007768154144,-0.91169983,-0.39794093,-1.0,1.0,-29.304873943328857,1.0,160000
113268,63.6695649306424,0.7784015536308289,38.92007768154144,-1.0,-1.0,-1.0,1.0,-20.0,1.0,151689
113264,63.6695649306424,0.7784015536308289,38.92007768154144,-1.0,-1.0,-1.0,1.0,-20.0,1.0,160000
107634,63.64624744862352,0.7779468894004822,38.89734447002411,-1.0,-0.115153104,-0.0052667856,-0.16874921,-56.61794543266296,1.0,136108
5541,63.64477710303527,0.7779182195663452,38.89591097831726,-1.0,0.027509488,0.026492007,-0.8520586,-20.0,1.0,138920
83420,63.620765341951085,0.7774500250816345,38.872501254081726,-1.0,-1.0,-1.0,1.0,-20.0,1.0,160000
109211,63.620765341951085,0.7774500250816345,38.872501254081726,-1.0,-1.0,-1.0,1.0,-20.0,1.0,151634
83412,63.620765341951085,0.7774500250816345,38.872501254081726,-1.0,-1.0,-1.0,1.0,-49.51491355895996,1.0,160000
20275,63.60835734011861,0.7772080898284912,38.86040449142456,-0.029041544,-1.0,-0.23334941,0.054174498,-35.2340292930603,1.0,160000
56497,63.59272110224704,0.7769032120704651,38.84516060352325,-1.0,-0.24434602,-0.85472536,-0.2443263,-39.19643998146057,1.0,160000
83767,63.59217696451088,0.7768926024436951,38.84463012218475,-1.0,-1.0,-1.0,-0.7888,-23.022185564041138,1.0,160000
31233,63.5886033811484,0.7768229246139526,38.84114623069763,-1.0,-0.808717,-0.944235,0.55547166,-34.0261572599411,1.0,160000
59132,63.56902036827669,0.7764410972595215,38.82205486297608,-1.0,-1.0,-0.6238045,-0.5797853,-42.282809019088745,1.0,160000
109214,63.56188226021705,0.776301920413971,38.81509602069855,-0.72832334,-0.21518809,-1.0,1.0,-24.345078468322757,1.0,112752
92372,63.55912177554867,0.7762480974197388,38.81240487098694,-0.2236641,-0.7933101,-1.0,1.0,-21.96643590927124,1.0,160000
14980,63.55911871853087,0.776248037815094,38.8124018907547,-1.0,-1.0,-1.0,1.0,-31.43341064453125,1.0,130847
83720,63.5439008108285,0.7759513258934021,38.797566294670105,-0.25463283,-0.810815,-0.8000469,1.0,-20.0,1.0,160000
40638,63.49148075487299,0.7749292850494385,38.74646425247192,-1.0,-0.62186,-0.56777793,-0.11351323,-31.562047004699707,1.0,159118
21388,63.46683383151904,0.7744487524032593,38.72243762016296,-0.51615006,-0.19498739,0.8613737,-0.98782563,-20.0,9.656677007675173,160000
101292,63.45723420624108,0.7742615938186646,38.71307969093323,-1.0,-0.52002406,-1.0,0.111193895,-20.0,1.0,160000
43405,63.42482739618271,0.7736297845840454,38.68148922920227,-0.8367179,-1.0,-0.21959344,0.4042998,-42.45862603187561,1.0,160000
114053,63.423405761421776,0.7736020684242249,38.68010342121124,-1.0,0.36967778,-0.34643608,1.0,-20.0,1.0,80332
49168,63.36721194332699,0.7725065350532532,38.62532675266266,-0.7453747,-1.0,-1.0,0.22045779,-20.0,1.0,160000
76827,63.352618954449575,0.7722220420837402,38.61110210418701,-1.0,-1.0,-1.0,-0.2526111,-20.0,1.0,160000
55247,63.35037786536149,0.7721783518791199,38.608917593956,-1.0,-0.62603486,0.088338435,-0.81484395,-30.64572215080261,1.0,140739
95384,63.3435383963306,0.7720450162887573,38.602250814437866,-1.0,-1.0,-0.9723179,-0.93782437,-25.877034664154053,1.0,160000
85824,63.32256118879164,0.7716360688209534,38.58180344104767,-1.0,0.26039392,-1.0,1.0,-60.0,1.0,160000
92379,63.30159898796807,0.7712274193763733,38.561370968818665,-0.9922122,-0.30941623,-0.53770876,1.0,-20.0,1.0,157219
39822,63.29228576142762,0.7710458636283875,38.55229318141937,-1.0,-1.0,-1.0,0.07571241,-37.046292424201965,1.0,64970
107362,63.291634506151865,0.7710331678390503,38.55165839195252,-1.0,-1.0,-0.5517602,0.15724885,-20.0,1.0,152195
38317,63.28938721473797,0.7709893584251404,38.54946792125702,0.038317323,-0.43085724,-1.0,1.0,-58.47508430480957,1.0,160000
114057,63.27182765511095,0.7706470489501953,38.532352447509766,-0.2557991,-0.9203328,1.0,0.16258335,-32.67441809177399,1.0,147629
38119,63.27024383000533,0.7706161737442017,38.53080868721008,-0.02587244,-1.0,-0.5210907,1.0,-20.0,1.0,160000
33038,63.2519196517503,0.7702589631080627,38.51294815540314,-1.0,-0.6033522,-0.91558534,-0.8154172,-38.91489803791046,1.0,94772
62668,63.24478927765163,0.7701199650764465,38.50599825382233,-0.071249604,-1.0,-1.0,0.49768963,-20.0,1.0,160000
32365,63.21202644088995,0.7694813013076782,38.47406506538391,-1.0,-1.0,1.0,-0.58249164,-28.12787413597107,1.0,160000
103824,63.20148347958509,0.7692757844924927,38.46378922462464,-0.6476249,-0.2845271,-1.0,0.9410108,-20.0,1.0,141047
81216,63.195563734527525,0.7691603899002075,38.458019495010376,-0.93159956,-0.949013,-1.0,0.21704465,-48.61820340156555,1.0,135085
62302,63.19285152976457,0.7691075205802917,38.45537602901459,-1.0,0.013186812,-0.58232415,0.82232195,-20.0,1.0,160000
98909,63.12163840890861,0.7677193880081177,38.38596940040589,-0.96632344,-0.72606295,-1.0,1.0,-22.89558172225952,1.0,160000
98907,63.12163840890861,0.7677193880081177,38.38596940040589,-1.0,-1.0,-1.0,1.0,-20.0,1.0,160000
98903,63.12163840890861,0.7677193880081177,38.38596940040589,-0.040326297,-0.7039132,-1.0,1.0,-20.0,1.0,160000
113782,63.11951624510731,0.7676780223846436,38.38390111923218,-0.80261743,-0.87943447,-1.0,-0.61415434,-45.055766105651855,1.0,160000
41145,63.10504019726989,0.7673958539962769,38.36979269981384,-0.88924307,-0.7719765,-1.0,0.03345281,-43.12567591667175,1.0,156864
68462,63.09718442313135,0.7672427296638489,38.36213648319245,-1.0,-0.0958128,-1.0,-0.2933538,-38.98671507835388,1.0,157587
66584,63.08511476960198,0.7670074701309204,38.35037350654602,-0.52125585,-0.97883075,-0.49222168,-0.5739555,-20.0,1.0,138027
92551,63.0685895580588,0.7666853666305542,38.33426833152771,-0.34408736,-0.16171655,0.99072796,0.4146942,-20.0,1.0,160000
52879,63.02949284659792,0.7659233212471008,38.29616606235504,-0.21794929,-1.0,-1.0,0.3807174,-20.0,1.0,160000
106241,63.00434321481976,0.765433132648468,38.2716566324234,0.035506487,-0.4629177,0.75329244,-0.7586453,-54.95468735694885,1.0,145054
20818,62.94616171212856,0.7642991542816162,38.21495771408081,-0.27108508,-0.6867164,0.2251379,-0.06533694,-60.0,1.0,88992
103271,62.935256067162015,0.7640866041183472,38.20433020591736,-0.90494525,-1.0,1.0,0.093094826,-40.5828070640564,1.0,160000
63274,62.91852128704343,0.7637604475021362,38.18802237510681,-1.0,-0.9902067,-1.0,1.0,-20.0,1.0,160000
48310,62.90934949814624,0.7635816931724548,38.17908465862274,-0.60944897,0.13772902,-1.0,1.0,-31.49405777454376,1.0,119413
87149,62.89125042214596,0.7632289528846741,38.1614476442337,-1.0,-1.0,-0.067768216,0.33147568,-20.0,1.0,160000
87802,62.877322734975024,0.7629575133323669,38.14787566661835,0.09492022,-0.61814386,-0.15378922,1.0,-25.354714393615723,1.0,160000
101624,62.803195580521546,0.7615128755569458,38.07564377784729,-0.99875927,0.30825415,-1.0,1.0,-60.0,1.0,160000
77792,62.8016724449721,0.7614831924438477,38.07415962219238,-0.65917027,-1.0,-1.0,-0.09851849,-26.537394523620605,1.0,160000
96105,62.79855582351978,0.7614224553108215,38.07112276554108,0.08431476,-0.22397697,-1.0,0.36917382,-40.104636549949646,1.0,99861
53326,62.7802872166903,0.7610664367675781,38.053321838378906,-1.0,-1.0,-0.6633986,0.042903423,-20.0,1.0,160000
92158,62.745049260502086,0.7603797316551208,38.01898658275604,-0.17900455,-1.0,-1.0,-0.65959966,-20.0,1.0,139237
78677,62.744446712196265,0.7603679895401001,38.018399477005005,-1.0,-1.0,-0.8347147,1.0,-20.0,1.0,160000
112559,62.71301293491018,0.7597554326057434,37.98777163028717,-0.898672,-1.0,-1.0,-0.8860078,-59.7508716583252,1.0,111238
87803,62.69358710453746,0.7593768835067749,37.968844175338745,-1.0,-0.8530308,-0.038006127,0.46495995,-51.11330986022949,1.0,154292
63520,62.69117376957525,0.7593298554420471,37.96649277210236,-1.0,-0.7393572,-0.49451318,-0.34169096,-40.824869871139526,1.0,160000
103421,62.683101763292015,0.7591725587844849,37.95862793922424,-1.0,-1.0,-0.7216027,-0.93635356,-57.20076084136963,1.0,98294
24422,62.67888374823743,0.7590903639793396,37.95451819896698,-1.0,-1.0,-1.0,0.5389303,-20.0,1.0,142368
91314,62.65552998637341,0.7586352825164795,37.931764125823975,-0.93240535,-1.0,-1.0,-0.2525723,-20.0,1.0,147214
111275,62.62466943393368,0.7580339312553406,37.90169656276703,-0.22287631,-0.031466186,-0.93054265,0.17760277,-20.0,1.0,160000
102463,62.58287255484146,0.7572194933891296,37.86097466945648,-1.0,0.10041256,-0.5385424,1.0,-42.445054054260254,1.0,160000
104473,62.57805470502116,0.7571256160736084,37.85628080368042,-1.0,-1.0,-1.0,0.101668,-50.12815594673157,1.0,160000
96718,62.5668129956463,0.7569065690040588,37.84532845020294,-1.0,-0.54041266,-0.9057141,1.0,-20.0,1.3648442029953003,160000
61746,62.54755659407955,0.7565313577651978,37.82656788825989,0.12259549,-1.0,-0.61254555,1.0,-20.0,1.0,160000
90361,62.53101944671219,0.756209135055542,37.8104567527771,-0.35855758,-1.0,-1.0,-0.8760053,-20.0,1.9779807925224304,99203
30981,62.52598423778659,0.7561110258102417,37.805551290512085,-1.0,-0.30464703,-1.0,-0.9274124,-24.271931648254395,1.4741638898849487,101315
79348,62.522827281683774,0.7560495138168335,37.80247569084168,-1.0,-1.0,-1.0,-0.7478827,-20.0,1.1785704493522644,160000
112669,62.515892355838986,0.7559143900871277,37.795719504356384,-1.0,-1.0,-1.0,-0.5371721,-20.0,1.0,160000
71162,62.5099210134094,0.7557980418205261,37.78990209102631,-1.0,0.30099118,-0.33159745,1.0,-34.13321375846863,1.0,125299
59817,62.48914961202577,0.7553933262825012,37.76966631412506,-1.0,-0.4384571,-0.37583387,-0.0021059513,-26.968767642974854,1.0,160000
47082,62.45923706598983,0.7548105120658875,37.74052560329437,-0.6147758,0.3210388,-0.8111776,-0.12932253,-30.75126349925995,1.0,76203
42626,62.45885772531464,0.7548031210899353,37.740156054496765,-0.6170199,0.20064452,-0.16370904,-0.9504216,-60.0,1.0,160000
46285,62.40514334051231,0.753756582736969,37.68782913684845,-1.0,-0.77634007,-0.13490888,-0.35085678,-37.31944501399994,1.0,160000
80643,62.37787853008197,0.7532253861427307,37.661269307136536,-0.7597946,-0.6462222,-1.0,-0.69474745,-20.0,1.0,160000
44872,62.29872454567665,0.7516832947731018,37.58416473865509,-0.85403836,-0.75180775,-1.0,-0.13419104,-21.32171392440796,1.0,115201
83713,62.27592171528039,0.7512390613555908,37.56195306777954,-0.32641718,-1.0,-1.0,1.0,-44.07487273216248,1.0,84978
71953,62.2748019107677,0.751217246055603,37.56086230278015,-0.36951664,-0.29617557,-0.7646316,0.09045583,-20.0,1.0,89658
67128,62.268676626350896,0.7510979175567627,37.554895877838135,-0.668557,-1.0,-1.0,0.30912614,-21.03795528411865,1.0,160000
24554,62.26471139381,0.7510206699371338,37.55103349685669,-1.0,-0.89965165,0.25773057,-0.91971743,-53.66268157958984,1.0,109103
8218,62.26062682607984,0.7509410977363586,37.54705488681793,-0.6615421,-0.027717352,-0.43676853,0.040373687,-36.90911769866944,1.0,100803
4040,62.21372539255859,0.7500274181365967,37.50137090682984,-0.5575829,-1.0,-0.0023364776,-0.8369798,-20.0,6.981612727046013,115937
109520,62.195975953840616,0.7496816515922546,37.48408257961273,-1.0,-1.0,-0.7084674,1.0,-41.59702062606812,1.0,160000
53211,62.1957495331487,0.7496772408485413,37.48386204242706,0.083586186,-1.0,0.8071877,-0.98277104,-20.0,1.0,160000
83587,62.18206937547973,0.7494107484817505,37.47053742408752,-0.31517297,-1.0,-1.0,1.0,-20.0,1.0,160000
104433,62.13970322665554,0.7485854625701904,37.42927312850952,-0.33327526,-0.3530295,-1.0,-0.8624351,-32.72849798202515,1.0,160000
86583,62.13001263321186,0.7483966946601868,37.41983473300934,-1.0,-1.0,-0.38697267,1.0,-30.220112204551697,1.0,160000
75644,62.12420191847507,0.7482835054397583,37.41417527198792,-1.0,-0.80197054,-1.0,0.1561749,-44.24195408821106,1.0,160000
105596,62.10826593881435,0.7479730844497681,37.3986542224884,-0.2461747,-1.0,-1.0,-0.8701606,-20.0,1.0,160000
86152,62.0949980639908,0.747714638710022,37.3857319355011,-1.0,-1.0,-0.99414015,-0.43030536,-26.825268268585205,1.0,160000
30786,62.055138641801534,0.7469382286071777,37.34691143035889,-1.0,-1.0,-0.5749241,1.0,-20.0,1.0,135708
70727,62.0383512166233,0.7466112375259399,37.330561876297,-1.0,-0.48442593,-0.67637914,1.0,-20.0,1.0,160000
75336,62.03670184022352,0.746579110622406,37.3289555311203,-0.35254866,-0.93496287,-0.21746992,-0.79866105,-60.0,1.4781633615493774,127070
108203,62.03178430070817,0.746483325958252,37.3241662979126,-1.0,-0.029060125,-0.54518396,-0.52057946,-20.0,1.0,160000
76387,62.009910689545904,0.7460572719573975,37.30286359786987,-1.0,-1.0,1.0,-0.04510647,-20.0,1.0,160000
77059,61.98605988062419,0.7455927133560181,37.2796356678009,-1.0,-1.0,-1.0,-0.48602456,-20.0,1.0,160000
88666,61.96814244717344,0.7452437281608582,37.26218640804291,-1.0,0.119835734,-1.0,-0.6735872,-20.0,1.0,133348
107296,61.96505774991738,0.7451836466789246,37.25918233394623,-1.0,-0.09758061,-1.0,-0.9607166,-20.0,1.0,160000
71674,61.942693500336574,0.744748055934906,37.2374027967453,-1.0,-0.36518905,-0.038374007,-0.75651646,-20.0,1.0,160000
96247,61.93492040520262,0.7445966601371765,37.229833006858826,0.026717603,-1.0,-0.39364105,0.051750183,-20.0,1.0,160000
106997,61.90040613916104,0.7439244389533997,37.19622194766998,-0.616523,-0.6107429,-0.33629864,-0.12928867,-50.50212383270264,1.0,160000
74165,61.89179733754651,0.7437567710876465,37.18783855438232,-1.0,0.13171935,-1.0,0.058401227,-40.821746587753296,1.0,160000
36310,61.87655048348218,0.7434598207473755,37.17299103736877,-0.35574263,-1.0,1.0,-0.2856482,-34.62159812450409,1.0,160000
75751,61.826980272535735,0.7424944043159485,37.124720215797424,-1.0,-0.19243018,1.0,-0.69598395,-30.965800285339355,1.014716386795044,110530
92975,61.82002984120421,0.7423590421676636,37.11795210838318,-0.6004807,-1.0,-1.0,-0.5378728,-27.92310476303101,1.0,153187
83750,61.81363639438649,0.7422345280647278,37.11172640323639,-1.0,-1.0,-1.0,1.0,-20.0,1.0,65202
17026,61.78167791979102,0.7416121363639832,37.08060681819916,-1.0,-0.88407254,-0.5108447,-0.55277705,-20.0,1.0,160000
45868,61.72109811892727,0.7404323816299438,37.02161908149719,-0.377972,-1.0,-0.5938857,0.07376188,-20.0,1.0,160000
92375,61.71554287963639,0.7403241991996765,37.01620995998383,-1.0,-0.10686159,0.29406703,0.8010884,-26.80850982666016,1.0,159767
82390,61.70299683640131,0.7400798797607422,37.00399398803711,-0.1639536,-1.0,-1.0,1.0,-20.0,1.0,160000
108183,61.702990714860576,0.7400797605514526,37.00398802757263,-1.0,-0.19768798,-1.0,1.0,-27.68028497695923,1.0,158081
82382,61.702990714860576,0.7400797605514526,37.00398802757263,-0.9870029,-1.0,-1.0,1.0,-20.0,1.0,160000
108189,61.702990714860576,0.7400797605514526,37.00398802757263,-0.7036849,-1.0,-1.0,1.0,-20.0,1.0,159505
71990,61.70158888134843,0.7400524616241455,37.00262308120728,-0.37956318,-0.06713116,-0.23557246,-0.3451413,-42.55526065826416,1.0,160000
18088,61.686358392847765,0.7397558689117432,36.98779344558716,0.18355033,-0.9903984,-0.010573551,-0.38998577,-41.61688268184662,1.0,104665
72220,61.66575290213214,0.7393546104431152,36.96773052215576,-1.0,-0.79710424,-1.0,0.027336776,-20.0,1.0,160000
92812,61.64921197723311,0.739032506942749,36.95162534713745,-1.0,0.21155328,-0.5147892,0.10885042,-50.63298106193543,1.0,160000
93831,61.64590009639348,0.738968014717102,36.9484007358551,-0.8304107,-1.0,-1.0,-0.15736961,-20.0,1.0,140086
86042,61.61793858057598,0.7384235262870789,36.92117631435394,-1.0,-0.9860753,-1.0,-0.2487365,-25.94626784324646,1.0,145381
75434,61.60557840723945,0.7381828427314758,36.90914213657379,-0.17930824,-0.70066494,-0.6595983,0.37157583,-20.0,1.0,119367
69207,61.60248681680548,0.7381226420402527,36.90613210201264,-1.0,-0.063042745,-0.89848804,0.3661017,-20.0,1.0,146196
49338,61.59287835614755,0.7379355430603027,36.89677715301514,-0.822014,-0.090405464,-1.0,-0.8514771,-46.14935755729675,1.0,123469
56582,61.5409413546432,0.7369242310523987,36.846211552619934,-0.50879717,-1.0,-0.9479953,1.0,-60.0,1.0,160000
98160,61.531690634505466,0.7367441058158875,36.83720529079437,-0.029819489,-0.44766167,-0.6599791,0.68675447,-24.124410152435303,1.0,160000
74649,61.47280849037931,0.7355976104736328,36.77988052368164,-1.0,-1.0,-1.0,0.1511746,-20.0,1.0,120607
7326,61.43992098316606,0.7349572777748108,36.74786388874054,-0.6326059,-1.0,-1.0,-0.92817557,-59.97223496437073,1.0,160000
75412,61.424289737707525,0.7346529364585876,36.73264682292938,-1.0,-0.9473523,-1.0,0.18559885,-20.0,1.0,160000
68886,61.36696451720837,0.7335368394851685,36.67684197425842,-0.8987795,-0.15773165,-0.74948937,-0.52657074,-21.92051410675049,1.0,77226
26316,61.35855458269573,0.7333731055259705,36.66865527629852,-0.7602321,-0.36731893,-1.0,-0.32799786,-52.39058017730713,1.0,77899
56814,61.354902200272825,0.7333019971847534,36.66509985923767,-1.0,-1.0,-0.55495065,-0.8982472,-20.0,1.0,160000
91933,61.34934554007652,0.7331938147544861,36.659690737724304,-1.0,-1.0,-1.0,0.9865055,-60.0,1.0,160000
79393,61.32734217645917,0.7327654361724854,36.63827180862427,-1.0,-0.7523271,-0.18609113,0.65241903,-60.0,1.0,115995
95367,61.253504262567645,0.7313279509544373,36.56639754772186,-1.0,-1.0,1.0,-0.28857565,-56.24395132064819,1.0,143419
17743,61.13882846412061,0.7290955781936646,36.45477890968323,-1.0,-0.22595862,1.0,0.2913538,-23.07929277420044,1.0,148968
14121,61.11644518447915,0.7286598682403564,36.43299341201782,-0.7945267,-0.049661264,-0.33148,-0.5905553,-40.362257957458496,1.1383891701698303,99608
29964,61.10322326529237,0.7284024953842163,36.420124769210815,-0.5751021,-0.20128635,-0.8989091,0.19030182,-29.93425965309143,1.0,160000
66140,61.03593284493103,0.7270926833152771,36.354634165763855,-0.68169796,-1.0,-1.0,1.0,-20.0,1.0,142175
66138,61.03591447167739,0.7270923256874084,36.35461628437042,-0.706483,-1.0,-1.0,1.0,-20.0,1.0,160000
91936,61.03591447167739,0.7270923256874084,36.35461628437042,-1.0,-0.59941024,-1.0,1.0,-49.35663461685181,1.0,131096
16039,61.03164574585757,0.7270092368125916,36.35046184062958,-0.864975,-0.8930851,-0.7402981,-0.7298665,-25.666136741638184,1.0,160000
89432,60.9941728765629,0.7262798547744751,36.31399273872376,-1.0,-1.0,-1.0,1.0,-26.702768802642822,1.0,110154
93248,60.98825343679306,0.7261646389961243,36.30823194980621,-0.6941357,-0.6892843,-1.0,-0.91463566,-46.38641357421875,1.0,160000
77912,60.981479582434254,0.7260327935218811,36.301639676094055,-0.5141094,-0.31414968,-1.0,-0.9140595,-21.669225692749023,4.513399958610535,160000
99043,60.97677583776563,0.7259412407875061,36.297062039375305,-1.0,-1.0,-0.043619037,-0.7414632,-20.0,1.0,159801
90546,60.8603837047348,0.7236759066581726,36.18379533290863,-1.0,-1.0,-0.592947,0.150388,-52.66862392425537,1.0,160000
113139,60.85541922776108,0.7235792875289917,36.17896437644959,-0.6783232,-1.0,0.16521633,1.0,-39.06364440917969,1.0,160000
69434,60.83924244309452,0.7232644557952881,36.1632227897644,-0.2374607,-1.0,-1.0,-0.81797844,-20.0,1.0,160000
40465,60.81614992309248,0.7228150367736816,36.14075183868408,-1.0,-0.5098151,-0.28355226,-0.23764825,-20.0,1.0,96876
84082,60.80019932018064,0.7225046157836914,36.12523078918457,-0.8987377,-1.0,-0.72361135,0.69124246,-20.0,1.0,156165
83132,60.79542145389447,0.7224116325378418,36.12058162689209,-0.90685624,-1.0,-1.0,1.0,-40.62357187271118,1.0,160000
51675,60.77110308275497,0.7219383716583252,36.09691858291626,-1.0,-0.39578903,0.064949095,0.3795544,-36.12008690834045,1.0,160000
94235,60.75534797920264,0.7216317653656006,36.08158826828003,-0.3269441,-1.0,-1.0,-0.15635645,-36.670933961868286,1.0,160000
55762,60.75070778502183,0.7215414643287659,36.07707321643829,-0.034254193,-1.0,-1.0,0.19793266,-39.16215181350708,1.0,158977
13804,60.71776348718818,0.7209003567695618,36.04501783847809,0.07214343,-0.4011973,0.8797988,0.5737504,-27.018802165985107,1.0719821453094482,132430
46250,60.69435650576584,0.7204448580741882,36.02224290370941,-0.6964211,-0.6425062,0.712342,-0.785469,-20.0,1.0,160000
19290,60.69164884172173,0.7203921675682068,36.01960837841034,0.0367586,0.35062543,-1.0,-0.48361218,-32.939090728759766,1.0,110482
27845,60.6886838821977,0.7203344702720642,36.01672351360321,-1.0,0.010255992,0.09714353,0.2590663,-51.45893812179565,1.0,137724
65966,60.68809272731066,0.7203229665756226,36.01614832878113,-1.0,-1.0,-1.0,-0.9946607,-20.0,1.0,160000
97915,60.67899871143695,0.7201460003852844,36.00730001926422,-1.0,-1.0,-1.0,0.6463441,-20.0,1.0,160000
45114,60.65473647593919,0.7196738719940186,35.98369359970093,-0.7133572,0.2595561,-0.30320555,0.28950727,-20.0,1.0,146097
34018,60.65123540075663,0.7196057438850403,35.980287194252014,-0.41201252,0.1327017,-1.0,1.0,-30.60289621353149,1.0,120519
67175,60.63115075684256,0.719214916229248,35.9607458114624,-1.0,-0.73250437,1.0,0.43089405,-48.58237981796265,1.0,136728
45163,60.57960382166999,0.7182118892669678,35.91059446334839,-0.77894884,-0.11168161,-1.0,-0.36995983,-20.0,1.0,160000
95406,60.5777995823798,0.7181767821311951,35.90883910655975,-0.47016394,0.03422594,-1.0,-0.6340283,-20.0,1.0,160000
9183,60.5473936553407,0.7175851464271545,35.87925732135773,0.12193886,0.30417243,-0.32822183,0.051547237,-33.226035833358765,1.0,131622
86462,60.52391023261509,0.7171282172203064,35.85641086101532,-1.0,-1.0,-1.0,-0.61442935,-22.945215702056885,1.0,160000
75647,60.51430660273814,0.7169413566589355,35.84706783294678,-1.0,-1.0,-1.0,0.6580949,-20.0,1.0,84648
75065,60.49604267003304,0.7165859937667847,35.82929968833923,0.13189149,-1.0,0.09270072,-0.45250905,-20.0,1.0,160000
46255,60.48868740058048,0.716442883014679,35.82214415073395,-0.15360963,-0.84975004,-1.0,-0.5130106,-28.50835919380188,1.0,160000
67566,60.47849533901208,0.7162445783615112,35.81222891807556,-0.6933258,-0.8849249,-1.0,-0.48126715,-60.0,1.0,160000
107568,60.46205982726208,0.7159247994422913,35.79623997211456,-1.0,-1.0,-0.8240138,-0.14992893,-41.75870895385742,1.0,160000
49602,60.45830398614029,0.7158517241477966,35.79258620738983,-1.0,-1.0,-1.0,0.30153054,-29.488532543182373,1.0,111537
59349,60.43349556655181,0.7153690457344055,35.76845228672028,-0.5755351,-0.5904572,-1.0,-0.072299,-20.0,1.0,160000
44911,60.42277615429456,0.7151604890823364,35.75802445411682,-0.6936245,-1.0,-0.0443428,-0.8771404,-34.899410009384155,1.0,94881
94997,60.3910769544325,0.7145437598228455,35.72718799114227,-0.92441213,0.10737452,-0.9587428,1.0,-25.30587911605835,1.0,96737
101217,60.35996524385209,0.7139384746551514,35.69692373275757,0.002940178,-0.882506,-1.0,0.5349806,-50.36959290504456,1.0,160000
91938,60.35321585325814,0.7138071656227112,35.69035828113556,-0.88994026,-0.32788485,-0.8464979,1.0,-60.0,1.0,160000
69342,60.34748665720399,0.7136957049369812,35.68478524684906,-0.6096182,-0.09924185,-1.0,0.4228723,-20.0,1.0,160000
74467,60.34696275624083,0.7136855125427246,35.68427562713623,-0.5890632,-0.63070965,0.049661696,0.9106127,-54.26729917526245,1.0,84990
99564,60.3429155378326,0.7136067748069763,35.680338740348816,-0.6016143,-0.606437,-1.0,0.758085,-20.0,1.0,160000
7916,60.29923482851661,0.7127569913864136,35.63784956932068,-0.26806816,0.056123912,-1.0,0.21389619,-20.0,2.3227424025535583,160000
67563,60.2963456075794,0.7127007842063904,35.63503921031952,-0.25852156,-1.0,1.0,-0.9043154,-20.0,3.2975510358810425,160000
113342,60.28554237852511,0.7124906182289124,35.62453091144562,-0.77726465,-1.0,-0.7387886,1.0,-38.65024328231812,1.0,160000
15353,60.2760320334048,0.7123056054115295,35.61528027057648,-1.0,-0.116175056,-0.0892002,1.0,-60.0,1.0,154406
72967,60.23115724552761,0.7114326357841492,35.57163178920746,-1.0,-0.5834553,-1.0,-0.55034214,-20.0,1.0,84577
61533,60.2284976792614,0.7113808989524841,35.56904494762421,0.22079876,0.04911539,-0.98682976,0.8505471,-24.994165897369385,1.0,125581
84492,60.22689213208879,0.7113496661186218,35.56748330593109,-0.29479295,-1.0,-1.0,-0.12324321,-20.0,1.0,160000
9801,60.20728224001729,0.7109681963920593,35.548409819602966,-0.014931368,-0.27848846,-0.058502357,1.0,-44.90609496831894,1.0,107552
31287,60.20108974399315,0.7108477354049683,35.54238677024841,-1.0,-1.0,-0.7651632,-0.67167586,-30.04562556743622,1.5254149436950684,128064
84957,60.19537521822628,0.7107365727424622,35.53682863712311,-1.0,0.20444006,-1.0,-0.35154927,-60.0,1.0,160000
41157,60.12369184244916,0.7093421816825867,35.46710908412933,-1.0,-1.0,-0.08263531,1.0,-54.592074155807495,1.0,160000
78421,60.12347734421121,0.7093380093574524,35.46690046787262,-1.0,-1.0,-0.0670172,-0.5915971,-40.27026355266571,1.0,160000
94229,60.10592514254117,0.708996593952179,35.44982969760895,-0.5915564,-0.9264301,-1.0,0.6525148,-35.51491439342499,1.0,160000
51671,60.10461055665328,0.7089710235595703,35.44855117797852,-0.46796456,-1.0,-1.0,0.62222236,-20.0,1.0,160000
64155,60.08778129089269,0.7086436748504639,35.43218374252319,-0.09967226,-0.8491065,-1.0,-0.9475878,-23.00608515739441,1.0,149733
43890,60.07837985289622,0.708460807800293,35.42304039001465,-0.30788228,-0.72645766,-0.22531512,0.3102915,-20.0,1.0,160000
68148,60.0441902936458,0.7077957987785339,35.3897899389267,-0.6574594,-1.0,1.0,-0.5267476,-50.3848922252655,1.0,160000
60627,60.029030402979885,0.7075009346008301,35.375046730041504,-1.0,-1.0,0.49161917,-0.5855703,-30.14974474906921,1.0,160000
61348,60.01206533858012,0.7071709632873535,35.35854816436768,-0.8037837,0.07661468,-0.3284346,0.48978135,-20.0,1.0,152672
83746,59.96758004206863,0.706305742263794,35.3152871131897,-0.9199962,-1.0,0.0808804,1.0,-26.876676082611084,1.0,160000
98295,59.894992480818736,0.7048940062522888,35.24470031261444,0.17329782,-0.2205894,-1.0,0.14198709,-20.0,1.0,160000
86587,59.8642308177382,0.7042957544326782,35.21478772163391,-0.8441087,0.31506443,-0.35099572,1.0,-38.85417699813843,1.0,160000
86537,59.83095824950527,0.7036486864089966,35.18243432044983,-1.0,-0.21026397,-1.0,0.91944504,-20.0,1.0,119290
84698,59.82994988379157,0.7036290764808655,35.181453824043274,-1.0,-1.0,-1.0,0.35030434,-36.83747828006744,1.0,141730
81546,59.80827136550302,0.7032074928283691,35.16037464141846,-1.0,-0.43814334,-0.9509998,-0.24493504,-34.3040657043457,1.0,147459
84540,59.8057856535378,0.7031591534614563,35.157957673072815,-1.0,-0.34901613,-0.38850152,0.2096492,-20.0,1.1379680633544922,160000
61776,59.78225237801006,0.7027015089988708,35.13507544994354,-0.8877063,0.09059054,-0.6766324,0.28361058,-20.0,1.0,149494
35950,59.77868464984055,0.7026321291923523,35.131606459617615,-1.0,0.18362689,-1.0,0.12065035,-20.0,1.0,160000
75641,59.75306660388379,0.7021339535713196,35.10669767856598,-0.77001256,-0.30672884,-1.0,0.75191504,-41.8831878900528,1.0,160000
83582,59.74439534224042,0.70196533203125,35.0982666015625,-1.0,-1.0,0.15460145,0.33036715,-51.13156914710999,1.0,160000
7271,59.74310798140449,0.7019402980804443,35.09701490402222,0.04672473,-1.0,0.50703466,-0.7471326,-20.0,1.0,123045
76449,59.710525067958486,0.7013067007064819,35.0653350353241,-0.7056111,0.016411304,-0.010378361,-0.9763276,-46.45674109458923,1.0,132285
101252,59.67447447943367,0.7006056904792786,35.03028452396393,-1.0,-0.5753809,-1.0,-0.7763742,-20.0,1.0,118146
95972,59.65258799490795,0.7001801133155823,35.009005665779114,-0.95072746,-0.8082572,-0.8146495,-0.98302925,-20.0,1.0,138899
75118,59.59180048311688,0.6989981532096863,34.949907660484314,-1.0,-0.18552262,-1.0,-0.028215349,-20.0,1.0,160000
99047,59.55063930801624,0.6981978416442871,34.909892082214355,-1.0,-1.0,-1.0,-0.9819237,-20.0,1.449238419532776,160000
99797,59.546978974611534,0.6981266736984253,34.906333684921265,-0.6483116,-0.68560666,-1.0,-0.7193724,-20.0,1.0,160000
65624,59.53101930900679,0.6978163719177246,34.89081859588623,-1.0,-0.7897148,-0.7008668,0.8947353,-20.0,1.0,160000
94242,59.50709476831512,0.6973512172698975,34.86756086349487,-1.0,-1.0,0.01711464,0.3364812,-20.0,1.0,160000
99722,59.49198995030061,0.6970575451850891,34.852877259254456,-1.0,-0.17704362,0.7998935,1.0,-20.0,1.0,160000
75799,59.45420720048898,0.6963229775428772,34.81614887714386,-1.0,-1.0,-0.7434845,-0.36097342,-39.88565444946289,1.0,160000
112384,59.44497594900159,0.6961435079574585,34.807175397872925,-1.0,-1.0,-0.30203098,1.0,-24.596883058547974,1.0,160000
37012,59.41607075676054,0.6955815553665161,34.779077768325806,-1.0,-0.10675624,0.24272358,-0.587554,-20.0,1.0,136101
104281,59.41065019410109,0.6954761743545532,34.77380871772766,-1.0,-0.33661893,-0.019971967,-0.37176943,-45.19976735115051,1.0,123255
39827,59.38826253646326,0.6950409412384033,34.752047061920166,-1.0,0.59638506,-1.0,1.0,-20.0,1.0,146171
73388,59.38462626802159,0.6949702501296997,34.748512506484985,-1.0,-1.0,-1.0,-0.89626056,-20.0,1.0,86454
110688,59.28689077228844,0.6930702924728394,34.65351462364197,-1.0,-0.5891804,0.20368111,-0.37952864,-20.0,1.0,160000
28313,59.25486356382471,0.6924477219581604,34.62238609790802,0.08507237,-1.0,0.65171397,-0.6667546,-23.60077381134033,1.0,126811
54311,59.23631838280831,0.6920872330665588,34.60436165332794,-0.025446624,-0.03800893,0.39904916,-0.833175,-20.8813738822937,1.0,138770
97043,59.21009770766129,0.6915775537490845,34.578877687454224,-1.0,-0.94073176,-1.0,-0.30623734,-20.0,1.0,160000
36652,59.17364666302716,0.6908690333366394,34.54345166683197,0.15658924,-0.25079262,-1.0,0.62235504,-34.42559361457825,1.0,160000
33093,59.16684819844454,0.6907368898391724,34.53684449195862,-1.0,-0.28825375,0.67039716,0.016198456,-20.0,1.0,160000
87141,59.1411719349792,0.690237820148468,34.5118910074234,-1.0,-0.90031624,-1.0,1.0,-20.0,1.0,160000
87145,59.1411719349792,0.690237820148468,34.5118910074234,-0.13839197,-0.81586385,-1.0,1.0,-20.374889373779297,1.0,160000
87143,59.1411719349792,0.690237820148468,34.5118910074234,-0.53922355,-1.0,-1.0,1.0,-20.0,1.0,160000
112947,59.1411719349792,0.690237820148468,34.5118910074234,-1.0,-1.0,-1.0,1.0,-20.0,1.0,160000
87147,59.1411719349792,0.690237820148468,34.5118910074234,-1.0,-0.6927246,-1.0,1.0,-20.0,1.0,160000
77158,59.13188627832349,0.6900573372840881,34.50286686420441,-0.5803734,-1.0,-1.0,0.19873881,-20.0,1.0,111731
34959,59.10400743103496,0.6895154714584351,34.47577357292175,-0.018471658,-0.5771823,0.24440533,-0.84301126,-48.59010577201843,1.0,160000
54336,59.10041328106292,0.6894456148147583,34.472280740737915,-0.72046244,-0.408044,-1.0,0.25102434,-28.36182236671448,1.0,94374
32242,59.04900538521072,0.6884464621543884,34.42232310771942,-1.0,-1.0,0.0060228705,0.06630042,-20.0,1.0,160000
99770,59.04442969528222,0.6883575320243835,34.41787660121918,-1.0,-1.0,-1.0,-0.38727736,-20.0,1.0,160000
89433,59.029619924887314,0.6880697011947632,34.40348505973816,-0.6827485,-0.9662975,-0.86785084,1.0,-24.512370824813843,1.0,138813
75123,59.00137691009181,0.6875208020210266,34.37604010105133,-1.0,-0.29625,-1.0,-0.98254395,-31.95140421390533,1.0,160000
83129,58.99116706751945,0.6873223781585693,34.36611890792847,0.06494641,-0.92194724,-1.0,-0.6867781,-20.0,1.0,160000
83692,58.96229137804045,0.686761200428009,34.33806002140045,-0.5265338,0.4763937,-1.0,-0.34192193,-23.837970495224,1.0,160000
90704,58.95380489608601,0.6865962743759155,34.329813718795776,-0.056871474,-1.0,-0.13110244,-0.23989797,-20.0,1.0,160000
13803,58.88793225143324,0.6853161454200745,34.26580727100372,-0.07541455,-0.34375873,-0.7869151,0.6251152,-36.465831995010376,1.0,160000
94053,58.84644759546731,0.6845099925994873,34.225499629974365,-1.0,-1.0,-1.0,1.0,-38.75706613063812,1.0,133579
68259,58.84644759546731,0.6845099925994873,34.225499629974365,-0.30298597,-1.0,-1.0,1.0,-31.221497058868408,1.0,160000
29620,58.82560199100345,0.6841049194335938,34.20524597167969,-1.0,-1.0,-1.0,0.27709118,-33.928678035736084,1.0,120018
71942,58.790517028501895,0.6834231615066528,34.17115807533264,-0.7126393,-0.4168659,-0.36660326,-0.07098997,-20.0,1.0,160000
48845,58.77586067948974,0.683138370513916,34.1569185256958,-0.38473207,0.328319,-1.0,0.087127686,-20.0,1.0,69998
98024,58.74203507644303,0.6824811100959778,34.12405550479889,-0.3098296,-1.0,-0.7402106,-0.46435702,-28.00950169563293,1.0,128685
86009,58.69962829435481,0.6816571354866028,34.08285677433014,-0.22637951,-1.0,0.10109222,-0.2521296,-46.01650834083557,1.0,91144
22078,58.69927244423097,0.6816502213478088,34.08251106739044,-0.18245396,-0.42391318,0.9854691,-0.3995041,-20.0,1.0,160000
4245,58.68368242657931,0.6813473105430603,34.067365527153015,0.033639293,0.2078306,-0.47187987,-0.50056326,-20.0,1.200318992137909,160000
67988,58.6626070589799,0.6809378266334534,34.04689133167267,-0.48622847,-0.36028206,-1.0,-0.48686397,-20.0,1.0,135384
106497,58.62468582501384,0.6802010536193848,34.01005268096924,-0.698378,-0.93842834,-1.0,1.0,-32.50397324562073,1.0,160000
106492,58.62468582501384,0.6802010536193848,34.01005268096924,-1.0,-0.15345961,-1.0,1.0,-23.60002994537353,1.0,160000
67841,58.60797200854872,0.6798763275146484,33.99381637573242,-1.0,-0.10366918,0.6853606,-0.5689559,-32.918331027030945,1.0,118598
24216,58.56362468042623,0.6790147423744202,33.95073711872101,-0.10894809,-1.0,-1.0,-0.7403087,-20.0,1.0,160000
75649,58.55093837947848,0.6787682771682739,33.938413858413696,-1.0,-0.31190464,-0.67472386,0.6819107,-20.0,1.0,154151
65461,58.54872324884237,0.6787252426147461,33.936262130737305,-0.3504732,-0.55737734,-1.0,-0.012359798,-34.70096290111542,1.0,96868
59779,58.50286730010788,0.6778343915939331,33.891719579696655,-0.5624318,-1.0,-0.53329974,-0.41639727,-32.53903925418854,1.0,160000
64546,58.49809322418155,0.6777416467666626,33.88708233833313,-1.0,-1.0,-1.0,-0.35903448,-60.0,1.0,160000
28424,58.49414140423614,0.6776648759841919,33.883243799209595,0.32310647,0.29685763,-1.0,0.55890864,-20.0,1.0,126912
85248,58.48299155733612,0.6774482727050781,33.872413635253906,-0.8298843,-1.0,0.5036329,-0.4849416,-20.0,1.0,160000
83159,58.45350870940421,0.6768755316734314,33.84377658367157,-1.0,-1.0,-1.0,0.59157765,-27.18491554260254,1.0,160000
89473,58.45105100603394,0.6768277883529663,33.841389417648315,-0.91914725,-1.0,-0.14364833,1.0,-26.794289350509644,1.0,90951
53488,58.43141988334797,0.6764464378356934,33.82232189178467,-0.68561256,-1.0,-1.0,-0.85977286,-47.60376811027527,1.0,160000
45727,58.41722869726794,0.6761707663536072,33.80853831768036,-0.7674733,-1.0,-0.75618786,-0.69267416,-20.0,1.0,160000
2834,58.38304029656037,0.6755066514015198,33.77533257007599,-1.0,-0.805592,0.18504208,-0.56075794,-35.37103295326233,1.0,102518
19207,58.35353967378856,0.6749336123466492,33.74668061733246,-0.5770209,-1.0,0.28467947,-0.5331743,-36.10314846038818,1.0466364622116089,138755
32130,58.34412841234136,0.674750804901123,33.73754024505615,-1.0,-0.25666505,-1.0,0.32932553,-25.81979990005493,1.0,160000
3481,58.32617101858314,0.6744019985198975,33.72009992599487,-0.8259639,-0.33336383,-0.65168333,-0.9089542,-34.92992877960205,1.0,150720
95001,58.297960922444894,0.6738540530204773,33.692702651023865,-0.8497652,-1.0,-0.46221343,0.5556148,-28.979376554489136,1.0,127930
98054,58.28646864005762,0.6736308336257935,33.68154168128967,-0.8453009,-1.0,-1.0,0.055677533,-40.516263246536255,1.0,88273
114875,58.25215684912519,0.6729643940925598,33.64821970462799,-1.0,-1.0,-1.0,1.0,-20.0,1.0,87034
48232,58.18595481359718,0.6716786026954651,33.583930134773254,-0.95764804,-0.33253306,-1.0,-0.62855995,-20.0,1.0,160000
63633,58.17584864587168,0.6714823246002197,33.574116230010986,-1.0,-0.7543406,-1.0,1.0,-35.016664266586304,1.0,91313
91076,58.16039307196105,0.6711821556091309,33.55910778045654,-0.8344064,-1.0,1.0,1.0,-20.0,1.0,160000
54333,58.097540593040655,0.6699615120887756,33.49807560443878,-0.4015744,-0.9285146,-1.0,0.35754308,-57.99353241920471,1.0,93426
74776,58.094014077583424,0.6698930263519287,33.49465131759644,-1.0,-0.49143845,-1.0,-0.6816536,-43.215099573135376,1.0,134189
74263,57.93789771856415,0.6668614149093628,33.34307074546814,-0.5793651,-0.69238895,-0.52663195,-0.22455293,-60.0,1.0,97835
99653,57.91170748870668,0.6663528680801392,33.31764340400696,-1.0,-0.9399769,-1.0,-0.22998953,-20.0,1.0,160000
69415,57.89395231812996,0.6660081148147583,33.300405740737915,-1.0,-0.02412182,-0.33809537,0.29494375,-53.88712644577026,1.0,105371
87469,57.85849642960663,0.6653196811676025,33.26598405838013,-1.0,-0.15834999,-0.66963845,1.0,-23.978612422943115,1.0,160000
41327,57.84681877542059,0.665092945098877,33.25464725494385,-1.0,0.23492727,-1.0,1.0,-20.0,1.0,160000
1129,57.82376396964054,0.6646453142166138,33.23226571083069,-0.16157484,-0.2143102,-0.9201872,-0.8271769,-20.0,8.809669971466064,160000
78959,57.816887348564336,0.6645117998123169,33.225589990615845,-1.0,0.12114379,-0.88387215,1.0,-60.0,1.0,143594
105557,57.79820361080523,0.6641490459442139,33.20745229721069,-1.0,-0.9709399,-0.7757063,0.6841975,-27.83012866973877,1.0,135814
87393,57.75305871088936,0.6632725596427917,33.16362798213959,-0.4845559,-1.0,-1.0,-0.50178427,-26.33023500442505,1.0,160000
108638,57.73006652998816,0.6628261804580688,33.14130902290344,-1.0,-1.0,-1.0,0.70295906,-20.0,1.0,97625
88494,57.718476628777566,0.6626011729240417,33.13005864620209,-0.9946397,-1.0,-1.0,-0.8522384,-20.0,1.0,160000
66587,57.71557836791099,0.6625449061393738,33.12724530696869,-1.0,-0.48726794,-1.0,-0.29877263,-31.579098105430603,1.0,152332
91205,57.69965929585416,0.6622358560562134,33.11179280281067,-0.44307268,-1.0,-0.78431475,0.65515983,-50.62468767166138,1.0,129468
77255,57.69026126121551,0.6620534062385559,33.102670311927795,-1.0,-0.6913506,0.10197234,-0.7538406,-41.87682271003723,1.0,115939
112944,57.6584068543495,0.6614350080490112,33.07175040245056,-1.0,-1.0,-0.4703073,0.9315771,-20.0,1.0,160000
80448,57.63346923311383,0.6609508991241455,33.047544956207275,-1.0,-1.0,0.21645546,-0.66481733,-20.0,1.0,160000
105290,57.62255693614813,0.6607390642166138,33.03695321083069,-1.0,-1.0,-0.4981143,-0.15202606,-20.0,1.0,154885
54324,57.62097258735865,0.6607083082199097,33.03541541099548,-1.0,-1.0,0.82330143,-0.8231091,-51.67291641235352,1.0,143310
107633,57.55830309771616,0.659491777420044,32.9745888710022,-1.0,-0.121260464,-1.0,0.11397374,-20.0,1.0,160000
8602,57.539409467999405,0.659125030040741,32.95625150203705,-1.0,-0.16014536,0.21348879,-0.4525413,-20.0,1.4070720076560974,155910
75385,57.49579602738844,0.6582784652709961,32.913923263549805,-1.0,0.06546715,0.20217246,0.7153847,-20.0,1.0,160000
62326,57.41962591198441,0.6568000316619873,32.840001583099365,-0.58529794,-0.70352083,0.99323976,-0.5189864,-43.36906552314758,1.0,160000
78165,57.418916514852825,0.6567862629890442,32.83931314945221,-1.0,-0.4812913,-1.0,0.72952896,-60.0,1.0,83832
46004,57.4112513126186,0.6566374897956848,32.83187448978424,-0.6503656,-0.25904706,0.18664303,-0.88794607,-35.368361473083496,1.709986686706543,133979
54062,57.390193239147166,0.65622878074646,32.811439037323,-0.28791022,0.10287869,-1.0,1.0,-20.0,1.0,160000
83618,57.368007676949546,0.6557981967926025,32.78990983963013,-0.40124473,-0.12630689,-1.0,-0.44770688,-60.0,1.0,148642
80431,57.364310041352994,0.655726432800293,32.78632164001465,-0.3384858,-0.014363751,-0.8259887,-0.8381807,-43.40150833129883,1.0,122036
62926,57.33783044359174,0.6552125215530396,32.76062607765198,-1.0,-1.0,-1.0,-0.14713746,-60.0,1.0,91233
99072,57.33234526329792,0.6551060676574707,32.755303382873535,-0.5039081,-0.79048645,-0.6929668,1.0,-28.16037893295288,1.0,138337
61885,57.33057316973239,0.6550716757774353,32.753583788871765,-1.0,-0.048825562,-1.0,-0.6224606,-32.37298309803009,1.0,160000
42640,57.32766164780296,0.6550151705741882,32.75075852870941,-0.54633534,-1.0,-1.0,0.18267453,-20.0,1.0,160000
74879,57.31742519358086,0.6548165082931519,32.74082541465759,-0.8580512,-0.32496646,-0.39849156,1.0,-60.0,1.0,160000
64547,57.25844016936114,0.6536718010902405,32.683590054512024,-1.0,-0.72884315,-0.76766884,0.6885398,-57.455384731292725,1.2855893969535828,160000
89170,57.24457571010223,0.6534027457237244,32.67013728618622,-1.0,-1.0,-1.0,0.02100575,-20.0,1.0,160000
20714,57.227203432303625,0.6530656218528748,32.65328109264374,-1.0,-0.012368336,0.24463266,-0.5276878,-51.62554979324341,1.0,114902
94055,57.21208847382815,0.6527723073959351,32.63861536979675,-1.0,-0.6136828,-0.97321767,1.0,-29.37783479690552,1.0,160000
55638,57.0680147307376,0.6499766707420349,32.498833537101746,-0.6247258,0.11445606,-1.0,0.42365113,-20.0,1.0,113672
87983,57.060405521981664,0.6498290300369263,32.49145150184631,-1.0,-0.82771015,-0.8862987,-0.5930724,-35.02143383026123,1.0,160000
92818,57.04610547646868,0.6495515704154968,32.47757852077484,-0.31353477,-0.81237924,-1.0,0.26217073,-57.17364311218262,1.0,160000
91428,56.974384383240825,0.6481600403785706,32.40800201892853,-1.0,-0.32683283,-1.0,1.0,-60.0,1.0,160000
87196,56.96945964859341,0.6480644941329956,32.40322470664978,-1.0,-0.59759367,-1.0,-0.41313887,-20.0,1.0,160000
67165,56.95103547967543,0.6477070450782776,32.38535225391388,-1.0,-0.25136074,-0.06971651,-0.465447,-20.0,2.371409296989441,160000
97464,56.94621509908725,0.647613525390625,32.38067626953125,-1.0,-1.0,-1.0,-0.060480595,-20.0,1.0,160000
108690,56.88431328956944,0.6464126110076904,32.32063055038452,-1.0,-1.0,-1.0,-0.2163713,-20.0,1.0,112351
92124,56.88305973309876,0.6463882923126221,32.3194146156311,-1.0,-1.0,-0.031277418,0.38558704,-20.0,1.0,110732
58228,56.85984103039278,0.6459378600120544,32.29689300060272,-0.53530157,-0.2903234,-1.0,0.21939242,-20.0,1.0,160000
79537,56.84958495001713,0.6457388997077942,32.28694498538971,-0.7054591,-1.0,-0.2395907,0.7519893,-34.670928716659546,1.0,160000
70889,56.83547269860847,0.6454651355743408,32.27325677871704,-0.9237923,-1.0,-1.0,-0.056037545,-37.032445669174194,1.0,160000
79653,56.78042920330475,0.6443973779678345,32.219868898391724,-0.52286375,-1.0,-1.0,-0.43105423,-20.0,1.0,126243
37520,56.723643709534926,0.6432958841323853,32.16479420661926,-0.5171455,-0.726208,0.14704362,-0.94615936,-20.0,2.955099105834961,101971
100381,56.70599904885802,0.642953634262085,32.14768171310425,-0.29003698,-0.1066787,-1.0,-0.75532615,-20.0,1.0,160000
101232,56.705590348206194,0.6429457068443298,32.14728534221649,0.306342,-0.72914964,-1.0,-0.07816577,-39.35791730880737,1.0,160000
17481,56.693452176820536,0.642710268497467,32.13551342487335,-0.84580624,-0.28643563,-0.6652463,-0.8010675,-60.0,1.0,160000
68438,56.690256281535234,0.6426482796669006,32.13241398334503,-0.9730865,-0.7341509,-0.34905696,-0.54734683,-20.0,1.0,160000
40680,56.663760721951824,0.6421343684196472,32.10671842098236,-0.017752916,-0.57466495,-1.0,-0.6092532,-45.94075679779053,1.0,121819
99387,56.63277467076524,0.641533374786377,32.07666873931885,-1.0,-0.4498275,0.5098859,-0.6286967,-20.0,1.0,160000
42655,56.59959038101309,0.6408897638320923,32.044488191604614,-1.0,-1.0,0.09723753,-0.5060909,-27.090086936950684,1.0,160000
35260,56.59874831424409,0.6408734321594238,32.04367160797119,-0.3120739,-0.09618562,-1.0,-0.96434104,-51.40806436538696,1.0,160000
105848,56.59714100981287,0.6408422589302063,32.042112946510315,-1.0,-1.0,-1.0,-0.49581003,-20.0,1.0,137560
37475,56.41217757692434,0.6372552514076233,31.862762570381165,-1.0,-0.80424553,-0.79801583,1.0,-20.0,1.0,123862
58738,56.38252762641008,0.6366803050041199,31.834015250205997,-0.5671809,-0.9110481,-1.0,0.16400367,-26.08988642692566,1.0,160000
95849,56.37943840263915,0.6366204023361206,31.83102011680603,0.024722576,-1.0,-1.0,-0.34216034,-20.0,1.0,130354
75335,56.37096681420557,0.6364561319351196,31.82280659675598,-1.0,-0.60634196,-1.0,-0.09952307,-47.95643568038941,1.0,160000
21542,56.36043256541798,0.6362518668174744,31.81259334087372,-1.0,-0.30603924,1.0,-0.9149218,-24.496933221817017,1.0,117049
23923,56.35645491447405,0.636174738407135,31.80873692035675,-1.0,-0.5712397,-1.0,-0.14407572,-26.18889331817627,1.0,142560
58112,56.34312014740991,0.6359161734580994,31.79580867290497,-0.7771035,0.35034984,-1.0,1.0,-20.0,1.0,136137
83785,56.31842979637939,0.6354374289512634,31.77187144756317,-0.98091567,-0.19538334,0.57128745,-0.87290215,-20.0,2.3689154386520386,160000
24923,56.30970565470479,0.6352682709693909,31.763413548469543,-1.0,-0.9958196,-1.0,0.08097875,-49.19699668884277,1.0,88471
30634,56.30735399761953,0.6352226734161377,31.761133670806885,-0.7140651,-1.0,-1.0,-0.95731056,-20.0,7.1692482233047485,134737
58734,56.306075185852215,0.6351978778839111,31.75989389419556,-0.6836911,-1.0,-1.0,0.07357192,-20.0,1.0,102173
75794,56.250150271543234,0.6341135501861572,31.70567750930786,-0.3486082,-0.7495864,-0.93144506,-0.3104568,-32.29541003704071,1.0,140311
12855,56.24593242098525,0.6340317726135254,31.70158863067627,-1.0,-1.0,-0.2894132,-0.28731447,-35.2747917175293,1.0,160000
70309,56.22195307094253,0.6335668563842773,31.678342819213867,-1.0,-0.6348398,-1.0,-0.7895653,-22.03412771224976,1.0,101131
88011,56.2112943844579,0.6333602070808411,31.668010354042053,-0.2770556,-0.68157625,-1.0,-0.3342622,-20.0,1.0,160000
27579,56.18255505907609,0.6328030228614807,31.64015114307404,-1.0,-1.0,0.14155379,-0.9848727,-20.0,11.0,125879
90349,56.16226366930882,0.6324096322059631,31.62048161029816,-1.0,-0.1694921,-0.91022265,0.5778144,-20.0,1.0,117417
101443,56.11191168025572,0.6314334869384766,31.571674346923828,-0.40780342,-1.0,-0.8976274,0.882943,-20.0,1.0,160000
46418,56.09743930751984,0.6311529278755188,31.55764639377594,-1.0,0.14163321,-1.0,0.769827,-32.481014132499695,1.0,134820
97337,56.0784007800855,0.6307838559150696,31.53919279575348,-0.21891415,-0.098398745,-0.8633903,0.2467308,-20.0,1.0,160000
41990,56.05780607021258,0.630384624004364,31.5192312002182,-0.31549993,-0.8232724,-1.0,-0.61279297,-20.0,1.0,108635
82079,56.04930118053078,0.6302197575569153,31.510987877845764,-1.0,-1.0,-0.8645921,-0.20462024,-22.665886878967285,1.0,160000
12944,56.03923113047172,0.6300245523452759,31.501227617263797,-1.0,-1.0,-1.0,0.5435437,-50.34227252006531,1.0,127177
14405,56.0341945320193,0.6299269199371338,31.49634599685669,-0.9494072,0.28054968,-1.0,-0.4025134,-20.0,1.0,160000
86448,55.98414395007823,0.6289567351341248,31.44783675670624,-0.087394595,-1.0,-0.35996354,0.7335348,-20.0,1.0,160000
108093,55.93839618448354,0.6280699968338013,31.403499841690063,-0.029714346,-1.0,-0.41634792,-0.2159487,-59.15003299713135,1.0,160000
101447,55.93498278073246,0.6280038356781006,31.40019178390503,-1.0,-0.98328006,-1.0,0.9718369,-22.79950380325317,1.0,160000
60862,55.90626669762226,0.627447247505188,31.3723623752594,-1.0,-0.4045868,-1.0,0.42940798,-20.0,1.0,143482
44693,55.87144531539379,0.6267723441123962,31.33861720561981,-0.6668168,-0.51017964,-0.024196029,-0.57503295,-60.0,1.0,160000
35592,55.82795001796924,0.6259293556213379,31.29646778106689,-0.50582147,-0.74073017,-1.0,-0.2668,-20.0,1.0,119862
96461,55.8225833298253,0.6258253455162048,31.29126727581024,-1.0,-0.13206029,1.0,-0.4710412,-30.65149486064911,1.0,97122
102233,55.814073458816736,0.6256604194641113,31.283020973205566,-0.7572869,-1.0,-0.93034023,-0.10867143,-47.40286469459534,1.0,136910
101571,55.77567514583993,0.6249162554740906,31.24581277370453,-1.0,-0.77014154,-0.01967907,-0.9216832,-41.893028020858765,1.0,160000
41502,55.76106588403978,0.6246331334114075,31.231656670570374,-0.7036279,0.34391713,-1.0,0.08052686,-20.0,1.0,160000
50193,55.74621036084829,0.6243452429771423,31.21726214885712,0.06895131,0.27057186,-0.5993315,1.0,-33.76980662345886,1.0,160000
59279,55.74052030083647,0.6242349743843079,31.211748719215397,-0.19460902,-0.61733174,-0.40337732,-0.1387037,-20.0,1.0,160000
91760,55.73294170758364,0.6240881085395813,31.204405426979065,-0.39027458,-0.75743294,-1.0,-0.6830661,-53.67816209793091,1.0,160000
15266,55.7294784196674,0.6240209937095642,31.20104968547821,-0.79575396,0.27588403,-0.5315152,0.07488665,-38.629203140735626,1.0,116919
49849,55.72543380146324,0.6239426136016846,31.19713068008423,-0.44967717,-1.0,-1.0,1.0,-20.0,1.0,160000
99538,55.68404860657029,0.6231406331062317,31.157031655311584,-1.0,-0.2794249,0.48246428,1.0,-20.0,1.2685138583183289,132863
105334,55.68402399949613,0.6231401562690735,31.157007813453674,-0.9698049,-1.0,-0.6568902,1.0,-25.311238765716556,1.0,160000
74523,55.67068380318595,0.6228816509246826,31.14408254623413,-1.0,-0.19147253,-1.0,-0.5265817,-20.0,1.0,160000
64553,55.66716801606748,0.6228135228157043,31.140676140785217,-0.6040639,-0.14435658,-0.7174575,-0.6154028,-36.63065195083618,1.0,160000
107498,55.66269252171578,0.6227267980575562,31.136339902877808,-0.7884134,-0.94658697,-1.0,1.0,-27.060855627059937,1.0,120675
42898,55.63172649068726,0.6221267580986023,31.106337904930115,-1.0,-0.34077144,0.33485484,-0.8388147,-60.0,1.0060522556304932,146194
75842,55.598372447725424,0.6214804649353027,31.074023246765137,-0.27022162,0.01855439,-0.31345123,-0.3524297,-52.76650547981262,1.0,160000
64820,55.58121974943336,0.6211481094360352,31.05740547180176,-0.4334426,-0.19953164,-1.0,-0.9892174,-20.0,5.435166716575623,131546
106999,55.55908323999736,0.6207191944122314,31.03595972061157,-1.0,-1.0,-0.70324606,0.22378731,-33.80943298339844,1.0,160000
92816,55.55030048760769,0.6205490231513977,31.027451157569885,-1.0,0.21669638,-1.0,0.5231912,-60.0,1.0,160000
61665,55.527720316557634,0.6201115250587463,31.00557625293732,-1.0,0.15062463,-0.011128247,0.33056402,-30.30435025691986,1.0,135363
17514,55.52469933495661,0.6200529932975769,31.002649664878845,-1.0,-0.09874822,-0.9068512,-0.8777393,-59.8005747795105,1.0,160000
35412,55.52178601737568,0.6199965476989746,30.99982738494873,-0.41272873,-0.24043752,-1.0,-0.8411528,-31.328575611114506,1.0,160000
33123,55.514691885197735,0.6198590993881226,30.992954969406128,-0.56632596,-1.0,-0.44480735,-0.8968993,-48.66658687591553,1.0,160000
112202,55.4833768257908,0.6192523837089539,30.962619185447693,-1.0,-1.0,0.25872016,1.0,-49.37656164169312,1.0,140098
54719,55.46313335498357,0.6188601851463318,30.94300925731659,-0.1324336,-0.45685259,0.31688678,-0.5023349,-20.0,1.0,134285
85821,55.45216541015159,0.6186476945877075,30.932384729385376,-1.0,0.1847621,-0.093002975,0.70205796,-20.0,1.0,130162
78700,55.43495488244842,0.618314266204834,30.9157133102417,-1.0,-1.0,-0.4640812,-0.9136342,-21.005878448486328,3.53167986869812,160000
67878,55.39874844651092,0.6176128387451172,30.88064193725586,-0.988629,-0.1560513,-0.4445247,0.23058754,-20.0,1.0,160000
78167,55.39196728816863,0.6174814701080322,30.87407350540161,-1.0,-1.0,-0.51367265,0.8048811,-20.0,1.0,160000
69251,55.358786956704215,0.6168386936187744,30.84193468093872,0.13013774,-0.9578417,-1.0,-0.54208726,-60.0,1.0,86647
103616,55.32833172426278,0.6162487268447876,30.81243634223938,-1.0,-1.0,-1.0,0.8508608,-32.684810161590576,1.0,160000
90827,55.25518372707347,0.614831805229187,30.74159026145935,-0.8237535,-0.22203033,-0.09975022,1.0,-20.0,1.0,115414
89917,55.17182570584694,0.6132172346115112,30.66086173057556,-1.0,-0.618251,-0.43852627,1.0,-40.02494096755981,1.0,160000
60648,55.14237424751536,0.6126468181610107,30.632340908050537,-0.49934983,-0.7606448,-1.0,1.0,-20.0,1.0,160000
60643,55.14237424751536,0.6126468181610107,30.632340908050537,-1.0,-0.60813797,-1.0,1.0,-20.0,1.0,160000
112249,55.14237424751536,0.6126468181610107,30.632340908050537,-0.11756861,-1.0,-1.0,1.0,-20.0,1.0,160000
112245,55.14237424751536,0.6126468181610107,30.632340908050537,-1.0,-1.0,-1.0,1.0,-20.0,1.0,159081
112243,55.14237424751536,0.6126468181610107,30.632340908050537,-1.0,-0.5591991,-1.0,1.0,-20.0,1.0,160000
99866,55.10008819239376,0.6118278503417969,30.591392517089844,-0.10939705,-0.3708126,-1.0,0.45939672,-40.25250911712647,1.0,160000
62819,55.05502110321192,0.6109550595283508,30.54775297641754,-0.36089396,-1.0,-1.0,-0.68709236,-59.50242877006531,1.0,160000
86534,55.0520417960727,0.6108973622322083,30.544868111610413,-1.0,-1.0,-1.0,1.0,-20.0,1.0,160000
112334,55.0520417960727,0.6108973622322083,30.544868111610413,-0.97642446,-0.36746457,-1.0,1.0,-20.0,1.0,156249
112337,55.0520417960727,0.6108973622322083,30.544868111610413,-1.0,-0.13659841,-1.0,1.0,-20.0,1.0,160000
60740,55.0520233292651,0.6108970046043396,30.54485023021698,-0.40143833,-0.76033473,-1.0,1.0,-20.0,1.0,160000
99534,55.04679105330473,0.6107956767082214,30.539783835411072,-1.0,0.25470084,-0.07978049,1.0,-20.0,1.0,160000
52247,55.04017987938148,0.6106676459312439,30.533382296562195,-0.0926474,-0.04829377,0.32561433,-0.8806637,-35.438348054885864,1.2200299501419067,160000
72355,55.01271902986822,0.6101358532905579,30.506792664527893,-0.16223323,-1.0,-1.0,0.84193397,-54.72706437110901,1.0,160000
61084,55.010056622890325,0.6100842952728271,30.50421476364136,-1.0,-0.27351493,0.19792277,0.49660325,-31.469966173172,1.0,160000
113909,55.0071510515181,0.6100280284881592,30.50140142440796,-0.27783108,-1.0,-0.049532533,0.75561506,-20.0,1.0,127507
109627,54.99693531512944,0.6098302006721497,30.491510033607483,0.08387107,-1.0,-1.0,0.242244,-20.0,1.0,110512
59012,54.95355035028143,0.6089900732040405,30.449503660202023,-1.0,-1.0,-0.7238149,0.6020732,-20.0,1.0,98746
9934,54.953205602258194,0.6089833974838257,30.449169874191284,-0.25448775,0.24242069,0.62154305,-0.05509594,-42.615682780742645,1.0,129425
12516,54.943204779161846,0.6087897419929504,30.43948709964752,-0.35907042,0.08378683,0.32082123,-0.6203613,-60.0,1.0,160000
1683,54.9425953074478,0.6087779402732849,30.43889701366425,-0.17821683,-1.0,1.0,-0.33625954,-20.0,1.0,111920
89456,54.93861218507229,0.6087008118629456,30.43504059314728,-1.0,-0.1704722,-1.0,0.7708528,-33.20032477378845,1.0,91985
88162,54.868772570945936,0.6073485016822815,30.367425084114075,-1.0,-0.7789736,-1.0,0.5407287,-20.0,1.0,160000
54230,54.85726862992779,0.6071257591247559,30.356287956237797,-1.0,-0.3631152,-1.0,0.93303967,-20.0,1.0,160000
61523,54.83569799283928,0.6067081093788147,30.33540546894073,-0.6726719,-0.6651753,-1.0,0.567654,-38.014241456985474,1.0,122962
49619,54.81225820472514,0.6062542796134949,30.312713980674744,-0.22542603,-1.0,-1.0,0.86122733,-20.0,1.0,115500
12101,54.79640047320447,0.6059472560882568,30.29736280441284,-1.0,-0.11318186,-0.021651357,-0.31892705,-60.0,1.0,110759
78202,54.792980144521565,0.6058810353279114,30.29405176639557,-1.0,-0.61553967,-0.9657923,0.6682513,-60.0,1.0,160000
186,54.78469557251837,0.6057206392288208,30.28603196144104,-0.93973756,-1.0,0.3970386,-0.18575382,-60.0,1.0,147085
55894,54.74506042110854,0.6049532890319824,30.24766445159912,0.108234584,0.34507167,-0.3971947,1.0,-25.106639862060547,1.0,160000
70933,54.71951561573188,0.604458749294281,30.22293746471405,-0.4610802,-1.0,0.13460374,0.13813722,-20.0,1.0,160000
14023,54.67423713442942,0.6035822033882141,30.179110169410706,-0.7649544,-1.0,-0.6747864,1.0,-60.0,1.0,156448
90543,54.66392248419057,0.6033825278282166,30.169126391410828,-0.9973738,-0.15742362,-0.0042561293,0.20588136,-51.27892971038818,1.0,105688
78724,54.65966419515841,0.6033000946044922,30.16500473022461,-0.12778187,-1.0,-0.38558042,-0.94652414,-20.0,1.0,148850
66443,54.6574565282035,0.6032573580741882,30.16286790370941,-1.0,0.27291572,-1.0,-0.26204348,-46.78150057792664,1.0,160000
86532,54.65050095891199,0.6031227111816406,30.15613555908203,-0.044092476,-1.0,-0.32268018,0.68941706,-20.0,1.0,160000
90080,54.61214436294452,0.6023802161216736,30.11901080608368,-1.0,-0.7208227,-1.0,0.13526046,-20.0,1.0,102115
71388,54.605502547218535,0.6022516489028931,30.112582445144653,0.14833683,-0.10384968,-0.69438756,-0.7494807,-30.523332357406616,1.0,148187
86401,54.59727488475612,0.6020923852920532,30.10461926460266,-1.0,-1.0,-0.013110012,1.0,-20.0,1.0,160000
21596,54.575526052238125,0.6016713976860046,30.083569884300232,-0.8118641,-1.0,0.89287984,-0.9494488,-53.67355346679688,1.0,87812
5751,54.52972349677533,0.6007848381996155,30.03924190998077,-0.25591782,0.37374735,1.0,-0.75204355,-28.506314754486084,1.0,130252
103823,54.52038965818789,0.6006041765213013,30.030208826065063,-0.18455899,-1.0,-0.8366946,1.0,-20.0,1.0,160000
49062,54.443590683438536,0.5991177558898926,29.95588779449463,-0.7276193,-1.0,-0.15843022,-0.55526346,-60.0,1.0,136035
114872,54.41943305824105,0.5986502170562744,29.93251085281372,-1.0,0.07494962,-0.9105994,1.0,-31.092642545700077,1.0,157882
41702,54.41338123740826,0.5985330939292908,29.92665469646454,-1.0,-1.0,-0.38655013,-0.991152,-43.27848553657532,1.0,146458
35849,54.384639955111766,0.5979768633842468,29.89884316921234,-1.0,-1.0,-0.9054939,0.3361089,-20.0,1.0,149793
112210,54.37433452258196,0.5977774262428284,29.88887131214142,-0.5463006,-1.0,0.41575253,1.0,-47.96281099319458,1.0,160000
86664,54.35193691648109,0.5973439812660217,29.867199063301086,-1.0,-0.2906211,-1.0,1.0,-58.266685009002686,1.0,160000
60868,54.35193691648109,0.5973439812660217,29.867199063301086,-1.0,-1.0,-1.0,1.0,-20.0,1.0,160000
112465,54.35193691648109,0.5973439812660217,29.867199063301086,-0.38379708,-0.23455086,-1.0,1.0,-20.0,1.0,160000
112464,54.35193691648109,0.5973439812660217,29.867199063301086,-0.60476315,-1.0,-1.0,1.0,-60.0,1.0,129150
112467,54.35193691648109,0.5973439812660217,29.867199063301086,-1.0,-1.0,-1.0,1.0,-53.34847927093506,1.0,160000
112462,54.35193691648109,0.5973439812660217,29.867199063301086,-0.8008519,-0.68750477,-1.0,1.0,-36.21376037597656,1.0,160000
105970,54.34664543597896,0.5972415804862976,29.86207902431488,-0.070935786,-0.15843225,-1.0,0.24591225,-22.555643320083615,1.0,109363
83534,54.33214145421481,0.5969609022140503,29.848045110702515,-1.0,0.087004066,-1.0,-0.2551067,-34.08549785614014,1.0,160000
54879,54.30699535640615,0.596474289894104,29.8237144947052,-1.0,-1.0,-0.23665184,-0.87097365,-33.63192796707153,1.0,137884
41320,54.26521205952898,0.5956657528877258,29.78328764438629,-0.76964456,-1.0,-1.0,-0.6448342,-20.0,1.6407320499420166,160000
46248,54.2607055755458,0.5955785512924194,29.77892756462097,-0.4583916,-0.3881023,-0.439416,-0.6225187,-38.669350147247314,1.0,160000
66445,54.25280454538964,0.5954256653785706,29.771283268928528,-0.43917537,-0.48928565,-0.6223782,0.15824318,-38.24101209640503,1.0,160000
92510,54.24998603329959,0.5953711271286011,29.768556356430054,-0.6465492,-0.52831316,-1.0,0.8436396,-24.303635358810425,1.0,160000
1523,54.24038146677943,0.5951852798461914,29.75926399230957,-1.0,-0.17949344,-0.41022205,-0.63715124,-35.45060604810715,1.0,160000
70137,54.231463733539286,0.5950127243995667,29.750636219978333,-1.0,-0.2122519,-0.7657211,0.09237909,-35.13383984565735,1.0,125400
89326,54.23106020027112,0.5950049161911011,29.750245809555054,-1.0,-0.68645585,-1.0,-0.26237488,-41.10951900482178,1.0,160000
113042,54.21567960157099,0.5947073101997375,29.73536550998688,-1.0,-1.0,-1.0,-0.9186249,-20.0,1.0,160000
54083,54.20227643625006,0.5944479703903198,29.72239851951599,-1.0,-0.5834703,-1.0,-0.9728616,-20.0,5.838318824768066,160000
34574,54.180376899476656,0.5940242409706116,29.70121204853058,-0.7674862,0.17464516,-1.0,-0.15009272,-27.24830150604248,1.0,160000
80696,54.15451821764057,0.5935239195823669,29.676195979118347,-0.5373875,-0.7138496,-0.9427329,1.0,-20.0,1.0,160000
100717,54.15033159512761,0.5934429168701172,29.67214584350586,-1.0,0.32230967,-1.0,0.4485889,-20.0,1.0,153637
45863,54.06706044824882,0.5918318629264832,29.59159314632416,-1.0,-0.7539904,-1.0,0.32809275,-20.0,1.0,160000
112206,54.03303079861121,0.591173529624939,29.55867648124695,-1.0,-0.08738643,0.57858205,1.0,-20.0,1.0,160000
59735,54.02236412001454,0.5909671783447266,29.548358917236328,0.16578892,-0.6423731,0.30879492,-0.9935993,-35.347543358802795,1.0,160000
95979,54.00057438484707,0.590545654296875,29.52728271484375,-1.0,-0.351037,-1.0,0.82756835,-20.0,1.0,129925
52233,53.99913856144974,0.5905178785324097,29.525893926620483,-0.29028463,-0.614985,0.82089657,-0.32971585,-20.0,1.0,145620
85396,53.9808978655524,0.5901650190353394,29.508250951766968,-1.0,0.018754601,-1.0,1.0,-20.0,1.0,160000
93105,53.97209475319822,0.5899947285652161,29.499736428260803,-0.78528225,-1.0,1.0,1.0,-20.0,1.0,160000
78737,53.96278930759856,0.5898147225379944,29.49073612689972,-1.0,-1.0,-1.0,-0.17220223,-45.60536026954651,1.0,156439
101448,53.9397409815732,0.5893688797950745,29.468443989753723,-0.82289094,-0.9897356,-0.83292496,1.0,-60.0,1.0,160000
48818,53.907222764253206,0.5887398719787598,29.43699359893799,-1.0,-1.0,0.13552481,1.0,-20.0,1.0,160000
23518,53.906834498537066,0.5887323617935181,29.436618089675903,-0.22869891,-1.0,1.0,-0.35369045,-24.171618223190308,1.0,94170
89434,53.89549460264799,0.5885130167007446,29.42565083503723,-0.9777776,-0.64144945,-0.6536165,1.0,-45.13213038444519,1.0,110288
79539,53.87611476874404,0.5881381630897522,29.40690815448761,-1.0,-0.5826536,-0.6273577,1.0,-20.0,1.0,156850
102301,53.85354502415285,0.5877016186714172,29.385080933570865,-0.8814659,-0.75311613,-0.7255817,0.53900576,-36.07550084590912,1.0,153274
86887,53.71824438949753,0.585084855556488,29.2542427778244,-1.0,-1.0,-1.0,0.8563488,-38.22132587432861,1.0,160000
75414,53.715898904021614,0.585039496421814,29.2519748210907,-0.5724211,-1.0,-1.0,1.0,-20.0,1.0,160000
97461,53.715038993911584,0.5850228667259216,29.25114333629608,0.00631243,-0.91593313,-0.7892271,0.5171133,-32.826699018478394,1.0,127285
28534,53.70290462063286,0.5847882032394409,29.23941016197205,-0.3493138,-0.3642448,-0.5316161,-0.08780116,-20.0,1.111636519432068,160000
17832,53.6326133150078,0.5834289193153381,29.171445965766907,-0.8011913,-0.25384194,-0.19378594,-0.5578649,-20.0,1.0,136671
110881,53.61068489353046,0.583004891872406,29.1502445936203,-1.0,-0.40132028,-0.30815184,0.5851491,-20.0,1.0,153847
22139,53.59440931043889,0.5826901793479919,29.1345089673996,-1.0,-1.0,0.48139504,0.4937426,-60.0,1.0,65711
50199,53.54409186893645,0.5817172527313232,29.08586263656616,0.11923498,-0.2935206,-0.28115487,1.0,-50.79566717147827,1.0,124593
107570,53.537522620992185,0.5815902352333069,29.079511761665344,-1.0,-1.0,-0.76760244,-0.10582113,-20.0,1.0,160000
10062,53.52850870901933,0.5814159512519836,29.070797562599186,0.012362927,-1.0,-0.2054348,-0.43569922,-60.0,1.0,83985
69818,53.52537046550374,0.5813552737236023,29.067763686180115,-1.0,-1.0,0.1237002,-0.82303745,-20.0,1.0,160000
91077,53.52425142318718,0.5813336372375488,29.06668186187744,-0.97540003,-1.0,-0.46113905,1.0,-26.49949789047241,1.0,74375
85689,53.49869187271104,0.5808394551277161,29.041972756385803,-1.0,-0.12212622,-1.0,-0.34524512,-20.0,1.0,135573
61345,53.494576258116304,0.5807598829269409,29.03799414634705,-0.53104115,-0.3898889,-0.7805393,1.0,-20.0,1.0,111763
91425,53.46140094393087,0.5801184773445129,29.005923867225647,-0.5313926,-0.8017748,-0.46453732,1.0,-44.63975429534912,1.0,160000
84883,53.41369059587147,0.5791960954666138,28.95980477333069,-0.63610667,0.1126982,1.0,-0.46872354,-20.0,1.0,160000
61669,53.40297969836541,0.5789890289306641,28.949451446533203,-1.0,-1.0,-0.25849283,0.88294494,-20.0,1.0,160000
81797,53.40275770949976,0.5789847373962402,28.94923686981201,-1.0,-1.0,-0.4397601,0.09179753,-20.0,1.0,160000
72366,53.399421703540696,0.5789202451705933,28.946012258529663,-1.0,-1.0,-1.0,0.51738644,-20.0,1.0,133267
102193,53.38832831534843,0.5787057876586914,28.93528938293457,-1.0,-1.0,0.10005349,-0.3361194,-37.27630019187927,1.0,134668
90670,53.3639057278899,0.5782336592674255,28.91168296337128,-1.0,-1.0,0.05139792,0.4451424,-45.78492999076843,1.0,160000
82708,53.36389339463865,0.5782334208488464,28.91167104244232,-1.0,-1.0,-0.6028712,-0.24980968,-20.0,1.0,118559
72454,53.31259484682133,0.5772417783737183,28.862088918685917,-0.72397304,-1.0,0.35381344,-0.20104557,-20.0,1.0,113259
85762,53.311096269463405,0.5772128105163574,28.86064052581787,0.049917698,-1.0,-1.0,0.9483434,-20.0,1.0,160000
28537,53.30362492953644,0.5770683884620667,28.853419423103333,-1.0,-0.62241673,-1.0,-0.08944166,-20.0,1.0,125982
110752,53.290532203425705,0.5768153071403503,28.84076535701752,-0.068873405,-0.40479463,-0.9033811,-0.06611407,-20.0,1.0,129928
92506,53.24456737729082,0.5759268403053284,28.79634201526642,-0.15535796,-0.3932137,-1.0,0.85789424,-32.57025599479675,1.0,160000
8985,53.23596682473254,0.5757606029510498,28.78803014755249,-0.37401667,-0.20662883,-0.46929365,-0.22258896,-60.0,1.0,131021
68029,53.11804849261125,0.573481559753418,28.6740779876709,-1.0,-1.0,-1.0,-0.087949455,-28.331897258758545,1.0,128791
74844,53.11626275813201,0.573447048664093,28.67235243320465,-0.00889498,-0.9444159,-1.0,-0.8327792,-39.04770970344544,1.0,160000
56232,53.09340565361498,0.5730053186416626,28.65026593208313,-1.0,-0.8020915,-1.0,0.3102461,-43.42745065689087,1.0,160000
66513,53.08097910905782,0.5727651715278625,28.638258576393127,-1.0,-0.5752822,-1.0,-0.40362543,-20.0,1.0,123893
112332,53.06777513453116,0.5725100040435791,28.625500202178955,-1.0,-0.2832774,-0.82234097,1.0,-20.0,1.0,160000
99654,53.03292136226797,0.5718364715576172,28.59182357788086,-1.0,0.05055785,-0.47232127,-0.22618568,-20.0,1.0,160000
63158,52.99628022390844,0.5711284279823303,28.55642139911652,-1.0,0.592608,-0.8196331,1.0,-20.0,1.0484079122543335,160000
95481,52.99080196568305,0.5710225701332092,28.55112850666046,-1.0,0.0438523,-0.56473434,0.5846679,-50.443981885910034,1.0,160000
89075,52.9860917465903,0.5709315538406372,28.54657769203186,-0.80814517,-0.1696956,-0.6576505,1.0,-34.120590686798096,1.0,158421
86884,52.94376958012374,0.5701137781143188,28.505688905715942,-1.0,-1.0,-1.0,0.8634206,-20.0,1.0,160000
16659,52.92961032051423,0.5698401927947998,28.49200963973999,-0.50465864,-0.816679,-1.0,0.7641572,-20.0,1.0,84610
78678,52.91043788373004,0.5694697499275208,28.47348749637604,-1.0,-1.0,-0.34698462,1.0,-20.0,1.0,160000
41227,52.876281208234296,0.5688098073005676,28.44049036502838,-0.71398914,-0.41828448,-0.038514853,-0.18083578,-20.0,1.0,140779
78785,52.87184493726457,0.5687240958213806,28.43620479106903,-0.52335227,-0.21687606,-1.0,-0.17552572,-35.33971071243286,1.0,160000
104001,52.8686488336723,0.5686623454093933,28.433117270469666,-1.0,-0.42227834,-0.9023163,0.6911818,-20.0,1.0,136788
19350,52.79104406035083,0.5671630501747131,28.358152508735657,-0.36333653,0.20350575,-0.82845825,-0.3984368,-20.0,9.61674815416336,153640
102982,52.70465679794444,0.5654942393302917,28.274711966514587,-1.0,0.28907913,-1.0,0.69974107,-48.84819269180298,1.0,160000
35402,52.663740300459565,0.5647038817405701,28.235194087028503,-1.0,-1.0,-0.683503,-0.59196264,-20.0,1.0,111546
100188,52.65590854857561,0.5645526051521301,28.227630257606503,-0.3953202,-1.0,-0.57601523,-0.07807696,-20.0,1.0,160000
105936,52.57928133844796,0.5630725622177124,28.15362811088562,-0.042620063,-0.5750637,-1.0,0.78543174,-39.78656530380249,1.0,126237
105193,52.5760224229529,0.5630096197128296,28.15048098564148,-0.8419001,-0.8193662,-1.0,0.9188435,-54.33613657951355,1.0,160000
66324,52.570643333388176,0.5629057288169861,28.145286440849304,-0.6246409,-1.0,-0.5947834,1.0,-20.0,1.0,160000
74092,52.55839443605963,0.5626691579818726,28.133457899093628,-1.0,-0.9311099,-0.4499945,1.0,-20.0,1.0,160000
81087,52.541799968901095,0.5623486638069153,28.117433190345764,-1.0,-0.29464084,-1.0,0.67053795,-44.076749086380005,1.0,160000
95762,52.53634659254892,0.5622433423995972,28.11216711997986,-1.0,-0.66328067,-0.7232839,0.17850333,-54.18774724006653,1.0,160000
55240,52.5268470789664,0.5620598793029785,28.10299396514893,-1.0,-0.15945038,-1.0,-0.54609364,-36.64217352867127,1.0,83930
83731,52.49774914016275,0.5614979267120361,28.074896335601807,-0.2066822,-0.99933076,-1.0,-0.058338642,-39.32203412055969,1.0,160000
98648,52.49745284713555,0.5614922046661377,28.074610233306885,-0.03010273,0.18508595,-1.0,0.5244104,-20.0,1.0,160000
109954,52.47406388847081,0.5610405206680298,28.05202603340149,-0.9834821,-0.32384622,-0.3519768,0.42675608,-60.0,1.0,160000
64271,52.45444604623328,0.5606616735458374,28.03308367729187,-1.0,-1.0,-0.053436905,0.10439962,-20.0,1.0,115376
87919,52.45027302910271,0.5605810880661011,28.029054403305054,-1.0,-0.70821357,-1.0,0.52680343,-29.06636476516724,1.6254303455352783,160000
59814,52.449535341232895,0.5605668425559998,28.028342127799988,-1.0,0.009261787,0.12680519,0.28613538,-40.27716994285584,1.0,160000
54764,52.42027114339878,0.5600017309188843,28.00008654594421,-1.0,-1.0,-0.86230963,-0.93352455,-20.0,1.0,160000
96966,52.4029917940166,0.5596680641174316,27.983403205871586,-1.0,-1.0,-1.0,-0.33045387,-20.0,1.0,160000
26338,52.402118248340926,0.5596511960029602,27.98255980014801,-0.9620156,-1.0,-0.4294852,-0.63328826,-45.95286190509796,1.0,89263
59346,52.38972491409277,0.559411883354187,27.97059416770935,-0.781321,-1.0,0.0502218,0.09892732,-39.37869668006897,1.0,160000
81214,52.340949268661504,0.5584700703620911,27.923503518104557,-0.15684617,0.0681504,-0.9237329,1.0,-51.78769826889038,1.0,160000
22362,52.32599589740106,0.5581813454627991,27.909067273139957,-0.45068955,-0.5728418,-1.0,-0.3042836,-60.0,1.0,160000
93107,52.25146583098497,0.5567423701286316,27.83711850643158,-1.0,0.18509263,-1.0,1.0,-20.0,1.0,160000
110334,52.24882001762487,0.5566912889480591,27.834564447402958,-1.0,-1.0,-1.0,0.6496701,-20.0,1.0,160000
69825,52.22055528969422,0.5561456084251404,27.80728042125702,-0.08592439,-0.0455361,-1.0,0.018236518,-20.0,1.0,160000
66100,52.21965685383791,0.5561282634735107,27.806413173675537,-0.9015931,0.22932136,-1.0,1.0,-20.0,1.0,160000
94230,52.21915669324899,0.5561186075210571,27.805930376052856,-1.0,-0.2650908,-0.86675406,0.69672847,-24.773452281951904,1.0,160000
112247,52.18595091258673,0.5554775595664978,27.77387797832489,-1.0,-1.0,-0.6859633,1.0,-36.20518445968628,1.0,160000
99964,52.17381372090558,0.5552432537078857,27.762162685394287,-1.0,0.815499,-0.8150608,-0.23332167,-60.0,1.0,160000
43804,52.17175121426342,0.5552034378051758,27.76017189025879,-1.0,-1.0,-0.7353128,-0.36740768,-42.36783027648926,1.0,113214
86394,52.1696547389179,0.5551629662513733,27.758148312568665,-1.0,-1.0,-0.6262662,-0.50776935,-20.0,1.0,160000
83139,52.16917616132669,0.5551537275314331,27.75768637657165,-1.0,-1.0,-0.9103272,1.0,-34.05015587806702,1.0,160000
18210,52.13809272514008,0.5545536875724792,27.72768437862396,-1.0,-1.0,0.21840516,-0.23615617,-33.42321455478668,1.0,129672
104403,52.125618264544606,0.5543128848075867,27.715644240379333,-1.0,0.41383916,-1.0,1.0,-46.61498069763184,1.0,160000
46562,52.08994150015295,0.5536242127418518,27.68121063709259,-1.0,-0.50403845,-0.30202284,0.3620955,-38.65217328071594,1.0,160000
77917,52.08914482288827,0.5536088347434998,27.680441737174988,-0.20615834,-0.049216688,-1.0,0.20101303,-20.0,1.0,160000
109189,52.08363908255781,0.5535025596618652,27.67512798309326,-1.0,0.3543828,-0.7355418,1.0,-21.93403959274292,1.0,147024
63636,52.08084759945688,0.5534486770629883,27.67243385314941,-1.0,0.005727887,-0.6547433,1.0,-22.012314796447757,1.0,147373
94994,52.078300054062666,0.5533995032310486,27.66997516155243,-0.23486704,-1.0,0.5956054,-0.7747787,-20.0,1.0,160000
55336,52.01072700000522,0.5520952343940735,27.604761719703674,-1.0,-0.72692776,-1.0,-0.24943602,-34.8734986782074,1.0,160000
104924,51.99141321268262,0.5517224669456482,27.58612334728241,0.09404892,0.45106137,-0.90295535,1.0,-20.0,1.0,160000
66992,51.95995244106069,0.5511152744293213,27.555763721466064,-1.0,-0.7583497,-1.0,-0.53200084,-55.98138451576233,1.0,160000
42444,51.91535185218453,0.5502545237541199,27.512726187705997,-0.7938903,-1.0,-0.90380406,-0.47789913,-20.0,1.0,160000
50406,51.9134987175573,0.5502187609672546,27.51093804836273,-1.0,0.0008119941,-0.8773908,-0.5303838,-27.07351326942444,1.0,136110
71665,51.90256513724548,0.5500077605247498,27.500388026237488,-1.0,-1.0,-1.0,-0.18979079,-57.08117604255676,1.0,156566
90425,51.89144609107629,0.5497931838035583,27.48965919017792,-1.0,-0.7491329,-1.0,-0.49484777,-29.446247816085812,1.0,160000
44038,51.85911968740061,0.5491693615913391,27.45846807956696,-1.0,-0.15443692,0.12947017,-0.5207438,-25.938820838928223,1.0,160000
47424,51.85531431599222,0.5490959286689758,27.45479643344879,-0.6556877,0.02792728,-0.24019668,-0.06105858,-20.0,1.0,140069
18293,51.84177606797408,0.5488346815109253,27.441734075546265,-0.06982302,-0.5730813,-1.0,-0.76385576,-20.0,1.0,134902
98321,51.83113805225943,0.5486294031143188,27.431470155715942,-0.4824166,-0.83872616,-1.0,1.0,-20.0,1.0,148726
31463,51.82917043645315,0.5485914349555969,27.42957174777985,-0.3783611,-0.43701118,0.10669574,-0.9831643,-20.0,1.6732013821601868,99844
66914,51.81087168884204,0.5482383370399475,27.411916851997372,-0.19336116,-1.0,1.0,-0.0836243,-60.0,1.0,150603
68252,51.77357172428201,0.5475186109542847,27.375930547714237,-1.0,-1.0,-0.9042862,0.97384536,-21.957963705062863,1.0,160000
94944,51.75271697057235,0.547116219997406,27.3558109998703,-0.8406464,-1.0,-1.0,-0.6301116,-21.397851705551147,1.0,137808
75826,51.7430076332292,0.546928882598877,27.346444129943848,-1.0,-1.0,-1.0,0.8374604,-20.0,1.0,160000
50861,51.74288406470565,0.5469264984130859,27.346324920654297,0.058998853,-0.7330172,0.23516545,0.21568772,-20.0,1.0,125418
49617,51.72226021173984,0.5465285778045654,27.32642889022827,-1.0,0.0739007,-0.4904142,0.7485348,-20.0,1.0,102268
24781,51.68346084616188,0.5457800030708313,27.289000153541565,-0.22638752,-1.0,-1.0,0.05188477,-29.133859872817997,1.0,158101
42195,51.640049914427536,0.5449424982070923,27.24712491035461,-0.16977549,-1.0,-1.0,-0.3795821,-20.0,1.0,120086
103278,51.62151203839308,0.5445848703384399,27.229243516922,-0.9510254,-1.0,-0.25410175,0.7243766,-20.0,1.0,160000
113605,51.61540371380801,0.544467031955719,27.22335159778595,-0.8602616,-1.0,-0.82179666,1.0,-20.0,1.0,146596
112257,51.61034275993005,0.5443693995475769,27.218469977378845,-1.0,-1.0,-0.05456239,-0.3570776,-20.0,1.0,157421
23817,51.60990710855066,0.5443609952926636,27.21804976463318,-1.0,-0.6405096,-1.0,1.0,-60.0,1.0,78039
40839,51.57144834775924,0.5436190962791443,27.18095481395721,-0.95947224,-0.9968633,-1.0,0.7076715,-53.28550219535828,1.0,86606
90053,51.56883430804608,0.5435686707496643,27.178433537483212,-0.4180956,-0.88014555,-0.25286883,-0.049639165,-24.47601795196533,1.0,160000
1385,51.56182023460778,0.5434333682060242,27.17166841030121,0.054609448,-0.29075432,-1.0,-0.136079,-60.0,1.0,103540
70207,51.55651483480097,0.5433310270309448,27.16655135154724,-0.7931671,0.24476528,-1.0,1.0,-40.2815318107605,1.0,160000
52973,51.55343416411838,0.5432716012001038,27.163580060005188,-1.0,-1.0,-0.7677376,-0.47873077,-34.44412171840668,1.0,160000
37755,51.54591010868855,0.5431264638900757,27.156323194503784,-1.0,-1.0,-0.94871867,-0.45661062,-60.0,1.0,123443
96499,51.529814261171566,0.5428159832954407,27.140799164772037,-1.0,-1.0,-1.0,0.06091416,-32.121809124946594,1.0,160000
66918,51.52777483307331,0.5427766442298889,27.13883221149445,-0.110109925,-1.0,-1.0,-0.031031072,-47.3307204246521,1.0,118935
42648,51.50476910209972,0.5423328876495361,27.116644382476807,0.17971182,-1.0,-1.0,0.73993325,-20.0,1.0,160000
75444,51.46018644578864,0.5414729714393616,27.07364857196808,0.11796284,-1.0,-1.0,-0.2262029,-50.70215106010437,1.0,136591
101219,51.45710849007576,0.5414136052131653,27.070680260658264,-1.0,-1.0,-0.7753775,1.0,-30.760987997055054,1.0,160000
35126,51.400961498589226,0.540330708026886,27.0165354013443,-1.0,-1.0,-0.32861,-0.7033678,-20.0,1.0,107970
66215,51.38992818018307,0.5401179194450378,27.00589597225189,-1.0,-0.8878182,-0.33724457,-0.8660089,-20.0,1.0,160000
78373,51.387817306344765,0.5400772094726562,27.00386047363281,-0.16212183,-1.0,-1.0,0.48477757,-20.0,1.0,160000
89877,51.38262508883079,0.5399770736694336,26.99885368347168,-0.4668105,-0.25403458,-0.9421904,0.438117,-30.78918039798737,1.0,112283
99431,51.3810025138057,0.5399457812309265,26.99728906154633,-1.0,-1.0,-1.0,0.35365468,-34.08688545227051,1.0,153225
114179,51.37948810741861,0.5399165749549866,26.99582874774933,-1.0,-0.30201977,-1.0,0.43618804,-20.0,1.0,127751
89439,51.37449981752223,0.5398203730583191,26.991018652915955,-1.0,-0.72474146,-0.5486249,0.8719864,-26.621145009994507,1.0,148393
71532,51.3707477619391,0.5397480130195618,26.98740065097809,-1.0,-1.0,-1.0,0.2928381,-20.0,1.0,160000
44290,51.34923027223821,0.5393330454826355,26.96665227413177,-1.0,0.47956854,-0.55541307,-0.16526434,-42.84729480743408,1.0,138074
107368,51.33254623809549,0.5390112996101379,26.950564980506897,-1.0,-1.0,0.026946664,0.43564957,-20.0,1.0,75511
76790,51.32901343007436,0.5389431715011597,26.947158575057983,-0.8872194,-0.16880971,-1.0,0.062585056,-20.0,1.0,160000
77314,51.3154754875797,0.5386821031570435,26.934105157852173,0.18671101,-0.83619726,-0.68454754,-0.17859775,-20.0,1.0,160000
110888,51.27737017226508,0.5379472970962524,26.897364854812626,-0.82008713,-0.37215275,-0.20999569,0.59530324,-20.0,1.0,132608
89367,51.26035694393143,0.5376192331314087,26.880961656570435,-0.96947885,-1.0,-0.5936227,0.74095905,-31.51274025440216,1.0,105337
101245,51.251269056776486,0.537443995475769,26.87219977378845,-0.9150895,0.16578513,-1.0,-0.36863708,-20.0,1.0,160000
107632,51.23652419733388,0.5371596813201904,26.85798406600952,-1.0,0.09326184,-1.0,0.005545497,-20.0,1.0,160000
77581,51.21423017964408,0.5367298126220703,26.83649063110352,-1.0,-1.0,0.37999767,-0.87744665,-20.0,4.933255672454834,127409
80309,51.21265980591923,0.5366995334625244,26.83497667312622,-1.0,-0.45928976,-1.0,-0.42048353,-20.0,1.0,160000
89369,51.16882716399019,0.5358543992042542,26.792719960212708,-0.7274973,-0.25098944,-0.89163935,0.81115264,-42.8622031211853,1.0,132790
8217,51.11952908580902,0.5349039435386658,26.74519717693329,-0.026203346,-0.66230494,0.3152976,0.19808024,-37.4577733874321,1.0,102378
18009,51.11114445063387,0.5347422957420349,26.737114787101746,-0.86545557,0.2878307,-1.0,0.31434977,-60.0,1.0,132817
75420,51.10582362258874,0.5346397161483765,26.731985807418823,-1.0,-0.36670208,-0.72386396,1.0,-52.46583223342896,1.0,160000
63637,51.10565976152433,0.5346365571022034,26.73182785511017,-0.090397894,-1.0,-0.58072513,1.0,-37.0279061794281,1.0,117805
60733,51.078637666582125,0.5341156125068665,26.705780625343323,-0.4205588,0.05791858,-0.1082913,0.7700369,-20.0,1.0,108012
25084,51.06668766116807,0.5338852405548096,26.69426202774048,-0.85440964,-0.73219275,1.0,-0.45295346,-20.0,1.0,160000
102468,51.04896482643397,0.533543586730957,26.67717933654785,-1.0,-1.0,-0.891582,0.5195043,-20.0,1.0,152946
70310,51.038405754955534,0.5333400368690491,26.667001843452454,-0.50539225,-0.84744835,1.0,-0.9020033,-23.340669870376587,5.10151332616806,160000
72500,50.96422841764112,0.5319101810455322,26.59550905227661,0.17835426,-1.0,-0.17865539,-0.05002159,-20.0,1.3753793239593506,160000
50044,50.96280287063358,0.5318827033042908,26.59413516521454,-0.6277019,0.078802854,-1.0,-0.3823769,-42.25826978683472,1.0,160000
103685,50.9563059295358,0.5317574739456177,26.587873697280884,-0.10012376,-1.0,0.403575,0.25594485,-20.0,1.0,138715
54222,50.92699324308285,0.5311924815177917,26.559624075889587,-0.34927788,-1.0,-1.0,1.0,-34.09046471118927,1.0,160000
105828,50.92699324308285,0.5311924815177917,26.559624075889587,-0.16568267,-1.0,-1.0,1.0,-37.03209400177002,1.0,160000
79865,50.861953319835614,0.5299389362335205,26.496946811676025,-1.0,-0.4528579,-1.0,1.0,-46.09475612640381,1.0,160000
6018,50.85500397573412,0.5298050045967102,26.49025022983551,0.23846775,-0.35129666,-1.0,1.0,-42.2284460067749,1.0,160000
80025,50.8418597366874,0.5295516848564148,26.47758424282074,-0.6703608,-0.07668376,-0.9721687,1.0,-20.0,1.0,160000
42452,50.84044942356714,0.5295245051383972,26.47622525691986,-1.0,-0.9212649,-1.0,-0.69844174,-40.262542963027954,1.897197723388672,160000
70357,50.82482446238897,0.5292233824729919,26.4611691236496,-0.8561648,-1.0,-1.0,-0.57145786,-20.0,1.0,160000
35976,50.821409938469984,0.5291575789451599,26.457878947258,-1.0,-0.010672301,1.0,-0.70540875,-35.54019570350647,1.0,160000
16185,50.78846702925386,0.5285227298736572,26.42613649368286,0.12357717,-0.15722886,1.0,-0.88653696,-49.25797820091248,1.0,89922
66322,50.77049025084824,0.5281763076782227,26.408815383911133,-0.19474739,-0.6454721,-0.47780243,1.0,-56.33288621902466,1.0,160000
97472,50.76719611114531,0.5281128287315369,26.405641436576843,-1.0,-1.0,-1.0,-0.31604362,-43.57236623764038,1.0,122867
81619,50.76637334723699,0.5280969738960266,26.40484869480133,-1.0,-1.0,0.34414285,0.3621984,-24.81720924377441,1.0,116927
23571,50.76197185432724,0.5280121564865112,26.40060782432556,-0.7098061,-1.0,0.46559474,0.12768757,-28.2291042804718,1.0,148983
105191,50.73655837285215,0.5275224447250366,26.37612223625183,-0.9945531,-0.10076803,-1.0,0.98080313,-54.990280866622925,1.0,125205
110333,50.708499230325046,0.526981770992279,26.349088549613956,-0.81896114,-0.8227879,-0.40713668,1.0,-46.15616321563721,1.0,160000
114784,50.70401387685676,0.5268953442573547,26.344767212867737,0.051636577,-0.5233899,-1.0,0.24995077,-39.81782197952271,1.0,160000
82348,50.6814691546656,0.5264609456062317,26.323047280311584,-1.0,-1.0,-0.925826,-0.520924,-25.36003947257996,1.0,158139
20397,50.67772607097646,0.5263888239860535,26.319441199302677,0.23733915,0.07469599,-1.0,0.67088044,-24.67803716659546,1.0,76423
62332,50.67074718051123,0.5262543559074402,26.31271779537201,-1.0,-1.0,-0.11983675,-0.9055122,-46.25939130783081,1.0,160000
42990,50.65678920367721,0.5259854197502136,26.29927098751068,-1.0,0.43362352,-0.8465109,1.0,-28.65455389022827,1.0,76310
9086,50.64388279212894,0.5257367491722107,26.28683745861053,0.027816847,-0.27106178,-1.0,-0.25204605,-57.87130117416382,1.0,81756
57585,50.641680141545024,0.5256943106651306,26.28471553325653,0.52253526,0.09942359,-1.0,-0.4998836,-25.67011833190918,1.0,160000
71669,50.6373305062214,0.5256105065345764,26.28052532672882,-0.4374233,-0.9002396,-1.0,0.7272544,-47.19281911849976,1.0,125477
11969,50.6155633857759,0.5251911282539368,26.25955641269684,-0.37530088,-0.5934607,0.049530834,0.6243317,-42.75425523519516,1.0,142342
108292,50.60838281865124,0.5250527858734131,26.25263929367065,-1.0,-1.0,-1.0,-0.7422203,-20.0,1.0,160000
61744,50.59180011479596,0.524733304977417,26.23666524887085,-1.0,-0.17102277,-0.39044172,1.0,-32.39677965641022,1.0,160000
43888,50.56845066798513,0.5242834687232971,26.214173436164856,-0.4837231,-0.7815337,-0.62711596,-0.5043442,-27.297745943069454,1.764111578464508,160000
63918,50.539562172602174,0.5237269401550293,26.186347007751465,-0.824862,-0.3357141,0.1618925,0.84285134,-20.0,1.0,160000
50049,50.535737928195886,0.5236532688140869,26.182663440704346,-0.6376655,-0.84818447,-1.0,-0.15809149,-20.0,1.0,160000
78937,50.50674604608925,0.5230947732925415,26.154738664627075,-0.94621646,-0.56230617,-1.0,-0.71177274,-55.51055192947388,1.0,160000
77474,50.44108155792144,0.5218299031257629,26.091495156288147,0.0008560419,-1.0,-1.0,0.9551711,-20.0,1.0,108826
76377,50.440369833017925,0.5218161940574646,26.09080970287323,-1.0,-1.0,-1.0,-0.26668257,-26.42979741096497,1.0,160000
114966,50.43734654171256,0.521757960319519,26.087898015975952,0.1507926,-0.75310534,-1.0,-0.57988775,-20.0,1.0,160000
96416,50.41988423764599,0.5214216113090515,26.071080565452576,-0.8636457,-1.0,-1.0,-0.8544569,-20.0,1.0,160000
55765,50.40714698364556,0.521176278591156,26.0588139295578,-1.0,0.007223122,0.5762336,0.43673164,-60.0,1.0,160000
69887,50.40530260100268,0.5211407542228699,26.057037711143494,-0.59154624,-0.17949796,-1.0,0.14359885,-32.15925633907318,1.0,101296
96713,50.3870411052155,0.5207890272140503,26.039451360702515,0.06651068,-1.0,-1.0,1.0,-20.0,1.0,86266
65192,50.36720701340377,0.5204070210456848,26.02035105228424,-0.38102967,-1.0,-1.0,-0.40041298,-20.338830947875977,1.0,160000
59318,50.31181477132527,0.5193402171134949,25.967010855674744,-0.08694804,-0.39099726,-0.768381,-0.6090606,-27.97846555709839,1.0,160000
102467,50.30357273381272,0.519181489944458,25.9590744972229,-1.0,-1.0,-0.8589995,0.5325251,-59.9744176864624,1.0,137597
72798,50.258405450034246,0.5183116793632507,25.915583968162537,-1.0,-0.7325851,-0.33390838,-0.6407433,-20.0,1.0,138526
112256,50.2561335477056,0.5182679295539856,25.91339647769928,-0.7256125,-1.0,0.42720258,-0.45457006,-20.0,1.0115400552749634,150478
111293,50.23512275618768,0.5178633332252502,25.893166661262512,-0.5237329,-1.0,-1.0,-0.91622853,-32.193138003349304,1.0,118360
95502,50.23402700871917,0.5178422331809998,25.892111659049988,-1.0,-1.0,-1.0,-0.7226801,-54.62429285049439,1.0,160000
101622,50.23117000963016,0.5177872180938721,25.889360904693604,-1.0,-0.26120776,-1.0,0.7145913,-29.71101403236389,1.0,152796
109517,50.22347184212876,0.5176389813423157,25.881949067115784,-1.0,-0.90176034,-0.30237615,1.0,-39.80087995529175,1.0,160000
112284,50.1660688440788,0.5165336728096008,25.82668364048004,-0.7511565,-0.85115933,-0.829365,-0.2831707,-20.0,1.0,145894
15679,50.16547138805713,0.5165221691131592,25.82610845565796,-0.79266196,-1.0,0.05793242,-0.19197248,-32.42537975311279,1.0,160000
55394,50.164685098029125,0.5165070295333862,25.82535147666931,-0.7270879,-1.0,-1.0,0.19614589,-51.37974262237549,1.0,98748
48510,50.14457868895984,0.5161198973655701,25.805994868278503,-0.9628071,-1.0,-1.0,-0.36160207,-31.932114362716675,1.0,121305
77464,50.14249836326295,0.516079843044281,25.80399215221405,-1.0,-1.0,0.53592193,0.20648932,-20.0,1.0,123076
67106,50.12031713496779,0.5156527757644653,25.782638788223267,-1.0,-0.4145332,0.32510048,-0.740696,-60.0,1.0,126858
69852,50.1046056616264,0.5153502821922302,25.76751410961151,-0.36140862,-0.80686027,-0.6156255,-0.66868806,-60.0,1.0,160000
62368,50.104336319080815,0.5153450965881348,25.76725482940674,-1.0,-1.0,-0.13958919,0.619069,-20.0,1.0,121309
52235,50.06665522690723,0.5146196484565735,25.730982422828674,-0.7804097,-0.54705447,0.04179263,-0.058787405,-20.0,1.0,131395
78535,50.06388115628381,0.5145662426948547,25.728312134742737,-0.6297652,-1.0,0.35512388,0.6439065,-26.233444213867188,1.0,88310
62664,50.01156499468284,0.513559103012085,25.677955150604248,-0.67312783,-1.0,-1.0,0.6339035,-22.805991172790527,1.0,98899
102622,50.00144313715421,0.5133642554283142,25.66821277141571,-1.0,-1.0,-0.81846917,0.03091991,-25.083976984024048,1.0,160000
68551,49.9772634209617,0.5128988027572632,25.64494013786316,-1.0,-1.0,0.3139513,0.04798925,-20.0,1.0,160000
100368,49.972055183796925,0.512798547744751,25.63992738723755,-1.0,-0.094249815,0.45574233,1.0,-25.045361518859863,1.0,160000
95484,49.93521866415736,0.5120894908905029,25.604474544525143,-1.0,-1.0,-1.0,1.0,-37.00179934501648,1.0,107477
52012,49.930502485193216,0.51199871301651,25.5999356508255,-1.0,-1.0,-1.0,1.0,-23.55461597442627,1.0,114542
103612,49.9282574119378,0.5119554996490479,25.597774982452396,-1.0,-1.0,-1.0,1.0,-60.0,1.0,160000
77813,49.9282574119378,0.5119554996490479,25.597774982452396,-0.16091311,-0.28412417,-1.0,1.0,-55.01709342002869,1.0,160000
72843,49.90152655751331,0.5114409923553467,25.57204961776733,-0.95348525,-0.8227434,1.0,-0.2970149,-27.547916173934937,1.0,160000
61598,49.88565540820522,0.5111355185508728,25.55677592754364,-1.0,-1.0,-0.49447253,-0.40101272,-20.0,1.0,160000
58892,49.87536761587865,0.510937511920929,25.546875596046448,0.4484896,-0.47793344,-0.47965488,-0.67928463,-43.790239095687866,1.0,160000
45590,49.86590655449311,0.5107554197311401,25.537770986557007,-1.0,-0.24502118,-1.0,-0.28630644,-20.30921697616577,1.0,123653
94651,49.861567740466455,0.5106719136238098,25.53359568119049,-0.14193398,-1.0,-1.0,-0.49034166,-48.07348132133484,1.0,149195
82203,49.84712031894654,0.5103938579559326,25.51969289779663,-1.0,-0.2943896,-0.1911543,-0.72835624,-60.0,1.0,160000
48001,49.81190638854045,0.5097161531448364,25.48580765724182,-0.2343881,0.11275714,1.0,-0.9340565,-45.37806272506714,1.0,116501
68500,49.80430589420624,0.5095698833465576,25.47849416732788,-0.16462588,-0.44071522,0.17798656,-0.5178376,-33.50926160812378,1.0551772117614746,160000
111002,49.79876497660644,0.5094632506370544,25.47316253185272,-0.6255963,-1.0,-0.67478377,-0.1136806,-29.009885787963867,1.0,160000
44910,49.79416557908708,0.509374737739563,25.46873688697815,0.024152279,-1.0,-0.19480377,-0.207627,-51.552913188934326,1.0,109786
86888,49.77423141011005,0.5089911222457886,25.44955611228943,-0.38099644,-0.6481588,0.41828483,0.47667834,-55.53128957748413,1.0,160000
53237,49.7710535364181,0.508929967880249,25.44649839401245,-0.48817536,-0.6436609,-0.5955632,-0.7052004,-34.3420672416687,1.0,160000
101347,49.74672033273663,0.5084617137908936,25.42308568954468,-0.77370536,-1.0,-1.0,-0.5987359,-20.0,1.0,160000
82677,49.7172876691167,0.5078953504562378,25.39476752281189,-0.5173837,-1.0,-1.0,-0.8969158,-20.0,3.908526659011841,160000
93786,49.7040887199087,0.5076413750648499,25.382068753242493,-0.7243409,-0.17703569,-1.0,-0.24701053,-20.0,1.0,160000
101623,49.68170476179189,0.5072106719017029,25.360533595085144,-1.0,-0.45018688,-0.8778783,1.0,-42.381770610809326,1.0,160000
83600,49.636442107406985,0.5063397884368896,25.31698942184448,-0.937979,-1.0,-1.0,-0.8578627,-20.0,1.0,160000
19321,49.62459235134847,0.5061118006706238,25.30559003353119,-0.66139346,-0.98820174,-0.49850902,1.0,-23.13410997390747,1.0,117922
70703,49.611057048375,0.5058513879776001,25.292569398880005,-1.0,-0.051647663,0.26082176,-0.2775442,-51.031813621521,1.0,138840
109182,49.59574315533135,0.5055567622184753,25.277838110923767,-0.7280203,0.19928062,-1.0,1.0,-20.0,1.0,160000
30308,49.57048053069031,0.5050707459449768,25.25353729724884,-0.26512647,0.0086731315,-1.0,0.36191964,-20.0,1.0,160000
38280,49.53551904999487,0.5043981671333313,25.219908356666565,-0.4029562,-0.26767412,0.23754339,0.015849113,-60.0,1.0,120987
76525,49.53289779684887,0.5043477416038513,25.21738708019257,-0.8529224,0.32379043,-0.58730364,0.30962938,-20.0,1.6801265478134155,160000
67401,49.52913321367261,0.5042753219604492,25.21376609802246,-1.0,-0.0039266497,-0.5598229,-0.36023176,-22.48037576675415,1.0,160000
87880,49.5199339108767,0.5040983557701111,25.204917788505558,-0.26422948,-1.0,-1.0,-0.5285939,-60.0,1.0,160000
74124,49.51187473699861,0.5039433240890503,25.197166204452515,-0.69117373,0.23237258,-0.9871448,0.8294077,-60.0,1.0,160000
74563,49.502861115918826,0.5037699341773987,25.18849670886993,-0.71762717,-1.0,-1.0,1.0,-20.0,1.6919091939926147,160000
93673,49.49037694659965,0.5035297870635986,25.17648935317993,-0.86358654,-1.0,-1.0,0.38207495,-33.28619718551636,1.0,160000
50124,49.48748594123237,0.5034741759300232,25.17370879650116,-0.94566566,-1.0,-0.46088907,-0.9283736,-40.92517614364624,1.0,160000
108103,49.465191015009125,0.5030453205108643,25.152266025543213,-0.4069348,-1.0,-1.0,0.05407405,-28.7674617767334,1.0,160000
106992,49.45171145073209,0.5027860403060913,25.139302015304565,-0.9530309,-0.8797543,-1.0,0.4228357,-31.693257093429565,1.0,160000
16430,49.43611200921351,0.502485990524292,25.1242995262146,-0.307099,-1.0,0.24752235,-0.66583973,-20.0,1.0,150438
97918,49.428154111504426,0.5023329257965088,25.11664628982544,-0.8082148,-0.80096006,-0.40386415,1.0,-20.0,1.0,160000
46224,49.4256749966801,0.5022852420806885,25.114262104034424,-0.3178547,-1.0,-0.99068487,-0.9491097,-20.481066703796387,1.0,160000
113263,49.40818458541851,0.5019488334655762,25.09744167327881,-1.0,-1.0,-0.29886842,1.0,-20.0,1.0,100459
73542,49.40016128231218,0.5017945170402527,25.089725852012634,-0.772646,-0.31995994,0.25414383,-0.5149396,-20.0,1.0,160000
92439,49.32614037104246,0.5003709197044373,25.018545985221863,-0.9081366,-0.1873467,-1.0,0.7519349,-20.0,1.0,160000
