step,reward,score,bonus,dsp_jitter,dsp_shimmer,dsp_tilt,dsp_harmonics,dsp_threshold,dsp_ratio,dsp_bitrate
152046,73.69554695934973,0.9744290113449096,48.72145056724548,-0.9453623,0.06757021,-1.0,1.0,-20.0,1.0,160000
119896,73.69229569951074,0.9743652939796448,48.71826469898224,-0.97068363,-0.5412249,-0.8593349,1.0,-20.686323642730716,1.0,160000
126248,73.691222083302,0.9743442535400392,48.71721267700195,-1.0,0.1000936,-1.0,0.7637484,-20.0,1.0,109061
171492,73.68633757987587,0.9742485284805298,48.71242642402649,-0.9302211,-1.0,-0.75665325,1.0,-20.0,1.0,160000
134008,73.6858174983073,0.9742383360862732,48.71191680431366,-1.0,-1.0,-0.194682,0.45768654,-20.0,1.0,160000
144174,73.68435761963525,0.974209725856781,48.71048629283905,0.1845001,-0.97598475,-1.0,1.0,-20.0,1.0,160000
145696,73.68414776200524,0.9742056131362916,48.710280656814575,-1.0,-1.0,-1.0,1.0,-60.0,1.0,160000
171494,73.68414776200524,0.9742056131362916,48.710280656814575,-1.0,-1.0,-1.0,1.0,-42.13428616523743,1.0,160000
171496,73.68414776200524,0.9742056131362916,48.710280656814575,-0.5359012,-0.22948718,-1.0,1.0,-60.0,1.0,160000
145689,73.68414776200524,0.9742056131362916,48.710280656814575,-0.84752214,-0.7222187,-1.0,1.0,-32.542718052864075,1.0,160000
119889,73.68414776200524,0.9742056131362916,48.710280656814575,-1.0,-0.73107266,-1.0,1.0,-20.0,1.0,137999
145692,73.68414776200524,0.9742056131362916,48.710280656814575,-1.0,-1.0,-1.0,1.0,-20.0,1.0,159551
197295,73.68414776200524,0.9742056131362916,48.710280656814575,-0.26956034,-1.0,-1.0,1.0,-37.744340896606445,1.0,160000
197293,73.68414776200524,0.9742056131362916,48.710280656814575,-1.0,-1.0,-1.0,1.0,-22.216944694519043,1.0,160000
171497,73.68414776200524,0.9742056131362916,48.710280656814575,-0.21077037,-1.0,-1.0,1.0,-29.364473819732662,1.0,135686
156865,73.68400481549344,0.9742028117179872,48.71014058589935,-1.0,-1.0,-1.0,0.22210014,-50.48243761062622,1.0,160000
171490,73.68248714882627,0.974173069000244,48.70865345001221,0.290833,-0.7876637,-1.0,1.0,-20.0,1.0,160000
197290,73.67710079326974,0.9740675091743468,48.70337545871735,-1.0,-1.0,-1.0,1.0,-20.0,1.0,88824
164918,73.67670236672882,0.9740597009658812,48.70298504829407,-0.56051207,0.14756823,-0.7750384,1.0,-20.0,1.0,121681
159804,73.67572606936069,0.9740405678749084,48.70202839374542,-1.0,-0.33096063,-1.0,0.22364008,-20.0,1.0,160000
134004,73.67362748492684,0.9739994406700134,48.69997203350067,-1.0,-0.98607457,-1.0,0.29389215,-20.0,1.0,160000
146800,73.67326251353894,0.9739922881126404,48.69961440563202,-1.0,-1.0,-1.0,-0.37690377,-34.14101719856262,1.0,160000
187964,73.67297966067625,0.9739867448806764,48.69933724403381,-1.0,-1.0,-1.0,-0.4490466,-20.81089735031128,1.0,89060
131059,73.6720672318661,0.9739688634872437,48.69844317436218,-1.0,-1.0,-1.0,-0.035262346,-22.810816764831543,1.0,153324
197292,73.670002100081,0.9739283919334412,48.69641959667206,-0.05417347,-1.0,-1.0,0.87446916,-25.027660131454468,1.0,160000
126273,73.66998081005362,0.9739279747009276,48.69639873504639,-0.26172256,-1.0,-1.0,-0.75087893,-20.0,1.0,160000
124612,73.66755070429195,0.9738803505897522,48.69401752948761,-0.92458576,-0.9981145,-1.0,-0.874148,-34.03606057167053,1.0,160000
159814,73.66437240215853,0.973818063735962,48.690903186798096,-1.0,-1.0,-1.0,-0.44316816,-30.161083936691284,1.0,160000
203106,73.66435415352203,0.9738177061080932,48.69088530540466,-1.0,-1.0,-1.0,-0.7358848,-20.0,1.0,160000
124756,73.6634478044061,0.9737999439239502,48.68999719619751,-1.0,-0.9285395,-0.84265053,-0.4200039,-50.90187072753906,1.0,160000
135937,73.66317711618281,0.9737946391105652,48.68973195552826,-0.95429754,-1.0,-0.9209707,-0.682312,-29.8112952709198,1.001935958862305,160000
159338,73.66315582609657,0.9737942218780518,48.68971109390259,-1.0,-0.49935746,0.46598136,-0.7208108,-20.0,1.0,160000
131197,73.66308587295478,0.973792850971222,48.689642548561096,-1.0,-0.3615278,-0.66426575,-0.5930793,-20.0,1.0,160000
134000,73.66300983692885,0.9737913608551024,48.68956804275513,-1.0,-1.0,-0.84680825,0.35373902,-60.0,1.0,103686
134005,73.66198487107079,0.9737712740898132,48.68856370449066,-0.628169,-0.7879985,-1.0,-0.2350539,-20.0,1.0,91678
159800,73.661111976963,0.9737541675567628,48.687708377838135,-1.0,-0.7618906,-1.0,0.8063581,-60.0,1.0,149208
170454,73.66066184329551,0.973745346069336,48.6872673034668,-1.0,-0.7232383,0.78484684,-0.915529,-20.0,1.0,135565
152616,73.66010830042974,0.9737344980239868,48.68672490119934,-1.0,-1.0,-1.0,-0.54896605,-60.0,1.0,157127
116562,73.65888563937429,0.9737105369567872,48.68552684783936,-1.0,-1.0,0.07758939,-0.67673063,-20.0,1.0,123663
120702,73.65873052561503,0.9737074971199036,48.68537485599518,-0.48402375,-1.0,0.1915971,-0.22323668,-20.0,1.0,89725
159802,73.65795799811976,0.9736923575401306,48.68461787700653,-1.0,-0.7972539,-1.0,0.8446566,-24.830315113067627,1.0,160000
145690,73.65716113879654,0.9736767411231996,48.68383705615997,-1.0,-1.0,-0.0034736395,0.2968514,-20.0,1.0,129725
185616,73.6550169168212,0.9736347198486328,48.68173599243164,-1.0,-0.39583826,-1.0,0.11577308,-20.0,1.0,160000
119891,73.65442991672163,0.9736232161521912,48.68116080760956,-0.78524065,-1.0,-1.0,0.46914947,-20.0,1.0,160000
120530,73.653438403283,0.9736037850379944,48.68018925189972,-1.0,-0.41840488,-0.53740364,-0.7073616,-20.0,1.0,160000
155642,73.6529183147863,0.9735935926437378,48.67967963218689,-0.7086922,-1.0,-1.0,0.043145657,-20.0,1.0,144678
128489,73.6527054130309,0.9735894203186036,48.679471015930176,-1.0,-0.33335793,-0.054970622,-0.30434608,-20.0,1.0,160000
155647,73.65136109009407,0.9735630750656128,48.67815375328064,0.15859139,-1.0,-0.7828943,0.49715376,-20.0,1.0,160000
126241,73.64881234912208,0.973513126373291,48.67565631866455,-1.0,-1.0,-0.27178302,0.42204726,-46.952561140060425,1.0,160000
142624,73.64868764931724,0.9735106825828552,48.67553412914276,-1.0,-1.0,0.42727065,-0.12094891,-38.91877055168152,1.0,160000
149675,73.64646738344439,0.9734671711921692,48.67335855960846,-1.0,-1.0,-1.0,-0.3513751,-43.689717054367065,1.0,160000
128412,73.64544545217946,0.9734471440315248,48.67235720157623,-0.42347795,-1.0,-1.0,-0.6706377,-25.99311113357544,1.0,160000
176225,73.64514738881414,0.9734413027763368,48.67206513881683,-1.0,-1.0,-0.93936884,-0.02294314,-60.0,1.0,125030
176223,73.64390343009458,0.9734169244766236,48.67084622383118,-0.6117318,-0.20493978,-1.0,-0.35962105,-60.0,1.0,160000
135586,73.64341679570599,0.9734073877334596,48.670369386672974,-0.7247944,-1.0,-1.0,-0.22241807,-43.40868353843689,1.0,160000
171491,73.64192951876089,0.9733782410621644,48.668912053108215,-0.11455953,-1.0,-0.2556002,1.0,-20.0,1.0,160000
177843,73.64060648023406,0.973352313041687,48.66761565208435,-1.0,-1.0,0.3680945,0.6264627,-44.54713821411133,1.0,160000
199999,73.63978832501986,0.9733362793922424,48.66681396961212,-1.0,-1.0,-0.63010985,0.6264249,-53.99325489997864,1.0,160000
142620,73.63953284155167,0.9733312726020812,48.66656363010407,-1.0,-1.0,-0.6914517,-0.071834564,-27.195310592651367,1.0,151714
149256,73.63854132212681,0.9733118414878844,48.66559207439423,-1.0,-0.4168266,0.21501613,-0.17710674,-60.0,1.0,160000
144926,73.63825542381372,0.9733062386512756,48.66531193256378,-0.72302496,-0.562551,-1.0,-0.5821631,-38.163591623306274,1.0,160000
125451,73.63824325792731,0.9733060002326964,48.66530001163483,-1.0,-0.23668498,-0.2767442,-0.7136396,-60.0,1.0,160000
197930,73.6382371749841,0.973305881023407,48.66529405117035,-1.0,-1.0,-1.0,-0.32398367,-60.0,1.0,160000
197291,73.63801818901811,0.9733015894889832,48.66507947444916,-1.0,-1.0,-0.19185883,1.0,-20.0,1.0,99857
159799,73.63726998682101,0.9732869267463684,48.66434633731842,-1.0,-1.0,-0.83656406,1.0,-24.8902690410614,1.0,160000
115326,73.63649136965945,0.973271667957306,48.663583397865295,-0.5904499,-1.0,-0.78922725,-0.90350866,-32.7132511138916,1.0,140757
131198,73.63566713013077,0.9732555150985718,48.66277575492859,0.0032187104,-0.9479725,0.4130624,-0.71950185,-20.0,1.0,83709
129220,73.63552722228674,0.973252773284912,48.662638664245605,-0.8629321,-0.8113332,-1.0,-0.076741815,-20.0,1.0,160000
159801,73.635493766062,0.9732521176338196,48.66260588169098,-1.0,-1.0,-0.77920485,1.0,-21.36346459388733,1.0,160000
156052,73.63514399641247,0.9732452630996704,48.66226315498352,0.111162186,-0.42011932,-0.99179184,1.0,-48.28502535820007,1.0,117097
185604,73.63457828191781,0.9732341766357422,48.66170883178711,-1.0,-1.0,-0.9979485,1.0,-31.42747044563293,1.0,108076
159803,73.63401865024703,0.9732232093811036,48.661160469055176,-0.7455693,-0.60406995,-0.91128737,1.0,-23.171035051345825,1.0,160000
185601,73.63282030809009,0.973199725151062,48.6599862575531,-1.0,-1.0,-1.0,1.0,-20.0,1.0,154095
134002,73.63282030809009,0.973199725151062,48.6599862575531,-1.0,-1.0,-1.0,1.0,-20.0,1.0,160000
185599,73.63282030809009,0.973199725151062,48.6599862575531,-1.0,-1.0,-1.0,1.0,-20.789977312088013,1.0,160000
150421,73.63263173642862,0.973196029663086,48.6598014831543,-1.0,-0.9317075,-0.91894054,0.09931183,-20.0,1.0,160000
167428,73.63196261106187,0.9731829166412354,48.65914583206177,0.04760921,-1.0,-1.0,0.11372316,-60.0,1.0,160000
118973,73.63184703484376,0.973180651664734,48.65903258323669,-0.59319806,-0.18616647,-1.0,-0.097539425,-20.0,1.0,160000
171493,73.63022288425859,0.9731488227844238,48.65744113922119,-1.0,-1.0,-0.1134702,1.0,-20.0,1.0,160000
174207,73.62997044128132,0.9731438755989076,48.65719377994537,-1.0,-1.0,-1.0,0.53032947,-24.017579555511475,1.0,160000
148401,73.62851661254774,0.9731153845787048,48.65576922893524,-1.0,-1.0,-0.46883792,-0.07929134,-20.0,1.0,160000
177845,73.62839191171688,0.973112940788269,48.65564703941345,-1.0,-1.0,-0.15853065,1.0,-44.44441795349121,1.0,106196
115379,73.62682250559897,0.9730821847915648,48.65410923957825,-1.0,0.0533756,-1.0,-0.6351757,-33.19241762161255,1.0,119254
126246,73.62589789377503,0.9730640649795532,48.65320324897766,-1.0,-1.0,-0.7922353,1.0,-40.280795097351074,1.0,160000
203646,73.62476646041344,0.9730418920516968,48.65209460258484,-0.39237082,-1.0,-0.4899566,1.0,-20.0,1.0,160000
198494,73.62366848291823,0.9730203747749328,48.65101873874664,-1.0,-1.0,-1.0,-0.61082435,-20.0,1.0,135027
127543,73.62168543091205,0.9729815125465392,48.649075627326965,-1.0,-1.0,-1.0,-0.6797631,-20.0,1.0,160000
189156,73.6211622942273,0.972971260547638,48.6485630273819,-0.46920907,-1.0,-1.0,-0.78470564,-20.0,1.0,148320
148406,73.62079427358606,0.97296404838562,48.648202419281006,-1.0,-1.0,-0.95146805,0.30710912,-20.0,1.0,160000
171495,73.62061482548485,0.9729605317115784,48.64802658557892,-0.21685338,-1.0,-0.08423209,1.0,-60.0,1.0,152786
175845,73.61929785851189,0.9729347229003906,48.64673614501953,-1.0,-1.0,-1.0,-0.70463383,-20.0,1.0,160000
200004,73.61858310708877,0.9729207158088684,48.64603579044342,-0.6388726,-0.2661155,-1.0,0.6540215,-47.98623561859131,1.0,117671
141378,73.617421255397,0.9728979468345642,48.64489734172821,-1.0,-1.0,-1.0,-0.46533704,-60.0,1.0,160000
126242,73.61697719675233,0.972889244556427,48.64446222782135,-0.14455599,-1.0,-0.8411188,1.0,-23.211922645568848,1.0,160000
185607,73.61527699887318,0.9728559255599976,48.64279627799988,-1.0,-1.0,-0.4932769,1.0,-20.0,1.0,160000
192971,73.61515838037273,0.9728536009788512,48.642680048942566,-0.85181147,-1.0,-0.49353564,-0.518013,-30.80922245979309,1.0,160000
185602,73.61424288867714,0.972835659980774,48.641782999038696,-1.0,-1.0,-0.4919858,1.0,-23.05802822113037,1.0,158114
152040,73.6141729341482,0.972834289073944,48.641714453697205,-0.7965515,-1.0,-0.85613936,1.0,-25.663998126983643,1.0,160000
152047,73.61226287059084,0.9727968573570251,48.63984286785126,-0.7669786,-1.0,-1.0,1.0,-35.66281855106354,1.0,115236
194259,73.61166977730602,0.972785234451294,48.6392617225647,-0.11621249,-1.0,-1.0,0.5440326,-20.0,1.0,156625
138469,73.61035584705891,0.972759485244751,48.63797426223755,-0.48293543,-0.9676932,-1.0,-0.20079541,-60.0,1.0,121648
182666,73.61033759802277,0.9727591276168824,48.63795638084412,-1.0,0.07879877,1.0,0.23561943,-27.86728858947754,1.0,160000
137103,73.61032847350464,0.972758948802948,48.6379474401474,-1.0,-1.0,-1.0,-0.71258855,-60.0,1.0,160000
136821,73.60999999082972,0.9727525115013124,48.63762557506561,-1.0,-1.0,-1.0,0.24631083,-44.31163668632507,1.0,97895
198773,73.60971104769986,0.9727468490600586,48.63734245300293,-0.41899353,-1.0,-1.0,-0.5338924,-20.0,1.0,91472
177841,73.60964717605604,0.9727455973625184,48.63727986812592,-0.52413344,-0.9911918,-1.0,0.49041057,-31.502317190170288,1.0,160000
181328,73.6095103082423,0.9727429151535034,48.63714575767517,-0.59059745,-0.9761573,-1.0,-0.14976454,-24.99038577079773,1.0,160000
177848,73.60925178012896,0.9727378487586976,48.63689243793488,-1.0,-1.0,-1.0,0.71121645,-20.0,1.0,160000
203641,73.6089689199268,0.9727323055267334,48.63661527633667,-0.25025094,-1.0,-0.88467777,1.0,-20.07648468017578,1.0,160000
121002,73.60864652008688,0.9727259874343872,48.63629937171936,-1.0,-1.0,-1.0,0.23124897,-20.0,1.0,160000
177839,73.6084609880844,0.972722351551056,48.6361175775528,-1.0,-0.7568699,-1.0,0.35336757,-36.72234535217285,1.0,160000
186827,73.60769148635124,0.9727072715759276,48.63536357879639,-1.0,-1.0,-1.0,-0.6893463,-60.0,1.0,160000
116868,73.60766715427671,0.9727067947387696,48.63533973693848,-1.0,-0.76802135,-1.0,0.5416014,-20.0,1.0,160000
143786,73.60667866354558,0.9726874232292176,48.63437116146088,-1.0,-1.0,-1.0,-0.4981525,-27.78456926345825,1.0,160000
140907,73.60638972002619,0.972681760787964,48.63408803939819,-1.0,-0.82927597,-1.0,-0.35476613,-23.852158784866333,1.0,160000
137657,73.60516399082499,0.9726577401161194,48.63288700580597,-0.6663889,-1.0,-1.0,0.49378693,-20.0,1.0,160000
126762,73.60456177129178,0.972645938396454,48.63229691982269,-0.12654114,-1.0,-1.0,-0.18634093,-20.0,1.0,160000
141375,73.60322046362052,0.972619652748108,48.6309826374054,-1.0,-0.5963163,-0.31790745,-0.47894144,-20.0,1.0,160000
172277,73.60273686271637,0.9726101756095886,48.63050878047943,-1.0,-1.0,-1.0,-0.5436468,-20.0,1.0,121335
167420,73.60236883932316,0.9726029634475708,48.63014817237854,-0.8923168,0.061790347,-1.0,0.7412578,-24.377514123916622,1.0,160000
203645,73.60210422742796,0.9725977778434752,48.62988889217377,-1.0,-1.0,-1.0,0.88346136,-30.594115257263184,1.0,160000
203647,73.60178182668963,0.9725914597511292,48.62957298755646,-0.7054853,-0.31975603,-1.0,1.0,-20.0,1.0,160000
177846,73.60178182668963,0.9725914597511292,48.62957298755646,-1.0,-1.0,-1.0,1.0,-46.08054161071777,1.0,160000
177847,73.60178182668963,0.9725914597511292,48.62957298755646,-1.0,-1.0,-1.0,1.0,-37.81251311302185,1.0,154921
126240,73.60178182668963,0.9725914597511292,48.62957298755646,-1.0,-0.44473904,-1.0,1.0,-20.0,1.0,160000
152045,73.60178182668963,0.9725914597511292,48.62957298755646,-0.92300516,-0.9425352,-1.0,1.0,-20.0,1.0,160000
203648,73.60178182668963,0.9725914597511292,48.62957298755646,-0.37131357,-1.0,-1.0,1.0,-20.0,1.0,160000
203643,73.60178182668963,0.9725914597511292,48.62957298755646,-1.0,-0.31928205,-1.0,1.0,-50.15190601348877,1.0,160000
126243,73.60178182668963,0.9725914597511292,48.62957298755646,-1.0,-1.0,-1.0,1.0,-20.0,1.0,160000
141353,73.60152633928213,0.972586452960968,48.6293226480484,-1.0,-1.0,-1.0,-0.80392265,-20.0,1.0,160000
115555,73.60110660991226,0.972578227519989,48.62891137599945,-1.0,-1.0,-1.0,-0.8021529,-33.53088855743408,1.0,160000
158834,73.6010031983174,0.9725762009620668,48.62881004810333,-1.0,-1.0,-1.0,-0.43755126,-20.0,1.0,143759
129494,73.59817762688353,0.9725208282470704,48.62604141235352,-1.0,-0.3213252,-0.63229465,-0.32218707,-36.28817677497864,1.0,154534
166722,73.59715567559894,0.9725008010864258,48.62504005432129,-1.0,-1.0,-1.0,-0.5264121,-20.0,1.0,144969
126760,73.5964926236458,0.9724878072738647,48.62439036369324,-0.009525061,-1.0,-1.0,-0.6850978,-20.0,1.0,95188
162903,73.59627059244728,0.972483456134796,48.62417280673981,-1.0,-1.0,-0.20729017,-0.63640285,-20.0,1.0,129897
116820,73.59452171586864,0.9724491834640504,48.62245917320252,-1.0,-0.8384563,-1.0,0.14392185,-60.0,1.0,108015
150530,73.59351497070094,0.9724294543266296,48.62147271633148,-0.60143507,-1.0,-1.0,-0.8554678,-34.60527300834656,1.0,160000
152048,73.59308915691096,0.9724211096763612,48.62105548381805,-1.0,-1.0,0.14622533,1.0,-38.84219169616699,1.0,160000
152041,73.59182692274373,0.9723963737487792,48.619818687438965,-0.5970465,0.02849716,-1.0,1.0,-20.0,1.0,143713
155528,73.59177521675201,0.972395360469818,48.619768023490906,0.039934874,-1.0,-1.0,-0.096479654,-56.09512448310852,1.0,160000
170065,73.5909935436859,0.9723800420761108,48.61900210380554,-1.0,-1.0,0.43129826,-0.9131049,-48.02781939506531,1.0,156359
168460,73.59050081578907,0.9723703861236572,48.61851930618286,-1.0,-1.0,-1.0,0.7053982,-20.0,1.0,160000
135617,73.58845082335725,0.9723302125930786,48.61651062965393,-0.46104896,-1.0,-1.0,0.07166612,-20.0,1.0,160000
182207,73.5882439991002,0.972326159477234,48.616307973861694,-1.0,-1.0,-1.0,-0.87427163,-20.0,1.0,160000
161417,73.58328325325702,0.9722289443016052,48.61144721508026,-1.0,0.41391087,-1.0,0.59379065,-29.660580158233643,1.0,160000
174201,73.58239208203699,0.972211480140686,48.6105740070343,-1.0,-1.0,-1.0,1.0,-24.53131675720215,1.0,140135
122599,73.58239208203699,0.972211480140686,48.6105740070343,-0.7087282,-0.008918077,-1.0,1.0,-60.0,1.0,140488
122606,73.58239208203699,0.972211480140686,48.6105740070343,-1.0,-0.3431002,-1.0,1.0,-47.1883749961853,1.0,160000
174202,73.58239208203699,0.972211480140686,48.6105740070343,-1.0,-1.0,-1.0,1.0,-20.0,1.0,143670
174205,73.58239208203699,0.972211480140686,48.6105740070343,-0.064924836,-1.0,-1.0,1.0,-27.31810212135315,1.0,155679
174208,73.58239208203699,0.972211480140686,48.6105740070343,-1.0,-0.9856121,-1.0,1.0,-20.0,1.0,160000
200006,73.58239208203699,0.972211480140686,48.6105740070343,-1.0,-1.0,-1.0,1.0,-20.0,1.0,160000
200005,73.58239208203699,0.972211480140686,48.6105740070343,-1.0,-1.0,-1.0,1.0,-59.34430718421936,1.0,160000
200000,73.58239208203699,0.972211480140686,48.6105740070343,-1.0,-1.0,-1.0,1.0,-31.986218094825745,1.0,153841
148403,73.58239208203699,0.972211480140686,48.6105740070343,-1.0,-1.0,-1.0,1.0,-20.0,1.0,160000
174200,73.58239208203699,0.972211480140686,48.6105740070343,-1.0,-0.50058234,-1.0,1.0,-39.71004962921143,1.0,160000
200007,73.58239208203699,0.972211480140686,48.6105740070343,-1.0,-0.69693995,-1.0,1.0,-60.0,1.0,126884
148399,73.58239208203699,0.972211480140686,48.6105740070343,-1.0,-0.59750944,-1.0,1.0,-49.41586971282959,1.0,160000
181315,73.5822065480564,0.9722078442573548,48.61039221286774,-0.062680244,-1.0,0.28672612,-0.38902462,-20.0,1.0,83876
162692,73.57873918912466,0.9721398949623108,48.60699474811554,-1.0,-0.4249394,-1.0,-0.68195784,-20.0,1.0,160000
203103,73.57621166387737,0.9720903635025024,48.60451817512512,-0.31458867,-1.0,-1.0,-0.5446633,-25.401382446289062,1.0,160000
188422,73.57514103868179,0.9720693826675416,48.60346913337708,-1.0,0.084664226,-1.0,-0.48055005,-40.78207492828369,1.0,160000
137188,73.57445668994623,0.972055971622467,48.60279858112335,-0.6318617,-1.0,-1.0,0.5488789,-20.0,1.0,160000
184626,73.57292374808787,0.9720259308815002,48.60129654407501,-1.0,-1.0,-1.0,0.5597011,-20.0,1.0,160000
137180,73.57260134352785,0.972019612789154,48.6009806394577,0.10661185,-1.0,-0.923318,1.0,-36.52269959449768,1.0,62105
116863,73.5713999299368,0.9719960689544678,48.59980344772339,-1.0,-1.0,-0.6706109,0.8328361,-20.0,1.0,145882
115818,73.56573959117432,0.9718851447105408,48.59425723552704,-0.5650182,-0.3883113,-0.5975839,-0.24016929,-20.0,1.0,98293
163449,73.56484233047537,0.971867561340332,48.5933780670166,-1.0,0.12229216,-1.0,1.0,-26.89886212348938,1.0,160000
187866,73.56391769537873,0.9718494415283204,48.592472076416016,-1.0,-1.0,-1.0,-0.49110937,-59.17770147323608,1.0,160000
133811,73.56325767603462,0.971836507320404,48.5918253660202,-1.0,-1.0,-1.0,0.06273866,-55.08850693702698,1.0,131398
129755,73.56265544624812,0.9718247056007384,48.591235280036926,-0.724368,-1.0,-0.9320688,-0.77928996,-33.6594557762146,1.0,160000
171498,73.56065105412877,0.9717854261398317,48.58927130699158,-0.8469939,0.4285289,-0.5942348,0.3307997,-20.0,1.0,106808
194268,73.5552096839763,0.9716787934303284,48.58393967151642,-0.46933132,-1.0,-0.844008,1.0,-20.0,1.0,160000
143574,73.55214377531057,0.9716187119483948,48.58093559741974,-1.0,-0.39844972,-0.3799352,0.056509018,-20.0,1.0,98072
168535,73.54910523705666,0.9715591669082642,48.57795834541321,-0.86952823,-1.0,-0.8748642,-0.46272552,-49.5277202129364,1.0,160000
142667,73.54844521373619,0.971546232700348,48.5773116350174,-1.0,-0.32715023,-0.877684,1.0,-28.54466199874878,1.0,160000
184439,73.5481593049617,0.971540629863739,48.57703149318695,-0.92658305,-1.0,-1.0,-0.9813882,-50.230833292007446,1.0,158861
171489,73.54664763780337,0.9715110063552856,48.57555031776428,-1.0,0.037475407,0.20136058,1.0,-20.0,1.0,160000
114705,73.54280611325554,0.9714357256889344,48.57178628444672,-1.0,-1.0,-1.0,-0.586164,-20.0,1.0,160000
194263,73.54040629796077,0.9713886976242064,48.56943488121033,-1.0,-1.0,-1.0,1.0,-28.111947774887085,1.0,155460
168464,73.54040629796077,0.9713886976242064,48.56943488121033,-1.0,-1.0,-1.0,1.0,-28.539726734161377,1.0,160000
194267,73.54040629796077,0.9713886976242064,48.56943488121033,-1.0,-1.0,-1.0,1.0,-24.831175804138184,1.0,145773
168467,73.54040629796077,0.9713886976242064,48.56943488121033,-1.0,-1.0,-1.0,1.0,-20.0,1.0,160000
142665,73.54040629796077,0.9713886976242064,48.56943488121033,-0.7129145,-1.0,-1.0,1.0,-35.26983380317688,1.0,160000
168462,73.54040629796077,0.9713886976242064,48.56943488121033,-1.0,-1.0,-1.0,1.0,-20.0,1.0,160000
194265,73.54040629796077,0.9713886976242064,48.56943488121033,-0.6870603,-0.72097147,-1.0,1.0,-31.48923337459564,1.0,160000
142668,73.54040629796077,0.9713886976242064,48.56943488121033,-0.595015,-0.9366236,-1.0,1.0,-20.0,1.0,160000
168466,73.54040629796077,0.9713886976242064,48.56943488121033,-0.73745257,-0.9351879,-1.0,1.0,-51.82665228843689,1.0,160000
142659,73.54040629796077,0.9713886976242064,48.56943488121033,-0.6111543,-1.0,-1.0,1.0,-20.0,1.0,160000
142662,73.54040629796077,0.9713886976242064,48.56943488121033,-1.0,-0.31347406,-1.0,1.0,-45.14964580535889,1.0,160000
160007,73.53538462364469,0.9712902903556824,48.56451451778412,-1.0,-1.0,-1.0,-0.4477527,-20.0,1.0,160000
142621,73.53277493057676,0.9712391495704652,48.56195747852325,-1.0,-1.0,-1.0,0.27645075,-60.0,1.0,160000
160004,73.53166778722549,0.9712174534797668,48.56087267398834,-0.4592492,-0.034167767,-1.0,-0.43183315,-42.34322905540466,1.0,160000
152042,73.52707800355901,0.9711275100708008,48.55637550354004,-0.89077693,-1.0,0.38587004,1.0,-20.0,1.0,120983
154515,73.52655484675823,0.9711172580718994,48.55586290359497,-0.6637633,-1.0,-0.49663794,-0.17410076,-45.12083888053894,1.0,160000
122123,73.52621114484589,0.9711105227470398,48.55552613735199,-1.0,-0.85349625,-0.9917655,-0.3030051,-37.50561475753784,1.0,160000
194261,73.525459867047,0.9710958003997804,48.55479001998901,-0.19586706,-1.0,-0.7394985,1.0,-20.0,1.0,160000
154509,73.52426147202567,0.9710723161697388,48.55361580848694,-1.0,-1.0,-0.86946,-0.18740475,-20.0,1.0,121377
197525,73.52336115456907,0.9710546731948853,48.55273365974426,-1.0,-1.0,-1.0,-0.6471956,-23.38878631591797,1.0,160000
125548,73.5233124887512,0.9710537195205688,48.55268597602844,-1.0,-0.66500187,-1.0,-0.64194036,-33.53473901748657,1.0,160000
116864,73.52259770944013,0.9710397124290466,48.55198562145233,-0.22465217,-0.3032574,-0.56742203,1.0,-42.6529324054718,1.0,160000
184280,73.52156356028135,0.971019446849823,48.55097234249115,-1.0,-1.0,-1.0,-0.6573036,-20.0,1.0,160000
124615,73.52140843786997,0.9710164070129396,48.55082035064697,0.1720891,-1.0,0.19846278,-0.8599855,-31.74543559551239,1.5170047283172607,130064
120023,73.52118031665896,0.9710119366645812,48.550596833229065,0.13066244,-1.0,-1.0,-0.9099312,-27.53666520118713,1.0,160000
175213,73.51482028876225,0.970887303352356,48.5443651676178,0.109702826,-0.039350152,-0.8641541,1.0,-60.0,1.0,160000
116866,73.51228053126793,0.9708375334739684,48.541876673698425,-0.8149121,-0.666832,-0.5193365,0.99999404,-20.0,1.0,160000
200003,73.50628851814186,0.970720112323761,48.53600561618805,-1.0,-0.60053873,-0.5715916,1.0,-20.0,1.0,160000
197128,73.50499278139971,0.9706947207450868,48.53473603725433,-0.4919263,-1.0,-0.52678454,-0.6197152,-20.0,1.0,160000
197297,73.50251080488437,0.97064608335495,48.5323041677475,-0.6488132,-1.0,-1.0,1.0,-20.0,1.0,71737
197820,73.50204847564821,0.970637023448944,48.531851172447205,-1.0,-1.0,-1.0,-0.08788228,-20.0,1.0,160000
177844,73.50015657483993,0.9705999493598938,48.52999746799469,-1.0,-0.1992011,0.42393243,1.0,-40.64127445220947,1.0,150415
176804,73.49863271155246,0.9705700874328612,48.528504371643066,-1.0,-1.0,-1.0,0.5073556,-30.52092432975769,1.0,154647
167055,73.497409970266,0.9705461263656616,48.52730631828308,-1.0,-0.7099823,-1.0,0.05408609,-46.27987265586853,1.0,160000
128876,73.49632106084607,0.970524787902832,48.5262393951416,-1.0,-1.0,-0.18706346,-0.606223,-42.13986039161682,1.0,160000
175214,73.49379040915376,0.9704751968383788,48.52375984191895,-1.0,-1.0,0.18745959,0.651585,-20.0,1.0,160000
201012,73.48873213959182,0.9703760743141174,48.51880371570587,-0.6073785,-0.23769444,-1.0,0.32681572,-24.32433843612671,1.0,112123
142840,73.48648739605878,0.9703320860862732,48.51660430431366,-0.30836427,-0.5274444,-1.0,-0.35135484,-47.087109088897705,1.0,160000
123738,73.4863535630461,0.9703294634819032,48.516473174095154,-1.0,-1.0,-1.0,-0.5483657,-29.514689445495605,1.0,160000
168327,73.48585168918348,0.9703196287155152,48.51598143577576,-1.0,-1.0,-1.0,-0.61999977,-31.463807821273804,1.0,154654
137258,73.48541369009216,0.9703110456466676,48.515552282333374,-1.0,0.13989246,-1.0,-0.3042189,-20.0,1.0,160000
149418,73.48216215272451,0.9702473282814026,48.51236641407013,-0.79637104,-0.8089537,-1.0,0.59325504,-33.1694620847702,1.0,160000
125315,73.48166940299971,0.970237672328949,48.51188361644745,-0.97858185,0.05287075,-0.5347061,-0.44206703,-20.0,1.0,160000
151674,73.4809819865515,0.9702242016792296,48.51121008396149,-1.0,-1.0,-1.0,-0.56972253,-23.61178159713745,1.0,160000
124248,73.47674494197528,0.9701411724090576,48.50705862045288,-1.0,-1.0,-1.0,-0.27569127,-48.57033014297485,1.0,160000
151215,73.4743420204037,0.9700940847396852,48.50470423698425,-1.0,-1.0,-0.6980996,-0.8281605,-20.0,1.0,160000
175215,73.4714676364416,0.9700377583503724,48.501887917518616,-1.0,-1.0,-1.0,0.6271969,-45.9430468082428,1.0,160000
180318,73.4668199481502,0.9699466824531556,48.497334122657776,-1.0,-1.0,-1.0,-0.10925555,-53.42241764068604,1.0,140271
166247,73.46643669597353,0.9699391722679138,48.49695861339569,-1.0,-0.25492156,-1.0,-0.5203787,-20.0,1.0,160000
119085,73.46195020770028,0.96985125541687,48.49256277084351,-1.0,-1.0,-1.0,-0.24085104,-20.0,1.0,160000
203639,73.45806900850391,0.9697751998901368,48.48875999450684,0.18912208,-1.0,-1.0,1.0,-50.18607378005981,1.0,160000
155329,73.45364333890542,0.9696884751319884,48.48442375659943,-1.0,-1.0,-0.88263464,-0.19259715,-23.065941333770752,1.0,160000
129226,73.44719492627188,0.9695621132850648,48.47810566425324,-0.8090763,-0.7868717,-1.0,0.43790138,-22.09057927131653,1.0,126849
201278,73.44453038854533,0.9695098996162416,48.47549498081207,-1.0,-1.0,-0.5562513,0.12966621,-31.536706686019897,1.0,118733
159805,73.43977314730998,0.9694166779518129,48.47083389759064,-0.79148114,-0.58326423,-0.032039344,1.0,-20.0,1.0,139446
180348,73.43897925896567,0.9694011211395264,48.47005605697632,-1.0,0.043373466,-0.88491756,1.0,-22.782204151153564,1.0,160000
128558,73.43755573439304,0.9693732261657716,48.468661308288574,-1.0,-0.76269794,-1.0,-0.39582717,-26.4571213722229,1.0,160000
146830,73.43660063410876,0.969354510307312,48.4677255153656,-1.0,-1.0,-1.0,0.32845128,-48.191914558410645,1.0,156697
122601,73.43476647551113,0.9693185687065125,48.46592843532562,-0.60840076,-1.0,-1.0,1.0,-20.0,1.2989572286605835,139024
155022,73.43406383727617,0.9693048000335692,48.46524000167847,-1.0,-1.0,-1.0,0.45249307,-20.0,1.0,160000
145124,73.43393912657268,0.9693023562431335,48.46511781215668,-1.0,-1.0,-1.0,-0.4064803,-25.29173970222473,1.0,160000
145693,73.43362887064865,0.9692962765693665,48.46481382846832,-1.0,-1.0,0.85044146,1.0,-20.0,1.0,160000
142210,73.4336136620239,0.9692959785461426,48.46479892730713,-1.0,-0.9911323,-1.0,-0.41416204,-23.520575761795044,1.0,160000
121302,73.43313306943347,0.969286561012268,48.4643280506134,-0.9195932,-1.0,-0.62610745,-0.4794886,-24.011497497558597,1.0,131543
162660,73.42869822955528,0.9691996574401855,48.45998287200928,-1.0,-1.0,-1.0,-0.08466172,-20.0,1.0,160000
148408,73.42849747529652,0.9691957235336304,48.45978617668152,-1.0,-1.0,-0.37560213,0.75431,-20.0,1.0,160000
140074,73.42624659308552,0.9691516160964966,48.45758080482483,-0.25523895,0.16781986,-0.9037516,0.12424493,-20.0,1.0,160000
126744,73.42554395240357,0.9691378474235536,48.45689237117767,-1.0,0.017132998,-1.0,-0.09624195,-60.0,1.0,160000
142663,73.4252458623563,0.9691320061683656,48.456600308418274,-0.9176116,-1.0,-1.0,1.0,-53.34122896194458,1.0,85356
116416,73.42267559462535,0.9690816402435304,48.454082012176514,-1.0,-1.0,-1.0,-0.40512013,-60.0,1.0,160000
161579,73.41939051477637,0.9690172672271729,48.45086336135864,-1.0,-1.0,-1.0,-0.37550116,-20.0,1.0,160000
166738,73.40994892738048,0.96883225440979,48.4416127204895,-1.0,-1.0,-0.67317665,0.35365975,-20.0,1.0,160000
198275,73.4028312117438,0.9686927795410156,48.43463897705078,-1.0,-1.0,-1.0,-0.41832256,-41.58047556877136,1.0,160000
118128,73.40134987259286,0.96866375207901,48.4331876039505,-1.0,-1.0,-1.0,-0.42798233,-46.24293327331543,1.0,150707
157676,73.40023962808198,0.968641996383667,48.43209981918335,-0.4812252,-0.6004332,-1.0,-0.29308808,-20.0,1.0,139481
170569,73.39547925891252,0.9685487151145936,48.42743575572968,-0.63495225,-0.9971881,-0.7190606,0.4940449,-20.0,1.0,120483
152043,73.39532412851516,0.96854567527771,48.4272837638855,-1.0,-0.22764325,0.647969,1.0,-20.0,1.0,160000
120985,73.39365115301574,0.9685128927230836,48.425644636154175,-1.0,-0.26731443,0.1747455,-0.47194302,-52.49248266220093,1.0,97644
181856,73.39267170137344,0.9684937000274658,48.42468500137329,-1.0,0.22225595,-1.0,1.0,-20.0,1.0,160000
189257,73.38929836957504,0.96842759847641,48.421379923820496,-1.0,-0.8931388,0.066007376,0.3130511,-41.39812350273132,1.0,160000
115129,73.37793425269108,0.968204915523529,48.41024577617645,-0.39952204,-1.0,-1.0,0.38467813,-38.81124019622803,1.0,149175
202025,73.37728026683911,0.9681921005249025,48.40960502624512,-0.3270461,-1.0,-1.0,0.538213,-20.0,1.0,160000
203151,73.37173202633045,0.968083381652832,48.4041690826416,-1.0,-0.9227782,-0.7614394,-0.21637571,-20.0,1.0,160000
137187,73.3696270984516,0.9680421352386476,48.40210676193237,-1.0,-1.0,-1.0,0.76936966,-46.93516731262207,1.0,102828
116932,73.36950238445962,0.9680396914482116,48.40198457241058,-1.0,-1.0,-1.0,-0.3055327,-20.0,1.0,160000
175210,73.36588871772896,0.9679688811302184,48.398444056510925,-0.647643,-1.0,-1.0,0.9222391,-20.0,1.0,127153
178488,73.36317542235649,0.9679157137870787,48.39578568935394,-1.0,-1.0,-1.0,-0.31374395,-23.70602488517761,1.0,160000
182659,73.3629989972166,0.967912256717682,48.395612835884094,-1.0,-1.0,0.56805307,0.76914585,-20.0,1.0,139055
172636,73.36297466271353,0.9679117798805236,48.39558899402618,-1.0,-1.0,-1.0,0.38629246,-47.55975127220154,1.0,160000
123874,73.3565473035954,0.9677858352661132,48.389291763305664,0.10249734,0.07558578,-1.0,0.8794661,-20.0,1.0,144999
152543,73.35488342698953,0.9677532315254213,48.38766157627106,-0.9338622,-0.5271623,-1.0,-0.19826686,-28.487485647201535,1.0557565689086914,94174
128172,73.35404084187687,0.9677367210388184,48.38683605194092,-0.95172375,-0.37310237,-1.0,-0.37435257,-20.0,1.0,160000
156862,73.35251384573236,0.9677067995071412,48.385339975357056,-0.7676073,-1.0,-1.0,0.62996125,-37.80485987663269,1.0,160000
169724,73.3504301940725,0.96766597032547,48.3832985162735,-1.0,-1.0,-1.0,-0.198645,-22.0709764957428,1.0,160000
184624,73.34367428352618,0.9675335884094238,48.37667942047119,-0.8132163,0.19066322,-0.85972226,1.0,-33.46818268299103,1.0,160000
166920,73.34320584058811,0.9675244092941284,48.37622046470642,-1.0,-1.0,-1.0,-0.25161695,-27.605876922607425,1.0,160000
117141,73.34240887901912,0.9675087928771972,48.37543964385986,-1.0,-1.0,-1.0,0.94420534,-60.0,1.0,160000
115138,73.34215944824551,0.9675039052963256,48.37519526481629,-1.0,-0.8960159,-1.0,0.43328297,-43.65878701210022,1.0,121313
150295,73.34120126881695,0.9674851298332214,48.37425649166107,-1.0,-0.99073666,-0.7814018,0.297737,-20.0,1.0,160000
136826,73.34034346977091,0.9674683213233948,48.37341606616974,-0.34848094,-1.0,0.55327684,-0.008100748,-20.0,1.0,160000
117148,73.32850763722018,0.9672363996505736,48.36181998252869,-0.77772456,-0.06906003,-0.8927356,1.0,-27.7404260635376,1.0,96397
150557,73.3226520575831,0.9671216607093812,48.356083035469055,-0.7109251,-1.0,-0.92973804,0.1309247,-31.22021496295929,1.0,160000
149417,73.31630672266769,0.9669973254203796,48.34986627101898,-1.0,-0.52829957,-0.5513673,1.0,-20.0,1.0,160000
136825,73.31525423502865,0.9669767022132874,48.34883511066437,-1.0,-0.52176327,-0.8944276,0.72425914,-20.0,1.0,160000
142947,73.31453635302549,0.9669626355171204,48.34813177585602,-0.4126858,-1.0,-1.0,0.9034232,-20.0,1.0,160000
149413,73.30895755092361,0.9668533205986024,48.34266602993012,-1.0,-0.9872254,-1.0,1.0,-20.0,1.0,141883
175209,73.30895755092361,0.9668533205986024,48.34266602993012,-1.0,-0.88164896,-1.0,1.0,-22.42395281791687,1.0,160000
201011,73.30895755092361,0.9668533205986024,48.34266602993012,-1.0,-0.42173946,-1.0,1.0,-20.0,1.0,148345
175216,73.30895755092361,0.9668533205986024,48.34266602993012,-1.0,-1.0,-1.0,1.0,-28.67793083190918,1.0,160000
175217,73.30895755092361,0.9668533205986024,48.34266602993012,-0.56717974,-1.0,-1.0,1.0,-38.96267771720886,1.0,160000
175212,73.30895755092361,0.9668533205986024,48.34266602993012,-1.0,-1.0,-1.0,1.0,-20.0,1.0,141774
149414,73.30895755092361,0.9668533205986024,48.34266602993012,-1.0,-0.30043632,-1.0,1.0,-20.0,1.0,160000
201018,73.30895755092361,0.9668533205986024,48.34266602993012,-1.0,-0.9263982,-1.0,1.0,-20.0,1.0,160000
201010,73.30895755092361,0.9668533205986024,48.34266602993012,-1.0,-1.0,-1.0,1.0,-20.0,1.0,159677
201013,73.30895755092361,0.9668533205986024,48.34266602993012,-1.0,-1.0,-1.0,1.0,-20.0,1.0,160000
175211,73.30895755092361,0.9668533205986024,48.34266602993012,-0.4841038,-1.0,-1.0,1.0,-20.72748303413391,1.0,160000
116731,73.30744573593896,0.9668236970901488,48.341184854507446,-1.0,-1.0,-1.0,-0.04746449,-22.722742557525635,1.0,160000
115113,73.30297112310849,0.9667360186576844,48.336800932884216,-1.0,-1.0,-1.0,-0.78875136,-20.0,1.0,160000
168741,73.30200380259821,0.9667170643806458,48.33585321903229,-1.0,-0.4132787,-1.0,1.0,-44.51299428939819,1.0,105613
194264,73.30114598974862,0.9667002558708192,48.33501279354096,-0.7768085,-1.0,-0.004507959,1.0,-24.247705936431885,1.0,160000
194548,73.30045852249489,0.9666867852211,48.33433926105499,-1.0,-1.0,-1.0,1.0,-20.0,1.0,160000
142948,73.30045852249489,0.9666867852211,48.33433926105499,-1.0,-1.0,-1.0,1.0,-30.514235496521,1.0,123641
194544,73.30045243871302,0.9666866660118104,48.33433330059052,-0.58736545,-1.0,-1.0,1.0,-59.4653069972992,1.0,160000
117145,73.30045243871302,0.9666866660118104,48.33433330059052,-1.0,-1.0,-1.0,1.0,-20.0,1.0,153695
168743,73.30045243871302,0.9666866660118104,48.33433330059052,-0.4305957,-0.24263853,-1.0,1.0,-58.2103443145752,1.0,160000
168746,73.30045243871302,0.9666866660118104,48.33433330059052,-1.0,-1.0,-1.0,1.0,-60.0,1.0,160000
142944,73.30045243871302,0.9666866660118104,48.33433330059052,-0.15523279,-1.0,-1.0,1.0,-60.0,1.0,160000
123614,73.29931477123542,0.9666643738746644,48.333218693733215,-0.96799886,-0.053605318,0.57228196,0.74912083,-20.0,1.0,160000
117982,73.29060581781835,0.9664937257766724,48.32468628883362,0.10852814,-0.4947324,-1.0,0.25747836,-22.36235618591309,1.0,160000
164067,73.29048109978193,0.9664912819862366,48.32456409931183,-0.749343,-1.0,-1.0,-0.9515096,-30.45514464378357,1.0,160000
167427,73.28766733750494,0.9664361476898192,48.32180738449097,-1.0,0.1964016,-1.0,1.0,-20.0,1.0,160000
166362,73.28566272001638,0.9663968682289124,48.31984341144562,-0.6318473,-0.10063422,-0.791839,-0.30363,-50.75635552406311,1.0,160000
126129,73.28395316631581,0.9663633704185486,48.31816852092743,-0.14654219,-1.0,-1.0,-0.8708588,-37.352309823036194,1.0,150668
150633,73.28369764573065,0.9663583636283876,48.31791818141937,-1.0,-1.0,-1.0,0.013206005,-35.7537043094635,1.0,160000
135500,73.27723965821868,0.9662318229675292,48.31159114837647,-1.0,-1.0,-0.6355741,-0.83006334,-27.202199697494507,1.0,160000
158828,73.2764305073732,0.966215968132019,48.31079840660095,-0.55442214,-0.7489255,-1.0,0.71928155,-30.040432810783383,1.0,141403
130739,73.27621148905294,0.9662116765975952,48.31058382987976,-0.13028109,-1.0,0.94318694,-0.42283058,-60.0,1.0,160000
150551,73.27426770059608,0.9661735892295836,48.30867946147919,-0.7446706,-1.0,-1.0,0.16351902,-24.668447971343998,1.0845164060592651,160000
168739,73.2738479150915,0.9661653637886048,48.30826818943024,-0.063639164,-1.0,-1.0,1.0,-44.623178243637085,1.0,108437
158396,73.27162122555094,0.9661217331886292,48.30608665943146,-1.0,-0.4304334,-1.0,-0.1583476,-20.0,1.0,159197
166921,73.27028581923341,0.9660955667495728,48.30477833747864,-1.0,-1.0,-0.6593367,-0.32117045,-20.0,1.0,117919
136265,73.27014589051075,0.9660928249359132,48.30464124679565,-1.0,-1.0,-1.0,0.21456933,-56.70727729797363,1.0,160000
124170,73.26938540818155,0.9660779237747192,48.30389618873596,-1.0,-1.0,-1.0,0.055080295,-22.33163356781006,1.0,160000
123616,73.2692150601072,0.9660745859146118,48.30372929573059,-0.08695984,-0.29473972,-0.24077857,1.0,-20.0,1.0,160000
178363,73.26861884175295,0.9660629034042358,48.30314517021179,-1.0,-1.0,-0.8531501,0.3271277,-28.655385971069336,1.0,160000
158819,73.26746594972458,0.966040313243866,48.3020156621933,-1.0,-1.0,-0.53511703,0.7482923,-20.0,1.0,160000
126810,73.26379129285567,0.9659683108329772,48.29841554164887,-1.0,-1.0,1.0,-0.5011364,-26.451735496521,1.0,160000
178605,73.26132123892393,0.9659199118614196,48.29599559307098,-1.0,-1.0,-1.0,0.28635228,-27.66562819480896,1.0,141655
157776,73.26061855070877,0.9659061431884766,48.29530715942383,-1.0,-1.0,0.1287905,-0.36415648,-24.807978868484497,1.0,160000
118983,73.25938048050196,0.965881884098053,48.29409420490265,-1.0,-1.0,-1.0,0.0494864,-21.67405724525452,1.0,160000
149971,73.25682220566827,0.9658317565917968,48.29158782958984,-0.29974192,-1.0,-1.0,0.06853604,-20.0,1.0,147747
194539,73.25615906145488,0.9658187627792358,48.29093813896179,-1.0,-1.0,-0.85064244,1.0,-24.50740933418274,1.0,160000
115137,73.25060750302657,0.9657099843025208,48.28549921512604,-1.0,-1.0,-1.0,0.4833635,-30.43938159942627,1.0,160000
176096,73.24549093218747,0.9656097292900084,48.28048646450043,-1.0,-1.0,-1.0,0.6091062,-40.89258074760437,1.0,160000
194540,73.24032263714406,0.9655084609985352,48.27542304992676,-1.0,-0.27809954,-1.0,1.0,-20.0,1.0,102627
183575,73.23342344804016,0.9653732776641846,48.26866388320923,0.103155494,-1.0,-1.0,-0.16687977,-20.0,1.0,121736
159614,73.2286536268249,0.9652798175811768,48.26399087905884,-1.0,-1.0,-1.0,0.39799047,-60.0,1.0,160000
124493,73.22864754286327,0.9652796983718872,48.26398491859436,-1.0,-0.09750533,-1.0,0.59274924,-33.05065155029297,1.0,160000
199522,73.22602839597029,0.9652283787727356,48.26141893863678,-1.0,0.03376794,0.4793291,-0.14844322,-26.87479138374329,1.0,117572
136259,73.2254108731203,0.9652162790298462,48.26081395149231,-0.35295504,-0.75068355,-0.5374304,0.5489881,-44.59701418876648,1.0,160000
182122,73.2221194432589,0.9651517868041992,48.25758934020996,-1.0,-0.102529526,-1.0,0.07914448,-20.0,1.0,160000
134034,73.21363227911411,0.964985489845276,48.249274492263794,-1.0,-1.0,-1.0,0.7687571,-20.0,1.0,160000
141628,73.21084884784752,0.9649309515953064,48.24654757976532,0.02072668,-1.0,-1.0,1.0,-20.0,1.0,141955
136366,73.20869815068106,0.9648888111114502,48.24444055557251,-1.0,-0.4508447,-1.0,0.1512425,-20.0,1.0,160000
146835,73.20651094750461,0.9648459553718568,48.242297768592834,-0.075332165,-1.0,-1.0,0.52508533,-34.722129106521606,1.0,160000
192956,73.20610331832177,0.9648379683494568,48.24189841747284,-1.0,-1.0,-1.0,-0.43539846,-20.0,1.0,160000
133020,73.20289095460232,0.964775025844574,48.2387512922287,-1.0,-0.50843227,0.3814987,0.5797087,-47.008442878723145,1.0,152076
119053,73.20139732570365,0.9647457599639891,48.23728799819946,-0.27406424,-0.20410448,-0.09596634,-0.6011752,-20.0,1.0,160000
166489,73.19892112423932,0.964697241783142,48.234862089157104,-1.0,-1.0,-1.0,-0.11295223,-20.0,1.0,160000
153196,73.19481135430945,0.9646167159080504,48.23083579540253,-1.0,-1.0,-0.98458016,-0.056231737,-54.76081490516663,1.0,160000
202153,73.19306827435898,0.9645825624465942,48.22912812232971,-1.0,-1.0,-1.0,0.2603594,-20.0,1.0,117236
124880,73.17389127009096,0.9642068147659302,48.21034073829651,-1.0,-0.33273256,-1.0,-0.6745931,-20.0,1.0,147364
172638,73.17313988374272,0.9641920924186708,48.20960462093353,-1.0,-0.55374223,-1.0,0.54456687,-50.92729687690735,1.0,155532
115551,73.16574768982935,0.9640472531318665,48.20236265659332,-0.12484956,-1.0,-1.0,-0.43112278,-20.0,1.0,160000
128741,73.16287598371973,0.9639909863471984,48.19954931735992,-1.0,-0.89682436,-1.0,1.0,-34.68568205833435,1.0,114551
122866,73.15852278713521,0.9639056921005248,48.195284605026245,-0.23203135,-0.2977236,-1.0,-0.5668788,-20.0,1.0,118602
117130,73.15629599172533,0.9638620615005492,48.193103075027466,-1.0,-0.42400965,-0.6854362,-0.18856251,-60.0,1.0,93752
165339,73.1548357969016,0.9638334512710572,48.191672563552856,-0.7663044,-0.99204284,-1.0,0.10012913,-20.0,1.0,160000
194543,73.1540053107025,0.9638171792030334,48.19085896015167,-1.0,-0.59137774,-0.61531353,1.0,-27.110371589660645,1.0,160000
167153,73.1348705863507,0.9634422659873962,48.17211329936981,-0.68264747,-0.06570625,-0.14733803,-0.5947515,-20.0,1.0,160000
125206,73.13334041028247,0.9634122848510742,48.17061424255371,-1.0,-1.0,-1.0,1.0,-58.54406118392944,1.0,94427
117144,73.12962904482148,0.9633395671844482,48.16697835922241,-1.0,-0.57645625,-0.62505,1.0,-20.0,1.0,160000
123609,73.1278646231778,0.9633049964904784,48.165249824523926,-1.0,0.05156386,-0.51135683,1.0,-47.13075041770935,1.2954527735710144,160000
140937,73.12696111711338,0.9632872939109802,48.16436469554901,-1.0,-0.04679042,-1.0,0.56754196,-39.07301902770996,1.0,121176
191357,73.11195130701572,0.9629932045936584,48.14966022968292,-1.0,0.09044206,-0.7665446,1.0,-20.0,1.0,160000
201009,73.11103258435836,0.9629752039909364,48.148760199546814,-1.0,-1.0,0.14175195,1.0,-20.0,1.0,160000
122458,73.11049108540989,0.9629645943641664,48.14822971820831,-1.0,-1.0,-1.0,-0.78098285,-20.0,1.0,157309
201015,73.11029334699958,0.962960720062256,48.14803600311279,-1.0,-1.0,0.16386175,1.0,-38.598105907440186,1.0,160000
124838,73.10758585021469,0.9629076719284058,48.14538359642029,-0.052978873,0.07987118,-1.0,1.0,-31.209404468536377,1.0,151457
200002,73.10512172128922,0.9628593921661376,48.142969608306885,-1.0,-0.82241464,-0.38735884,1.0,-20.0,1.0,108582
135504,73.10333294464237,0.9628243446350098,48.14121723175049,-1.0,-1.0,0.21259403,-0.74140096,-45.85780024528504,1.0,160000
137012,73.10152895596781,0.962788999080658,48.1394499540329,-1.0,-1.0,-0.97283643,0.60780394,-40.758506059646606,1.0,160000
147241,73.09918650660511,0.9627431035041808,48.137155175209045,-1.0,-1.0,-0.3811602,-0.45959258,-20.0,1.0,133033
128743,73.09911349515988,0.9627416729927064,48.13708364963532,-1.0,-1.0,-1.0,1.0,-24.29832696914673,1.0,160000
128746,73.09911349515988,0.9627416729927064,48.13708364963532,-1.0,-1.0,-1.0,1.0,-38.35944056510925,1.0,160000
128748,73.09911349515988,0.9627416729927064,48.13708364963532,-1.0,-1.0,-1.0,1.0,-20.0,1.0,140115
180342,73.09911349515988,0.9627416729927064,48.13708364963532,-1.0,-1.0,-1.0,1.0,-20.0,1.0,160000
128745,73.09911349515988,0.9627416729927064,48.13708364963532,-1.0,-0.82446206,-1.0,1.0,-20.0,1.0,160000
154548,73.09911349515988,0.9627416729927064,48.13708364963532,-1.0,-1.0,-1.0,1.0,-27.095619440078732,1.0,160000
154540,73.09911349515988,0.9627416729927064,48.13708364963532,-1.0,-1.0,-1.0,1.0,-20.0,1.0,160000
154541,73.09911349515988,0.9627416729927064,48.13708364963532,-1.0,-1.0,-1.0,1.0,-20.0,1.0,160000
180346,73.09911349515988,0.9627416729927064,48.13708364963532,-1.0,-0.9477008,-1.0,1.0,-20.0,1.0,160000
180347,73.09911349515988,0.9627416729927064,48.13708364963532,-1.0,-0.8960642,-1.0,1.0,-36.19449257850647,1.0,160000
180344,73.09911349515988,0.9627416729927064,48.13708364963532,-0.16079593,-0.40170372,-1.0,1.0,-38.5874092578888,1.0,160000
144774,73.0857706164684,0.9624802470207214,48.12401235103607,-1.0,-1.0,-1.0,0.7500836,-20.0,1.0,160000
150679,73.08309655598347,0.962427854537964,48.12139272689819,-1.0,-1.0,-1.0,-0.71451616,-60.0,1.0,160000
150340,73.08223562347887,0.9624109864234924,48.12054932117462,-1.0,-1.0,-1.0,-0.3255514,-38.76633882522583,1.0,160000
175112,73.08001484210172,0.9623674750328064,48.11837375164032,-1.0,-1.0,-1.0,0.0049157143,-20.0,1.0,160000
134003,73.07904134825087,0.9623484015464784,48.11742007732392,-0.37702686,-1.0,0.18948728,1.0,-24.4834041595459,1.0,153189
162620,73.07676276267043,0.9623037576675416,48.11518788337708,-1.0,0.2124806,-1.0,1.0,-24.66920495033264,1.0,160000
136264,73.07539378498497,0.9622769355773926,48.11384677886963,-0.6816234,-0.8314463,0.5334976,0.6299207,-60.0,1.0,134283
177842,73.07160323382854,0.9622026681900024,48.11013340950012,-0.68052286,-0.17440498,1.0,1.0,-44.88520264625549,1.0,127737
120295,73.07088223746877,0.9621885418891908,48.109427094459534,-1.0,-1.0,-1.0,-0.36561954,-20.0,1.0,160000
142939,73.06821120266258,0.962136209011078,48.10681045055389,0.084218204,-1.0,-0.6763639,1.0,-29.14231657981873,1.0,160000
117776,73.06027109311448,0.961980640888214,48.09903204441071,-1.0,-0.099565715,-0.6160436,0.26876152,-20.0,1.0,100715
185618,73.05937060394388,0.9619629979133606,48.09814989566803,-1.0,-1.0,-0.87346995,0.5918442,-39.01370406150818,1.0,160000
168465,73.0547221274695,0.9618719220161438,48.09359610080719,-0.5324706,-1.0,0.3297286,1.0,-43.724799156188965,1.0,160000
168742,73.04807491222202,0.9617416858673096,48.08708429336548,0.03382182,-1.0,-0.66518116,1.0,-20.0,1.0,160000
136057,73.04186271553758,0.9616199731826782,48.08099865913391,-1.0,-0.9220958,-1.0,-0.4475546,-20.0,1.0,135504
177407,73.03845847363533,0.9615532755851746,48.07766377925873,-1.0,-0.20907986,-1.0,-0.9222014,-60.0,1.0,160000
154542,73.03817554714809,0.9615477323532104,48.07738661766052,-1.0,-0.9569957,-0.79884994,1.0,-50.46990990638733,1.0,160000
170328,73.03566875617494,0.9614986181259156,48.074930906295776,-1.0,-1.0,-1.0,-0.29326904,-51.11190915107727,1.0,160000
118462,73.02246851162779,0.9612399935722352,48.06199967861176,-0.30445498,-0.80240846,-1.0,-0.16810834,-56.330604553222656,1.0,160000
185634,73.01875393333447,0.9611672163009644,48.05836081504822,-1.0,-1.0,-0.78961444,0.9096943,-44.37121868133545,1.0,160000
185610,73.0125659990243,0.9610459804534912,48.05229902267456,-1.0,0.014081359,-1.0,1.0,-45.05779266357422,1.0,138065
114707,73.01223439344243,0.9610394835472108,48.051974177360535,0.061237097,-1.0,-1.0,-0.41380203,-20.0,1.0,160000
167422,73.0118297737256,0.9610315561294556,48.05157780647278,-1.0,-1.0,-1.0,1.0,-20.0,1.0,115571
142572,73.01052160425063,0.961005926132202,48.05029630661011,-0.43096685,-1.0,-1.0,-0.5085349,-60.0,1.0,160000
130254,73.00841332032081,0.9609646201133728,48.04823100566864,-1.0,-0.56635594,-1.0,0.7115569,-20.0,1.0,160000
162062,73.00562661029997,0.9609100222587584,48.04550111293793,-1.0,-1.0,0.07336897,0.91063464,-60.0,1.0,160000
186252,73.00213713370192,0.9608416557312012,48.04208278656006,-0.6500539,-0.8191601,-1.0,-0.7231935,-54.639354944229126,1.0,156479
162627,72.99157436286943,0.960634708404541,48.03173542022705,-1.0,-0.2000674,-1.0,0.9163636,-54.01025056838989,1.0,98304
188424,72.98978245964233,0.9605996012687684,48.029980063438416,-1.0,-1.0,-1.0,1.0,-25.2262020111084,1.0,160000
136823,72.98978245964233,0.9605996012687684,48.029980063438416,-1.0,-1.0,-1.0,1.0,-28.08295488357544,1.0,134916
136822,72.98978245964233,0.9605996012687684,48.029980063438416,-1.0,-1.0,-1.0,1.0,-53.436808586120605,1.0,160000
141623,72.98510038361508,0.960507869720459,48.02539348602295,-1.0,-0.49319714,-0.99359506,1.0,-26.31706595420837,1.0,158898
176387,72.98281562455566,0.9604631066322328,48.02315533161163,-0.50561833,-1.0,-0.58693355,-0.3132912,-21.08774781227112,1.0,160000
115820,72.9827304404209,0.960461437702179,48.02307188510895,-0.3395806,-1.0,-1.0,1.0,-35.56867837905884,1.0,124977
115825,72.9827304404209,0.960461437702179,48.02307188510895,-0.5886899,-1.0,-1.0,1.0,-20.0,1.0,160000
167424,72.9827304404209,0.960461437702179,48.02307188510895,-1.0,-1.0,-1.0,1.0,-35.05268335342407,1.0,160000
141621,72.9827304404209,0.960461437702179,48.02307188510895,-0.48244888,-1.0,-1.0,1.0,-28.32274079322815,1.0,160000
167426,72.9827304404209,0.960461437702179,48.02307188510895,-1.0,-0.81853104,-1.0,1.0,-20.0,1.0,141043
167425,72.9827304404209,0.960461437702179,48.02307188510895,-0.7495829,-1.0,-1.0,1.0,-57.70556569099426,1.0,160000
193220,72.9827304404209,0.960461437702179,48.02307188510895,-1.0,-1.0,-1.0,1.0,-20.0,1.0,160000
193228,72.9827304404209,0.960461437702179,48.02307188510895,-1.0,-1.0,-1.0,1.0,-37.81949520111084,1.0,160000
155801,72.98131273259193,0.9604336619377136,48.02168309688568,-1.0,-1.0,0.9833592,-0.46646762,-49.97348427772522,1.0,110218
192294,72.97584572697349,0.9603265523910522,48.01632761955261,-1.0,-1.0,0.098412395,-0.062113643,-20.0,1.0,113257
187015,72.97364614357436,0.9602834582328796,48.01417291164398,-0.29910517,-1.0,-1.0,-0.28192675,-37.03627109527588,1.0,160000
117154,72.97164430796965,0.9602442383766174,48.01221191883087,-0.5178261,-1.0,-0.5157324,0.109616876,-60.0,1.0,160000
204406,72.96701391587779,0.9601535201072692,48.00767600536346,-0.48645192,-0.22121626,-1.0,0.41697013,-20.0,1.0,142255
124177,72.9550971561476,0.959920048713684,47.99600243568421,-1.0,-1.0,-1.0,0.19388175,-20.0,1.0,160000
136819,72.95471686541978,0.9599125981330872,47.99562990665436,-0.2058022,-1.0,-0.6084335,1.0,-25.510919094085693,1.0,96816
162059,72.95225562237256,0.959864377975464,47.99321889877319,-1.0,-0.9472316,-1.0,0.7784538,-20.0,1.0,160000
134038,72.94847704655308,0.9597903490066528,47.98951745033264,-1.0,0.19500613,-0.6288009,0.69903755,-20.0,1.0,160000
124785,72.94107807892551,0.9596453905105592,47.982269525527954,-1.0,-0.042960763,-0.53641176,-0.33568335,-20.0,1.0,115061
163110,72.9310839601921,0.959449589252472,47.9724794626236,-0.4684245,-1.0,-0.3311895,-0.5542605,-55.78694224357605,1.0,99856
188618,72.92924637644678,0.9594135880470276,47.97067940235138,-0.5420779,-1.0,-1.0,0.6765301,-40.2088475227356,1.0,158789
185606,72.92371536256982,0.959305226802826,47.965261340141296,-1.0,-0.68592656,0.28484786,1.0,-43.67374539375305,1.0,129884
204401,72.92345067676737,0.9593000411987304,47.96500205993652,-1.0,-1.0,-1.0,0.47847795,-48.97311449050903,1.0,160000
115575,72.92195687473676,0.9592707753181458,47.96353876590729,-0.7404919,0.104779124,-1.0,-0.35439134,-34.62577700614929,1.0,156960
175470,72.9214092485046,0.9592600464820862,47.96300232410431,-0.07055092,-0.9772308,-0.25993162,0.26606798,-24.475139379501343,1.0,160000
136828,72.91961120816272,0.959224820137024,47.9612410068512,-1.0,-1.0,-0.8375442,1.0,-31.367490887641907,1.0,160000
172975,72.91694609004806,0.9591726064682008,47.958630323410034,-1.0,-1.0,-0.7793499,0.122363806,-27.57899761199951,1.0,160000
178346,72.9150659021982,0.9591357707977296,47.95678853988648,-1.0,0.16175282,-1.0,-0.014577746,-24.421422481536865,1.0,151005
162981,72.91125380159376,0.959061086177826,47.953054308891296,-1.0,-1.0,-1.0,0.9911367,-20.0,1.0,160000
159829,72.91072746958936,0.9590507745742798,47.95253872871399,-1.0,-1.0,-1.0,1.0,-60.0,1.0,104269
121033,72.90668718306988,0.958971619606018,47.9485809803009,-1.0,-1.0,-0.7201257,0.60501957,-23.04760694503784,1.0,137125
162623,72.90608783275742,0.9589598774909972,47.947993874549866,-1.0,-1.0,-0.70448595,1.0,-20.0,1.0,160000
131648,72.90560713544416,0.9589504599571228,47.94752299785614,-0.22190922,-1.0,-0.9315189,-0.17857409,-20.0,1.0,160000
114922,72.90552803334539,0.9589489102363586,47.94744551181793,-0.5188791,-0.22532749,-0.44122076,-0.92403054,-20.0,1.0,154319
139117,72.90500778486151,0.958938717842102,47.9469358921051,-1.0,-1.0,-1.0,0.11521542,-27.83455729484558,1.0,76467
171846,72.90248564294933,0.9588893055915833,47.94446527957916,-1.0,-1.0,-0.48443937,-0.17173624,-29.055676460266117,1.0,160000
196596,72.90167332406006,0.9588733911514282,47.94366955757141,-1.0,-1.0,-1.0,-0.31258643,-60.0,1.0,160000
147106,72.88869748123166,0.9586191773414612,47.93095886707306,0.15728176,-0.29410678,-0.6368561,-0.22602677,-37.12033748626709,1.0,122695
149412,72.88793079382823,0.9586041569709778,47.93020784854889,-0.28230512,-1.0,-0.9185786,1.0,-21.12017273902893,1.4421377182006836,160000
159835,72.88632744279016,0.9585727453231812,47.92863726615906,-1.0,-0.8055651,-0.8453344,1.0,-20.0,1.0,160000
174362,72.88089977210231,0.958466410636902,47.92332053184509,-1.0,-1.0,-1.0,-0.28593433,-24.3837833404541,1.0,160000
131537,72.8772093140952,0.9583941102027892,47.919705510139465,-0.3377419,-0.90177584,-0.32053667,-0.0427804,-20.0,1.0,160000
136263,72.87693549587944,0.9583887457847596,47.919437289237976,-0.22187853,-1.0,0.32152557,1.0,-40.56033730506897,1.0,156326
162984,72.87581284086723,0.9583667516708374,47.91833758354187,-1.0,-1.0,-1.0,1.0,-20.0,1.0,160000
137186,72.87581284086723,0.9583667516708374,47.91833758354187,-1.0,-1.0,-1.0,1.0,-40.237181186676025,1.0,160000
188787,72.87581284086723,0.9583667516708374,47.91833758354187,-1.0,-1.0,-1.0,1.0,-60.0,1.0,160000
137185,72.87581284086723,0.9583667516708374,47.91833758354187,-1.0,-0.08013141,-1.0,1.0,-20.0,1.0,139869
188786,72.87581284086723,0.9583667516708374,47.91833758354187,-0.096239924,-1.0,-1.0,1.0,-20.0,1.0,156911
137181,72.87581284086723,0.9583667516708374,47.91833758354187,-1.0,-0.83924454,-1.0,1.0,-31.882883310317997,1.0,149186
162979,72.87581284086723,0.9583667516708374,47.91833758354187,-1.0,-1.0,-1.0,1.0,-29.136654138565063,1.0,160000
162985,72.87581284086723,0.9583667516708374,47.91833758354187,-1.0,-0.9091387,-1.0,1.0,-20.0,1.0,160000
123876,72.87367097184908,0.9583247900009156,47.916239500045776,-0.3612423,0.24962902,-1.0,1.0,-24.23556685447693,1.0,149240
196403,72.86741268732592,0.9582021832466124,47.91010916233063,-1.0,-1.0,-0.40352762,-0.61495316,-23.74765157699585,1.0,160000
188423,72.86708410411788,0.9581957459449768,47.90978729724884,-1.0,-0.92444074,-0.6018194,1.0,-48.1702196598053,1.0,160000
202608,72.8666703326065,0.9581876397132874,47.90938198566437,-0.7146,-0.4763807,-1.0,1.0,-37.99191236495972,1.0,160000
202602,72.8666703326065,0.9581876397132874,47.90938198566437,-0.105157495,-0.8766945,-1.0,1.0,-20.0,1.0,154268
202606,72.8666703326065,0.9581876397132874,47.90938198566437,-1.0,-1.0,-1.0,1.0,-20.0,1.0,160000
176801,72.8666703326065,0.9581876397132874,47.90938198566437,-0.8871765,-1.0,-1.0,1.0,-41.1709988117218,1.0,121773
125204,72.8666703326065,0.9581876397132874,47.90938198566437,-1.0,-1.0,-1.0,1.0,-20.0,1.0,160000
125208,72.8666703326065,0.9581876397132874,47.90938198566437,-1.0,-0.6199049,-1.0,1.0,-39.07874345779419,1.0,141661
151005,72.8666703326065,0.9581876397132874,47.90938198566437,-1.0,-1.0,-1.0,1.0,-26.742045879364014,1.0,147970
151006,72.8666703326065,0.9581876397132874,47.90938198566437,-0.6485194,-1.0,-1.0,1.0,-20.0,1.0,160000
151003,72.8666703326065,0.9581876397132874,47.90938198566437,-1.0,-0.32442415,-1.0,1.0,-56.34510517120361,1.0,160000
151008,72.8666703326065,0.9581876397132874,47.90938198566437,-1.0,-0.87077534,-1.0,1.0,-22.60924458503723,1.0,126342
176802,72.8666703326065,0.9581876397132874,47.90938198566437,-1.0,-1.0,-1.0,1.0,-20.0,1.0,138681
137156,72.86450411587874,0.9581452012062072,47.90726006031037,-0.6491946,-0.06452519,-1.0,0.022025347,-28.377238512039185,1.0,160000
158386,72.8614464611193,0.958085298538208,47.9042649269104,-1.0,-1.0,-1.0,-0.37764823,-23.69666814804077,1.0,160000
188425,72.86116959865456,0.9580798745155334,47.90399372577667,-0.55244476,-0.93144155,-0.60833323,1.0,-20.0,1.0,160000
131774,72.85986743190695,0.9580543637275696,47.90271818637848,-1.0,-1.0,-0.49304104,-0.31950212,-20.0,1.0,88906
136820,72.85873868398897,0.958032250404358,47.901612520217896,-1.0,-0.68812007,-0.46348375,1.0,-43.786433935165405,1.0,151895
159834,72.85611304997848,0.9579808115959167,47.89904057979584,-0.7005459,-1.0,-1.0,1.0,-51.294952630996704,1.0,151089
185629,72.85611304997848,0.9579808115959167,47.89904057979584,-1.0,-1.0,-1.0,1.0,-28.98003578186035,1.0,154220
185631,72.85611304997848,0.9579808115959167,47.89904057979584,-0.029249668,-1.0,-1.0,1.0,-23.80058169364929,1.0,160000
134037,72.85611304997848,0.9579808115959167,47.89904057979584,-1.0,-1.0,-1.0,1.0,-20.0,1.0,160000
159838,72.85611304997848,0.9579808115959167,47.89904057979584,-1.0,-1.0,-1.0,1.0,-20.0,1.0,160000
159837,72.85611304997848,0.9579808115959167,47.89904057979584,-1.0,-1.0,-1.0,1.0,-20.0,1.0,160000
134031,72.85611304997848,0.9579808115959167,47.89904057979584,-1.0,-1.0,-1.0,1.0,-20.0,1.0,135195
159832,72.85611304997848,0.9579808115959167,47.89904057979584,-0.26916504,-1.0,-1.0,1.0,-20.0,1.0,160000
182120,72.85603090379259,0.9579792022705078,47.89896011352539,-1.0,-1.0,-1.0,0.16392314,-20.0,1.0,160000
138052,72.85510295594116,0.9579610228538512,47.898051142692566,-1.0,-0.9878641,-1.0,-0.09140146,-26.33657693862915,1.0,160000
187862,72.85124512297983,0.957885444164276,47.894272208213806,-1.0,-0.7458515,-1.0,1.0,-20.0,1.0,97333
176806,72.85109300010143,0.9578824639320374,47.89412319660187,-1.0,-1.0,-1.0,1.0,-20.0,1.0,113441
176808,72.85099868391194,0.9578806161880492,47.89403080940247,-0.70574254,-1.0,-1.0,1.0,-26.23138427734375,1.0,116193
185636,72.8493740109026,0.9578487873077391,47.89243936538696,-0.7967394,-0.24258101,-0.9932188,1.0,-20.0,1.0,160000
201065,72.84931924662462,0.9578477144241332,47.892385721206665,-0.48459423,-0.9198859,-0.7732265,0.15090454,-42.391899824142456,1.0,151232
146334,72.84538230024268,0.957770586013794,47.8885293006897,-1.0,-0.21249592,-0.0008896589,0.24084508,-60.0,1.0,160000
162621,72.84530623861812,0.9577690958976746,47.88845479488373,-1.0,-0.8887429,0.33043343,0.43931925,-50.623430013656616,1.0,160000
196255,72.84358116032324,0.9577353000640868,47.886765003204346,0.013273597,-1.0,-1.0,-0.36981618,-20.0,1.0,146092
170740,72.84259844320701,0.9577160477638244,47.88580238819122,-1.0,-1.0,-0.10669458,-0.5215795,-20.0,1.0,160000
181647,72.83871320780271,0.9576399326324464,47.88199663162232,-1.0,-0.2442733,-1.0,0.9388298,-38.92878532409668,1.0,143699
120121,72.83492532538693,0.9575657248497008,47.878286242485046,-1.0,-1.0,-1.0,-0.029558778,-31.32868528366089,1.0,155826
130044,72.83053502524129,0.95747971534729,47.8739857673645,-1.0,-1.0,-1.0,1.0,-24.400691986083984,1.0,109162
199385,72.82803410221615,0.9574307203292848,47.87153601646423,-0.9463577,-0.59962654,-0.9083694,-0.91538405,-20.0,1.0,160000
170029,72.82612341960025,0.9573932886123656,47.869664430618286,-1.0,-1.0,0.7396635,-0.7417939,-20.0,1.0,160000
159830,72.82473300151278,0.9573660492897034,47.86830246448517,-1.0,-1.0,-0.621432,1.0,-20.0,1.0,121603
202599,72.82425533034186,0.9573566913604736,47.86783456802368,-0.667942,-1.0,-0.9225262,1.0,-20.16209602355957,1.0,113286
120248,72.82249068442334,0.957322120666504,47.8661060333252,-1.0,-0.9682905,-1.0,-0.21241105,-20.0,1.0,160000
162619,72.82089033199722,0.957290768623352,47.8645384311676,0.14571488,-1.0,-0.61957157,1.0,-36.74042046070099,1.0,139109
190072,72.80300343025851,0.9569403529167176,47.84701764583588,-0.021491647,-1.0,-1.0,0.7598946,-60.0,1.0,160000
153004,72.79152702126464,0.9567155241966248,47.83577620983124,-0.5244374,0.09188604,-1.0,1.0,-26.03121519088745,1.0,160000
202238,72.78412452561496,0.9565705060958862,47.82852530479431,-0.20049596,-1.0,-1.0,0.18707502,-20.0,1.0,119516
182775,72.78090247039151,0.9565073847770692,47.825369238853455,-1.0,-1.0,-1.0,-0.9172263,-20.539259910583496,1.0,160000
124223,72.77587009214199,0.9564087986946106,47.82043993473053,-1.0,-0.14232504,-1.0,-0.83314013,-20.0,1.0,160000
130042,72.77033263825874,0.9563003182411194,47.81501591205597,-0.35900176,-1.0,-1.0,1.0,-52.200812101364136,1.0,144762
155848,72.77033263825874,0.9563003182411194,47.81501591205597,-1.0,-1.0,-1.0,1.0,-47.03850269317627,1.0,160000
130045,72.77033263825874,0.9563003182411194,47.81501591205597,-0.18318504,-1.0,-1.0,1.0,-31.217823028564453,1.0,160000
181639,72.77033263825874,0.9563003182411194,47.81501591205597,-1.0,-1.0,-1.0,1.0,-20.0,1.0,144245
181643,72.77033263825874,0.9563003182411194,47.81501591205597,-1.0,-1.0,-1.0,1.0,-20.0,1.0,160000
181645,72.77033263825874,0.9563003182411194,47.81501591205597,-1.0,-1.0,-1.0,1.0,-20.0,1.0,128909
155846,72.77033263825874,0.9563003182411194,47.81501591205597,-0.032942772,-1.0,-1.0,1.0,-20.0,1.0,160000
130039,72.77033263825874,0.9563003182411194,47.81501591205597,-1.0,-1.0,-1.0,1.0,-20.0,1.0,152496
130040,72.77033263825874,0.9563003182411194,47.81501591205597,-0.023036957,-1.0,-1.0,1.0,-52.73064970970154,1.0,132503
115177,72.7677738434088,0.9562501907348632,47.81250953674317,-1.0,-1.0,-1.0,-0.07941866,-60.0,1.0,160000
149410,72.767445246487,0.9562437534332277,47.81218767166138,-1.0,-0.44724172,0.8780573,1.0,-38.3225417137146,1.0,160000
126883,72.75997878199344,0.9560974836349488,47.80487418174744,-0.22937965,-0.54976785,-0.6210165,-0.18043005,-43.95739555358887,1.0,119588
163854,72.75452039827611,0.9559905529022216,47.79952764511109,-0.97716427,-1.0,-1.0,-0.06538606,-31.60149157047272,1.0,160000
183110,72.75187030891634,0.9559386372566224,47.79693186283112,-1.0,-0.4807009,-1.0,0.26299417,-20.0,1.0,160000
162162,72.74943319772837,0.9558908939361572,47.79454469680786,-1.0,-0.0959335,-0.9520113,0.34628534,-59.6896243095398,1.0,151426
123460,72.7443368585295,0.9557910561561584,47.78955280780792,-0.37162614,-0.058678508,-1.0,-0.44937325,-26.04818105697632,1.0,104225
130046,72.74281251853597,0.955761194229126,47.7880597114563,-1.0,-1.0,-1.0,1.0,-20.30858039855957,1.0,115256
140974,72.74136728510564,0.9557328820228576,47.78664410114288,-1.0,-0.82349217,-0.27396864,-0.16494894,-27.453148365020752,1.0,160000
153917,72.7381725554614,0.9556702971458436,47.783514857292175,0.07335198,-1.0,-1.0,1.0,-30.689239501953125,1.0,160000
162061,72.7334930294407,0.955578625202179,47.77893126010895,-0.93393886,-1.0,-1.0,1.0,-20.0,1.0,160000
136267,72.7334930294407,0.955578625202179,47.77893126010895,-1.0,-1.0,-1.0,1.0,-45.23241877555847,1.0,160000
187861,72.7334930294407,0.955578625202179,47.77893126010895,-0.62325263,-1.0,-1.0,1.0,-60.0,1.0,121774
162064,72.7334930294407,0.955578625202179,47.77893126010895,-1.0,-1.0,-1.0,1.0,-20.0,1.0,160000
162065,72.7334930294407,0.955578625202179,47.77893126010895,-1.0,-0.6696967,-1.0,1.0,-20.0,1.0,160000
187863,72.7334930294407,0.955578625202179,47.77893126010895,-0.47205067,-1.0,-1.0,1.0,-24.596385955810547,1.0,160000
136261,72.7334930294407,0.955578625202179,47.77893126010895,-1.0,-0.30425906,-1.0,1.0,-48.908149003982544,1.0,160000
162067,72.7334930294407,0.955578625202179,47.77893126010895,-1.0,-1.0,-1.0,1.0,-20.0,1.0,160000
175218,72.73300925476934,0.9555691480636596,47.77845740318298,-1.0,-0.31280303,0.90424496,1.0,-20.0,1.0,160000
188610,72.72795851962152,0.9554702043533324,47.77351021766663,-0.9115199,-1.0,-0.17390776,0.9043727,-38.35883140563965,1.0,160000
192578,72.72229316418317,0.9553592205047609,47.76796102523804,-1.0,-0.55161905,-1.0,-0.073604465,-60.0,1.0,160000
193226,72.71946656665466,0.9553038477897644,47.76519238948822,-1.0,-1.0,-0.86780757,1.0,-20.0,1.0,160000
151000,72.71619574185519,0.9552397727966307,47.76198863983154,-1.0,-0.81107223,-0.7993158,0.93784535,-42.20430135726929,1.0,160000
126748,72.71300706367288,0.9551773071289062,47.75886535644531,-0.9327149,-1.0,-0.9723603,0.15744138,-33.22873592376709,1.0,160000
119136,72.69667414881584,0.954857349395752,47.7428674697876,-0.5334423,-0.5155325,-1.0,-0.9672934,-20.0,1.0,142286
118984,72.68862935589388,0.9546997547149658,47.73498773574829,-1.0,-0.450401,-1.0,0.23664367,-36.463589668273926,1.0,160000
182662,72.68777740951091,0.9546830654144288,47.73415327072144,-1.0,-0.63860714,0.74804264,1.0,-48.98661971092224,1.0,160000
187867,72.68588487038096,0.9546459913253784,47.73229956626892,-1.0,-0.56843555,-0.6820617,1.0,-60.0,1.0,94549
137652,72.68361199583128,0.9546014666557312,47.73007333278656,-1.0,-1.0,-1.0,1.0,-31.196548342704773,1.0,152032
163452,72.68361199583128,0.9546014666557312,47.73007333278656,-0.3032701,-0.7707748,-1.0,1.0,-46.47988319396973,1.0,160000
189253,72.68361199583128,0.9546014666557312,47.73007333278656,-1.0,-1.0,-1.0,1.0,-37.31270551681519,1.0,160000
189255,72.68361199583128,0.9546014666557312,47.73007333278656,-0.2849983,-1.0,-1.0,1.0,-48.51685404777527,1.0,160000
137653,72.68361199583128,0.9546014666557312,47.73007333278656,-1.0,-0.22876078,-1.0,1.0,-20.0,1.0,160000
137655,72.68361199583128,0.9546014666557312,47.73007333278656,-1.0,-1.0,-1.0,1.0,-53.00801753997803,1.0,160000
189252,72.68361199583128,0.9546014666557312,47.73007333278656,-1.0,-1.0,-1.0,1.0,-49.41959023475647,1.0,160000
137650,72.68361199583128,0.9546014666557312,47.73007333278656,-1.0,-1.0,-1.0,1.0,-20.0,1.0,160000
162116,72.68216976908525,0.9545732140541076,47.72866070270538,-1.0,-0.7072561,-1.0,-0.5905765,-20.0,1.0,126689
145106,72.67698504797802,0.9544716477394104,47.72358238697052,-0.8418007,-1.0,-0.6841412,-0.822243,-36.34278893470764,1.0,160000
142942,72.67613309741718,0.9544549584388732,47.72274792194367,-0.11158705,-1.0,-0.21498561,1.0,-20.0,1.0,160000
119893,72.65659900423363,0.9540722966194152,47.70361483097077,-0.49940777,0.2856543,-0.19825041,1.0,-20.0,1.0,108994
181393,72.65166372969534,0.9539756178855896,47.69878089427948,-0.5783577,0.056806326,-1.0,0.5827664,-32.867451906204224,1.0,160000
153749,72.64758649144188,0.9538957476615906,47.69478738307953,-1.0,-1.0,0.104356825,-0.35181212,-28.818488121032715,1.0,124436
148323,72.64025657309905,0.9537521600723268,47.68760800361633,-1.0,-1.0,-1.0,-0.33991992,-20.025304555892944,1.0,160000
131538,72.63259801652093,0.953602135181427,47.68010675907135,-1.0,-0.76553273,-0.25957412,0.010188103,-20.0,1.0,107616
125205,72.63032813365452,0.9535576701164246,47.67788350582123,-1.0,-1.0,-1.0,0.49040163,-27.571120262146,1.0,77653
145394,72.62637256850333,0.9534801840782166,47.67400920391083,-1.0,-1.0,-0.77925557,-0.25065315,-20.412380695343018,1.0,160000
137968,72.61747860827751,0.953305959701538,47.6652979850769,-1.0,-1.0,-1.0,0.7103669,-35.55850327014923,1.0,158106
168288,72.61207466676554,0.953200101852417,47.66000509262085,-0.6839392,-0.16541302,-0.90166867,0.4216981,-20.0,1.0,160000
181641,72.5990363899828,0.9529446959495544,47.64723479747772,-1.0,-1.0,-0.83772624,0.89821136,-41.13464713096619,1.0,110246
155899,72.59763671072669,0.9529172778129578,47.64586389064789,-1.0,-0.77645713,-1.0,-0.21220326,-50.7351815700531,1.0,109398
185803,72.59210492678204,0.952808916568756,47.640445828437805,0.24614203,-0.5633311,-0.40622067,-0.24010634,-40.20961880683899,1.0,160000
150504,72.58913516284915,0.9527507424354552,47.637537121772766,-0.45559907,-0.4758458,-0.26932943,-0.6196661,-60.0,1.0,142012
202604,72.58256576401803,0.9526220560073853,47.63110280036926,-0.64174616,-1.0,-0.680138,1.0,-60.0,1.0,160000
164710,72.57648015363598,0.9525028467178344,47.62514233589173,0.15505373,-1.0,-1.0,1.0,-20.0,1.0,160000
135788,72.56942691160575,0.9523646831512452,47.618234157562256,-1.0,-1.0,-0.72838616,-0.24121273,-20.0,1.0,160000
123825,72.56632932066383,0.9523040056228638,47.61520028114319,-1.0,-0.43593228,-1.0,0.3900547,-49.64451909065247,1.0,83415
122608,72.55871616732489,0.9521548748016356,47.60774374008179,-1.0,-1.0,-0.25533694,1.0,-20.0,1.0,160000
194541,72.55517430825026,0.9520854949951172,47.60427474975586,-1.0,-1.0,-0.16705316,1.0,-20.0,1.0,125574
151007,72.55302606467802,0.9520434141159058,47.60217070579529,-1.0,-0.6860129,-0.7254549,1.0,-20.0,1.0,160000
154512,72.55270048084999,0.9520370364189148,47.60185182094574,-1.0,0.2582863,-0.87555623,1.0,-20.0,1.0,160000
135108,72.55104213261826,0.9520045518875122,47.60022759437561,-0.4878121,-1.0,-0.79212064,-0.9863281,-20.0,1.0,160000
153388,72.54580235312247,0.951901912689209,47.59509563446045,-1.0,-1.0,-1.0,-0.95619106,-32.80444145202637,1.0,160000
183111,72.54268038838359,0.9518407583236694,47.59203791618347,-0.44611734,-1.0,-0.60079885,0.2741891,-60.0,1.0,160000
129490,72.54000876225922,0.9517884254455566,47.58942127227783,-1.0,-1.0,-0.9810889,0.23537385,-20.0,1.0,131051
144519,72.5396436195017,0.9517812728881836,47.58906364440918,-1.0,0.2441268,-1.0,-0.051254988,-20.0,1.374423861503601,160000
172137,72.53869120521009,0.9517626166343688,47.588130831718445,-1.0,-1.0,-1.0,0.34963667,-20.0,1.0,160000
133069,72.53751057609797,0.951739490032196,47.5869745016098,-1.0,-0.6169046,-1.0,-0.3237505,-51.2444543838501,1.0,138855
124494,72.53590698870366,0.9517080783843994,47.58540391921997,-0.7661152,-0.7749678,-0.66296685,0.7992196,-20.0,1.0,132109
182667,72.52414630022899,0.9514777064323424,47.57388532161713,-1.0,-1.0,0.22852975,1.0,-39.75896716117859,1.0,160000
178348,72.51348707967,0.9512689113616944,47.56344556808472,-1.0,-1.0,-1.0,0.24687421,-20.0,1.0,160000
159287,72.50020178329078,0.951008677482605,47.55043387413025,-1.0,-1.0,-1.0,-0.5055667,-20.0,1.0,160000
130397,72.49685762565981,0.9509431719779968,47.54715859889984,0.04307425,-1.0,-0.5733982,0.5654767,-34.724299907684326,1.0,160000
138470,72.48934466459528,0.9507960081100464,47.53980040550232,-1.0,-0.17063367,-0.26413146,0.6238506,-20.0,1.0,122981
190075,72.4861009081045,0.9507324695587158,47.53662347793579,-1.0,-0.2554348,-1.0,0.87313306,-20.0,1.0,127464
203325,72.48416256367938,0.950694501399994,47.534725069999695,-1.0,-1.0,-1.0,-0.31452918,-24.13776397705078,1.0,160000
165874,72.47430345588424,0.9505013823509216,47.52506911754608,-1.0,-0.92999357,-1.0,-0.2765602,-60.0,1.0,108082
156190,72.45574752930057,0.9501379132270812,47.50689566135407,-1.0,-1.0,0.22202772,0.26625812,-28.19727897644043,1.0,160000
182664,72.44641473755419,0.9499551057815552,47.49775528907776,-0.7003168,-1.0,-0.2898668,1.0,-60.0,1.0,141033
196377,72.43924851595371,0.9498147368431092,47.49073684215546,-0.7896954,-1.0,-1.0,1.0,-30.448237657547,1.0,160000
144771,72.43924851595371,0.9498147368431092,47.49073684215546,-1.0,-1.0,-1.0,1.0,-43.11337113380432,1.0,160000
144773,72.43924851595371,0.9498147368431092,47.49073684215546,-1.0,-1.0,-1.0,1.0,-48.97887468338013,1.0,160000
170571,72.43924851595371,0.9498147368431092,47.49073684215546,-1.0,-1.0,-1.0,1.0,-20.0,1.0,160000
170578,72.43924851595371,0.9498147368431092,47.49073684215546,-1.0,-1.0,-1.0,1.0,-23.41492176055908,1.0,160000
170575,72.43924851595371,0.9498147368431092,47.49073684215546,-1.0,-1.0,-1.0,1.0,-20.0,1.0,160000
144776,72.43924851595371,0.9498147368431092,47.49073684215546,-1.0,-1.0,-1.0,1.0,-29.068491458892822,1.0,160000
118977,72.43924851595371,0.9498147368431092,47.49073684215546,-1.0,-1.0,-1.0,1.0,-23.392608165740967,1.0,160000
170576,72.43924851595371,0.9498147368431092,47.49073684215546,-1.0,-1.0,-1.0,1.0,-43.320335149765015,1.0,160000
196373,72.43924851595371,0.9498147368431092,47.49073684215546,-1.0,-1.0,-1.0,1.0,-20.0,1.0,144760
119306,72.43166842509046,0.9496662616729736,47.48331308364868,-1.0,-1.0,-0.82832193,-0.7601074,-20.0,1.0,160000
117566,72.43020170055162,0.949637532234192,47.4818766117096,-0.34741598,-1.0,0.11039668,-0.031437635,-49.83086109161377,1.0,160000
163455,72.42622449890779,0.9495596289634703,47.47798144817352,-1.0,-1.0,-1.0,1.0,-20.0,1.0,90804
188427,72.42145002224488,0.949466109275818,47.473305463790894,-0.46170175,-1.0,-0.083892405,1.0,-20.0,1.0,160000
138474,72.421294828768,0.9494630694389344,47.47315347194672,-1.0,-0.0048185587,0.20042104,0.4520557,-44.18395280838013,1.0,112943
156867,72.41919515130857,0.9494219422340392,47.471097111701965,-0.8355415,-1.0,-0.35294068,1.0,-35.978267192840576,1.0,160000
181648,72.4091258024557,0.9492247104644777,47.46123552322388,-1.0,-1.0,-0.8278,1.0,-22.9476261138916,1.0,160000
182661,72.40673398341868,0.949177861213684,47.45889306068421,-1.0,-1.0,-0.225371,1.0,-28.76049757003784,1.0,160000
117583,72.39790614168352,0.9490049481391908,47.450247406959534,-0.5843942,-0.9799685,-1.0,-0.8370168,-20.0,1.0,160000
170572,72.38588610386765,0.948769509792328,47.4384754896164,-1.0,-1.0,-0.87688804,1.0,-20.068552494049072,1.0,160000
151001,72.37710991584633,0.9485976099967957,47.42988049983978,-1.0,-0.68550944,-0.41652492,1.0,-23.620222806930546,1.0,135629
117106,72.3751775676791,0.9485597610473632,47.42798805236816,-0.9222744,-1.0,-1.0,-0.5365362,-20.0,1.0,123465
192466,72.36685475855599,0.9483967423439026,47.41983711719513,-0.8727001,-0.42999005,-0.78452486,-0.35689974,-54.57361102104187,1.0,160000
156194,72.3582763002427,0.9482287168502808,47.41143584251404,-1.0,-1.0,-1.0,0.46505415,-42.60105848312378,1.0,140393
181992,72.3537846933699,0.9481407403945924,47.407037019729614,-0.29835826,-1.0,-0.32237697,0.41668117,-20.0,1.0,160000
194545,72.35213837731258,0.9481084942817688,47.40542471408844,-1.0,-0.6431008,-0.08198047,1.0,-20.0,1.0,160000
135207,72.34632300763549,0.947994589805603,47.39972949028015,-1.0,-1.0,-1.0,0.36290693,-52.432652711868286,1.0,160000
122793,72.33838961504529,0.9478392004966736,47.39196002483368,-0.9616817,-1.0,-1.0,-0.76283395,-22.896395921707157,1.0,156462
159806,72.33570862743088,0.9477866888046264,47.38933444023132,-1.0,0.15014678,-0.13821149,1.0,-20.0,1.0,160000
158040,72.32940023016242,0.9476631283760072,47.383156418800354,-1.0,-1.0,-0.48205078,-0.741107,-20.0,1.0,160000
115059,72.32321354136627,0.9475419521331788,47.377097606658936,-1.0,-1.0,-0.28080815,-0.2864238,-20.0,1.0,94536
125202,72.31955873129925,0.9474703669548036,47.37351834774017,-1.0,-1.0,-0.36067784,1.0,-20.0,1.0,134682
198273,72.31010367160698,0.9472851753234864,47.36425876617432,-1.0,-1.0,-0.9925872,0.24318194,-20.0,1.0,104014
116022,72.30318352967024,0.9471496343612672,47.35748171806336,-1.0,-0.6320274,-1.0,-0.39498866,-25.3922700881958,1.0,160000
197296,72.30118112769975,0.9471104145050048,47.35552072525024,0.2776363,-1.0,-0.14794481,1.0,-59.7738254070282,1.0,160000
114891,72.2992974075634,0.9470735192298888,47.353675961494446,-0.5357536,-0.5270117,-0.6214867,0.29282516,-20.0,1.0,160000
121376,72.29918176718249,0.9470712542533876,47.35356271266937,-1.0,-0.8490414,-1.0,0.24454403,-20.0,1.0,160000
156860,72.29149775536948,0.9469207525253296,47.34603762626648,-1.0,-0.9690944,-0.67221665,1.0,-20.0,1.0,96751
133267,72.28818981854589,0.9468559622764589,47.34279811382294,-1.0,-1.0,0.006904006,0.07643795,-20.0,1.0,160000
193224,72.28812895489901,0.9468547701835632,47.34273850917816,-1.0,-1.0,-0.7539296,1.0,-43.22343111038208,1.0,160000
193434,72.2844406149397,0.9467825293540956,47.33912646770477,-1.0,-1.0,-1.0,-0.6749785,-20.0,1.0,125401
157675,72.26059103520763,0.9463154077529908,47.315770387649536,-1.0,0.007959604,-1.0,-0.034366727,-38.60813856124878,1.0,160000
136827,72.25976023647414,0.946299135684967,47.31495678424835,-1.0,-0.45983014,0.062885165,1.0,-33.05710554122925,1.0,140822
117156,72.2391788532841,0.9458960294723512,47.294801473617554,-1.0,-0.16751254,-0.433145,0.43649483,-20.0,1.0,160000
203059,72.23456528749936,0.9458056688308716,47.29028344154358,-1.0,-1.0,1.0,-0.21888113,-24.95399117469788,1.0,90664
159807,72.23426704876385,0.9457998275756836,47.28999137878418,0.20879531,-0.6661871,-0.60188365,1.0,-60.0,1.0,160000
178365,72.23186592122795,0.9457527995109558,47.28763997554779,-1.0,0.047815323,-0.89350516,1.0,-21.06364727020264,1.0,109767
195778,72.22776665215399,0.9456725120544434,47.28362560272217,-1.0,-0.68738425,-0.9694966,0.28258014,-20.0,1.0,160000
168334,72.22759927278847,0.9456692337989808,47.28346168994904,-0.65062964,-1.0,-1.0,0.12682283,-20.0,1.0,160000
118970,72.22596504089717,0.9456372261047364,47.281861305236816,-1.0,-1.0,-0.7354133,1.0,-20.0,1.0,160000
142422,72.22075192480511,0.945535123348236,47.27675616741181,-0.60134935,-1.0,-1.0,-0.044620514,-52.36800193786621,1.0,133479
152999,72.21863989430123,0.945493757724762,47.2746878862381,-1.0,-0.3384713,1.0,-0.5155622,-25.16040325164795,1.0,150899
128739,72.21738302221397,0.9454691410064696,47.273457050323486,-0.118837,-1.0,0.043848634,1.0,-55.57948350906372,1.0,160000
118972,72.21264159550131,0.9453762769699096,47.26881384849548,-0.4975798,-1.0,-0.7357849,1.0,-20.0,1.0,160000
118974,72.21144862910958,0.9453529119491576,47.267645597457886,-1.0,-0.08829054,-0.7337806,1.0,-20.9749698638916,1.0,145795
135344,72.20959526939644,0.9453166127204896,47.26583063602448,-1.0,-0.01034987,-1.0,-0.80044246,-58.67520809173584,1.0,133147
196370,72.20713020739468,0.9452683329582214,47.26341664791107,-0.31452388,-1.0,1.0,0.29329765,-20.0,1.0,129675
121038,72.2020631273095,0.9451690912246704,47.25845456123352,-1.0,-0.5184039,-1.0,0.926716,-20.0,1.0,160000
149409,72.2005840856385,0.9451401233673096,47.25700616836548,0.15467036,-0.9045665,-1.0,1.0,-20.0,1.0,84351
133026,72.19974109233165,0.9451236128807068,47.25618064403534,-1.0,-1.0,-1.0,0.94006914,-20.0,1.0,160000
124158,72.18337417983871,0.9448030591011048,47.24015295505524,-1.0,-0.40774977,-1.0,-0.71288204,-27.640247344970703,1.0,160000
180340,72.1772266671677,0.9446826577186584,47.23413288593292,-1.0,-1.0,0.025376081,1.0,-20.0,1.0,160000
118979,72.17343467847967,0.9446083903312684,47.230419516563416,-0.5818926,0.25175607,-1.0,0.4821058,-30.765031576156616,1.0,98613
178256,72.1608261194723,0.944361448287964,47.21807241439819,-1.0,-1.0,-0.11146724,0.26605403,-42.09296107292175,1.0,160000
162817,72.15620935508386,0.9442710280418396,47.21355140209198,-0.29308248,-0.46863422,-0.3270024,1.0,-49.35198426246643,1.0,160000
185630,72.15049392806293,0.9441590905189514,47.20795452594757,-1.0,-1.0,0.08402622,1.0,-20.0,1.0,160000
162956,72.13541401985782,0.9438637495040894,47.19318747520447,-1.0,-1.0,-1.0,0.11287475,-20.0,1.0,160000
162626,72.11876057456477,0.9435375928878784,47.17687964439392,-1.0,-1.0,0.09571087,1.0,-20.0,1.0,160000
137474,72.11606411732373,0.9434847831726074,47.17423915863037,-0.86357623,-1.0,-1.0,-0.6274376,-41.39636635780335,1.0,119259
133608,72.09500668712664,0.9430723786354064,47.153618931770325,-1.0,-0.6512857,-1.0,-0.25749576,-20.0,1.0,160000
145179,72.09399930996972,0.9430526494979858,47.15263247489929,-0.6033191,-1.0,0.776495,-0.5366254,-30.987486839294437,1.0,141338
201898,72.09194803307668,0.9430124759674072,47.15062379837036,-0.27649176,0.081899524,-1.0,0.3213513,-20.0,1.0,131392
188420,72.08242813673445,0.9428260326385498,47.14130163192749,-1.0,-0.87433577,0.11701602,1.0,-20.0,1.0,160000
188419,72.07933294462202,0.9427654147148132,47.13827073574066,-1.0,-1.0,0.1129995,1.0,-27.27637529373169,1.0,160000
122765,72.0774186103614,0.9427279233932496,47.13639616966248,-0.6596958,-0.18462896,-1.0,-0.058135986,-47.32222080230713,1.0,160000
181440,72.07712035146298,0.9427220821380616,47.13610410690308,-1.0,-1.0,-0.9624409,1.0,-22.318289279937744,1.0,160000
189155,72.0731608087753,0.9426445364952089,47.13222682476044,-0.36005676,-0.2673747,1.0,0.32779408,-20.0,1.0,130827
188426,72.06534822468257,0.9424915313720704,47.12457656860352,-1.0,-1.0,0.09549528,1.0,-20.0,1.0,118960
177966,72.06420692172284,0.9424691796302797,47.12345898151398,-1.0,-1.0,-1.0,0.64098406,-26.08154296875,1.0,152861
176095,72.05619952433955,0.9423123598098756,47.115617990493774,-0.47003627,-1.0,-1.0,1.0,-33.636146783828735,1.0,150138
150294,72.05619952433955,0.9423123598098756,47.115617990493774,-1.0,-1.0,-1.0,1.0,-31.052111387252808,1.0,160000
201892,72.05619952433955,0.9423123598098756,47.115617990493774,-1.0,-1.0,-1.0,1.0,-20.27533888816833,1.0,160000
150296,72.05619952433955,0.9423123598098756,47.115617990493774,-1.0,-1.0,-1.0,1.0,-40.6574010848999,1.0,160000
201890,72.05619952433955,0.9423123598098756,47.115617990493774,-1.0,-1.0,-1.0,1.0,-49.911274909973145,1.0,160000
201894,72.05619952433955,0.9423123598098756,47.115617990493774,-0.6671554,-1.0,-1.0,1.0,-20.0,1.0,160000
150298,72.05619952433955,0.9423123598098756,47.115617990493774,-0.9761957,-0.24295855,-1.0,1.0,-50.7769501209259,1.0,160000
196780,72.04347467509047,0.9420631527900696,47.10315763950348,-1.0,-0.6230408,-0.8875187,-0.33200717,-20.0,1.0,160000
132595,72.02841841889826,0.9417682886123656,47.088414430618286,-0.9381087,-0.07482517,-0.66742325,0.19236207,-32.550450563430786,1.0,89374
186974,72.02488184319232,0.9416990280151368,47.08495140075684,-1.0,-1.0,-1.0,0.5241476,-35.24400353431702,1.0,160000
146225,72.02136352326704,0.9416301250457764,47.08150625228882,-1.0,-1.0,-1.0,0.60824645,-37.45551586151123,1.0,149555
129845,72.02074872978937,0.9416180849075316,47.08090424537659,-1.0,-1.0,-1.0,1.0,-20.0,1.0,94354
117352,72.0062553827152,0.9413342475891112,47.066712379455566,-0.0737561,-0.26410526,-0.16003609,-0.28836584,-44.244186878204346,1.0,160000
152562,72.00428316046313,0.9412956237792968,47.06478118896485,-1.0,-1.0,-1.0,0.7268239,-60.0,1.0,160000
129839,71.99989739475936,0.9412097334861756,47.06048667430878,-0.061749578,-0.07213682,-1.0,1.0,-20.0,1.0,160000
181442,71.99989739475936,0.9412097334861756,47.06048667430878,-1.0,-1.0,-1.0,1.0,-20.0,1.0,160000
129844,71.99989739475936,0.9412097334861756,47.06048667430878,-0.40004474,-0.7654606,-1.0,1.0,-27.463366985321045,1.0,160000
181447,71.99989739475936,0.9412097334861756,47.06048667430878,-0.70285356,-1.0,-1.0,1.0,-20.0,1.0,160000
129847,71.99989739475936,0.9412097334861756,47.06048667430878,-1.0,-1.0,-1.0,1.0,-20.893337726593018,1.0,160000
129848,71.99989739475936,0.9412097334861756,47.06048667430878,-0.48672992,-0.40940616,-1.0,1.0,-20.0,1.0,154487
181443,71.99989739475936,0.9412097334861756,47.06048667430878,-0.18289506,-0.6508438,-1.0,1.0,-60.0,1.0,133246
181446,71.99989739475936,0.9412097334861756,47.06048667430878,-1.0,-1.0,-1.0,1.0,-20.0,1.0,160000
184371,71.9850630359879,0.9409192204475404,47.04596102237701,0.10441208,-1.0,-1.0,1.0,-48.064115047454834,1.0,106512
121125,71.98500216439733,0.9409180283546448,47.04590141773224,-1.0,-1.0,-1.0,-0.33755255,-31.88377261161804,1.0,160000
152546,71.98460345543941,0.9409102201461792,47.04551100730896,-1.0,-0.83168066,-1.0,0.33069313,-20.0,1.0,160000
137965,71.9823238128231,0.9408655762672424,47.04327881336212,-1.0,-1.0,-1.0,0.856038,-22.91138768196106,1.0,148309
133024,71.97299825536298,0.9406829476356506,47.03414738178253,-1.0,-1.0,-1.0,1.0,-23.999451398849487,1.0,93949
200123,71.96981465237874,0.9406206011772156,47.03103005886078,-0.46284384,-1.0,-1.0,0.30591846,-20.0,1.0,109489
161477,71.9634930873492,0.9404968023300172,47.02484011650085,-0.72052604,-0.055119872,-0.67589235,-0.27703643,-20.0,1.0,159125
198431,71.95833720973486,0.9403958320617676,47.01979160308838,-0.21114945,-0.59375334,-1.0,1.0,-20.0,1.0,111965
198435,71.95730238048935,0.940375566482544,47.0187783241272,-1.0,-1.0,-1.0,1.0,-24.11327600479126,1.0,160000
121036,71.95730238048935,0.940375566482544,47.0187783241272,-1.0,-0.5416218,-1.0,1.0,-40.5456268787384,1.0,126863
146838,71.95730238048935,0.940375566482544,47.0187783241272,-1.0,-1.0,-1.0,1.0,-20.0,1.0,160000
198434,71.95730238048935,0.940375566482544,47.0187783241272,-1.0,-1.0,-1.0,1.0,-20.0,1.0,156191
121035,71.95730238048935,0.940375566482544,47.0187783241272,-1.0,-0.00090783834,-1.0,1.0,-20.0,1.0,160000
172633,71.95730238048935,0.940375566482544,47.0187783241272,-1.0,-1.0,-1.0,1.0,-20.0,1.0,160000
172630,71.95730238048935,0.940375566482544,47.0187783241272,-0.4946785,-0.91068745,-1.0,1.0,-20.0,1.0,160000
146832,71.95730238048935,0.940375566482544,47.0187783241272,-1.0,-0.4322949,-1.0,1.0,-47.36952066421509,1.0,137924
158823,71.95613971884184,0.9403527975082396,47.01763987541199,-0.9675882,-1.0,-0.99095607,1.0,-35.1826810836792,1.0,75218
124496,71.94064156569229,0.9400492906570436,47.00246453285217,-1.0,-1.0,-0.9386653,1.0,-20.0,1.0,160000
181640,71.9362374171373,0.9399630427360536,46.99815213680267,-1.0,-0.92878115,-0.72255135,1.0,-33.774017691612244,1.0,134242
181444,71.92365495877166,0.939716637134552,46.9858318567276,-0.78042537,-1.0,-0.8873544,1.0,-26.529459953308105,1.0,160000
189150,71.9209674049325,0.9396640062332152,46.98320031166077,-1.0,-1.0,-0.8400359,0.7573564,-20.0,1.0,93218
198429,71.90662561497705,0.9393831491470336,46.969157457351685,-1.0,-1.0,-0.9678055,1.0,-33.78057658672333,1.0,160000
180158,71.90372498317993,0.9393263459205629,46.96631729602814,-1.0,-1.0,-1.0,-0.18724835,-42.781081199646,1.0,160000
188788,71.893059879524,0.9391174912452698,46.95587456226349,0.061882377,-1.0,-1.0,1.0,-20.0,1.0,160000
185621,71.88184381390224,0.9388978481292723,46.94489240646362,-1.0,-1.0,0.20812953,-0.18806577,-41.55415415763855,1.0,160000
154295,71.87262133631361,0.938717246055603,46.93586230278015,0.12668121,0.15228856,-0.40463728,0.64268637,-48.143545389175415,1.0,100404
140990,71.87182083568814,0.9387015700340272,46.93507850170136,-1.0,-1.0,-0.17886686,-0.20719504,-20.0,1.0,160000
176355,71.87119991485886,0.9386894106864928,46.934470534324646,-1.0,-1.0,-1.0,0.5865798,-43.5075569152832,1.0,110667
161995,71.87021678986932,0.9386701583862304,46.93350791931152,-0.6855988,-0.687801,-0.9516125,0.27092516,-33.38822305202484,1.0,160000
129841,71.84780264344263,0.9382312297821044,46.911561489105225,-1.0,-1.0,-0.78016365,1.0,-29.743447303771973,1.0,132083
202600,71.83812041935792,0.938041627407074,46.9020813703537,-1.0,-0.5383209,-0.1795938,1.0,-20.0,1.0,160000
188612,71.83449528187909,0.9379706382751464,46.89853191375733,-0.35050148,-1.0,-0.56181985,1.0,-20.0,1.0,160000
132762,71.82725412110119,0.9378288388252258,46.89144194126129,-1.0,-1.0,-1.0,-0.23809683,-37.66008138656616,1.0,160000
161998,71.81252822634478,0.9375404715538024,46.877023577690125,-1.0,-0.0692423,-1.0,0.33517683,-26.33345365524292,1.0,160000
201061,71.8096792204903,0.9374846816062928,46.87423408031464,-0.216851,-1.0,-1.0,0.74528193,-60.0,1.0,160000
161170,71.7992724051185,0.9372808933258056,46.86404466629028,-1.0,-1.0,-1.0,0.59756577,-43.910202980041504,1.0,160000
118726,71.79800008575256,0.9372559785842896,46.86279892921448,-1.0,-0.7892167,-1.0,-0.13815248,-45.32371520996094,1.0,160000
173113,71.78898120836047,0.93707937002182,46.853968501091,-1.0,-1.0,-1.0,-0.2028681,-20.0,1.0,160000
155641,71.78674702939682,0.9370356202125548,46.85178101062775,0.1483525,-1.0,-0.6218239,1.0,-20.0,1.0,160000
149492,71.77209392694692,0.9367486834526062,46.83743417263031,-0.58696836,-0.83266175,1.0,0.55437195,-56.637994050979614,1.0,160000
196300,71.7597997372409,0.9365079402923584,46.82539701461792,-1.0,-1.0,-0.73632264,-0.8712903,-28.72568130493164,1.0,140132
129563,71.75865219499374,0.936485469341278,46.824273467063904,-1.0,-0.913693,-1.0,-0.9249151,-60.0,1.0,160000
179842,71.7531762493915,0.9363782405853271,46.81891202926636,-1.0,-0.76074773,-1.0,-0.23174226,-26.18035197257996,1.0,102730
142905,71.73503765663636,0.9360230565071106,46.80115282535553,-1.0,-0.4464687,-1.0,-0.6575793,-33.74578356742859,1.0,160000
117364,71.72233233743492,0.935774266719818,46.788713335990906,-1.0,-1.0,-0.57576793,-0.8163531,-20.0,1.0,104360
198437,71.70221493013273,0.9353803396224976,46.76901698112488,-0.7778659,-0.73979235,-0.8933667,1.0,-20.0,1.0,160000
154546,71.70020896316902,0.9353410601615906,46.76705300807953,-1.0,-1.0,0.24757397,1.0,-30.46145081520081,1.0,160000
120984,71.69974932557392,0.9353320598602296,46.76660299301148,-1.0,-0.49558344,-1.0,-0.0495131,-20.0,1.1036256551742554,160000
140862,71.67664556817837,0.9348796606063844,46.743983030319214,-0.49340653,-1.0,-0.92938954,-0.14955056,-24.142221212387085,1.0,160000
135332,71.67559843581554,0.9348591566085817,46.74295783042908,-0.759461,-0.70043486,-1.0,-0.56134784,-29.5981502532959,1.173276662826538,160000
199833,71.66565978638377,0.93466454744339,46.733227372169495,-1.0,-0.642445,-1.0,-0.35196292,-20.0,1.0,160000
164269,71.644491688372,0.9342500567436218,46.71250283718109,-0.658721,-1.0,-1.0,1.0,-25.435327291488647,1.0,100080
162809,71.63823315060529,0.9341275095939636,46.70637547969818,-0.6318476,-1.0,-0.6720412,1.0,-20.0,1.0,148709
184622,71.62682101578942,0.9339040517807008,46.69520258903504,-1.0,-1.0,-1.0,1.0,-41.51266574859619,1.0,160000
158820,71.62682101578942,0.9339040517807008,46.69520258903504,-1.0,-1.0,-1.0,1.0,-22.85313487052917,1.0,152873
158821,71.62682101578942,0.9339040517807008,46.69520258903504,-1.0,-1.0,-1.0,1.0,-20.0,1.0,160000
133023,71.62682101578942,0.9339040517807008,46.69520258903504,-1.0,-1.0,-1.0,1.0,-20.0,1.0,154729
158827,71.62682101578942,0.9339040517807008,46.69520258903504,-1.0,-1.0,-1.0,1.0,-20.0,1.0,160000
184620,71.62682101578942,0.9339040517807008,46.69520258903504,-0.398129,-1.0,-1.0,1.0,-24.1447651386261,1.0,160000
156051,71.6181302212154,0.9337338805198668,46.68669402599335,-1.0,-1.0,-1.0,1.0,-20.0,1.0,89420
188860,71.5920545940567,0.933223307132721,46.66116535663605,-1.0,-1.0,-1.0,0.07681286,-20.0,1.0,149865
174204,71.59075476217889,0.933197855949402,46.65989279747009,-1.0,-1.0,-0.12937617,1.0,-46.03662729263306,1.0,160000
145302,71.58199685915179,0.9330263733863832,46.65131866931915,-1.0,-1.0,-0.0688566,-0.5818229,-25.57136058807373,1.0,160000
125207,71.57752504927203,0.932938814163208,46.6469407081604,-0.96919775,-0.31899717,0.2775727,0.75383055,-20.0,1.0,147874
177560,71.57656615083987,0.9329200387001038,46.64600193500519,-1.0,-0.9224249,-0.1501826,-0.87514424,-20.0,1.0,142456
156324,71.5752054276076,0.9328933954238892,46.64466977119446,-0.8953108,-1.0,-1.0,0.35530877,-20.0,1.0,135789
174235,71.57196038859827,0.9328298568725586,46.64149284362793,-1.0,-1.0,-1.0,-0.1004591,-37.71136164665222,1.0,160000
134208,71.56520850081768,0.9326976537704468,46.63488268852234,-0.9175325,-0.71202874,-0.7626587,0.53737766,-20.0,1.0,160000
137184,71.55864228590198,0.9325690865516664,46.62845432758331,0.16383803,-0.8803448,-1.0,1.0,-20.860129594802856,1.0,160000
126608,71.5584870344153,0.9325660467147828,46.628302335739136,-1.0,-1.0,-1.0,-0.70336545,-24.61674928665161,1.0,160000
144692,71.55786907251004,0.9325539469718932,46.627697348594666,-1.0,-1.0,-0.64459616,-0.83706284,-20.0,1.0,152908
121443,71.55536373754373,0.9325048923492432,46.62524461746216,-1.0,-1.0,0.99439,-0.2552086,-20.0,1.0,160000
156049,71.5325629312153,0.9320584535598756,46.602922677993774,-1.0,-0.63493943,-1.0,1.0,-20.0,1.0,129054
130257,71.5325629312153,0.9320584535598756,46.602922677993774,-1.0,-1.0,-1.0,1.0,-60.0,1.0,134869
181849,71.5325629312153,0.9320584535598756,46.602922677993774,-1.0,-0.7014886,-1.0,1.0,-20.0,1.0,160000
130256,71.5325629312153,0.9320584535598756,46.602922677993774,-0.48028988,-0.43812966,-1.0,1.0,-20.0,1.0,155043
181852,71.5325629312153,0.9320584535598756,46.602922677993774,-1.0,-0.19253218,-1.0,1.0,-44.69911575317383,1.0,160000
130252,71.5325629312153,0.9320584535598756,46.602922677993774,-0.45853502,-1.0,-1.0,1.0,-20.0,1.0,160000
156057,71.5325629312153,0.9320584535598756,46.602922677993774,-0.35190243,-1.0,-1.0,1.0,-50.35888671875,1.0,143956
130250,71.5325629312153,0.9320584535598756,46.602922677993774,-1.0,-1.0,-1.0,1.0,-23.4590482711792,1.0,160000
172631,71.52896470557783,0.931988000869751,46.59940004348755,-1.0,0.18181062,-0.85225993,1.0,-20.0,1.0,160000
135372,71.52626451050459,0.9319351315498352,46.59675657749176,-0.87256837,-0.26512083,-1.0,0.78675336,-24.757291078567505,1.0,156931
162816,71.52199046347143,0.9318514466285706,46.59257233142853,-1.0,-1.0,-1.0,0.87629783,-20.0,1.0,160000
192506,71.51708017013695,0.931755304336548,46.58776521682739,-1.0,-1.0,-1.0,0.18094563,-23.82181167602539,1.0,160000
120424,71.51663571652607,0.9317466020584106,46.58733010292053,-1.0,-1.0,-1.0,0.6690192,-41.06383085250855,1.0,160000
151191,71.51359151136683,0.9316869974136353,46.58434987068176,-1.0,-1.0,-0.9379989,0.55321777,-20.0,1.0,160000
137183,71.48657401117067,0.9311580061912536,46.55790030956268,-0.54795253,-0.95411634,-0.88683265,1.0,-20.0,1.0,160000
156050,71.48189804824439,0.9310664534568788,46.55332267284393,-0.7202554,-0.43480703,-0.9878807,1.0,-24.065662622451782,1.0,160000
182663,71.48174887999711,0.9310635328292848,46.55317664146423,-0.9837333,-0.6551058,-1.0,1.0,-32.732828855514526,1.0,114545
198910,71.48060424169054,0.9310411214828492,46.552056074142456,-1.0,-1.0,-1.0,-0.17542863,-20.057756900787357,1.0,160000
114870,71.4777395991336,0.9309850335121156,46.549251675605774,-1.0,-0.023530126,-0.3534906,-0.40968573,-49.28388595581055,1.0,160000
196336,71.47733775737944,0.9309771656990052,46.548858284950256,-0.11687553,-1.0,-1.0,-0.119321585,-20.0,1.0,160000
152166,71.47106353709023,0.930854320526123,46.54271602630615,-1.0,-1.0,-1.0,0.702724,-20.0,1.0,160000
179868,71.4612488072464,0.9306621551513672,46.53310775756836,-0.70915014,-0.52893215,-0.87124133,-0.04463482,-41.13985180854797,1.0,160000
156859,71.4511844029015,0.9304651021957396,46.52325510978699,-0.8962102,-0.82450134,-1.0,1.0,-39.37396049499512,1.0,160000
131063,71.4511844029015,0.9304651021957396,46.52325510978699,-1.0,-1.0,-1.0,1.0,-35.156177282333374,1.0,160000
131066,71.4511844029015,0.9304651021957396,46.52325510978699,-1.0,-1.0,-1.0,1.0,-20.0,1.0,160000
131068,71.4511844029015,0.9304651021957396,46.52325510978699,-0.9810662,-1.0,-1.0,1.0,-49.283952713012695,1.0,135118
182665,71.4511844029015,0.9304651021957396,46.52325510978699,-1.0,-1.0,-1.0,1.0,-59.61063981056213,1.0,160000
158773,71.41155956060962,0.9296892881393432,46.48446440696716,-0.7124232,-0.025350451,-1.0,-0.07834935,-38.737709522247314,1.0,160000
180377,71.39097665229275,0.9292863011360168,46.46431505680084,-1.0,-0.82089967,-1.0,0.6801568,-20.0,1.0,160000
148522,71.38971019298636,0.9292615056037904,46.46307528018952,-1.0,0.05393982,-1.0,0.33314633,-20.0,1.0,158537
181859,71.38855941924919,0.9292389750480652,46.46194875240326,-1.0,-0.4898852,0.34568924,0.03200829,-37.536799907684326,1.0,160000
155841,71.37885088407882,0.9290488958358764,46.45244479179382,-0.8679825,-1.0,-0.6156912,1.0,-25.75963258743286,1.0,134060
129718,71.37353233044638,0.928944766521454,46.44723832607269,0.079159975,-0.5746405,-1.0,-0.25298595,-48.08933734893799,1.0,160000
153918,71.35361580330668,0.9285548329353333,46.42774164676666,-1.0,-0.818169,-1.0,1.0,-25.11271476745605,1.0,160000
153915,71.35361580330668,0.9285548329353333,46.42774164676666,-1.0,-0.76982456,-1.0,1.0,-20.0,1.0,160000
179711,71.35361580330668,0.9285548329353333,46.42774164676666,-1.0,-1.0,-1.0,1.0,-60.0,1.0,160000
153912,71.35361580330668,0.9285548329353333,46.42774164676666,-0.6572676,-1.0,-1.0,1.0,-20.0,1.0,160000
179709,71.35361580330668,0.9285548329353333,46.42774164676666,-1.0,-0.0011946559,-1.0,1.0,-47.793569564819336,1.0,160000
128117,71.35361580330668,0.9285548329353333,46.42774164676666,-1.0,-1.0,-1.0,1.0,-20.0,1.0,160000
128115,71.35361580330668,0.9285548329353333,46.42774164676666,-1.0,-1.0,-1.0,1.0,-20.0,1.0,160000
153909,71.35361580330668,0.9285548329353333,46.42774164676666,-1.0,-1.0,-1.0,1.0,-38.81418228149414,1.0,160000
179716,71.35361580330668,0.9285548329353333,46.42774164676666,-1.0,-1.0,-1.0,1.0,-20.0,1.0,160000
203063,71.33629296969907,0.9282156825065612,46.410784125328064,-1.0,-1.0,-0.92051476,0.150522,-20.0,1.0,160000
134161,71.33454545675326,0.9281814694404602,46.40907347202301,-0.72971755,-1.0,-1.0,0.123879194,-38.9316725730896,1.0,160000
138384,71.28225643953239,0.9271577596664428,46.357887983322144,-1.0,-1.0,-1.0,-0.5371531,-30.726137161254883,1.0,160000
140696,71.28199765534055,0.927152693271637,46.35763466358185,-1.0,-1.0,-1.0,0.42878938,-20.0,1.0,160000
164278,71.27336337977262,0.926983654499054,46.3491827249527,-1.0,-1.0,-1.0,1.0,-60.0,1.0,160000
164270,71.27336337977262,0.926983654499054,46.3491827249527,-1.0,-1.0,-1.0,1.0,-42.29774117469788,1.0,160000
190077,71.27336337977262,0.926983654499054,46.3491827249527,-1.0,-1.0,-1.0,1.0,-20.0,1.0,160000
138473,71.27336337977262,0.926983654499054,46.3491827249527,-1.0,-0.7826541,-1.0,1.0,-51.95367455482483,1.0,160000
138477,71.27336337977262,0.926983654499054,46.3491827249527,-1.0,-0.49539465,-1.0,1.0,-20.0,1.0,160000
164276,71.27336337977262,0.926983654499054,46.3491827249527,-1.0,-0.43615472,-1.0,1.0,-55.67027807235718,1.0,160000
164272,71.27336337977262,0.926983654499054,46.3491827249527,-0.50936455,-1.0,-1.0,1.0,-41.74249529838562,1.0,160000
140078,71.2731928859852,0.9269803166389464,46.34901583194733,-1.0,-1.0,-0.91823506,-0.13365746,-47.581114768981934,1.0,160000
120474,71.26826682774166,0.9268838763237,46.344193816185,-0.15056342,-1.0,-0.48432556,-0.39925206,-28.2796311378479,1.0,160000
198430,71.23839057004946,0.926298975944519,46.31494879722595,-1.0,-1.0,-0.6773306,1.0,-30.729206204414368,1.0,160000
164857,71.20236681743917,0.9255937337875366,46.27968668937683,-1.0,-0.7466709,-1.0,-0.27235925,-39.96410608291626,1.0,160000
156055,71.18014396455455,0.925158679485321,46.25793397426605,-0.99493265,-0.5678154,-0.9401142,1.0,-60.0,1.0,160000
130965,71.17420687231335,0.925042450428009,46.25212252140045,-0.9020269,-1.0,-1.0,-0.0031820536,-20.0,1.0,160000
163760,71.17164935079076,0.9249923825263976,46.249619126319885,-0.510446,-0.20432991,-1.0,1.0,-41.27277970314026,1.0,139554
163763,71.17164935079076,0.9249923825263976,46.249619126319885,-0.20315337,-1.0,-1.0,1.0,-20.478243827819824,1.0,160000
163767,71.17164935079076,0.9249923825263976,46.249619126319885,-1.0,-0.82440746,-1.0,1.0,-30.339649319648743,1.0,160000
189567,71.17164935079076,0.9249923825263976,46.249619126319885,-1.0,-1.0,-1.0,1.0,-20.0,1.0,160000
189566,71.17164935079076,0.9249923825263976,46.249619126319885,-1.0,-1.0,-1.0,1.0,-25.248844623565677,1.0,160000
163766,71.17164935079076,0.9249923825263976,46.249619126319885,-1.0,-1.0,-1.0,1.0,-20.0,1.0,160000
189568,71.17164935079076,0.9249923825263976,46.249619126319885,-1.0,-0.28039932,-1.0,1.0,-22.68911123275757,1.0,160000
189565,71.17164935079076,0.9249923825263976,46.249619126319885,-1.0,-0.53327525,-1.0,1.0,-20.0,1.0,160000
163764,71.17164935079076,0.9249923825263976,46.249619126319885,-0.40632194,-0.80669564,-1.0,1.0,-56.06981039047241,1.0,160000
189562,71.17164935079076,0.9249923825263976,46.249619126319885,-0.5723637,-1.0,-1.0,1.0,-36.69443607330322,1.0,160000
195285,71.15976292659151,0.9247596859931946,46.23798429965973,-0.5744283,0.06406176,0.60389936,-0.5060321,-21.964104175567627,1.0,160000
147626,71.14354077827235,0.9244421124458312,46.222105622291565,0.11973667,0.51776516,-0.7118164,1.0,-29.63295817375183,1.0,160000
194557,71.1336302298199,0.9242480993270874,46.21240496635437,-1.0,-0.94210666,-1.0,0.28894627,-20.0,1.0,115307
162587,71.12798226314214,0.924137532711029,46.20687663555145,-1.0,-1.0,-1.0,-0.11109984,-24.189096689224243,1.0,160000
135370,71.11378768745962,0.9238596558570862,46.19298279285431,-1.0,-1.0,-1.0,0.8258909,-20.0,1.0,160000
128770,71.10648636683855,0.9237167239189148,46.18583619594574,-1.0,-0.14374319,-1.0,0.7039734,-42.47881770133972,1.0,160000
149978,71.09483099806158,0.9234885573387146,46.17442786693573,-1.0,-0.3702823,-1.0,0.51129925,-20.0,1.0,129752
142661,71.08895761903617,0.9233735799789428,46.16867899894714,-0.79385334,-1.0,-1.0,1.0,-20.040143728256226,1.0,77175
138261,71.06272056751492,0.9228599667549132,46.14299833774567,-0.024917483,-1.0,-0.47950652,-0.0428977,-38.23688507080078,1.0,136388
142943,71.05006321839441,0.922612190246582,46.1306095123291,-1.0,-0.040370762,0.32358795,1.0,-20.0,1.0,160000
163453,71.02805503138121,0.9221813678741456,46.10906839370728,-1.0,-0.9362556,-0.43454558,1.0,-31.37934148311615,1.0,160000
198405,71.02514413695994,0.9221243858337402,46.10621929168701,-1.0,0.028475046,-1.0,1.0,-49.93993043899536,1.0,160000
173703,71.01480677705993,0.9219220280647278,46.09610140323639,-1.0,-0.41560704,-1.0,0.47362244,-20.0,1.0,160000
186978,71.00469469149769,0.9217240810394288,46.08620405197144,-1.0,-1.0,-1.0,0.8350047,-43.59612226486206,1.0,160000
155844,71.00010602439139,0.9216342568397522,46.08171284198761,-0.62988186,-0.56793356,-0.55670154,1.0,-20.81145405769348,1.0,146852
140694,70.99618113835402,0.9215574264526368,46.07787132263184,-1.0,-1.0,-1.0,0.4480126,-52.86333560943604,1.0,160000
117350,70.97838052062347,0.9212089776992798,46.06044888496399,-1.0,-0.31663734,-1.0,0.012453318,-20.0,1.0,108368
190684,70.97816737517232,0.9212048053741456,46.06024026870728,-1.0,-0.7747561,-1.0,0.25989544,-20.0,1.0,106326
123732,70.96317406366691,0.9209113121032716,46.04556560516357,-0.70864034,-1.0,-0.2817369,0.14192998,-30.3476083278656,1.0,160000
173194,70.94366494595549,0.9205294251441956,46.02647125720978,-1.0,-0.60206366,0.32224262,-0.61904514,-30.187953114509583,1.0,160000
148204,70.93201481170388,0.9203013777732848,46.015068888664246,-0.42251718,-1.0,-1.0,-0.9707068,-22.02594518661499,1.0,110235
189898,70.92124462513162,0.9200905561447144,46.00452780723572,-1.0,-1.0,-1.0,0.26210856,-39.79145288467407,1.0,129142
200850,70.9201819151577,0.9200697541236876,46.00348770618439,-1.0,-0.58831084,-1.0,0.2460891,-48.40001940727234,1.0,160000
133761,70.91420758768022,0.9199528098106384,45.99764049053192,-0.640069,-1.0,-1.0,-0.6100099,-20.0,1.0,83200
155646,70.90208227193332,0.9197154641151428,45.98577320575714,-0.021820068,-0.14618516,-0.429785,1.0,-20.0,1.0,160000
184369,70.87994167547447,0.919282078742981,45.96410393714905,-1.0,-1.0,-1.0,0.1492014,-20.0,1.0,144936
133057,70.87595871967379,0.9192041158676147,45.96020579338074,-1.0,-0.2703026,-1.0,-0.25445592,-20.0,1.0,160000
126677,70.86751470778034,0.9190388321876526,45.95194160938263,-1.0,-0.89647275,-0.34172654,-0.8384968,-32.86665916442871,1.0,160000
186971,70.86659509111715,0.9190208315849304,45.95104157924652,-1.0,-1.0,-0.8328388,1.0,-20.0,1.0,107902
140971,70.86090685766774,0.91890949010849,45.9454745054245,-1.0,0.097991526,-1.0,0.18296039,-60.0,1.0,115148
128113,70.85489582842115,0.9187918305397034,45.93959152698517,-1.0,-0.67348075,-0.8698342,1.0,-20.0,1.0,160000
154068,70.85196034515991,0.91873437166214,45.936718583107,-0.041306138,-1.0,0.023842096,-0.04593265,-20.0,1.0,160000
137011,70.84741703762883,0.918645441532135,45.93227207660675,0.34804767,-1.0,-0.5199226,1.0,-29.14921760559082,1.0,160000
162167,70.83691440947962,0.9184398651123048,45.921993255615234,-0.7173872,-0.48702788,-0.7415077,0.5505296,-20.0,1.0,160000
168916,70.83567504124133,0.9184156060218812,45.920780301094055,-1.0,-0.75166607,-0.9259051,0.5672797,-55.4060435295105,1.0,160000
166493,70.8326542685584,0.918356478214264,45.9178239107132,-1.0,-1.0,-1.0,0.45166814,-20.0,1.0,160000
179020,70.77739044905859,0.91727477312088,45.863738656044006,-1.0,0.13300097,-1.0,1.0,-20.0,1.0,138385
142660,70.77160453791365,0.9171615242958068,45.85807621479034,-0.877735,-1.0,1.0,1.0,-20.0,1.0,127466
161169,70.76258457654738,0.9169849753379822,45.84924876689911,-0.83857584,-1.0,-0.5400363,1.0,-60.0,1.0,99417
135371,70.75133545732284,0.916764795780182,45.83823978900909,-1.0,-1.0,-0.8525796,1.0,-26.98804616928101,1.0,160000
181289,70.74463590033162,0.916633665561676,45.8316832780838,-1.0,-0.6963192,-1.0,-0.9306468,-20.0,1.0,160000
127420,70.74232454842178,0.9165884256362916,45.829421281814575,-0.18942326,-0.83594877,-1.0,0.5944273,-20.0,1.0,89658
154570,70.73074643538658,0.9163618087768556,45.81809043884277,-0.7885834,-0.7040966,-1.0,0.9168297,-36.34590446949005,1.0,157792
120561,70.67911924394943,0.9153513312339784,45.767566561698914,-0.28356904,-1.0,-1.0,-0.96638024,-32.83897280693054,1.0,160000
115315,70.67059834105967,0.9151845574378968,45.75922787189484,0.23641789,-1.0,-1.0,0.6624143,-24.10008430480957,1.0,160000
172304,70.6652933161264,0.915080726146698,45.7540363073349,-1.0,-0.04449129,-1.0,0.835903,-20.0,1.0,160000
177613,70.65797528413825,0.9149374961853028,45.74687480926514,-1.0,-1.0,-1.0,-0.42940807,-20.0,1.0,150748
120871,70.64720375426717,0.9147266745567322,45.73633372783661,-0.45256293,-0.25849706,-1.0,0.67254573,-32.91537821292877,1.0,160000
181642,70.63471151484589,0.9144821763038636,45.724108815193176,-1.0,-1.0,-0.54296535,1.0,-37.63768553733826,1.0,160000
120960,70.62721065512557,0.9143353700637816,45.71676850318909,-1.0,-0.9252846,-0.9200139,-0.38650453,-20.0,1.0,160000
163349,70.61919204616713,0.914178431034088,45.70892155170441,-0.40133554,-0.48403883,-1.0,1.0,-20.0,1.0,160000
137550,70.61919204616713,0.914178431034088,45.70892155170441,-1.0,-0.8384186,-1.0,1.0,-20.0,1.0,160000
137554,70.61919204616713,0.914178431034088,45.70892155170441,-1.0,-1.0,-1.0,1.0,-20.0,1.0,160000
189158,70.61919204616713,0.914178431034088,45.70892155170441,-1.0,-1.0,-1.0,1.0,-20.0,1.0,160000
163358,70.61919204616713,0.914178431034088,45.70892155170441,-0.79917324,-1.0,-1.0,1.0,-20.0,1.0,160000
202027,70.61120995306102,0.9140222072601318,45.70111036300659,-1.0,-0.34296525,-1.0,0.93383515,-20.0,1.0,160000
143172,70.60339533074705,0.9138692617416382,45.69346308708191,-0.30750638,-0.7889285,-1.0,0.38431323,-56.54947280883789,1.0,160000
128769,70.59868705296371,0.9137771129608154,45.68885564804077,-1.0,-1.0,-0.88875824,1.0,-20.0,1.0,160000
159014,70.59827287021413,0.913769006729126,45.6884503364563,-0.37023365,-1.0,-0.6961138,-0.78551567,-20.0,1.0,160000
180369,70.59667095678012,0.913737654685974,45.68688273429871,-1.0,-0.7701717,-0.8886703,1.0,-20.0,1.0,160000
115175,70.59538577062638,0.9137125015258788,45.685625076293945,-1.0,-1.0,-0.434036,0.1394254,-26.69300675392151,1.0,160000
178361,70.56997425649305,0.913215160369873,45.66075801849365,-1.0,-0.3928305,-1.0,0.9687277,-37.981908321380615,1.0,160000
180824,70.55478933432825,0.912917971611023,45.64589858055115,-0.7677793,-0.36029583,-1.0,0.8243793,-23.96942377090454,1.0,160000
201250,70.55338534800688,0.9128904938697816,45.64452469348908,-1.0,-1.0,-0.93726945,0.031713486,-20.0,1.0,160000
184632,70.50709897465336,0.9119846224784852,45.599231123924255,-1.0,-1.0,-0.883849,0.17786884,-20.0,1.0,133963
137962,70.48124785865167,0.9114786982536316,45.57393491268158,-1.0,-1.0,-0.9376754,1.0,-50.95429301261902,1.0,160000
146471,70.4778002077462,0.9114112257957458,45.57056128978729,-1.0,0.44353712,-0.5522714,1.0,-33.05394232273102,1.0,156458
152802,70.4769596135849,0.9113947749137878,45.56973874568939,-1.0,-1.0,-1.0,0.9519866,-20.0,1.0,160000
131341,70.47670378051461,0.9113897681236268,45.569488406181335,-1.0,-0.90286535,-0.01230824,-0.2956785,-59.071916341781616,1.0,160000
169447,70.46824299839963,0.9112241864204408,45.561209321022034,-0.12734997,-0.77338445,-1.0,-0.31449902,-20.0,1.0,160000
156915,70.4662876941644,0.9111859202384948,45.55929601192474,-0.35347855,0.17807353,-1.0,1.0,-20.0,1.0,160000
194713,70.44300055514185,0.9107301831245422,45.53650915622711,-0.2696495,-1.0,-1.0,0.58590114,-20.0,1.0,137907
179961,70.43411019891643,0.9105561971664428,45.527809858322144,-1.0,-0.4161858,-0.116055965,0.7494495,-20.0,1.0,109306
154575,70.43260867231903,0.9105268120765686,45.52634060382843,-1.0,-1.0,-1.0,1.0,-41.8964958190918,1.0,160000
180378,70.43260867231903,0.9105268120765686,45.52634060382843,-0.037733078,-0.38812345,-1.0,1.0,-20.0,1.0,160000
154569,70.43260867231903,0.9105268120765686,45.52634060382843,-0.8694687,-1.0,-1.0,1.0,-20.0,1.0,160000
154577,70.43260867231903,0.9105268120765686,45.52634060382843,-1.0,-1.0,-1.0,1.0,-22.142884731292725,1.0,160000
128778,70.43260867231903,0.9105268120765686,45.52634060382843,-1.0,-0.59314364,-1.0,1.0,-24.5068359375,1.0,160000
128775,70.43260867231903,0.9105268120765686,45.52634060382843,-1.0,-0.90360105,-1.0,1.0,-20.0,1.0,138566
128772,70.43260867231903,0.9105268120765686,45.52634060382843,-1.0,-0.7368973,-1.0,1.0,-20.0,1.0,160000
135375,70.42313045198851,0.9103413224220276,45.51706612110138,-0.4185434,-0.35649174,-1.0,1.0,-38.52991461753845,1.0,160000
161172,70.42313045198851,0.9103413224220276,45.51706612110138,-0.1678642,-1.0,-1.0,1.0,-20.0,1.0,160000
186970,70.42313045198851,0.9103413224220276,45.51706612110138,-1.0,-1.0,-1.0,1.0,-20.0,1.0,129697
161174,70.42313045198851,0.9103413224220276,45.51706612110138,-0.11967111,-1.0,-1.0,1.0,-20.0,1.0,160000
152263,70.41225115819522,0.91012841463089,45.506420731544495,-1.0,-1.0,-0.84999734,-0.76284564,-20.0,1.0,120590
196384,70.40754246591936,0.9100362658500672,45.50181329250336,-1.0,-1.0,-1.0,0.53398514,-39.71862554550171,1.0,149717
188611,70.40115251653582,0.9099112153053284,45.49556076526642,-1.0,-1.0,0.48737818,1.0,-60.0,1.0,149764
162667,70.39270666789773,0.9097459316253662,45.48729658126831,-1.0,-0.022962809,-0.8044206,0.21979666,-44.80127811431885,1.0,160000
180373,70.38809539726469,0.9096556901931764,45.48278450965881,-0.90447426,-1.0,-0.5776588,1.0,-44.29611563682556,1.0,160000
122604,70.37998148633804,0.9094969034194946,45.47484517097473,-1.0,-1.0,-0.010229349,1.0,-41.76868915557861,1.0,147080
129662,70.37992361674375,0.909495770931244,45.4747885465622,-0.37303668,-0.80059063,-0.3456319,0.32206917,-39.66513752937317,1.0,125019
136198,70.36413734266006,0.909186840057373,45.45934200286865,-1.0,-0.085973024,-1.0,0.6748795,-22.552309036254883,1.313137769699097,159624
181850,70.3637901225231,0.9091800451278688,45.45900225639343,-0.5862952,0.19736552,-0.34250617,1.0,-20.0,1.0,160000
128111,70.32622605606653,0.9084449410438538,45.42224705219269,-1.0,-1.0,-0.7233767,1.0,-20.0,1.0,160000
163502,70.3258940590483,0.9084384441375732,45.42192220687866,-1.0,-1.0,-1.0,1.0,-20.0,1.0,116630
155639,70.32397517619765,0.9084008932113647,45.42004466056824,-1.0,-0.7690282,0.8197933,0.2936479,-20.0,1.0,156538
159076,70.2790728293686,0.907522201538086,45.3761100769043,-1.0,-1.0,-1.0,-0.32020032,-20.0,1.0,160000
144637,70.27489992768689,0.9074405431747437,45.37202715873718,-1.0,-1.0,-0.121542454,-0.5913793,-41.94965839385986,1.0,160000
180375,70.24419077724059,0.9068396091461182,45.34198045730591,-1.0,-1.0,-0.5816075,1.0,-20.0,1.0,160000
163454,70.23099868344217,0.906581461429596,45.3290730714798,-0.73663557,-0.8007917,-0.27189767,1.0,-20.0,1.0,160000
125753,70.2289700605798,0.9065417647361756,45.32708823680878,0.21077847,-0.699046,-0.14836335,0.15837276,-60.0,1.0,160000
170573,70.19866537446984,0.9059487581253052,45.29743790626526,-1.0,-1.0,-0.20809525,1.0,-20.0,1.0,123984
157324,70.17240543417464,0.9054349064826964,45.27174532413483,-1.0,0.33466756,-1.0,1.0,-51.76655530929565,1.0,160000
179049,70.17228359168759,0.9054325222969056,45.27162611484528,-1.0,-1.0,-0.08825511,-0.61208785,-20.0,1.0,130591
181445,70.16843031945758,0.9053571224212646,45.26785612106323,-0.9352137,-1.0,-0.4487918,1.0,-20.0,1.0,83286
197839,70.16456485599875,0.9052814841270448,45.26407420635224,-1.0,-0.106374145,-1.0,0.37662053,-20.0,1.0,160000
130213,70.1623838664434,0.9052388072013856,45.26194036006928,-1.0,-1.0,-0.85542107,-0.02537632,-48.563152551651,1.0,160000
180371,70.15155808371091,0.9050269722938538,45.25134861469269,-0.15259278,-1.0,-1.0,1.0,-29.92974638938904,1.0,117085
189561,70.1410947329159,0.9048222303390504,45.24111151695252,-1.0,-0.44874167,-0.9240203,1.0,-49.71367239952088,1.0,160000
201275,70.1342379358193,0.9046880602836608,45.23440301418304,-1.0,-1.0,-1.0,0.98851174,-60.0,1.0,160000
181448,70.13234020443858,0.9046509265899658,45.23254632949829,-0.21496224,-1.0,-0.2112289,1.0,-20.0,1.0,160000
158495,70.13059782358128,0.9046168327331544,45.23084163665772,-1.0,-0.43360502,-1.0,-0.6765624,-26.321616172790527,1.0,160000
204164,70.12393899134278,0.9044865369796752,45.224326848983765,0.1489731,-1.0,0.13431364,1.0,-55.675528049468994,1.0,160000
204161,70.12121270225711,0.9044331908226012,45.22165954113007,-1.0,-1.0,-1.0,1.0,-21.91847562789917,1.0,160000
178367,70.12121270225711,0.9044331908226012,45.22165954113007,-0.61428666,-1.0,-1.0,1.0,-20.0,1.0,160000
204165,70.12121270225711,0.9044331908226012,45.22165954113007,-0.44169784,-0.17941087,-1.0,1.0,-42.21379518508911,1.0,160000
204163,70.12121270225711,0.9044331908226012,45.22165954113007,-1.0,-0.9375473,-1.0,1.0,-20.0,1.0,160000
126764,70.12121270225711,0.9044331908226012,45.22165954113007,-1.0,-0.11231446,-1.0,1.0,-20.0,1.0,160000
126759,70.12121270225711,0.9044331908226012,45.22165954113007,-1.0,-1.0,-1.0,1.0,-20.0,1.0,122388
152563,70.12121270225711,0.9044331908226012,45.22165954113007,-0.76511884,-1.0,-1.0,1.0,-20.0,1.0,160000
178360,70.12121270225711,0.9044331908226012,45.22165954113007,-1.0,-1.0,-1.0,1.0,-20.0,1.0,160000
152560,70.12121270225711,0.9044331908226012,45.22165954113007,-1.0,-1.0,-1.0,1.0,-20.0,1.0,160000
126767,70.12121270225711,0.9044331908226012,45.22165954113007,-1.0,-0.8412311,-1.0,1.0,-20.0,1.0,160000
178368,70.12120965612212,0.9044331312179564,45.22165656089783,-0.29124737,-0.2612278,-1.0,1.0,-20.0,1.0,142762
152568,70.12120965612212,0.9044331312179564,45.22165656089783,-1.0,-1.0,-1.0,1.0,-20.0,1.0,138867
171612,70.1176304444936,0.9043630957603456,45.21815478801727,-1.0,-1.0,-1.0,-0.26962674,-20.0,1.0,160000
150293,70.11759693695214,0.9043624401092528,45.21812200546265,-0.56753814,-0.67752004,-0.9521228,1.0,-20.0,1.0,82340
140069,70.11691764758939,0.904349148273468,45.2174574136734,-0.7994803,-1.0,-1.0,-0.042797446,-45.52751660346985,1.0,139975
202945,70.10812951236483,0.904177188873291,45.20885944366455,-0.644721,0.08349562,-1.0,1.0,-58.85839939117432,1.0,147591
180376,70.09087298213696,0.9038395285606384,45.19197642803192,-1.0,-0.46921766,-0.9843814,1.0,-38.56740355491638,1.0,119458
188616,70.08813751228212,0.90378600358963,45.18930017948151,-1.0,-1.0,-0.8741734,1.0,-20.0,1.0,160000
137703,70.07689097798125,0.9035659432411194,45.17829716205597,-1.0,-0.05470252,-1.0,1.0,-20.0,1.0,139217
189307,70.07689097798125,0.9035659432411194,45.17829716205597,-1.0,-0.6676856,-1.0,1.0,-51.50840997695923,1.0,160000
189305,70.07689097798125,0.9035659432411194,45.17829716205597,-1.0,-0.28824627,-1.0,1.0,-36.405192613601685,1.0,160000
163505,70.07689097798125,0.9035659432411194,45.17829716205597,-1.0,-1.0,-1.0,1.0,-39.782432317733765,1.0,160000
163500,70.07689097798125,0.9035659432411194,45.17829716205597,-1.0,-1.0,-1.0,1.0,-20.0,1.0,159241
163506,70.07689097798125,0.9035659432411194,45.17829716205597,-0.052381992,-1.0,-1.0,1.0,-20.0,1.0,160000
189303,70.07689097798125,0.9035659432411194,45.17829716205597,-1.0,-0.31216788,-1.0,1.0,-30.419803261756897,1.0,160000
137708,70.07689097798125,0.9035659432411194,45.17829716205597,-1.0,-0.31105113,-1.0,1.0,-20.0,1.0,160000
137705,70.07689097798125,0.9035659432411194,45.17829716205597,-1.0,-1.0,-1.0,1.0,-31.225176453590397,1.0,150087
137701,70.07689097798125,0.9035659432411194,45.17829716205597,-1.0,-1.0,-1.0,1.0,-20.0,1.0,122658
136787,70.05854973939692,0.9032070636749268,45.16035318374634,-1.0,-1.0,-1.0,-0.07056904,-26.42800211906433,1.0,160000
156193,70.04911860757935,0.903022527694702,45.15112638473511,-1.0,-1.0,-1.0,0.77442837,-40.44540047645569,1.0,160000
135377,69.99951613704974,0.9020519852638244,45.10259926319122,-1.0,-0.87949467,-0.63118434,1.0,-40.11295318603516,1.0,115642
165409,69.97048156788347,0.9014838933944702,45.07419466972351,0.08874738,0.18253148,-0.70841897,1.0,-22.74801254272461,1.0,160000
123871,69.95198100000499,0.9011219143867492,45.05609571933746,-1.0,-1.0,-1.0,1.0,-20.0,1.0,114981
152565,69.94961091724461,0.901075541973114,45.0537770986557,-1.0,-1.0,-0.5181328,1.0,-20.0,1.0,160000
162811,69.94672903926605,0.9010191559791564,45.05095779895783,0.15047038,-1.0,0.03765452,1.0,-20.0,1.0,160000
162624,69.92583378356214,0.9006103277206421,45.0305163860321,-1.0,-1.0,0.5326223,1.0,-56.38213038444519,1.0,160000
128776,69.90328105517284,0.9001690745353699,45.008453726768494,-1.0,-0.5139549,-1.0,1.0,-26.58391833305359,1.0,98066
115828,69.89757809836402,0.9000574946403503,45.00287473201752,0.18865573,-0.29873437,-0.27406406,1.0,-21.151576042175293,1.0,160000
170453,69.87013240370504,0.8995205163955688,44.97602581977844,-1.0,-1.0,-1.0,-0.028324246,-57.16371893882752,1.0,160000
133027,69.86982470769533,0.8995144963264465,44.97572481632233,-1.0,-0.5403071,-0.09310776,1.0,-36.52455270290375,1.0,138012
126765,69.86933726838036,0.8995049595832825,44.97524797916412,-0.7916275,-1.0,-1.0,1.0,-26.52740716934204,1.0,109864
181853,69.84749987171327,0.8990777134895325,44.95388567447662,-1.0,0.11880326,-0.30409086,1.0,-44.20654535293579,1.0,154053
117983,69.8079098747762,0.8983031511306763,44.91515755653381,0.083164155,-0.2597025,-0.8915179,1.0,-20.0,1.0,160000
202941,69.79929716217227,0.8981346487998962,44.90673243999481,-1.0,0.11408436,-1.0,1.0,-20.0,1.0,160000
201276,69.79600378805742,0.898070216178894,44.9035108089447,-1.0,-0.2351219,-1.0,1.0,-20.0,1.0,125157
175477,69.79600378805742,0.898070216178894,44.9035108089447,-1.0,-0.025299072,-1.0,1.0,-23.364778757095337,1.0,160000
201273,69.79600378805742,0.898070216178894,44.9035108089447,-1.0,-1.0,-1.0,1.0,-56.924545764923096,1.0,157362
123873,69.79600378805742,0.898070216178894,44.9035108089447,-1.0,-1.0,-1.0,1.0,-23.8351833820343,1.0,160000
175472,69.79600378805742,0.898070216178894,44.9035108089447,-1.0,-0.55498,-1.0,1.0,-60.0,1.0,158997
201270,69.79600378805742,0.898070216178894,44.9035108089447,-1.0,-0.14453697,-1.0,1.0,-27.357429265975952,1.0,127467
175478,69.79599769485354,0.8980700969696045,44.90350484848023,-0.5017868,-0.9766444,-1.0,1.0,-48.46268057823181,1.0,160000
189249,69.76947685799833,0.8975512385368347,44.877561926841736,-1.0,0.0810982,-0.0008518696,1.0,-20.0,1.0,84807
179717,69.74356197594173,0.8970442414283752,44.85221207141876,-1.0,-0.9919068,-0.18896389,0.65623856,-40.12768030166626,1.0,160000
164733,69.68636896096629,0.8959253430366516,44.79626715183258,-1.0,-0.9272171,-1.0,-0.65875995,-27.53303050994873,1.0,160000
166770,69.66010267137196,0.895411491394043,44.77057456970215,-1.0,-1.0,-0.89173406,0.19700181,-20.0,1.0,136209
144649,69.65727828679317,0.8953562378883362,44.76781189441681,-1.0,0.19505644,-1.0,0.70110774,-34.96752321720123,1.0,149578
189300,69.64750716642696,0.8951650857925415,44.75825428962708,-1.0,-1.0,-0.60808754,1.0,-22.13664531707764,1.0,160000
154511,69.64670585331706,0.8951494097709656,44.75747048854828,0.1869694,-1.0,-0.6513852,1.0,-35.350733399391174,1.0,160000
122790,69.62231288233247,0.8946722149848938,44.73361074924469,-0.4548111,0.2835831,-0.93209404,-0.35513318,-23.05816888809204,1.0,160000
135374,69.60061916926641,0.894247829914093,44.71239149570465,-1.0,-1.0,-0.3774171,1.0,-25.98899006843567,1.0,127167
127205,69.58731337737765,0.8939875364303589,44.69937682151794,-0.9272301,-0.046311975,-0.14389426,0.32794714,-55.61660647392273,1.0,160000
137557,69.57939750310516,0.8938326835632324,44.69163417816162,-1.0,-1.0,-0.7193638,1.0,-49.921754598617554,1.0,160000
156063,69.5790318730834,0.8938255310058594,44.69127655029297,-1.0,-0.036934614,-1.0,0.2657565,-27.89389371871948,1.0,80276
172600,69.53556714770639,0.8929752707481384,44.64876353740692,-1.0,-1.0,-0.44345772,0.61972594,-60.0,1.0,160000
180345,69.53170357271122,0.8928996920585632,44.64498460292816,-0.59052044,-0.51094127,0.6084535,1.0,-46.004369258880615,1.0,154526
201269,69.49644050216192,0.8922098875045776,44.61049437522888,-0.7401558,-0.8988712,-1.0,1.0,-47.96423673629761,1.0,96500
175474,69.4823448572118,0.8919341564178467,44.596707820892334,-0.40854496,0.19564319,-0.38817263,1.0,-47.00592875480652,1.0,160000
135373,69.4750349509651,0.8917911648750305,44.589558243751526,-0.78302705,-0.8050124,-0.66644037,1.0,-20.0,1.0,89428
166726,69.45902863461376,0.8914780616760254,44.57390308380127,-0.75414264,-1.0,-1.0,0.10124409,-20.0,1.0,160000
127000,69.44816876779393,0.8912656307220459,44.563281536102295,-1.0,-0.34813505,-1.0,1.0,-32.00281620025635,1.0,160000
127007,69.44816876779393,0.8912656307220459,44.563281536102295,-1.0,-1.0,-1.0,1.0,-20.0,1.0,160000
152806,69.44816876779393,0.8912656307220459,44.563281536102295,-1.0,-0.78050435,-1.0,1.0,-21.514220237731934,1.0,160000
127004,69.44816876779393,0.8912656307220459,44.563281536102295,-1.0,-1.0,-1.0,1.0,-36.86875820159912,1.0,148025
204405,69.44816876779393,0.8912656307220459,44.563281536102295,-0.95441264,-1.0,-1.0,1.0,-20.0,1.0,160000
178600,69.44816876779393,0.8912656307220459,44.563281536102295,-1.0,-0.6682091,-1.0,1.0,-20.0,1.0,160000
178608,69.44816876779393,0.8912656307220459,44.563281536102295,-1.0,-1.0,-1.0,1.0,-20.0,1.0,160000
178603,69.44816876779393,0.8912656307220459,44.563281536102295,-1.0,-1.0,-1.0,1.0,-43.22624921798706,1.0,160000
204402,69.44816876779393,0.8912656307220459,44.563281536102295,-1.0,-1.0,-1.0,1.0,-20.0,1.0,160000
178601,69.44816876779393,0.8912656307220459,44.563281536102295,-1.0,-0.6796661,-1.0,1.0,-20.0,1.0,121857
204399,69.44816876779393,0.8912656307220459,44.563281536102295,-1.0,-1.0,-1.0,1.0,-20.0,1.0,150925
196749,69.43005058069264,0.8909112215042114,44.54556107521057,-1.0,-0.41907507,0.8748026,-0.53323674,-43.79545331001282,1.0,130501
149312,69.41206935762216,0.8905594944953918,44.52797472476959,-1.0,-1.0,-1.0,0.32168663,-37.87736773490906,1.0,160000
136190,69.3922444289332,0.8901717066764832,44.50858533382416,-1.0,-1.0,-1.0,0.7173879,-50.34508585929871,1.0,160000
155644,69.35433702788214,0.8894302248954773,44.471511244773865,-1.0,-1.0,-0.08693564,1.0,-20.0,1.0,160000
126723,69.3310193649764,0.888974130153656,44.4487065076828,0.025765896,-0.6899542,-1.0,1.0,-21.745612621307373,1.0,83297
127428,69.3276917314064,0.8889090418815613,44.445452094078064,-1.0,-1.0,-0.8815493,0.7867355,-34.62645471096039,1.0,160000
186976,69.32559215032386,0.888867974281311,44.44339871406555,-0.25403428,-0.78457874,-0.7989423,1.0,-20.0,1.0202488899230957,160000
163499,69.31579204550849,0.8886762857437134,44.43381428718567,-1.0,-1.0,-0.79375476,1.0,-20.0,1.0,160000
154832,69.3061503546948,0.888487696647644,44.4243848323822,-0.5479941,-0.78013706,-0.1906048,-0.02649653,-34.25566017627716,1.0,158434
128365,69.30239910314364,0.8884143233299255,44.42071616649628,-0.48288932,-1.0,-1.0,0.44372737,-57.01008439064026,1.0,128294
196909,69.29254403610433,0.8882215619087219,44.411078095436096,-0.8356712,-1.0,-1.0,-0.7725413,-35.16658425331116,1.0,137483
184989,69.290228058043,0.8881762623786926,44.40881311893463,-0.1203773,-1.0,-1.0,-0.5596225,-20.0,1.0,137026
163355,69.25619811718354,0.8875106573104858,44.37553286552429,-1.0,-1.0,0.25591487,0.74404705,-20.0,1.0,160000
128366,69.24744903732217,0.8873395323753357,44.36697661876679,-0.2040196,-1.0,0.7145346,0.7081122,-22.423337697982788,1.0,160000
184811,69.23195902170616,0.8870365619659424,44.35182809829712,-1.0,-1.0,-1.0,-0.8634732,-20.0,1.0,160000
163351,69.22176535148769,0.8868371844291687,44.34185922145844,-0.9190767,-1.0,-0.59622014,1.0,-52.91929483413696,1.0,160000
154543,69.16169023709675,0.8856621980667114,44.28310990333557,-0.59585273,-0.31826836,0.68505204,1.0,-54.90405321121216,1.0,146925
127166,69.15222762913588,0.8854771256446838,44.27385628223419,-1.0,-0.02094686,-1.0,-0.14835739,-20.0,1.0,160000
147107,69.13829420223693,0.8852046132087708,44.26023066043854,-1.0,-1.0,-1.0,0.041906595,-20.0,1.0,160000
119738,69.06818373272696,0.8838334083557129,44.191670417785645,-1.0,-0.3549273,0.19257236,-0.29165137,-60.0,1.0,159364
204166,69.01885353346522,0.8828686475753784,44.14343237876892,-0.9911057,-1.0,-0.72895473,1.0,-29.652950763702396,1.0,160000
134367,69.0171132704924,0.8828346133232117,44.14173066616058,-0.25386423,-0.5423948,-1.0,0.007976294,-20.0,1.0,138927
177146,69.00951217451512,0.8826859593391418,44.13429796695709,-1.0,-1.0,-1.0,0.37161005,-20.0,1.0,149763
143115,68.99722052665462,0.8824455738067627,44.122278690338135,-1.0,-0.5009881,-1.0,0.64169526,-60.0,1.0,160000
176357,68.98617840035222,0.8822296261787415,44.11148130893707,-0.21720767,-1.0,-1.0,0.8238729,-20.0,1.0,123672
118223,68.97606579601934,0.8820318579673767,44.10159289836884,-0.6203157,0.05562234,-0.30815428,-0.8189659,-20.0,1.0,160000
116413,68.96180504883182,0.8817529678344727,44.08764839172363,-1.0,0.27277493,-0.5956721,1.0,-34.747068881988525,1.0,160000
146247,68.93945213969823,0.8813158273696899,44.0657913684845,-1.0,0.04895389,-1.0,1.0,-48.00955533981323,1.0,123878
198403,68.8753636983299,0.8800625205039978,44.00312602519989,-1.0,-1.0,-1.0,1.0,-20.0,1.0,111501
167261,68.87298324018825,0.8800159692764282,44.00079846382141,-1.0,-1.0,-0.44209087,0.064526916,-20.0,1.0,142579
197103,68.8349839217681,0.8792728781700134,43.96364390850067,-1.0,-1.0,-1.0,0.0893116,-31.78126215934753,1.0,145572
116074,68.82664756768682,0.8791098594665527,43.95549297332764,-1.0,-0.5379722,-1.0,-0.70366526,-24.43358302116394,1.0,160000
149467,68.81588493318814,0.8788993954658508,43.94496977329254,-1.0,-0.12018442,-1.0,0.9307591,-23.06805729866028,1.0,160000
125169,68.80781977782357,0.8787416815757751,43.93708407878876,-1.0,-1.0,-1.0,-0.8469633,-35.840176939964294,1.0,160000
176800,68.80516186620255,0.878689706325531,43.93448531627655,-1.0,-1.0,0.31368196,1.0,-58.84346127510071,1.0,160000
120671,68.80313185336476,0.8786500096321106,43.93250048160553,-1.0,-0.100390255,-1.0,0.026286006,-33.170326948165894,1.0,160000
204607,68.78759273852162,0.8783461451530457,43.91730725765228,0.16352284,-1.0,-1.0,1.0,-20.0,1.0,160000
175261,68.77080072800993,0.878017783164978,43.9008891582489,-1.0,-1.0,-1.0,1.0,-20.0,1.0,99583
194558,68.74688200646185,0.8775500655174255,43.87750327587128,-1.0,-1.0,0.048007607,1.0,-20.0,1.0,160000
179843,68.73375966123085,0.8772934675216675,43.864673376083374,-0.8334569,-1.0,-0.83560133,0.021748543,-32.07705855369568,1.0,137042
174811,68.72870578280681,0.8771946430206299,43.85973215103149,-1.0,-1.0,-1.0,-0.92876184,-20.0,1.0,160000
195868,68.72405425260641,0.8771036863327026,43.85518431663513,-1.0,-0.2133373,-1.0,0.08171046,-33.945780992507935,1.0,160000
148405,68.72073172445076,0.8770387172698975,43.85193586349487,-1.0,-1.0,0.056354046,1.0,-20.0,1.0,160000
123336,68.70012278269887,0.876635730266571,43.83178651332855,-1.0,-1.0,-1.0,-0.36812437,-28.512041568756104,1.0,129307
181261,68.67950448485742,0.8762325644493103,43.81162822246552,-1.0,-1.0,-1.0,0.5668603,-20.0,1.0,160000
154572,68.66630244466585,0.8759744167327881,43.79872083663941,-0.018484473,-1.0,-0.2925744,1.0,-20.0,1.0,160000
163352,68.63383194530141,0.8753395080566406,43.76697540283203,-0.6905339,-1.0,-0.5104171,1.0,-37.398881912231445,1.0,160000
156016,68.61943465265513,0.8750579953193665,43.75289976596832,0.2310543,-0.7040837,-1.0,1.0,-55.22454857826233,1.0,160000
154514,68.61681612059711,0.8750067949295044,43.75033974647522,-0.23020267,-0.35530448,-1.0,0.6367116,-54.08000469207764,1.0,112696
201277,68.60543354447485,0.8747842311859131,43.73921155929565,-1.0,-1.0,-0.7970559,1.0,-20.0,1.0,150035
122122,68.54811729609492,0.8736635446548462,43.68317723274231,-1.0,-0.41584334,0.14909971,0.34948635,-20.0,1.0,133166
130047,68.54417868701111,0.8735865354537964,43.67932677268982,-0.81544876,-0.1374762,-0.20094347,1.0,-32.429494857788086,1.0,81705
168749,68.54266664926149,0.8735569715499878,43.67784857749939,-1.0,-1.0,0.30468976,1.0,-20.0,1.0,126304
168755,68.51234944087494,0.8729642033576965,43.64821016788483,-1.0,-1.0,-0.112600565,1.0,-30.73794186115265,1.0,127566
149670,68.50894425152457,0.8728976249694824,43.64488124847412,-1.0,-0.8684461,-0.77610815,1.0,-20.0,1.0,160000
192533,68.48865017784024,0.8725008368492126,43.62504184246063,-1.0,-0.08537978,-1.0,1.0,-20.0,1.0,160000
166732,68.48865017784024,0.8725008368492126,43.62504184246063,-1.0,-1.0,-1.0,1.0,-20.0,1.0,160000
166729,68.48865017784024,0.8725008368492126,43.62504184246063,-0.96147245,-0.90515256,-1.0,1.0,-20.0,1.0,120329
140931,68.48865017784024,0.8725008368492126,43.62504184246063,-1.0,-0.038165927,-1.0,1.0,-20.0,1.0,160000
140936,68.48865017784024,0.8725008368492126,43.62504184246063,-0.3932022,-1.0,-1.0,1.0,-60.0,1.0,160000
192535,68.48865017784024,0.8725008368492126,43.62504184246063,-0.8492776,-0.76112974,-1.0,1.0,-50.64991474151611,1.0,160000
115131,68.48865017784024,0.8725008368492126,43.62504184246063,-1.0,-1.0,-1.0,1.0,-50.41184902191162,1.0,160000
192532,68.48865017784024,0.8725008368492126,43.62504184246063,-1.0,-1.0,-1.0,1.0,-22.071778774261475,1.0,160000
192531,68.48865017784024,0.8725008368492126,43.62504184246063,-1.0,-1.0,-1.0,1.0,-23.41024279594421,1.0,160000
192538,68.48864103219937,0.8725006580352783,43.62503290176392,-1.0,-1.0,-1.0,1.0,-40.77049016952515,1.0,160000
204762,68.47691933461019,0.8722714781761169,43.61357390880585,-1.0,-1.0,-1.0,-0.13405526,-20.0,1.0,160000
189154,68.47338909330746,0.872202455997467,43.61012279987335,-1.0,-1.0,-0.61272335,1.0,-38.69851112365723,1.0,160000
149536,68.46221910029182,0.87198406457901,43.5992032289505,-0.21373832,-1.0,-1.0,0.5793092,-20.0,1.0,160000
142957,68.44415004045321,0.8716307878494263,43.58153939247131,-0.992222,-0.023446739,-0.12095106,1.0,-20.0,1.0,159339
159334,68.42523024479914,0.8712608814239502,43.56304407119751,-1.0,0.14641714,-0.13190484,0.042024374,-26.31925344467163,1.0,160000
155466,68.41061499082664,0.870975136756897,43.54875683784485,0.034797072,-0.18316919,-0.7150904,0.5810262,-23.800313472747803,1.0,160000
168754,68.40720048127454,0.8709083795547485,43.54541897773743,-0.7612029,-0.88678026,0.20053089,1.0,-20.0,1.0,160000
146808,68.39510331442952,0.8706718683242798,43.53359341621399,-0.88743913,-0.42060804,-1.0,1.0,-23.15119504928589,1.0,160000
121008,68.39510331442952,0.8706718683242798,43.53359341621399,-1.0,-1.0,-1.0,1.0,-48.07044267654419,1.0,160000
198401,68.3950972170486,0.8706717491149902,43.53358745574951,-1.0,-1.0,-1.0,1.0,-26.233582496643063,1.0,160000
172606,68.3950972170486,0.8706717491149902,43.53358745574951,-1.0,-1.0,-1.0,1.0,-20.0,1.0,160000
198400,68.3950972170486,0.8706717491149902,43.53358745574951,-0.085079074,-1.0,-1.0,1.0,-20.0,1.0,138243
172603,68.3950972170486,0.8706717491149902,43.53358745574951,-0.88472265,-0.87339926,-1.0,1.0,-20.0,1.0,140677
198406,68.3950972170486,0.8706717491149902,43.53358745574951,-0.9657897,-0.6185476,-1.0,1.0,-36.95434808731079,1.0,160000
172604,68.3950972170486,0.8706717491149902,43.53358745574951,-1.0,-1.0,-1.0,1.0,-27.084338665008545,1.0,127676
164252,68.39456064745394,0.8706612586975098,43.53306293487549,-0.85034525,-1.0,-1.0,-0.7847208,-60.0,1.0,160000
184623,68.38021345433047,0.8703807592391968,43.51903796195984,-1.0,-0.59394926,0.063949406,1.0,-20.0,1.0,160000
140935,68.36578689022491,0.8700987100601196,43.50493550300598,-1.0,-1.0,-0.9449884,1.0,-60.0,1.0,160000
186973,68.34856145943385,0.8697619438171387,43.48809719085693,-1.0,-1.0,-0.21344459,1.0,-20.0,1.0,160000
127426,68.34019258983867,0.8695983290672302,43.47991645336151,-1.0,-0.36380762,-1.0,0.8271276,-20.0,1.0,160000
157142,68.33185722150938,0.8694353699684143,43.47176849842072,-1.0,-1.0,-1.0,0.3658644,-30.012285709381104,1.0,160000
150229,68.32215290607542,0.8692456483840942,43.46228241920471,-0.48333013,-1.0,-1.0,-0.26288807,-20.0,1.0,160000
201063,68.25936791250884,0.8680182099342346,43.40091049671173,-1.0,-1.0,-1.0,1.0,-20.0,1.0,160000
201060,68.25936791250884,0.8680182099342346,43.40091049671173,-1.0,-1.0,-1.0,1.0,-29.47964072227478,1.0,160000
149463,68.25936791250884,0.8680182099342346,43.40091049671173,-0.42319274,-0.4875393,-1.0,1.0,-20.0,1.0,160000
123660,68.25936791250884,0.8680182099342346,43.40091049671173,-1.0,-1.0,-1.0,1.0,-20.0,1.0,124017
175267,68.25936791250884,0.8680182099342346,43.40091049671173,-1.0,-1.0,-1.0,1.0,-20.0,1.0,160000
175263,68.25936791250884,0.8680182099342346,43.40091049671173,-1.0,-1.0,-1.0,1.0,-21.04732036590576,1.0,160000
201066,68.25936791250884,0.8680182099342346,43.40091049671173,-1.0,-0.29801464,-1.0,1.0,-41.18454098701477,1.0,157117
149465,68.25936791250884,0.8680182099342346,43.40091049671173,-1.0,-1.0,-1.0,1.0,-60.0,1.0,160000
149461,68.25936791250884,0.8680182099342346,43.40091049671173,-0.78652537,-1.0,-1.0,1.0,-20.0,1.0,160000
123662,68.25936791250884,0.8680182099342346,43.40091049671173,-0.63815874,-0.64452684,-1.0,1.0,-33.61306190490723,1.0,160000
123664,68.25936791250884,0.8680182099342346,43.40091049671173,-1.0,-1.0,-1.0,1.0,-20.0,1.0,160000
142480,68.25797151593167,0.8679909110069275,43.399545550346375,0.16413176,0.1846565,0.14347374,0.42496324,-33.21904242038727,1.0,160000
116242,68.2570476984385,0.8679728507995605,43.39864253997803,-0.5879881,-1.0,-0.95607495,-0.33301663,-43.53266954421997,1.0,160000
181266,68.23590953826654,0.8675596117973328,43.37798058986664,0.052880287,-1.0,-1.0,1.0,-51.33450746536255,1.0,155590
188733,68.20281001031314,0.8669125437736511,43.34562718868256,-0.76203036,-1.0,-1.0,-0.7461679,-23.543272018432617,1.0,160000
163857,68.19118113827558,0.8666852116584778,43.33426058292389,-0.5940711,-1.0,-1.0,0.14757681,-52.06672668457031,1.0,144558
190074,68.16515160712098,0.8661763668060303,43.30881834030152,-1.0,-1.0,-1.0,1.0,-20.0,1.1056206226348877,160000
124830,68.11158219077423,0.8651291728019714,43.25645864009857,-0.30688733,-1.0,0.08953571,0.49398524,-31.934097409248352,1.0,160000
129350,68.10764271207452,0.8650521636009216,43.25260818004608,-1.0,-0.5376296,-1.0,-0.3419237,-28.24772834777832,1.0,160000
130524,68.09851662919131,0.8648737668991089,43.24368834495544,-0.09016955,-0.16221309,-1.0,0.4746896,-38.2658326625824,1.0,160000
123341,68.08484114635375,0.8646064400672913,43.23032200336456,0.012367487,-0.9330077,-1.0,0.027994156,-20.0,1.0,160000
181572,68.07166563534729,0.8643488883972168,43.21744441986084,-1.0,-0.15439737,-1.0,-0.49778283,-20.0,1.0,160000
137556,68.05243429152642,0.8639729619026184,43.19864809513092,-1.0,-1.0,-0.4873362,1.0,-32.53198862075806,1.0,160000
186975,68.0472353623681,0.8638713359832764,43.19356679916382,-1.0,-1.0,-0.164267,1.0,-53.71649146080017,1.0,160000
150422,68.04337198493388,0.863795816898346,43.1897908449173,-1.0,-0.8536077,-0.3699419,1.0,-20.0,1.0,160000
152808,68.00630512738209,0.8630712628364563,43.153563141822815,-1.0,0.04596758,-1.0,1.0,-23.114888668060303,1.0,160000
170868,68.00500002939927,0.8630457520484924,43.15228760242462,-1.0,-1.0,-1.0,-0.09404707,-60.0,1.0,143693
163645,67.9904060471045,0.8627604842185974,43.13802421092987,-1.0,-0.8392724,-0.16007817,-0.9911797,-20.0,1.0,160000
176222,67.98609430638592,0.862676203250885,43.13381016254425,-1.0,-1.0,-0.66595984,1.0,-20.0,1.0,142647
169586,67.96660292370237,0.8622952103614807,43.11476051807404,-1.0,-1.0,-1.0,0.65400934,-26.79179310798645,1.0,150986
139461,67.92761347367272,0.8615331053733826,43.07665526866913,-1.0,-0.88028723,1.0,-0.01432848,-20.0,1.0,160000
183053,67.92167929984402,0.8614171147346497,43.07085573673248,-1.0,-0.95284176,-0.7698455,0.08519256,-31.60537838935852,1.0,148296
166361,67.88451254059382,0.8606906533241272,43.03453266620636,-1.0,-0.12255931,-0.046999097,0.19051647,-28.499255180358887,1.0,160000
150420,67.85265736529007,0.8600680232048035,43.00340116024017,-1.0,-1.0,-0.90285116,1.0,-47.80700445175171,1.0,160000
162625,67.85040070845717,0.8600239157676697,43.00119578838349,-0.57625586,-1.0,0.7980719,0.8405385,-20.0,1.0,160000
150665,67.84343555104884,0.8598877787590027,42.99438893795013,-1.0,-1.0,-1.0,0.23770547,-32.87518262863159,1.0,138410
141006,67.82575723468108,0.8595422506332397,42.97711253166199,-0.6583577,-0.35149735,-1.0,-0.21470928,-20.0,1.0,160000
120707,67.81827355854894,0.8593959808349609,42.96979904174805,-1.0,-0.6088206,-1.0,0.8376657,-20.0,1.0,83166
121236,67.796063276593,0.8589618802070618,42.94809401035309,-1.0,-0.7869475,-1.0,-0.7935196,-20.0,1.0,160000
126138,67.77807041276229,0.858610212802887,42.93051064014435,-1.0,-0.091459095,-0.3503195,-0.24142158,-52.766114473342896,1.0,160000
168750,67.77245599498687,0.8585004806518555,42.92502403259277,-1.0,-1.0,-0.29887956,1.0,-20.0,1.0,138922
115133,67.72450862819713,0.8575633764266968,42.87816882133484,-1.0,-1.0,-0.78714204,1.0,-45.43297290802002,1.0,160000
202260,67.71714959901216,0.8574195504188538,42.87097752094269,-1.0,-1.0,-1.0,0.24414062,-20.0,1.0,160000
191028,67.70032406269615,0.8570907115936279,42.8545355796814,-1.0,-0.38280988,1.0,-0.8256098,-38.35309982299805,1.0,124668
156765,67.68193383016009,0.8567312955856323,42.836564779281616,-1.0,-0.43911213,-1.0,0.10114193,-60.0,1.0,125147
121314,67.67774644416133,0.8566494584083557,42.832472920417786,-1.0,-1.0,-0.96861607,0.09175265,-20.84245800971985,1.0,160000
161175,67.62360238519173,0.8555912971496582,42.77956485748291,-1.0,-1.0,-0.08682048,1.0,-60.0,1.0,160000
117150,67.61414158105,0.8554064035415649,42.77032017707825,-1.0,-1.0,-0.52277464,1.0,-42.0743727684021,1.0,160000
198844,67.59134640196257,0.8549609184265137,42.74804592132568,-0.72443104,0.21062589,-1.0,1.0,-43.44088077545166,1.0,123584
151672,67.58219348474428,0.8547820448875427,42.739102244377136,-1.0,-1.0,-1.0,0.32370245,-20.0,1.0,160000
185617,67.57986331155558,0.8547365069389343,42.73682534694672,-0.99516773,-1.0,-1.0,1.0,-25.09421706199646,1.0,160000
134014,67.57986331155558,0.8547365069389343,42.73682534694672,-1.0,-1.0,-1.0,1.0,-23.21500062942505,1.0,160000
159812,67.57986331155558,0.8547365069389343,42.73682534694672,-1.0,-1.0,-1.0,1.0,-33.20892572402954,1.0,134149
134013,67.57986331155558,0.8547365069389343,42.73682534694672,-1.0,-1.0,-1.0,1.0,-23.93937468528748,1.0,160000
134018,67.57986026158882,0.8547364473342896,42.73682236671448,-1.0,-0.079496264,-1.0,1.0,-20.0,1.0,155912
159818,67.57986026158882,0.8547364473342896,42.73682236671448,-0.9917684,-0.98252493,-1.0,1.0,-20.0,1.0,160000
168422,67.53957892610312,0.853949248790741,42.69746243953705,-1.0,-1.0,-1.0,1.0,-20.0,1.0,160000
168420,67.53957892610312,0.853949248790741,42.69746243953705,-1.0,-0.98834586,-1.0,1.0,-36.72464609146118,1.0,160000
194221,67.53957892610312,0.853949248790741,42.69746243953705,-1.0,-1.0,-1.0,1.0,-22.93375968933105,1.0,160000
142625,67.53957892610312,0.853949248790741,42.69746243953705,-0.32562232,-1.0,-1.0,1.0,-60.0,1.0,150416
194219,67.53957892610312,0.853949248790741,42.69746243953705,-0.8922482,-0.040061474,-1.0,1.0,-59.01263356208801,1.0,160000
168423,67.53957892610312,0.853949248790741,42.69746243953705,-1.0,-0.80653757,-1.0,1.0,-20.0,1.0,160000
194226,67.53957892610312,0.853949248790741,42.69746243953705,-0.30052882,-1.0,-1.0,1.0,-20.469348430633545,1.0,160000
142627,67.53957892610312,0.853949248790741,42.69746243953705,-1.0,-1.0,-1.0,1.0,-20.0,1.0,160000
194225,67.53957892610312,0.853949248790741,42.69746243953705,-1.0,-1.0,-1.0,1.0,-20.0,1.0,160000
168425,67.53957892610312,0.853949248790741,42.69746243953705,-1.0,-0.97119933,-1.0,1.0,-53.10205101966858,1.0,160000
168426,67.53957892610312,0.853949248790741,42.69746243953705,-0.17280984,-1.0,-1.0,1.0,-39.56291317939758,1.0,160000
132078,67.5256371832539,0.8536767959594727,42.68383979797363,0.12540591,-0.7844199,-1.0,0.8554368,-20.0,1.0,160000
145697,67.49927844026827,0.8531616926193237,42.65808463096619,0.28506982,-1.0,0.9687222,1.0,-20.0,1.0,129230
150425,67.49319959027386,0.8530429005622864,42.65214502811432,-1.0,-0.90452933,-1.0,1.0,-20.0,1.0,160000
124621,67.49319959027386,0.8530429005622864,42.65214502811432,-0.94003993,-1.0,-1.0,1.0,-27.887890338897705,1.0,160000
202019,67.49319959027386,0.8530429005622864,42.65214502811432,-1.0,-1.0,-1.0,1.0,-20.0,1.0,158788
176220,67.49319959027386,0.8530429005622864,42.65214502811432,-1.0,-1.0,-1.0,1.0,-20.0,1.0,160000
150427,67.49319959027386,0.8530429005622864,42.65214502811432,-0.66506827,-1.0,-1.0,1.0,-34.99272584915161,1.0,160000
202021,67.49319959027386,0.8530429005622864,42.65214502811432,-1.0,-1.0,-1.0,1.0,-20.0,1.0,160000
124623,67.49319959027386,0.8530429005622864,42.65214502811432,-1.0,-1.0,-1.0,1.0,-20.0,1.0,160000
176227,67.49319959027386,0.8530429005622864,42.65214502811432,-1.0,-1.0,-1.0,1.0,-33.4489381313324,1.0,160000
124627,67.49319959027386,0.8530429005622864,42.65214502811432,-1.0,-1.0,-1.0,1.0,-20.0,1.0,160000
124626,67.49319959027386,0.8530429005622864,42.65214502811432,-1.0,-0.20296562,-1.0,1.0,-20.0,1.0,124305
175473,67.49112551760014,0.8530023694038391,42.65011847019196,-0.94479835,-1.0,-0.6680316,1.0,-20.0,1.0,160000
196250,67.47886099170799,0.8527626991271973,42.63813495635986,-0.97870207,0.25833392,-1.0,1.0,-20.0,1.0,160000
131517,67.47337380322023,0.8526554703712463,42.63277351856232,-1.0,-1.0,-0.26001227,0.41306174,-21.244091987609863,1.0,152444
166805,67.46749313007426,0.8525405526161194,42.62702763080597,-0.795192,-1.0,0.4093411,-0.2853688,-36.00921392440796,1.0,160000
176438,67.4542737497263,0.8522822260856628,42.61411130428314,-1.0,-1.0,-1.0,1.0,-60.0,1.0,160000
202230,67.45426764939114,0.8522821068763733,42.614105343818665,-1.0,-1.0,-1.0,1.0,-21.039514541625977,1.0,160000
124832,67.45426764939114,0.8522821068763733,42.614105343818665,-1.0,-1.0,-1.0,1.0,-20.0,1.0,160000
150634,67.45426764939114,0.8522821068763733,42.614105343818665,-1.0,-1.0,-1.0,1.0,-60.0,1.0,142615
202233,67.45426764939114,0.8522821068763733,42.614105343818665,-1.0,-1.0,-1.0,1.0,-20.0,1.0,160000
202234,67.45426764939114,0.8522821068763733,42.614105343818665,-0.022843122,-0.51429987,-1.0,1.0,-20.0,1.0,123164
202236,67.45426764939114,0.8522821068763733,42.614105343818665,-1.0,-0.12580371,-1.0,1.0,-26.247398853302,1.0,160000
176436,67.45426764939114,0.8522821068763733,42.614105343818665,-1.0,-1.0,-1.0,1.0,-20.0,1.0,160000
150632,67.45426764939114,0.8522821068763733,42.614105343818665,-1.0,-0.15506607,-1.0,1.0,-20.0,1.0,145632
150631,67.45426764939114,0.8522821068763733,42.614105343818665,-1.0,-0.7009384,-1.0,1.0,-60.0,1.0,160000
124836,67.45426764939114,0.8522821068763733,42.614105343818665,-0.35780072,-0.65866184,-1.0,1.0,-28.142399787902832,1.0,160000
127202,67.40156917346513,0.8512523174285889,42.56261587142944,-1.0,-1.0,-1.0,0.313596,-20.0,1.0,160000
176432,67.36240658128311,0.8504870533943176,42.52435266971588,-1.0,-0.8746927,-1.0,1.0,-20.0,1.0,116204
178364,67.35083365008697,0.8502609133720398,42.51304566860199,0.16120434,-1.0,-1.0,0.3371247,-23.770257234573364,1.0,103696
154165,67.34534914191296,0.8501537442207336,42.50768721103668,-1.0,-1.0,-1.0,0.6602665,-24.51201319694519,1.0,160000
194019,67.33903187170327,0.8500303030014038,42.50151515007019,0.060613632,-1.0,-0.7156773,0.34623015,-56.923807859420776,1.0,160000
124625,67.32782789251146,0.8498113751411438,42.49056875705719,-1.0,-0.09214592,-0.99978554,1.0,-20.0,1.0,115239
196385,67.3164743778856,0.8495895266532898,42.47947633266449,-1.0,-1.0,0.1700449,0.32543695,-20.0,1.0,160000
176221,67.30724997834702,0.849409282207489,42.47046411037445,-1.0,-1.0,-0.35212064,1.0,-20.0,1.0,132870
141116,67.29766558430217,0.8492220044136047,42.46110022068024,-1.0,0.094784915,-1.0,1.0,-34.60543513298035,1.0,160000
161176,67.29364817742709,0.8491435050964355,42.45717525482178,-1.0,-0.4221296,-0.07223487,1.0,-40.18730521202088,1.0,160000
178325,67.27641624186217,0.8488067984580994,42.44033992290497,-1.0,0.36574197,-1.0,1.0,-45.64663410186768,1.0,144121
153007,67.25146336371677,0.8483192324638367,42.41596162319183,-1.0,-0.15698695,-1.0,0.3444203,-60.0,1.0,160000
163761,67.22980167929516,0.8478959798812866,42.39479899406433,-0.5432213,-0.5353108,-0.7421617,1.0,-34.589136838912964,1.0,160000
147018,67.21903633041458,0.8476856350898743,42.38428175449371,-1.0,-1.0,-1.0,-0.6194037,-20.0,1.0,160000
124609,67.1541195739145,0.846417248249054,42.3208624124527,-0.86337984,-0.93389785,-0.058018982,0.4266771,-56.05479717254639,1.0,160000
139877,67.14509572309672,0.8462409377098083,42.31204688549042,-0.47838128,-1.0,-1.0,-0.06834233,-37.784847021102905,1.0,160000
159618,67.14100172372711,0.8461609482765198,42.30804741382599,-1.0,-1.0,-1.0,1.0,-46.0718035697937,1.0,93609
196301,67.06465096223765,0.8446692228317261,42.233461141586304,-1.0,0.1346314,-1.0,1.0,-49.402958154678345,1.0,160000
143909,67.05849749273743,0.8445490002632141,42.22745001316071,-1.0,-0.012744427,-0.4398846,-0.07745826,-20.0,1.0,160000
147161,67.051858922849,0.8444193005561829,42.22096502780914,-1.0,-1.0,-1.0,0.317294,-20.0,1.0,160000
164277,67.04610201892416,0.8443068265914917,42.215341329574585,-0.38570195,-0.6712835,-0.24446046,1.0,-44.1127872467041,1.0,115863
137706,67.04565049629727,0.8442980051040649,42.21490025520325,-0.16642535,-0.55111724,-0.3853383,1.0,-60.0,1.0,160000
167665,67.04385050636171,0.8442628383636475,42.21314191818237,-1.0,-1.0,-0.49458277,-0.6248677,-20.0,1.0,160000
162814,67.03091493442274,0.8440101146697998,42.20050573348999,-0.7482123,-1.0,-1.0,1.0,-20.0,1.0,153960
137014,67.03091493442274,0.8440101146697998,42.20050573348999,-1.0,-0.048792005,-1.0,1.0,-20.0,1.0,160000
162813,67.03091493442274,0.8440101146697998,42.20050573348999,-0.44588923,-1.0,-1.0,1.0,-20.0,1.0,160000
188615,67.03091493442274,0.8440101146697998,42.20050573348999,-0.69856375,-1.0,-1.0,1.0,-57.636494636535645,1.0,160000
188609,67.03091493442274,0.8440101146697998,42.20050573348999,-1.0,-1.0,-1.0,1.0,-43.080583810806274,1.0,120408
137016,67.03091493442274,0.8440101146697998,42.20050573348999,-1.0,-1.0,-1.0,1.0,-52.62228012084961,1.0,160000
188614,67.03091493442274,0.8440101146697998,42.20050573348999,-1.0,-1.0,-1.0,1.0,-20.0,1.0,160000
137017,67.03091493442274,0.8440101146697998,42.20050573348999,-1.0,-0.55980635,-1.0,1.0,-21.38540267944336,1.0,160000
137010,67.03091493442274,0.8440101146697998,42.20050573348999,-1.0,-1.0,-1.0,1.0,-60.0,1.0,160000
178604,67.02569796848444,0.8439081907272339,42.195409536361694,-1.0,-1.0,-1.0,1.0,-29.717507362365723,1.0,101632
142952,67.02444406397069,0.8438836932182312,42.19418466091156,-1.0,-1.0,0.49789578,1.0,-36.600764989852905,1.0,147146
149669,66.99442942644703,0.8432973027229309,42.16486513614655,-1.0,-0.60322946,-0.6014032,1.0,-41.8364691734314,1.0,160000
134032,66.95716520584412,0.8425692915916443,42.12846457958221,-0.40400904,-0.4048527,0.5434892,1.0,-43.34685802459717,1.0,153638
157442,66.93962812590144,0.8422266840934753,42.11133420467377,-1.0,-1.0,-1.0,0.20286274,-29.43472027778625,1.0,121513
176431,66.93221417491567,0.8420818448066711,42.10409224033356,-1.0,-1.0,-1.0,1.0,-20.0,1.0,102915
169588,66.90579830158597,0.8415657877922058,42.07828938961029,-1.0,0.083788395,-0.84226155,1.0,-20.0,1.0,160000
176375,66.89408525246348,0.8413369655609131,42.06684827804565,-0.90888745,-0.29309094,-1.0,-0.26157093,-26.33342742919922,1.0,160000
161171,66.87519898723528,0.8409680128097534,42.04840064048767,-0.3283053,-0.82538575,-0.049979746,1.0,-42.0409095287323,1.0,160000
150636,66.8583659453274,0.8406391739845276,42.03195869922638,0.042507887,-1.0,-1.0,1.0,-28.97895097732544,1.0,160000
194227,66.84711332083816,0.840419352054596,42.0209676027298,-0.12252998,-1.0,-1.0,1.0,-20.0,1.0,95281
129445,66.82007989230955,0.839891254901886,41.9945627450943,-0.9734652,-1.0,-1.0,-0.7585224,-20.0,1.0,149040
140968,66.78079223190932,0.8391237854957581,41.9561892747879,-1.0,-1.0,-1.0,-0.6921241,-20.0,1.0,160000
162988,66.7667014398206,0.8388485312461853,41.94242656230927,-0.47973263,-1.0,-0.7506815,1.0,-53.17017316818237,1.0,160000
150041,66.76261576126277,0.838768720626831,41.93843603134155,-1.0,-0.7218511,-1.0,0.16776729,-34.76784288883209,1.0,160000
129796,66.75502412538177,0.8386204242706299,41.93102121353149,-1.0,0.18218374,-1.0,0.17690921,-48.928725719451904,1.0,160000
175295,66.73108036471935,0.8381527066230774,41.90763533115387,-1.0,-1.0,-1.0,0.74610436,-20.0,1.0,160000
139478,66.7069318497651,0.837680995464325,41.88404977321625,-0.7085415,-0.1159935,0.14754558,0.002677679,-20.0,1.0,160000
177478,66.70247987134655,0.8375940322875977,41.87970161437988,-1.0,-0.12400627,-0.98128307,0.36598432,-20.0,1.0,160000
152544,66.69749693823455,0.8374966979026794,41.87483489513397,-1.0,0.03763932,-0.9225943,1.0,-42.4150812625885,1.0,160000
200862,66.61137824423156,0.8358145356178284,41.79072678089142,-0.6822967,-0.36924732,-1.0,-0.33765292,-53.07172417640686,1.0,160000
126908,66.60214424431825,0.835634171962738,41.7817085981369,-1.0,-0.8400774,-1.0,-0.90793586,-20.0,1.0,116342
157999,66.59927272328352,0.8355780839920044,41.77890419960022,-1.0,0.26029384,-1.0,0.3254931,-20.0,1.0,160000
196369,66.58867155346488,0.8353710174560547,41.768550872802734,-1.0,-1.0,-0.01351279,1.0,-33.02677035331726,1.0,160000
192168,66.58468618127671,0.835293173789978,41.7646586894989,-0.28535283,-0.6320297,-1.0,0.36558592,-20.0,1.0,160000
142946,66.56344088830558,0.8348782062530518,41.74391031265259,-0.8342025,-1.0,-0.94999754,0.7339251,-60.0,1.0,83768
166734,66.55947987416417,0.8348008394241333,41.740041971206665,-0.5297382,-1.0,-0.71167135,1.0,-35.73378682136536,1.0,143416
198762,66.53992185945256,0.8344188332557678,41.72094166278839,-1.0,-1.0,-1.0,0.3291626,-20.0,1.0,160000
197528,66.52566747766065,0.834140419960022,41.7070209980011,-0.13725245,-0.6829355,-1.0,0.47396207,-20.0,1.0,160000
151344,66.49780229604349,0.8335961699485779,41.679808497428894,-0.9567301,-0.97416425,-0.95181483,0.48950517,-20.0,1.0,159130
116824,66.48452719927974,0.8333368897438049,41.66684448719025,-1.0,0.116565704,-1.0,1.0,-20.0,1.0,141892
194440,66.48333396170338,0.8333135843276978,41.66567921638489,-1.0,-1.0,-1.0,0.21915317,-20.0,1.0,160000
120470,66.40851853821152,0.831852376461029,41.59261882305145,-0.60280573,-0.7460732,-1.0,-0.30818927,-32.376771569252014,1.0,157812
166736,66.39875553134146,0.8316617012023926,41.58308506011963,-0.06934106,-1.0,-0.5935432,1.0,-20.0,1.0,160000
140246,66.39840151072384,0.8316547870635986,41.58273935317993,-0.7961637,-1.0,-1.0,-0.14086783,-44.552897214889526,1.0,103905
159816,66.38272992532261,0.831348717212677,41.56743586063385,-1.0,-1.0,-0.33396286,0.752684,-30.031464099884037,1.0,160000
185612,66.35446274241993,0.8307966589927673,41.53983294963837,-1.0,0.11605942,-1.0,1.0,-22.788469791412357,1.0,160000
115169,66.30817282691388,0.829892635345459,41.49463176727295,-0.36953226,0.3055718,-0.65313554,-0.72594476,-28.488502502441406,1.0,144353
148911,66.30472705426017,0.8298253417015076,41.49126708507538,-1.0,-1.0,-1.0,0.45205367,-20.0,1.0,160000
176092,66.26202212287362,0.8289913535118103,41.44956767559052,-1.0,-1.0,-0.29912388,1.0,-25.420504808425903,1.0,141952
199501,66.25801161638493,0.8289130330085754,41.44565165042877,-1.0,-1.0,-1.0,0.67334414,-32.15522348880768,1.0,144961
198412,66.24467371855489,0.828652560710907,41.43262803554535,-0.708454,-1.0,-1.0,0.2871313,-20.0,1.0,160000
154160,66.22627519298115,0.8282932639122009,41.414663195610046,-1.0,-1.0,-0.04133892,1.0,-20.0,1.0,160000
119797,66.21830589930724,0.8281376361846924,41.40688180923462,-1.0,-1.0,-1.0,-0.8225502,-20.0,1.0,160000
174626,66.16761413774958,0.8271477222442627,41.357386112213135,-1.0,-1.0,0.07749987,-0.90634096,-20.0,1.0,160000
192591,66.1467638051373,0.826740562915802,41.3370281457901,-1.0,-0.8432482,-1.0,0.32312334,-30.95231056213379,1.0,135236
166735,66.1179160191993,0.8261772394180298,41.30886197090149,-0.28636783,-1.0,-0.60218644,1.0,-41.981438398361206,1.0,160000
159810,66.08101544892087,0.8254566788673401,41.27283394336701,-1.0,-0.91600204,-0.90883493,1.0,-20.0,1.0,160000
119003,66.06847598007381,0.8252118229866028,41.26059114933014,-1.0,-0.3088916,0.3403318,-0.26880896,-57.35607624053955,1.0,117658
156054,66.0618521257967,0.8250824809074402,41.25412404537201,-0.5552325,-0.9247473,-0.93824035,1.0,-60.0,1.0,71755
202022,66.03493826779653,0.8245569467544556,41.22784733772278,-1.0,-1.0,-0.113262296,1.0,-20.0,1.0,160000
115193,66.02380874837128,0.8243396282196045,41.21698141098023,-1.0,-0.19650549,-0.98850894,0.31810075,-39.46772575378418,1.0,130514
133392,66.0192635132396,0.8242508769035339,41.2125438451767,-1.0,-1.0,-0.064801216,-0.017519593,-20.0,1.0,160000
146934,66.00866504215678,0.8240439295768738,41.20219647884369,-1.0,-1.0,-1.0,-0.831272,-25.345170497894287,2.534872055053711,160000
179963,65.97482094206916,0.823383092880249,41.16915464401245,-1.0,-1.0,0.1098901,1.0,-43.53214144706726,1.0,160000
167260,65.96925600314657,0.8232744336128235,41.16372168064117,-0.56746125,0.13642037,-1.0,1.0,-20.0,1.0,160000
115960,65.9390011125728,0.8226836919784546,41.13418459892273,-0.6654521,-1.0,-1.0,1.0,-20.0,1.0,99259
201889,65.90383690045905,0.8219971060752869,41.09985530376434,-1.0,-1.0,-0.23155135,1.0,-23.39437484741211,1.0,135245
141761,65.86569245063944,0.8212523460388184,41.06261730194092,-0.62135094,-0.85053855,-1.0,1.0,-60.0,1.0,85887
202794,65.85906173492481,0.8211228847503662,41.05614423751831,-0.44250584,-0.8742392,-1.0,0.75303555,-20.0,1.0,160000
201131,65.85813367696713,0.8211047649383545,41.055238246917725,-1.0,-0.313318,-1.0,0.68862545,-20.0,1.0,160000
136363,65.84598339956416,0.8208675384521484,41.04337692260742,-1.0,-1.0,-1.0,0.97241944,-59.016852378845215,1.0,160000
116828,65.79731123694252,0.8199172616004944,40.99586308002472,-0.76489466,-1.0,-1.0,1.0,-20.0,1.0,77132
143255,65.79715859052766,0.8199142813682556,40.99571406841278,-1.0,-1.0,-0.4512868,-0.37748468,-20.0,1.0,160000
126367,65.76925765682171,0.8193695545196533,40.968477725982666,-1.0,-0.36746967,-1.0,0.8929078,-53.7515664100647,1.0,160000
187966,65.7687294917633,0.8193592429161072,40.96796214580536,-0.8783299,-0.9914359,-1.0,1.0,-37.12576150894165,1.0,117143
179968,65.72191756256052,0.8184453248977661,40.92226624488831,-1.0,-0.373168,-0.11362648,1.0,-31.701602935791016,1.0,160000
143116,65.70423110330398,0.8181000351905823,40.90500175952912,-0.9949885,-0.93177706,-1.0,0.70957935,-34.38875496387482,1.0,154305
178802,65.69652814123867,0.817949652671814,40.8974826335907,-0.47371387,-1.0,-1.0,0.5319977,-29.09264087677002,1.0,160000
167563,65.6814121630009,0.817654550075531,40.88272750377655,0.0923022,-1.0,-0.71867895,0.8548038,-33.52353096008301,1.0,160000
117457,65.65702970259056,0.8171785473823547,40.85892736911774,-0.7038898,-1.0,-1.0,-0.081359625,-20.0,1.0,160000
138268,65.57808511193329,0.8156374096870422,40.78187048435211,-1.0,-1.0,-1.0,0.22551548,-20.867103338241577,1.0,160000
156197,65.57695844032048,0.8156154155731201,40.780770778656006,-1.0,-1.0,-0.37944937,1.0,-60.0,1.0,160000
159066,65.56745650879064,0.8154299259185791,40.77149629592896,-1.0,-1.0,-1.0,0.6048231,-20.0,1.0,160000
138475,65.55867206140684,0.8152584433555603,40.762922167778015,-1.0,-0.477962,-0.15316159,1.0,-45.0619387626648,1.0,120958
115460,65.55434546817602,0.8151739835739136,40.75869917869568,-0.6141465,-1.0,-0.20949697,-0.5422406,-26.97089195251465,1.0,152133
172106,65.55341114246984,0.8151557445526123,40.757787227630615,-1.0,-1.0,-0.75118136,-0.07146764,-26.987476348876957,1.0,160000
187968,65.54827539549822,0.8150554895401001,40.752774477005005,-1.0,-1.0,-1.0,1.0,-20.0,1.0,160000
187960,65.54827539549822,0.8150554895401001,40.752774477005005,-1.0,-1.0,-1.0,1.0,-37.28590250015259,1.0,160000
187963,65.54827539549822,0.8150554895401001,40.752774477005005,-0.4573512,-1.0,-1.0,1.0,-49.446213245391846,1.0,160000
136360,65.54827539549822,0.8150554895401001,40.752774477005005,-0.65014285,-0.74939996,-1.0,1.0,-38.07168841362,1.0,131389
136364,65.54827539549822,0.8150554895401001,40.752774477005005,-1.0,-1.0,-1.0,1.0,-20.0,1.0,139559
162161,65.54827539549822,0.8150554895401001,40.752774477005005,-1.0,-1.0,-1.0,1.0,-26.759181022644043,1.0,141500
189251,65.51410794202711,0.8143885135650635,40.71942567825317,-1.0,0.29719055,-1.0,0.7935493,-20.0,1.0,160000
115491,65.50439192710115,0.8141988515853882,40.70994257926941,-0.42736235,-0.20944855,-1.0,-0.24629831,-20.0,1.0,160000
161177,65.49681938255716,0.8140510320663452,40.70255160331726,-1.0,-1.0,-1.0,1.0,-24.69789981842041,1.0971108675003052,121546
154162,65.49125293060156,0.8139423727989197,40.697118639945984,-1.0,-1.0,-0.6340568,1.0,-20.0,1.0,160000
142951,65.41609339539147,0.8124752640724182,40.62376320362091,-1.0,-0.47524807,-0.7163103,1.0,-20.0,1.0,134311
116785,65.38158438534114,0.8118016719818115,40.590083599090576,-1.0,-1.0,-1.0,-0.4565295,-20.0,1.0,160000
154163,65.35792755894667,0.8113399147987366,40.56699573993683,-1.0,-1.0,-0.45587152,1.0,-50.90767860412598,1.0,160000
128709,65.35643124691876,0.8113107085227966,40.56553542613983,-1.0,0.056693673,-0.6068326,1.0,-22.94835448265076,1.0,160000
143782,65.35518533713943,0.8112863898277283,40.564319491386414,-0.56822324,0.041124284,-1.0,0.97949857,-54.86042499542236,1.0,107418
175334,65.35282177053006,0.8112402558326721,40.562012791633606,-1.0,0.11094451,-0.6170192,1.0,-20.0,1.0,142085
154166,65.30120726473848,0.8102328181266785,40.51164090633392,-0.02789259,-1.0,-0.6297964,1.0,-26.9964861869812,1.0,160000
150638,65.29833669309679,0.8101767897605896,40.50883948802948,0.007875562,-1.0,-1.0,1.0,-31.173614263534542,1.0,160000
163354,65.29096174508872,0.810032844543457,40.50164222717285,-0.3456105,-1.0,-0.2786051,1.0,-32.24793314933777,1.0,160000
163883,65.22946596881422,0.808832585811615,40.44162929058075,-0.974601,-1.0,-1.0,-0.2002294,-20.0,1.0,160000
154167,65.2245460895117,0.8087365627288818,40.43682813644409,-1.0,-1.0,-0.45663172,1.0,-43.49837422370911,1.0,142929
134010,65.22106765609774,0.8086686730384827,40.43343365192413,-1.0,-1.0,-0.8850542,1.0,-20.0,1.0,160000
168758,65.19146862047984,0.8080909848213196,40.40454924106598,-1.0,-1.0,-0.78521824,1.0,-20.0,1.0,160000
131970,65.1881733598824,0.8080266714096069,40.40133357048035,-1.0,-0.8375732,-0.6597492,0.024633884,-20.0,1.0,160000
128360,65.15810037834585,0.8074397444725037,40.37198722362518,-1.0,-1.0,0.30755717,1.0,-27.1777606010437,1.0,140535
122487,65.1355949244761,0.8070005178451538,40.35002589225769,-0.6815273,-1.0,-0.557564,0.20304763,-20.0,1.0,104580
185609,65.12914772468545,0.806874692440033,40.34373462200165,-1.0,-1.0,-0.82652795,1.0,-53.65802764892578,1.0,160000
176036,65.12482310902071,0.806790292263031,40.33951461315155,-1.0,-0.47787142,-1.0,0.27747226,-20.0,1.0,159188
125542,65.11978687260664,0.8066920042037964,40.33460021018982,-1.0,0.52038205,-1.0,1.0,-38.62730145454407,1.0,160000
137551,65.0856659033732,0.8060261011123657,40.301305055618286,-1.0,-0.89485246,-0.1605748,1.0,-20.0,1.0,160000
163357,65.07449978102524,0.8058081865310669,40.29040932655335,-0.4618249,-0.6968947,-0.14809012,1.0,-20.0,1.0,122505
124348,65.02759271609959,0.8048927783966064,40.24463891983032,-1.0,-1.0,-0.19040585,0.068395615,-21.36922597885132,1.0,160000
181989,65.00572083956348,0.8044659495353699,40.223297476768494,-1.0,-0.26054382,-0.33941954,1.0,-20.939619541168213,1.0,142617
189152,64.98357378875754,0.8040337562561035,40.201687812805176,-1.0,-1.0,-0.23755574,1.0,-60.0,1.0,149918
123612,64.98148765668847,0.8039930462837219,40.199652314186096,-1.0,0.107164145,-1.0,1.0,-34.970442056655884,1.0,117238
119192,64.97026281713008,0.8037739992141724,40.18869996070862,-0.846597,-0.42566174,-1.0,0.088419914,-20.0,1.0,160000
138493,64.96844545516936,0.803738534450531,40.18692672252655,-0.744538,-0.39262247,-0.69218403,0.22412789,-29.65033769607544,1.0,160000
143253,64.9531276126918,0.8034396171569824,40.17198085784912,-1.0,-1.0,0.087822914,-0.4329598,-20.0,1.0,160000
183059,64.95186002830101,0.8034148812294006,40.17074406147003,-1.0,-1.0,1.0,-0.367566,-50.63844442367554,1.0,160000
121078,64.94473404828553,0.8032758235931396,40.16379117965698,-1.0,-0.57975477,-1.0,-0.27686977,-20.0,1.0,119975
163530,64.93885425224047,0.803161084651947,40.15805423259735,-1.0,-1.0,-0.0068451166,-0.086441636,-20.0,1.0,160000
131512,64.89907575021935,0.8023848533630371,40.119242668151855,-0.28911096,0.1532467,-1.0,0.82643956,-20.0,1.0,160000
133667,64.8947413856108,0.8023002743721008,40.11501371860504,-1.0,-1.0,-1.0,-0.8079066,-20.07847905158997,1.0,102098
196542,64.82323956390317,0.8009050488471985,40.04525244235992,-1.0,-1.0,-1.0,-0.040085435,-30.19271969795227,1.0,127605
176695,64.80141086602168,0.8004791140556335,40.02395570278168,0.018366218,-1.0,-1.0,1.0,-20.0,1.0,160000
117133,64.7929646174341,0.8003143072128296,40.01571536064148,-1.0,-1.0,-0.4698887,0.24832761,-20.0,1.0,160000
185410,64.74710364890143,0.7994194626808167,39.97097313404083,-1.0,-1.0,-1.0,1.0,-27.580678462982178,1.0,160000
159616,64.74710364890143,0.7994194626808167,39.97097313404083,-1.0,-1.0,-1.0,1.0,-39.45626020431519,1.0,160000
133817,64.74710364890143,0.7994194626808167,39.97097313404083,-1.0,-1.0,-1.0,1.0,-24.07454252243042,1.0,160000
185416,64.74710364890143,0.7994194626808167,39.97097313404083,-1.0,-0.08948624,-1.0,1.0,-20.0,1.0,160000
133810,64.74710364890143,0.7994194626808167,39.97097313404083,-0.80589324,-0.29348457,-1.0,1.0,-49.53762650489807,1.0,128420
185412,64.74710364890143,0.7994194626808167,39.97097313404083,-0.68730795,-1.0,-1.0,1.0,-20.0,1.0,160000
159613,64.74710364890143,0.7994194626808167,39.97097313404083,-1.0,-1.0,-1.0,1.0,-20.0,1.0,160000
185886,64.7066485486528,0.7986301183700562,39.93150591850281,-1.0,-1.0,-1.0,-0.06982577,-20.0,1.0,160000
150292,64.70643165316385,0.7986258864402771,39.931294322013855,-1.0,0.075718164,-0.9502894,0.7125031,-20.0,1.0,160000
126211,64.6549349808918,0.7976211309432983,39.88105654716492,-0.27682346,-1.0,-1.0,-0.7755102,-20.0,1.0,132335
188844,64.6298841189819,0.7971323728561401,39.85661864280701,-1.0,-1.0,-0.12323272,0.2184372,-20.0,1.0,160000
185605,64.60801624221696,0.7967057228088379,39.835286140441895,-1.0,-0.8664408,1.0,1.0,-20.05849838256836,1.0,160000
138542,64.58724485425829,0.79630047082901,39.8150235414505,-1.0,-0.7884853,-1.0,0.095151424,-47.30956196784973,1.0,160000
176696,64.56065929940114,0.7957817912101746,39.78908956050873,-1.0,-0.70873165,1.0,-0.0060380697,-43.49322557449341,1.0,94982
115494,64.56000244568114,0.7957689762115479,39.78844881057739,-0.81064,-0.2701857,0.083996534,0.04768336,-37.15667724609375,1.0,160000
141759,64.54560964626695,0.795488178730011,39.77440893650055,0.05423391,-1.0,-0.8964186,1.0,-20.0,1.0,160000
126586,64.5203707727028,0.7949957847595215,39.74978923797608,-1.0,0.016920447,-1.0,0.18200827,-20.406068563461304,1.0,160000
179718,64.51152898000883,0.7948232889175415,39.74116444587708,-0.2878667,-1.0,-0.3431782,1.0,-34.70956742763519,1.0,160000
147435,64.5032554146803,0.7946618795394897,39.73309397697449,-1.0,-1.0,-1.0,-0.48223317,-20.0,1.0,105296
161241,64.48226273785532,0.794252336025238,39.7126168012619,-1.0,-1.0,-0.28820223,0.51889443,-51.65470480918884,1.0,160000
128362,64.47470090950635,0.794104814529419,39.70524072647095,-1.0,-1.0,-1.0,1.0,-60.0,1.0,160000
128359,64.47470090950635,0.794104814529419,39.70524072647095,-1.0,-0.60109764,-1.0,1.0,-37.12406933307648,1.0,160000
179960,64.47470090950635,0.794104814529419,39.70524072647095,-0.80134094,-1.0,-1.0,1.0,-24.51002240180969,1.0,160000
179964,64.47470090950635,0.794104814529419,39.70524072647095,-0.052536964,-1.0,-1.0,1.0,-56.890467405319214,1.0,160000
128364,64.47470090950635,0.794104814529419,39.70524072647095,-0.40273178,-0.47627282,-1.0,1.0,-60.0,1.0,160000
179966,64.47470090950635,0.794104814529419,39.70524072647095,-1.0,-0.23268712,-1.0,1.0,-23.91687154769897,1.0,139464
150479,64.46639049672825,0.7939426898956299,39.69713449478149,-0.4053551,-1.0,-1.0,-0.61722136,-31.10575377941132,1.0,160000
181998,64.44162094180967,0.7934594750404358,39.67297375202179,-1.0,-1.0,-1.0,1.0,-48.18727970123291,1.0,98149
118728,64.43927137429958,0.7934136390686035,39.670681953430176,-1.0,-0.45070553,-0.14976472,0.07004237,-56.09845042228699,1.0,151175
179965,64.41537831353261,0.79294753074646,39.647376537323,-0.7701874,-1.0,-0.8085486,1.0,-58.20171594619751,1.0,160000
192598,64.38258437220873,0.7923077940940857,39.615389704704285,-0.3188485,-1.0,-0.95498073,0.32900965,-20.49006938934326,1.0,160000
133376,64.35835132984434,0.7918350696563721,39.5917534828186,-1.0,-0.2013154,-1.0,-0.7610202,-20.0,1.0,160000
115392,64.3425451199006,0.791526734828949,39.57633674144745,-0.7802955,-0.59049225,-1.0,-0.8211255,-20.0,1.0,160000
130396,64.31411311529139,0.790972113609314,39.5486056804657,-1.0,-0.6520205,-0.041546285,1.0,-48.888179063797,1.0,157233
136338,64.30638245839093,0.7908213138580322,39.54106569290161,-1.0,-1.0,-1.0,-0.49323225,-20.0,1.0,144965
194220,64.30419464533136,0.790778636932373,39.53893184661865,-0.41370916,0.05018723,0.19723207,0.39820206,-49.14489507675171,1.0,160000
201623,64.29957761687129,0.7906885743141174,39.53442871570587,-0.6691109,-1.0,-1.0,-0.20979273,-20.0,1.0,150016
130630,64.28645675172348,0.7904326319694519,39.5216315984726,-0.84007066,-0.41874766,-1.0,-0.76022744,-60.0,1.0,124157
161354,64.27791927175598,0.7902660965919495,39.51330482959747,-0.56306833,-1.0,-0.41777945,-0.057047725,-49.71293330192566,1.0,96021
156991,64.26696470932535,0.7900524139404297,39.50262069702149,-1.0,-1.0,-0.37492967,0.25747538,-20.0,1.0,142753
187965,64.25934689099219,0.7899038195610046,39.49519097805023,-1.0,-1.0,-0.9409955,1.0,-20.0,1.0,160000
195387,64.25582367624179,0.7898350954055786,39.49175477027893,-1.0,-1.0,-1.0,0.8512299,-20.0,1.0,160000
115968,64.25151513793922,0.7897510528564453,39.487552642822266,-1.0,-1.0,-1.0,1.0,-48.91605615615845,1.0,120010
141763,64.25151513793922,0.7897510528564453,39.487552642822266,-1.0,-1.0,-1.0,1.0,-20.0,1.0,160000
167559,64.25151513793922,0.7897510528564453,39.487552642822266,-0.38826126,-0.81457865,-1.0,1.0,-23.923146724700928,1.0,160000
167565,64.25151513793922,0.7897510528564453,39.487552642822266,-1.0,-1.0,-1.0,1.0,-44.97393608093262,1.0,160000
193367,64.25151513793922,0.7897510528564453,39.487552642822266,-0.43606263,-0.3940484,-1.0,1.0,-20.0,1.0,160000
115966,64.25151513793922,0.7897510528564453,39.487552642822266,-1.0,-0.4440393,-1.0,1.0,-20.0,1.0,160000
193364,64.25151513793922,0.7897510528564453,39.487552642822266,-1.0,-1.0,-1.0,1.0,-20.0,1.0,160000
176228,64.19778885250417,0.7887030839920044,39.43515419960022,-0.6690642,-0.9233159,-0.007488966,1.0,-55.82919955253601,1.0,160000
141767,64.18422713267351,0.7884385585784912,39.42192792892456,-0.8337432,-1.0,-1.0,0.7869995,-20.0,1.0,149516
164730,64.14813737476311,0.7877346277236938,39.38673138618469,-1.0,-0.88159245,-0.43775654,-0.43631256,-20.0,1.0,160000
127748,64.11620903841863,0.7871118783950806,39.35559391975403,-1.0,0.07558322,-1.0,1.0,-31.77661180496216,1.0,150223
179021,64.09117443800405,0.7866235971450806,39.33117985725403,-0.65693,-1.0,-0.8275865,1.0,-25.03504157066345,1.0,108661
136069,64.0520754397825,0.7858610153198242,39.29305076599121,-0.6727917,0.24345201,-1.0,0.4082296,-21.346819400787357,1.0,106350
193359,64.03248585817362,0.785478949546814,39.2739474773407,-1.0,-1.0,-1.0,0.59748936,-20.0,1.0,160000
178327,64.01059475561327,0.7850520014762878,39.25260007381439,-0.28326535,-0.9595684,-1.0,0.07655895,-20.0,1.0,132699
127419,63.987676474427474,0.7846050262451172,39.23025131225586,-0.80662906,-1.0,-1.0,1.0,-29.32287096977234,1.0,160000
153224,63.987676474427474,0.7846050262451172,39.23025131225586,-0.39890432,-0.22816026,-1.0,1.0,-20.0,1.0,160000
153220,63.987676474427474,0.7846050262451172,39.23025131225586,-0.5096408,-1.0,-1.0,1.0,-20.0,1.0,154550
179025,63.987676474427474,0.7846050262451172,39.23025131225586,-1.0,-0.7730173,-1.0,1.0,-34.63433504104614,1.0,160000
153221,63.987676474427474,0.7846050262451172,39.23025131225586,-1.0,-0.06474519,-1.0,1.0,-30.12054145336151,1.0,160000
118911,63.98564715639125,0.7845654487609863,39.22827243804932,-1.0,-1.0,-1.0,-0.5548574,-20.0,1.0,160000
142044,63.98441856200616,0.7845414876937866,39.22707438468933,-0.8856906,-1.0,-0.92102724,-0.18113637,-42.465494871139526,1.0,160000
142897,63.97151826463504,0.7842898964881897,39.214494824409485,-1.0,-1.0,-1.0,-0.9919567,-21.231746673583984,1.0,160000
203417,63.938437287505565,0.7836447358131409,39.18223679065704,-1.0,-1.0,-1.0,-0.24442863,-46.37491941452026,1.0,160000
130390,63.86165526590592,0.7821473479270935,39.10736739635468,-1.0,-1.0,0.089108706,1.0,-23.11326146125793,1.0,160000
156058,63.86031043233648,0.7821211218833923,39.10605609416962,-1.0,-0.8456802,0.059378266,1.0,-20.0,1.0,73926
121031,63.83592901596071,0.781645655632019,39.08228278160095,-1.0,0.3173384,-1.0,1.0,-38.50257992744446,1.0,160000
125093,63.76710766626682,0.7803035974502563,39.01517987251282,-1.0,-1.0,-1.0,0.56934124,-20.0,1.0,160000
156059,63.73115836973562,0.779602587223053,38.98012936115265,-0.8929571,-0.35266194,-0.07862055,0.5588703,-52.48981475830078,1.0,160000
170585,63.715657832732745,0.779300332069397,38.96501660346985,-1.0,-0.8246176,-0.97402596,0.79664683,-20.0,1.0,149635
127638,63.686496485668215,0.7787317037582397,38.93658518791199,-1.0,-0.43643254,-1.0,1.0,-20.0,1.0,133134
179229,63.68649037212239,0.7787315845489502,38.93657922744751,-0.7831743,-1.0,-1.0,1.0,-31.999863982200623,1.0,160000
127632,63.68649037212239,0.7787315845489502,38.93657922744751,-1.0,-1.0,-1.0,1.0,-20.0,1.0,160000
127635,63.68649037212239,0.7787315845489502,38.93657922744751,-0.044374347,-0.40164155,-1.0,1.0,-24.607417583465576,1.0,160000
127630,63.68649037212239,0.7787315845489502,38.93657922744751,-0.21576083,-1.0,-1.0,1.0,-20.0,1.0,146332
153432,63.68649037212239,0.7787315845489502,38.93657922744751,-1.0,-1.0,-1.0,1.0,-24.358739852905277,1.0,160000
189564,63.676008663337214,0.7785272002220154,38.92636001110077,-1.0,-0.10834801,-0.010779619,0.79594696,-20.0,1.0,160000
202150,63.6695649306424,0.7784015536308289,38.92007768154144,-1.0,-1.0,-1.0,1.0,-27.763872146606445,1.0,130575
202152,63.6695649306424,0.7784015536308289,38.92007768154144,-1.0,-1.0,-1.0,1.0,-20.0,1.0,160000
124752,63.6695649306424,0.7784015536308289,38.92007768154144,-0.13642228,-0.16953981,-1.0,1.0,-37.57602691650391,1.0,121697
124755,63.6695649306424,0.7784015536308289,38.92007768154144,-1.0,-1.0,-1.0,1.0,-58.61457824707031,1.0,160000
176349,63.6695649306424,0.7784015536308289,38.92007768154144,-1.0,-0.46194607,-1.0,1.0,-33.79967391490936,1.0,160000
150553,63.6695649306424,0.7784015536308289,38.92007768154144,-0.018304944,-1.0,-1.0,1.0,-20.0,1.0,135729
202157,63.6695649306424,0.7784015536308289,38.92007768154144,-1.0,-1.0,-1.0,1.0,-20.0,1.0,160000
124757,63.6695649306424,0.7784015536308289,38.92007768154144,-0.43914014,-0.23904689,-1.0,1.0,-59.71429347991944,1.0,137605
176354,63.6695649306424,0.7784015536308289,38.92007768154144,-0.21444762,-1.0,-1.0,1.0,-20.0,1.0,160000
176350,63.6695649306424,0.7784015536308289,38.92007768154144,-1.0,-0.094861925,-1.0,1.0,-20.0,1.0,160000
176351,63.6695649306424,0.7784015536308289,38.92007768154144,-1.0,-1.0,-1.0,1.0,-20.0,1.0,160000
124750,63.6695649306424,0.7784015536308289,38.92007768154144,-0.7190664,-1.0,-1.0,1.0,-38.192102909088135,1.0,160000
202158,63.66955576022626,0.7784013748168945,38.92006874084473,-1.0,-1.0,-1.0,1.0,-20.0,1.0,160000
155460,63.669036103225565,0.7783912420272827,38.919562101364136,-0.06961417,-1.0,-0.69495916,1.0,-20.0,1.0,160000
137967,63.66663345159572,0.7783443927764893,38.91721963882446,-0.8815527,-1.0,-1.0,1.0,-29.12511229515076,1.0,79096
201132,63.65292970896804,0.7780771851539612,38.90385925769806,-1.0,-1.0,-0.6456278,0.688136,-31.841464638710026,1.0,160000
129417,63.635236636391696,0.7777321934700012,38.88660967350006,-1.0,-1.0,-1.0,1.0,-20.0,1.0,160000
181015,63.635236636391696,0.7777321934700012,38.88660967350006,-1.0,-1.0,-1.0,1.0,-20.0,1.0,160000
181016,63.635236636391696,0.7777321934700012,38.88660967350006,-1.0,-0.4960314,-1.0,1.0,-20.0,1.0,160000
181013,63.635236636391696,0.7777321934700012,38.88660967350006,-1.0,-1.0,-1.0,1.0,-20.0,1.0,154328
155210,63.635236636391696,0.7777321934700012,38.88660967350006,-0.079753876,-1.0,-1.0,1.0,-28.118082284927368,1.0,131418
155212,63.635236636391696,0.7777321934700012,38.88660967350006,-1.0,-1.0,-1.0,1.0,-39.69085335731506,1.0,158737
129415,63.635236636391696,0.7777321934700012,38.88660967350006,-0.3947721,-1.0,-1.0,1.0,-20.0,1.0,160000
155218,63.63523052264914,0.7777320742607117,38.88660371303558,-0.3834774,-1.0,-1.0,1.0,-20.0,1.0,160000
181018,63.63523052264914,0.7777320742607117,38.88660371303558,-1.0,-1.0,-1.0,1.0,-28.349450826644897,1.0,160000
140243,63.63517549896504,0.7777310013771057,38.886550068855286,-0.8959383,0.077480316,-1.0,1.0,-41.61731481552124,1.0,160000
181265,63.63162952419938,0.7776618599891663,38.88309299945831,-0.110051155,-0.4112696,0.33983374,0.6731621,-24.50809597969055,1.0,160000
120706,63.620765341951085,0.7774500250816345,38.872501254081726,-1.0,-0.05321729,-1.0,1.0,-20.0,1.0,160000
198108,63.620765341951085,0.7774500250816345,38.872501254081726,-1.0,-0.92103326,-1.0,1.0,-41.28700137138367,1.0,160000
198105,63.620765341951085,0.7774500250816345,38.872501254081726,-0.6844594,-1.0,-1.0,1.0,-20.768191814422607,1.0,160000
198102,63.620765341951085,0.7774500250816345,38.872501254081726,-1.0,-1.0,-1.0,1.0,-20.0,1.0,135920
198099,63.620765341951085,0.7774500250816345,38.872501254081726,-1.0,-1.0,-1.0,1.0,-53.45773100852966,1.0,146196
120704,63.620765341951085,0.7774500250816345,38.872501254081726,-1.0,-1.0,-1.0,1.0,-20.0,1.0,149879
146505,63.620765341951085,0.7774500250816345,38.872501254081726,-1.0,-1.0,-1.0,1.0,-20.0,1.0,155059
146502,63.620765341951085,0.7774500250816345,38.872501254081726,-0.82476425,-0.57179606,-1.0,1.0,-20.686156749725345,1.0,160000
172300,63.620765341951085,0.7774500250816345,38.872501254081726,-1.0,-1.0,-1.0,1.0,-20.0,1.0,160000
120701,63.620765341951085,0.7774500250816345,38.872501254081726,-1.0,-1.0,-1.0,1.0,-23.835855722427368,1.0,160000
198107,63.620765341951085,0.7774500250816345,38.872501254081726,-1.0,-1.0,-1.0,1.0,-32.460949420928955,1.0,160000
173423,63.59198131943657,0.7768887877464294,38.84443938732147,-1.0,-0.59403527,-0.3234322,0.35916674,-20.0,1.0,160000
177142,63.58709935563397,0.7767935991287231,38.83967995643616,-0.4681868,-0.4654507,-1.0,0.5763358,-28.69588017463684,1.0,160000
138522,63.57947832639231,0.7766450047492981,38.832250237464905,-1.0,-1.0,-1.0,0.29073703,-20.0,1.0,160000
181262,63.55912177554867,0.7762480974197388,38.81240487098694,-1.0,-1.0,-1.0,1.0,-21.182610988616943,1.0,160000
129660,63.55912177554867,0.7762480974197388,38.81240487098694,-1.0,-1.0,-1.0,1.0,-40.23639798164368,1.0,160000
129666,63.55912177554867,0.7762480974197388,38.81240487098694,-1.0,-1.0,-1.0,1.0,-33.323657512664795,1.0,160000
129664,63.55912177554867,0.7762480974197388,38.81240487098694,-1.0,-1.0,-1.0,1.0,-22.045512199401852,1.0,160000
155468,63.55911871853087,0.776248037815094,38.8124018907547,-0.6857332,-0.22139013,-1.0,1.0,-25.200778245925903,1.0,160000
167262,63.55770331865543,0.776220440864563,38.81102204322815,-0.5857293,0.27619147,-1.0,0.68136585,-24.823317527771,1.0,104256
200001,63.48391429427275,0.7747817635536194,38.73908817768097,-1.0,-0.6897001,0.23848343,1.0,-44.24934506416321,1.0,135451
133053,63.45745738290608,0.7742659449577332,38.71329724788666,-1.0,0.16922832,-1.0,0.7389022,-34.22817587852478,1.0,160000
166909,63.45589514558786,0.7742354869842529,38.71177434921265,-0.8358807,-1.0,-1.0,1.0,-20.0,1.0,87117
156056,63.45437876502783,0.7742059230804443,38.71029615402222,-1.0,-0.54505575,0.31623292,1.0,-20.0,1.0,160000
141770,63.42182820392651,0.7735713124275208,38.67856562137604,-1.0,-0.5685597,1.0,-0.67886364,-20.0,1.0,160000
181267,63.41242702909333,0.7733880281448364,38.66940140724182,-1.0,-0.9059668,-0.98930985,1.0,-20.0,1.0,160000
194963,63.40363114734562,0.7732165455818176,38.66082727909088,-1.0,-0.30289578,-0.6681032,0.267421,-20.0,1.0,154105
153435,63.39756847237765,0.773098349571228,38.6549174785614,-1.0,-0.42583477,-1.0,1.0,-36.55336022377014,1.0,118373
184657,63.39138959501901,0.772977888584137,38.64889442920685,-1.0,-1.0,-0.8662673,0.07087052,-20.0,1.0,160000
167567,63.37410939934712,0.7726410031318665,38.63205015659332,-0.7167818,-0.6352497,-0.9025147,1.0,-27.245357036590576,1.0,141336
202024,63.36548145980196,0.7724727988243103,38.62363994121552,-0.9206149,-0.83570117,0.0015146732,1.0,-33.57433080673218,1.0,160000
135247,63.33048614846563,0.7717905640602112,38.58952820301056,-1.0,-1.0,-1.0,-0.49036872,-20.0,1.0,160000
167411,63.295407502435786,0.7711067199707031,38.55533599853516,0.2780794,-1.0,-0.003825307,-0.46998227,-20.0,1.0,160000
189894,63.287035963530286,0.7709435224533081,38.547176122665405,-1.0,-1.0,-1.0,0.41846025,-29.95405912399292,1.0,151155
199384,63.22458127797876,0.769726037979126,38.4863018989563,-1.0,-1.0,-0.4543866,0.23778439,-53.57690572738648,1.0,160000
142950,63.215307342077125,0.7695452570915222,38.47726285457611,-0.16382664,-1.0,-0.050351024,1.0,-20.0,1.0,88636
174711,63.18953083068903,0.7690427899360657,38.45213949680328,-1.0,-1.0,-1.0,0.4959967,-26.089578866958615,1.0,160000
187052,63.14209848768782,0.7681182026863098,38.40591013431549,-1.0,-1.0,-1.0,0.33196723,-45.502198934555054,1.0,160000
161989,63.12163840890861,0.7677193880081177,38.38596940040589,-1.0,-0.40042523,-1.0,1.0,-60.0,1.0,160000
187790,63.12163840890861,0.7677193880081177,38.38596940040589,-1.0,-1.0,-1.0,1.0,-20.0,1.0,160000
161991,63.12163840890861,0.7677193880081177,38.38596940040589,-1.0,-1.0,-1.0,1.0,-27.34648466110229,1.0,160000
136192,63.12163840890861,0.7677193880081177,38.38596940040589,-1.0,-0.94408697,-1.0,1.0,-20.0,1.0,160000
136194,63.12163840890861,0.7677193880081177,38.38596940040589,-0.83981264,-0.94740474,-1.0,1.0,-26.790262460708615,1.0,160000
136197,63.12163840890861,0.7677193880081177,38.38596940040589,-1.0,-1.0,-1.0,1.0,-20.0,1.0,160000
181259,63.09927603835298,0.7672834992408752,38.36417496204376,-1.0,-0.1652906,-0.4236756,1.0,-44.43282961845398,1.0,160000
155297,63.0716352986902,0.7667447328567505,38.33723664283752,-1.0,-1.0,-1.0,0.5886632,-60.0,1.0,160000
156192,63.04478303532149,0.7662213444709778,38.31106722354889,-1.0,-1.0,-1.0,1.0,-20.0,1.0,160000
181996,63.04478303532149,0.7662213444709778,38.31106722354889,-1.0,-0.80165577,-1.0,1.0,-30.03249168395996,1.0,160000
156189,63.04478303532149,0.7662213444709778,38.31106722354889,-1.0,-0.46978167,-1.0,1.0,-27.209031581878666,1.0,160000
181997,63.04478303532149,0.7662213444709778,38.31106722354889,-0.52801335,-0.7769561,-1.0,1.0,-20.0,1.0,160000
130395,63.04478303532149,0.7662213444709778,38.31106722354889,-0.7296945,-1.0,-1.0,1.0,-20.0,1.0,160000
181991,63.04478303532149,0.7662213444709778,38.31106722354889,-1.0,-1.0,-1.0,1.0,-20.284368991851807,1.0,149448
181995,63.04478303532149,0.7662213444709778,38.31106722354889,-0.9247224,-1.0,-1.0,1.0,-38.26997041702271,1.0,160000
156196,63.04478303532149,0.7662213444709778,38.31106722354889,-1.0,-0.3812632,-1.0,1.0,-20.0,1.0,125453
156198,63.04477386125363,0.7662211656570435,38.31105828285217,-1.0,-1.0,-1.0,1.0,-28.95817279815674,1.0,160000
132597,63.02813812857741,0.7658969163894653,38.29484581947327,-1.0,-1.0,-0.45478344,0.5996089,-32.79938220977783,1.0,160000
198269,62.93972414923024,0.764173686504364,38.2086843252182,-0.6182794,0.0029040575,-1.0,1.0,-20.0,1.0,124258
177960,62.91852128704343,0.7637604475021362,38.18802237510681,-0.83526754,-0.88365984,-1.0,1.0,-20.282409191131592,1.0,129772
177959,62.91852128704343,0.7637604475021362,38.18802237510681,-1.0,-0.64503646,-1.0,1.0,-60.0,1.0,150485
152160,62.91852128704343,0.7637604475021362,38.18802237510681,-1.0,-1.0,-1.0,1.0,-20.0,1.0,160000
152162,62.91852128704343,0.7637604475021362,38.18802237510681,-1.0,-1.0,-1.0,1.0,-20.0,1.0,160000
203767,62.91852128704343,0.7637604475021362,38.18802237510681,-0.6374842,-1.0,-1.0,1.0,-20.0,1.0,160000
177962,62.91852128704343,0.7637604475021362,38.18802237510681,-1.0,-0.60974413,-1.0,1.0,-20.0,1.0,160000
126360,62.91852128704343,0.7637604475021362,38.18802237510681,-1.0,-1.0,-1.0,1.0,-20.0,1.0,160000
126363,62.91852128704343,0.7637604475021362,38.18802237510681,-1.0,-1.0,-1.0,1.0,-22.262427806854248,1.0,160000
177967,62.91852128704343,0.7637604475021362,38.18802237510681,-1.0,-0.46807146,-1.0,1.0,-42.37290143966675,1.0,130461
177965,62.91852128704343,0.7637604475021362,38.18802237510681,-1.0,-0.22120774,-1.0,1.0,-40.51107883453369,1.0,160000
203764,62.91852128704343,0.7637604475021362,38.18802237510681,-0.69176024,-1.0,-1.0,1.0,-22.043648958206177,1.0,127111
203760,62.91852128704343,0.7637604475021362,38.18802237510681,-1.0,-1.0,-1.0,1.0,-28.31329107284546,1.0,160000
203768,62.9185151704969,0.7637603282928467,38.188016414642334,-1.0,-1.0,-1.0,1.0,-24.74435925483704,1.0,160000
132505,62.9146372750923,0.7636847496032715,38.18423748016357,-0.9915,-1.0,-1.0,0.37562847,-20.0,1.0,160000
193361,62.888097283143445,0.7631675004959106,38.15837502479553,-0.26633894,-0.76708055,-0.8724174,1.0,-20.0,1.0,160000
177049,62.87615444277098,0.7629347443580627,38.14673721790314,-1.0,-1.0,-1.0,0.47512352,-60.0,1.0,98581
118375,62.85927833191857,0.7626058459281921,38.13029229640961,-0.25617337,-1.0,0.93842685,-0.03523767,-60.0,1.0,160000
141620,62.85890826651263,0.7625986337661743,38.12993168830872,-0.27690125,-1.0,0.35443127,0.3921107,-60.0,1.0,144025
154518,62.823610955575255,0.7619107365608215,38.09553682804108,-0.6944033,-1.0,0.48123688,0.54841244,-24.69853401184082,1.0,140958
178359,62.80675261605828,0.7615821957588196,38.07910978794098,-1.0,-1.0,0.12522805,1.0,-48.28509569168091,1.0,160000
120420,62.79430754320559,0.7613396644592285,38.06698322296143,-1.0,-1.0,-1.0,0.9550368,-29.008148908615112,1.0,160000
196485,62.77847349575384,0.7610310912132263,38.05155456066132,-1.0,-1.0,-1.0,0.060633183,-37.59643316268921,1.0,160000
146894,62.75925036804454,0.760656476020813,38.03282380104065,-1.0,-1.0,-1.0,-0.019504666,-20.0,1.0,146661
175329,62.73303495279961,0.7601456046104431,38.00728023052216,-0.601591,-1.0,0.48190963,-0.088163376,-34.81836378574371,1.0,160000
153226,62.69289889153612,0.7593634724617004,37.96817362308502,-1.0,-1.0,-0.25256884,1.0,-20.0,1.0,160000
115132,62.65544739875803,0.7586336731910706,37.93168365955353,-1.0,-1.0,-0.35473984,1.0,-30.82309126853943,1.0,92745
202675,62.607142048475055,0.7576923966407776,37.88461983203888,-1.0,-0.68966866,-1.0,-0.61115813,-51.55170202255249,1.0,160000
187795,62.5064703498086,0.7557308077812195,37.786540389060974,-1.0,-0.07841456,-0.88564676,1.0,-60.0,1.0,160000
161851,62.50048367441062,0.755614161491394,37.7807080745697,-1.0,-1.0,-0.32795835,-0.093299985,-38.80851745605469,1.0,160000
202852,62.45331750501055,0.7546951770782471,37.73475885391235,-0.98286825,-1.0,-0.51875705,0.3921578,-20.0,1.0,160000
194851,62.41758855787798,0.7539990544319153,37.69995272159576,-0.3300978,-1.0,-1.0,-0.03708768,-48.99717926979065,1.0,74890
117985,62.361180423772886,0.7529000639915466,37.64500319957733,-1.0,-1.0,-1.0,0.904298,-35.109689235687256,1.0,160000
176089,62.35883998171904,0.7528544664382935,37.64272332191467,-1.0,-1.0,-0.43083075,1.0,-20.0,1.0,107127
115964,62.34684707075161,0.7526208162307739,37.631040811538696,-1.0,-1.0,-0.43433383,-0.26425302,-20.0,1.0,160000
141109,62.34012243207759,0.7524898052215576,37.62449026107788,-0.83735424,-0.80423737,-1.0,0.95573014,-20.0,1.0,160000
193222,62.32024816349778,0.7521026134490967,37.605130672454834,-1.0,-1.0,-0.24279952,1.0,-41.42943263053894,1.0,160000
123652,62.26876535442718,0.7510996460914612,37.55498230457306,-1.0,-1.0,-0.55090183,-0.88940215,-20.0,1.0,160000
152559,62.26334681288082,0.750994086265564,37.5497043132782,-1.0,-0.53154314,0.23056304,1.0,-20.0,1.0,124855
155213,62.22940628338101,0.7503328919410706,37.51664459705353,0.1848687,-0.17290163,-1.0,1.0,-31.88865900039673,1.0,160000
184860,62.21054329886213,0.7499654293060303,37.49827146530152,-0.05397892,0.020141363,-1.0,1.0,-20.0,1.0,111578
172476,62.18206937547973,0.7494107484817505,37.47053742408752,-0.7800329,-1.0,-1.0,1.0,-20.0,1.0,160000
120870,62.18206937547973,0.7494107484817505,37.47053742408752,-0.65909225,-0.20731878,-1.0,1.0,-20.0,1.0,160000
198272,62.18206937547973,0.7494107484817505,37.47053742408752,-0.8382297,-1.0,-1.0,1.0,-33.968788385391235,1.0,160000
198276,62.18206937547973,0.7494107484817505,37.47053742408752,-0.42072493,-0.840432,-1.0,1.0,-20.0,1.0,160000
172474,62.18206937547973,0.7494107484817505,37.47053742408752,-0.9636728,-0.59130454,-1.0,1.0,-20.0,1.0,160000
120874,62.18206937547973,0.7494107484817505,37.47053742408752,-0.5601565,-1.0,-1.0,1.0,-60.0,1.0,160000
120876,62.18206937547973,0.7494107484817505,37.47053742408752,-1.0,-0.700017,-1.0,1.0,-60.0,1.0,160000
146671,62.18206937547973,0.7494107484817505,37.47053742408752,-1.0,-1.0,-1.0,1.0,-20.0,1.0,160000
198278,62.18206325594454,0.7494106292724609,37.47053146362305,-1.0,-1.0,-1.0,1.0,-21.35262012481689,1.0,142512
197069,62.09561617335799,0.7477266788482666,37.38633394241333,-0.4999231,-1.0,-0.56673974,1.0,-60.0,1.0,160000
154895,62.093587427285634,0.7476871609687805,37.38435804843903,-1.0,-1.0,0.02851355,0.18313539,-20.0,1.0,158787
166496,62.05532836370294,0.7469419240951538,37.34709620475769,-0.4092195,-1.0,-1.0,0.56707203,-20.0,1.0,160000
149415,62.05303945912959,0.7468973398208618,37.34486699104309,-0.9334727,-0.98771924,-0.4104956,1.0,-45.1818585395813,1.0,68067
140157,62.01331048458494,0.7461234927177429,37.306174635887146,-1.0,-1.0,-1.0,-0.3054526,-20.0,1.0,160000
142949,61.99838315302503,0.7458327412605286,37.29163706302643,-1.0,-0.27403486,-0.8860407,1.0,-20.0,1.0,160000
187794,61.91597101734071,0.7442275881767273,37.211379408836365,-0.973902,-1.0,-0.72964656,0.9154929,-27.636044025421143,1.0,157734
181263,61.855923213011806,0.7430580854415894,37.15290427207947,-1.0,-1.0,-0.23765486,0.9714756,-27.309237718582157,1.0,160000
131346,61.82364125397095,0.7424293756484985,37.12146878242493,-1.0,-0.8704102,1.0,-0.37664104,-60.0,1.0,111671
126011,61.8002036372696,0.7419729232788086,37.09864616394043,0.1681788,-1.0,-1.0,0.6724855,-20.0,1.0,160000
200521,61.79666868052841,0.741904079914093,37.09520399570465,-1.0,-1.0,-1.0,-0.33331728,-46.03795051574707,1.0,142326
164536,61.712797389854906,0.740270733833313,37.01353669166565,-1.0,-1.0,-1.0,0.36651993,-41.22577428817749,1.0,129642
187105,61.71082626576929,0.7402323484420776,37.01161742210388,-1.0,0.0068563223,-1.0,0.40991926,-20.0,1.0,131453
197074,61.702990714860576,0.7400797605514526,37.00398802757263,-1.0,-0.2738812,-1.0,1.0,-52.75276780128479,1.0,160000
119669,61.702990714860576,0.7400797605514526,37.00398802757263,-0.98216164,-0.68252385,-1.0,1.0,-42.36235022544861,1.0,160000
197072,61.702990714860576,0.7400797605514526,37.00398802757263,-1.0,-1.0,-1.0,1.0,-32.846922874450684,1.0,160000
145473,61.702990714860576,0.7400797605514526,37.00398802757263,-1.0,-1.0,-1.0,1.0,-20.0,1.0,160000
171277,61.702990714860576,0.7400797605514526,37.00398802757263,-1.0,-1.0,-1.0,1.0,-32.367764711380005,1.0,160000
119676,61.702990714860576,0.7400797605514526,37.00398802757263,-1.0,-1.0,-1.0,1.0,-25.542919635772705,1.0,160000
174695,61.66652729681374,0.7393696904182434,36.96848452091217,-0.542608,-1.0,-1.0,-0.7048811,-33.38368892669678,1.0,141694
152564,61.65936795621296,0.7392302751541138,36.96151375770569,-1.0,-0.3686009,0.24587554,1.0,-60.0,1.0,160000
152524,61.551817455811786,0.7371360063552856,36.85680031776428,-1.0,-1.0,-1.0,0.8659049,-45.10105848312378,1.0,160000
170078,61.506148295976416,0.7362467646598816,36.81233823299408,0.14965355,-1.0,-1.0,-0.17643905,-20.839840173721317,1.0,80647
198274,61.47566464413822,0.7356532216072083,36.78266108036041,-1.0,-1.0,-1.0,1.0,-20.0,1.0,118577
138734,61.46213995552961,0.7353898882865906,36.76949441432953,-1.0,-0.81723917,-0.61387753,-0.45639396,-45.12549161911011,1.0,160000
142673,61.44864269051196,0.7351270914077759,36.7563545703888,-0.558115,-0.45887023,-1.0,-0.589852,-20.0,1.0,160000
130393,61.428437881652144,0.7347337007522583,36.73668503761292,-1.0,-1.0,0.5676143,1.0,-20.696630477905277,1.0,159198
172478,61.41314326299448,0.7344359159469604,36.72179579734802,-1.0,-0.60843843,-0.9879674,1.0,-42.500537633895874,1.0,160000
128180,61.408673627627685,0.7343488931655884,36.71744465827942,-1.0,-1.0,-0.26444376,-0.9169593,-20.0,1.0,126123
171271,61.40812257571973,0.7343381643295288,36.71690821647644,-0.8403427,-1.0,-0.96533334,1.0,-21.30481719970703,1.0,160000
145469,61.405226488294446,0.7342817783355713,36.71408891677856,-1.0,-1.0,-0.63847214,1.0,-20.0,1.0,133792
158575,61.38849274291644,0.733955979347229,36.69779896736145,-1.0,-1.0,-0.8651087,0.619892,-20.0,1.0,160000
124435,61.36259576603855,0.733451783657074,36.6725891828537,-1.0,-0.97643816,-0.8676633,0.82395506,-58.618903160095215,1.0,160000
204266,61.346816716713015,0.7331445813179016,36.65722906589508,-0.8411778,-0.26216924,-1.0,-0.021390676,-20.0,1.0,160000
181264,61.30850724616829,0.7323987483978271,36.61993741989136,-1.0,-1.0,-0.10045576,1.0,-24.93847370147705,1.0,160000
196383,61.240259138352606,0.7310701012611389,36.55350506305695,-1.0,-1.0,-1.0,1.0,-28.088181018829346,1.0,97968
129409,61.21788359734515,0.7306345105171204,36.53172552585602,-0.10641295,-1.0,-0.91358554,1.0,-60.0,1.0,160000
193360,61.2132694398134,0.7305446863174438,36.52723431587219,-0.54352885,-1.0,-0.7676439,1.0,-20.0,1.0,112278
153140,61.18213649388807,0.7299386262893677,36.496931314468384,-1.0,0.13048804,-1.0,-0.21384776,-20.0,1.0,160000
197070,61.14657832351661,0.7292464375495911,36.46232187747955,-1.0,-1.0,-0.9216976,1.0,-43.69601249694824,1.0,130448
151116,61.129320972442414,0.728910505771637,36.44552528858185,-1.0,0.4860394,-1.0,1.0,-27.709187269210812,1.0,133597
133815,61.036128826288106,0.7270964980125427,36.354824900627136,-0.77302146,-1.0,-0.72246796,1.0,-20.0,1.0,160000
180828,61.03593284493103,0.7270926833152771,36.354634165763855,-1.0,-1.0,-1.0,1.0,-20.0,1.0,151881
180820,61.03591447167739,0.7270923256874084,36.35461628437042,-0.94609445,-0.580796,-1.0,1.0,-20.0,1.0,160000
180823,61.03591447167739,0.7270923256874084,36.35461628437042,-1.0,-0.2749557,-1.0,1.0,-51.30999803543091,1.0,160000
180822,61.03591447167739,0.7270923256874084,36.35461628437042,-0.9663261,-0.0062987804,-1.0,1.0,-20.0,1.0,160000
155024,61.03591447167739,0.7270923256874084,36.35461628437042,-0.39272642,-1.0,-1.0,1.0,-38.592612743377686,1.0,160000
155020,61.03591447167739,0.7270923256874084,36.35461628437042,-1.0,-0.9867482,-1.0,1.0,-59.78456735610962,1.0,139074
129224,61.03591447167739,0.7270923256874084,36.35461628437042,-0.9984571,-0.37587214,-1.0,1.0,-20.0,1.0,136921
126721,61.024112668427584,0.7268626093864441,36.343130469322205,-0.26443362,-0.19177833,-1.0,1.0,-59.1944944858551,1.0,107492
119735,60.98995301985133,0.7261977195739746,36.30988597869873,-0.7119132,0.12006891,-0.7991276,0.5442764,-33.9849066734314,1.0,131804
197073,60.915472584538776,0.7247480750083923,36.23740375041962,-1.0,-1.0,-0.76623154,1.0,-30.25028526782989,1.0,160000
119672,60.91491215166167,0.7247371673583984,36.23685836791992,-1.0,-1.0,-0.97764647,1.0,-36.98918104171753,1.0,160000
171275,60.912309045164456,0.7246865034103394,36.23432517051697,-0.82519627,-1.0,-1.0,0.70846295,-23.116369247436523,1.0,160000
198848,60.88670034152925,0.7241880893707275,36.20940446853638,-1.0,-1.0,-1.0,0.22648847,-43.84612679481506,1.0,160000
197075,60.851860473888,0.7235100269317627,36.175501346588135,-0.8751992,-1.0,-0.45904255,1.0,-20.0,1.0,160000
121029,60.80146422687952,0.7225292325019836,36.12646162509918,0.24701542,-0.5555607,0.19746417,0.6324249,-55.52753210067749,1.0,160000
197828,60.79543676759492,0.7224119305610657,36.12059652805328,-0.9137286,-1.0,-1.0,1.0,-20.0,1.0,157419
172020,60.79542145389447,0.7224116325378418,36.12058162689209,-1.0,-0.51351446,-1.0,1.0,-34.422876834869385,1.0,160000
197822,60.79542145389447,0.7224116325378418,36.12058162689209,-1.0,-1.0,-1.0,1.0,-20.0,1.0,160000
197825,60.79542145389447,0.7224116325378418,36.12058162689209,-1.0,-1.0,-1.0,1.0,-20.0,1.0,160000
172027,60.79542145389447,0.7224116325378418,36.12058162689209,-1.0,-1.0,-1.0,1.0,-20.0,1.0,160000
172025,60.79542145389447,0.7224116325378418,36.12058162689209,-1.0,-0.7028712,-1.0,1.0,-51.31703853607178,1.0,160000
172024,60.79542145389447,0.7224116325378418,36.12058162689209,-1.0,-1.0,-1.0,1.0,-60.0,1.0,160000
197824,60.79542145389447,0.7224116325378418,36.12058162689209,-0.9303578,-0.99558145,-1.0,1.0,-20.0,1.0,149396
146227,60.79542145389447,0.7224116325378418,36.12058162689209,-1.0,-1.0,-1.0,1.0,-20.0,1.0,160000
146221,60.79542145389447,0.7224116325378418,36.12058162689209,-1.0,-1.0,-1.0,1.0,-35.72355508804321,1.0,160000
115823,60.74768475900123,0.7214826345443726,36.07413172721863,-0.3567362,-1.0,-0.20699501,1.0,-20.0,1.0,153689
173230,60.73543331899916,0.721244215965271,36.06221079826355,-1.0,-0.80517215,-1.0,-0.40202343,-20.0,1.0,139279
177355,60.69913472338409,0.7205378413200378,36.02689206600189,-1.0,-1.0,-1.0,0.54337966,-20.0,1.0,160000
145477,60.69218792458234,0.7204026579856873,36.02013289928436,-0.42945868,-0.4671773,-0.36313277,1.0,-24.643958806991577,1.0,160000
157145,60.66996895859586,0.7199702858924866,35.99851429462433,-1.0,-1.0,-1.0,0.87459785,-41.30088448524475,1.0,160000
172306,60.668360872212126,0.7199389934539795,35.996949672698975,-1.0,-1.0,-0.9336627,1.0,-60.0,1.0,160000
167560,60.65891753823486,0.719755232334137,35.98776161670685,-1.0,-1.0,-0.7162196,1.0,-20.0,1.0,160000
130964,60.64870837241762,0.7195565700531006,35.97782850265503,0.05670476,-1.0,-1.0,1.0,-20.0,1.0,160000
139519,60.63825102003308,0.7193530797958374,35.96765398979187,-1.0,-0.42902806,-0.24024072,-0.3288194,-60.0,1.0,160000
151339,60.63574234627016,0.7193042635917664,35.96521317958832,-0.20723003,-1.0,-0.46714213,0.5540153,-20.0,1.0,157801
143117,60.63533801746714,0.719296395778656,35.9648197889328,-1.0,-0.9032299,-1.0,0.83287716,-33.652687072753906,1.0,137179
192589,60.632602668710085,0.7192431688308716,35.96215844154358,-1.0,-1.0,0.7024989,-0.19907308,-20.0,1.0,160000
149671,60.56764494824777,0.7179791927337646,35.89895963668823,-0.5250303,-0.17456716,-0.35096654,1.0,-52.78024077415466,1.0,156601
159873,60.56032376232827,0.7178367376327515,35.89183688163757,-1.0,-1.0,-1.0,0.041497946,-20.0,1.0,160000
115311,60.54244029821254,0.7174887657165527,35.87443828582764,0.2703867,-1.0,-0.06116295,-0.031227112,-20.0,1.0,96347
152519,60.466308878026126,0.7160074710845947,35.800373554229736,-1.0,-1.0,-1.0,1.0,-30.943945050239563,1.0,118807
170583,60.46450142475239,0.7159723043441772,35.79861521720886,0.058752418,-1.0,-1.0,1.0,-60.0,1.0,160000
154838,60.46386728379483,0.7159599661827087,35.79799830913544,-0.7264875,-1.0,-1.0,0.29858553,-32.80552566051483,1.0,160000
142842,60.4613705423556,0.7159113883972168,35.79556941986084,-1.0,-1.0,-1.0,0.48197913,-27.702906131744385,1.0,113224
127208,60.45329209709094,0.7157542109489441,35.787710547447205,-1.0,-0.32314757,-1.0,0.7103235,-20.0,1.0,114462
114764,60.43593415204121,0.7154164910316467,35.770824551582336,-1.0,-1.0,-1.0,0.769069,-45.97972631454468,1.0,122079
149627,60.433425104845405,0.7153676748275757,35.768383741378784,-1.0,0.27330625,-1.0,1.0,-20.0,1.0,119850
200855,60.4178499140269,0.7150646448135376,35.75323224067688,-1.0,-1.0,0.39606977,0.37609243,-60.0,1.0,135935
178328,60.36526240415178,0.714041531085968,35.7020765542984,-1.0,-0.9967277,-1.0,1.0,-20.0,1.0,160000
152528,60.36526240415178,0.714041531085968,35.7020765542984,-1.0,-0.77369195,-1.0,1.0,-20.0,1.0,160000
126719,60.365259340444496,0.7140414714813232,35.70207357406616,-0.9944804,-0.76428217,-1.0,1.0,-33.46424043178558,1.0,146778
178323,60.365259340444496,0.7140414714813232,35.70207357406616,-1.0,-1.0,-1.0,1.0,-24.81841444969177,1.0,143165
178319,60.365259340444496,0.7140414714813232,35.70207357406616,-1.0,-1.0,-1.0,1.0,-40.41055560112,1.0,160000
126725,60.365259340444496,0.7140414714813232,35.70207357406616,-0.28023374,-1.0,-1.0,1.0,-20.0,1.0,160000
126727,60.365259340444496,0.7140414714813232,35.70207357406616,-0.2650913,-0.7236284,-1.0,1.0,-60.0,1.0,160000
126720,60.365259340444496,0.7140414714813232,35.70207357406616,-0.7539103,-1.0,-1.0,1.0,-27.520408630371094,1.0,160000
204120,60.365259340444496,0.7140414714813232,35.70207357406616,-0.7213398,-0.4175642,-1.0,1.0,-51.14192724227905,1.0,160000
204122,60.365259340444496,0.7140414714813232,35.70207357406616,-0.98858404,-0.07718766,-1.0,1.0,-20.0,1.0,160000
204121,60.365259340444496,0.7140414714813232,35.70207357406616,-0.9963767,-1.0,-1.0,1.0,-25.01781940460205,1.0,160000
204124,60.365259340444496,0.7140414714813232,35.70207357406616,-1.0,-1.0,-1.0,1.0,-60.0,1.0,160000
152521,60.365259340444496,0.7140414714813232,35.70207357406616,-1.0,-0.5493428,-1.0,1.0,-20.0,1.0,146777
204125,60.365259340444496,0.7140414714813232,35.70207357406616,-1.0,-1.0,-1.0,1.0,-20.0,1.0,160000
204123,60.365259340444496,0.7140414714813232,35.70207357406616,-1.0,-0.9342768,-1.0,1.0,-22.23002314567566,1.0,127900
124758,60.36000813592199,0.7139393091201782,35.69696545600891,-0.15010262,-0.34654945,-0.7990063,1.0,-44.14717197418213,1.0,160000
161173,60.341484762023256,0.7135789394378662,35.67894697189331,-0.9727797,-1.0,0.2603233,1.0,-25.08720636367798,1.0,142845
139806,60.30715487735483,0.712911069393158,35.6455534696579,-1.0,-1.0,-0.8851448,-0.89523053,-20.0,1.0,129062
115317,60.29633335212209,0.7127005457878113,35.635027289390564,-0.8767238,-1.0,-1.0,1.0,-39.9748420715332,1.0,114487
190687,60.28764420472009,0.7125315070152283,35.626575350761414,-1.0,-1.0,-1.0,1.0,-33.08215856552124,1.0,85510
131458,60.27907142938487,0.7123647332191467,35.618236660957336,-0.8129961,-1.0,-0.52135396,0.12805724,-29.160035848617557,1.0,160000
168424,60.25836234385933,0.7119618654251099,35.59809327125549,-0.7831758,-1.0,-0.75420463,1.0,-25.688793659210205,1.0,108928
139541,60.23153105510886,0.7114399075508118,35.57199537754059,-1.0,0.45021778,-1.0,1.0,-27.23984003067017,1.0,146733
187050,60.22302839330007,0.7112745046615601,35.563725233078,-1.0,-0.5013321,-1.0,0.37613893,-31.58896267414093,1.0,160000
152250,60.21693095568296,0.711155891418457,35.55779457092285,-0.25061107,-0.055203915,-1.0,-0.17195511,-20.0,1.0,133761
180825,60.21371983162501,0.7110934257507324,35.55467128753662,-1.0,-1.0,-0.951682,1.0,-20.0,1.0,145464
197821,60.20316106203919,0.7108880281448364,35.54440140724182,-0.50443614,-1.0,0.039339483,0.3909136,-20.0,1.0,160000
133377,60.16127752843265,0.7100732922554016,35.50366461277008,-1.0,-0.0801819,0.2820574,-0.6803771,-40.23462533950806,1.0,160000
172471,60.10511003815785,0.7089807391166687,35.449036955833435,-1.0,-1.0,-0.7307979,0.93995136,-49.13230776786804,1.0,160000
120873,60.086025421122905,0.7086095213890076,35.43047606945038,-1.0,-0.27630746,-0.8934825,1.0,-60.0,1.0,160000
146219,60.02572689052053,0.7074366807937622,35.37183403968811,-1.0,-1.0,-1.0,0.955346,-42.997775077819824,1.0,91538
144780,59.99326438516035,0.7068052887916565,35.340264439582825,-1.0,-1.0,-1.0,1.0,-56.13331317901611,1.0,99595
121131,59.99148693806698,0.7067707180976868,35.33853590488434,-1.0,-1.0,-0.8118595,0.15041077,-43.584699630737305,1.0,160000
162164,59.96583933588778,0.7062718868255615,35.31359434127808,-0.3788278,-1.0,-0.78167385,1.0,-20.0,1.0,160000
193366,59.95539505054106,0.706068754196167,35.30343770980835,-1.0,-1.0,-0.6439835,1.0,-20.0,1.0,160000
141118,59.94029543415954,0.7057750821113586,35.28875410556793,-0.43284237,-1.0,-1.0,1.0,-20.0,1.0,160000
192718,59.94029543415954,0.7057750821113586,35.28875410556793,-1.0,-1.0,-1.0,1.0,-38.6517071723938,1.0,160000
166916,59.940289304789545,0.7057749629020691,35.288748145103455,-1.0,-1.0,-1.0,1.0,-20.0,1.0,160000
192712,59.940289304789545,0.7057749629020691,35.288748145103455,-0.9464498,-1.0,-1.0,1.0,-20.0,1.0,160000
166915,59.940289304789545,0.7057749629020691,35.288748145103455,-1.0,-1.0,-1.0,1.0,-52.421759366989136,1.0,160000
141111,59.940289304789545,0.7057749629020691,35.288748145103455,-1.0,-0.8859507,-1.0,1.0,-20.0,1.0,137235
166913,59.940289304789545,0.7057749629020691,35.288748145103455,-1.0,-1.0,-1.0,1.0,-42.50346183776856,1.0,160000
141110,59.940289304789545,0.7057749629020691,35.288748145103455,-0.63489383,-0.58546054,-1.0,1.0,-37.872703075408936,1.0,127169
166917,59.940289304789545,0.7057749629020691,35.288748145103455,-1.0,-0.6630372,-1.0,1.0,-26.77019596099853,1.0,160000
192713,59.940289304789545,0.7057749629020691,35.288748145103455,-0.1642915,-0.8358259,-1.0,1.0,-20.0,1.0,160000
166912,59.940289304789545,0.7057749629020691,35.288748145103455,-1.0,-0.7944804,-1.0,1.0,-22.527246475219727,1.0,160000
122374,59.8704616681444,0.7044169306755066,35.22084653377533,-0.8421028,-0.09111014,0.06009823,-0.047092438,-39.00955438613892,1.0,160000
128492,59.83096437938565,0.7036488056182861,35.18244028091431,-1.0,-1.0,-0.42548847,0.63528466,-20.0,1.0,160000
189301,59.80909584845277,0.7032235264778137,35.161176323890686,-1.0,-0.40484846,-0.06705862,0.98873377,-24.023358821868896,1.0,157964
154651,59.767258045881135,0.7024099230766296,35.12049615383148,-1.0,-1.0,-1.0,-0.40068364,-20.0,1.0,153419
135407,59.71449759100105,0.7013839483261108,35.06919741630554,-1.0,-0.7032783,-0.64331496,-0.5257776,-49.910537004470825,1.0,154538
173848,59.69543182193152,0.7010132074356079,35.0506603717804,-1.0,-1.0,-1.0,-0.17725241,-56.37401342391968,1.0,144472
204119,59.64893408084498,0.70010906457901,35.0054532289505,-1.0,-0.37503344,-0.93342847,1.0,-20.0,1.0,137349
169582,59.609653853813086,0.6993452906608582,34.96726453304291,-1.0,-0.35992092,-1.0,0.9852336,-25.680783987045288,1.0,160000
198438,59.602164909820814,0.6991996765136719,34.959983825683594,-1.0,-1.0,0.095606565,1.0,-34.07144784927368,1.0,76352
192709,59.58098840607566,0.6987879276275635,34.939396381378174,-0.75664294,-1.0,-1.0,1.0,-39.08364653587341,1.0,116594
187959,59.50057093119428,0.6972243785858154,34.86121892929077,-0.6645764,-1.0,-0.77258575,1.0,-30.44504702091217,1.0,160000
161776,59.486821100297206,0.6969570517539978,34.84785258769989,-0.77482045,-1.0,0.18953896,-0.29931736,-57.74425506591797,1.0,75335
162527,59.44168015231537,0.696079432964325,34.80397164821625,-1.0,-1.0,-1.0,-0.21870601,-31.294084191322327,1.0,94791
147171,59.38013763908266,0.6948829889297485,34.74414944648743,0.01605463,0.07544857,-0.6324644,1.0,-27.629295587539676,1.0,159121
189254,59.36357495238045,0.6945610046386719,34.728050231933594,-0.8671497,0.05613494,-1.0,1.0,-28.48083734512329,1.0,92661
154571,59.35762067225998,0.6944452524185181,34.7222626209259,-1.0,-0.16285312,-1.0,-0.40102804,-45.41548013687134,1.0,160000
156863,59.35253712996577,0.6943464279174805,34.71732139587402,-1.0,0.43879336,-0.31959173,1.0,-20.0,1.0,160000
175779,59.34710709950672,0.6942408680915833,34.71204340457916,-0.82031333,0.25275403,-1.0,1.0,-28.2779860496521,1.0,133853
143941,59.31074890827298,0.6935340762138367,34.67670381069183,-1.0,-1.0,-1.0,-0.62669706,-42.05816984176636,1.0,160000
186801,59.261063628361214,0.6925682425498962,34.62841212749481,-0.45031124,0.03991747,-0.6388627,1.0,-20.0,1.0,136104
190098,59.25388234410901,0.6924286484718323,34.621432423591614,-0.9799802,-1.0,-1.0,0.3380698,-20.0,1.0,160000
176917,59.24881985158108,0.6923302412033081,34.616512060165405,-0.269112,0.6140114,-0.65359837,1.0,-30.1192444562912,1.0,108464
154517,59.21401965114535,0.6916537880897522,34.58268940448761,-1.0,-0.660059,-1.0,0.95416814,-53.45090389251709,1.0,160000
172021,59.207810157219626,0.691533088684082,34.5766544342041,-1.0,-0.41512513,-0.9072866,1.0,-28.893864154815677,1.0,93060
166367,59.20158223419402,0.6914120316505432,34.57060158252716,-1.0,-1.0,-1.0,0.7606087,-43.601272106170654,1.0,156725
126365,59.18281548605336,0.6910472512245178,34.55236256122589,-0.3945279,-0.5125349,-1.0,1.0,-20.0,1.0,93099
201838,59.14117806815122,0.6902379393577576,34.51189696788788,-1.0,-1.0,-1.0,1.0,-20.61932682991028,1.0,160000
201836,59.1411719349792,0.690237820148468,34.5118910074234,-1.0,-1.0,-1.0,1.0,-26.39031171798706,1.0,139467
201829,59.1411719349792,0.690237820148468,34.5118910074234,-0.35043168,-0.79297495,-1.0,1.0,-60.0,1.0,160000
201834,59.1411719349792,0.690237820148468,34.5118910074234,-1.0,-1.0,-1.0,1.0,-20.0,1.0,160000
201835,59.1411719349792,0.690237820148468,34.5118910074234,-1.0,-1.0,-1.0,1.0,-20.0,1.0,160000
176031,59.1411719349792,0.690237820148468,34.5118910074234,-1.0,-1.0,-1.0,1.0,-20.950844287872314,1.0,160000
176034,59.1411719349792,0.690237820148468,34.5118910074234,-1.0,-1.0,-1.0,1.0,-21.575547456741333,1.0,160000
150236,59.1411719349792,0.690237820148468,34.5118910074234,-0.7304643,-1.0,-1.0,1.0,-54.79200720787048,1.0,160000
150234,59.1411719349792,0.690237820148468,34.5118910074234,-1.0,-0.6535346,-1.0,1.0,-20.0,1.0,160000
201831,59.1411719349792,0.690237820148468,34.5118910074234,-1.0,-0.06503415,-1.0,1.0,-33.51614475250244,1.0,160000
201830,59.1411719349792,0.690237820148468,34.5118910074234,-1.0,-0.08800757,-1.0,1.0,-30.404727458953857,1.0,160000
124433,59.1411719349792,0.690237820148468,34.5118910074234,-1.0,-1.0,-1.0,1.0,-20.0,1.0,160000
124436,59.1411719349792,0.690237820148468,34.5118910074234,-0.5627707,-0.95072615,-1.0,1.0,-38.7663996219635,1.0,160000
119551,59.121557898220615,0.6898565888404846,34.49282944202423,0.024447203,-0.40721345,-0.3357343,0.16436434,-45.02877950668335,1.0,160000
146933,59.08102554754024,0.6890687942504883,34.453439712524414,-1.0,-1.0,-1.0,0.19775438,-39.10695672035217,1.0,159320
142156,59.0519587204524,0.6885038614273071,34.42519307136536,-0.597054,-1.0,-0.079236746,-0.13283229,-32.93416738510132,1.0,135578
171269,58.94617713430149,0.6864480376243591,34.32240188121796,-0.28033942,-1.0,-1.0,1.0,-20.0,1.0,91991
197289,58.93274332704942,0.6861869692802429,34.309348464012146,0.2669822,-1.0,-1.0,1.0,-37.509034872055054,1.0,128718
163350,58.87808341339209,0.6851247549057007,34.256237745285034,-1.0,-1.0,0.22113997,1.0,-34.00373995304108,1.0,160000
157148,58.84645066277592,0.6845100522041321,34.225502610206604,-1.0,-1.0,-1.0,1.0,-60.0,1.0,160000
182948,58.84645066277592,0.6845100522041321,34.225502610206604,-1.0,-1.0,-1.0,1.0,-20.0,1.0,160000
131348,58.84645066277592,0.6845100522041321,34.225502610206604,-0.361705,-0.26233262,-1.0,1.0,-29.988853931427,1.0,129442
182946,58.84644759546731,0.6845099925994873,34.225499629974365,-1.0,-0.76161206,-1.0,1.0,-20.0,1.0,160000
182944,58.84644759546731,0.6845099925994873,34.225499629974365,-1.0,-0.24741328,-1.0,1.0,-20.0,1.0,160000
131345,58.84644759546731,0.6845099925994873,34.225499629974365,-1.0,-0.24590045,-1.0,1.0,-44.66221809387207,1.0,158735
131344,58.84644759546731,0.6845099925994873,34.225499629974365,-1.0,-1.0,-1.0,1.0,-27.108057737350464,1.0,160000
182942,58.84644759546731,0.6845099925994873,34.225499629974365,-1.0,-1.0,-1.0,1.0,-20.0,1.0,152679
131340,58.84644759546731,0.6845099925994873,34.225499629974365,-0.8905491,-0.80909026,-1.0,1.0,-35.56881785392761,1.0,160000
182941,58.84644759546731,0.6845099925994873,34.225499629974365,-0.8070654,-1.0,-1.0,1.0,-20.0,1.0,160000
157140,58.84644759546731,0.6845099925994873,34.225499629974365,-1.0,-1.0,-1.0,1.0,-20.0,1.0,160000
147620,58.84640465314607,0.6845091581344604,34.22545790672302,-0.9058675,-1.0,-1.0,0.14881682,-44.65943813323975,1.0,160000
176690,58.84464401669514,0.6844749450683594,34.22374725341797,-1.0,-0.64959,-0.3242942,0.7160053,-20.0,1.0,160000
127298,58.82001324817656,0.683996319770813,34.19981598854065,-0.43053496,-1.0,-1.0,-0.47567272,-20.0,1.0,160000
198535,58.81278342656006,0.6838558316230774,34.19279158115387,-1.0,-1.0,-0.39803612,0.13756621,-20.0,1.0,160000
137555,58.793480178835445,0.6834807395935059,34.17403697967529,-0.20407796,-0.33407354,0.118492365,1.0,-45.35465955734253,1.0,120797
204128,58.79278080237797,0.6834671497344971,34.17335748672485,-1.0,-0.722694,-0.9126065,1.0,-45.78313708305359,1.0,126454
137600,58.78770417632839,0.6833685040473938,34.16842520236969,-0.30838174,-1.0,1.0,-0.9626541,-58.3582866191864,1.0,160000
185672,58.76457228886514,0.6829190254211426,34.14595127105713,-0.22387779,-1.0,-1.0,0.096306086,-20.0,1.0,115001
184105,58.74062706217138,0.6824537515640259,34.122687578201294,-1.0,-1.0,-1.0,0.5371866,-20.0,1.0,160000
124834,58.71458617722165,0.6819477677345276,34.09738838672638,-0.7551918,0.4654169,-1.0,1.0,-48.61318469047546,1.0,160000
143224,58.70000561808064,0.6816644668579102,34.08322334289551,-1.0,-1.0,-1.0,0.2478745,-28.7477707862854,1.0,160000
197426,58.684927917345135,0.6813715100288391,34.06857550144196,-1.0,-0.3630066,-1.0,-0.25758612,-20.0,1.0,160000
134035,58.67249135935469,0.6811298727989197,34.056493639945984,-1.0,-0.3617794,0.7072706,1.0,-60.0,1.0,93041
155211,58.663340254693125,0.6809520721435547,34.047603607177734,-1.0,-1.0,-0.8408236,1.0,-20.0,1.0,160000
150232,58.65894414162305,0.6808666586875916,34.04333293437958,-1.0,-1.0,-0.9197824,1.0,-20.0,1.0,160000
140559,58.65129308804404,0.6807180047035217,34.035900235176086,-1.0,-1.0,-0.8918757,0.8562735,-20.0,1.0,132784
180309,58.64717916983452,0.6806380748748779,34.0319037437439,-1.0,0.014540195,-1.0,1.0,-46.98386311531067,1.0,160000
204126,58.63979494349532,0.6804946064949036,34.02473032474518,-1.0,-1.0,-0.87817615,1.0,-20.0,1.0,160000
195382,58.62468582501384,0.6802010536193848,34.01005268096924,-1.0,-1.0,-1.0,1.0,-45.39644479751587,1.0,160000
195380,58.62468582501384,0.6802010536193848,34.01005268096924,-0.02548182,-1.0,-1.0,1.0,-51.94091081619263,1.0,160000
195383,58.62468582501384,0.6802010536193848,34.01005268096924,-1.0,-0.41007972,-1.0,1.0,-46.34475827217102,1.0,160000
143784,58.62468582501384,0.6802010536193848,34.01005268096924,-1.0,-1.0,-1.0,1.0,-20.0,1.0,160000
143780,58.62468582501384,0.6802010536193848,34.01005268096924,-0.5101678,-1.0,-1.0,1.0,-20.0,1.0,160000
169584,58.62468582501384,0.6802010536193848,34.01005268096924,-1.0,-1.0,-1.0,1.0,-60.0,1.0,160000
195385,58.62468582501384,0.6802010536193848,34.01005268096924,-0.36864752,-1.0,-1.0,1.0,-20.0,1.0,160000
117987,58.62468582501384,0.6802010536193848,34.01005268096924,-0.6461385,-1.0,-1.0,1.0,-52.75990724563599,1.0,160000
190069,58.618418170559096,0.6800792813301086,34.00396406650543,-1.0,-0.9782763,0.12831587,1.0,-27.172573804855347,1.0,160000
164879,58.60168892898331,0.6797542572021484,33.98771286010742,-1.0,-1.0,-1.0,1.0,-23.498061895370483,1.0,84365
129840,58.5945406595975,0.6796153783798218,33.98076891899109,-0.8905744,0.5856781,-0.43035686,1.0,-42.22808003425598,1.0,160000
163762,58.55582576568082,0.6788632273674011,33.943161368370056,-1.0,-0.37819332,-0.42823985,1.0,-40.85261106491089,1.0,138092
117560,58.44576738718398,0.6767251491546631,33.836257457733154,-0.11067152,-0.38427413,-1.0,0.2648127,-20.0,1.0,134828
184107,58.42903884404983,0.6764001846313477,33.82000923156738,-1.0,-1.0,-0.4327445,0.32191706,-20.0,1.0,160000
138900,58.42192331343275,0.6762619614601135,33.81309807300568,-0.19238234,-1.0,-1.0,-0.7705537,-30.394773483276367,1.0,160000
146674,58.34864840458148,0.6748386025428772,33.74193012714386,-0.67404246,-1.0,-0.12730306,0.50215113,-47.37534165382385,1.0,160000
166047,58.31281326905313,0.6741425395011902,33.70712697505951,-0.39197057,-1.0,-1.0,-0.32851756,-24.528008699417114,1.0,160000
124431,58.18839157493724,0.6717259287834167,33.58629643917084,-1.0,-0.73779064,-0.76606375,1.0,-46.533362865448,1.0,121480
129225,58.15108157525779,0.6710013151168823,33.55006575584412,-1.0,-1.0,-0.66311854,1.0,-35.16598343849182,1.0,145234
196525,58.09833858464461,0.6699770092964172,33.49885046482086,-1.0,-0.6359003,-1.0,0.09958923,-20.0,1.0,158621
153910,58.05615171746168,0.6691577434539795,33.457887172698975,-1.0,-0.769091,-0.15889579,1.0,-20.0,1.0,160000
124497,58.05151091715998,0.6690676212310791,33.453381061553955,-0.6826626,-1.0,-0.046019197,1.0,-37.66503810882568,1.0,160000
124697,58.04643425372217,0.6689690351486206,33.44845175743103,-0.890247,-0.58184505,0.54299366,-0.70452213,-20.0,1.0,160000
182796,58.01496091094525,0.6683578491210938,33.41789245605469,-1.0,-1.0,-1.0,0.5343605,-20.0,1.0,160000
152523,57.95536675736457,0.6672006249427795,33.36003124713898,-1.0,-1.0,-0.82544273,1.0,-20.0,1.0,160000
154574,57.89879633833028,0.6661021709442139,33.30510854721069,-1.0,-0.69858265,0.15839505,1.0,-20.0,1.0,160000
140568,57.84497686352026,0.6650571823120117,33.252859115600586,-0.6262648,-1.0,-1.0,1.0,-20.0,1.0,94460
117796,57.79634627256554,0.6641129851341248,33.20564925670624,-0.8435881,-1.0,-1.0,-0.066981554,-20.0,1.0,160000
115822,57.78408469620743,0.6638749241828918,33.19374620914459,0.12754297,-1.0,-1.0,0.38679898,-20.0,1.0,123514
167561,57.77226814804695,0.6636455059051514,33.18227529525757,-0.7740251,-1.0,-0.49336547,1.0,-20.0,1.0,160000
177144,57.73188713180937,0.6628615260124207,33.14307630062103,-1.0,-1.0,-1.0,0.7247819,-46.74667835235596,1.0,160000
117312,57.70420630855952,0.6623241305351257,33.11620652675629,-1.0,-1.0,-1.0,0.88139284,-20.0,1.0,134335
141624,57.688876572137474,0.6620265245437622,33.10132622718811,-1.0,-0.10383147,-0.1430167,1.0,-20.0,1.0,160000
144779,57.62092960112099,0.6607074737548828,33.03537368774414,-1.0,-1.0,-1.0,0.9640368,-24.895496368408203,1.0,160000
194820,57.60082721926238,0.6603172421455383,33.01586210727692,-0.57243705,-1.0,-1.0,0.21624196,-31.42570674419403,1.0,160000
121828,57.54794587729464,0.6592907309532166,32.96453654766083,-1.0,-1.0,-1.0,0.10508716,-39.38832879066467,1.0,160000
195384,57.54632457851904,0.6592592597007751,32.96296298503876,-1.0,-1.0,-0.9925743,1.0,-37.85305738449097,1.0,160000
157334,57.51666791945073,0.6586835980415344,32.93417990207672,-1.0,0.03225422,-1.0,1.0,-20.0,1.0,160000
129223,57.50109003731576,0.6583812236785889,32.91906118392944,-1.0,-1.0,-0.6550094,1.0,-39.3932032585144,1.0,160000
172634,57.49595570785863,0.6582815647125244,32.91407823562622,-0.9313158,-0.6673912,0.16595733,1.0,-60.0,1.0,160000
183894,57.45447796012841,0.6574764847755432,32.87382423877716,0.12214041,-1.0,0.6855668,-0.2075113,-20.0,1.0,160000
119641,57.45083895097191,0.6574058532714844,32.87029266357422,-1.0,-0.61934996,-1.0,-0.73175204,-42.26118683815002,1.0,160000
179026,57.36540336342429,0.655747652053833,32.78738260269165,-0.25375068,-0.98751706,0.06575376,1.0,-20.0,1.0,160000
128716,57.33409585562189,0.6551400423049927,32.757002115249634,-1.0,-1.0,-1.0,1.0,-20.0,1.0,113009
117515,57.294584024578064,0.6543732285499573,32.718661427497864,0.31301808,-1.0,-0.54125684,-0.6921756,-20.0,1.0,160000
173973,57.24201411445027,0.6533530354499817,32.667651772499084,-1.0,-1.0,-0.9582051,0.30628717,-20.0,1.0,160000
127204,57.23530602358534,0.6532228589057922,32.66114294528961,-0.21856725,-0.98387444,0.0025306344,0.88013524,-20.58449625968933,1.0,160000
164882,57.20748115107726,0.652682900428772,32.6341450214386,-1.0,-1.0,-0.7358403,0.8062929,-20.0,1.0,88629
160525,57.15961609979383,0.6517540812492371,32.58770406246185,-1.0,-1.0,-1.0,-0.39972734,-20.0,1.0,160000
116081,57.15628024506097,0.651689350605011,32.58446753025055,-0.7777214,-0.40642828,-0.119956195,-0.4073528,-20.0,1.0,160000
147785,57.13017668738459,0.6511828303337097,32.559141516685486,-1.0,-0.35133255,-1.0,0.36422575,-31.57510995864868,1.0,160000
178050,57.10986292133302,0.6507886648178101,32.5394332408905,-0.5153518,-0.90712065,-1.0,-0.08978033,-55.15284061431885,1.0,160000
140416,57.09040891341165,0.6504111886024475,32.520559430122375,-1.0,-1.0,-1.0,-0.7370497,-20.0,1.0,160000
178599,57.0839948227752,0.6502867341041565,32.514336705207825,-1.0,-0.26232517,-1.0,1.0,-20.0,1.0,77863
115435,57.07823501189551,0.6501749753952026,32.50874876976013,-1.0,0.040019393,-1.0,-0.87654614,-20.0,1.0,160000
175775,57.0408093445765,0.649448812007904,32.4724406003952,-1.0,0.09627509,-1.0,1.0,-26.33496761322021,1.0,160000
143250,57.01805166684301,0.649007260799408,32.4503630399704,-1.0,-1.0,-0.19064611,0.087056875,-20.0,1.0,160000
128712,56.974384383240825,0.6481600403785706,32.40800201892853,-1.0,-1.0,-1.0,1.0,-20.0,1.0,140637
128711,56.974384383240825,0.6481600403785706,32.40800201892853,-1.0,-0.58735216,-1.0,1.0,-20.0,1.0,160000
154510,56.974384383240825,0.6481600403785706,32.40800201892853,-1.0,-0.8383329,-1.0,1.0,-60.0,1.0,131988
180315,56.974384383240825,0.6481600403785706,32.40800201892853,-1.0,-1.0,-1.0,1.0,-41.76435947418213,1.0,160000
128714,56.974384383240825,0.6481600403785706,32.40800201892853,-1.0,-1.0,-1.0,1.0,-20.0,1.0,160000
180316,56.974384383240825,0.6481600403785706,32.40800201892853,-1.0,-0.23901957,-1.0,1.0,-34.99150633811951,1.0,160000
180310,56.974384383240825,0.6481600403785706,32.40800201892853,-1.0,-0.73929703,-1.0,1.0,-33.63472282886505,1.0,156242
180314,56.974384383240825,0.6481600403785706,32.40800201892853,-1.0,-1.0,-1.0,1.0,-45.07633924484253,1.0,160000
150237,56.86786946569112,0.6460936069488525,32.30468034744263,-1.0,-0.20378888,-0.46544647,1.0,-20.0,1.0,120866
138729,56.837227138084586,0.6454991698265076,32.27495849132538,-1.0,-0.12246978,-0.075713515,1.0,-33.79522204399109,1.0,59187
121338,56.82712140567897,0.6453031301498413,32.265156507492065,-0.6727257,-0.8590138,-1.0,-0.012134075,-36.3307785987854,1.0,105448
133534,56.82334517490321,0.6452298760414124,32.26149380207062,-1.0,0.3906802,-1.0,1.0,-42.00978398323059,1.0,160000
189865,56.82061362158085,0.645176887512207,32.25884437561035,-1.0,0.088879704,-1.0,1.0,-39.51219916343689,1.0,160000
193702,56.79848748370442,0.6447476744651794,32.23738372325897,-0.63713837,-1.0,0.098122716,-0.40561914,-20.0,1.0,160000
125306,56.79691734376986,0.6447172164916992,32.23586082458496,-1.0,-1.0,-0.9550768,-0.4227109,-46.54639482498169,1.0,160000
139079,56.76752059342718,0.6441469788551331,32.20734894275665,-1.0,-1.0,-1.0,0.72634214,-41.61726474761963,1.0,160000
150369,56.757027051299744,0.6439434289932251,32.197171449661255,-1.0,-0.13780046,-1.0,-0.31618547,-20.0,1.0,160000
155847,56.74924363618789,0.643792450428009,32.18962252140045,-1.0,-1.0,0.009980977,1.0,-20.0,1.0,160000
143837,56.6631614760753,0.642122745513916,32.1061372756958,-1.0,-0.027899384,-1.0,-0.8044399,-20.0,1.0,160000
196408,56.65665579590637,0.6419965624809265,32.099828124046326,-1.0,-0.8538232,-0.9353125,-0.2557336,-20.0,1.0,160000
120178,56.62129642556655,0.6413107514381409,32.06553757190704,-1.0,-0.6237761,-1.0,-0.19501114,-20.0,1.0,160000
175335,56.58110778805366,0.6405313014984131,32.026565074920654,-1.0,-0.2612422,-1.0,1.0,-20.0,1.0,110768
140975,56.56665709567392,0.6402510404586792,32.01255202293396,-1.0,-0.70978534,-0.21163851,0.39448595,-20.0,1.0,98359
131528,56.52730241979445,0.6394878029823303,31.97439014911652,-1.0,-1.0,-1.0,0.30974758,-36.32119059562683,1.0,160000
169020,56.497597224983096,0.6389117240905762,31.94558620452881,-1.0,-0.90061843,-1.0,0.60929585,-34.67811226844788,1.0,160000
127838,56.48198054157666,0.6386088728904724,31.93044364452362,-1.0,-0.9729246,-1.0,0.2211554,-47.11297631263733,1.0,160000
153227,56.43911572311242,0.6377776265144348,31.88888132572174,-1.0,-1.0,0.1763143,1.0,-20.0,1.0,160000
193475,56.42000028212483,0.6374069452285767,31.870347261428837,-1.0,-1.0,-1.0,-0.24749172,-20.0,1.0,160000
154915,56.41230360130781,0.6372576951980591,31.862884759902958,-1.0,-0.57283133,-1.0,-0.71014524,-52.7125883102417,1.0,160000
181857,56.4118978642158,0.6372498273849487,31.86249136924744,-0.31489086,-1.0,-1.0,1.0,-24.35135245323181,1.1496809720993042,160000
115826,56.385469296936975,0.6367373466491699,31.836867332458496,-1.0,-1.0,-0.104237705,1.0,-60.0,1.0,160000
115101,56.38190363466039,0.6366682052612305,31.833410263061523,-1.0,-1.0,-1.0,0.8108127,-32.03491926193237,1.0,156363
145476,56.37990870294871,0.6366295218467712,31.83147609233856,-0.67742175,-0.6564519,-0.05941987,1.0,-20.0,1.0,160000
136201,56.32127634735494,0.6354926228523254,31.774631142616272,-1.0,0.1525532,-1.0,1.0,-20.0,1.0,128425
166355,56.28534961528326,0.6347960233688354,31.73980116844177,-1.0,-1.0,-1.0,-0.26069033,-43.60848307609558,1.0,160000
179019,56.23160636118129,0.6337540149688721,31.687700748443604,-0.7491552,-1.0,0.07060182,1.0,-37.65354633331299,1.0,160000
172715,56.22644155432524,0.6336538791656494,31.68269395828247,-0.8670222,-1.0,-1.0,-0.060578465,-55.00363349914551,1.0,160000
141336,56.1896292845382,0.6329401731491089,31.647008657455444,-1.0,-1.0,0.16551292,-0.21448731,-20.0,1.0,160000
190337,56.14229779388678,0.6320225596427917,31.601127982139587,-1.0,-1.0,-1.0,1.0,-23.49238395690918,1.0,108512
120708,56.11382409714812,0.6314705610275269,31.573528051376343,-0.7422668,-0.5464268,-0.4252236,0.73339474,-32.18684375286102,1.0,148423
156325,56.10868639058077,0.6313709616661072,31.56854808330536,-1.0,-0.36751026,-1.0,0.6645328,-22.573564052581787,1.0,139921
172136,56.09933022785913,0.6311895847320557,31.559479236602783,-1.0,-1.0,-1.0,0.64380085,-20.0,1.0,160000
119674,56.07040646433859,0.6306288838386536,31.53144419193268,-1.0,-0.63678116,-0.072499275,1.0,-47.07836866378784,1.0,160000
185613,56.05009755596773,0.6302351951599121,31.511759757995605,0.059633136,-1.0,-0.47193712,1.0,-20.0,1.0,160000
118178,55.99043845568866,0.62907874584198,31.453937292099,-1.0,-1.0,-0.59379345,-0.84969115,-20.0,1.0,160000
125545,55.94166504632265,0.6281333565711975,31.406667828559875,-0.6593867,-0.8449517,-0.955951,0.75136995,-21.43634557723999,1.0,119117
162986,55.940078281169285,0.6281026005744934,31.40513002872467,-0.3927136,-0.7328046,-0.53275263,1.0,-44.15604710578919,1.0,125918
200223,55.92565582901419,0.6278230547904968,31.39115273952484,-1.0,-1.0,-1.0,-0.093694925,-60.0,1.0,160000
140071,55.86630335099686,0.6266726851463318,31.33363425731659,-0.61848736,0.07041073,-1.0,1.0,-60.0,1.0,160000
131339,55.835924650271096,0.6260839104652405,31.304195523262024,0.032393992,-1.0,-0.7602339,1.0,-20.0,1.0,146535
204127,55.80314307802383,0.6254485845565796,31.27242922782898,-0.5636806,-1.0,-1.0,1.0,-33.98554801940918,1.0,85164
140393,55.79277541049722,0.6252476572990417,31.262382864952087,-1.0,-1.0,-1.0,-0.48270154,-20.0,1.0,160000
190338,55.725443028747065,0.6239427924156189,31.197139620780945,-1.0,-1.0,-1.0,1.0,-20.0,1.0,160000
164538,55.725443028747065,0.6239427924156189,31.197139620780945,-1.0,-0.15059358,-1.0,1.0,-20.0,1.0,155632
138738,55.725443028747065,0.6239427924156189,31.197139620780945,-0.90314937,-0.5141528,-1.0,1.0,-56.2074339389801,1.0,160000
164532,55.72543380146324,0.6239426136016846,31.19713068008423,-1.0,-1.0,-1.0,1.0,-49.84336853027344,1.0,141081
164537,55.72543380146324,0.6239426136016846,31.19713068008423,-1.0,-0.6873487,-1.0,1.0,-43.92142653465271,1.0,160000
190330,55.72543380146324,0.6239426136016846,31.19713068008423,-1.0,-1.0,-1.0,1.0,-20.0,1.0,160000
138731,55.72543380146324,0.6239426136016846,31.19713068008423,-1.0,-0.04546362,-1.0,1.0,-29.998295307159424,1.0,132869
190332,55.72543380146324,0.6239426136016846,31.19713068008423,-1.0,-1.0,-1.0,1.0,-20.0,1.0,160000
190333,55.72543380146324,0.6239426136016846,31.19713068008423,-1.0,-1.0,-1.0,1.0,-56.08662247657776,1.0,160000
190335,55.72543380146324,0.6239426136016846,31.19713068008423,-0.50441945,-1.0,-1.0,1.0,-38.45931053161621,1.0,160000
164530,55.72543380146324,0.6239426136016846,31.19713068008423,-1.0,-0.7423544,-1.0,1.0,-31.24245405197144,1.0,160000
164535,55.72543380146324,0.6239426136016846,31.19713068008423,-0.80811346,-1.0,-1.0,1.0,-20.0,1.0,160000
138732,55.72543380146324,0.6239426136016846,31.19713068008423,-1.0,-0.62966955,-1.0,1.0,-20.0,1.0,160000
166365,55.68885312658301,0.6232337355613708,31.161686778068542,-0.6284859,-1.0,-0.4428984,0.65157044,-20.0,1.0,133836
170586,55.66269252171578,0.6227267980575562,31.136339902877808,-1.0,-1.0,-1.0,1.0,-37.94497966766357,1.0,160000
196386,55.66269252171578,0.6227267980575562,31.136339902877808,-0.038453817,-0.8688719,-1.0,1.0,-20.0,1.0,151127
196380,55.66269252171578,0.6227267980575562,31.136339902877808,-1.0,-1.0,-1.0,1.0,-39.87783432006836,1.0,160000
144781,55.66269252171578,0.6227267980575562,31.136339902877808,-1.0,-0.9080558,-1.0,1.0,-27.41078495979309,1.0,160000
196381,55.66269252171578,0.6227267980575562,31.136339902877808,-1.0,-1.0,-1.0,1.0,-20.0,1.0,160000
170582,55.66269252171578,0.6227267980575562,31.136339902877808,-1.0,-1.0,-1.0,1.0,-30.897490978240967,1.0,160000
170584,55.66269252171578,0.6227267980575562,31.136339902877808,-0.19931936,-1.0,-1.0,1.0,-41.817301511764526,1.0,132247
170588,55.66268944576798,0.6227267384529114,31.13633692264557,-0.599914,-1.0,-1.0,1.0,-20.0,1.0,160000
196388,55.66268944576798,0.6227267384529114,31.13633692264557,-1.0,-1.0,-1.0,1.0,-41.99777364730835,1.0,128389
135931,55.59534244560919,0.621421754360199,31.07108771800995,0.3229711,-1.0,-1.0,-0.0193007,-31.351566910743717,1.0,160000
140998,55.58622162393688,0.6212450265884399,31.062251329422,0.24418616,0.4556718,-0.26360995,1.0,-33.477234840393066,1.0,160000
125699,55.56870572796269,0.6209056377410889,31.045281887054443,-1.0,-1.0,0.32894742,-0.23314571,-37.183125615119934,1.0,160000
153913,55.479392770170776,0.6191751956939697,30.958759784698486,-0.5188146,-1.0,-0.32951626,1.0,-20.0,1.0,85305
172753,55.47258138348248,0.619043231010437,30.95216155052185,-1.0,-1.0,-1.0,-0.59286714,-36.29250764846802,1.0,160000
146801,55.47022784499891,0.6189976334571838,30.949881672859192,-1.0,-1.0,-0.50293845,1.0,-57.42620706558228,1.0,160000
149755,55.46855113780203,0.6189651489257812,30.948257446289062,-1.0,-1.0,-1.0,0.73965865,-24.829816818237305,1.1424026489257812,160000
199774,55.46592993130759,0.6189143657684326,30.94571828842163,-1.0,-1.0,-1.0,0.55309486,-43.75890851020813,1.0,160000
142845,55.39326875718549,0.6175066828727722,30.87533414363861,0.05650544,-1.0,-0.24419862,1.0,-59.206790924072266,1.0,116667
182940,55.372897345217055,0.6171120405197144,30.85560202598572,-1.0,-1.0,-0.9673959,1.0,-35.94026565551758,1.0,160000
149752,55.37112817294421,0.6170777678489685,30.853888392448425,-1.0,-1.0,-1.0,1.0,-36.29415988922119,1.0604254007339478,160000
172302,55.35723006360837,0.6168085336685181,30.840426683425903,-1.0,-1.0,-0.8020146,1.0,-55.3693163394928,1.0,136571
190101,55.35069477875777,0.6166819334030151,30.83409667015076,-1.0,-1.0,-0.89440477,0.799791,-60.0,1.0,112471
143153,55.3488209534352,0.6166456341743469,30.832281708717343,0.18755686,-1.0,-0.7961413,1.0,-20.0,1.0,160000
164533,55.34243945991892,0.6165220141410828,30.826100707054135,-1.0,-1.0,-0.956637,1.0,-20.0,1.0,160000
134205,55.31182065451979,0.6159288883209229,30.796444416046143,-1.0,-1.0,-1.0,0.7836891,-25.46860694885254,1.0,119119
167264,55.307654382251926,0.615848183631897,30.79240918159485,-0.91711634,-1.0,-1.0,0.2935003,-33.345372676849365,1.0,160000
201576,55.306303570939534,0.6158220171928406,30.79110085964203,-0.6762292,-1.0,-1.0,0.8258736,-20.0,1.0,160000
160381,55.289059798151264,0.6154879927635193,30.774399638175964,-1.0,-1.0,-0.9897574,-0.030343294,-20.0,1.0,160000
138733,55.288549003818034,0.6154780983924866,30.77390491962433,-1.0,-1.0,-0.9290058,1.0,-20.745737552642822,1.0,160000
122373,55.270840281395095,0.6151350736618042,30.75675368309021,-0.8177856,-1.0,-1.0,0.14826643,-38.45770835876465,1.0,156189
185418,55.22335906090843,0.6142153739929199,30.710768699646,-1.0,-0.0289464,-0.4332025,1.0,-20.0,1.0,160000
188428,55.1745492295768,0.6132699847221375,30.663499236106876,-1.0,0.10166311,-0.9632776,1.0,-45.90742826461792,1.0,160000
198101,55.16786196543418,0.6131404638290405,30.657023191452023,-1.0,-1.0,-0.79705274,1.0,-28.34123134613037,1.0,128045
201133,55.14237424751536,0.6126468181610107,30.632340908050537,-0.9127344,-1.0,-1.0,1.0,-60.0,1.0,160000
201136,55.14237424751536,0.6126468181610107,30.632340908050537,-1.0,-1.0,-1.0,1.0,-60.0,1.0,160000
175333,55.14237424751536,0.6126468181610107,30.632340908050537,-1.0,-0.45892578,-1.0,1.0,-20.0,1.0,160000
175331,55.14237424751536,0.6126468181610107,30.632340908050537,-1.0,-0.21457279,-1.0,1.0,-20.0,1.0,160000
201130,55.14237424751536,0.6126468181610107,30.632340908050537,-1.0,-1.0,-1.0,1.0,-41.700851917266846,1.0,160000
201129,55.14237424751536,0.6126468181610107,30.632340908050537,-1.0,-1.0,-1.0,1.0,-24.37761783599853,1.0,160000
201135,55.14237424751536,0.6126468181610107,30.632340908050537,-1.0,-0.6248944,-1.0,1.0,-20.0,1.0,160000
123734,55.14237424751536,0.6126468181610107,30.632340908050537,-0.5017829,-1.0,-1.0,1.0,-20.0,1.0,160000
149531,55.14237424751536,0.6126468181610107,30.632340908050537,-1.0,-1.0,-1.0,1.0,-20.0,1.0,160000
123697,55.13603760836654,0.6125240921974182,30.62620460987091,-1.0,-1.0,0.278602,1.0,-20.0,1.0,160000
180821,55.13080885064174,0.6124228239059448,30.62114119529724,-0.9352423,-0.8364764,-0.59992486,1.0,-26.62457823753357,1.0,160000
163450,55.112521832485854,0.6120686531066895,30.603432655334476,0.17546761,-1.0,0.4201402,1.0,-20.0,1.0,137591
190091,55.08546615654557,0.611544668674469,30.57723343372345,-1.0,-0.48025048,-1.0,0.49864638,-42.18549966812134,1.0,160000
137959,55.071179380216414,0.6112679839134216,30.56339919567108,-1.0,-1.0,-0.10571861,1.0,-60.0,1.0,154080
123824,55.0520417960727,0.6108973622322083,30.544868111610413,-1.0,-1.0,-1.0,1.0,-37.51498579978943,1.0,160000
175420,55.0520417960727,0.6108973622322083,30.544868111610413,-1.0,-1.0,-1.0,1.0,-20.0,1.0,160000
201227,55.0520417960727,0.6108973622322083,30.544868111610413,-0.9570279,-1.0,-1.0,1.0,-20.0,1.0,160000
201219,55.0520417960727,0.6108973622322083,30.544868111610413,-0.9471194,-0.83784103,-1.0,1.0,-20.0,1.0,132822
175422,55.0520417960727,0.6108973622322083,30.544868111610413,-1.0,-0.76693046,-1.0,1.0,-50.82980036735535,1.0,140159
123823,55.0520417960727,0.6108973622322083,30.544868111610413,-1.0,-1.0,-1.0,1.0,-20.0,1.0,155563
149620,55.0520417960727,0.6108973622322083,30.544868111610413,-0.240188,-1.0,-1.0,1.0,-24.33154344558716,1.0,160000
149624,55.0520417960727,0.6108973622322083,30.544868111610413,-1.0,-0.8380514,-1.0,1.0,-55.26472568511963,1.0,160000
175424,55.0520417960727,0.6108973622322083,30.544868111610413,-1.0,-0.4684493,-1.0,1.0,-60.0,1.0,120218
123821,55.0520417960727,0.6108973622322083,30.544868111610413,-0.54374146,-1.0,-1.0,1.0,-48.51162433624268,1.0,160000
201220,55.0520417960727,0.6108973622322083,30.544868111610413,-0.23410892,-1.0,-1.0,1.0,-38.10657024383545,1.0,160000
201223,55.0520417960727,0.6108973622322083,30.544868111610413,-1.0,-1.0,-1.0,1.0,-20.0,1.0,160000
123828,55.0520233292651,0.6108970046043396,30.54485023021698,-1.0,-1.0,-1.0,1.0,-20.0,1.0,160000
179231,55.0424143872164,0.6107109189033508,30.53554594516754,-1.0,-1.0,-1.0,0.4896288,-20.0,1.0,114263
118857,55.0345258750066,0.6105581521987915,30.52790760993957,0.10486591,-0.97312963,-1.0,1.0,-60.0,1.0,158300
168224,55.0172620338427,0.6102238297462463,30.51119148731232,-0.880708,-1.0,0.20653021,-0.8540946,-49.903385639190674,1.0,113976
149628,54.9788182065217,0.6094793677330017,30.473968386650085,-1.0,-1.0,-0.91195816,1.0,-20.0,1.0,126339
198678,54.95012441146377,0.6089237332344055,30.44618666172028,-1.0,-1.0,-1.0,-0.40662622,-20.0,1.0,160000
123736,54.9159074651875,0.6082611680030823,30.413058400154117,-1.0,-1.0,-0.9921906,1.0,-20.0,1.0,160000
201091,54.90037154581133,0.6079603433609009,30.398017168045044,-1.0,-1.0,-0.03479743,1.0,-29.64777708053589,1.0,128553
124868,54.89752413955463,0.6079052090644836,30.395260453224186,-1.0,-1.0,-0.38851023,0.3544078,-20.0,1.0,160000
138931,54.89206940967642,0.6077995896339417,30.389979481697083,-1.0,-0.53946024,-1.0,-0.21261656,-48.58533501625061,1.0,160000
159382,54.890948908378505,0.6077778935432434,30.38889467716217,-1.0,-1.0,-1.0,-0.35350633,-26.26879930496216,1.0,160000
159773,54.8371048548799,0.606735348701477,30.336767435073853,-0.7851298,0.04192555,-1.0,1.0,-22.960777282714844,1.0,160000
174714,54.7830608159145,0.6056889891624451,30.284449458122253,-1.0,-0.5962889,-1.0,0.65311503,-23.51131319999695,1.0,160000
123729,54.76666999796392,0.6053716540336609,30.268582701683044,-1.0,-0.35135144,0.21863502,0.19225442,-51.15626335144043,1.0,160000
118850,54.758083488743765,0.6052054166793823,30.26027083396912,-1.0,0.6401043,-1.0,1.0,-20.0,1.0,160000
158092,54.7194509600786,0.6044574975967407,30.22287487983704,-1.0,-1.0,-1.0,0.44853628,-20.0,1.0,160000
169974,54.71870280149298,0.6044430136680603,30.22215068340301,-1.0,-1.0,-0.4332084,0.49908495,-20.0,1.0,144583
154825,54.70577465357685,0.6041927337646484,30.209636688232425,-0.8841344,-0.48175758,-0.8813013,-0.55082166,-20.0,1.0,125440
152982,54.65870045831829,0.6032814383506775,30.164071917533875,-1.0,0.10026169,-1.0,1.0,-20.0,1.0,160000
193368,54.655569076743646,0.6032208204269409,30.16104102134705,-0.58584,-0.508315,-0.36068392,1.0,-43.94918441772461,1.0,160000
132982,54.56980162150228,0.6015605926513672,30.07802963256836,-1.0,-1.0,-1.0,-0.42628765,-23.983821868896484,1.0,154390
164385,54.54547164236449,0.6010896563529968,30.05448281764984,-1.0,-1.0,-0.8863648,0.19645357,-37.58216500282288,1.0,160000
203762,54.51264475148083,0.6004542708396912,30.02271354198456,-1.0,-1.0,-0.72603405,1.0,-20.0,1.0,150126
170581,54.512416868590215,0.6004498600959778,30.02249300479889,-1.0,-0.89249474,-0.77666736,1.0,-59.2704439163208,1.0,160000
137414,54.48722931742756,0.5999623537063599,29.998117685317997,-1.0,-1.0,-1.0,0.31323934,-20.0,1.0,122076
192482,54.465779806374414,0.5995472073554993,29.977360367774963,-1.0,-1.0,-1.0,-0.014546394,-20.0,1.0,160000
164319,54.451542486458976,0.5992716550827026,29.96358275413513,-1.0,-0.3211726,-0.008202016,0.4258151,-40.56518077850342,1.0,160000
155321,54.451542486458976,0.5992716550827026,29.96358275413513,-0.106957555,-1.0,-1.0,0.03698194,-43.913891315460205,1.0,119769
189302,54.43157662194807,0.5988852381706238,29.94426190853119,-1.0,-1.0,0.07189596,1.0,-20.0,1.0,160000
173345,54.41413579222218,0.5985476970672607,29.92738485336304,-1.0,-0.15123904,-0.54961437,0.03349924,-36.46332979202271,1.0,138841
181009,54.37923469878732,0.597872257232666,29.8936128616333,-1.0,-1.0,-0.66549754,1.0,-26.487116813659668,1.0,160000
138913,54.37128537446664,0.5977184176445007,29.88592088222504,-1.0,-0.7578872,-1.0,1.0,-20.0,1.0,160000
190512,54.37128537446664,0.5977184176445007,29.88592088222504,-0.7697864,-0.99518967,-1.0,1.0,-38.0794095993042,1.0,160000
164709,54.37128537446664,0.5977184176445007,29.88592088222504,-1.0,-1.0,-1.0,1.0,-20.59306263923645,1.0,159994
190516,54.37128537446664,0.5977184176445007,29.88592088222504,-1.0,-1.0,-1.0,1.0,-53.1307578086853,1.0,157092
138911,54.37128537446664,0.5977184176445007,29.88592088222504,-1.0,-0.64202404,-1.0,1.0,-20.0,1.0,160000
164714,54.37128537446664,0.5977184176445007,29.88592088222504,-1.0,-1.0,-1.0,1.0,-20.0,1.0,160000
190518,54.37128229451412,0.597718358039856,29.8859179019928,-0.18627799,-1.0,-1.0,1.0,-20.0,1.0,160000
175550,54.35193691648109,0.5973439812660217,29.867199063301086,-1.0,-1.0,-1.0,1.0,-37.28020429611206,1.0,153372
175555,54.35193691648109,0.5973439812660217,29.867199063301086,-1.0,-1.0,-1.0,1.0,-32.90060997009277,1.0,159684
175553,54.35193691648109,0.5973439812660217,29.867199063301086,-1.0,-1.0,-1.0,1.0,-20.0,1.0,160000
201350,54.35193691648109,0.5973439812660217,29.867199063301086,-1.0,-1.0,-1.0,1.0,-20.0,1.0,140090
123953,54.35193691648109,0.5973439812660217,29.867199063301086,-1.0,-1.0,-1.0,1.0,-20.0,1.0,160000
123952,54.35193691648109,0.5973439812660217,29.867199063301086,-0.97863364,-0.61721534,-1.0,1.0,-20.0,1.0,160000
123955,54.35193691648109,0.5973439812660217,29.867199063301086,-0.83966386,-0.7940675,-1.0,1.0,-20.0,1.0,125128
149751,54.35193691648109,0.5973439812660217,29.867199063301086,-1.0,-1.0,-1.0,1.0,-28.489246368408203,1.0,160000
141212,54.32605827863794,0.5968431830406189,29.842159152030945,-0.8141804,-0.54923326,-0.4483179,-0.46147895,-40.80713510513306,1.0,160000
163759,54.31585693687529,0.5966457724571228,29.83228862285614,-1.0,-0.3288455,-0.09385836,1.0,-39.46522355079651,1.0,160000
171054,54.264149356761536,0.5956451892852783,29.78225946426392,-1.0,-1.0,-1.0,-0.08480275,-31.37759029865265,1.0,160000
182040,54.184276896400974,0.5940997004508972,29.70498502254486,-1.0,0.14723837,-0.8528891,1.0,-41.96194887161255,1.0,160000
114761,54.13238959633322,0.5930957794189453,29.654788970947266,-0.7469832,-1.0,-1.0,1.0,-20.0,1.0,160000
140567,54.13238959633322,0.5930957794189453,29.654788970947266,-0.5827452,-0.8931347,-1.0,1.0,-20.0,1.0,160000
192161,54.13238959633322,0.5930957794189453,29.654788970947266,-0.9554816,-1.0,-1.0,1.0,-20.0,1.0,160000
114766,54.13238959633322,0.5930957794189453,29.654788970947266,-0.9641569,-0.414622,-1.0,1.0,-20.0,1.0,154610
192167,54.13238959633322,0.5930957794189453,29.654788970947266,-1.0,-1.0,-1.0,1.0,-60.0,1.0,160000
192166,54.13238959633322,0.5930957794189453,29.654788970947266,-0.5394691,-0.42597628,-1.0,1.0,-20.0,1.0,160000
114763,54.13238959633322,0.5930957794189453,29.654788970947266,-0.0780673,-0.73540854,-1.0,1.0,-35.41031837463379,1.0,160000
192165,54.13238959633322,0.5930957794189453,29.654788970947266,-0.22917342,-1.0,-1.0,1.0,-37.32198476791382,1.0,160000
192164,54.13238959633322,0.5930957794189453,29.654788970947266,-0.48086953,-1.0,-1.0,1.0,-20.0,1.0,160000
166368,54.13238035414395,0.593095600605011,29.65478003025055,-1.0,-0.7024671,-1.0,1.0,-35.55920124053955,1.0,120204
117353,54.08565684373434,0.5921916365623474,29.60958182811737,-1.0,-1.0,-0.64579844,0.29493642,-20.0,1.0,154747
128368,54.07586882673979,0.592002272605896,29.6001136302948,-0.8957739,-1.0,-1.0,1.0,-54.06108736991882,1.0,84339
201358,54.03234988487261,0.5911603569984436,29.55801784992218,-1.0,-1.0,-0.96292776,1.0,-20.0,1.0,160000
173972,54.017665443307216,0.5908762812614441,29.543814063072205,-0.8095637,-1.0,-1.0,0.6901454,-60.0,1.0,160000
157315,54.0136137784898,0.5907979011535645,29.539895057678223,-0.49517125,-0.47382724,-0.8017813,0.65742743,-60.0,1.0,160000
202493,54.00293455326423,0.590591311454773,29.529565572738647,-0.73731744,-1.0,-1.0,0.850775,-34.73129749298096,1.0,160000
130398,53.97211324074581,0.5899950861930847,29.49975430965424,-0.5351381,-0.28068992,1.0,1.0,-27.638760805130005,1.0,160000
130392,53.97209475319822,0.5899947285652161,29.499736428260803,-0.2577561,-1.0,1.0,1.0,-45.72114706039429,1.0,160000
147318,53.94617484990562,0.5894933342933655,29.474666714668277,-0.5040381,-0.7993864,-0.54119986,0.15896499,-20.0,1.0,160000
173707,53.90801162108008,0.5887551307678223,29.437756538391117,-1.0,-1.0,-1.0,0.91109204,-20.0,1.0,156378
150777,53.8882561019098,0.5883730053901672,29.41865026950836,-0.73379296,-0.47077036,-1.0,-0.5987822,-20.96619844436645,1.0,160000
201224,53.85985930781422,0.587823748588562,29.3911874294281,-1.0,-1.0,-1.0,1.0,-60.0,1.0,94390
115809,53.79473906276704,0.5865642428398132,29.32821214199066,-0.21126407,-0.53673065,-1.0,0.78891945,-30.23951888084412,1.0,86362
200220,53.779363590524895,0.5862668752670288,29.31334376335144,-0.8243831,-1.0,-1.0,-0.06391871,-20.0,1.0,160000
149538,53.762095540565255,0.5859329104423523,29.29664552211761,-1.0,-1.0,-1.0,1.0,-34.31391954421997,1.0,98308
172973,53.750316220357504,0.5857051014900208,29.28525507450104,-0.8762906,-0.70563793,-0.59196717,0.7969171,-40.64568638801575,1.0,160000
116143,53.73155282537388,0.5853422284126282,29.26711142063141,-0.95681417,-1.0,-1.0,-0.69707704,-42.45826482772827,1.0,125888
122370,53.7298731006162,0.5853097438812256,29.26548719406128,-1.0,-0.5176705,-1.0,0.6634098,-25.02116441726685,1.0,160000
123957,53.726060576295566,0.5852360129356384,29.26180064678192,-1.0,-1.0,-0.9467136,1.0,-20.0,1.0,160000
164303,53.715898904021614,0.585039496421814,29.2519748210907,-0.6153176,-1.0,-1.0,1.0,-26.760345697402958,1.0,160000
164305,53.715898904021614,0.585039496421814,29.2519748210907,-1.0,-1.0,-1.0,1.0,-42.40317344665527,1.0,160000
190106,53.715898904021614,0.585039496421814,29.2519748210907,-1.0,-0.3000406,-1.0,1.0,-29.014992713928223,1.0,160000
190100,53.715898904021614,0.585039496421814,29.2519748210907,-1.0,-1.0,-1.0,1.0,-29.52259421348572,1.0,160000
138503,53.715898904021614,0.585039496421814,29.2519748210907,-0.7784518,-1.0,-1.0,1.0,-21.737794876098636,1.0,160000
138501,53.715898904021614,0.585039496421814,29.2519748210907,-0.09654683,-0.49449435,-1.0,1.0,-20.0,1.0,123446
164301,53.715898904021614,0.585039496421814,29.2519748210907,-0.91520596,-1.0,-1.0,1.0,-60.0,1.0,160000
164307,53.715898904021614,0.585039496421814,29.2519748210907,-1.0,-1.0,-1.0,1.0,-20.0,1.0,151010
119083,53.71190139389703,0.5849621891975403,29.24810945987701,0.14122915,-1.0,0.32559335,0.08493018,-20.0,1.0,160000
161992,53.70838159797104,0.5848941206932068,29.24470603466034,-1.0,-1.0,-0.42655754,1.0,-59.281649589538574,1.0,131085
179867,53.707256616557245,0.5848723649978638,29.24361824989319,-1.0,-1.0,-0.0798229,0.43644512,-37.94032573699951,1.0,160000
133393,53.6654494759501,0.5840638875961304,29.20319437980652,0.0349285,-1.0,-0.6855526,0.49253178,-20.0,1.0,160000
140932,53.66128838329874,0.5839834213256836,29.19917106628418,-1.0,-0.5241897,-0.09358299,1.0,-23.33477139472961,1.082121193408966,160000
175551,53.65383227423344,0.5838392376899719,29.1919618844986,-1.0,-0.9860772,-0.94731104,1.0,-20.0,1.0,160000
200510,53.61921404578284,0.5831698179244995,29.158490896224976,-1.0,-1.0,-1.0,0.6651561,-20.0,1.0,138801
135932,53.59896218758291,0.5827782154083252,29.13891077041626,-0.102831125,-0.74443746,-0.081260026,-0.1464467,-34.046692848205566,1.0,107560
187529,53.59075959420039,0.5826196074485779,29.13098037242889,-1.0,0.35604024,-1.0,1.0,-26.602020263671875,1.0,160000
173422,53.56594483363644,0.582139790058136,29.1069895029068,-1.0,-1.0,-1.0,0.34634268,-20.0,1.0,160000
121000,53.55602182190874,0.581947922706604,29.0973961353302,-0.62994075,-1.0,-0.3806013,0.9645248,-20.167933702468872,1.0,160000
137196,53.52950135352204,0.5814351439476013,29.071757197380062,0.053271055,-1.0,-1.0,-0.055166364,-20.0,1.0,160000
176087,53.529300975061126,0.5814312696456909,29.071563482284542,-0.53579104,-1.0,-1.0,-0.19317186,-20.04871368408203,1.0,159968
141766,53.52625213423213,0.5813723206520081,29.068616032600403,-1.0,-0.72258896,-0.04625392,0.81071997,-20.0,1.0,160000
129447,53.50215390700838,0.5809063911437988,29.04531955718994,-0.16536355,-1.0,-1.0,-0.15747046,-25.014008283615112,1.0,160000
175292,53.4712510043864,0.5803089141845703,29.01544570922852,-1.0,-1.0,0.6056924,1.0,-20.0,1.0,140873
172624,53.45086942988681,0.5799148678779602,28.99574339389801,-1.0,-1.0,-1.0,-0.12387073,-38.54053378105164,1.0,103623
115963,53.4508540148169,0.5799145698547363,28.995728492736816,0.19580531,-0.04483968,0.5590465,1.0,-20.0,1.0,145243
204608,53.444617055861656,0.5797939896583557,28.989699482917786,-1.0,-0.7970941,-0.2035783,1.0,-20.0,1.0,160000
138260,53.4221661118583,0.5793599486351013,28.967997431755062,0.08574104,-0.8264911,-1.0,1.0,-20.0,1.0,160000
166702,53.41250666875307,0.57917320728302,28.958660364151,-1.0,-1.0,-1.0,0.87477386,-49.002604484558105,1.0,160000
176799,53.40070122670176,0.578944981098175,28.947249054908752,-0.4537589,0.17106616,0.32428408,1.0,-20.0,1.0,160000
145232,53.38492134116474,0.5786399245262146,28.93199622631073,-1.0,-0.12631106,-1.0,-0.09820974,-43.41361403465271,1.0,160000
124751,53.27705383327222,0.5765547752380371,28.827738761901852,-0.07096207,-0.45419246,-0.5557108,1.0,-20.0,1.0,102287
157356,53.25992111468203,0.576223611831665,28.81118059158325,-1.0,-0.786631,-1.0,-0.16953206,-20.0,1.0,153800
179022,53.23898273253642,0.5758188962936401,28.790944814682007,-1.0,-0.64213693,0.41127765,1.0,-60.0,1.0,160000
149622,53.22866446153526,0.5756194591522217,28.780972957611084,-0.4231274,-0.41552788,0.13554156,0.46853793,-20.0,1.0,120627
120124,53.20832669298228,0.575226366519928,28.7613183259964,-1.0,-0.9282552,-0.8961617,0.83431655,-20.0,1.0,160000
183115,53.142268122819786,0.5739496350288391,28.69748175144196,-0.71682304,0.08548486,-1.0,1.0,-60.0,1.0,118424
188791,53.12054358014516,0.5735297799110413,28.676488995552063,-1.0,-1.0,1.0,0.23616731,-20.0,1.0,114763
201349,53.11968926790408,0.5735132694244385,28.675663471221924,-1.0,-0.34453917,-1.0,1.0,-40.12718677520752,1.0,113823
124863,53.11361653353872,0.5733959078788757,28.669795393943787,-0.66912174,-0.30450603,-0.29111934,0.34192502,-45.79480290412903,1.0,160000
122047,53.10414495816826,0.5732128620147705,28.660643100738525,-1.0,-0.6264987,-1.0,-0.042055964,-40.36754846572876,1.0,160000
126868,53.104040094828974,0.5732108354568481,28.660541772842407,-0.5480991,0.032809854,-1.0,0.29818475,-20.0,1.0,160000
151544,53.08097602476086,0.5727651119232178,28.63825559616089,-1.0,-1.0,-1.0,0.1250068,-20.0,1.0,160000
152799,53.069061304759884,0.5725348591804504,28.62674295902252,-1.0,-1.0,-0.15827084,1.0,-20.0,1.0,160000
195191,53.06867884666335,0.5725274682044983,28.626373410224915,-0.024635077,-1.0,-1.0,-0.021336079,-20.0,1.0,157129
178803,53.06519661971437,0.5724601745605469,28.623008728027344,-1.0,-0.9304407,-1.0,1.0,-20.0,1.0,160000
127203,53.06519661971437,0.5724601745605469,28.623008728027344,-1.0,-0.8702022,-1.0,1.0,-20.0,1.0,160000
127207,53.06519661971437,0.5724601745605469,28.623008728027344,-0.97255594,-1.0,-1.0,1.0,-20.0,1.0,131086
204600,53.06519661971437,0.5724601745605469,28.623008728027344,-1.0,-0.48676676,-1.0,1.0,-20.0,1.0,160000
153005,53.06519661971437,0.5724601745605469,28.623008728027344,-1.0,-0.19383723,-1.0,1.0,-60.0,1.0,152930
178800,53.06519661971437,0.5724601745605469,28.623008728027344,-1.0,-1.0,-1.0,1.0,-21.55971050262451,1.0,160000
204603,53.06519661971437,0.5724601745605469,28.623008728027344,-1.0,-0.7917113,-1.0,1.0,-20.0,1.0,160000
178805,53.06519661971437,0.5724601745605469,28.623008728027344,-1.0,-1.0,-1.0,1.0,-22.938177585601807,1.0,160000
204602,53.06519661971437,0.5724601745605469,28.623008728027344,-1.0,-0.6354307,-1.0,1.0,-25.437920093536377,1.0,160000
178801,53.06519661971437,0.5724601745605469,28.623008728027344,-1.0,-1.0,-1.0,1.0,-21.844048500061035,1.0,160000
178807,53.06519661971437,0.5724601745605469,28.623008728027344,-1.0,-0.67911446,-1.0,1.0,-20.0,1.0,125460
162987,53.03321747095029,0.5718421936035156,28.59210968017578,-0.5361469,-1.0,-0.47163433,1.0,-56.94262385368347,1.0,160000
176175,52.98834352444129,0.5709750652313232,28.54875326156616,-0.39590967,-0.8198791,-1.0,-0.42000926,-20.0,1.0,160000
182333,52.98016923464975,0.5708171129226685,28.540855646133423,-1.0,-1.0,-0.031586647,-0.563697,-47.335710525512695,1.0,160000
182127,52.97137484718616,0.5706471800804138,28.53235900402069,-1.0,-0.20557058,-0.9671223,0.6790756,-28.668071031570435,1.0,123764
204606,52.96921248158446,0.5706053972244263,28.530269861221317,-1.0,-0.76723576,-0.99220395,1.0,-60.0,1.0,157603
164295,52.94267139742293,0.5700925588607788,28.50462794303894,-1.0,-0.70805913,-1.0,0.54159164,-20.0,1.0,160000
175558,52.93426840302831,0.5699301958084106,28.49650979042053,-1.0,-1.0,-0.88355345,1.0,-24.72515106201172,1.0,159981
118499,52.914914060877855,0.5695562362670898,28.47781181335449,0.045563817,-1.0,-1.0,0.80550385,-38.632826805114746,1.0,160000
199773,52.902120955777576,0.5693090558052063,28.465452790260315,-1.0,-0.11984527,-0.264089,0.5882889,-60.0,1.0,150864
146804,52.88810909651187,0.5690383315086365,28.451916575431824,-0.34416634,-1.0,-0.42451122,1.0,-20.0,1.0,160000
154353,52.86556069535204,0.5686026811599731,28.430134057998657,0.17209446,-0.9214386,-1.0,-0.82627153,-55.65559387207031,1.0,147784
176356,52.86093926498944,0.5685133934020996,28.42566967010498,-1.0,-0.15724313,-0.52105045,1.0,-20.0,1.0,138056
168320,52.85058877571515,0.5683134198188782,28.41567099094391,-1.0,-0.45352876,-1.0,0.11024356,-22.141695022583008,1.0,160000
191843,52.80982422817919,0.5675258636474609,28.376293182373047,-1.0,-0.24187684,-1.0,0.30028796,-60.0,1.0,160000
117663,52.7749817094729,0.5668527483940125,28.342637419700623,-1.0,-1.0,-0.28481495,-0.84360194,-20.797382593154907,1.0,160000
135440,52.74162190847417,0.5662083029747009,28.310415148735046,-0.90627146,-0.13389337,-0.09018481,0.7111801,-22.188133001327515,1.0,160000
121005,52.72539818542029,0.5658949017524719,28.2947450876236,-1.0,-1.0,-0.34656346,1.0,-20.0,1.0,95588
134757,52.67993741940489,0.5650167465209961,28.250837326049805,-0.5059445,-1.0,-1.0,0.37036228,-21.80404663085937,1.0,136650
115313,52.672269360753376,0.5648686289787292,28.243431448936462,-0.4079926,-1.0,-0.7783543,1.0,-39.25420522689819,1.0,160000
185801,52.596890375954914,0.5634126663208008,28.17063331604004,-0.6228496,0.20558,-1.0,1.0,-20.0,1.0,153977
125301,52.59665275204279,0.5634080767631531,28.17040383815765,-1.0,-0.035537004,-1.0,-0.6280701,-20.0,1.3909796476364136,160000
147069,52.59273657697073,0.5633324384689331,28.16662192344665,-1.0,-0.51997507,-1.0,-0.4194529,-36.79906845092773,1.0,160000
149678,52.489138081702905,0.5613316297531128,28.06658148765564,-1.0,-1.0,-0.13068318,1.0,-20.0,1.0,160000
186807,52.46162222930779,0.5608002543449402,28.04001271724701,-0.13210237,-1.0,-0.31132036,0.9049665,-24.32420492172241,1.0,160000
150892,52.45323920686428,0.5606383681297302,28.03191840648651,-1.0,-1.0,-1.0,0.8953957,-20.0,1.0,127136
201097,52.42058907022254,0.5600078701972961,28.000393509864807,-1.0,-0.70070386,-0.22306287,1.0,-38.82292985916138,1.0,160000
116685,52.40413388416583,0.5596901178359985,27.984505891799927,-0.8642996,-0.8699412,0.20642602,0.670969,-43.06551456451416,1.0,160000
162520,52.39293516019646,0.5594738721847534,27.97369360923767,-0.79412246,-1.0,-1.0,0.34345722,-20.0,1.0,160000
178362,52.36152669564722,0.5588673949241638,27.94336974620819,-1.0,-1.0,0.74881065,1.0,-28.81987810134888,1.0,155733
180311,52.35116087230789,0.5586672425270081,27.933362126350403,-1.0,-1.0,-0.42869592,1.0,-20.0,1.0,160000
125540,52.34928402100759,0.5586310029029846,27.93155014514923,-0.9269027,-1.0,-1.0,0.8449957,-60.0,1.0,160000
154516,52.3090510953112,0.557854175567627,27.892708778381348,-1.0,-1.0,-0.42314297,1.0,-30.86250066757202,1.0,160000
132287,52.277917327458496,0.5572530627250671,27.86265313625336,-0.8343873,-1.0,-1.0,-0.36991215,-47.49580264091492,1.0,133693
143578,52.21126831815528,0.555966317653656,27.7983158826828,-0.024266124,-1.0,-1.0,0.86461264,-20.0,1.0,160000
203149,52.20418878496021,0.555829644203186,27.7914822101593,-1.0,-0.5901958,0.3463313,0.25046766,-20.0,1.1174765825271606,160000
178808,52.18688334783215,0.55549556016922,27.774778008461,-1.0,-1.0,-0.9640384,1.0,-20.0,1.0,159984
138736,52.17338454704296,0.555234968662262,27.761748433113095,-1.0,-0.7917806,-0.6252667,1.0,-20.0,1.0,128700
163855,52.13607953287709,0.5545148253440857,27.725741267204285,-0.23116273,0.531534,-0.4650942,1.0,-20.0,1.0,160000
162568,52.09803174496102,0.5537803769111633,27.689018845558167,-1.0,-1.0,-0.65979594,-0.39296222,-43.41549634933472,1.0,145244
184102,52.08699255525699,0.5535672903060913,27.678364515304565,-1.0,-1.0,-0.9417349,0.71706367,-51.5880823135376,1.0,160000
169587,52.04389043350269,0.5527353286743164,27.63676643371582,-1.0,-1.0,-0.23812294,0.40854752,-27.741193771362305,1.0,160000
187792,52.02195868102883,0.5523120164871216,27.61560082435608,-1.0,-1.0,-0.2867769,1.0,-20.0,1.0,160000
194549,51.9864472658889,0.5516266226768494,27.58133113384247,-1.0,-1.0,-1.0,0.7747543,-20.0,1.0,106990
155463,51.98388707381478,0.5515772104263306,27.57886052131653,-0.424219,-1.0,0.35707247,1.0,-30.586326122283936,1.0,160000
157133,51.90473024491647,0.5500495433807373,27.502477169036865,-1.0,-1.0,-0.9109779,-0.47000396,-22.474151849746704,1.0,127580
149126,51.85736526514184,0.5491355061531067,27.45677530765533,-1.0,-1.0,-0.9074,-0.15215468,-20.0,1.0,131014
161412,51.83113805225943,0.5486294031143188,27.431470155715942,-1.0,-0.34415632,-1.0,1.0,-37.01627254486084,1.0,160000
161414,51.83113805225943,0.5486294031143188,27.431470155715942,-1.0,-0.8952442,-1.0,1.0,-60.0,1.0,160000
187213,51.83113805225943,0.5486294031143188,27.431470155715942,-0.6636651,-0.9988165,-1.0,1.0,-20.0,1.0,160000
135612,51.83113805225943,0.5486294031143188,27.431470155715942,-1.0,-0.021404386,-1.0,1.0,-25.54127335548401,1.0,160000
135610,51.83113805225943,0.5486294031143188,27.431470155715942,-0.38406754,-1.0,-1.0,1.0,-57.05850601196289,1.0,160000
187209,51.83113805225943,0.5486294031143188,27.431470155715942,-1.0,-1.0,-1.0,1.0,-55.55497288703919,1.0,138147
135611,51.83113805225943,0.5486294031143188,27.431470155715942,-1.0,-1.0,-1.0,1.0,-20.0,1.0,160000
187214,51.83113805225943,0.5486294031143188,27.431470155715942,-1.0,-1.0,-1.0,1.0,-51.76791310310364,1.0,160000
135613,51.83113805225943,0.5486294031143188,27.431470155715942,-0.27997053,-0.22324353,-1.0,1.0,-20.0,1.0,160000
161410,51.83113805225943,0.5486294031143188,27.431470155715942,-0.04685068,-1.0,-1.0,1.0,-20.0,1.0,160000
135618,51.831131874509296,0.5486292839050293,27.431464195251465,-0.111252725,-1.0,-1.0,1.0,-36.67141795158386,1.0,160000
187218,51.831131874509296,0.5486292839050293,27.431464195251465,-1.0,-1.0,-1.0,1.0,-20.0,1.0,160000
129661,51.82841365986761,0.548576831817627,27.428841590881348,-0.56285346,-0.783999,-1.0,0.9025883,-25.69484114646912,1.061219334602356,103088
201086,51.76830171016346,0.5474169254302979,27.370846271514893,-1.0,-1.0,-1.0,-0.5112703,-20.0,1.0,160000
188779,51.76135734812896,0.5472829341888428,27.36414670944214,-0.5890736,-1.0,-1.0,0.38113368,-55.12391924858093,1.2789145708084106,160000
176093,51.721435370171854,0.5465126633644104,27.32563316822052,-1.0,-1.0,0.13007617,1.0,-22.393779754638672,1.0,160000
123118,51.71452458558852,0.5463793277740479,27.318966388702396,-1.0,-1.0,-0.55945027,0.83412606,-25.419797897338867,1.0,160000
190078,51.68718670485246,0.5458518862724304,27.29259431362152,-0.7843961,-1.0,0.40414602,1.0,-60.0,1.0,160000
160528,51.64042684677064,0.5449497699737549,27.247488498687744,-1.0,-1.0,-1.0,-0.31589806,-22.34137296676636,1.0,160000
135305,51.61866643625667,0.5445299744606018,27.22649872303009,-1.0,-0.22163975,-1.0,0.49447894,-29.92671489715576,1.0,159798
201138,51.61454168547475,0.5444504022598267,27.222520112991333,-0.9431908,-0.4061945,-0.68871564,1.0,-29.55980896949768,1.0,160000
179348,51.598468857241656,0.5441403388977051,27.20701694488525,-0.8561234,-0.04659331,-1.0,0.4372245,-20.0,1.0,77064
119861,51.5949650488244,0.5440727472305298,27.20363736152649,-1.0,-0.27194947,0.88835335,-0.19628596,-55.17127275466919,1.0,160000
131849,51.51667221794998,0.5425624847412109,27.128124237060547,-1.0,-0.4813932,-1.0,-0.9646976,-55.571467876434326,1.0,160000
118721,51.491858406738,0.5420838594436646,27.104192972183228,0.10701513,-0.22789809,-0.5327438,0.38869536,-39.714181423187256,1.0,160000
202185,51.49126818082044,0.5420724749565125,27.103623747825623,-1.0,-1.0,-0.47851658,0.19287848,-49.17176246643066,1.0,160000
193223,51.47678433117008,0.5417931079864502,27.08965539932251,-0.33644426,-0.7659161,1.0,0.28238297,-35.17646312713623,1.0,126171
160551,51.47429976955264,0.5417451858520508,27.08725929260254,-0.7034832,-0.70070845,-0.61098444,0.5471102,-20.0,1.0,160000
153137,51.47306984685156,0.5417214632034302,27.08607316017151,0.028552413,-0.7962128,-1.0,1.0,-35.94437599182129,1.0,160000
187797,51.471561798309416,0.5416923761367798,27.08461880683899,-1.0,-1.0,-0.28198218,1.0,-25.454742908477783,1.0,160000
197823,51.45418503907894,0.5413572192192078,27.067860960960388,-0.8529863,-1.0,-0.87452245,1.0,-60.0,1.0,150875
176993,51.45034683430057,0.5412831902503967,27.06415951251984,-1.0,-1.0,-1.0,0.9503415,-20.0,1.0,160000
204604,51.45030047905609,0.5412822961807251,27.06411480903625,-1.0,-0.748892,-1.0,1.0,-33.96946430206299,1.0,115662
119678,51.44542389209438,0.5411882400512695,27.05941200256348,-0.13374007,-1.0,-1.0,0.2544738,-20.0,1.0,117560
158391,51.42395789721827,0.5407742261886597,27.038711309432983,-1.0,0.08678651,-1.0,1.0,-45.36441087722778,1.0,160000
133448,51.36931060244563,0.5397202968597412,26.98601484298706,-1.0,-1.0,-1.0,-0.5720086,-20.0,1.0,146568
152165,51.34763235404076,0.5393022298812866,26.96511149406433,-1.0,-0.9157754,-0.63036025,1.0,-20.0,1.0,160000
123693,51.28445787727827,0.5380839705467224,26.90419852733612,-1.0,-1.0,-0.3524685,1.0,-20.0,1.0,129937
181282,51.27975644561603,0.537993311882019,26.899665594100952,-1.0,-0.10782778,-1.0,0.8117174,-20.0,1.0,160000
191352,51.276943609677645,0.5379390716552734,26.896953582763672,-0.31275547,-1.0,-1.0,0.51403093,-20.0,1.0,160000
155840,51.27526826739784,0.5379067659378052,26.89533829689026,-1.0,0.36593246,-0.5376917,1.0,-20.0,1.0,140965
190105,51.249092893874185,0.5374020338058472,26.87010169029236,-0.6246242,-1.0,-0.7615144,1.0,-20.0,1.0,160000
163217,51.24585027619317,0.5373395085334778,26.86697542667389,-1.0,-1.0,0.10691142,0.24406898,-60.0,1.0,115800
152163,51.22557819913238,0.5369486212730408,26.84743106365204,-1.0,-1.0,-0.6267549,1.0,-20.0,1.0,160000
143368,51.22155030493994,0.5368709564208984,26.84354782104492,-1.0,-1.0,-1.0,0.39841866,-49.77468371391296,1.0,160000
125089,51.2161034953185,0.5367659330368042,26.83829665184021,-1.0,-0.5319039,-0.37935844,1.0,-20.0,1.0,149618
171038,51.18344965578958,0.5361363291740417,26.806816458702087,-0.8607058,-1.0,-1.0,-0.05686915,-30.681649446487427,1.0,152065
132772,51.1505718464736,0.5355024337768555,26.775121688842773,-0.8294019,-1.0,-1.0,0.9726579,-42.15959072113037,1.0,160000
131255,51.146330244320765,0.5354206562042236,26.77103281021118,-0.24934673,-1.0,-1.0,-0.008092642,-21.1546003818512,1.0,160000
156292,51.1339731989264,0.5351824164390564,26.75912082195282,-1.0,0.11963296,-1.0,0.80331564,-60.0,1.0,143245
180826,51.13188636285014,0.535142183303833,26.75710916519165,-1.0,-1.0,-0.80015373,1.0,-52.82825469970703,1.0,90449
179235,51.1282938999489,0.535072922706604,26.7536461353302,-1.0,-1.0,-0.93497837,0.40266347,-20.0,1.0,160000
163060,51.12717163831039,0.5350512862205505,26.752564311027527,-1.0,-1.0,-1.0,0.44322562,-21.236777305603027,1.0,160000
201353,51.11125884339516,0.5347445011138916,26.73722505569458,-0.10602343,-1.0,-0.7707317,1.0,-20.0,1.0,160000
149749,51.1060184007897,0.5346434712409973,26.732173562049866,-1.0,-1.0,-0.73367125,1.0,-44.560779333114624,1.0,160000
167417,51.0934782940315,0.5344017148017883,26.720085740089417,0.3260628,-1.0,-0.16746187,-0.16003215,-20.0,1.0,133026
162222,51.09142535765679,0.5343621373176575,26.718106865882877,-1.0,-0.5345753,-0.89934486,0.012424707,-20.0,1.0,160000
138508,51.078878829070746,0.5341202616691589,26.706013083457947,-1.0,-0.96715206,-0.7415905,1.0,-23.239357471466064,1.0,160000
180200,51.07683203733684,0.5340808033943176,26.70404016971588,-0.76580787,-1.0,-1.0,-0.21462095,-20.0,1.0,160000
186643,51.07039481083368,0.5339567065238953,26.697835326194763,-1.0,-0.07160175,-1.0,-0.12888205,-20.0,1.0,142304
164529,51.008984908675785,0.5327728986740112,26.63864493370056,-1.0,-0.9987062,-0.4992071,1.0,-60.0,1.0,160000
140921,50.97817760994835,0.532179057598114,26.6089528799057,-1.0,-1.0,-1.0,0.28847396,-20.09862780570984,1.0,160000
150898,50.97482252938167,0.5321143865585327,26.60571932792664,-1.0,-1.0,-0.43524313,1.0,-31.24413549900055,1.0,160000
198270,50.94490754473887,0.5315377712249756,26.57688856124878,-1.0,-1.0,-0.69988286,1.0,-20.0,1.0,160000
194709,50.92699324308285,0.5311924815177917,26.559624075889587,-0.66793394,-0.7055634,-1.0,1.0,-20.0,1.0,160000
194716,50.92699324308285,0.5311924815177917,26.559624075889587,-0.5545206,-0.61061054,-1.0,1.0,-55.58169722557068,1.0,157555
194715,50.92699324308285,0.5311924815177917,26.559624075889587,-1.0,-0.6847858,-1.0,1.0,-20.0,1.0,160000
168915,50.92699324308285,0.5311924815177917,26.559624075889587,-1.0,-1.0,-1.0,1.0,-20.0,1.0,138580
168914,50.92699324308285,0.5311924815177917,26.559624075889587,-1.0,-0.84926116,-1.0,1.0,-20.0,1.0,156209
168910,50.92699324308285,0.5311924815177917,26.559624075889587,-1.0,-0.7741053,-1.0,1.0,-20.0,1.0,156827
168913,50.92699324308285,0.5311924815177917,26.559624075889587,-1.0,-1.0,-1.0,1.0,-20.0,1.0,160000
194718,50.92698087331728,0.5311922430992126,26.559612154960632,-1.0,-1.0,-1.0,1.0,-21.19450330734253,1.0,160000
168918,50.92698087331728,0.5311922430992126,26.559612154960632,-0.78457713,-0.08054471,-1.0,1.0,-26.35434627532959,1.0,160000
166363,50.867625322818206,0.5300482511520386,26.50241255760193,-1.0,-0.34025323,-0.41296571,0.8618437,-20.0,1.0,160000
168752,50.861953319835614,0.5299389362335205,26.496946811676025,-1.0,-1.0,-1.0,1.0,-20.0,1.0,160000
194553,50.861953319835614,0.5299389362335205,26.496946811676025,-1.0,-1.0,-1.0,1.0,-33.02958846092224,1.0,160000
194552,50.861953319835614,0.5299389362335205,26.496946811676025,-0.9107783,-1.0,-1.0,1.0,-20.0,1.0,152705
142956,50.861953319835614,0.5299389362335205,26.496946811676025,-1.0,-0.46553063,-1.0,1.0,-34.42457556724548,1.0,160000
117151,50.861953319835614,0.5299389362335205,26.496946811676025,-0.77155614,-1.0,-1.0,1.0,-20.972132682800293,1.0,160000
194556,50.861953319835614,0.5299389362335205,26.496946811676025,-1.0,-0.5016049,-1.0,1.0,-50.14440059661865,1.0,160000
168753,50.861953319835614,0.5299389362335205,26.496946811676025,-1.0,-1.0,-1.0,1.0,-43.67897748947144,1.0,160000
138424,50.84952981455839,0.5296995043754578,26.484975218772888,-0.22021878,-1.0,-0.87439156,-0.031464458,-58.50502371788025,1.0,160000
153438,50.84624220604191,0.5296361446380615,26.48180723190308,-1.0,-1.0,-1.0,0.4101584,-20.0,1.0,160000
179962,50.840888600303714,0.5295329689979553,26.47664844989777,-1.0,-0.30740434,-1.0,1.0,-21.791813373565677,1.2198892831802368,160000
151676,50.8352102109616,0.5294235348701477,26.471176743507385,-1.0,-1.0,-1.0,0.6592418,-20.0,1.0,119341
116687,50.78679370997093,0.5284904837608337,26.424524188041687,-1.0,-0.22762388,-1.0,0.9581844,-21.71175241470337,1.0,116877
169963,50.776073243369865,0.5282838940620422,26.414194703102112,-1.0,-1.0,-1.0,-0.7379769,-20.0,1.0,160000
190107,50.75754249739501,0.5279268026351929,26.396340131759644,-1.0,-1.0,-0.08263993,0.24775219,-20.0,1.0,160000
188783,50.73463438628711,0.5274853706359863,26.37426853179932,-1.0,-1.0,-0.40782726,1.0,-20.0,1.0,160000
181011,50.73428794445155,0.5274786949157715,26.37393474578857,-1.0,-1.0,-0.50031626,1.0,-32.81532108783722,1.0,126704
176433,50.714218790317695,0.5270919799804688,26.35459899902344,-0.023052692,-1.0,-0.38055468,1.0,-20.0,1.0,151500
181396,50.707234054036064,0.5269573926925659,26.347869634628296,-1.0,0.12837934,0.0805136,1.0,-35.0360369682312,1.0,160000
136484,50.70644215776372,0.5269421339035034,26.34710669517517,-1.0,-1.0,-0.16181922,-0.54142857,-34.289565086364746,1.0,160000
152540,50.701183450305166,0.5268408060073853,26.342040300369263,0.09177458,-1.0,-0.7092125,1.0,-60.0,1.0,160000
202590,50.67394894022471,0.5263160467147827,26.315802335739136,-1.0,-1.0,-1.0,-0.04774487,-57.90958404541016,1.0,160000
146805,50.67223824326601,0.5262830853462219,26.314154267311096,-0.19523537,-1.0,-0.34136736,1.0,-20.144143104553223,1.0,160000
136362,50.61822707700293,0.5252424478530884,26.26212239265442,-0.27628124,-1.0,-0.47306865,1.0,-58.15763831138611,1.0,160000
175421,50.606990628279775,0.5250259637832642,26.251298189163208,-1.0,-1.0,-1.0,1.0,-56.633838415145874,1.0,78063
173427,50.59582826088335,0.5248109102249146,26.240545511245728,-1.0,-1.0,0.5337316,0.71991,-60.0,1.0,150751
186901,50.57818717042391,0.5244710445404053,26.223552227020264,-1.0,-0.5728819,-1.0,0.5372571,-23.08774948120117,1.0,160000
173419,50.57489836932538,0.524407684803009,26.22038424015045,-0.058080792,-1.0,-0.40078637,1.0,-32.101845145225525,1.0,160000
118433,50.51838934753245,0.5233190655708313,26.165953278541565,-1.0,-1.0,-1.0,-0.091611624,-25.6978702545166,1.0,160000
183133,50.508274568637766,0.5231242179870605,26.156210899353027,-0.67974836,-1.0,-1.0,0.9766757,-25.92134714126587,1.0,143930
155229,50.505926088355686,0.523078978061676,26.1539489030838,-0.67332363,-1.0,-0.4160298,-0.55917406,-35.61864495277405,1.0,142625
172585,50.47731672759413,0.5225278735160828,26.126393675804135,-1.0,0.5844985,-1.0,0.2629453,-35.24299740791321,1.0,160000
175419,50.47724865294636,0.5225265622138977,26.126328110694885,-0.82219064,-1.0,-0.65059495,1.0,-38.222540616989136,1.0,160000
121820,50.46327155660133,0.5222573280334473,26.112866401672363,-0.14512312,-0.6932245,-0.39830005,1.0,-22.54944682121277,1.0,160000
178340,50.430950243613,0.5216347575187683,26.081737875938416,-1.0,0.031108618,-1.0,1.0,-30.928178429603577,1.0,160000
117533,50.40069781331515,0.5210520625114441,26.052603125572205,-1.0,-0.28290272,-1.0,0.24683893,-40.25015473365784,1.0,160000
136850,50.39894625340331,0.5210183262825012,26.05091631412506,-0.99207354,-1.0,-0.021499634,1.0,-21.945618391036987,1.0,160000
121827,50.393818429343554,0.5209195613861084,26.04597806930542,-0.63853705,-0.6624854,-0.37096846,1.0,-20.0,1.0,160000
121825,50.38149850714339,0.5206822752952576,26.03411376476288,-0.76699334,-1.0,-0.36855054,1.0,-37.294180393218994,1.0,147709
115189,50.33292237999856,0.519746720790863,25.987336039543152,-1.0,0.27932632,-0.1944229,1.0,-51.59907221794128,1.0,160000
131019,50.33169988856928,0.5197231769561768,25.98615884780884,-0.44321162,-1.0,-0.14330405,-0.41484547,-33.66305232048035,1.0,160000
116738,50.283169961647005,0.5187885761260986,25.93942880630493,-1.0,-0.000341475,-1.0,0.51470035,-41.48950934410095,1.0,148707
148158,50.28044624722652,0.5187361240386963,25.93680620193481,-0.5995485,0.21120751,-1.0,1.0,-20.0,1.0,160000
141892,50.25548973757559,0.5182555317878723,25.912776589393616,0.2258259,-1.0,-1.0,1.0,-51.63995265960693,1.0,160000
141464,50.21034421893653,0.5173861980438232,25.86930990219116,-1.0,0.0026979446,-1.0,1.0,-21.82461261749268,1.0,160000
137152,50.20875006782693,0.5173555016517639,25.8677750825882,-1.0,-1.0,-1.0,0.5449016,-31.09595477581024,1.0,160000
198072,50.14259433080112,0.516081690788269,25.80408453941345,0.30537558,-1.0,-0.8772482,1.0,-60.0,1.0,160000
166705,50.138300544853976,0.5159990191459656,25.79995095729828,-1.0,-1.0,-0.9561819,1.0,-33.275339007377625,1.0,160000
154898,50.10888416986516,0.5154326558113098,25.77163279056549,-1.0,-1.0,-0.6519784,-0.6845403,-26.638829708099365,1.0,141017
176693,50.10664894660583,0.515389621257782,25.7694810628891,-1.0,-1.0,0.008693457,0.74443567,-20.0,1.0,160000
175471,50.10007016732607,0.5152629613876343,25.763148069381717,-0.8002883,-1.0,-0.078020036,1.0,-56.66931986808777,1.0,160000
138917,50.08892789929936,0.5150484442710876,25.752422213554382,-1.0,-0.35945725,-1.0,0.7279255,-60.0,1.0,160000
188449,50.08270189961699,0.5149285793304443,25.746428966522217,-0.37672043,-1.0,-0.038608372,1.0,-20.0,1.0,125292
199525,50.07872045122764,0.5148519277572632,25.74259638786316,0.1488465,-1.0,-1.0,0.089624405,-60.0,1.0,160000
202940,49.99583874294726,0.5132563710212708,25.662818551063538,-1.0,-0.5040283,-1.0,0.91777265,-52.33204960823059,1.0,113787
132770,49.97902839159391,0.5129327774047852,25.646638870239254,-1.0,-1.0,-1.0,1.0,-20.0,1.0,160000
132774,49.97902839159391,0.5129327774047852,25.646638870239254,-0.47849667,-1.0,-1.0,1.0,-27.35289216041565,1.0,160000
158571,49.97902839159391,0.5129327774047852,25.646638870239254,-1.0,-0.7491941,-1.0,1.0,-20.0,1.0,160000
184373,49.97902839159391,0.5129327774047852,25.646638870239254,-1.0,-1.0,-1.0,1.0,-20.0,1.0,133000
148913,49.97166502893912,0.5127910375595093,25.639551877975464,-1.0,-1.0,-1.0,0.8066311,-21.824058294296265,1.0,160000
170587,49.93085550296039,0.5120055079460144,25.60027539730072,-1.0,-1.0,-0.4165948,0.9041586,-20.0,1.0,160000
192500,49.9282574119378,0.5119554996490479,25.597774982452396,-1.0,-1.0,-1.0,1.0,-20.0,1.0,160000
192503,49.9282574119378,0.5119554996490479,25.597774982452396,-1.0,-1.0,-1.0,1.0,-20.0,1.0,160000
192501,49.9282574119378,0.5119554996490479,25.597774982452396,-0.82136893,-1.0,-1.0,1.0,-20.0,1.0,160000
192507,49.9282574119378,0.5119554996490479,25.597774982452396,-1.0,-1.0,-1.0,1.0,-20.0,1.0,160000
192505,49.9282574119378,0.5119554996490479,25.597774982452396,-1.0,-0.13789964,-1.0,1.0,-20.0,1.0,150113
140904,49.9282574119378,0.5119554996490479,25.597774982452396,-1.0,-1.0,-1.0,1.0,-35.47708749771118,1.0,160000
140899,49.9282574119378,0.5119554996490479,25.597774982452396,-0.63391453,-0.8130314,-1.0,1.0,-20.0,1.0,160000
115105,49.9282574119378,0.5119554996490479,25.597774982452396,-1.0,-1.0,-1.0,1.0,-29.43139672279358,1.0,160000
166700,49.9282574119378,0.5119554996490479,25.597774982452396,-1.0,-1.0,-1.0,1.0,-20.0,1.0,160000
166703,49.9282574119378,0.5119554996490479,25.597774982452396,-1.0,-1.0,-1.0,1.0,-42.94026851654053,1.0,160000
166706,49.9282574119378,0.5119554996490479,25.597774982452396,-1.0,-0.65479654,-1.0,1.0,-20.0,1.0,160000
192508,49.92823883199148,0.5119551420211792,25.59775710105896,-0.62346834,-1.0,-1.0,1.0,-37.90611028671265,1.0,160000
115108,49.92823883199148,0.5119551420211792,25.59775710105896,-0.68162763,-1.0,-1.0,1.0,-32.24187731742859,1.0,160000
181089,49.92472411670133,0.5118874907493591,25.59437453746796,-1.0,-1.0,-0.57782626,0.60258853,-20.0,1.0,160000
137736,49.92113196672711,0.5118183493614197,25.590917468070984,-1.0,0.22488463,-1.0,1.0,-53.73560309410095,1.0,160000
194442,49.903251458971695,0.5114741921424866,25.57370960712433,-0.09717095,-1.0,-1.0,0.84295166,-56.421499252319336,1.0,156507
183135,49.78345521516268,0.5091686248779297,25.458431243896484,-1.0,-1.0,-1.0,1.0,-27.9025673866272,1.0,160000
183130,49.78345521516268,0.5091686248779297,25.458431243896484,-1.0,-1.0,-1.0,1.0,-49.38090801239014,1.0,155129
157333,49.78345521516268,0.5091686248779297,25.458431243896484,-1.0,-1.0,-1.0,1.0,-20.0,1.0,160000
131533,49.78345521516268,0.5091686248779297,25.458431243896484,-1.0,-1.0,-1.0,1.0,-60.0,1.0,160000
157337,49.78345521516268,0.5091686248779297,25.458431243896484,-1.0,-1.0,-1.0,1.0,-20.0,1.0,160000
157331,49.78345521516268,0.5091686248779297,25.458431243896484,-1.0,-1.0,-1.0,1.0,-40.99774599075317,1.0,160000
196374,49.75399312547734,0.5086016654968262,25.43008327484131,-1.0,-0.18975413,0.4507683,1.0,-55.839993953704834,1.0,160000
174930,49.74247680282868,0.5083800554275513,25.419002771377563,-0.8441233,-0.962522,-1.0,0.03126645,-20.0,1.0,160000
182850,49.69618347959231,0.5074892640113831,25.374463200569156,0.14505267,-1.0,-1.0,1.0,-30.62772750854492,1.0,160000
115815,49.69045584143757,0.5073790550231934,25.368952751159668,-0.8145052,-1.0,-1.0,1.0,-60.0,1.0,94657
179230,49.68055859452688,0.507188618183136,25.3594309091568,0.051813483,-1.0,-0.9597906,0.86327493,-20.0,1.0,126441
147619,49.66015030501606,0.5067959427833557,25.339797139167786,-1.0,-0.6193064,-0.7582219,1.0,-54.96518850326538,1.0,160000
136137,49.629168085113584,0.506199836730957,25.30999183654785,-0.11030495,-1.0,-0.38166273,-0.70112157,-23.011552095413208,1.0,113024
187039,49.61968200082097,0.5060173273086548,25.30086636543274,-1.0,-1.0,-0.93606967,0.97005486,-20.0,1.0,131940
126372,49.57390098435885,0.5051365494728088,25.25682747364044,-1.0,-1.0,-1.0,-0.68214154,-20.0,1.0,160000
158570,49.57090189184148,0.5050788521766663,25.253942608833317,-1.0,-0.49601454,-0.48690844,0.26591957,-22.771453857421875,1.2566510438919067,160000
117289,49.54840208511557,0.5046460032463074,25.23230016231537,-1.0,-1.0,-1.0,0.015337825,-31.327937841415405,1.0,90517
151002,49.54255548508543,0.5045335292816162,25.22667646408081,-0.9993211,-1.0,0.9001854,1.0,-54.71530556678772,1.0,119565
150893,49.53563988766486,0.5044004917144775,25.22002458572388,-0.52100617,-1.0,-0.38749075,1.0,-20.0,1.0,115196
166908,49.457239653612646,0.5028923749923706,25.14461874961853,-0.57758534,-1.0,-0.66195095,0.026660562,-21.198331117630005,1.0,108749
204168,49.45210189702213,0.502793550491333,25.13967752456665,-1.0,-0.8528767,0.93735003,1.0,-30.00364601612091,1.0,111047
127743,49.42999484843237,0.5023683309555054,25.11841654777527,-0.2335689,-0.6462599,-1.0,0.68361896,-25.37346363067627,1.0,160000
155839,49.40310224139533,0.5018510818481445,25.092554092407227,-1.0,0.35508353,-0.764072,1.0,-20.0,1.0,160000
148292,49.38090063013944,0.5014240741729736,25.07120370864868,-1.0,-1.0,-0.8985963,0.046412468,-45.189021825790405,1.0,160000
136368,49.37936657243976,0.5013945698738098,25.06972849369049,-0.07989943,-1.0,-0.43689585,1.0,-29.779071807861328,1.0,160000
136193,49.37729016559348,0.5013546347618103,25.067731738090515,-1.0,-1.0,-0.20912236,1.0,-27.17006206512451,1.0,160000
149547,49.37629224840405,0.5013354420661926,25.06677210330963,-0.99532425,-0.6813301,-0.20719302,-0.25016296,-20.0,1.0,160000
168428,49.35798857552621,0.5009834170341492,25.04917085170746,-1.0,-0.7135452,-0.5137968,1.0,-27.9450786113739,1.0,160000
