step,reward,score,bonus,dsp_jitter,dsp_shimmer,dsp_tilt,dsp_harmonics,dsp_threshold,dsp_ratio,dsp_bitrate
57354,73.69837241929203,0.974484384059906,48.7242192029953,0.028944612,-0.7250199,0.51953804,-0.2641374,-20.0,1.0,160000
31560,73.69812302468,0.9744794964790344,48.72397482395172,-1.0,-1.0,-0.32756507,-0.25465566,-56.07044458389282,1.0,160000
18340,73.69759686279407,0.9744691848754884,48.723459243774414,-0.50749177,-1.0,-0.7122622,-0.4193089,-28.36636424064636,1.0,160000
19311,73.69449159296707,0.9744083285331726,48.72041642665863,-0.5737165,-1.0,-0.15401703,-0.14247622,-58.512330055236816,1.0,160000
19316,73.69318378961997,0.9743826985359192,48.71913492679596,-1.0,-1.0,-0.2701875,-0.14239842,-60.0,1.0,160000
44134,73.69253292909168,0.9743699431419371,48.71849715709686,-1.0,-1.0,-0.16957265,-0.018636763,-27.880102396011356,1.0,160000
50658,73.69171174967599,0.974353849887848,48.7176924943924,0.02358222,-0.4141047,-0.5386924,-0.5710677,-48.86977851390839,1.0,160000
22965,73.69146539579809,0.9743490219116212,48.717451095581055,-1.0,-0.7200562,-1.0,-0.26567578,-42.15858101844788,1.0,138119
44921,73.69138327783332,0.9743474125862122,48.71737062931061,-1.0,-0.5334156,-0.92520124,-0.75884634,-53.106465339660645,1.0,160000
56106,73.68808030854466,0.974282681941986,48.7141340970993,-1.0,-1.0,-1.0,-0.7782635,-26.815338134765625,1.0,160000
2623,73.68643490506952,0.9742504358291626,48.71252179145813,-1.0,-1.0,-0.435189,-0.6684113,-57.67210841178894,1.0,149283
1131,73.685781001351,0.974237620830536,48.7118810415268,-1.0,-0.4436444,-0.037150323,-0.4720233,-51.26725196838379,1.0,160000
56806,73.68414776200524,0.9742056131362916,48.710280656814575,-0.6643746,-1.0,-1.0,1.0,-24.660290479660038,1.0,160000
37386,73.68410822360919,0.9742048382759094,48.71024191379547,-1.0,-1.0,1.0,-0.7857785,-20.0,1.0,160000
45114,73.68362767997581,0.9741954207420348,48.70977103710175,-1.0,-0.58527696,-0.16635203,0.061567664,-34.47534918785095,1.26699960231781,97239
57355,73.68329312422651,0.9741888642311096,48.70944321155548,-1.0,0.12024212,-1.0,0.0645439,-60.0,1.0,160000
22498,73.68124016750033,0.9741486310958862,48.70743155479431,-1.0,-1.0,-1.0,-0.14486396,-38.83742839097977,1.0,135914
26427,73.68092081852295,0.9741423726081848,48.70711863040924,-0.60502803,-0.95650274,-1.0,-0.13249388,-20.0,1.0,160000
19127,73.67995060566231,0.9741233587265016,48.70616793632507,-1.0,-1.0,-1.0,-0.6510286,-59.34105634689331,1.0,116994
45111,73.67958259378791,0.9741161465644836,48.70580732822418,-1.0,-1.0,-0.4494163,0.45187902,-34.104307889938354,1.0,160000
53739,73.67776990640002,0.9740806221961976,48.70403110980988,0.0119662285,0.013359487,-1.0,-0.3471405,-29.44677948951721,1.0,148807
11051,73.67683010654284,0.974062204360962,48.703110218048096,-1.0,-1.0,-1.0,-0.9491501,-47.74281322956085,1.0,160000
32113,73.67618228313214,0.9740495085716248,48.70247542858124,-1.0,-1.0,-0.5562775,-0.2879988,-48.33384811878204,1.0,147635
19325,73.67615491030823,0.9740489721298218,48.70244860649109,-1.0,-1.0,-1.0,-0.38380742,-21.011112928390503,1.0,160000
5254,73.67607887468466,0.9740474820137024,48.70237410068512,-0.4865728,-1.0,-1.0,-0.7041271,-29.163938760757446,1.0,118283
41157,73.67412932049713,0.9740092754364014,48.70046377182007,-1.0,-1.0,0.3485042,-0.33388764,-60.0,1.0,141862
2629,73.67321689211167,0.9739913940429688,48.69956970214844,-1.0,-0.8752754,-0.17876136,-0.48332143,-26.512407064437863,1.0,121312
39907,73.67321080925464,0.9739912748336792,48.69956374168396,-0.051415324,-1.0,1.0,-0.95255363,-55.12349367141724,1.0,160000
48294,73.67292187352825,0.9739856123924256,48.69928061962128,-1.0,-1.0,-1.0,-0.2970584,-49.76678788661957,1.0,160000
5754,73.67277284350881,0.9739826917648317,48.69913458824158,-1.0,-1.0,0.5571576,-0.88818467,-20.0,5.640202522277832,160000
57353,73.67270897349772,0.9739814400672911,48.69907200336456,-0.20848423,-0.4278835,-0.8049695,-0.6236562,-42.08714842796326,1.0,160000
42178,73.67218888906025,0.9739712476730348,48.69856238365173,-1.0,-1.0,0.2894585,-0.10542458,-43.18773865699768,1.0,160000
26934,73.67214326761315,0.973970353603363,48.69851768016815,-0.4310705,0.11904216,-1.0,-0.6733529,-60.0,1.0,160000
1871,73.67200032040675,0.9739675521850586,48.69837760925293,0.052443385,-1.0,-1.0,-0.7573931,-60.0,1.0,149816
54230,73.67197598896655,0.9739670753479004,48.69835376739502,-0.88770163,-1.0,-0.4814852,-0.43899202,-58.21186542510986,1.0,160000
41369,73.67138899289883,0.9739555716514589,48.69777858257294,-1.0,-0.3901847,-1.0,-0.690801,-20.0,1.0,154194
5752,73.67117305130513,0.9739513397216796,48.697566986083984,-1.0,-1.0,-1.0,-0.24150603,-48.85466158390045,1.0,160000
31643,73.67069554658727,0.97394198179245,48.6970990896225,-0.35772794,-1.0,-0.8040736,-0.5952409,-39.88128840923309,1.0,160000
16372,73.6706651322709,0.9739413857460022,48.69706928730011,-0.750358,-1.0,-0.9502506,0.002789773,-54.85136151313782,1.0,110887
20515,73.67059822077357,0.9739400744438172,48.69700372219086,-1.0,-0.25494188,-0.49009377,-0.45518073,-60.0,1.0,160000
45113,73.67054043356987,0.9739389419555664,48.69694709777832,-1.0,-1.0,-1.0,0.10862666,-22.537128925323486,1.0,160000
36811,73.67049177066045,0.97393798828125,48.6968994140625,-0.47453022,-1.0,-0.55442303,-0.8335364,-32.30011999607086,1.0,160000
40959,73.67048264636483,0.9739378094673156,48.69689047336578,-0.067293584,-0.13656873,-0.9421264,-0.20918229,-20.0,1.0,142305
12122,73.67044006631814,0.9739369750022888,48.69684875011444,-1.0,-1.0,-0.09712678,-0.6549196,-60.0,1.0,150183
10518,73.67010550878288,0.9739304184913636,48.696520924568176,-0.69297254,-0.6312922,-1.0,-0.5930673,-33.33064794540405,1.0,125967
22464,73.67008421875639,0.97393000125885,48.696500062942505,-1.0,-0.40512526,-1.0,-0.5168989,-20.0,1.0,160000
2132,73.66985915275069,0.9739255905151368,48.69627952575684,-1.0,-1.0,0.7796711,-0.6398217,-24.16569948196411,1.0,160000
48530,73.66959454809614,0.9739204049110411,48.69602024555206,-0.6729068,-1.0,1.0,-0.92588925,-60.0,1.0,160000
40609,73.66858479214238,0.9739006161689758,48.69503080844879,-1.0,-0.7532502,-0.5570649,-0.704921,-43.761672377586365,1.0,141551
28424,73.66854221206297,0.973899781703949,48.69498908519745,-0.5645666,-1.0,-1.0,-0.8579324,-20.0,1.0,160000
28430,73.66842663755801,0.9738975167274476,48.694875836372375,-1.0,-1.0,-1.0,-0.29869026,-20.35057663917541,1.0,99503
54229,73.668341477393,0.9738958477973938,48.69479238986969,-1.0,-1.0,-1.0,-0.8796047,-23.832767009735107,1.0,103049
40602,73.66825935865967,0.9738942384719848,48.69471192359924,-1.0,-1.0,-0.6415218,-0.5948113,-31.835025548934937,1.0,155220
60367,73.66815594988049,0.9738922119140624,48.694610595703125,-1.0,-1.0,0.053071618,-0.61825794,-55.013275146484375,1.0,160000
11020,73.66749291701696,0.9738792181015016,48.69396090507507,-1.0,-0.88851243,0.6358907,-0.87634873,-28.801803588867188,1.0,160000
31001,73.6674351297406,0.9738780856132508,48.69390428066254,-0.45050138,0.11393541,-0.46606573,0.37054724,-58.30758810043335,1.0,160000
19347,73.6674016739484,0.9738774299621582,48.69387149810791,-0.32294583,-0.57573813,-0.34108278,-0.38151973,-33.01100492477417,1.0,142248
52299,73.66642537290389,0.9738582968711852,48.69291484355927,-1.0,-1.0,0.015861273,-0.68304586,-52.30374097824097,1.0,160000
41160,73.66637366847644,0.973857283592224,48.692864179611206,-0.65084016,-1.0,-1.0,-0.65991694,-30.769023895263672,1.0,160000
18918,73.66628242536653,0.9738554954528807,48.69277477264404,-0.8950653,-0.8399825,-1.0,-0.89186263,-28.36241364479065,1.0,160000
8761,73.66627634249242,0.9738553762435912,48.692768812179565,-1.0,-1.0,-0.10676423,-0.63191783,-28.55774164199829,1.0,121196
19329,73.66617901650457,0.9738534688949584,48.692673444747925,-1.0,-0.9528695,-0.8005901,-0.3452637,-27.72682905197144,1.0,160000
37925,73.666154685007,0.9738529920578004,48.692649602890015,-0.89439446,-1.0,0.60752124,-0.65518713,-41.1251300573349,1.0,160000
15160,73.66589007995553,0.9738478064537048,48.69239032268524,-1.0,-0.96931404,-0.80726856,-0.7734863,-33.22752237319946,1.0,160000
5560,73.66570455225884,0.9738441705703736,48.69220852851868,-1.0,-0.82783675,-1.0,-0.974796,-39.801979809999466,1.0,160000
32117,73.66566501356759,0.9738433957099916,48.69216978549957,-0.74622357,-1.0,-1.0,-0.051088482,-26.842737197875977,1.0,93467
11019,73.66555552180387,0.9738412499427797,48.69206249713898,-0.9018676,-1.0,-1.0,-0.9246439,-35.49185335636139,1.0,160000
4289,73.66532437250898,0.9738367199897766,48.69183599948883,-1.0,-0.21096063,0.4928503,-0.75552464,-60.0,1.0,160000
17156,73.6651570934005,0.973833441734314,48.6916720867157,-1.0,-1.0,-0.17467117,-0.73387635,-60.0,1.0,130402
10704,73.6650871403154,0.973832070827484,48.69160354137421,-1.0,-0.844785,0.32888418,-0.56928205,-60.0,1.0,160000
23847,73.66508105743834,0.9738319516181946,48.69159758090973,-1.0,-0.97889495,-0.3788473,-0.75877047,-20.0,1.0,123447
46891,73.66498981428069,0.9738301634788512,48.691508173942566,-1.0,-1.0,-0.7827988,-0.9002408,-46.559191942214966,1.0,110240
31007,73.66489248824212,0.9738282561302184,48.691412806510925,-1.0,-1.0,-0.6433773,1.0,-46.6937667131424,1.0,160000
41370,73.66488032248702,0.9738280177116394,48.69140088558197,-0.36732292,-1.0,-0.5986176,-0.5411105,-46.57271444797516,1.0,160000
37927,73.6648347009049,0.9738271236419678,48.69135618209839,-0.5186349,-1.0,0.15509939,-0.7131567,-20.0,1.0,160000
40606,73.66474649917708,0.9738253951072692,48.69126975536346,-1.0,-0.26503664,-1.0,-0.8095087,-30.20738661289215,1.0,154246
11557,73.66471912622643,0.9738248586654664,48.69124293327332,-0.5735544,-0.73232216,-0.44395643,0.55691266,-20.0,1.0,76632
6027,73.66463092449447,0.9738231301307678,48.69115650653839,-0.0057394505,-1.0,-1.0,-0.39629522,-41.5155091881752,1.0,160000
48817,73.66446364533901,0.9738198518753052,48.69099259376526,-1.0,-1.0,-0.40708652,-0.72863615,-20.0,1.0,160000
695,73.66434198776429,0.9738174676895142,48.69087338447571,-1.0,-1.0,-0.7478628,-0.98109007,-40.86713470518589,1.0,122726
17184,73.6642446617002,0.9738155603408812,48.69077801704407,-0.98087126,-1.0,-0.94682944,-0.93178105,-53.80147457122803,1.0,160000
24480,73.66423857882106,0.9738154411315918,48.69077205657959,-1.0,-0.00012874603,-1.0,-0.8307328,-40.62324017286301,1.0,160000
47046,73.66388881324568,0.9738085865974426,48.69042932987213,-1.0,-1.0,-1.0,-0.82837903,-26.214433908462524,1.2542197704315186,160000
50750,73.66362116651106,0.9738033413887024,48.69016706943512,-1.0,-1.0,-1.0,-0.94279927,-60.0,1.0,160000
20898,73.66337480983196,0.9737985134124756,48.68992567062378,-1.0,-1.0,-1.0,-0.4398829,-20.0,1.0,160000
5333,73.66329269093346,0.9737969040870668,48.68984520435333,-1.0,-1.0,-0.9414716,-0.9170919,-20.0,1.0,160000
46698,73.66320144770971,0.9737951159477234,48.68975579738617,-0.74324673,-1.0,-1.0,-0.68119645,-23.96806240081787,1.0,149367
41558,73.66317103330104,0.9737945199012756,48.68972599506378,-0.977833,-0.9588428,-1.0,-0.7082789,-31.120738983154297,1.0,160000
15152,73.66314366033292,0.9737939834594728,48.68969917297363,-1.0,-1.0,-0.14626265,-0.72927064,-38.84291231632233,1.0,152808
1880,73.66310412160065,0.9737932085990906,48.68966042995453,-1.0,-1.0,-0.4424658,-0.9630806,-58.14353108406067,1.0,160000
30142,73.66253841351582,0.9737821221351624,48.68910610675812,-0.825922,-1.0,-1.0,-0.9732004,-60.0,1.0,160000
15671,73.66235896845109,0.9737786054611206,48.68893027305603,-1.0,-0.08083594,0.5308007,-0.9223851,-48.93469452857971,1.0,160000
30084,73.66231942970624,0.9737778306007384,48.688891530036926,-1.0,-1.0,0.33010215,-0.62496746,-48.5154664516449,1.0,110084
25385,73.66230118105457,0.97377747297287,48.68887364864349,0.0066678524,-1.0,-0.4388352,-0.9307715,-60.0,1.0,160000
55888,73.66216431616272,0.973774790763855,48.68873953819275,-0.958549,-0.051636934,-1.0,-0.6005685,-35.96052974462509,1.0,160000
4286,73.66209436299283,0.9737734198570251,48.68867099285126,0.013567805,-1.0,-1.0,-0.5409766,-60.0,1.0,160000
48262,73.66195445664714,0.9737706780433656,48.688533902168274,-1.0,-0.07153201,-1.0,-0.6592679,-20.0,1.0146734714508057,160000
19318,73.66187537914388,0.9737691283226012,48.68845641613007,-0.21613634,-0.24831927,-1.0,0.62617445,-60.0,1.0,87982
12316,73.66159860786254,0.9737637042999268,48.68818521499634,-0.39557403,-0.6615738,0.41047615,-0.66376865,-20.0,1.0,160000
60650,73.66158644209123,0.9737634658813475,48.68817329406738,-1.0,-1.0,-1.0,-0.8583388,-22.803306579589844,1.0,106243
19345,73.66154994477691,0.9737627506256104,48.68813753128052,-0.03551209,-1.0,-0.10725927,-0.24309099,-29.3532395362854,1.0,154729
12312,73.66130358789115,0.9737579226493835,48.68789613246918,-0.86720794,-1.0,-1.0,-0.49886996,-56.12030625343323,1.0,160000
1993,73.66120626170728,0.9737560153007508,48.68780076503754,-1.0,-1.0,-0.95094746,-0.19346623,-43.85886073112488,1.0,80618
9500,73.66118193016071,0.9737555384635924,48.68777692317963,-0.119984984,-0.30736703,0.30007452,-0.6977953,-38.60953077673912,1.0,160000
8428,73.66103289943277,0.9737526178359984,48.68763089179993,-1.0,-1.0,-1.0,-0.94641817,-46.11588954925537,1.0,160000
22468,73.6609933606667,0.9737518429756165,48.68759214878082,-1.0,-0.07923734,-1.0,-0.6492206,-33.51929068565369,1.0,160000
20928,73.66092949035094,0.9737505912780762,48.68752956390381,-1.0,-1.0,-0.9574299,-0.068953216,-36.90445065498352,1.0,138887
22966,73.6604428593195,0.973741054534912,48.687052726745605,-1.0,-0.34326088,0.22786793,-0.60566473,-20.0,1.0,138253
30700,73.66038203043382,0.9737398624420166,48.68699312210083,-1.0,-1.0,0.12654257,-0.934666,-46.59191012382507,1.0,160000
28425,73.6601326319869,0.973734974861145,48.68674874305725,-0.2469706,-0.96111345,0.65288,-0.8957993,-20.0,1.0,101084
45126,73.65980415594517,0.9737285375595092,48.68642687797546,-1.0,-1.0,0.26480925,-0.74666655,-58.760154247283936,1.0,160000
7100,73.65968249814084,0.9737261533737184,48.68630766868591,-1.0,-1.0,0.28152192,-0.80773145,-20.0,1.0,160000
1135,73.65959125478366,0.973724365234375,48.68621826171875,-1.0,-0.64346814,-0.9239686,-0.7181797,-31.56128346920013,1.0,122474
11554,73.65939356083155,0.9737204909324646,48.68602454662323,0.08181965,0.14762151,0.036762595,-0.29177588,-35.2896311879158,1.0,134861
5210,73.65929015168106,0.9737184643745422,48.68592321872711,0.022750854,-1.0,-1.0,0.77439535,-29.76410269737244,1.0,160000
42179,73.65918674252623,0.97371643781662,48.685821890830994,-1.0,-1.0,-1.0,0.32064798,-60.0,1.0,160000
24905,73.65918065963464,0.9737163186073304,48.68581593036652,-0.9484254,-0.6851318,-1.0,-0.8953169,-37.56176710128784,1.0,160000
9049,73.65914720373061,0.9737156629562378,48.68578314781189,-1.0,-1.0,-0.46907228,-0.85500634,-34.32173132896423,1.0,152572
56807,73.65911678927199,0.97371506690979,48.6857533454895,-1.0,-0.9183973,-1.0,0.64038783,-20.0,1.0,88162
18488,73.65902554589391,0.9737132787704468,48.68566393852234,-1.0,-1.0,-1.0,-0.89012444,-20.0,1.0,160000
16376,73.65878223020252,0.9737085103988647,48.68542551994324,-1.0,-1.0,-1.0,0.26684695,-22.38259792327881,1.0,160000
6322,73.65812527771601,0.9736956357955932,48.68478178977966,-1.0,0.059185028,-0.88041353,-0.19318983,-32.09832072257996,1.0,160000
26419,73.65801578561793,0.9736934900283812,48.68467450141907,-0.08348727,-1.0,0.92194766,-0.9247464,-20.7508385181427,1.0,113743
42176,73.6578880448307,0.9736909866333008,48.68454933166504,-1.0,-1.0,-0.7642995,-0.33587766,-59.98949527740479,1.0,134732
46728,73.65783634022446,0.9736899733543396,48.68449866771698,-1.0,-0.8257488,-1.0,-0.44549727,-32.08468437194824,1.0,159654
52226,73.6577572625893,0.9736884236335754,48.68442118167877,-1.0,-1.0,-0.8127974,-0.010998368,-25.868449211120605,1.0,160000
40903,73.65767514350395,0.9736868143081664,48.684340715408325,-1.0,-0.63742703,-1.0,-0.3269532,-36.06403708457947,1.0,160000
8063,73.65760214875911,0.973685383796692,48.6842691898346,-1.0,-1.0,-1.0,-0.60479724,-25.48168897628784,1.0,134932
59020,73.65743486912741,0.9736821055412292,48.68410527706146,-1.0,-1.0,-0.97672445,-0.513426,-60.0,1.0,160000
54443,73.65735883292744,0.97368061542511,48.68403077125549,-1.0,-0.400634,-1.0,-0.83242196,-20.0,1.0,160000
15351,73.65733450134296,0.9736801385879515,48.68400692939758,-1.0,-1.0,-1.0,-0.16941494,-39.68680202960968,1.0,160000
37353,73.65717938748622,0.973677098751068,48.683854937553406,-0.7811804,-1.0,1.0,-0.3476645,-20.0,1.0,160000
59012,73.65652851747129,0.9736643433570862,48.68321716785431,-0.30717516,-1.0,1.0,-0.6905207,-20.0,1.0,160000
49647,73.65600234672628,0.97365403175354,48.682701587677,-1.0,-1.0,-0.42500812,-0.64749783,-20.0,1.0,160000
16371,73.65571949188637,0.973648488521576,48.6824244260788,-0.29929394,-0.4867409,-0.4314577,0.20793797,-60.0,1.0,160000
2624,73.65560999968157,0.973646342754364,48.6823171377182,-0.82627106,-1.0,-0.052657485,-0.6722262,-27.15351939201355,1.0,142519
42173,73.65550050747193,0.973644196987152,48.682209849357605,-1.0,-0.6693444,0.47298288,-0.3745379,-60.0,1.0,160000
37926,73.6551203261507,0.9736367464065552,48.68183732032776,-1.0,-1.0,0.9159297,-0.66223824,-34.58363234996796,1.0,160000
56805,73.65493783909571,0.9736331701278688,48.68165850639343,-0.12649775,0.065217376,-1.0,0.35742337,-38.57939779758453,1.0,160000
14996,73.65451507736648,0.9736248850822448,48.68124425411224,-1.0,-1.0,-0.52802145,-0.5030837,-59.370925426483154,1.0,160000
33741,73.65426871977866,0.973620057106018,48.6810028553009,-1.0,-0.7095009,-0.41345733,-0.6081381,-20.0,1.0,134507
19328,73.6541592275095,0.9736179113388062,48.68089556694031,-0.21119916,-1.0,-0.054603577,-0.20293489,-60.0,1.0,143559
8067,73.65412273008536,0.9736171960830688,48.68085980415344,-1.0,-1.0,-0.8901874,-0.6178623,-60.0,1.0,142420
56809,73.65327112336912,0.9736005067825316,48.68002533912659,-1.0,-1.0,-0.603037,0.36726758,-32.2424978017807,1.0,137022
5758,73.65305213873745,0.973596215248108,48.6798107624054,-1.0,-1.0,0.15169966,-0.09194587,-60.0,1.0,160000
11675,73.6530004340299,0.9735952019691468,48.679760098457336,-1.0,-0.021005154,0.05854255,-0.46009234,-52.03631281852722,1.0,151806
20517,73.6529061489722,0.9735933542251588,48.679667711257935,-1.0,-1.0,-1.0,-0.24678361,-44.2643666267395,1.0,160000
52732,73.65278449082791,0.9735909700393676,48.679548501968384,-1.0,-0.19409335,-1.0,-0.040373743,-28.12322497367859,1.0,160000
42303,73.65267195703909,0.973588764667511,48.67943823337555,-1.0,-1.0,-0.042277604,-0.37703633,-20.0,1.0,160000
30200,73.65225527783043,0.9735805988311768,48.67902994155884,-1.0,-0.7890488,-1.0,-0.9081606,-22.39421129226685,1.0,160000
22562,73.65206062474533,0.9735767841339112,48.67883920669556,-1.0,-0.836304,-0.8110301,-0.7530717,-20.0,1.0,120095
27641,73.65191463492144,0.973573923110962,48.678696155548096,-1.0,-0.59520316,0.0047177672,-0.7339144,-22.254587411880493,1.0,160000
3773,73.65184164000627,0.9735724925994872,48.678624629974365,-1.0,-1.0,-1.0,-0.602478,-60.0,1.0,160000
56802,73.65171389889949,0.9735699892044068,48.67849946022034,-1.0,-1.0,-0.57732916,0.16709739,-37.050065994262695,1.0,160000
32124,73.65123334896242,0.9735605716705322,48.67802858352661,-1.0,-0.26361346,-1.0,-0.71892947,-37.60412037372589,1.0,129901
36819,73.65123030750684,0.9735605120658876,48.67802560329437,-1.0,-0.02633512,-0.4242009,-0.6537318,-20.0,1.0,154035
31010,73.65110256636842,0.9735580086708068,48.67790043354034,-1.0,-1.0,-0.51373273,1.0,-22.96995639801025,1.0,160000
4507,73.6506007261178,0.973548173904419,48.67740869522095,-1.0,-1.0,-0.53677887,-0.8476048,-58.14332723617554,1.0,113993
24857,73.65056118718462,0.9735473990440368,48.67736995220184,-1.0,-1.0,-1.0,-0.48985183,-48.08744192123413,1.0,160000
57922,73.65049731659892,0.9735461473464966,48.67730736732483,-1.0,-1.0,-1.0,-0.3231787,-22.362523078918457,1.0,160000
13810,73.65010496867909,0.9735384583473206,48.67692291736603,-1.0,-1.0,0.53475714,-0.5723373,-20.0,1.0,160000
11559,73.64963354280144,0.9735292196273804,48.67646098136902,-0.8667054,-0.19931555,0.04890883,-0.17297474,-60.0,1.0,160000
25461,73.64955750636113,0.973527729511261,48.67638647556305,-0.10994691,0.05511278,-0.5799913,-0.8644823,-60.0,1.0,160000
18489,73.6495514234458,0.9735276103019714,48.67638051509857,-1.0,-0.002426505,-1.0,-0.9020498,-31.41598105430603,1.0,160000
13808,73.64944801388296,0.9735255837440492,48.67627918720245,-1.0,-0.41757876,-1.0,-0.49787953,-60.0,1.0,132317
40835,73.64918948995691,0.9735205173492432,48.67602586746216,-1.0,-1.0,-1.0,-0.8598962,-52.8351092338562,1.0,160000
38112,73.64906174871285,0.9735180139541626,48.67590069770813,-0.19724512,-0.8431113,-0.7134905,-0.33106422,-53.55462670326233,1.0,160000
26430,73.64853557637598,0.9735077023506165,48.67538511753082,-1.0,-1.0,0.6962529,-0.31848687,-40.61758816242218,1.0,85543
7949,73.64846866427885,0.9735063910484314,48.67531955242157,-1.0,-1.0,-1.0,-0.77601564,-29.943562746047974,1.0,108841
55377,73.648404793639,0.9735051393508912,48.67525696754456,-1.0,-0.3289742,-1.0,-0.53002995,-20.0,1.0,160000
9494,73.64801852830558,0.9734975695610046,48.67487847805023,-0.57561946,-1.0,-1.0,-0.28185308,-23.44676971435547,1.0,160000
22580,73.64756230932998,0.9734886288642884,48.67443144321442,-1.0,-0.16156721,-0.4627579,-0.87116253,-20.0,1.0,160000
22578,73.64726728768085,0.9734828472137452,48.674142360687256,-1.0,-1.0,-1.0,-0.81802046,-26.546313762664795,1.0,120907
11241,73.6471638780223,0.9734808206558228,48.67404103279114,-1.0,-0.22704613,-0.6421605,-0.72241855,-21.18624687194824,1.0,160000
27971,73.64710000734866,0.9734795689582824,48.67397844791412,-1.0,-0.18675107,-0.40442434,-0.08856332,-53.10532212257385,1.0,160000
45146,73.64664682966449,0.9734706878662108,48.67353439331055,-1.0,-1.0,-1.0,0.14401573,-28.3781373500824,1.0,160000
5846,73.64607503488381,0.9734594821929932,48.67297410964966,-1.0,-1.0,-0.64913726,-0.23446125,-35.13404607772827,1.0,160000
6328,73.64580434475525,0.9734541773796082,48.67270886898041,-0.058789074,-1.0,-0.23784631,-0.84684294,-27.255152463912964,1.0,148661
4397,73.64548194973193,0.973447859287262,48.6723929643631,-0.2198025,-1.0,-0.31687182,-0.8361503,-20.0,1.0,160000
17150,73.64532075220447,0.9734447002410888,48.67223501205444,-0.4908718,-0.26539123,-1.0,-0.8435373,-40.51868915557861,1.0,160000
20868,73.6452507985572,0.973443329334259,48.67216646671295,-0.0755409,-1.0,-1.0,-0.44962654,-28.482587337493896,1.0,160000
9007,73.64518692783406,0.9734420776367188,48.67210388183594,-0.6338078,-1.0,-0.38471553,-0.12759173,-20.0,1.0,131344
36815,73.64515347174031,0.9734414219856262,48.67207109928131,-0.073261976,-0.8142427,-1.0,-0.98478246,-20.0,1.0,160000
23872,73.64510176686728,0.973440408706665,48.67202043533325,-1.0,-1.0,-0.5577485,-0.79744536,-32.36788034439087,1.0,160000
13802,73.64500444004452,0.9734385013580322,48.67192506790161,-0.9894327,-0.9221629,-0.46187016,-0.7331239,-20.0,1.0,160000
15024,73.64455430343926,0.9734296798706056,48.67148399353027,-1.0,-1.0,0.37969828,-0.53116804,-37.82383561134338,1.0,160000
10068,73.64401596428327,0.9734191298484802,48.67095649242401,-1.0,-1.0,-0.2383706,-0.91503465,-44.7257262468338,1.0,131504
33098,73.64389734716531,0.973416805267334,48.6708402633667,-1.0,-1.0,-1.0,-0.5520116,-60.0,1.0,160000
7946,73.6438608495894,0.9734160900115968,48.67080450057984,-1.0,-0.22954375,0.13740444,-0.80721855,-44.55332636833191,1.0,160000
21093,73.64380914468929,0.9734150767326356,48.670753836631775,-1.0,-0.23781192,-0.07218391,-0.6040387,-60.0,1.0,91647
444,73.64334380053941,0.9734059572219848,48.67029786109924,-0.3486641,-0.1776849,-0.6519499,-0.6608758,-31.245709657669067,1.0,143318
55378,73.64332555174744,0.9734055995941162,48.67027997970581,-1.0,-0.17188042,-0.3354671,-0.56759375,-31.126331090927124,1.0,160000
59518,73.64317043701017,0.9734025597572328,48.67012798786163,-0.7563471,-1.0,-1.0,-0.95360905,-20.0,2.2531250715255737,160000
20519,73.6428419587108,0.9733961224555968,48.669806122779846,-1.0,-1.0,-1.0,-0.20485303,-34.275243282318115,1.0,160000
30234,73.64282370991512,0.9733957648277284,48.669788241386414,-1.0,-1.0,-1.0,-0.7045583,-20.0,1.0,160000
16380,73.64264122195078,0.9733921885490416,48.66960942745209,-1.0,-1.0,-0.935144,-0.69954133,-26.19052767753601,1.0,160000
32142,73.64239182171102,0.9733873009681702,48.66936504840851,-1.0,-0.8520373,-0.48926508,-0.46848583,-28.254990577697757,1.0,149408
50273,73.64237965584502,0.9733870625495912,48.66935312747955,-1.0,-0.9630163,0.62351406,-0.9125256,-60.0,1.0,160000
2628,73.6420815921093,0.9733812212944032,48.66906106472016,-1.0,-0.76131773,-0.32050166,-0.17428789,-55.48088550567627,1.0,160000
39666,73.64202380423801,0.9733800888061525,48.66900444030762,-1.0,-1.0,0.8042044,-0.6947733,-47.4193012714386,1.0,133820
10069,73.64201163837019,0.9733798503875732,48.66899251937866,-1.0,-1.0,-1.0,-0.19428073,-36.5546378493309,1.0,160000
49675,73.64187781382029,0.9733772277832032,48.66886138916016,-1.0,-0.820771,0.41872275,-0.9258918,-24.86743688583374,1.0,160000
8430,73.64184435768168,0.9733765721321106,48.66882860660553,-1.0,-1.0,-0.660732,-0.9450551,-49.99288201332092,1.0,160000
2842,73.64127256178797,0.9733653664588928,48.66826832294464,-1.0,-1.0,-1.0,-0.7634803,-49.71987426280975,1.0,160000
33719,73.64055477526573,0.9733512997627258,48.66756498813629,0.034712672,-1.0,-1.0,-0.36575022,-20.0,1.0,160000
32144,73.64013201107227,0.973343014717102,48.6671507358551,-1.0,-1.0,-1.0,-0.351776,-20.0,1.0,160000
26563,73.64006509874723,0.973341703414917,48.66708517074585,-0.56507653,-1.0,-1.0,-0.37584478,-20.0,1.0,160000
11678,73.64001035229813,0.973340630531311,48.66703152656555,-1.0,-1.0,1.0,-0.8362218,-21.166200637817383,1.0,151411
26683,73.64001035229813,0.973340630531311,48.66703152656555,-1.0,-1.0,0.68534374,-0.787564,-20.0,1.0,150847
35736,73.63987348617006,0.973337948322296,48.66689741611481,-0.7080717,-1.0,-1.0,-0.03600788,-60.0,1.0,160000
42644,73.6396940394573,0.9733344316482544,48.66672158241272,-1.0,-1.0,-1.0,-0.28372574,-41.07574284076691,1.0,160000
57942,73.6396940394573,0.9733344316482544,48.66672158241272,-1.0,-0.6302633,-0.959716,-0.32353246,-30.878316164016724,1.0,160000
38539,73.63806989403962,0.9733026027679444,48.66513013839722,-1.0,-1.0,0.21835291,-0.2890946,-20.0,1.0,160000
55999,73.6380577281523,0.9733023643493652,48.66511821746826,-1.0,-1.0,-1.0,-0.6902152,-23.22713851928711,1.0,87207
27977,73.63794823516378,0.9733002185821532,48.66501092910767,-1.0,-1.0,-0.13060209,0.020506933,-20.0,1.0,154449
45118,73.63765929530962,0.9732945561408995,48.66472780704498,-0.8861026,-1.0,-0.9084619,1.0,-20.0,1.0,160000
22321,73.63743118487453,0.9732900857925416,48.66450428962708,-1.0,-0.16292667,-0.42495778,-0.060555488,-60.0,1.0,160000
35457,73.63689892711061,0.9732796549797058,48.66398274898529,-0.5911938,-1.0,-0.48599735,-0.63302016,-59.24233675003052,1.0,160000
27934,73.63689892711061,0.9732796549797058,48.66398274898529,-1.0,-1.0,-1.0,-0.8418726,-22.65190839767456,1.0,124174
53444,73.63623284437567,0.9732666015625,48.663330078125,-1.0,-1.0,-0.7407166,-0.82708377,-26.54891967773437,1.0,160000
59592,73.63612943425457,0.9732645750045776,48.66322875022888,-0.21499133,-1.0,-1.0,-0.15870482,-20.0,1.0,160000
21680,73.63576445732193,0.9732574224472046,48.66287112236023,-1.0,-0.49777243,-0.6134391,-0.7308676,-54.566617012023926,1.0,160000
27644,73.63556371998595,0.9732534885406494,48.66267442703247,-1.0,-1.0,-1.0,-0.81645507,-53.67363095283508,1.0,160000
42628,73.6353568996833,0.9732494354248048,48.66247177124024,-0.88884914,-1.0,-0.29027903,-0.51232105,-48.68012189865112,1.0,148151
48662,73.63500408853878,0.9732425212860109,48.66212606430054,-0.5232905,-1.0,-1.0,-0.45625305,-20.0,1.0,160000
15039,73.63498279820948,0.9732421040534972,48.66210520267487,-0.87019527,-1.0,-0.65502596,-0.34646744,-60.0,1.0,160000
28484,73.63498279820948,0.9732421040534972,48.66210520267487,-1.0,-0.116511464,-0.24309462,-0.618415,-38.2805010676384,1.0,155897
4391,73.63483680737502,0.973239243030548,48.661962151527405,-1.0,-0.90588516,0.73230404,-0.675854,-20.0,1.0,142107
26434,73.63478510228575,0.9732382297515868,48.66191148757935,-1.0,-0.83702046,-0.42170113,-0.9437597,-30.579270124435425,1.0,160000
23783,73.63394869627925,0.9732218384742736,48.66109192371368,-0.47511023,-0.90760624,-1.0,-0.8497143,-49.83071446418762,1.0,160000
17154,73.63392740594084,0.9732214212417604,48.66107106208801,-1.0,-1.0,-0.871603,-0.37293163,-42.91542440652847,1.0,119622
15755,73.63350768208889,0.9732131958007812,48.66065979003906,-1.0,-1.0,-0.8208181,-0.39302412,-49.063937067985535,1.0,160000
33712,73.63350768208889,0.9732131958007812,48.66065979003906,-1.0,-1.0,-0.6046401,0.7527995,-35.7646581530571,1.0,160000
27976,73.63303929451759,0.9732040166854858,48.66020083427429,-1.0,-0.32145345,-1.0,-0.41098762,-48.74692499637604,1.0,160000
45119,73.63282030809009,0.973199725151062,48.6599862575531,-1.0,-1.0,-1.0,1.0,-53.134355545043945,1.0,160000
14998,73.63258307277171,0.9731950759887696,48.65975379943848,-0.8462714,-0.8164061,-1.0,0.031351663,-34.53117847442627,1.0,160000
45129,73.63232454707824,0.9731900095939636,48.65950047969818,-1.0,-0.8025793,-1.0,0.20311305,-20.0,1.0,160000
32146,73.63213597537886,0.9731863141059875,48.65931570529938,0.12801313,-1.0,-0.12868154,-0.42469907,-41.02313160896301,1.0,160000
26428,73.63209947762893,0.9731855988502502,48.65927994251251,-1.0,-0.38640234,-0.46690428,-0.72129834,-20.0,1.0,145040
6343,73.63188657407687,0.973181426525116,48.6590713262558,-1.0,-0.16106027,-1.0,-0.35190997,-23.89341711997986,1.0,103516
46898,73.63136343955665,0.9731711745262146,48.65855872631073,0.026499987,-0.22631389,-1.0,-0.7233257,-48.38893592357636,1.0,128061
2177,73.63084030492543,0.9731609225273132,48.65804612636566,-0.9534484,-1.0,-1.0,-0.43733066,-60.0,1.0,160000
2362,73.63083422196394,0.9731608033180236,48.658040165901184,-0.33837616,-1.0,1.0,-0.83491683,-25.75275659561157,1.0,125840
2469,73.63071864569295,0.9731585383415222,48.65792691707611,-1.0,-1.0,0.16000962,-0.56455696,-60.0,1.0,160000
11552,73.63060915237861,0.9731563925743104,48.65781962871552,-1.0,-1.0,-0.9460298,-0.2940307,-59.78880167007446,1.0,160000
47476,73.63011947388549,0.9731467962265016,48.65733981132507,-1.0,-0.0009573698,-0.30826318,-0.45614588,-27.24548816680908,1.0,160000
33716,73.62988223830726,0.973142147064209,48.65710735321045,-0.5732802,-0.32625407,-0.46979493,0.36290672,-20.0,1.0,160000
18884,73.62970279086755,0.9731386303901672,48.65693151950836,-0.25186902,-0.67952013,0.5592094,-0.9743265,-34.8705130815506,1.0,160000
40332,73.62962371233064,0.9731370806694032,48.65685403347016,-1.0,-1.0,-0.8574126,-0.22246972,-33.590251207351685,1.0,160000
54682,73.6295902560258,0.9731364250183104,48.65682125091553,-1.0,-1.0,-0.97221756,0.10830188,-54.60671544075012,1.0,160000
5845,73.62927698333122,0.9731302857398988,48.65651428699493,-1.0,-0.6824707,0.0948171,-0.94432193,-60.0,1.0,134484
44648,73.6292191951599,0.973129153251648,48.6564576625824,-1.0,-0.9285532,-0.6582793,-0.8987156,-22.290191650390625,1.0,160000
34805,73.62897283504597,0.9731243252754213,48.65621626377106,-1.0,-1.0,-0.18408722,-0.05832109,-38.25621485710144,1.0,97761
60786,73.62892721279995,0.9731234312057496,48.65617156028748,-1.0,-1.0,-1.0,-0.06372285,-54.995625019073486,1.0,160000
19503,73.62852269551495,0.9731155037879944,48.65577518939972,-1.0,-0.60974896,-1.0,-0.7535982,-22.33040690422058,1.0,160000
26568,73.62837974578181,0.97311270236969,48.6556351184845,-0.026005507,-1.0,-1.0,-0.35646194,-43.63251745700836,1.0,133842
18579,73.62834020649248,0.973111927509308,48.65559637546539,-1.0,-0.3363639,-0.40430015,-0.47748727,-41.854152381420135,1.0,160000
30144,73.62798131137554,0.9731048941612244,48.65524470806122,-0.31173903,-1.0,0.488263,-0.83286875,-28.438291549682617,1.0,160000
22099,73.62792960614252,0.9731038808822632,48.65519404411316,-1.0,-1.0,-1.0,-0.76280785,-60.0,1.0,160000
31813,73.62771061926125,0.9730995893478394,48.65497946739197,-0.43685102,-0.9190107,-1.0,-0.6075175,-40.968870520591736,1.0,160000
2180,73.62767716293047,0.9730989336967468,48.65494668483734,-0.5865042,-1.0,-1.0,0.09248859,-33.39586973190308,1.0,160000
11234,73.62740038781284,0.9730935096740724,48.65467548370361,-0.4422263,-1.0,-0.6047562,-0.93521535,-36.4836448431015,1.0062301754951477,120293
8641,73.62727264544039,0.9730910062789916,48.65455031394959,-1.0,-1.0,-1.0,-0.9129486,-38.04088115692139,1.0,160000
28888,73.62680729817045,0.9730818867683412,48.65409433841705,-0.56648827,0.011340022,-1.0,0.1504264,-60.0,1.0,160000
50709,73.62611688081729,0.973068356513977,48.65341782569885,-0.7692663,-1.0,-1.0,-0.3632247,-54.481496810913086,1.0,160000
42987,73.62609254892467,0.9730678796768188,48.65339398384094,-1.0,-1.0,0.9275099,-0.76009053,-45.00115275382996,1.0,121665
33713,73.62605300959865,0.9730671048164368,48.65335524082184,-1.0,-1.0,-1.0,-0.20507708,-26.407331228256226,1.0,160000
47478,73.62580360768139,0.9730622172355652,48.65311086177826,-0.614378,-1.0,-0.8247148,-0.82933795,-20.0,1.0,98183
37358,73.62578840024659,0.9730619192123412,48.653095960617065,-1.0,-0.97501373,-0.74673784,0.23171946,-22.520527839660645,1.0,160000
10146,73.62578231727265,0.9730618000030518,48.65309000015259,-1.0,-1.0,-1.0,-0.844516,-60.0,1.0,160000
6493,73.62576406835073,0.9730614423751832,48.65307211875916,-0.85768867,-1.0,-1.0,-0.79533607,-26.97361707687378,1.0,160000
41085,73.62506756772973,0.9730477929115297,48.65238964557648,-1.0,-1.0,-0.99802,-0.94937813,-20.0,1.0,160000
24519,73.6249641571404,0.9730457663536072,48.65228831768036,-1.0,-1.0,-1.0,-0.7739272,-51.15061521530152,1.0,160000
14846,73.62490028589188,0.9730445146560668,48.65222573280335,-1.0,-1.0,-0.79979813,-0.5632355,-29.94195818901062,1.0,160000
6315,73.62472083808957,0.9730409979820251,48.65204989910126,-1.0,0.105929375,1.0,-0.94902015,-56.78052067756653,1.0,160000
46316,73.62445014561732,0.97303569316864,48.65178465843201,-1.0,-1.0,-1.0,-0.0958693,-60.0,1.0,160000
6316,73.62411254035746,0.97302907705307,48.6514538526535,-1.0,-1.0,-1.0,0.18272668,-20.0,1.0,160000
50703,73.62360461163614,0.9730191230773926,48.65095615386963,-1.0,0.5370585,-1.0,-0.79491645,-60.0,1.0,160000
53771,73.62335216798124,0.9730141758918762,48.65070879459381,-1.0,-1.0,-0.03529167,0.271069,-60.0,1.0,160000
45309,73.6233217530813,0.9730135798454284,48.65067899227142,-1.0,-0.31311846,-0.9179676,-0.74317455,-58.65375757217407,1.0,160000
28269,73.62302368704216,0.9730077385902404,48.65038692951202,-0.4724955,-1.0,-1.0,-0.44686675,-44.95793342590332,1.0,160000
50723,73.62296589872427,0.9730066061019896,48.65033030509949,-0.89448977,-0.41860986,-1.0,-0.85486835,-20.0,1.0,160000
48529,73.6227925337625,0.9730032086372375,48.65016043186188,-1.0,-0.50168896,-1.0,-0.32018244,-46.42187058925629,1.0,160000
51388,73.62247013573099,0.9729968905448914,48.64984452724457,-1.0,-0.9835848,-0.7988658,-0.7030807,-20.0,1.0,142437
16432,73.6221994430116,0.9729915857315063,48.64957928657532,-1.0,-1.0,-0.6466282,-0.6935459,-29.268985986709595,1.0,160000
16829,73.62167022345184,0.9729812145233154,48.64906072616577,-1.0,-1.0,-1.0,-0.53054327,-31.740312576293945,1.0,160000
59513,73.62131132736391,0.972974181175232,48.6487090587616,-1.0,-1.0,-1.0,0.19570369,-20.0,1.0,160000
10087,73.62100109511022,0.9729681015014648,48.64840507507324,-0.6484656,-1.0,-1.0,-0.6238721,-29.19113039970398,1.069030523300171,160000
49252,73.61988486697243,0.9729462265968324,48.647311329841614,-1.0,-1.0,1.0,-0.89983344,-22.279419898986816,1.0,155571
50317,73.61970541880503,0.9729427099227904,48.647135496139526,-0.98434377,-1.0,-1.0,-0.7516833,-23.12748432159424,1.0,160000
22138,73.61951076315103,0.9729388952255248,48.646944761276245,-1.0,-1.0,-1.0,0.10201376,-20.0,1.0,160000
46336,73.61937085439023,0.9729361534118652,48.64680767059326,-0.75333697,-1.0,-0.9515855,-0.737416,-20.0,1.0,160000
1702,73.61916403272929,0.9729321002960204,48.64660501480103,-0.39213562,-1.0,-1.0,-0.8797771,-43.25156480073929,1.0,160000
18532,73.61898458450939,0.9729285836219788,48.64642918109894,-1.0,-1.0,-1.0,-0.7714772,-41.14822864532471,1.0,160000
37380,73.61878992879848,0.9729247689247132,48.64623844623566,-1.0,-0.022029161,0.20995599,-0.96679676,-21.63701295852661,1.0,160000
61091,73.6184036588266,0.9729171991348268,48.64585995674133,-0.0632748,-1.0,-1.0,-0.20605677,-29.979761838912964,1.0,160000
28268,73.61839757583442,0.9729170799255372,48.645853996276855,-1.0,-1.0,-0.017552555,-0.52408755,-31.918110251426697,1.0,160000
19585,73.61828504047662,0.9729148745536804,48.64574372768402,-1.0,-0.4301651,-0.6328624,-0.6838764,-29.143307209014893,1.0,160000
35950,73.61820292007715,0.9729132652282716,48.64566326141357,-0.95122886,-1.0,-0.12672365,-0.61623454,-37.42376089096069,1.0,144674
44514,73.61809950919984,0.9729112386703492,48.645561933517456,-1.0,-0.4280132,0.1632846,-0.83915555,-20.23702383041382,1.0,160000
31055,73.6172691805277,0.9728949666023254,48.64474833011627,-0.27597398,-0.89168,-1.0,-0.50376517,-40.97518563270569,1.0,160000
31175,73.61686770282765,0.9728870987892152,48.644354939460754,-1.0,-0.55530167,0.02762711,-0.9340474,-41.097652316093445,1.0,160000
59516,73.61683120485168,0.9728863835334778,48.64431917667389,-0.68961537,-1.0,0.25035858,-0.113303125,-33.80377769470215,1.0,100851
10064,73.61646318356372,0.97287917137146,48.643958568573,-1.0,-0.333849,-1.0,-0.09192839,-42.72854268550873,1.0,149370
1134,73.6159217967758,0.97286856174469,48.6434280872345,-0.8194951,-1.0,-0.8227991,0.33415225,-60.0,1.0,160000
6751,73.61581838580278,0.9728665351867676,48.64332675933838,-0.15476424,-1.0,-1.0,-0.7970785,-60.0,1.0,160000
29827,73.61561156384371,0.9728624820709229,48.64312410354614,-1.0,-1.0,-1.0,-0.8767201,-40.73427140712738,1.0,160000
6680,73.61486335484685,0.972847819328308,48.642390966415405,-0.99971265,-1.0,0.714892,-0.84990835,-21.27939224243164,1.0,160000
2462,73.61472040432159,0.9728450179100036,48.64225089550018,-1.0,-0.45517904,-0.5233522,-0.7466665,-48.645334243774414,1.0,135933
57944,73.61442537874326,0.9728392362594604,48.64196181297302,-0.3450368,-1.0,-1.0,-0.063892424,-20.0,1.0,160000
16047,73.61357375831903,0.9728225469589232,48.64112734794617,-1.0,0.22954714,-1.0,-0.5733201,-20.0,1.0,160000
26684,73.6132574420865,0.9728163480758668,48.640817403793335,-1.0,-0.37151638,-0.95893353,-0.473148,-30.094114542007446,1.0,160000
37351,73.61318140452457,0.9728148579597472,48.640742897987366,-1.0,-1.0,-0.87016535,0.60370445,-40.29821038246155,1.0,92200
33715,73.61294112581338,0.97281014919281,48.6405074596405,-1.0,-1.0,-1.0,0.9289496,-49.257352352142334,1.0,160000
36859,73.61289550327064,0.9728092551231384,48.64046275615692,-0.04103875,-0.6111021,-1.0,-0.42221168,-48.81955444812775,1.0,160000
13803,73.61259439446734,0.9728033542633056,48.64016771316528,-0.1681701,-0.67575467,0.610836,-0.14160246,-27.31990456581116,1.0,160000
33720,73.61186443357934,0.9727890491485596,48.63945245742798,-1.0,-1.0,-1.0,0.9233444,-20.0,1.0,160000
31648,73.61160590571299,0.9727839827537536,48.63919913768768,-0.429686,-1.0,-1.0,-0.7873635,-46.57814681529999,1.0,160000
18573,73.61135650233386,0.972779095172882,48.6389547586441,-1.0,-0.085951686,-1.0,-0.67362463,-56.04215145111084,1.0,157473
1704,73.6111953025754,0.972775936126709,48.63879680633545,-1.0,-1.0,-1.0,-0.83877087,-41.67605549097061,1.0,160000
10763,73.61099456323876,0.9727720022201538,48.63860011100769,-0.21784657,-1.0,-1.0,-0.7389728,-37.95839414000511,1.0,133564
59514,73.61091548410167,0.9727704524993896,48.63852262496948,-0.20628333,-1.0,1.0,-0.44494927,-35.48217684030533,1.0,109668
40836,73.61087898603753,0.9727697372436525,48.63848686218262,-1.0,-1.0,-1.0,-0.15539673,-45.32236158847809,1.0,92450
28883,73.6108333634566,0.9727688431739808,48.63844215869904,-0.5908563,-1.0,-1.0,-0.14260334,-20.0,1.0,85285
23351,73.61074211829222,0.9727670550346376,48.63835275173187,-0.19180983,-1.0,0.83861333,-0.72670406,-20.0,1.0,160000
55380,73.6100121568555,0.9727527499198914,48.63763749599457,-1.0,-1.0,-0.25236285,-0.50929385,-60.0,1.0,148133
26424,73.60982662495587,0.97274911403656,48.637455701828,-0.7380764,-0.081110835,-0.70559895,-0.72713387,-20.0,1.0,160000
12732,73.60980229290243,0.972748637199402,48.63743185997009,-0.35126,-1.0,-0.5188608,-0.13234915,-20.801210403442383,1.0,147607
20153,73.60974450427452,0.9727475047111512,48.63737523555756,-1.0,-1.0,-1.0,-0.8664707,-21.48958444595337,1.0,160000
10629,73.60920007450304,0.9727368354797364,48.636841773986816,-0.35358167,-1.0,-1.0,-0.8418077,-60.0,1.0,87878
19348,73.60836365981524,0.9727204442024232,48.63602221012116,-1.0,-0.8407817,0.90339583,-0.21903554,-39.03464168310165,1.0,138115
54688,73.60805342593156,0.972714364528656,48.6357182264328,-0.00674212,-0.9267199,-1.0,-0.65250117,-33.881415128707886,1.0,160000
30085,73.60755157691939,0.972704529762268,48.6352264881134,-0.4314856,-0.34641385,-1.0,0.12211715,-20.0,1.0,160000
36312,73.60753636937197,0.9727042317390442,48.63521158695221,-0.30900192,-1.0,-1.0,0.1023016,-33.04340302944183,1.0,140919
33742,73.60676990886046,0.9726892113685608,48.63446056842804,-0.81419855,-1.0,0.5676515,-0.52307963,-20.0,1.0,160000
27939,73.60590611974422,0.9726722836494446,48.63361418247223,-1.0,-1.0,0.011234224,-0.93248796,-20.0,1.0,160000
43698,73.60557459496776,0.972665786743164,48.6332893371582,-1.0,-1.0,-0.70467234,-0.81742036,-42.96256840229034,1.0,160000
28043,73.60480813384589,0.9726507663726808,48.63253831863403,-1.0,-1.0,0.6558658,-0.59380275,-53.73891115188599,1.0,130971
2878,73.60404167248554,0.9726357460021972,48.63178730010986,-0.7383603,-1.0,-0.7181199,-0.7127321,-60.0,1.0,160000
27980,73.60384093256603,0.972631812095642,48.6315906047821,-0.8147346,-1.0,0.7431494,-0.49369025,-30.956865549087524,1.0,160000
14028,73.6031109690845,0.972617506980896,48.6308753490448,-1.0,-0.9993873,-0.6510727,-0.30577648,-23.77277135848999,1.0,160000
22322,73.60291022908915,0.9726135730743408,48.63067865371704,-1.0,-0.20417249,-1.0,0.117991656,-55.2266013622284,1.0,158247
12856,73.6027520702934,0.9726104736328124,48.63052368164063,-1.0,-1.0,-0.21556222,-0.8307466,-52.605546712875366,1.0,139831
28481,73.60204643861948,0.9725966453552246,48.62983226776123,-0.10786921,-0.67154646,-1.0,-0.8406694,-20.0,1.0,160000
12076,73.60157500355227,0.9725874066352844,48.62937033176422,-1.0,-1.0,0.38844055,-0.43685853,-20.0,1.0,160000
16628,73.60151113169752,0.972586154937744,48.62930774688721,-1.0,-1.0,-1.0,-0.5812916,-20.0,1.0,160000
56794,73.60066558984512,0.9725695848464966,48.62847924232483,-1.0,-0.97285724,-0.38576776,-0.8677377,-27.891923189163208,1.0,160000
14182,73.6004283514315,0.972564935684204,48.628246784210205,-1.0,0.022839367,-0.05611962,-0.8096907,-41.34135782718658,1.0,160000
38117,73.59996299909228,0.9725558161735536,48.62779080867767,-1.0,-0.3137203,-1.0,0.072279096,-20.942307710647583,1.0,160000
18912,73.59987175352526,0.9725540280342102,48.62770140171051,-1.0,-1.0,-1.0,-0.52727485,-27.274004220962524,1.0,160000
1730,73.599543269456,0.9725475907325744,48.62737953662872,-0.24901158,-0.39346415,-1.0,-0.79335624,-31.026390194892883,1.0,151707
16289,73.59924824206016,0.9725418090820312,48.62709045410156,-1.0,0.055131555,-1.0,-0.5494119,-38.97080808877945,1.0,160000
2360,73.59904750175,0.972537875175476,48.62689375877381,-1.0,-0.0736441,0.67692,-0.83216095,-20.0,1.0,114874
19313,73.59904750175,0.972537875175476,48.62689375877381,-1.0,-1.0,0.46532965,0.5828178,-60.0,1.0,160000
36206,73.59889846726671,0.972534954547882,48.6267477273941,-1.0,-1.0,-0.43205923,-0.45412853,-38.14848721027374,1.0,160000
20369,73.59780960280906,0.9725136160850524,48.62568080425263,-1.0,-1.0,0.18767363,-0.80494624,-55.23537397384644,1.0,160000
17999,73.5975966962946,0.9725094437599182,48.62547218799591,-1.0,-1.0,-0.2892028,-0.74066,-54.33513641357422,1.0,160000
14056,73.59745374476742,0.9725066423416138,48.62533211708069,-1.0,-0.41747385,-0.51672405,0.15309238,-46.93338632583618,1.0,160000
37763,73.59718304929959,0.9725013375282288,48.62506687641144,-1.0,-1.0,-0.6194451,-0.1884144,-22.47412323951721,1.0,160000
19121,73.59701272404617,0.9724979996681212,48.62489998340607,-0.37741292,-1.0,0.47067904,-0.19901687,-30.37377238273621,1.0,102748
10193,73.59625842635363,0.972483217716217,48.62416088581085,-1.0,-0.29688686,-0.088882804,-0.93566865,-20.0,1.0,160000
39856,73.59547067166197,0.9724677801132202,48.62338900566101,-0.48837608,-1.0,-1.0,-0.7963712,-36.15103393793106,1.0,132119
5604,73.5954067996489,0.97246652841568,48.623326420784,-1.0,-1.0,-0.636734,-0.8729472,-60.0,1.0,160000
31815,73.59485324213287,0.9724556803703308,48.62278401851654,-1.0,-0.7418959,-1.0,0.30319145,-45.58560788631439,1.0,147967
11551,73.59441222094588,0.9724470376968384,48.62235188484192,-0.8201128,-0.8041687,-1.0,-0.52698904,-60.0,1.0,160000
8219,73.59440005484305,0.9724467992782592,48.62233996391296,-1.0,0.08989,-0.42725945,-0.6591941,-60.0,1.0,131320
40637,73.59434226585378,0.9724456667900084,48.62228333950043,-1.0,-1.0,-0.858894,-0.8460264,-56.63255214691162,1.0,116307
60790,73.59373091909485,0.9724336862564088,48.62168431282044,-0.7171142,-0.76252294,-0.22426197,-0.4602089,-20.0,1.0,148002
22135,73.59353017833493,0.9724297523498536,48.62148761749268,-1.0,-1.0,-0.77933455,-0.41452757,-23.3378005027771,1.0,97097
30594,73.59274242277046,0.9724143147468568,48.620715737342834,-0.08347356,-0.3571003,-1.0,-0.9308513,-23.821702003479004,1.0,160000
29575,73.590494732728,0.9723702669143676,48.618513345718384,-1.0,-1.0,-1.0,-0.88927096,-54.26791667938232,1.0,160000
22136,73.59043086058585,0.9723690152168274,48.61845076084137,-0.3442461,-1.0,-1.0,-0.40489486,-36.72167122364044,1.0,152730
4025,73.59015408128406,0.9723635911941528,48.61817955970764,-0.57548726,-1.0,-1.0,-0.97946084,-20.0,1.0,160000
12647,73.59001112932478,0.9723607897758484,48.61803948879242,-1.0,-0.20287424,-0.46388733,-0.7302182,-60.0,1.0,160000
29483,73.5897525991646,0.9723557233810424,48.61778616905213,-0.65043247,-0.6671524,-1.0,-0.5948923,-20.0,1.0,160000
16765,73.58950319357257,0.9723508358001708,48.61754179000855,-0.6999742,-0.50226605,-0.70158714,-0.7992668,-43.8679364323616,1.0,127381
56801,73.58920512344164,0.9723449945449828,48.617249727249146,-1.0,-1.0,0.17048794,1.0,-59.72472429275513,1.0,160000
12313,73.58843561569188,0.9723299145698548,48.61649572849274,-1.0,-0.103210926,0.6303997,-0.34728438,-42.90435463190079,1.0,160000
37871,73.58814058696515,0.9723241329193116,48.616206645965576,-0.98670036,0.1029641,-1.0,-0.0705573,-21.839215755462646,1.0,145996
20195,73.58808279782897,0.9723230004310608,48.61615002155304,-1.0,-1.0,-1.0,-0.9201437,-60.0,1.0,160000
27793,73.58807975629544,0.972322940826416,48.6161470413208,-1.0,-0.013964057,-1.0,0.09609856,-45.76160550117493,1.0,160000
22931,73.5871399222575,0.9723045229911804,48.61522614955902,-1.0,-1.0,-1.0,-0.67231166,-34.70972180366516,1.0,144169
22500,73.58689964100576,0.9722998142242432,48.61499071121216,-0.5094093,0.15317285,-1.0,0.1502859,-20.0,1.0,160000
24902,73.58632479082726,0.9722885489463806,48.61442744731903,-1.0,-1.0,-1.0,-0.30461526,-41.789788007736206,1.0,156990
14808,73.58582293738706,0.9722787141799928,48.613935708999634,-0.23229021,-1.0,-1.0,-0.32330194,-26.048741340637207,1.0,154208
1842,73.58543970378201,0.972271203994751,48.61356019973755,-1.0,-1.0,-1.0,-0.8937808,-20.0,1.0,160000
11969,73.58538799765614,0.9722701907157898,48.61350953578949,-0.5671533,-0.32483315,0.6798886,-0.7610845,-55.70713758468628,1.0,94033
14992,73.58456982410789,0.9722541570663452,48.61270785331726,0.03506744,-1.0,-0.5296515,0.06974872,-20.0,1.0,152285
14060,73.584542450267,0.9722536206245422,48.61268103122711,-0.26596367,-0.47157466,-0.6254498,0.24783485,-39.17519390583038,1.0,152614
20730,73.5842900026089,0.972248673439026,48.612433671951294,-0.9112882,-1.0,-1.0,-0.65141726,-53.64769220352173,1.0,160000
26778,73.58420788107598,0.9722470641136168,48.61235320568085,-0.6612819,-1.0,-1.0,-0.51299864,-20.0,1.0,131278
53776,73.58412880107873,0.9722455143928528,48.61227571964264,-1.0,0.029821634,-0.6043613,0.61463547,-40.48516809940338,1.0,158169
14025,73.58367257027575,0.9722365736961364,48.61182868480682,-0.44917637,-1.0,-0.8364139,-0.24371877,-41.64237931370735,1.0,160000
42959,73.58358740718317,0.9722349047660828,48.61174523830414,-1.0,-1.0,-0.8915361,-0.9342344,-20.0,1.0,160000
26152,73.58318592399272,0.9722270369529724,48.61135184764862,-1.0,-1.0,-1.0,-0.81269777,-42.01102614402771,1.0,150755
22870,73.58294868389484,0.97222238779068,48.611119389534,-1.0,-1.0,0.2037797,-0.06633735,-20.0,1.0,132954
59519,73.58239208203699,0.972211480140686,48.6105740070343,-0.5865561,-1.0,-1.0,1.0,-25.959023237228397,1.0,160000
7912,73.58239208203699,0.972211480140686,48.6105740070343,-1.0,-0.61007243,-1.0,1.0,-29.01466965675354,1.0,152225
7919,73.58239208203699,0.972211480140686,48.6105740070343,-1.0,-0.4956023,-1.0,1.0,-60.0,1.0,160000
7917,73.58239208203699,0.972211480140686,48.6105740070343,-1.0,-1.0,-1.0,1.0,-32.38368630409241,1.0,130345
32472,73.58235558355011,0.9722107648849488,48.61053824424744,-1.0,-1.0,-1.0,-0.43405282,-42.587679624557495,1.0,135956
40616,73.58117242397395,0.9721875786781312,48.60937893390656,-0.3066666,-1.0,-0.7341906,-0.71302307,-20.0,1.0,144038
2041,73.58097776527454,0.9721837639808656,48.60918819904328,-1.0,-1.0,0.6811133,-0.4973073,-37.35001444816589,1.0,160000
33217,73.58050632617311,0.9721745252609252,48.608726263046265,-1.0,-0.18070185,-1.0,-0.31623885,-20.31745433807373,1.0,146278
35734,73.58050632617311,0.9721745252609252,48.608726263046265,-1.0,-1.0,0.68186206,-0.15367326,-38.27919840812683,1.0,105072
8823,73.58034512439512,0.9721713662147522,48.60856831073761,-0.48885125,-1.0,-0.1614894,-0.78270495,-30.11446237564087,1.0,117697
11069,73.57973073261618,0.9721593260765076,48.60796630382538,-1.0,-1.0,-0.68361706,-0.58984166,-38.02601337432861,1.0,160000
1728,73.57647019545989,0.9720954298973083,48.60477149486542,-1.0,-0.81283593,-0.77873766,-0.73254037,-31.53522253036499,1.0,160000
39284,73.57645802926838,0.9720951914787292,48.60475957393646,-1.0,-1.0,-0.29694915,-0.68305576,-32.51815974712372,1.0,145074
40863,73.57630291032136,0.9720921516418456,48.604607582092285,-1.0,-0.66735315,-1.0,-0.93402064,-20.0,1.0,142687
6029,73.5762968272252,0.9720920324325562,48.60460162162781,-1.0,-1.0,-0.7664357,-0.8765309,-57.09184646606445,1.0,160000
22938,73.57625120400351,0.9720911383628844,48.60455691814423,-1.0,-0.16918701,-1.0,-0.42574492,-38.893886506557465,1.0,117301
50320,73.57551514924343,0.9720767140388488,48.60383570194245,-1.0,-1.0,-0.8777072,-0.70891505,-20.0,1.0,160000
46723,73.57535394713847,0.9720735549926758,48.60367774963379,-0.8330334,-1.0,-1.0,0.08276683,-20.0,1.0,160000
16003,73.57484904991124,0.9720636606216432,48.60318303108215,-1.0,-1.0,-1.0,-0.79488575,-30.255476236343384,1.0,160000
58212,73.57475172031334,0.9720617532730104,48.60308766365051,-1.0,-1.0,0.91911924,-0.7623785,-20.0,1.0,152176
4434,73.57420424125351,0.9720510244369508,48.602551221847534,-1.0,-0.68166614,-1.0,-0.38992023,-48.814294934272766,1.0,121964
52110,73.57400349890105,0.9720470905303956,48.602354526519775,-1.0,-1.0,-1.0,-0.44018954,-22.370835542678837,1.0,160000
59515,73.57328569277945,0.9720330238342284,48.60165119171143,-0.6605952,-1.0,-0.9963696,1.0,-20.0,1.0603383779525757,160000
22165,73.57284162617565,0.9720243215560912,48.601216077804565,-0.4116766,-1.0,-1.0,-0.8636347,-35.65344542264938,1.0,160000
9940,73.57231847911491,0.97201406955719,48.6007034778595,-1.0,-1.0,0.41156447,-0.002176322,-21.93638801574707,1.0,160000
15031,73.57132997419063,0.971994698047638,48.5997349023819,-0.887304,-0.3245443,-1.0,-0.09904079,-39.04883950948715,1.0,160000
37035,73.57061825039922,0.9719807505607604,48.599037528038025,-1.0,-1.0,-1.0,-0.609043,-20.0,1.0,160000
47975,73.5695902045592,0.9719606041908264,48.59803020954132,-0.67980766,0.099859774,-0.689156,-0.30825084,-50.213812589645386,1.0,160000
23271,73.56929213201637,0.9719547629356384,48.59773814678192,-0.7715705,-1.0,-1.0,-0.35923854,-20.0,1.0,160000
35946,73.5688328569052,0.9719457626342772,48.59728813171387,-0.89100707,-1.0,-0.52573955,-0.3015618,-20.0,1.0,102615
15832,73.56837662326615,0.971936821937561,48.59684109687805,-1.0,-0.87024313,-0.54613173,-0.8874569,-60.0,1.0,140127
42044,73.568245836274,0.9719342589378356,48.596712946891785,-1.0,-1.0,-0.52656037,-0.9749965,-20.0,1.0,160000
13481,73.56774397914663,0.9719244241714478,48.59622120857239,-1.0,-0.24728698,-0.2900864,-0.64522517,-60.0,1.0,160000
48123,73.5671539166962,0.9719128608703612,48.59564304351807,-1.0,0.032538414,0.0730741,0.17185378,-22.99961805343628,1.0,156862
48741,73.5670444205558,0.9719107151031494,48.59553575515747,-1.0,-0.297258,0.63676643,-0.9695679,-56.01432800292969,1.0,160000
46783,73.56684976073863,0.9719069004058838,48.59534502029419,-1.0,-1.0,-1.0,-0.8061105,-26.232445240020752,1.0,160000
38447,73.56616540969658,0.9718934893608092,48.59467446804047,-0.860128,-0.7388213,-0.6587787,-0.7149583,-33.55692505836487,1.0,131485
4510,73.5647632498557,0.971866011619568,48.5933005809784,-1.0,-1.0,-0.35533676,-0.79911494,-41.32194891571999,1.3389036655426023,160000
8826,73.56389640443491,0.9718490242958068,48.59245121479034,-1.0,-1.0,-0.29606983,-0.8744302,-33.328657150268555,1.0,101561
20688,73.56349187646732,0.9718410968780518,48.59205484390259,-0.8515812,-0.97544366,-0.6244627,-0.17830086,-20.0,1.0,112207
45996,73.56341279580423,0.9718395471572876,48.59197735786438,-1.0,-1.0,-1.0,-0.9242661,-32.55606174468994,1.0,160000
40868,73.56290789612606,0.9718296527862548,48.59148263931274,-1.0,-0.4801587,-0.6880545,-0.84020376,-60.0,1.0,160000
13730,73.56248207703982,0.9718213081359864,48.59106540679932,-1.0,-0.80971074,-0.6000651,-0.7336892,-60.0,1.0479090213775637,157068
622,73.56171864406488,0.9718063473701476,48.590317368507385,-1.0,-1.0,-0.6474243,0.10456091,-54.77450132369995,1.0,160000
37876,73.56170039466815,0.971805989742279,48.59029948711395,-1.0,-1.0,-0.77295613,0.000613302,-20.0,1.0,160000
41509,73.56139015490314,0.971799910068512,48.5899955034256,-1.0,-0.97718924,-1.0,-0.31592697,-48.119035959243774,1.0,160000
14849,73.5609065457796,0.9717904329299928,48.589521646499634,-1.0,-0.85962045,-1.0,-0.32725152,-43.30128461122513,1.0,160000
10039,73.56071188547661,0.971786618232727,48.58933091163635,-0.737766,0.062011838,-0.63731134,-0.83325803,-20.015310049057007,1.0,160000
6217,73.56012182133904,0.9717750549316406,48.58875274658203,-1.0,-0.18995559,-0.81502,-0.9806708,-20.0,1.0,132976
15564,73.55936142920038,0.9717601537704468,48.58800768852234,-1.0,-1.0,-1.0,0.358668,-46.71617567539215,1.0,160000
32417,73.55899035775136,0.9717528820037842,48.58764410018921,-1.0,-0.032752395,0.29342985,-0.82063574,-41.04061245918274,1.0,145336
39223,73.55859799525662,0.9717451930046082,48.58725965023041,-1.0,-0.93579775,-0.56104964,-0.46941367,-29.40381407737732,1.0,160000
57331,73.55767335781213,0.9717270731925964,48.58635365962982,-1.0,-0.6105907,-0.7325152,-0.33569533,-20.0,1.0,149876
32293,73.55658143354012,0.971705675125122,48.5852837562561,-1.0,0.044894457,-1.0,-0.6781166,-34.03001427650452,1.0,93253
16847,73.55657839196765,0.9717056155204772,48.585280776023865,-1.0,-1.0,0.7873503,-0.5645235,-20.0,1.0,160000
34724,73.55606436616691,0.9716955423355104,48.58477711677551,-1.0,-0.043169737,0.17377841,0.19271193,-25.291378498077396,1.0,139042
33748,73.55530093119943,0.9716805815696716,48.58402907848358,-1.0,-1.0,0.033964753,-0.4231049,-60.0,1.0,129662
16910,73.55497548275477,0.9716742038726808,48.58371019363403,-0.34897977,-0.083090544,0.07157791,-0.99243206,-42.23528206348419,1.0,160000
28999,73.55484165347531,0.9716715812683104,48.58357906341553,-0.26960325,-1.0,-1.0,-0.8560007,-32.94497609138489,1.0,160000
35297,73.5548203624529,0.9716711640357972,48.583558201789856,-1.0,-1.0,-1.0,-0.7650918,-20.0,1.0,110666
50888,73.554686533165,0.971668541431427,48.58342707157135,-1.0,-0.20398718,0.6596481,-0.9752571,-20.0,1.0,160000
10856,73.55454966229482,0.971665859222412,48.583292961120605,-1.0,-1.0,0.099722385,-0.8840492,-51.96222424507141,1.0,160000
27978,73.55410863388356,0.9716572165489196,48.582860827445984,-1.0,-1.0,0.10192466,0.50787634,-36.62259340286255,1.0,149813
30844,73.55409038443035,0.971656858921051,48.58284294605255,-1.0,-1.0,0.40197527,-0.9743431,-20.0,1.0,160000
128,73.55313532952357,0.9716381430625916,48.58190715312958,-1.0,-1.0,-0.8740984,-0.4546752,-33.936829566955566,1.0,127265
11070,73.55298629225942,0.9716352224349976,48.58176112174988,-1.0,-1.0,0.44614947,-0.4718012,-39.320177882909775,1.0,143267
41505,73.55240230942306,0.9716237783432008,48.581188917160034,-1.0,-1.0,-1.0,-0.26314425,-29.954477548599243,1.0,160000
59883,73.55236581049118,0.9716230630874634,48.58115315437317,-1.0,-1.0,-1.0,-0.90374225,-20.0,1.0,118304
22330,73.55218939897945,0.9716196060180664,48.58098030090332,-1.0,-1.0,0.590135,0.20125689,-29.75840449333191,1.0,132964
14994,73.55209206848481,0.9716176986694336,48.58088493347168,-1.0,-1.0,-0.7587917,-0.8684778,-50.406906604766846,1.0,114628
12739,73.55171795436014,0.9716103672981262,48.58051836490631,-1.0,-0.9604349,1.0,-0.25123692,-60.0,1.0,160000
51554,73.55140771333552,0.9716042876243592,48.58021438121796,-0.42164946,-1.0,0.52871907,-0.49408156,-20.0,1.0,160000
34730,73.55039790894506,0.9715844988822936,48.579224944114685,-1.0,-1.0,0.25223947,0.1353552,-20.0,1.0,116916
48731,73.55009983407581,0.9715786576271056,48.578932881355286,-0.8604865,-1.0,-1.0,-0.7525556,-20.0,1.0,159465
47090,73.54953714162205,0.9715676307678224,48.57838153839111,-1.0,-1.0,-0.39908737,-0.48820412,-21.584057807922363,1.0,160000
49078,73.54941547837188,0.9715652465820312,48.57826232910156,-0.81111723,-1.0,-1.0,-0.21218652,-20.0,1.0,160000
32150,73.54935768832593,0.9715641140937804,48.57820570468903,-1.0,-1.0,0.57138526,-0.15234464,-20.0,1.0,160000
763,73.54880716203066,0.9715533256530762,48.57766628265381,-1.0,-0.9718061,0.17564327,-0.22508503,-46.88164710998535,1.0,158919
59398,73.54829009302223,0.9715431928634644,48.57715964317322,-1.0,-1.0,-1.0,-0.687064,-40.097904205322266,1.0,160000
23782,73.54822621978424,0.971541941165924,48.57709705829621,-0.09326315,-1.0,1.0,-0.5330818,-60.0,1.0,104868
12003,73.54587203356849,0.971495807170868,48.5747903585434,-0.70023715,-0.7022289,0.44710058,-0.52173793,-41.826495826244354,1.0,117133
15062,73.54522417572585,0.9714831113815308,48.57415556907654,-1.0,-1.0,-1.0,-0.82533526,-41.5556275844574,1.0,149126
7762,73.54485006055583,0.9714757800102234,48.57378900051117,-1.0,-0.21155065,1.0,-0.9739337,-47.4584037065506,1.0,160000
39858,73.54474056342212,0.9714736342430116,48.573681712150574,-0.08443689,-1.0,-1.0,0.49343723,-22.30159044265747,1.0,160000
53772,73.54379462964727,0.9714550971984864,48.57275485992432,-0.7780196,-1.0,0.17497677,-0.73234725,-34.37714695930481,1.0,160000
22933,73.54336880725035,0.9714467525482178,48.57233762741089,-1.0,-0.84971553,-1.0,-0.80014634,-39.286043643951416,1.0,160000
36655,73.54331101706222,0.971445620059967,48.57228100299835,-1.0,-1.0,-1.0,-0.70332384,-56.65616273880005,1.0,108032
13862,73.54322585257198,0.9714439511299132,48.57219755649567,-0.30612314,-1.0,-0.7471592,-0.49242818,-20.0,1.0,160000
17903,73.54288823617091,0.9714373350143432,48.57186675071716,-1.0,-1.0,-0.67796576,-0.9209754,-36.010900139808655,1.0,147141
17905,73.54288823617091,0.9714373350143432,48.57186675071716,-1.0,-0.49595463,-1.0,-0.3970331,-34.863709807395935,1.0,160000
16695,73.54273311510622,0.9714342951774596,48.571714758872986,-0.8574602,-1.0,-0.58434963,-0.95868075,-54.7391152381897,1.0,122415
41856,73.5424684967968,0.9714291095733644,48.57145547866821,-1.0,-1.0,0.3582455,-0.56460357,-32.60607182979584,1.0,127108
60530,73.54183584601049,0.971416711807251,48.57083559036255,-0.26928604,-0.45878604,-1.0,-0.5495482,-31.47581458091736,1.0,160000
5536,73.54179630533093,0.9714159369468688,48.570796847343445,-1.0,-1.0,-0.63416386,-0.9545268,-60.0,1.0,160000
46076,73.54141914804784,0.9714085459709167,48.57042729854584,-1.0,-1.0,-1.0,-0.8109468,-20.0,1.0,160000
22465,73.5407287067425,0.9713950157165528,48.56975078582764,-0.030173898,-1.0,0.34814993,-0.95014536,-20.0,7.968050003051758,160000
40524,73.54055229439547,0.9713915586471558,48.56957793235779,-1.0,-1.0,0.021212995,-0.82296896,-20.0,1.0,105897
39419,73.54046408821722,0.9713898301124572,48.569491505622864,-1.0,-1.0,-0.6466794,-0.9703623,-24.9659526348114,1.7265901565551758,160000
53779,73.54040629796077,0.9713886976242064,48.56943488121033,-1.0,-1.0,-1.0,1.0,-26.049277782440186,1.0,159569
34726,73.54030288381429,0.9713866710662842,48.56933355331421,-0.13751507,-0.97610456,0.06052035,0.55764633,-49.55968916416168,1.0,160000
1095,73.53991964311581,0.9713791608810424,48.56895804405213,-0.5945639,-0.59108126,-1.0,-0.6122651,-45.65209090709686,1.0,104952
28157,73.53961548378874,0.9713732004165648,48.56866002082825,-1.0,-0.4856721,0.52279997,-0.58119726,-53.13894987106323,1.0,112347
26565,73.53936911470623,0.971368372440338,48.56841862201691,-0.9462696,-1.0,-0.5521153,-0.017083824,-20.0,1.0,160000
39529,73.53926570051608,0.9713663458824158,48.56831729412079,-1.0,-1.0,0.0625481,-0.7806295,-20.0,1.0,141141
40798,73.53910449603453,0.9713631868362428,48.56815934181213,-0.62263095,-0.78896046,-1.0,0.13712516,-26.71719193458557,1.0,160000
36326,73.53871517195998,0.9713555574417114,48.56777787208557,-1.0,-1.0,-0.45775536,-0.67390335,-56.00000619888306,1.0,160000
61327,73.53776619426984,0.9713369607925416,48.56684803962708,-1.0,-1.0,-1.0,-0.9267804,-20.0,1.0,160000
43090,73.53775098629104,0.9713366627693176,48.56683313846588,-1.0,-0.8506427,0.02268678,-0.5827151,-60.0,1.0,160000
2353,73.53746203467618,0.971331000328064,48.5665500164032,-0.2621773,0.02908045,-0.6173202,-0.5410843,-24.84046578407288,1.0,160000
13776,73.53686588176342,0.971319317817688,48.5659658908844,-1.0,-0.52826756,-0.39265022,-0.85269547,-59.75430965423584,1.0,117030
12669,73.53674117628887,0.9713168740272522,48.56584370136261,-1.0,-1.0,1.0,-0.9342903,-20.0,1.0,160000
39987,73.53667730275069,0.971315622329712,48.5657811164856,-0.40556198,-1.0,-1.0,-0.9045774,-20.0,1.0,160000
26498,73.53654043087754,0.971312940120697,48.56564700603485,-1.0,-1.0,-0.06720227,-0.31963634,-32.268845438957214,1.0,160000
29578,73.53547283000532,0.9712920188903807,48.56460094451904,-1.0,-1.0,0.22020358,-0.92309386,-23.97999763488769,2.028262972831726,150171
30097,73.53485842701382,0.9712799787521362,48.56399893760681,-1.0,-1.0,-1.0,-0.18573892,-40.14648377895355,1.0,157989
39287,73.53357791335449,0.9712548851966858,48.56274425983429,-1.0,-1.0,-0.71540976,-0.5863185,-60.0,1.0,160000
48221,73.53320379641116,0.9712475538253784,48.56237769126892,-1.0,-0.40592685,-1.0,-0.9292151,-60.0,1.0,160000
48222,73.53127542036859,0.9712097644805908,48.56048822402954,-1.0,-1.0,-0.50392634,-0.8972002,-53.94859313964844,1.0,138558
28044,73.53098950959618,0.971204161643982,48.5602080821991,-0.6226857,-1.0,-0.72710466,-0.44688517,-20.0,1.0,129073
4026,73.53094388553367,0.9712032675743104,48.56016337871552,-1.0,-0.6377436,0.5370378,-0.97878563,-20.0,9.114328384399414,160000
22139,73.52997361360374,0.971184253692627,48.55921268463135,-1.0,-1.0,-0.73866355,0.27487916,-20.0,1.0,82019
22864,73.529608620929,0.971177101135254,48.558855056762695,-1.0,-0.5564553,-1.0,0.16405088,-44.97016042470932,1.0,160000
28165,73.52931358514394,0.9711713194847108,48.558565974235535,-0.5871334,-1.0,-1.0,-0.5685133,-48.310455083847046,1.0,160000
18888,73.5290398405694,0.9711659550666808,48.558297753334045,-1.0,-1.0,-0.29053634,-0.75491965,-32.92206168174744,1.0,160000
31173,73.52898205004422,0.9711648225784302,48.55824112892151,-1.0,-0.8379146,0.097010374,-0.7132414,-30.068394541740417,1.0,160000
21580,73.52819123219444,0.9711493253707886,48.55746626853943,-1.0,-1.0,-1.0,-0.33686537,-42.59487986564636,1.0,160000
27973,73.52799048608436,0.9711453914642334,48.55726957321167,-1.0,-1.0,-0.6953693,1.0,-39.08011257648468,1.0,160000
33095,73.52739128926427,0.9711336493492126,48.55668246746063,-1.0,-1.0,-0.5860709,-0.3828304,-20.0,1.0,160000
34801,73.52730004100472,0.9711318612098694,48.55659306049347,-1.0,-0.20537233,-0.030498147,0.15190205,-20.0,1.0,160000
34606,73.52720270952415,0.9711299538612366,48.55649769306183,-1.0,-0.27758187,0.86392343,-0.9166751,-32.11001932621002,1.0,160000
58279,73.52715100217351,0.9711289405822754,48.55644702911377,-0.68747693,-1.0,-1.0,-0.3046469,-20.0,1.0,160000
45127,73.52705367068702,0.9711270332336426,48.55635166168213,-1.0,-0.4577466,-0.59347135,-0.9142821,-20.0,1.0,160000
58228,73.52657917963515,0.9711177349090576,48.55588674545288,-0.4126103,-1.0,0.051327586,-0.83491236,-46.03615641593933,1.0,160000
17891,73.52448350972605,0.9710766673088074,48.55383336544037,-1.0,-0.82702684,-0.9309648,-0.64642054,-20.0,1.0,159440
49589,73.52403639269247,0.9710679054260254,48.55339527130127,-1.0,-1.0,-0.39061022,0.07469618,-20.0,1.0,149769
26397,73.52346152781539,0.9710566401481628,48.55283200740814,-0.5251275,-1.0,-1.0,-0.68610215,-60.0,1.0,160000
9184,73.52334898811469,0.9710544347763062,48.55272173881531,-0.9371324,-1.0,-1.0,-0.542386,-28.027029037475582,1.0,160000
53596,73.52328511422823,0.971053183078766,48.55265915393829,-1.0,-1.0,-0.04747975,0.03310895,-20.0,1.0,128690
30698,73.52307828448922,0.9710491299629213,48.55245649814606,-1.0,-0.36795443,-1.0,-0.73355156,-20.0,1.0,160000
6349,73.52191942930574,0.9710264205932616,48.551321029663086,-1.0,-0.84773785,-1.0,0.2514084,-30.26417374610901,1.0,160000
48761,73.5218859715364,0.9710257649421692,48.55128824710846,-0.718114,-0.5220048,-1.0,0.64215904,-60.0,1.0,160000
26085,73.52170651622043,0.9710222482681274,48.55111241340637,-0.24006069,-1.0,-1.0,-0.42675453,-20.0,1.0,160000
25873,73.5207727400425,0.9710039496421814,48.55019748210907,-1.0,-0.4665751,-0.7185916,-0.71458244,-60.0,1.0,155654
33833,73.52049899451586,0.9709985852241516,48.54992926120758,-1.0,-1.0,-1.0,-0.4975213,-22.80231475830078,1.0,160000
42079,73.51969600746165,0.9709828495979308,48.54914247989655,-0.94167864,-1.0,0.15193349,-0.34942293,-30.80808401107788,1.0,160000
15037,73.5196838409891,0.9709826111793518,48.54913055896759,-0.879084,-1.0,-1.0,-0.018842448,-60.0,1.0,160000
7414,73.51791057697184,0.9709478616714478,48.54739308357239,-0.7187134,-1.0,0.49244398,-0.56132585,-34.42806899547577,1.128382444381714,109640
58214,73.51769766353888,0.9709436893463136,48.54718446731568,-1.0,-0.91755414,-0.40141505,-0.60245764,-48.23389410972595,1.0,149402
49586,73.51769158029767,0.970943570137024,48.5471785068512,0.087935686,-0.8847754,-0.7393704,0.1362164,-20.0,1.0,160000
37470,73.51539211403924,0.9708985090255736,48.54492545127869,-1.0,-1.0,-1.0,-0.9797305,-53.009138107299805,1.0,160000
13428,73.51480812226555,0.9708870649337769,48.54435324668884,-0.23822063,-0.46263772,-1.0,-0.09334399,-34.96812582015991,1.0,160000
48358,73.51480812226555,0.9708870649337769,48.54435324668884,-1.0,-1.0,0.064427435,-0.8137603,-36.70069217681885,1.0,151273
49632,73.51413288160401,0.9708738327026368,48.54369163513184,-1.0,-1.0,-1.0,-0.8738968,-26.313140392303467,1.0,160000
4386,73.5134393910015,0.970860242843628,48.5430121421814,-1.0,-0.6195607,1.0,-0.92658854,-20.0,1.0,155223
1138,73.51325385181585,0.9708566069602966,48.54283034801483,0.005286753,-0.79044145,-0.5274759,0.28859618,-60.0,1.0,160000
59836,73.51287669014934,0.9708492159843444,48.54246079921722,-1.0,-0.41703188,-1.0,-0.49422556,-44.60605144500733,1.0,160000
44715,73.51273373369608,0.97084641456604,48.542320728302,-0.07177639,-0.4537413,-0.42726773,-0.51361674,-58.3646559715271,1.0,96072
47259,73.51204328432587,0.970832884311676,48.5416442155838,-0.9085594,-1.0,-0.9092923,-0.39022613,-20.0,1.0,160000
18537,73.50915069476478,0.9707762002944946,48.53881001472473,-1.0,-1.0,-0.3703743,-0.4325096,-60.0,1.0,149600
36653,73.50899557156897,0.9707731604576112,48.53865802288056,-1.0,-1.0,-1.0,-0.9480102,-26.47091150283813,2.8043598532676697,160000
54046,73.50784279300272,0.9707505702972412,48.53752851486206,-1.0,-1.0,-0.45448685,-0.3590601,-60.0,1.0,99475
33973,73.50754471296871,0.9707447290420532,48.53723645210266,-0.097311616,-1.0,-0.6289133,-0.79237473,-22.753288745880127,1.0,160000
3744,73.50633414266257,0.9707210063934326,48.53605031967163,-1.0,-1.0,0.86242145,-0.9314573,-60.0,1.0,121490
53780,73.50486807430627,0.9706922769546508,48.534613847732544,-1.0,-1.0,0.103523314,0.6325671,-60.0,1.0,121084
441,73.50467340956237,0.9706884622573853,48.53442311286926,-1.0,-0.8867642,1.0,-0.45263976,-35.15884190797806,1.0,160000
5848,73.50414416471185,0.9706780910491944,48.53390455245972,-0.911686,-0.31226575,-1.0,0.14495254,-47.84878671169281,1.0,160000
16507,73.50345067128663,0.9706645011901855,48.53322505950928,-1.0,-1.0,-1.0,-0.18672922,-42.7692261338234,1.0,99270
8234,73.50310696613921,0.970657765865326,48.532888293266296,-1.0,-1.0,-0.5630702,-0.9643545,-60.0,1.0,121568
28152,73.50240130586262,0.970643937587738,48.5321968793869,-0.6696978,0.101637244,-1.0,-0.71991915,-53.59771728515625,1.0,160000
60524,73.50052765517779,0.9706072211265564,48.53036105632782,-0.6898063,0.12026191,-1.0,1.0,-20.0,1.0,160000
44876,73.49975507801771,0.9705920815467834,48.52960407733917,-1.0,-0.4118032,-1.0,-0.49804747,-41.73210859298706,1.0,160000
27509,73.49933533126968,0.9705838561058044,48.52919280529022,-0.24612027,-0.36746174,-1.0,-0.835303,-24.9780797958374,1.2212345600128174,137045
55285,73.49895208417614,0.9705763459205629,48.52881729602814,-0.22678459,-0.62707597,-0.45721135,-0.73175246,-20.0,1.0,131660
10515,73.49883954335158,0.970574140548706,48.5287070274353,-1.0,-0.695915,0.053225756,0.18315534,-46.5857195854187,1.0,137368
27938,73.49596214646206,0.9705177545547484,48.52588772773743,-0.009544611,-1.0,0.088799894,0.08288339,-20.0,1.0,115726
57333,73.49570360640715,0.9705126881599426,48.52563440799713,-1.0,-1.0,-1.0,-0.092707336,-20.0,1.0,146650
54058,73.4950405270829,0.9704996943473816,48.52498471736908,-1.0,-1.0,-1.0,-0.08877641,-36.48426592350006,1.0,133770
49407,73.49500402729838,0.9704989790916444,48.52494895458221,-0.9117651,-1.0,-1.0,-0.25184733,-28.14523220062256,1.0,109133
27646,73.49447173871239,0.9704885482788086,48.52442741394043,-0.7133721,-1.0,-1.0,-0.44708085,-20.0,1.0,160000
32099,73.49442003067216,0.9704875349998474,48.52437674999237,-0.26767373,-1.0,-1.0,-0.6682128,-42.654122710227966,1.0,160000
22944,73.49265587335265,0.9704529643058776,48.52264821529389,-1.0,-0.3257091,-1.0,-0.7474195,-26.83548092842102,1.0,160000
34751,73.49204145964342,0.9704409241676332,48.52204620838165,-0.3298784,-0.5481867,-0.37583518,-0.6743592,-25.46356439590454,1.0,160000
60783,73.49185896049221,0.9704373478889464,48.52186739444733,-0.14433908,-1.0,0.027966797,-0.2043603,-22.99369215965271,1.0,160000
2625,73.48995184354962,0.9703999757766724,48.51999878883362,-0.1244874,-1.0,1.0,-0.23378557,-44.50139880180359,1.0,150884
32479,73.48956859498983,0.9703924655914308,48.51962327957153,-1.0,-1.0,-0.013612509,-0.40288103,-45.87109684944153,1.0,132350
56419,73.48905759681696,0.9703824520111084,48.51912260055542,-1.0,-1.0,-1.0,-0.91016406,-35.92541873455048,1.0,154852
47375,73.48885684750562,0.9703785181045532,48.51892590522766,-1.0,-1.0,-1.0,-0.938954,-60.0,1.0,156281
4696,73.48862872326823,0.9703740477561952,48.51870238780975,-0.67649305,-0.77062273,0.595517,-0.7529026,-38.54293674230576,1.0,154910
53329,73.48837018244022,0.9703689813613892,48.51844906806946,-1.0,-1.0,-0.8593411,-0.47180706,-29.13119435310364,1.0,160000
4283,73.48797476700346,0.9703612327575684,48.51806163787842,-0.31468004,-0.9485255,0.41033942,0.09304148,-60.0,1.0,160000
43545,73.48795347540121,0.9703608155250548,48.51804077625275,-0.94522715,-0.8081377,-1.0,-0.7172047,-38.31021010875702,1.0,129085
35460,73.48781964246857,0.9703581929206848,48.51790964603424,-1.0,-0.6750463,1.0,-0.65313625,-41.77505970001221,1.0,160000
9803,73.48731168558948,0.9703482389450072,48.517411947250366,-0.97165734,-0.50858426,-0.7848238,-0.18608442,-44.78213548660278,1.0,160000
2454,73.48725997739828,0.970347225666046,48.51736128330231,-0.21469599,-1.0,-0.82016766,-0.62972116,-20.0,1.0,151737
22962,73.4864630627843,0.970331609249115,48.51658046245575,-1.0,-0.88765335,0.66364795,-0.85930514,-20.0,3.799307703971863,160000
57204,73.48573002277708,0.970317244529724,48.515862226486206,-1.0,-1.0,-1.0,-0.5763677,-25.023598670959476,1.0,160000
17749,73.48554752315614,0.9703136682510376,48.51568341255188,-1.0,-0.81379896,-1.0,-0.46224993,-20.0,1.0,160000
52738,73.48414227561993,0.9702861309051514,48.51430654525757,-1.0,-0.35173008,-1.0,0.6960962,-36.53297781944275,1.0,97036
7294,73.48317502684779,0.9702671766281128,48.51335883140564,-0.07076764,-1.0,-1.0,-0.33708495,-60.0,1.0,137720
24854,73.48304423531786,0.9702646136283876,48.51323068141937,-0.7262952,-1.0,-1.0,-0.085651845,-40.19056260585785,1.0,160000
21116,73.48270661063859,0.9702579975128174,48.51289987564087,-1.0,-0.31334525,-1.0,-0.6809752,-20.0,1.0,160000
46355,73.48263056903774,0.970256507396698,48.5128253698349,-0.99041826,-1.0,-0.28879476,-0.9358654,-34.60295617580414,1.0,160000
54042,73.48234465259745,0.9702509045600892,48.512545228004456,-0.49922478,-0.06363976,-0.83826137,-0.3360731,-26.237610578536987,1.0,160000
1703,73.48199486116238,0.97024405002594,48.512202501297,-1.0,-0.60698473,-0.16665041,-0.96616566,-25.948137044906616,1.0,160000
61409,73.4809302782268,0.9702231884002686,48.51115942001343,-0.8524357,-1.0,-1.0,0.27181995,-20.0,1.0,145678
29373,73.48052877825675,0.9702153205871582,48.51076602935791,-1.0,-1.0,-1.0,-0.8188024,-54.052780866622925,1.0,160000
42175,73.47985961149385,0.9702022075653076,48.51011037826538,-1.0,-1.0,-1.0,0.58041155,-33.380844593048096,1.0,130278
8928,73.47898361109179,0.9701850414276124,48.509252071380615,-0.8264847,-0.20953602,-1.0,0.597445,-20.0,1.0,160000
57941,73.47703085906873,0.9701467752456664,48.507338762283325,-0.1628958,0.027630508,-1.0,0.31282726,-48.70063126087189,1.0,160000
40334,73.47540660620076,0.9701149463653564,48.50574731826782,-1.0,-0.28642076,-0.9600078,0.38435972,-20.0,1.0,131267
19514,73.47509027218365,0.9701087474822998,48.50543737411499,-1.0,-1.0,-0.85590106,0.13278133,-58.39439749717712,1.0,160000
47371,73.47474047971332,0.9701018929481506,48.50509464740753,0.089533806,-0.17032933,-1.0,0.20167118,-52.97175168991089,1.0,160000
31829,73.47353901823936,0.9700783491134644,48.50391745567322,-0.7140387,-1.0,-0.4450287,-0.15720773,-38.09589982032776,1.0,89975
42309,73.47252614013411,0.9700585007667542,48.50292503833771,-1.0,-1.0,0.78481865,-0.30736446,-20.0,1.0,160000
19320,73.47214897220415,0.970051109790802,48.5025554895401,-0.73166245,-1.0,-0.400009,-0.97163653,-43.09364706277847,1.0,116341
46319,73.47168967892074,0.9700421094894408,48.502105474472046,-1.0,-1.0,-0.52279776,0.15200853,-22.870891094207764,1.0,160000
25373,73.47155280342227,0.970039427280426,48.5019713640213,-1.0,-1.0,-0.44248298,-0.70714724,-20.0,1.0,160000
23789,73.47107221827824,0.9700300097465516,48.501500487327576,-0.13900673,-0.9571919,0.80412304,-0.35075957,-46.30254626274109,1.0,160000
30992,73.4710600515645,0.9700297713279724,48.50148856639862,-0.27818394,-0.40346307,-1.0,-0.78351,-22.633867263793945,1.1358163356781006,160000
45638,73.4710600515645,0.9700297713279724,48.50148856639862,-1.0,-1.0,0.63167137,-0.60631144,-35.58293431997299,1.0,134687
34850,73.46791799572124,0.9699681997299194,48.49840998649597,-0.12470901,-1.0,-1.0,-0.45808873,-21.285593509674072,1.0,119892
27936,73.46673478100502,0.9699450135231018,48.49725067615509,-1.0,-0.06236756,0.8334095,-0.009270325,-29.606759548187256,1.0,160000
9808,73.46623594480945,0.9699352383613586,48.49676191806793,-1.0,-0.8944292,-1.0,0.17047995,-43.705613911151886,1.0,160000
11189,73.46515310491344,0.9699140191078186,48.49570095539093,-0.74513394,-1.0,-1.0,-0.37555984,-32.015148401260376,1.0,160000
2179,73.46501014567792,0.9699112176895142,48.49556088447571,-1.0,-0.83083045,0.45287806,0.39728165,-20.0,1.0,160000
26066,73.46440485009893,0.969899356365204,48.49496781826019,-0.67314196,-0.87247324,-0.93381,-0.74626285,-43.78155529499054,1.0,160000
43541,73.46397597223634,0.9698909521102904,48.494547605514526,-1.0,-0.6291222,-1.0,-0.45399314,-23.02043914794922,1.0,160000
11560,73.46335546796183,0.9698787927627563,48.49393963813782,-1.0,-1.0,-0.93135905,-0.8595437,-34.915950894355774,2.87143474817276,160000
19464,73.46324292550305,0.9698765873908995,48.49382936954498,-0.80078965,-0.59068215,-0.26528195,-0.8815433,-33.27994704246521,1.0,133122
8921,73.45928872772282,0.9697991013526917,48.48995506763458,-0.5640995,-0.11831534,-0.55394465,-0.49306196,-34.41425681114197,1.0,153288
35469,73.45856784636261,0.96978497505188,48.489248752594,-1.0,-1.0,0.19797099,-0.6126807,-20.0,1.0,160000
35296,73.4574910864674,0.9697638750076294,48.48819375038147,-1.0,-0.5846578,0.015646994,-0.8093395,-60.0,1.0,160000
37355,73.45622878259759,0.9697391390800476,48.48695695400238,-1.0,-0.8730858,0.53193223,1.0,-37.652546763420105,1.0,160000
50525,73.45609190623526,0.9697364568710328,48.48682284355164,-0.67831624,-0.9761838,-0.79829377,-0.6487579,-20.0,1.0,160000
45306,73.4560858228412,0.9697363376617432,48.48681688308716,-1.0,-1.0,-1.0,-0.40669966,-20.0,1.0,160000
52467,73.45590636270967,0.9697328209877014,48.48664104938507,-1.0,-1.0,-1.0,-0.6141003,-36.10530853271485,1.0,113359
57156,73.45555352580253,0.9697259068489076,48.48629534244537,-0.7501137,-1.0,-0.7029061,-0.6111062,-20.0,1.0,160000
56975,73.45504252053655,0.9697158932685852,48.48579466342926,-1.0,-1.0,-0.20327985,-0.6760194,-49.97265160083771,1.0,160000
49679,73.45398400928924,0.9696951508522034,48.48475754261017,-1.0,-0.97064936,-1.0,-0.66504973,-43.58551979064941,1.0,160000
6170,73.45350342069834,0.9696857333183287,48.48428666591644,-0.33849555,-1.0,-1.0,-0.9385112,-45.526739954948425,1.0,151830
54686,73.45319620895474,0.9696797132492064,48.48398566246033,-0.524701,-1.0,1.0,-0.5019323,-20.0,1.0,160000
47317,73.45254528493501,0.9696669578552246,48.48334789276123,-1.0,-1.0,1.0,-0.9545802,-20.378742218017575,1.0,145771
14536,73.4511826023147,0.9696402549743652,48.48201274871826,-0.841664,-1.0,0.18291497,0.08527529,-32.22126007080078,1.0,159052
1129,73.44965566687038,0.969610333442688,48.4805166721344,-0.7930601,-0.5141679,-0.25493628,-0.22683057,-20.0,1.0,160000
23876,73.4490199504385,0.96959787607193,48.4798938035965,-1.0,-1.0,-0.8169446,-0.68775403,-41.77894532680512,1.0,78087
57947,73.4485971532943,0.9695895910263062,48.47947955131531,-1.0,-1.0,-1.0,0.31506652,-40.91565191745758,1.0,160000
5037,73.44815610583586,0.9695809483528136,48.479047417640686,-1.0,-0.60468,-1.0,-0.76858914,-20.0,1.0,160000
58287,73.44803139585045,0.969578504562378,48.4789252281189,-0.97750694,-1.0,-0.8509767,-0.19507354,-27.508971691131592,1.0,160000
20892,73.4477637256164,0.9695732593536376,48.478662967681885,-1.0,-0.5489819,-1.0,-0.068296775,-29.29534912109375,1.0,160000
31238,73.44750518047618,0.9695681929588318,48.47840964794159,-1.0,-0.88739955,0.6252161,-0.8130793,-20.0,1.0,142099
9752,73.44736222021045,0.9695653915405272,48.47826957702637,-0.9389821,-1.0,-0.31551868,-0.9050648,-48.40641975402832,1.0,160000
52463,73.44719492627188,0.9695621132850648,48.47810566425324,-1.0,-0.9615629,-1.0,-0.62960994,-20.0,1.0,107825
23280,73.4462702468415,0.969543993473053,48.47719967365265,-0.6717596,-1.0,-0.86152637,-0.017112449,-39.92888331413269,1.0359678268432615,105866
32188,73.44352054015589,0.969490110874176,48.4745055437088,-0.69833314,-1.0,-1.0,-0.68995875,-60.0,1.0,143948
10527,73.4429578232521,0.9694790840148926,48.47395420074463,-1.0,-1.0,-1.0,-0.71109116,-24.780157804489136,1.0,139521
39604,73.4420392256501,0.9694610834121704,48.47305417060852,-0.81334263,-0.19851977,-1.0,0.17739317,-21.1422598361969,1.0,91588
33211,73.44079212239367,0.9694366455078124,48.47183227539063,-0.16007733,-1.0,0.30034447,-0.25307032,-30.646042823791504,1.0,160000
31985,73.44015032022624,0.9694240689277648,48.471203446388245,-1.0,-1.0,0.18080771,-0.8944494,-20.0,1.0,160000
38504,73.43859600243142,0.9693936109542848,48.46968054771423,-1.0,-0.21274191,-0.8664195,-0.2698381,-20.0,1.0,160000
6649,73.43849866742904,0.969391703605652,48.46958518028259,-1.0,-0.23203266,0.113530695,-0.43843773,-56.75800323486328,1.0,160000
6788,73.43841958273676,0.9693901538848876,48.46950769424439,-1.0,-0.9210281,-1.0,-0.76192135,-47.8272956609726,1.0,116782
31000,73.43796332484673,0.9693812131881714,48.46906065940857,-1.0,-1.0,-1.0,-0.49445963,-46.27948582172394,1.0,160000
41503,73.43728806301338,0.9693679809570312,48.46839904785156,-0.9209419,-0.056970417,-0.65081054,-0.28755772,-53.60893130302429,1.0,160000
57037,73.4370295167666,0.9693629145622252,48.46814572811127,-1.0,-1.0,-0.6925305,-0.45189446,-30.288893580436707,1.0,160000
7186,73.43534440291246,0.9693298935890198,48.46649467945099,-1.0,-0.55286103,-0.83913004,-0.62942904,-42.05575197935104,1.0,160000
625,73.43529877706995,0.969328999519348,48.46644997596741,-1.0,-0.6475153,-0.5561216,0.14343512,-60.0,1.0,160000
3979,73.43497939614855,0.9693227410316468,48.466137051582336,-1.0,-1.0,0.14864933,-0.7135663,-22.427276372909542,1.0,140191
19463,73.43425850762986,0.969308614730835,48.46543073654175,-0.29201704,-1.0,-0.19739628,-0.8209186,-40.73885798454285,1.0,153338
27755,73.43419463142178,0.9693073630332948,48.465368151664734,-0.13905954,-1.0,-0.23211098,-0.9204574,-43.88595104217529,1.0,160000
56804,73.43327603053037,0.9692893624305724,48.46446812152863,-1.0,-1.0,0.85122687,1.0,-33.52555871009827,1.0,160000
44139,73.4322175098702,0.9692686200141908,48.463431000709534,-0.15146393,-1.0,0.53018594,0.37440947,-47.36601233482361,1.0,160000
51863,73.43047459985435,0.9692344665527344,48.46172332763672,-1.0,-1.0,0.25005603,-0.7016378,-40.68868517875672,1.0,160000
7800,73.43025863709576,0.9692302346229552,48.461511731147766,-0.06856018,-1.0,-0.9513651,-0.88462764,-35.75171619653702,1.277116298675537,160000
30189,73.43003354912992,0.969225823879242,48.4612911939621,-1.0,-0.79416263,-1.0,-0.8125641,-24.171314239501957,1.0,160000
35843,73.42970808406159,0.969219446182251,48.46097230911255,-1.0,-1.0,1.0,-0.98598504,-51.286001205444336,1.0,160000
35291,73.42941607798213,0.9692137241363524,48.46068620681763,-1.0,-0.7465237,-1.0,-0.8803605,-27.75914669036865,1.9239095449447632,160000
36203,73.429154489173,0.969208598136902,48.46042990684509,-1.0,-0.9824752,-0.36572438,-0.19705984,-60.0,1.0,160000
20362,73.42836059738337,0.9691930413246156,48.45965206623077,-1.0,-1.0,-1.0,-0.5055387,-60.0,1.0,105309
9187,73.42817809348726,0.969189465045929,48.45947325229645,-1.0,-1.0,-1.0,-0.6184716,-36.19124621152878,1.0,133212
5033,73.42808075807045,0.969187557697296,48.45937788486481,-1.0,-0.29468608,-1.0,-0.78262997,-29.083826541900635,1.0,160000
4030,73.42699485956386,0.9691662788391112,48.458313941955566,-1.0,-0.17598069,-1.0,-0.6600479,-39.99002171680331,1.0,160000
60603,73.42697052569825,0.9691658020019532,48.458290100097656,-0.21130311,-1.0,-1.0,0.25272954,-27.73629903793335,1.0,160000
47961,73.4269644422318,0.9691656827926636,48.45828413963318,-0.4486177,-1.0,-1.0,-0.5920013,-52.68838882446289,1.0,136752
2441,73.42661160115233,0.9691587686538696,48.45793843269348,-1.0,-0.56356096,-0.38906276,-0.20417681,-30.38733780384064,1.0,160000
31984,73.42618271666824,0.9691503643989564,48.457518219947815,-0.9566072,-1.0,0.3002234,-0.7649541,-45.96035003662109,1.0,160000
19896,73.4260640890317,0.96914803981781,48.4574019908905,-0.9805808,-1.0,-1.0,-0.6834254,-20.0,1.0,160000
28262,73.42604583862556,0.9691476821899414,48.45738410949707,-0.059293628,-1.0,0.980885,-0.47247183,-51.85269355773926,1.0,97781
10150,73.42437288415178,0.9691148996353148,48.45574498176575,-0.96346116,-1.0,-1.0,-0.078368604,-29.945883750915527,1.0,160000
4901,73.42259650942157,0.969080090522766,48.45400452613831,-1.0,-1.0,-0.50072515,-0.63032514,-20.0,1.0,152708
16852,73.4224809233499,0.9690778255462646,48.45389127731323,-0.7937714,-0.429124,-0.28734797,-0.92942095,-52.73364543914795,1.0,153889
47306,73.42231971118818,0.9690746665000916,48.45373332500458,-1.0,-1.0,0.19271958,-0.9141729,-20.0,1.0,114378
61257,73.42175394766862,0.9690635800361632,48.45317900180817,-1.0,-1.0,-1.0,-0.266177,-20.0,1.0,160000
52936,73.42082925862371,0.9690454602241516,48.45227301120758,-1.0,-0.8915669,-1.0,-0.9391855,-42.31710910797119,1.0,160000
10858,73.41925971983918,0.9690147042274476,48.450735211372375,-0.9573673,-1.0,0.09535748,-0.35722315,-37.8593173623085,1.0,160000
28253,73.41887037672893,0.9690070748329164,48.45035374164581,-1.0,-1.0,-1.0,0.68371516,-20.0,1.0,158430
2451,73.41829852892337,0.9689958691596984,48.44979345798493,-0.7910107,-1.0,-1.0,0.35382998,-23.925001621246334,1.0,160000
2456,73.41792743612694,0.968988597393036,48.449429869651794,-1.0,-0.7102679,-1.0,0.34792474,-39.6793545037508,1.0,103158
14842,73.41786355949236,0.9689873456954956,48.44936728477478,-1.0,-1.0,-1.0,-0.16529115,-23.02369713783264,1.0,142181
53638,73.41751680058985,0.9689805507659912,48.44902753829956,-0.3221599,-1.0,-1.0,-0.73992974,-20.0,1.0,142550
13616,73.41652823327324,0.9689611792564392,48.44805896282196,-1.0,-1.0,-0.77525234,-0.9772718,-43.24988067150116,1.3349512815475464,160000
17902,73.4160993470208,0.968952775001526,48.44763875007629,-1.0,-0.9239575,-1.0,-0.27952412,-48.61353516578674,1.0,160000
12743,73.41501040144611,0.9689314365386964,48.446571826934814,-0.5223955,-1.0,-0.4143247,-0.94176406,-24.499096870422363,1.0,160000
41639,73.41496781697244,0.9689306020736694,48.44653010368347,-1.0,-1.0,-1.0,-0.8561709,-20.0,9.389424085617064,145257
59216,73.41492827424622,0.9689298272132874,48.44649136066437,-0.9903633,-0.342364,0.3748657,-0.62327856,-20.0,1.0,159921
33240,73.41472447710868,0.9689258337020874,48.44629168510437,-0.8747483,0.09816885,-0.09381062,-0.57927835,-51.39107942581177,1.0,160000
59668,73.41424996430467,0.9689165353775024,48.44582676887512,-0.5731197,-1.0,-1.0,-0.19418722,-45.02136468887329,1.0,160000
30703,73.413672031919,0.9689052104949952,48.44526052474976,-1.0,-0.57002485,-1.0,-0.46460283,-20.0,1.0,160000
4134,73.4131123498995,0.9688942432403564,48.44471216201782,-0.60745144,-0.85227996,-0.05405569,-0.9840439,-35.97878396511078,1.0,154583
6293,73.41308497414528,0.9688937067985536,48.44468533992767,-1.0,-1.0,-1.0,-0.9370221,-51.09870314598084,1.0,160000
57787,73.41011622386623,0.9688355326652528,48.44177663326264,-1.0,-1.0,0.921564,-0.7903531,-29.794483184814453,1.0,109234
48051,73.40990938457308,0.968831479549408,48.4415739774704,-1.0,-1.0,0.7129015,-0.9504305,-33.985788226127625,1.0,160000
28485,73.40978467263788,0.9688290357589722,48.44145178794861,-0.9317426,-1.0,0.050732613,-0.3504545,-36.97461813688278,1.0,149539
24565,73.40941966205928,0.9688218832015992,48.44109416007996,-1.0,-0.6332648,-0.95069194,-0.4294007,-52.64100790023804,1.0,160000
23788,73.40939532801877,0.9688214063644408,48.441070318222046,-0.38760597,-1.0,-0.3606083,0.22655635,-32.84290015697479,1.0,160000
61270,73.40917936339861,0.968817174434662,48.44085872173309,-0.9330473,-1.0,-0.75258195,-0.4738279,-20.0,1.0,160000
52734,73.40788661703392,0.9687918424606324,48.439592123031616,-1.0,-1.0,-1.0,0.7920407,-33.95819365978241,1.0,160000
35294,73.40695279746987,0.9687735438346864,48.43867719173432,-1.0,-0.3927552,-1.0,-0.032260388,-20.0,1.0,112917
4454,73.40552317073599,0.9687455296516418,48.43727648258209,-0.42686653,-0.15799177,-0.47814187,-0.9234959,-34.05488073825836,1.0,160000
48270,73.40491786044134,0.9687336683273317,48.43668341636658,-1.0,-1.0,-1.0,-0.12732172,-29.256775379180908,1.0,160000
46354,73.40410266845086,0.9687176942825316,48.43588471412659,-1.0,-1.0,-0.77059734,-0.7963574,-20.0,1.0,160000
42115,73.40267608181321,0.968689739704132,48.43448698520661,-0.8917609,-0.17194843,-0.229226,-0.7925444,-52.998900413513184,1.0,102653
15107,73.40168750849477,0.96867036819458,48.43351840972901,-0.27794862,0.4497726,-0.9435286,0.40049425,-49.49740529060364,1.0,160000
4908,73.39991415904755,0.968635618686676,48.4317809343338,-1.0,-0.07857615,-0.10083079,-0.5940089,-58.29241156578064,1.0,160000
56507,73.39968906828811,0.9686312079429626,48.43156039714813,-0.35734344,-1.0,-0.13471532,-0.6076122,-56.825281381607056,1.0,160000
19349,73.39918109311967,0.9686212539672852,48.43106269836426,-0.6518433,0.06761104,-0.93131626,0.6266494,-45.73928892612457,1.0,160000
48376,73.39890125046676,0.9686157703399658,48.43078851699829,-1.0,-1.0,-1.0,-0.32095563,-42.87968337535858,1.0,105340
55281,73.39788225792726,0.968595802783966,48.4297901391983,-0.044579446,-1.0,-0.81507236,-0.039937258,-26.631128787994385,1.0,160000
45144,73.39737732415321,0.9685859084129332,48.42929542064667,-1.0,-1.0,-0.41905302,0.5489077,-22.74577140808105,1.0,160000
972,73.3970579382784,0.968579649925232,48.4289824962616,-0.65091044,-1.0,-0.39230892,-0.44675562,-60.0,1.0,144542
40865,73.39598115130707,0.9685585498809814,48.42792749404907,-1.0,-1.0,0.8018004,-0.8307011,-60.0,1.0,136816
28258,73.39593552473,0.9685576558113098,48.42788279056549,-1.0,-1.0,0.67556393,-0.13080409,-38.61338108778,1.0,160000
42655,73.39452414219201,0.968529999256134,48.4264999628067,-1.0,-1.0,0.010157704,-0.9749188,-60.0,1.0,160000
14834,73.39382453416617,0.9685162901878356,48.425814509391785,-1.0,-0.43070495,-0.25990927,-0.91393435,-33.17173957824707,1.0,156926
4604,73.39318880322111,0.9685038328170776,48.42519164085388,-1.0,-1.0,-1.0,-0.8245881,-39.2800148576498,1.0,160000
11589,73.39167095689854,0.9684740900993348,48.423704504966736,-0.4268365,-1.0,-1.0,-0.26534343,-33.991568088531494,1.0,115238
29772,73.39106868495006,0.9684622883796692,48.42311441898346,-1.0,-0.56112266,-0.23601264,-0.6687883,-54.26129341125488,1.0,160000
2464,73.38983980637234,0.96843820810318,48.421910405159,-1.0,-0.7841612,-0.048118353,-0.19280215,-44.08661663532257,1.0,160000
39580,73.38952041951205,0.9684319496154784,48.421597480773926,-1.0,-1.0,-1.0,-0.32021633,-37.9813876748085,1.0,160000
52722,73.38939570653622,0.9684295058250428,48.421475291252136,-0.510412,-1.0,-1.0,-0.10893923,-20.0,1.0,160000
5559,73.38886339498242,0.968419075012207,48.42095375061035,-0.75944674,-1.0,-1.0,-0.5272558,-20.0,1.0,160000
51188,73.38828241481129,0.9684076905250548,48.42038452625275,-0.1664505,-0.6191637,0.14588076,-0.5167498,-53.75849485397339,1.0,141501
4038,73.3875067604407,0.9683924913406372,48.41962456703186,-1.0,-0.5537195,-0.273158,-0.5679172,-29.169023036956787,1.0,144729
18538,73.38715999723064,0.9683856964111328,48.41928482055664,-0.44484174,-1.0,-1.0,-0.40993252,-20.0,1.0,128376
53599,73.38415775580079,0.9683268666267396,48.416343331336975,-0.3689311,0.38337803,-1.0,-0.6746853,-20.0,1.0,160000
2174,73.38371365493143,0.9683181643486024,48.41590821743012,-1.0,-1.0,-1.0,-0.7248905,-60.0,1.0,160000
47380,73.38197375211726,0.9682840704917908,48.41420352458954,-1.0,-1.0,-0.6228969,-0.06710243,-20.0,1.0,160000
22964,73.38126197333594,0.9682701230049132,48.41350615024567,-1.0,-0.11723828,-1.0,0.7233844,-21.34161949157715,1.0,160000
48820,73.38064448986613,0.968258023262024,48.4129011631012,-0.028789878,-1.0,-1.0,0.089799106,-20.1608943939209,1.0,160000
54472,73.38038289583675,0.9682528972625732,48.41264486312866,0.048184633,-1.0,-0.20279315,-0.18356967,-20.0,1.0,155407
29774,73.37778216297369,0.9682019352912904,48.410096764564514,-1.0,-1.0,-1.0,-0.7432249,-60.0,1.0,154765
35344,73.37572286726764,0.9681615829467772,48.40807914733887,-1.0,-0.5481939,0.2316404,-0.83664966,-20.0,1.0,138108
2457,73.37561336257289,0.9681594371795654,48.40797185897827,-1.0,-1.0,-0.3700863,-0.5789548,-44.72840964794159,1.2049359679222107,160000
33233,73.37520880351912,0.9681515097618104,48.40757548809052,-1.0,-1.0,-1.0,-0.20739046,-60.0,1.0,160000
39667,73.37248943490631,0.9680982232093812,48.404911160469055,-0.6026901,-1.0,-0.8839282,-0.7861259,-36.50125980377197,1.0,160000
50989,73.37199362128683,0.9680885076522828,48.404425382614136,-1.0,-1.0,-1.0,-0.39166635,-46.993988156318665,1.0,160000
50524,73.37067043720805,0.9680625796318054,48.40312898159027,0.07933271,-1.0,0.0087634325,-0.6374298,-34.32470798492432,1.0,160000
61402,73.36975789604611,0.9680446982383728,48.40223491191864,-1.0,-1.0,-0.48392233,-0.0026979446,-20.0,1.0,150489
6516,73.36926816548184,0.968035101890564,48.4017550945282,-1.0,-0.13838005,-1.0,-0.68783003,-44.84031856060028,1.0,160000
14535,73.36911911702973,0.96803218126297,48.4016090631485,-1.0,-0.31063676,-0.7243023,0.46360138,-24.50494170188904,1.0,160000
5066,73.3654780734437,0.9679608345031738,48.39804172515869,-1.0,-0.37457877,-0.7553891,-0.5131531,-48.81003856658936,1.0,130866
42571,73.36261572876526,0.9679047465324402,48.39523732662201,-1.0,-1.0,0.16108137,-0.6435421,-42.089684009552,1.0,131467
6513,73.36250318166891,0.9679025411605836,48.395127058029175,-1.0,-1.0,-0.9599068,-0.7187546,-20.0,1.0,160000
2460,73.36210470406984,0.967894732952118,48.394736647605896,-1.0,-1.0,-1.0,0.87505245,-56.8702244758606,1.0,124471
27937,73.36209862044187,0.9678946137428284,48.39473068714142,-1.0,-1.0,-0.40955526,0.23340409,-20.0,1.0,160000
52035,73.36087276909619,0.967870593070984,48.3935296535492,-1.0,-1.0,1.0,-0.6762517,-33.195154666900635,1.0,160000
4400,73.3561944523442,0.9677789211273192,48.38894605636597,-0.31633788,-0.8911151,-0.030991554,-0.91685796,-20.0,5.668266177177429,160000
50582,73.35613057409498,0.967777669429779,48.38888347148895,-1.0,-0.55362713,0.37838262,-0.49730623,-20.0,1.0,160000
43543,73.35547049875518,0.9677647352218628,48.38823676109314,-0.43576103,-1.0,-0.3487004,-0.31304616,-38.12002956867218,1.0,157397
10047,73.35520281838215,0.9677594900131226,48.38797450065613,-1.0,-1.0,-0.1268555,-0.71661067,-38.67571398615837,1.0,160000
11248,73.35457011920184,0.9677470922470092,48.387354612350464,-1.0,-1.0,-1.0,-0.91809905,-38.44156682491303,1.0,96296
34938,73.35429027143513,0.96774160861969,48.3870804309845,-1.0,-1.0,1.0,-0.58639574,-60.0,1.0,160000
16830,73.3541260129484,0.967738389968872,48.3869194984436,-1.0,-1.0,1.0,-0.7535839,-55.98936319351196,1.0886443257331848,160000
22756,73.35320434012328,0.9677203297615052,48.386016488075256,-1.0,-1.0,-1.0,-0.6881014,-35.83844214677811,1.0,160000
34633,73.35279977735408,0.96771240234375,48.3856201171875,-0.7473147,-0.30263078,-1.0,-0.59096956,-20.0,1.0,109525
4509,73.3520575717985,0.9676978588104248,48.38489294052124,-0.75627923,-0.84342486,-0.12387687,-0.47326466,-46.9196617603302,1.0,160000
32248,73.35147049921133,0.9676863551139832,48.38431775569916,-1.0,-0.7373973,0.070853174,-0.4882052,-56.589990854263306,1.0,153963
57912,73.3492955917631,0.9676437377929688,48.38218688964844,-1.0,-0.77514726,-1.0,0.39680937,-51.20425820350647,1.0,160000
8037,73.3482644111902,0.96762353181839,48.381176590919495,-1.0,-1.0,0.85133487,-0.65418476,-45.68799614906311,1.0,112717
4317,73.34559976556659,0.9675713181495668,48.37856590747833,-1.0,-1.0,0.58280843,-0.7038292,-22.5108802318573,1.0,160000
45313,73.34467504768325,0.9675531983375548,48.37765991687775,-1.0,0.14830536,-0.81386185,-0.6865324,-23.446500301361084,1.0,125226
31553,73.34395109067455,0.9675390124320984,48.37695062160492,-1.0,0.3811128,-0.10952574,-0.84564817,-23.144490718841556,1.0,95795
15264,73.34320584058811,0.9675244092941284,48.37622046470642,-1.0,-0.9287749,0.3047697,-0.7148167,-60.0,1.0,160000
3772,73.34219899215034,0.9675046801567078,48.37523400783539,-1.0,-0.80615765,-1.0,-0.23290768,-52.41833686828613,1.0,125252
56498,73.34210773698439,0.9675028920173644,48.37514460086823,-1.0,-1.0,-1.0,-0.61403304,-20.0,1.0,160000
1099,73.34145678336805,0.9674901366233826,48.37450683116913,-0.33067477,-1.0,0.17440444,-0.44230187,-20.0,1.0,160000
35360,73.34060506809354,0.9674734473228456,48.37367236614227,-1.0,-0.35273206,0.8711363,-0.40628573,-40.48788547515869,1.0,117638
6424,73.33973814331209,0.9674564599990844,48.372822999954224,-0.55476475,-0.6305778,-0.3266453,-0.75885284,-60.0,1.0,126391
31203,73.33928186698749,0.9674475193023682,48.37237596511841,-1.0,-0.7071011,0.06682998,-0.8699766,-23.361716270446777,1.0,160000
60556,73.33771227577864,0.967416763305664,48.3708381652832,-1.0,-0.97367907,-1.0,-0.33738297,-20.0,1.0,160000
32486,73.33748413743743,0.967412292957306,48.370614647865295,-1.0,-1.0,-0.70757043,-0.11008614,-60.0,1.0,160000
21732,73.33670846691753,0.9673970937728882,48.36985468864441,-0.94893014,-1.0,-1.0,-0.5486152,-31.537647247314453,1.0,160000
14803,73.33583241520998,0.9673799276351928,48.36899638175965,-1.0,-0.5534544,-1.0,-0.036467794,-32.39542782306671,1.0,123127
37765,73.33498373981803,0.9673632979393004,48.36816489696503,-1.0,-1.0,-0.9177713,0.013194263,-46.01677715778351,1.0,160000
2365,73.33238904225264,0.9673124551773072,48.36562275886536,-1.0,-1.0,-1.0,-0.46681958,-60.0,1.0,160000
34034,73.33060043317816,0.9672774076461792,48.36387038230896,-1.0,-1.0,-0.75297564,-0.32943156,-22.34321355819702,1.0,160000
44716,73.3297517559642,0.9672607779502868,48.36303889751434,-1.0,-0.86148596,1.0,-0.7499703,-28.2162606716156,1.0,93661
55343,73.3294810309126,0.967255473136902,48.36277365684509,-1.0,-1.0,-0.6748018,-0.84469134,-44.778149127960205,1.0,101842
36652,73.32862626959727,0.96723872423172,48.361936211586,-1.0,-0.8821985,-0.69565046,-0.7787479,-46.18098437786102,1.096643567085266,114437
449,73.32737302470667,0.9672141671180724,48.360708355903625,-1.0,0.055609345,-0.9078164,0.2246685,-21.31224751472473,1.0,160000
10766,73.32640571388916,0.967195212841034,48.3597606420517,-0.4541341,-0.89265645,-1.0,-0.8728224,-46.47786617279053,1.0,109255
21100,73.32560266310739,0.9671794772148132,48.35897386074066,-1.0,0.10859835,-0.0026541948,-0.7416657,-60.0,1.0,160000
22939,73.32332735112155,0.9671348929405212,48.35674464702606,-1.0,-1.0,-0.48202807,-0.28777838,-20.0,1.0,133668
36201,73.32219577805927,0.9671127200126648,48.35563600063324,-1.0,-1.0,-0.8095228,-0.89097476,-40.44882893562317,1.0,103706
60740,73.32117675348078,0.967092752456665,48.35463762283325,0.08259964,-1.0,-1.0,-0.591488,-60.0,1.0,150853
38529,73.3211250417744,0.967091739177704,48.35458695888519,-1.0,-1.0,-1.0,-0.9629823,-30.40553331375122,1.0,160000
48299,73.32086344136052,0.9670866131782532,48.35433065891266,-1.0,-0.5250375,-0.04010153,-0.021030784,-42.9688173532486,1.0,134010
7764,73.32082998084044,0.9670859575271606,48.35429787635803,-1.0,-0.76166815,0.35384214,-0.8524792,-55.77653288841248,1.0,156868
285,73.31898052592483,0.9670497179031372,48.35248589515686,-1.0,-0.0010727644,-1.0,-0.29603386,-60.0,1.0,160000
9804,73.31890752109672,0.9670482873916626,48.35241436958313,-0.5825284,-1.0,-1.0,0.47580457,-58.61744165420532,1.0,160000
14532,73.31816834708886,0.9670338034629822,48.35169017314911,-1.0,-1.0,0.4334166,-0.8919699,-22.794651985168457,1.0,160000
51802,73.3172557862759,0.9670159220695496,48.35079610347748,-1.0,-1.0,-1.0,-0.42872518,-47.78454959392548,1.0,160000
27797,73.31716148830571,0.9670140743255616,48.35070371627808,-1.0,-1.0,-1.0,0.26289746,-37.40459144115448,1.0,160000
48126,73.31603295425043,0.96699196100235,48.34959805011749,-0.82621676,-1.0,1.0,0.18631375,-20.0,1.0,126200
1872,73.3153911192849,0.9669793844223022,48.34896922111511,-1.0,-1.0,-1.0,-0.23375738,-20.0,1.0,160000
44132,73.31482228910295,0.9669682383537292,48.34841191768646,-1.0,-1.0,-0.11222285,0.66228426,-29.92008209228516,1.0,160000
27132,73.31333785463337,0.9669391512870787,48.34695756435394,-0.27943903,-0.6024903,-0.8156028,-0.5769908,-20.0,1.0,160000
10084,73.31182908424522,0.9669095873832704,48.34547936916351,-0.7119806,-0.1550225,-0.64814234,-0.4655004,-28.05637240409851,1.0,160000
33139,73.31167090665038,0.966906487941742,48.3453243970871,-0.32176232,-0.43069184,-1.0,-0.6673578,-20.0,1.0,160000
31783,73.30955071751227,0.9668649435043336,48.34324717521668,-1.0,-0.726059,-0.963937,-0.8874219,-29.92948889732361,1.0,160000
20260,73.30949292179973,0.9668638110160828,48.34319055080414,-0.9893533,-1.0,-1.0,-0.8734127,-28.5420823097229,1.0,160000
60528,73.30895755092361,0.9668533205986024,48.34266602993012,-1.0,-0.4587859,-1.0,1.0,-24.94729995727539,1.0,160000
8926,73.30895755092361,0.9668533205986024,48.34266602993012,-0.51952314,-1.0,-1.0,1.0,-27.258825302124023,1.0,160000
60529,73.30895755092361,0.9668533205986024,48.34266602993012,-0.60491884,-0.4433517,-1.0,1.0,-45.190805196762085,1.0,160000
34728,73.30895755092361,0.9668533205986024,48.34266602993012,-1.0,-1.0,-1.0,1.0,-40.061734318733215,1.0,160000
2037,73.30808148923602,0.966836154460907,48.34180772304535,-0.67526406,-1.0,-1.0,-0.47539538,-60.0,1.0,144917
20401,73.30614989377631,0.9667983055114746,48.33991527557373,-0.8211092,-1.0,-0.22360203,-0.4266385,-43.13695847988129,1.0,131617
9666,73.30610730740246,0.9667974710464478,48.33987355232239,-1.0,-0.094756365,-1.0,-0.36928496,-31.418052911758423,1.0,160000
19763,73.30473845927445,0.9667706489562988,48.33853244781494,-1.0,-0.23841888,-0.55493045,-0.9645089,-51.23553514480591,1.0,150812
32186,73.30310800805532,0.9667387008666992,48.33693504333496,-0.20020068,-0.14743423,-1.0,-0.9529498,-20.0,3.1331876516342163,160000
32126,73.3021498132659,0.966719925403595,48.33599627017975,-1.0,-1.0,-0.19408965,-0.15103886,-20.0,1.0,160000
13426,73.30213460382176,0.9667196273803712,48.33598136901856,-1.0,-1.0,-1.0,0.23526241,-50.81323981285095,1.0,105255
50526,73.30210114304431,0.9667189717292786,48.33594858646393,-0.25727808,-0.96570903,-1.0,-0.51316744,-53.00636291503906,1.0,160000
28252,73.30045243871302,0.9666866660118104,48.33433330059052,-1.0,-1.0,-1.0,1.0,-20.0,1.0,156263
54053,73.30045243871302,0.9666866660118104,48.33433330059052,-1.0,-1.0,-1.0,1.0,-20.0,1.0,160000
16001,73.30039464278445,0.9666855335235596,48.33427667617798,-0.6981236,-0.36448818,-1.0,-0.6555364,-48.465678691864014,1.0,124600
52083,73.3000356996185,0.966678500175476,48.33392500877381,-1.0,-0.36315084,-1.0,-0.39179796,-20.0,1.0,160000
20685,73.2991991793229,0.9666621088981628,48.33310544490814,-1.0,-1.0,0.10981113,0.042849317,-60.0,1.0,160000
11016,73.29824098299463,0.9666433334350586,48.33216667175293,-0.24943566,-1.0,-0.88058126,-0.48878315,-55.840293169021606,1.0,103332
13786,73.29724628355001,0.966623842716217,48.33119213581085,-1.0,-0.26999986,0.40420926,-0.9170626,-20.0,1.0,160000
57818,73.29714894290973,0.9666219353675842,48.33109676837921,-1.0,-1.0,-0.8929477,-0.91474,-26.381123065948486,1.0,104827
22163,73.2971093982735,0.966621160507202,48.33105802536011,-1.0,-1.0,1.0,-0.17504719,-36.297277212142944,1.0,160000
10408,73.29672307756275,0.9666135907173156,48.33067953586578,-0.87166214,-1.0,-0.37489456,-0.052052543,-60.0,1.0,160000
11059,73.29520517118405,0.9665838479995728,48.32919239997864,-0.61641085,-0.62556803,-0.40452707,-0.2765789,-56.40268921852112,1.0,158677
21676,73.29497702886093,0.9665793776512146,48.32896888256073,-1.0,-1.0,-0.071273506,-0.30593422,-20.0,1.0809645652770996,116437
54043,73.29464850387804,0.9665729403495787,48.32864701747894,-1.0,-0.91071075,-0.18688658,-0.18120211,-29.239002466201782,1.0,160000
31787,73.2943625654309,0.96656733751297,48.3283668756485,-1.0,-1.0,-0.4696231,-0.96711975,-28.75927209854126,1.0,125602
51809,73.29277165196783,0.9665361642837524,48.32680821418762,-1.0,-1.0,-0.390718,-0.2568357,-40.78327775001526,1.1114153861999512,152229
22751,73.29177695028744,0.9665166735649108,48.32583367824554,-1.0,-1.0,-0.15258875,-0.807873,-22.133201360702515,1.0,153921
3993,73.29176174077848,0.966516375541687,48.32581877708435,-1.0,0.06548619,-1.0,0.06985289,-45.85531771183014,1.0,97773
45733,73.29062406923778,0.966494083404541,48.32470417022705,-1.0,-1.0,-0.21733105,-0.56102586,-20.0,1.0,160000
60782,73.29025295701584,0.9664868116378784,48.32434058189392,-1.0,0.2263149,-0.71288896,1.0,-40.201455950737,1.0,119174
17284,73.28999743709242,0.9664818048477172,48.32409024238586,-0.48351312,-1.0,-1.0,-0.38497758,-32.154056429862976,1.0,128564
11,73.28984534188717,0.9664788246154784,48.323941230773926,-1.0,-0.9886516,0.41899312,-0.710186,-37.74889096617699,1.0075337290763855,160000
12744,73.2896962885768,0.9664759039878844,48.32379519939423,-0.6710125,-0.9425646,0.2358371,-0.83973587,-45.276503562927246,1.0,160000
5065,73.28922479335121,0.9664666652679444,48.32333326339722,-0.18182778,-1.0,-1.0,-0.6974193,-59.24992084503174,1.0,137865
30837,73.2879228576731,0.9664411544799804,48.32205772399902,-1.0,-1.0,-0.15051001,-0.3447777,-37.92393624782562,1.0,160000
8213,73.28769775657398,0.9664367437362672,48.32183718681336,-1.0,-0.6391137,-1.0,-0.45864147,-60.0,1.0,160000
60602,73.2871228361047,0.9664254784584044,48.32127392292023,0.14246202,-1.0,-0.36258078,0.26622838,-20.0,1.0,160000
2280,73.28709545893611,0.9664249420166016,48.32124710083008,-1.0,-0.21516359,0.5181996,-0.96320695,-36.462401151657104,1.0,160000
48770,73.28674259762442,0.9664180278778076,48.32090139389038,-1.0,-0.97423935,-1.0,0.7798302,-20.0,1.0,160000
33679,73.2847866499427,0.966379702091217,48.31898510456085,-0.9705372,-1.0,-1.0,-0.94536614,-29.344382286071777,1.0,123853
53640,73.28310143092756,0.9663466811180116,48.317334055900574,-1.0,-1.0,-1.0,-0.46946973,-36.77377998828888,1.0,160000
25061,73.28301017354686,0.9663448929786682,48.31724464893341,-1.0,-1.0,-1.0,-0.32651237,-47.539957761764526,1.0,160000
4132,73.28272423373177,0.9663392901420592,48.316964507102966,-1.0,-0.0025527477,-1.0,-0.9801643,-20.0,1.0,160000
27836,73.28251434171845,0.9663351774215698,48.31675887107849,-1.0,-1.0,-1.0,-0.4725085,-35.19124060869217,1.0,160000
770,73.28029374394623,0.9662916660308838,48.31458330154419,-1.0,0.11424613,-1.0,0.21939346,-20.0,1.0827491283416748,114623
36916,73.27918648621731,0.9662699699401855,48.31349849700928,-1.0,-1.0,-0.35894275,-0.8319665,-26.15242719650269,1.0366878509521484,160000
17429,73.27726703549821,0.9662323594093324,48.31161797046661,-1.0,-1.0,0.029594958,-0.9378793,-20.0,3.597990930080414,160000
27673,73.27564264971231,0.9662005305290222,48.31002652645111,-0.20500106,-1.0,-1.0,-0.22194573,-29.322117567062374,1.0,160000
21882,73.27538104440939,0.9661954045295716,48.30977022647858,-0.8521613,-0.40121406,-1.0,-0.6395527,-44.26404356956482,1.0,160000
4691,73.274118646331,0.9661706686019896,48.30853343009949,-0.15736115,-1.0,-1.0,-0.5249957,-20.0,1.0,94324
5434,73.27373840581751,0.9661632180213928,48.30816090106964,0.15317833,-0.8135402,-1.0,-0.6033264,-60.0,1.0,160000
23256,73.27313306279733,0.9661513566970824,48.307567834854126,-1.0,-0.9840236,-1.0,-0.826504,-20.0,1.0,160000
55288,73.27125923621159,0.9661146402359008,48.30573201179504,-1.0,0.15827984,0.31402445,-0.42450804,-60.0,1.0,160000
61401,73.2678857363312,0.966048538684845,48.30242693424225,-1.0,-0.10955733,-0.6068237,0.28083584,-33.59999716281891,1.0,144731
434,73.26641039902384,0.9660196304321288,48.300981521606445,-0.7635335,-1.0,-0.12598205,-0.4546147,-36.794737577438354,1.0,160000
7500,73.26615791852892,0.9660146832466124,48.30073416233063,-0.40401196,-0.6248254,-0.03453672,-0.95783544,-38.709260672330856,1.0,160000
43082,73.26564687359148,0.9660046696662904,48.300233483314514,-1.0,-1.0,-1.0,-0.36094844,-20.0,1.0,160000
6012,73.26546739945104,0.9660011529922484,48.30005764961243,0.13184893,-1.0,-0.5868225,-0.70266026,-37.34883040189743,1.0,160000
20925,73.26525750594797,0.965997040271759,48.29985201358795,-1.0,0.11755848,-1.0,0.3289901,-31.386464834213257,1.0,160000
42350,73.26489247372552,0.965989887714386,48.2994943857193,-1.0,-1.0,-0.19677252,-0.8343309,-60.0,1.0,100842
4147,73.26447268660195,0.965981662273407,48.29908311367035,-1.0,-0.39201528,-0.2004947,-0.91200495,-37.17477649450302,1.0,160000
42082,73.26421716396948,0.9659766554832458,48.29883277416229,-1.0,-0.68092144,0.42124593,-0.5134171,-33.85991394519806,1.0,97628
20752,73.26193571070311,0.9659319519996644,48.296597599983215,-1.0,-0.3778268,-0.5959469,-0.5790442,-25.990493297576904,1.0,94367
55382,73.26130602922444,0.9659196138381958,48.29598069190979,-1.0,-1.0,-1.0,-0.58454496,-51.11422061920166,1.0,149657
9495,73.25992498811533,0.9658925533294678,48.29462766647339,-1.0,-1.0,-0.23360404,-0.07120918,-21.871436834335327,1.0,160000
19818,73.25938656438657,0.9658820033073424,48.29410016536713,-1.0,-0.8429847,-0.792184,-0.46943438,-20.0,1.0,160000
23801,73.25778650220607,0.9658506512641908,48.292532563209534,-1.0,-0.15286249,-0.8649088,-0.40699062,-38.89560431241989,1.0,152379
23839,73.25749143359002,0.9658448696136476,48.29224348068237,-0.37859905,-1.0,-0.9732492,-0.35081562,-20.0,1.0,135492
30046,73.25671877951847,0.9658297300338744,48.291486501693726,-1.0,-1.0,-1.0,-0.8169382,-22.52715826034546,1.0,160000
26007,73.25497574403731,0.9657955765724182,48.28977882862091,-1.0,-0.97816443,-1.0,-0.6964382,-41.82647496461868,1.0,126927
37807,73.25258781381743,0.9657487869262696,48.28743934631348,-1.0,-1.0,0.44420564,-0.627517,-20.59839963912964,1.391606092453003,160000
4577,73.25135582342301,0.9657246470451356,48.286232352256775,-1.0,-0.0634408,0.37852126,-0.5029169,-20.0,1.0,152391
45147,73.25109725745844,0.9657195806503296,48.28597903251648,0.14443731,-1.0,-0.6888446,0.46443266,-32.62222409248352,1.0,119178
37517,73.24914432304877,0.9656813144683838,48.28406572341919,-1.0,-0.52281696,0.31455636,-0.8506855,-20.0,1.0,78511
46900,73.2471640094505,0.965642511844635,48.28212559223175,-1.0,-1.0,-0.6712749,-0.33740437,-20.243465900421143,1.0,160000
15359,73.24680201646765,0.9656354188919068,48.28177094459534,-0.52245903,-1.0,-1.0,0.5072158,-35.489061772823334,1.0,160000
6294,73.24655865981022,0.9656306505203248,48.28153252601624,-1.0,-1.0,0.48385942,-0.66721284,-41.9708739221096,1.0,160000
6422,73.24651607239265,0.965629816055298,48.28149080276489,-0.073681116,-1.0,0.06744212,-0.7601784,-59.74303960800171,1.0,160000
3296,73.24525365931866,0.965605080127716,48.2802540063858,-1.0,-0.66612476,-1.0,0.12840441,-23.676307201385494,1.0,160000
9137,73.24379351807728,0.965576469898224,48.2788234949112,-0.7913301,-0.5879745,-1.0,-0.38236085,-20.0,1.0,160000
3578,73.24281400616917,0.9655572772026062,48.27786386013031,-1.0,-0.726423,-0.18556398,-0.76633847,-20.0,1.0,156193
57620,73.2407758900629,0.9655173420906068,48.275867104530334,-0.26325423,-1.0,-1.0,0.51719534,-20.0,1.0,160000
59636,73.23688217095439,0.9654410481452942,48.27205240726471,-1.0,-1.0,-0.6965841,-0.2306301,-20.0,1.0,160000
23882,73.23442729952546,0.9653929471969604,48.26964735984802,-1.0,-0.56417984,-1.0,-0.4642367,-20.0,1.0,160000
39669,73.23391624791209,0.9653829336166382,48.26914668083191,-1.0,-0.81116474,-0.9306685,-0.32456964,-60.0,1.0,145391
48961,73.23333827274351,0.9653716087341307,48.26858043670654,-1.0,-0.9696948,-0.88548684,-0.716056,-60.0,1.0392216444015503,160000
12855,73.2327177097777,0.9653594493865968,48.26797246932984,-1.0,-1.0,-0.93942857,-0.48384678,-39.43554654717445,1.0,160000
60245,73.23234050476019,0.9653520584106444,48.26760292053223,-0.29121912,-0.36174524,-1.0,-0.8206664,-20.76573133468628,1.0,160000
3435,73.232282707212,0.9653509259223938,48.26754629611969,-0.05772209,-0.96007985,-0.65849835,-0.5205561,-57.5861132144928,1.0,160000
1932,73.2282977150446,0.965272843837738,48.2636421918869,-0.02780521,-1.0,-1.0,-0.40315282,-25.43184876441956,1.0,160000
10091,73.22827033721319,0.9652723073959352,48.26361536979675,-1.0,-1.0,-0.2435494,-0.89978516,-48.216344118118286,1.0,160000
55373,73.22762239511292,0.965259611606598,48.262980580329895,-0.7553579,-0.42795944,-0.8303583,-0.26800174,-38.699716329574585,1.0,160000
46713,73.2275615554702,0.9652584195137024,48.26292097568512,-0.51195914,-1.0,-0.7004442,-0.895643,-20.0,1.0,160000
42344,73.22455607522134,0.9651995301246644,48.259976506233215,-1.0,-1.0,-0.22219187,-0.8214395,-60.0,1.0,107452
38570,73.22364347926732,0.9651816487312316,48.259082436561584,-0.79152286,-1.0,0.59456605,-0.77660036,-20.1521098613739,1.0,129341
44137,73.22257878355384,0.9651607871055604,48.258039355278015,-1.0,-1.0,-1.0,0.686761,-43.992265462875366,1.0,100449
54474,73.220765757778,0.9651252627372742,48.25626313686371,-1.0,-1.0,-0.1240747,-0.13141692,-30.02768874168396,1.0,107843
38473,73.21739827174333,0.9650592803955078,48.25296401977539,-0.8688225,-1.0,1.0,-0.6085489,-29.297404289245605,1.0,131734
45764,73.21585293783386,0.965029001235962,48.251450061798096,-1.0,-1.0,-0.55152285,-0.7417437,-33.0829644203186,1.0,160000
23161,73.21540272225772,0.9650201797485352,48.25100898742676,-1.0,-0.69389343,-1.0,-0.70868266,-33.731831312179565,1.0,157731
23802,73.2106632856495,0.9649273157119752,48.24636578559876,-1.0,0.07132149,-1.0,-0.5130357,-20.0,1.0,95777
19820,73.20770037256432,0.964869260787964,48.24346303939819,-1.0,-1.0,-0.85628545,-0.4536216,-60.0,1.0,149677
30420,73.20763040640048,0.964867889881134,48.2433944940567,-1.0,-1.0,-0.877516,-0.9322189,-29.08637046813965,1.0,160000
31533,73.20432982637789,0.9648032188415528,48.24016094207764,-1.0,-0.3708254,-0.40854263,0.059162512,-48.706597089767456,1.0,160000
5735,73.20368491989485,0.9647905826568604,48.23952913284302,0.0069636106,-1.0,-1.0,0.21692216,-20.0,1.0,160000
21287,73.20343547488844,0.9647856950759888,48.23928475379944,-1.0,-1.0,-0.4499724,-0.37657884,-20.0,1.0,160000
46626,73.2030430552532,0.9647780060768129,48.23890030384064,-1.0,-1.0,-1.0,-0.6828842,-47.95725107192993,1.0,160000
26005,73.20190534215331,0.9647557139396667,48.23778569698334,-1.0,-1.0,-0.775704,-0.0753226,-60.0,1.0,160000
38062,73.20185971193763,0.9647548198699952,48.23774099349976,-1.0,-1.0,-1.0,-0.95646286,-59.82895612716675,1.0,160000
35870,73.19999799840562,0.9647183418273926,48.23591709136963,-1.0,-1.0,-1.0,0.23341636,-22.519352436065677,1.0,160000
53056,73.19866863672432,0.9646922945976256,48.23461472988129,-1.0,-0.7059124,0.23818135,-0.93398625,-34.43467617034912,1.0,160000
9461,73.1979537622922,0.9646782875061036,48.233914375305176,-1.0,-1.0,0.38453555,-0.8848337,-39.588210582733154,1.0,160000
25876,73.19259371834382,0.9645732641220092,48.228663206100464,-1.0,-0.97951204,-1.0,-0.20175534,-49.795838594436646,1.0,128606
34845,73.19240511272224,0.9645695686340332,48.22847843170166,-1.0,-1.0,-0.7269268,-0.23361978,-20.0,1.0,146876
22164,73.1918636319852,0.9645589590072632,48.22794795036316,-1.0,-1.0,0.29263294,0.13231808,-20.0,1.0,84637
20403,73.19081413245934,0.9645383954048156,48.226919770240784,-0.19765222,-1.0,-1.0,-0.28675613,-60.0,1.0,160000
59640,73.1904065006369,0.9645304083824158,48.22652041912079,-1.0,-1.0,-0.88014495,-0.030199349,-20.0,1.0,160000
26248,73.1903000296272,0.9645283222198486,48.22641611099243,-1.0,-1.0,-0.3448397,0.20994975,-29.825007915496823,1.0,93816
51808,73.18847176955941,0.9644924998283386,48.22462499141693,-0.7936886,0.08651769,-1.0,-0.10536814,-32.11795747280121,1.0,160000
11590,73.18701159413841,0.9644638895988464,48.22319447994232,-1.0,-1.0,-0.73943543,-0.23417965,-33.31051826477051,1.0,101672
50089,73.18424030045065,0.964409589767456,48.2204794883728,-1.0,-0.38522482,-1.0,-0.88325316,-40.074992179870605,1.0,160000
8032,73.18414295527995,0.9644076824188232,48.22038412094116,-0.49383903,-0.972981,-1.0,0.033314884,-48.70502710342407,1.0,127800
6449,73.18369577585179,0.9643989205360411,48.21994602680206,-1.0,-1.0,-1.0,-0.41014358,-22.780134677886963,1.0,154509
10196,73.18252459124396,0.9643759727478028,48.21879863739014,-1.0,-1.0,1.0,-0.74146974,-33.007139563560486,1.0,160000
14501,73.18251850716659,0.9643758535385132,48.21879267692566,-1.0,-0.46768415,-0.750976,-0.6075286,-26.650794744491577,1.0,112331
10665,73.18145379339273,0.9643549919128418,48.21774959564209,-1.0,-0.9708998,0.34718382,-0.7178887,-53.854347467422485,1.0,131979
45150,73.18133211178878,0.9643526077270508,48.21763038635254,-0.6272832,-0.08846927,-1.0,0.7841484,-45.90476036071777,1.0,131870
19472,73.18112829508846,0.9643486142158508,48.21743071079254,-1.0,-1.0,-0.5235901,-0.5186584,-36.39351636171341,1.0,112668
633,73.1806750310218,0.9643397331237792,48.216986656188965,-1.0,-0.6911745,-0.15557426,-0.7313154,-60.0,1.0,118008
19322,73.18024001911968,0.9643312096595764,48.21656048297882,-1.0,-1.0,1.0,-0.1893069,-58.90782833099365,1.0,160000
36504,73.17967724136815,0.964320182800293,48.21600914001465,-1.0,-1.0,-0.22382167,0.1314956,-53.5999321937561,1.0,155902
18583,73.17965594707229,0.9643197655677797,48.21598827838898,-0.38088918,-0.33734792,-1.0,-0.504766,-60.0,1.0,114977
55029,73.17891064659896,0.9643051624298096,48.21525812149048,-1.0,-1.0,-1.0,-0.35344464,-43.9919900894165,1.0,160000
19350,73.17699111656887,0.9642675518989564,48.213377594947815,0.11840582,-0.31826955,-0.18296996,1.0,-30.56892991065979,1.0,154724
9560,73.17672645858484,0.9642623662948608,48.21311831474304,-0.59157825,-1.0,-0.29802048,-0.098331586,-39.98048581182957,1.0,122477
4142,73.17672037449292,0.9642622470855712,48.21311235427856,-1.0,-0.9840125,0.50032794,-0.97433114,-59.43248629570007,1.0,123303
58044,73.17562827974444,0.9642408490180968,48.212042450904846,-1.0,-1.0,-1.0,-0.37566096,-54.611560106277466,1.0,160000
22328,73.17549747170534,0.9642382860183716,48.21191430091858,-1.0,-1.0,-1.0,0.5752748,-60.0,1.0,130908
1938,73.17542446256417,0.964236855506897,48.21184277534485,-0.32973802,-1.0,-0.70967495,-0.4868341,-60.0,1.0,134551
3295,73.17225160484408,0.9641746878623962,48.20873439311981,-0.2418617,-1.0,-1.0,-0.789505,-35.91617852449417,1.0,86788
59676,73.17104086801227,0.9641509652137756,48.20754826068878,-0.8701355,-1.0,-0.5981953,-0.64305633,-29.065017700195312,1.0,160000
40832,73.17020430326477,0.9641345739364624,48.20672869682312,-0.09159744,-0.2925123,-0.9319343,0.15570703,-43.61925542354584,1.0,147133
15158,73.16985446701193,0.9641277194023132,48.20638597011566,-1.0,-1.0,-0.15462846,0.4837653,-20.0,1.0,89834
18797,73.16900573363193,0.9641110897064208,48.205554485321045,-0.6454249,-1.0,-1.0,-0.9483166,-27.34100580215454,1.0,160000
34984,73.16788017277659,0.964089035987854,48.2044517993927,-0.5487741,-1.0,0.6652535,-0.8129169,-22.755606174468998,1.0,145264
38476,73.1650297636213,0.9640331864356996,48.20165932178497,-0.4655409,-0.06256735,-0.34628725,-0.8344345,-30.671591758728027,1.0,153450
60643,73.16462212745927,0.9640251994132996,48.20125997066498,-1.0,-1.0,-1.0,-0.3541926,-20.0,1.0,160000
18571,73.16415973411776,0.9640161395072936,48.200806975364685,-0.60039073,-1.0,0.27777612,-0.823393,-20.6980299949646,1.0,160000
27356,73.16351481694129,0.9640035033226012,48.20017516613007,-1.0,0.32931,-0.63419634,0.31233314,-20.0,1.0,160000
51381,73.16046058420578,0.9639436602592468,48.19718301296234,-0.7714083,0.13169175,0.2130518,1.0,-60.0,1.0,44411
31354,73.1595510061822,0.963925838470459,48.19629192352295,-1.0,-1.0,-1.0,-0.3533154,-58.88951778411865,1.0,159768
56496,73.15813644436264,0.9638981223106384,48.19490611553192,-1.0,-0.5242252,-1.0,-0.76930267,-32.745429277420044,1.1924210786819458,160000
11112,73.15758278768341,0.9638872742652892,48.19436371326447,-1.0,-1.0,-1.0,-0.83678615,-27.69777655601501,1.0,160000
28170,73.15600091075908,0.963856279850006,48.19281399250031,-1.0,-0.5602233,-1.0,-0.43754953,-39.653553664684296,1.0,160000
38190,73.15574233462503,0.9638512134552002,48.19256067276001,-1.0,-1.0,-1.0,-0.36473498,-46.93840920925141,1.0,160000
55882,73.15458330479063,0.9638285040855408,48.19142520427704,-1.0,-1.0,-1.0,0.7152965,-60.0,1.0,160000
34561,73.15415437234897,0.9638200998306274,48.19100499153137,-1.0,-0.59634197,-1.0,-0.9285387,-33.0320405960083,1.0,160000
27131,73.15135566235237,0.963765263557434,48.1882631778717,-1.0,-1.0,-0.22195989,-0.8210848,-27.918150424957275,1.12457013130188,149768
19771,73.14867254820737,0.9637126922607422,48.18563461303711,-1.0,-1.0,0.8667627,-0.76548016,-47.51485526561737,1.0,160000
52723,73.14789681737284,0.9636974930763244,48.18487465381622,-1.0,-1.0,-1.0,-0.49580437,-20.0,1.4730606079101562,160000
15528,73.14607156736915,0.9636617302894592,48.18308651447296,-1.0,-0.3997203,-0.64761955,-0.24002251,-20.0,1.1405060291290283,153127
1206,73.14453531421529,0.9636316299438475,48.18158149719238,-1.0,-0.4277044,0.06713319,-0.88415444,-22.079567909240723,1.0,128156
55287,73.1424453999424,0.963590681552887,48.17953407764435,-0.41546655,-1.0,-0.26321137,-0.016687512,-24.857054948806763,1.0,160000
59834,73.14086351312025,0.9635596871376038,48.17798435688019,-0.17526495,-1.0,-1.0,-0.23901767,-60.0,1.0,160000
22412,73.1400908218733,0.9635445475578308,48.17722737789154,0.11127889,-0.4514135,-1.0,-0.4541293,-60.0,1.0,106483
45472,73.13918427828459,0.9635267853736876,48.17633926868439,-0.9248744,-1.0,-1.0,-0.42675197,-20.0,1.0,153490
50638,73.13747462133007,0.963493287563324,48.1746643781662,-0.23637629,-1.0,1.0,-0.90570146,-34.15294587612152,1.0,160000
52369,73.1358470997966,0.9634613990783693,48.17306995391846,-1.0,-0.06916374,-0.34670585,-0.8175645,-20.0,1.1992997527122498,126062
2452,73.1327593690168,0.963400900363922,48.170045018196106,-1.0,-1.0,1.0,-0.47637194,-60.0,1.1792997121810913,160000
4244,73.13180414904093,0.9633821845054626,48.16910922527313,0.19197416,-1.0,-1.0,-0.47082692,-60.0,1.0,110905
15957,73.13155165452565,0.9633772373199464,48.168861865997314,-0.9118275,-1.0,-0.44144502,-0.87690103,-47.509257793426514,1.0,160000
11761,73.13086718130941,0.9633638262748718,48.16819131374359,-0.67838323,-1.0,-0.41494364,-0.87341213,-31.3745379447937,1.0,132138
24426,73.13055688672088,0.9633577466011048,48.16788733005524,-1.0,-1.0,0.64442647,-0.4475499,-40.95213145017624,1.0,160000
20355,73.13054471830483,0.9633575081825256,48.16787540912628,-1.0,-1.0,-1.0,-0.74374706,-20.0,1.0,160000
35463,73.1301827078994,0.9633504152297974,48.16752076148987,-1.0,-0.27054828,-0.41858143,-0.34409025,-42.25101888179779,1.0,160000
22869,73.12935221323498,0.9633341431617736,48.16670715808869,-1.0,0.13636708,0.2915088,0.12516153,-20.0,1.0,150228
4341,73.12831485502996,0.9633138179779052,48.165690898895264,-1.0,-1.0,-1.0,-0.5574496,-28.6223304271698,1.0,160000
7331,73.1281840444329,0.96331125497818,48.165562748909,-0.2183038,-0.50881577,-1.0,-0.609483,-20.0,1.0,158217
23574,73.12739309648597,0.9632957577705384,48.16478788852692,-1.0,-1.0,-0.43915454,-0.43326446,-52.37310171127319,1.0,133367
35300,73.12716189626799,0.9632912278175354,48.16456139087677,-1.0,-1.0,-1.0,-0.91356194,-28.731894493103027,1.0,160000
32412,73.1264470007172,0.9632772207260132,48.16386103630066,-1.0,-1.0,-1.0,-0.25980574,-20.0,1.0,160000
36510,73.12379732217201,0.9632253050804138,48.16126525402069,-1.0,-1.0,-1.0,0.177317,-20.0,1.0,160000
30236,73.12161916863212,0.9631826281547546,48.15913140773773,-1.0,-0.75329995,-0.6738841,-0.25974745,-22.85899519920349,1.0,160000
59367,73.11874132588875,0.9631262421607972,48.156312108039856,-1.0,-1.0,0.25898838,-0.82765746,-39.09081757068634,1.1889127492904663,160000
44138,73.1186561465587,0.9631245732307434,48.15622866153717,-1.0,-0.54103845,-0.022359014,0.70971406,-20.0,1.0,145515
44374,73.11414772201881,0.9630362391471864,48.151811957359314,-0.9208218,-1.0,-1.0,0.09501392,-21.48782968521118,1.0,134151
4035,73.11375833003093,0.963028609752655,48.15143048763275,-1.0,-1.0,-1.0,-0.34287384,-20.0,1.0,160000
12705,73.11071620296501,0.9629690051078796,48.14845025539398,-1.0,-1.0,0.08418423,-0.6769828,-20.0,1.0913074612617493,160000
44898,73.109228601435,0.9629398584365844,48.14699292182922,-0.99084246,-1.0,-1.0,-0.8666064,-20.0,1.0,160000
20341,73.10783530510159,0.9629125595092772,48.14562797546387,-0.8623123,0.015576661,-0.6779901,-0.8195827,-58.49754333496094,1.0,160000
16660,73.10547460904267,0.9628663063049316,48.14331531524658,-1.0,-1.0,-1.0,-0.42977262,-60.0,1.0,160000
6020,73.10534075507329,0.9628636837005616,48.14318418502808,-0.54093874,-1.0,-0.28202218,0.16623981,-51.07916235923767,1.0,160000
5751,73.10486009757666,0.962854266166687,48.14271330833435,-1.0,-1.0,-1.0,0.15784228,-37.86566555500031,1.0,127937
51889,73.10434293434052,0.9628441333770752,48.14220666885376,-1.0,-1.0,-1.0,-0.26141065,-46.66471242904663,1.0,160000
12262,73.10134642752767,0.9627854228019714,48.13927114009857,-0.04875499,-0.1832056,-1.0,-0.64049983,-36.31576120853424,1.0,160000
11066,73.10050679652537,0.9627689719200134,48.13844859600067,-1.0,-1.0,-1.0,-0.0057022832,-24.134613275527958,1.0,150481
34961,73.09932948734561,0.9627459049224854,48.13729524612427,-1.0,-0.7803815,-1.0,-0.8771323,-20.0,4.786481022834778,160000
39860,73.09911349515988,0.9627416729927064,48.13708364963532,-0.5566125,-1.0,-1.0,1.0,-45.03926634788513,1.0,146409
35606,73.09910741087268,0.9627415537834167,48.13707768917084,-1.0,-1.0,-0.14418447,0.0015698969,-42.93377339839935,1.0,160000
20989,73.09699920443414,0.9627002477645874,48.13501238822937,-1.0,-1.0,-1.0,-0.33410147,-34.582085609436035,1.0,160000
14495,73.09448334816523,0.9626509547233582,48.13254773616791,-0.6913811,-1.0,-1.0,-0.39554042,-43.21185469627381,1.0,160000
23366,73.09436166218491,0.9626485705375672,48.13242852687836,-1.0,-1.0,-0.56421065,-0.41167006,-34.07829523086548,1.0,160000
36317,73.0942582290968,0.9626465439796448,48.13232719898224,-0.14980161,-1.0,-1.0,0.92419887,-29.055297374725345,1.0,160000
44078,73.09403919430737,0.962642252445221,48.13211262226105,-1.0,-1.0,-0.39187127,-0.9306885,-20.0,1.0,160000
15029,73.09161459954667,0.962594747543335,48.12973737716675,-0.31029475,-0.41479474,-0.7083775,-0.29573014,-28.198779821395878,1.0,102091
43709,73.09159330447525,0.9625943303108216,48.12971651554108,-1.0,-1.0,-1.0,0.002426684,-60.0,1.0,158203
26289,73.0899961735831,0.9625630378723145,48.12815189361572,-0.4601617,-0.18931526,0.6040262,-0.8596579,-20.0,1.0,160000
18794,73.0899353304806,0.962561845779419,48.12809228897095,-0.10803735,-1.0,-1.0,-0.97425294,-52.28482246398926,1.0,154148
37095,73.08953376596561,0.9625539779663086,48.12769889831543,-0.46738672,-1.0,-1.0,-0.94239974,-30.802208185195923,1.0,160000
41212,73.08636687983574,0.9624919295310974,48.12459647655487,-1.0,-0.80790627,-1.0,-0.33051997,-21.82127952575684,1.0,160000
6439,73.0846085109107,0.9624574780464172,48.12287390232086,-0.52725846,-0.3370093,-0.3393326,-0.5510416,-53.61275672912598,1.0,160000
26938,73.0825337556177,0.9624168276786804,48.12084138393402,-1.0,-0.66315913,-1.0,0.97847277,-20.0,1.0,149028
53774,73.08052288404915,0.962377429008484,48.118871450424194,-1.0,-1.0,0.31431174,1.0,-24.199528694152832,1.0,160000
36502,73.08009393845985,0.9623690247535706,48.11845123767853,-1.0,-1.0,-0.7824481,0.21323937,-51.151282787323,1.0,160000
12735,73.07884360726442,0.962344527244568,48.1172263622284,-1.0,-1.0,-0.12552059,0.16351143,-34.81050193309784,1.0,160000
35406,73.077839691237,0.962324857711792,48.1162428855896,-1.0,-0.30332464,-1.0,-0.8833698,-20.0,1.0,160000
20754,73.07771192007627,0.9623223543167114,48.11611771583557,-1.0,-1.0,-0.7828393,-0.17621917,-42.15283244848251,1.0,160000
32096,73.0774289981963,0.9623168110847472,48.115840554237366,-1.0,-1.0,-0.83015084,-0.44308293,-22.01237201690674,1.0,160000
23886,73.0756310745061,0.9622815847396852,48.11407923698425,-1.0,-1.0,-1.0,-0.43145567,-35.086162090301514,1.0,160000
2447,73.07394570996546,0.9622485637664796,48.112428188323975,-1.0,-0.054166377,-1.0,-0.206697,-23.745641708374023,1.0,98511
41265,73.07321558777721,0.9622342586517334,48.11171293258667,-1.0,-1.0,-1.0,-0.86126673,-20.0,1.0,120852
4034,73.06748107873828,0.9621219038963318,48.10609519481659,-1.0,-0.9465647,-1.0,-0.37193862,-32.99557864665985,1.0,160000
55595,73.0661455598214,0.9620957374572754,48.10478687286377,-0.60268575,-0.6095593,-1.0,-0.70659286,-20.0,1.0,160000
24836,73.06258620055304,0.9620260000228882,48.10130000114441,-1.0,-1.0,0.36513132,-0.9023921,-20.0,1.0,160000
44737,73.06018895391354,0.9619790315628052,48.09895157814026,-1.0,-0.7080836,-1.0,-0.5587125,-20.0,1.0,160000
40613,73.05996383164475,0.9619746208190918,48.09873104095459,-1.0,-1.0,-1.0,-0.49966955,-20.0,1.0,160000
19338,73.05940406807447,0.9619636535644532,48.098182678222656,-0.8228787,-0.60770786,0.7767568,-0.8025239,-57.13553786277771,1.0,160000
28887,73.05800770077553,0.9619362950325012,48.09681475162506,-1.0,-1.0,-1.0,-0.66710436,-20.0,2.439831554889679,160000
34778,73.05551614142885,0.9618874788284302,48.09437394142151,-1.0,-1.0,-1.0,-0.4108164,-32.30946362018585,1.0,160000
11543,73.05431143049134,0.9618638753890992,48.09319376945496,-0.8192662,-0.36518657,0.96323985,-0.99079597,-20.0,1.0,160000
6374,73.05319494279695,0.9618420004844666,48.09210002422333,-1.0,-1.0,-1.0,-0.9446267,-54.395694732666016,1.0,160000
54048,73.0502926808119,0.9617851376533508,48.08925688266754,-1.0,-1.0,-0.73443985,-0.9485068,-55.94049692153931,1.0,160000
6689,73.04701013919708,0.9617208242416382,48.08604121208191,-1.0,-0.76367706,1.0,-0.13780934,-35.80199062824249,1.0,160000
34459,73.04442121767919,0.9616701006889344,48.08350503444672,-0.16060829,-1.0,-0.98001397,-0.5617914,-20.0,1.0,105259
22389,73.04206350177299,0.9616239070892334,48.08119535446167,-1.0,-0.15766668,-0.53945607,-0.81394476,-38.69764119386673,1.0,160000
55892,73.03890872217016,0.9615620970726012,48.07810485363007,-1.0,-0.20821059,0.1035915,-0.5340303,-20.0,1.617191195487976,160000
44930,73.03753059632176,0.961535096168518,48.0767548084259,-1.0,-0.02667272,0.07180518,0.25408855,-36.45243227481842,1.0,160000
41361,73.03729330304975,0.9615304470062256,48.07652235031128,-0.37776726,-0.5352739,0.0035175085,0.41021317,-34.956247210502625,1.0446638464927671,160000
34438,73.03417198167992,0.961469292640686,48.0734646320343,-1.0,-1.0,-1.0,-0.8008863,-34.814205169677734,1.0,115617
58789,73.03355440981838,0.9614571928977966,48.07285964488983,-1.0,-1.0,-0.69823396,-0.50959796,-20.0,1.0,160000
1723,73.03201808504228,0.9614270925521852,48.07135462760925,-1.0,-0.693185,-0.54883325,-0.25641662,-45.53649544715881,1.0,119983
49163,73.03175341116999,0.9614219069480896,48.07109534740448,-1.0,-1.0,-1.0,-0.22440916,-20.0,1.0,160000
2249,73.03141572377346,0.9614152908325196,48.07076454162598,-1.0,-0.9827312,1.0,-0.44611138,-27.85724401473999,1.0,160000
16550,73.03141572377346,0.9614152908325196,48.07076454162598,-1.0,-1.0,-1.0,-0.70643365,-43.48522901535034,1.0,160000
4224,73.02702882554337,0.9613293409347534,48.06646704673767,-0.34810436,-0.66408753,-0.04701698,-0.84483886,-29.726150035858154,1.0,160000
21577,73.02241375130147,0.9612389206886292,48.06194603443146,-1.0,-0.7669671,-0.45114982,0.8839532,-41.28609150648117,1.0,138026
34939,73.02064316674549,0.96120423078537,48.060211539268494,-1.0,-0.6895152,-0.16241604,-0.27207705,-23.270139694213867,1.0,160000
1204,73.01955100139564,0.9611828327178956,48.059141635894775,-0.73680484,-1.0,-0.24772614,-0.9260973,-59.592310190200806,1.0,108287
30979,73.0138802518901,0.9610717296600342,48.05358648300171,-0.08717537,-1.0,-0.3382396,-0.71969193,-20.0,1.0,160000
29053,73.01366120979564,0.9610674381256104,48.05337190628052,-1.0,-1.0,-1.0,-0.9117629,-33.9719820022583,1.0,160000
45276,73.0132170410429,0.9610587358474731,48.05293679237366,-1.0,-1.0,-1.0,-0.93567073,-31.188178062438965,1.0,145771
55766,73.01139777365205,0.9610230922698976,48.05115461349487,-1.0,-1.0,-1.0,-0.40453213,-20.0,1.0,160000
34225,73.00875101094466,0.9609712362289428,48.04856181144714,-0.9275353,-0.83459216,-1.0,-0.0012080967,-45.82085907459259,1.0,147311
23837,73.00839202451412,0.9609642028808594,48.04821014404297,-1.0,0.056500554,-0.79784715,-0.25538212,-51.83551907539368,1.0,160000
55996,73.00792960123651,0.9609551429748536,48.04775714874268,-1.0,-1.0,-1.0,-0.11798555,-20.0,1.0,147393
60030,73.00655449991214,0.960928201675415,48.04641008377075,-0.13092506,-1.0,-1.0,-0.015975058,-21.85655117034912,1.0,160000
51679,73.00550796209426,0.9609076976776124,48.045384883880615,0.006562352,0.13892013,-1.0,-0.56883687,-45.963929891586304,1.0,160000
20759,73.00381646396079,0.9608745574951172,48.04372787475586,-0.78226686,-1.0,-1.0,-0.14184105,-42.49140650033951,1.0,124672
12673,73.00327798319027,0.960864007472992,48.0432003736496,-1.0,-0.7341995,-0.20269528,-0.61701274,-32.58196830749512,1.0,160000
54758,73.00208237291287,0.9608405828475952,48.04202914237976,-1.0,-0.51115614,-0.7238601,-0.78287166,-20.0,1.0,160000
51556,73.00155910308794,0.9608303308486938,48.04151654243469,-0.75475454,-1.0,-1.0,-0.11147934,-20.0,1.0,160000
20816,73.00124879185893,0.9608242511749268,48.04121255874634,-0.8807238,-0.8755996,-1.0,-0.66450405,-37.175753712654114,1.0,160000
60580,73.00009881460224,0.9608017206192015,48.04008603096008,-0.9240958,-0.49095458,-0.96643007,-0.1415196,-60.0,1.0,160000
34844,72.99878455420696,0.9607759714126588,48.038798570632935,-1.0,-1.0,-0.7925175,-0.12330356,-26.270344257354736,1.0,160000
49585,72.99612256625188,0.9607238173484802,48.03619086742401,-0.78362167,-1.0,-0.038787365,-0.60389495,-30.21048367023468,1.0,85227
18791,72.99478700775626,0.9606976509094238,48.03488254547119,0.03385985,-1.0,0.66551495,-0.6541336,-23.971338272094727,1.0,140271
54059,72.99369483066747,0.9606762528419496,48.03381264209747,0.059493303,-0.939418,-0.8011891,1.0,-20.0,1.0,160000
56055,72.99298293781325,0.960662305355072,48.0331152677536,-1.0,-1.0,-0.66972136,-0.50772893,-20.0,1.0,129171
31535,72.9923927358854,0.9606507420539856,48.03253710269928,-1.0,-1.0,-1.0,0.31862327,-20.0,1.0,133991
23019,72.99135531874354,0.9606304168701172,48.03152084350586,-1.0,-1.0,0.9146453,-0.26694757,-42.37360596656799,1.0,160000
3783,72.99008060322605,0.9606054425239564,48.030272126197815,0.15630734,-1.0,-1.0,-0.91451335,-20.0,1.0,160000
6825,72.990013673037,0.9606041312217712,48.03020656108856,-1.0,-1.0,-1.0,-0.5065316,-44.61774617433548,1.0,160000
47935,72.98978245964233,0.9605996012687684,48.029980063438416,-1.0,-1.0,-1.0,1.0,-60.0,1.0,160000
10061,72.98914966497475,0.960587203502655,48.02936017513275,-1.0,-1.0,-1.0,0.35519034,-60.0,1.0,160000
3297,72.98616822631885,0.9605287909507751,48.02643954753876,-0.016433835,0.15659201,0.20388824,-0.51206905,-50.31805396080017,1.0,160000
26002,72.98219195492771,0.9604508876800536,48.022544384002686,-0.6219413,-0.51685023,0.093118906,-0.053664804,-48.53312969207764,1.0,124523
47379,72.98144659345273,0.9604362845420836,48.02181422710419,-0.08714306,-0.73902166,0.172979,0.8809924,-20.0,1.0,160000
7914,72.98120929464892,0.9604316353797911,48.02158176898956,-0.59896684,-1.0,-1.0,0.04626061,-22.110971212387085,1.2182945609092712,74983
16509,72.98063734358958,0.9604204297065736,48.021021485328674,-0.19121021,-1.0,-1.0,-0.04338488,-57.80446887016296,1.0,160000
20819,72.97941434139955,0.9603964686393738,48.01982343196869,-0.96103716,-1.0,-1.0,-0.66398716,-24.71548318862915,1.0,160000
58284,72.97888193975419,0.960386037826538,48.0193018913269,-1.0,-0.2744692,-0.9513403,0.062464952,-60.0,1.0,116504
26238,72.97848948360867,0.960378348827362,48.0189174413681,-1.0,-0.36023837,-0.5172851,-0.30566978,-35.034641325473785,1.0,160000
60465,72.97844384916898,0.9603774547576904,48.01887273788452,-1.0,-0.47710985,0.37566733,-0.8988691,-42.78266668319702,1.0,160000
15420,72.97833128421405,0.9603752493858336,48.01876246929169,-1.0,-1.0,-1.0,-0.3064781,-60.0,1.0,160000
38118,72.97818525399438,0.9603723883628844,48.01861941814423,-1.0,-0.6141523,0.17862397,0.030415922,-36.92790865898132,1.0,146801
7849,72.976250352746,0.9603344798088074,48.01672399044037,-1.0,-0.4872616,-0.21870387,-0.95603967,-32.95521080493927,1.0,160000
26285,72.97584572697349,0.9603265523910522,48.01632761955261,-0.6402713,-0.520311,-1.0,-0.23576814,-20.0,1.0,160000
262,72.97316241749445,0.9602739810943604,48.01369905471802,-1.0,-0.1447944,-1.0,-0.56257206,-52.74584293365479,1.0,160000
58937,72.97267564901384,0.9602644443511964,48.01322221755981,-1.0,-1.0,-0.27852345,-0.6212922,-38.33098888397217,1.0,160000
27505,72.97078029330271,0.9602273106575012,48.01136553287506,-1.0,0.03609276,-1.0,-0.40844464,-36.42718315124512,1.0,160000
31910,72.96597648777903,0.9601331949234008,48.00665974617005,-0.4037395,-0.13284862,-0.63429224,-0.912039,-39.03236150741577,1.0,160000
12053,72.96265123868264,0.9600680470466614,48.00340235233307,-1.0,-1.0,-0.45838833,-0.79267156,-45.952890515327454,1.221606194972992,160000
23833,72.96197888675037,0.960054874420166,48.0027437210083,-1.0,-1.0,-0.72314006,-0.14686292,-35.35292625427246,1.0,160000
17909,72.95705032837647,0.95995831489563,47.99791574478149,-0.55229473,-0.68926275,-1.0,0.061822865,-51.74758195877075,1.0,141504
55618,72.95689212756972,0.9599552154541016,47.99776077270508,-0.99946386,-1.0,-1.0,-0.85303444,-25.00064373016357,1.0,160000
48763,72.95676434998742,0.959952712059021,47.99763560295105,-1.0,-0.9726541,-1.0,-0.37665176,-20.0,2.862337589263916,160000
56550,72.95582122952683,0.9599342346191406,47.99671173095703,-0.19558918,-1.0,-0.9522177,-0.92018825,-29.74695444107056,1.0,160000
8072,72.95536183845861,0.9599252343177797,47.99626171588898,-1.0,-1.0,-0.6702897,-0.5382627,-44.70737040042877,1.0,160000
19332,72.95527056869949,0.9599234461784364,47.99617230892181,-1.0,-0.2756887,1.0,-0.52917945,-20.0,1.0,117477
55418,72.95483551613333,0.9599149227142334,47.99574613571167,-1.0,-1.0,-1.0,-0.25846475,-55.45653223991394,1.0,126483
6829,72.95325959079298,0.9598840475082396,47.99420237541199,-1.0,-0.7860802,-0.52286124,-0.53458285,-55.95876336097717,1.0,125894
42664,72.95250205102374,0.9598692059516908,47.99346029758453,-1.0,-1.0,0.40099967,-0.89425147,-20.0,1.0,160000
28254,72.94995257807618,0.9598192572593688,47.990962862968445,-1.0,-1.0,-0.46926507,0.2639709,-31.772314310073853,1.4543215036392212,160000
54810,72.94940191590253,0.9598084688186646,47.99042344093323,-1.0,-1.0,-1.0,-0.29391497,-20.0,1.0,160000
59740,72.94659992575794,0.9597535729408264,47.98767864704132,-1.0,0.0064965487,-1.0,-0.5367641,-20.0,1.0,160000
42621,72.94512134983529,0.9597246050834656,47.98623025417328,-1.0,-1.0,-0.6601227,0.21162471,-49.96240019798279,1.0,158410
30197,72.9445037550958,0.9597125053405762,47.98562526702881,-1.0,0.08613944,0.11216873,-0.060883373,-60.0,1.0,160000
39906,72.94363364598127,0.9596954584121704,47.98477292060852,-1.0,-0.96135396,-1.0,-0.54872346,-33.568394780159,1.0,160000
14507,72.9435788838586,0.9596943855285645,47.98471927642822,-1.0,-1.0,-1.0,-0.43659893,-28.31637382507324,1.0,160000
12130,72.94342676684468,0.9596914052963256,47.98457026481629,-1.0,0.03362298,0.32999784,-0.38508046,-20.0,1.0,160000
26363,72.9393865354248,0.959612250328064,47.9806125164032,-1.0,-1.0,-0.27544713,-0.93888843,-20.0,1.0,160000
25923,72.93932568851406,0.9596110582351683,47.98055291175842,-0.915091,-0.8669367,0.86234075,-0.33860496,-36.79190844297409,1.0,160000
3091,72.93892714121058,0.9596032500267028,47.98016250133514,-1.0,-1.0,-0.59242827,-0.875479,-40.462059155106544,1.0,160000
13430,72.9383673494664,0.9595922827720642,47.97961413860321,-1.0,-1.0,0.4620083,-0.14072677,-20.0,1.0,160000
20930,72.93821523212203,0.9595893025398254,47.97946512699127,-1.0,-1.0,-1.0,0.31855285,-58.83591055870056,1.0,160000
27398,72.93667580405437,0.9595591425895692,47.977957129478455,-1.0,-1.0,-0.7419105,-0.9481045,-20.0,1.0,157073
11583,72.93522460317294,0.9595307111740112,47.97653555870056,-1.0,-1.0,-0.98704785,-0.15482447,-37.27334231138229,1.0,123427
80,72.93497208804521,0.9595257639884948,47.97628819942474,-1.0,-1.0,-0.18333536,-0.32017025,-20.0,1.0,160000
8647,72.93344178495535,0.9594957828521729,47.97478914260864,-1.0,-1.0,1.0,-0.79701054,-60.0,1.0,160000
31587,72.93067019973651,0.9594414830207824,47.97207415103912,-1.0,-0.3694566,-0.1063849,-0.64937764,-29.62322473526001,1.0,160000
7492,72.93003130477516,0.9594289660453796,47.97144830226898,-1.0,-0.8189702,0.224401,-0.6649192,-32.60462760925293,1.0,160000
614,72.92709238576064,0.9593713879585266,47.96856939792633,-1.0,-1.0,1.0,-0.379564,-37.00283885002136,1.0,160000
31558,72.92660865029814,0.9593619108200072,47.968095541000366,-1.0,0.0048310757,-1.0,0.18426485,-20.0,1.0,122292
32143,72.92654780306324,0.9593607187271118,47.96803593635559,-1.0,-1.0,-0.08316481,0.011212081,-30.524173974990845,1.384497046470642,160000
6344,72.92580242431042,0.9593461155891418,47.96730577945709,-0.6576053,-1.0,0.019353569,0.38504606,-44.47901755571365,1.0,160000
15048,72.92368798128126,0.959304690361023,47.96523451805115,-0.63147604,-0.48182952,-1.0,-0.9430735,-39.98765647411346,1.0,160000
8822,72.92304299972713,0.9592920541763306,47.96460270881653,-1.0,0.2063179,-0.24946105,-0.66277075,-22.756733894348145,1.0,141755
5070,72.92253188214589,0.9592820405960084,47.964102029800415,-1.0,-0.10245395,-1.0,-0.816491,-36.753091514110565,1.0,160000
356,72.92126321482158,0.959257185459137,47.96285927295685,-0.325916,-0.027837336,1.0,-0.604538,-50.99217653274536,1.0,112210
45697,72.92087683399231,0.9592496156692504,47.96248078346253,-1.0,-1.0,-0.21724424,-0.8912618,-51.42890095710754,1.0,160000
46963,72.92023793642147,0.9592370986938475,47.96185493469238,-0.30327034,-1.0,0.6407949,-0.9213731,-20.0,1.0,160000
29225,72.91821780202947,0.9591975212097168,47.95987606048584,-1.0,-1.0,-1.0,-0.23825169,-32.55454957485199,1.0,90003
22384,72.91699172565716,0.9591735005378724,47.958675026893616,-1.0,-0.8988544,-0.24777657,-0.88481724,-53.01521301269531,1.0,160000
5197,72.91674529335774,0.9591686725616456,47.95843362808228,-1.0,-1.0,-1.0,-0.40570697,-47.49418437480927,1.0,160000
41365,72.91659925939058,0.9591658115386964,47.958290576934814,-1.0,-0.39481848,0.5392773,0.27950883,-41.160146594047546,1.0,160000
48968,72.91469473225416,0.9591284990310668,47.95642495155335,-0.918099,-0.20157075,-1.0,-0.33528507,-35.75512319803238,1.0,160000
37976,72.91247379614211,0.9590849876403807,47.95424938201904,-0.17122126,-1.0,-0.93467075,-0.69170296,-47.93719232082367,1.0520387291908264,160000
40335,72.9109951991783,0.95905601978302,47.952800989151,-1.0,-0.6391907,-1.0,0.6283367,-60.0,1.0,160000
35875,72.90526030314558,0.9589436650276184,47.94718325138092,-0.6006155,-0.66722965,0.6189374,-0.7849184,-20.0,1.0,160000
49168,72.90394599082163,0.9589179158210754,47.94589579105377,-1.0,-1.0,-1.0,-0.13842756,-40.66466152667999,1.0,160000
33879,72.90368738761744,0.9589128494262696,47.94564247131348,-1.0,-0.82859623,-0.22910768,-0.49294004,-60.0,1.0,160000
23012,72.90040464569316,0.9588485360145568,47.94242680072784,-1.0,-1.0,-1.0,0.36558744,-33.860366344451904,1.0,160000
22132,72.9000851941999,0.9588422775268556,47.94211387634277,-1.0,-1.0,-0.71983707,1.0,-60.0,1.0,118251
28264,72.89761781027859,0.9587939381599426,47.93969690799713,-1.0,-1.0,-0.29420674,0.17215022,-41.66501343250275,1.0,160000
57031,72.89646474096546,0.9587713479995728,47.93856739997864,-1.0,-0.7303919,-0.297333,-0.21614552,-51.749427318573,1.0,160000
24727,72.89468189391624,0.9587364196777344,47.93682098388672,-1.0,-1.0,-1.0,-0.43620396,-36.19305610656738,1.0,160000
51991,72.89234228545054,0.958690583705902,47.93452918529511,-0.08603859,-1.0,-0.54759556,-0.46959442,-52.93119788169861,1.0,120043
53591,72.88995095375924,0.9586437344551086,47.93218672275543,-1.0,-0.55016696,-0.02726245,0.22410968,-40.96332252025604,1.0,160000
30817,72.88898955255885,0.9586248993873596,47.93124496936798,-0.5624504,-0.15905368,-0.5778102,-0.30729097,-44.35001015663147,1.0,127260
60430,72.88804336302586,0.9586063623428344,47.93031811714173,-1.0,-1.0,-0.10120678,-0.1361019,-31.26946330070496,1.0,160000
4027,72.8852595556396,0.958551824092865,47.92759120464325,-1.0,-0.96714413,-0.7000199,-0.53837365,-24.87850785255432,1.0,160000
16547,72.88299904081214,0.9585075378417968,47.92537689208984,-0.54270834,0.037418604,0.15455079,-0.59219486,-49.03922438621521,1.0,86198
26546,72.88292602280096,0.9585061073303224,47.92530536651611,-1.0,-1.0,0.3899451,-0.92933303,-60.0,1.043005347251892,160000
28244,72.8825365933704,0.958498477935791,47.92492389678955,-1.0,-0.3510185,-1.0,-0.790061,-20.0,1.0,160000
57159,72.88160257096234,0.958480179309845,47.92400896549225,-0.36468565,-1.0,-1.0,-0.54309326,-20.0,1.379619002342224,160000
21870,72.88064725124939,0.9584614634513856,47.92307317256928,-1.0,-1.0,-1.0,-0.68659043,-30.55878758430481,1.0,160000
23042,72.87885830757659,0.9584264159202576,47.92132079601288,-1.0,-0.11415243,1.0,-0.54912794,-55.91537952423096,1.0,160000
7423,72.87851147140366,0.9584196209907532,47.92098104953766,-1.0,-1.0,-0.48424193,-0.88879526,-54.32074308395386,1.0,160000
33218,72.87675599280988,0.9583852291107178,47.91926145553589,-1.0,-1.0,-0.615078,0.10423407,-33.644288182258606,1.0,160000
26250,72.87643653816124,0.9583789706230164,47.91894853115082,-0.17576194,-1.0,-1.0,-0.4409181,-20.0,1.8701109886169436,122433
14457,72.87502485234626,0.9583513140678406,47.91756570339203,-0.8052875,-1.0,-0.83732736,-0.70176136,-51.058945655822754,1.0,160000
16439,72.87462629434687,0.958343505859375,47.91717529296875,-1.0,0.08000529,-1.0,-0.382358,-20.0,1.0,160000
2468,72.87441636682432,0.9583393931388856,47.91696965694428,-0.014928758,-0.0795154,-1.0,0.0445534,-43.06543529033661,1.0,160000
2836,72.87339715322842,0.9583194255828856,47.91597127914429,-1.0,-1.0,-1.0,-0.9490626,-44.43599343299866,1.0,160000
33871,72.87153214334535,0.9582828879356384,47.91414439678192,-1.0,-1.0,-0.2410469,-0.43400308,-33.64780783653259,1.0,102876
11920,72.86893390529357,0.9582319855690002,47.91159927845001,-1.0,-1.0,-0.8997658,-0.93700165,-40.99588640034199,1.0,160000
36315,72.8666703326065,0.9581876397132874,47.90938198566437,-1.0,-0.9396874,-1.0,1.0,-39.199222922325134,1.0,160000
57374,72.86343013410512,0.9581241607666016,47.90620803833008,-0.93290067,-0.7635311,-1.0,-0.49439853,-20.0,1.0,160000
39853,72.86328409688619,0.9581212997436525,47.90606498718262,-1.0,-0.43347365,-0.598743,1.0,-23.16713094711304,1.0,160000
40529,72.86217969012935,0.9580996632575988,47.90498316287994,-1.0,-0.5638476,-1.0,-0.5069343,-20.0,1.7130390405654907,160000
28260,72.86036335063508,0.958064079284668,47.9032039642334,-1.0,0.09037,-1.0,-0.52595055,-43.27452719211578,1.0,160000
19898,72.85792939270098,0.9580163955688475,47.90081977844238,-0.26053268,-1.0,-0.5907096,-0.9284787,-20.0,1.0,127703
60021,72.85699536068601,0.9579980969429016,47.89990484714508,0.09563005,-1.0,-0.65254664,0.10815239,-52.28046774864197,1.0,133932
16858,72.85532201251561,0.9579653143882751,47.89826571941376,-0.23519057,-1.0,0.917117,-0.8014202,-24.95183825492859,1.0,160000
22932,72.85516380499163,0.9579622149467468,47.89811074733734,-1.0,-0.63161725,0.0028678775,-0.14014897,-60.0,1.0,160000
30161,72.85386467742768,0.9579367637634276,47.89683818817139,-0.8154855,-1.0,-0.031378925,-0.45448345,-20.0,1.0,160000
54057,72.85382512552357,0.9579359889030457,47.89679944515228,-1.0,-1.0,-0.35494083,1.0,-20.0,1.0,160000
30816,72.8537977434357,0.9579354524612428,47.89677262306213,-0.8234582,-1.0,0.48154378,-0.5458326,-24.33134078979492,1.0,160000
31333,72.85323793179312,0.957924485206604,47.8962242603302,-0.93934786,-1.0,0.6943191,-0.7585694,-45.9286093711853,1.0,134360
45692,72.85258988880403,0.9579117894172668,47.89558947086334,-1.0,-0.014301181,-1.0,-0.860322,-26.21751308441162,1.0,160000
55849,72.85244080846715,0.9579088687896729,47.89544343948364,-1.0,-1.0,-0.523852,-0.38650304,-35.0431302189827,1.0,160000
7233,72.85216698741597,0.9579035043716432,47.89517521858215,-1.0,-1.0,0.68264705,-0.9102737,-38.05297270417213,1.0,160000
21451,72.85075832973483,0.957875907421112,47.8937953710556,-1.0,-0.48271686,-0.7158644,-0.22165293,-50.07190465927124,1.0,160000
20481,72.8507370325281,0.9578754901885986,47.89377450942993,-0.39122272,-0.93252414,-0.29104155,-0.924194,-20.0,1.0,119707
34774,72.84563482481883,0.9577755331993104,47.88877665996552,-1.0,-1.0,-0.08598107,-0.312772,-20.0,1.0,124842
22179,72.8440497002302,0.9577444791793824,47.88722395896912,-0.7396512,-0.8894519,-0.4131592,-0.08476758,-20.0,1.0,160000
49693,72.84234287584123,0.9577110409736632,47.88555204868317,-1.0,-0.7877361,0.007407546,-0.21371764,-60.0,1.0,149452
4823,72.83621837829233,0.9575910568237304,47.87955284118652,-0.2760654,-1.0,-0.090088725,-0.9301902,-31.66379749774933,1.0,160000
15596,72.8360510420734,0.9575877785682678,47.87938892841339,0.061049104,-1.0,-0.6897461,-0.79627764,-32.8558886051178,1.0,160000
2666,72.83553990591395,0.9575777649879456,47.87888824939728,-1.0,-0.57982147,-1.0,-0.658077,-49.631330370903015,1.1490867137908936,160000
30373,72.83475190412052,0.9575623273849488,47.87811636924744,-1.0,-1.0,0.46943688,-0.28615242,-39.058409333229065,1.0,135692
26669,72.83426206503687,0.95755273103714,47.877636551857,-1.0,-1.0,-1.0,-0.33502585,-60.0,1.0,160000
3157,72.83422251280834,0.9575519561767578,47.87759780883789,-0.4375112,-1.0,-0.5603103,-0.54883236,-50.78192472457886,1.0,160000
35269,72.82793065765506,0.9574286937713624,47.87143468856812,-1.0,-0.59507585,0.042321682,-0.8381784,-35.025804340839386,1.0,160000
31356,72.82744385966038,0.9574191570281982,47.87095785140991,-1.0,-0.6241887,-1.0,-0.21056724,-44.06067967414856,1.0,160000
7295,72.82702703879859,0.957410991191864,47.8705495595932,-0.25762337,-1.0,-0.8796553,-0.9309943,-48.00246059894562,1.0,160000
18566,72.82683536202751,0.9574072360992432,47.87036180496216,0.03995979,-1.0,-0.6888341,-0.81635344,-20.0,1.0,160000
33291,72.82640028612497,0.9573987126350404,47.869935631752014,-0.39581823,-0.81871206,0.31891376,-0.5301931,-30.890309810638428,1.0,91636
23274,72.82200084282508,0.9573125243186952,47.86562621593475,0.22069108,-1.0,-1.0,-0.7049569,-25.35166382789612,1.0,160000
45049,72.82041266005763,0.9572814106941224,47.86407053470612,-1.0,-1.0,-0.7154089,-0.90134823,-34.02866244316101,1.0,132787
7750,72.81999279547128,0.9572731852531432,47.863659262657166,-0.83983743,-1.0,-1.0,-0.6993884,-26.768416166305546,1.021049976348877,160000
20838,72.81912264109353,0.9572561383247375,47.86280691623688,-1.0,-0.88691616,0.32377,-0.9762169,-60.0,1.0,160000
41143,72.81850501384275,0.957244038581848,47.86220192909241,-0.7305648,0.0035229921,0.37655765,-0.2233175,-20.0,1.0,160000
357,72.8177504739304,0.9572292566299438,47.86146283149719,-1.0,-1.0,-0.8001785,-0.5131955,-20.0,1.0,117903
34963,72.81425768122911,0.9571608304977416,47.858041524887085,-1.0,-1.0,-0.17883074,-0.05128604,-36.16731822490692,1.0,160000
26936,72.81388953814668,0.957153618335724,47.857680916786194,-1.0,-0.9782411,0.47503054,0.09616414,-59.386582374572754,1.0,160000
5989,72.81267862083043,0.9571298956871032,47.85649478435517,-1.0,-0.16675568,-0.89237815,-0.82696223,-21.5682852268219,3.300865352153778,160000
49584,72.80821830199974,0.9570425152778624,47.85212576389313,-1.0,-0.13843024,-0.66449267,0.6810902,-56.0949969291687,1.0,160000
46603,72.80800228361828,0.9570382833480836,47.851914167404175,-0.6847614,-1.0,-1.0,-0.81156445,-20.0,1.0,160000
59017,72.80799011356804,0.9570380449295044,47.85190224647522,-1.0,-1.0,-1.0,0.19197142,-49.063767194747925,1.0,160000
9553,72.80581775860561,0.9569954872131348,47.84977436065674,-0.91822207,-1.0,-0.61337435,-0.036562122,-60.0,1.0,130756
10092,72.80524272313748,0.9569842219352722,47.84921109676361,-0.46391463,-1.0,-1.0,-0.44086668,-20.0,1.0,160000
31548,72.80471941031588,0.9569739699363708,47.84869849681854,-1.0,-0.63346934,0.33446544,-0.86026114,-37.60546803474426,1.0,160000
4149,72.80449122154961,0.9569694995880128,47.84847497940064,-1.0,-1.0,0.26713163,-0.95451754,-20.0,1.7820528745651243,160000
14466,72.80362714655686,0.9569525718688964,47.84762859344482,-0.10402447,-0.43315732,-0.24159068,-0.98622036,-40.99293053150177,1.0,142169
34721,72.79981486829318,0.9568778872489928,47.843894362449646,-0.7973247,-1.0,0.8055248,1.0,-21.47838830947876,1.0,160000
34772,72.79329169007873,0.9567500948905944,47.83750474452973,-1.0,-0.51179487,-1.0,0.12624675,-50.62368869781494,1.0,101752
35453,72.7910310882422,0.9567058086395264,47.83529043197632,-1.0,-1.0,0.48650515,-0.25627467,-43.37394595146179,1.0,160000
29333,72.78965586238894,0.956678867340088,47.8339433670044,-0.4233656,-1.0,-1.0,-0.91176265,-59.90428805351257,1.0,160000
38971,72.78793987149525,0.9566452503204346,47.83226251602173,-1.0,-1.0,0.26997906,-0.879784,-43.46773684024811,1.0,160000
8431,72.78590137006995,0.9566053152084352,47.83026576042175,-1.0,-1.0,-0.45598674,-0.8510996,-41.50031894445419,1.0,160000
53681,72.78506162867747,0.956588864326477,47.82944321632385,-0.4539662,-0.63521105,-0.57280535,-0.7350951,-39.44303572177887,1.0,96335
23787,72.78350688930419,0.9565584063529968,47.82792031764984,-0.49871922,-0.85047555,-0.28534836,0.5362954,-60.0,1.0,160000
40310,72.78173612815681,0.9565237164497375,47.82618582248688,-1.0,-1.0,-0.7242338,-0.4670274,-31.43140971660614,1.0,160000
4143,72.78125844837805,0.9565143585205078,47.82571792602539,-0.45989424,-0.0051144958,-1.0,-0.86394894,-50.629305839538574,1.0,160000
20533,72.77955462163602,0.9564809799194336,47.82404899597168,-1.0,-1.0,-0.42395133,-0.58951366,-56.55811309814453,1.0,160000
5988,72.77928687732299,0.9564757347106934,47.82378673553467,0.30908704,-0.6331182,-0.82518363,0.71810704,-27.6812744140625,1.0,160000
30867,72.77890960119447,0.9564683437347412,47.82341718673706,-1.0,-1.0,-1.0,-0.2670933,-44.30067181587219,1.0,140703
19948,72.77734573015405,0.9564377069473268,47.82188534736633,-0.010563493,-1.0,-0.83196986,-0.13111944,-49.99255001544952,1.0,116602
33094,72.77646643256202,0.9564204812049866,47.82102406024933,-1.0,-1.0,-1.0,-0.020001888,-43.46541404724121,1.0,160000
16960,72.77578794319487,0.9564071893692015,47.82035946846008,-1.0,0.11661804,-1.0,-0.40913498,-20.0,1.0,160000
3087,72.77450702776449,0.9563820958137512,47.81910479068756,-0.17798448,-1.0,-1.0,0.444441,-45.547606348991394,1.0,160000
6025,72.77444009154729,0.9563807845115662,47.81903922557831,-1.0,-1.0,-1.0,0.055219218,-25.55873990058899,1.0,160000
57153,72.77349994175266,0.9563623666763306,47.81811833381653,-1.0,-0.20759493,0.9130457,-0.19172996,-48.22108507156372,1.0,98605
26892,72.77289143036101,0.9563504457473756,47.81752228736877,-1.0,-0.3692683,-1.0,-0.3325445,-20.0,1.0,160000
52368,72.77147968333401,0.9563227891921996,47.81613945960999,-1.0,-0.62193924,0.12538052,0.1517914,-51.21509075164795,1.0,160000
58900,72.77141883215025,0.9563215970993042,47.81607985496521,-1.0,-0.16911548,-1.0,-0.03352332,-20.586037635803223,1.0,160000
46464,72.77135189584632,0.9563202857971193,47.81601428985596,-0.70712876,-1.0,-1.0,-0.5785247,-60.0,1.0,160000
60003,72.77129408721869,0.9563191533088684,47.81595766544342,-0.642392,-1.0,-1.0,-0.97663754,-40.32014727592468,1.0,145692
41151,72.77033263825874,0.9563003182411194,47.81501591205597,-0.7797226,-0.45579156,-1.0,1.0,-20.0,1.0,160000
41153,72.77033263825874,0.9563003182411194,47.81501591205597,-0.65935016,-1.0,-1.0,1.0,-27.49598979949951,1.0,134085
67,72.76989146692893,0.956291675567627,47.81458377838135,-0.98735696,-1.0,-1.0,-0.7966467,-60.0,1.0,160000
18003,72.76766735367059,0.956248104572296,47.81240522861481,-1.0,-0.99993014,-1.0,-0.8109112,-28.281201124191284,1.0,160000
42046,72.76627994407492,0.9562209248542786,47.81104624271393,-1.0,0.06369066,-1.0,-0.727373,-20.0,1.0,160000
37809,72.76138445069114,0.956125020980835,47.80625104904175,-1.0,-0.85919476,0.12447417,-0.13246521,-20.0,1.0,160000
50170,72.76118972607256,0.9561212062835692,47.80606031417847,-1.0,-1.0,-0.053614378,-0.45151728,-20.0,1.0,160000
55036,72.75726480458506,0.9560443162918092,47.80221581459045,-0.28399682,-1.0,-0.7766932,0.22737873,-20.0,1.0,160000
48292,72.75666845935893,0.9560326337814332,47.801631689071655,-0.13198614,-1.0,-0.98435694,1.0,-33.88039231300354,1.0,160000
43767,72.75446563182092,0.9559894800186156,47.79947400093079,-1.0,-1.0,-1.0,-0.8196672,-21.48342728614807,1.912220478057861,141125
52223,72.75380539167851,0.9559765458106996,47.79882729053497,-1.0,-1.0,-1.0,0.46338174,-60.0,1.0,160000
30043,72.75023339805641,0.9559065699577332,47.79532849788666,-1.0,-0.67090094,-0.32058913,-0.4136783,-56.67855262756348,1.0,160000
11653,72.74579730311667,0.9558196663856506,47.79098331928253,-1.0,-1.0,-1.0,-0.88949794,-27.100642919540405,1.0,160000
22697,72.74455288268115,0.9557952880859376,47.78976440429688,-1.0,-1.0,-1.0,-0.6780027,-35.919255912303925,1.0,160000
11968,72.74194537858308,0.955744206905365,47.78721034526825,-1.0,-1.0,-1.0,0.19043224,-48.97566497325897,1.0,160000
44994,72.74050622982368,0.9557160139083862,47.78580069541931,-0.6102571,-1.0,-0.906158,-0.8387225,-56.1328661441803,1.0,160000
55885,72.74027803490875,0.955711543560028,47.78557717800141,-1.0,-1.0,-1.0,-0.5718443,-20.0,1.0,88801
35283,72.73949912943434,0.9556962847709656,47.78481423854828,-1.0,-1.0,-1.0,0.013686925,-60.0,1.0,71206
26244,72.73928310482401,0.9556920528411864,47.784602642059326,-0.6363778,-1.0,-1.0,0.1839475,-54.63523864746094,1.0,83273
6515,72.73725977477537,0.9556524157524108,47.782620787620544,-1.0,-1.0,0.068412006,-0.55438316,-23.137998580932617,1.0,160000
27886,72.73610358540378,0.9556297659873962,47.78148829936981,-1.0,-0.036773324,-1.0,-0.84566265,-20.0,1.0,146578
3999,72.73541595672164,0.955616295337677,47.78081476688385,-0.2926184,-1.0,-1.0,-0.1437261,-28.17594051361084,1.0,136267
54446,72.73512690920745,0.9556106328964232,47.78053164482117,-1.0,-0.42480862,-1.0,-0.30734795,-60.0,1.0,160000
47377,72.7334930294407,0.955578625202179,47.77893126010895,-0.82427365,-1.0,-1.0,1.0,-20.0,1.0,160000
47373,72.7334930294407,0.955578625202179,47.77893126010895,-0.8622539,-0.4798255,-1.0,1.0,-54.90248441696167,1.0,160000
29000,72.73275367565796,0.9555641412734984,47.77820706367493,-1.0,-1.0,-0.39157993,-0.53460115,-26.1739444732666,1.0,160000
32119,72.7316248675877,0.9555420279502868,47.77710139751434,-1.0,-0.99663687,-1.0,0.6066288,-60.0,1.0,160000
60769,72.73143622575553,0.9555383324623108,47.77691662311554,-1.0,-1.0,-0.28049904,0.008293986,-60.0,1.0,160000
16275,72.73095853588782,0.955528974533081,47.77644872665405,-1.0,-1.0,-1.0,-0.8123045,-20.0,2.751173734664917,160000
31823,72.72707007594435,0.955452799797058,47.772639989852905,-1.0,-0.9023281,-1.0,0.05652696,-20.0,1.0,160000
27527,72.72651327716932,0.9554418921470642,47.77209460735321,-0.48949027,-0.5544386,-1.0,-0.17336401,-40.82862138748169,1.0,160000
19934,72.72589258329924,0.95542973279953,47.7714866399765,-0.4361791,-1.0,0.76105154,-0.6630475,-47.84064292907715,1.242154598236084,160000
20920,72.72361974701025,0.9553852081298828,47.76926040649414,-1.0,-0.6292815,-1.0,-0.77463627,-20.0,1.0,160000
58424,72.7221532035665,0.9553564786911012,47.767823934555054,-1.0,-1.0,-1.0,-0.3711732,-58.86637091636658,1.0,119900
14491,72.7189706186256,0.955294132232666,47.7647066116333,-0.8681687,-1.0,-0.7559317,-0.3843869,-26.894043684005737,1.0,155072
54208,72.71874850689807,0.9552897810935974,47.76448905467987,-0.9539451,-1.0,1.0,-0.49703604,-29.67705488204956,1.0,160000
47933,72.71838947693846,0.955282747745514,47.764137387275696,-1.0,-1.0,-0.29535508,1.0,-30.598767399787903,1.0,160000
1996,72.71757709538909,0.9552668333053588,47.76334166526794,-0.92230225,-1.0,-1.0,-0.19696142,-28.80621314048767,1.3625649213790894,160000
3291,72.71689554660921,0.9552534818649292,47.76267409324646,-1.0,-0.89461154,-1.0,0.29168516,-38.18279951810837,1.0,160000
25856,72.71636308648901,0.9552430510520936,47.76215255260468,-1.0,-1.0,-1.0,-0.6549346,-34.28187549114227,1.0,155340
43704,72.71383465994792,0.9551935195922852,47.75967597961426,-0.14042062,-1.0,-1.0,0.12387112,-52.95020580291748,1.0,122901
48263,72.71313485429297,0.9551798105239868,47.75899052619934,-0.032555997,-1.0,-1.0,0.046689868,-20.0,1.0,119116
22036,72.71200907954628,0.95515775680542,47.757887840271,-0.4907267,-1.0,-0.8686456,-0.9098525,-60.0,1.1188865303993225,160000
45564,72.71194214157157,0.9551564455032348,47.75782227516174,-1.0,-1.0,0.2939875,-0.8769208,-20.0,1.0,138162
56613,72.71079202516637,0.9551339149475098,47.75669574737549,-0.46038526,-1.0,-1.0,-0.24116403,-20.0,1.0,158697
25207,72.70782240986432,0.955075740814209,47.75378704071045,-1.0,-0.2832632,0.09824276,-0.9578577,-38.09346705675125,1.0,143912
43548,72.70658101220403,0.9550514221191406,47.75257110595703,-1.0,-1.0,1.0,-0.09546685,-26.980557441711422,1.0,160000
28994,72.70498666719901,0.9550201892852784,47.75100946426392,-1.0,0.00890255,0.23715651,-0.50982434,-41.13782823085785,1.0,145937
22542,72.70382133420007,0.9549973607063292,47.74986803531647,-1.0,-1.0,0.434955,-0.78517556,-44.34418052434921,1.0,160000
1558,72.70150587973106,0.9549520015716552,47.74760007858277,-1.0,-0.35286474,-0.6299012,-0.5940068,-21.941286325454712,1.0,160000
30807,72.69985980625947,0.9549197554588318,47.74598777294159,-1.0,-1.0,-1.0,-0.7439639,-51.96094393730164,1.0,160000
22553,72.69792772226418,0.9548819065093994,47.74409532546997,-1.0,-1.0,-1.0,0.0656662,-48.51335644721985,1.0,160000
8073,72.69633641410864,0.954850733280182,47.74253666400909,-0.43264198,-1.0,0.47338444,-0.61826575,-54.9792742729187,1.0,160000
21575,72.69269739565931,0.9547794461250304,47.738972306251526,-0.5525688,-0.65527844,-1.0,0.045584783,-36.10530138015747,1.2485057711601255,160000
34189,72.69158682453738,0.9547576904296876,47.737884521484375,-1.0,-0.329544,-1.0,-0.94342756,-30.77288269996643,1.0,160000
52047,72.69087788434419,0.9547438025474548,47.73719012737274,-1.0,-1.0,-1.0,0.7129029,-20.84984302520752,1.0,160000
868,72.68569622491879,0.9546422958374025,47.73211479187012,-1.0,-0.6292831,-1.0,-0.86070466,-20.0,1.6862467527389526,158776
33830,72.68331685667394,0.954595685005188,47.7297842502594,-1.0,-0.21471488,-0.4205165,-0.9550295,-34.40629243850708,1.0,160000
38794,72.68040197519105,0.9545385837554932,47.72692918777466,-1.0,-1.0,-1.0,-0.33782429,-35.38241654634476,1.0,160000
36864,72.67567060984183,0.9544458985328674,47.72229492664337,-1.0,-0.7748524,-0.8704959,0.08493772,-25.03229856491089,1.0,160000
25307,72.67277701776898,0.954389214515686,47.7194607257843,-0.4952984,-0.57476425,0.48220867,-0.96881014,-21.46282434463501,1.0,160000
50224,72.67053455755347,0.9543452858924866,47.71726429462433,0.12602842,-0.8600038,-1.0,1.0,-22.607816457748413,1.1184213161468506,160000
60979,72.66746752576833,0.954285204410553,47.71426022052765,-1.0,-1.0,0.11857772,-0.62176293,-30.96549332141876,1.0,160000
5409,72.66622306432029,0.9542608261108398,47.71304130554199,-1.0,-0.7594842,-0.80214345,-0.6929224,-20.0,1.0,132810
55887,72.66566320859047,0.9542498588562012,47.71249294281006,-1.0,-1.0,-1.0,0.94948256,-50.48728704452515,1.0,151063
35172,72.6650303280412,0.954237461090088,47.7118730545044,-1.0,-0.085811496,-0.87092185,-0.9700488,-20.0,1.0,160000
36503,72.6641114338663,0.9542194604873656,47.710973024368286,-0.992789,-0.2199983,-1.0,0.39196154,-28.7714684009552,1.0,160000
18435,72.6631864539401,0.954201340675354,47.7100670337677,-1.0,-0.62006265,-0.8397497,-0.87277067,-27.759881019592285,1.0,160000
55389,72.65966605006776,0.9541323781013488,47.70661890506744,-1.0,-0.7600761,0.2617392,-0.8510965,-20.0,1.0,134663
32315,72.65784955613884,0.954096794128418,47.7048397064209,-0.18434465,-1.0,-0.43464416,-0.4847132,-29.72540616989136,1.0,160000
50950,72.6568028655381,0.9540762901306152,47.70381450653076,-1.0,-1.0,-1.0,-0.42250377,-36.912654638290405,1.0,160000
58224,72.65659291882127,0.9540721774101256,47.70360887050629,-1.0,-1.0,-0.97150487,-0.21977717,-38.91954958438873,1.0,135921
7747,72.6558778827623,0.9540581703186036,47.702908515930176,-1.0,-0.28192472,-1.0,-0.6194196,-58.70864391326904,1.0,160000
26036,72.65393359213326,0.954020082950592,47.7010041475296,-0.32571018,-1.0,-1.0,-0.89106816,-36.51900678873062,1.0,160000
6561,72.64910480710324,0.9539254903793336,47.69627451896668,-1.0,-0.41813248,1.0,-0.84174013,-20.0,1.0,158143
32450,72.64892224414928,0.953921914100647,47.69609570503235,-1.0,-0.79451406,-1.0,-0.19469452,-20.0,1.0,160000
1992,72.64704488762402,0.9538851380348206,47.69425690174103,-1.0,-1.0,-1.0,0.44026628,-20.0,1.0,108385
44892,72.64665846235252,0.953877568244934,47.693878412246704,-1.0,-0.017622411,-0.65818644,-0.6441364,-20.0,1.0,160000
57202,72.64625378070146,0.953869640827179,47.69348204135895,-1.0,-1.0,-0.5431409,-0.2655385,-28.032361268997192,1.0,134744
28469,72.64447683188232,0.95383483171463,47.69174158573151,-1.0,-1.0,-1.0,-0.31987417,-42.74882435798645,1.0,103800
15536,72.63886908911826,0.9537249803543092,47.686249017715454,0.0789721,-1.0,-1.0,-0.44900927,-32.77334213256836,1.0,137330
24397,72.63853438891358,0.9537184238433838,47.68592119216919,-0.7233568,-1.0,-1.0,-0.1467478,-26.52758479118347,1.0,130328
37854,72.63635579369904,0.9536757469177246,47.68378734588623,-1.0,-1.0,0.7816169,-0.55997586,-25.510395765304565,1.0,160000
18829,72.62748012741132,0.9535018801689148,47.67509400844574,-1.0,-0.94699305,1.0,-0.683817,-20.0,1.0,160000
14645,72.62674986884882,0.9534875750541688,47.67437875270844,-1.0,-0.20958108,-0.14636302,-0.989117,-37.29178816080093,1.0,160000
52728,72.62287036646114,0.95341157913208,47.670578956604,-1.0,-1.0,-1.0,0.14233929,-33.411089181900024,1.0,160000
42302,72.620907792245,0.9533731341362,47.66865670681,-1.0,-0.56289446,-1.0,0.042255342,-26.849558353424072,1.0,160000
29221,72.61881742071012,0.9533321857452391,47.66660928726196,0.081519246,-0.44163418,-1.0,-0.5717778,-20.0,1.0,130542
21480,72.61740558212306,0.9533045291900636,47.66522645950317,-1.0,-1.0,-1.0,-0.554723,-20.0,1.0,124470
19945,72.61718954640294,0.9533002972602844,47.66501486301422,-0.21419007,-0.67357695,0.9203658,-0.48418653,-36.73807203769684,1.0,124812
47430,72.61691265552159,0.95329487323761,47.66474366188049,-0.28249085,-1.0,-0.7179357,-0.68637383,-31.48261785507202,1.0,160000
47966,72.61621586403957,0.9532812237739564,47.664061188697815,-1.0,-0.3382218,-1.0,0.21954861,-26.37197494506836,1.0,160000
18007,72.61362951831784,0.9532305598258972,47.66152799129486,-1.0,-1.0,-0.5014541,-0.71001947,-20.0,1.0,142916
9416,72.61305443635582,0.9532192945480348,47.66096472740173,-1.0,-1.0,-0.0020953417,-0.85667074,-49.937825202941895,1.0,160000
37802,72.60947614545384,0.9531491994857788,47.65745997428894,-0.6437882,-1.0,-1.0,-0.035818815,-37.8536993265152,1.0,160000
9810,72.60914448386339,0.9531427025794984,47.65713512897492,-0.5946216,-1.0,-0.6863963,0.7750317,-25.460541248321533,1.0,160000
12074,72.608642427239,0.9531328678131104,47.65664339065552,-1.0,-0.030657172,-0.8275525,-0.59522986,-27.128994464874268,2.0342836380004883,108634
8930,72.60788477794969,0.9531180262565612,47.655901312828064,-1.0,-1.0,0.8590541,-0.72333,-20.0,8.539622783660889,160000
23043,72.60545664726827,0.9530704617500304,47.653523087501526,-1.0,0.081303775,-0.81138825,-0.12719797,-20.0,1.0,160000
17897,72.6054231767778,0.953069806098938,47.6534903049469,-0.36904776,-1.0,0.5536771,-0.56373614,-55.67888140678406,1.0,160000
33136,72.59713465166135,0.9529074430465698,47.64537215232849,-0.9408373,-1.0,-0.656906,-0.57098496,-20.0,1.0,160000
5470,72.59554936142857,0.9528763890266418,47.64381945133209,-0.075000286,-1.0,-1.0,-0.928519,-41.79842725396156,1.0,132662
24800,72.59502295963846,0.9528660774230956,47.64330387115479,-1.0,-0.6589079,0.59265786,-0.9941444,-38.19830268621445,1.0,160000
43252,72.5934315824163,0.9528349041938782,47.64174520969391,-1.0,-0.9356369,-1.0,-0.97425926,-20.0,1.0,101966
3733,72.59272565565766,0.9528210759162904,47.641053795814514,-0.49220234,-1.0,-1.0,-0.97755104,-60.0,1.0,160000
61408,72.58849921906331,0.9527382850646972,47.63691425323486,-1.0,-1.0,-0.11958796,0.42471606,-60.0,1.0,160000
975,72.5884444487771,0.9527372121810912,47.636860609054565,0.041312754,-1.0,0.25769818,-0.344151,-60.0,1.0,160000
10513,72.58792413099494,0.9527270197868348,47.636350989341736,-1.0,-0.93799484,-0.67853284,1.0,-32.34359860420227,1.0,160000
44647,72.58727905849788,0.9527143836021424,47.63571918010712,-0.9503982,-1.0,0.8823369,-0.3447441,-60.0,1.0,102740
41729,72.58639969051809,0.9526971578598022,47.63485789299011,-1.0,-0.41627288,-0.9788693,-0.72169703,-60.0,1.0,160000
41428,72.58404760777512,0.9526510834693908,47.63255417346954,-1.0,-0.32621032,0.31735635,-0.97930694,-41.541743874549866,1.0,160000
52046,72.58374941341813,0.9526452422142028,47.632262110710144,-1.0,-0.37010407,-1.0,0.71990186,-20.0,1.0,160000
22205,72.58168943708824,0.95260488986969,47.6302444934845,-1.0,0.17948186,-1.0,-0.8729818,-45.27485013008118,1.0,160000
18280,72.57822672541808,0.9525370597839355,47.62685298919678,-0.37047064,-0.7705432,-1.0,-0.75871974,-31.113098859786987,1.0,160000
45141,72.57791027348357,0.9525308609008788,47.626543045043945,-1.0,0.20685875,-0.1184673,1.0,-35.35072863101959,1.0,160000
1596,72.56521564748627,0.952282190322876,47.6141095161438,-1.0,-1.0,0.45168692,-0.71498406,-39.08111743628979,1.0,150833
7615,72.56447624123422,0.9522677063941956,47.61338531970978,-1.0,-1.0,-0.5287479,-0.45243624,-54.97555136680603,1.0,159032
27145,72.56003371320303,0.9521806836128236,47.60903418064117,-1.0,-0.92518365,-0.079561174,-0.8827678,-20.0,1.0,160000
15217,72.55499173805096,0.9520819187164308,47.60409593582153,-1.0,-1.0,-1.0,-0.7658247,-25.561569929122925,1.0,124730
41527,72.55334860562229,0.952049732208252,47.6024866104126,-0.52903086,-1.0,-1.0,-0.60035455,-27.506145238876343,1.0,160000
30839,72.55198541340661,0.9520230293273926,47.60115146636963,-0.94635487,-0.9659755,-1.0,-0.22914779,-40.21839082241058,1.0,160000
28465,72.55034227888672,0.951990842819214,47.59954214096069,-0.7328613,-1.0,-0.70322746,-0.57466286,-60.0,1.0,122547
27172,72.54781976089001,0.9519414305686952,47.59707152843475,-1.0,-1.0,0.6217372,-0.7938356,-54.51502442359924,1.0,136676
14844,72.54743331941488,0.9519338607788086,47.59669303894043,-0.011384249,-0.28542233,-0.0016070008,-0.13481733,-60.0,1.0,125152
1931,72.5473694196373,0.9519326090812684,47.596630454063416,-0.8427454,-0.5286622,-1.0,-0.48328274,-37.90493339300156,1.1869234442710876,160000
25874,72.546204009105,0.9519097805023192,47.59548902511597,-1.0,-1.0,-1.0,0.0054709613,-36.37123644351959,1.0,160000
44733,72.54305770208008,0.9518481492996216,47.59240746498108,-0.92452073,-1.0,-1.0,-0.48632294,-45.88249921798706,1.0,160000
8031,72.54289034520602,0.9518448710441588,47.59224355220795,-0.6215875,0.15095413,-1.0,0.22103527,-31.02955818176269,1.0,160000
51957,72.53998137655437,0.9517878890037536,47.58939445018768,-1.0,-1.0,0.5378778,-0.50713414,-20.0,1.0,115976
37878,72.53629343206529,0.951715648174286,47.58578240871429,-1.0,-1.0,-1.0,0.5988284,-44.99772608280182,1.0,160000
59019,72.53439468612115,0.951678454875946,47.5839227437973,-1.0,-1.0,-0.20267576,0.127689,-20.0,1.0,125357
27740,72.53371308464045,0.9516651034355164,47.58325517177582,-0.38111883,-1.0,-0.5661727,-0.28391063,-28.186829090118408,1.048462152481079,160000
7487,72.53270893924332,0.9516454339027404,47.582271695137024,-1.0,-0.57557917,0.07070881,-0.7546744,-60.0,1.0,130891
6765,72.52933744187558,0.9515793919563292,47.57896959781647,-1.0,-0.6639596,0.804948,-0.94675654,-55.07361650466919,1.0,160000
37282,72.52667492926888,0.9515272378921508,47.57636189460754,-0.78990877,-0.13955295,-0.70782304,-0.97004235,-45.42922794818878,1.0,160000
379,72.52468184643715,0.951488196849823,47.57440984249115,0.0783332,-1.0,-1.0,-0.5403574,-33.703075647354126,1.0,122269
2664,72.52009622809385,0.9513983726501464,47.56991863250733,-0.9460811,-0.9024951,-0.20982423,-0.5985895,-54.00650143623352,1.0,130990
12057,72.51893993274479,0.9513757228851318,47.56878614425659,-1.0,-1.0,-1.0,0.23920393,-37.91273728013039,1.0,160000
15350,72.51555320126373,0.9513093829154968,47.56546914577484,-1.0,-1.0,-1.0,-0.6102549,-20.0,1.0,160000
10623,72.51520631205041,0.9513025879859924,47.56512939929962,-1.0,-1.0,0.87199837,-0.5064777,-20.0,1.0,160000
36415,72.51489593744789,0.9512965083122252,47.56482541561127,-1.0,-1.0,-1.0,-0.53976154,-55.01256465911865,1.0,160000
19096,72.5137791971186,0.9512746334075928,47.56373167037964,-1.0,-0.62141025,-0.15677923,-0.6556169,-33.395466804504395,1.0,138013
30845,72.51358140926673,0.9512707591056824,47.56353795528412,-1.0,-0.31370395,-0.8712902,-0.8017873,-20.0,1.0,159337
31232,72.51356315192572,0.9512704014778136,47.563520073890686,-0.80780035,-1.0,-1.0,0.09392634,-20.0,1.0,98356
8979,72.51139052733659,0.951227843761444,47.561392188072205,-0.92638385,-1.0,-1.0,0.6389351,-51.794477701187134,1.0,160000
26032,72.50827764576027,0.9511668682098388,47.55834341049194,-0.6826589,-1.0,-1.0,-0.8784798,-60.0,1.0,160000
46971,72.50671055328449,0.9511361718177797,47.55680859088898,-0.69881433,-0.40834317,0.018708706,-0.7910974,-29.052613973617557,1.0,159647
7499,72.50665273820235,0.9511350393295288,47.55675196647644,0.12250996,-0.44045538,-1.0,-0.66590846,-23.135257959365845,1.0,141763
57616,72.50624194678846,0.951126992702484,47.55634963512421,-1.0,-1.0,-1.0,0.6748629,-38.052107095718384,1.0,160000
7355,72.5020792564235,0.9510454535484314,47.55227267742157,-0.5183562,-1.0,0.1458227,-0.5532707,-46.521533727645874,1.0,110650
6827,72.49975143294905,0.9509998559951782,47.54999279975891,-1.0,-0.76744163,0.8496848,-0.9652074,-27.762855291366577,3.0719516277313232,118849
535,72.49898157709805,0.95098477602005,47.5492388010025,-1.0,-0.40078378,1.0,-0.8970838,-51.879706382751465,1.0,143993
18767,72.49815999152514,0.9509686827659608,47.54843413829804,-1.0,-1.0,-0.9618204,-0.7810142,-45.33150315284729,1.0,160000
49079,72.49811739078393,0.9509678483009338,47.54839241504669,-0.20784944,-1.0,-0.0024463534,0.39913297,-26.4657723903656,1.0,160000
23367,72.4979682881836,0.9509649276733398,47.54824638366699,-0.753806,-1.0,-0.2069856,-0.18001983,-56.0574746131897,1.0,160000
7840,72.49675112374646,0.9509410858154296,47.54705429077149,-0.97427994,-1.0,-0.8475539,-0.32327992,-39.32048253715038,1.0,160000
33600,72.49605733973604,0.9509274959564208,47.546374797821045,-1.0,-1.0,0.114855945,-0.16419718,-20.0,1.0,160000
5014,72.49421333387338,0.950891375541687,47.54456877708435,-1.0,-0.64967656,0.2675624,-0.44474843,-29.953409433364868,1.0,134649
26245,72.49301442499723,0.9508678913116456,47.54339456558228,-1.0,-1.0,-0.7690706,0.69987977,-29.148757457733154,1.0,160000
30743,72.49019668244514,0.9508126974105836,47.540634870529175,-1.0,-0.4716773,-1.0,-0.8694846,-20.0,1.0,131782
21579,72.48976763063783,0.9508042931556702,47.54021465778351,-0.51222026,-1.0,-0.5265045,0.6867219,-48.7593138217926,1.0,82607
18285,72.48785363261662,0.9507668018341064,47.53834009170532,-1.0,-1.0,-0.8801163,-0.7927905,-20.0,1.0,160000
42075,72.48780494584223,0.95076584815979,47.5382924079895,-0.2101534,-1.0,-0.024995506,-0.1264838,-20.0,1.0,160000
55384,72.48764975674213,0.9507628083229064,47.538140416145325,-1.0,-0.15799403,-0.37851655,-0.87215465,-41.0991245508194,1.0,160000
54262,72.48536147705985,0.9507179856300354,47.53589928150177,-1.0,-1.0,-1.0,-0.65017325,-22.18717336654663,1.0,160000
15112,72.48399215969759,0.9506911635398864,47.53455817699432,-1.0,-1.0,-1.0,-0.825739,-45.4784893989563,1.0,160000
32488,72.48258328344741,0.9506635665893556,47.53317832946777,-1.0,-1.0,-1.0,0.2219114,-20.0,1.0,160000
48052,72.48217248783781,0.9506555199623108,47.53277599811554,-1.0,-0.028129756,-1.0,-0.8933735,-52.25682020187378,1.0,160000
60575,72.47651871579868,0.950544774532318,47.52723872661591,-0.10817397,-1.0,-0.729055,0.47905475,-45.09121060371399,1.0,160000
53325,72.4761718208398,0.9505379796028136,47.526898980140686,-0.12946951,-0.54369664,1.0,-0.15169996,-20.0,1.0,160000
28885,72.47583101170764,0.9505313038825988,47.52656519412994,-1.0,-1.0,-1.0,-0.9745276,-37.85840928554535,1.0,160000
52023,72.4740265482484,0.9504959583282472,47.52479791641235,-1.0,-1.0,-0.80537885,-0.5970021,-26.30716323852539,1.0,160000
36863,72.47022286863591,0.9504214525222778,47.52107262611389,-0.26406574,-0.311032,-0.445028,0.09900987,-26.760153770446777,1.0,160000
57357,72.46455081018283,0.9503103494644164,47.515517473220825,-1.0,-0.046631336,-0.35846955,0.22062987,-60.0,1.0,160000
58250,72.46359836555088,0.9502916932106018,47.51458466053009,-0.6832395,0.011686802,-0.8366463,-0.23881513,-50.661780834198,1.0,100084
8959,72.46310540683601,0.9502820372581482,47.51410186290741,-0.6364317,-1.0,0.2170999,-0.10207704,-34.68530535697937,1.0,160000
34780,72.46155045613915,0.950251579284668,47.5125789642334,-1.0,-0.16174698,-0.50679517,-0.17274317,-54.16736364364624,1.0,93303
35865,72.46045194827612,0.950230062007904,47.5115031003952,-1.0,-0.44026023,-1.0,0.506229,-48.46206367015839,1.0,132387
44859,72.4586109574944,0.9501940011978148,47.50970005989075,-1.0,-1.0,-0.44829598,-0.97800845,-20.0,1.0,160000
26487,72.45734508531133,0.9501692056655884,47.50846028327942,-0.67200106,-1.0,-0.04883939,-0.87481797,-20.0,1.0,160000
16703,72.45680343787112,0.9501585960388184,47.50792980194092,-1.0,-0.47019392,-0.46125782,-0.84993815,-38.87120917439461,1.0,160000
57335,72.45555582250638,0.9501341581344604,47.50670790672302,-1.0,-1.0,-1.0,0.15870291,-20.0,1.2371150255203247,160000
33298,72.45514806514618,0.9501261711120604,47.50630855560303,-0.862332,-1.0,1.0,-0.5900495,-20.0,1.0,146769
10514,72.44583657186544,0.949943780899048,47.49718904495239,-0.396424,-1.0,-0.48835695,1.0,-54.13409948348999,1.0,126446
30632,72.44366997075707,0.9499013423919678,47.49506711959839,-1.0,-0.7913203,1.0,-0.88175887,-23.00976514816284,1.0,160000
15435,72.44189591246432,0.9498665928840636,47.49332964420319,-1.0,-1.0,-0.7730522,-0.91364646,-20.0,1.0,97883
55792,72.44187765456755,0.9498662352561952,47.49331176280975,-0.053800702,-1.0,-0.8662345,-0.6005376,-42.07398235797882,1.0,160000
26086,72.43715189752167,0.9497736692428588,47.488683462142944,-0.10812503,-1.0,0.23830462,-0.25264138,-45.59123575687408,1.0,138700
20827,72.43423062634226,0.9497164487838744,47.485822439193726,-1.0,-0.47492027,-0.7941371,-0.5073222,-45.5714738368988,1.0,121015
8652,72.4294500799457,0.9496228098869324,47.48114049434662,-1.0,-1.0,-1.0,-0.38598132,-43.54185342788696,1.0,134479
53597,72.4258775965325,0.949552834033966,47.4776417016983,-0.8097689,-1.0,-1.0,0.4765613,-51.9365930557251,1.0,160000
29832,72.4218273553616,0.94947350025177,47.4736750125885,-1.0,-0.1225822,-1.0,-0.19184124,-43.86279225349426,1.0,112841
35180,72.4180479354402,0.949399471282959,47.46997356414795,-1.0,-1.0,-0.22392935,-0.63164973,-20.0,1.0,160000
53598,72.4163408041587,0.94936603307724,47.468301653862,-0.8943065,-0.90112793,-1.0,0.47260344,-47.616058588027954,1.0,118521
30167,72.4162160405048,0.9493635892868042,47.46817946434021,-0.76724935,-1.0,-1.0,-0.8981039,-22.540935277938843,1.0,140130
61088,72.41427459547586,0.9493255615234376,47.46627807617188,-1.0,-1.0,-1.0,0.3686331,-51.22987389564514,1.0,160000
33216,72.41357774412586,0.949311912059784,47.4655956029892,-1.0,-0.06177771,-0.36522067,0.029818982,-52.62770414352417,1.1359963417053225,148666
19592,72.4088275859657,0.9492188692092896,47.46094346046448,-0.82066035,-1.0,-0.32895225,-0.9527976,-20.0,9.560309410095217,128084
52210,72.4085597996975,0.9492136240005492,47.460681200027466,-1.0,-1.0,-0.8565422,-0.9063847,-36.660193502902985,1.0,160000
60739,72.40309451873426,0.9491065740585328,47.45532870292664,-1.0,-1.0,-1.0,0.18930995,-29.07277584075928,1.0,94042
21027,72.39496352039495,0.9489473104476928,47.44736552238464,-1.0,-0.4412886,-0.31466562,-0.9440242,-35.14611482620239,1.0,160000
24054,72.39397148798118,0.948927879333496,47.446393966674805,-1.0,-0.6497104,-0.5872408,-0.82039315,-32.772637605667114,1.0,160000
36482,72.39013116222952,0.9488526582717896,47.44263291358948,-0.9070251,-1.0,-0.28544652,-0.79774904,-20.0,1.0,160000
29543,72.389233462356,0.9488350749015808,47.44175374507904,-0.75579864,-1.0,-1.0,-0.5909737,-40.79427778720856,1.0,160000
27738,72.38587393164624,0.9487692713737488,47.43846356868744,-1.0,-0.605171,0.20591533,-0.33052838,-22.76633143424988,1.0,132639
40046,72.38473887172329,0.9487470388412476,47.43735194206238,-1.0,-1.0,0.04160136,-0.882565,-35.6755268573761,1.0,160000
28440,72.38328733316644,0.9487186074256896,47.435930371284485,-1.0,-1.0,-0.6595567,-0.9514213,-40.693068504333496,1.0,160000
11673,72.38139759294484,0.9486815929412842,47.43407964706421,-1.0,-1.0,-0.43511856,0.40359032,-24.54919576644897,1.0,160000
44387,72.38115110497762,0.9486767649650574,47.43383824825287,-0.51987517,-0.29380673,-1.0,-0.6521643,-28.31194281578064,1.0,78795
4314,72.37949872201006,0.9486443996429444,47.43221998214722,-0.72572756,-1.0,-0.82235324,-0.5635934,-50.19317865371704,1.0,160000
13613,72.37843060643374,0.9486234784126282,47.43117392063141,-1.0,-1.0,-1.0,-0.41787663,-40.52020788192749,1.0,160000
29647,72.37828758237377,0.9486206769943236,47.43103384971619,-0.84843594,-0.7872494,-1.0,-0.9210575,-20.0,1.0,139286
6280,72.37828149624337,0.9486205577850342,47.43102788925171,-1.0,0.19065678,-1.0,-0.56939334,-29.98151183128357,1.0,160000
18286,72.36565578471581,0.9483732581138612,47.418662905693054,-1.0,-1.0,-0.56637156,-0.09418723,-43.88918101787567,1.0,144749
37465,72.36463330907834,0.9483532309532166,47.41766154766083,-1.0,-1.0,0.8281978,-0.84095716,-23.10187101364136,1.0,108301
13262,72.35677301272206,0.9481992721557616,47.409963607788086,-0.5658516,-1.0,0.9467554,-0.32449132,-30.77347218990326,1.0,146001
54018,72.3553397154228,0.9481711983680724,47.408559918403625,-1.0,-0.78549474,0.7182736,-0.3095035,-30.422036051750183,1.0,153560
20818,72.35521190542997,0.948168694972992,47.4084347486496,-0.5123735,-0.97876686,0.26538765,-0.3135378,-35.3884494304657,1.0,160000
25752,72.35495019923245,0.9481635689735411,47.40817844867706,-1.0,-0.98460853,-1.0,0.01515919,-49.69340443611145,1.0,160000
10972,72.3545241658251,0.9481552243232728,47.40776121616364,-1.0,-1.0,-1.0,0.051803157,-23.981544971466064,1.0,160000
32379,72.35247920439167,0.9481151700019836,47.40575850009918,-0.84802014,-0.39643103,0.060083568,-0.8760261,-59.3131959438324,1.0,160000
32983,72.35153280050511,0.9480966329574584,47.404831647872925,-0.86130106,-1.0,0.2933038,-0.48577055,-25.3202486038208,1.0,151756
35547,72.34582698119164,0.9479848742485046,47.39924371242523,-1.0,-1.0,0.045558274,-0.5702131,-20.31514883041382,1.0,136550
43292,72.34195310234473,0.9479089975357056,47.39544987678528,-1.0,-0.78987086,-1.0,-0.7666485,-28.72727870941162,1.0,160000
7835,72.34187093830923,0.9479073882102966,47.39536941051483,-0.61370814,-1.0,-1.0,-0.24124622,-51.76618218421936,1.0,148655
42236,72.34171878268032,0.947904407978058,47.39522039890289,0.11747062,-1.0,0.8957281,-0.6857242,-28.754149675369263,1.0,160000
5481,72.33963120645342,0.947863519191742,47.3931759595871,-0.402192,-1.0,0.77862996,-0.91308737,-46.28727376461029,1.0,160000
25187,72.33309154234932,0.9477354288101196,47.38677144050598,-0.66210556,-1.0,0.66986346,-0.48460186,-20.0,1.0,110043
8838,72.33119871852547,0.9476983547210692,47.38491773605347,-1.0,-0.52391917,-0.15778601,-0.2955348,-43.76785606145859,1.0,160000
620,72.32809472759175,0.9476375579833984,47.38187789916992,-0.7385076,-1.0,-1.0,-0.26174006,-39.58394896239042,1.0,160000
46924,72.32387998821531,0.9475550055503844,47.377750277519226,-1.0,-1.0,-1.0,-0.32296085,-37.79930114746094,1.0,124487
30477,72.32000607305449,0.9474791288375854,47.37395644187927,-0.54296494,-1.0,-1.0,-0.45403737,-50.41415214538574,1.0,160000
22753,72.31105922169922,0.9473038911819458,47.36519455909729,-1.0,0.046687126,-0.47797474,-0.56705844,-50.45163631439209,1.0,160000
27256,72.3093976598231,0.9472713470458984,47.36356735229492,-0.67927146,-0.5433244,-0.28068775,-0.82968885,-53.50884795188904,1.0,160000
20777,72.30359435661023,0.9471576809883118,47.35788404941559,-0.72230375,-0.4889487,-1.0,-0.20463848,-40.05397826433182,1.0,160000
30232,72.3014154514232,0.9471150040626526,47.35575020313263,-1.0,-0.6197537,-1.0,-0.13505343,-58.00705432891846,1.0,107903
35896,72.2995591199833,0.9470786452293396,47.35393226146698,-0.6777572,-1.0,-1.0,-0.6279448,-30.737749338150024,1.0,160000
40957,72.29906308362771,0.9470689296722412,47.35344648361206,-0.678252,-1.0,-0.05697155,0.6823228,-60.0,1.0,160000
45136,72.29630597165942,0.9470149278640748,47.350746393203735,-1.0,-0.85269487,-1.0,-0.3087188,-25.867656469345093,1.0,160000
31611,72.2900065976753,0.9468915462493896,47.34457731246948,-1.0,-1.0,0.37677598,-0.32412922,-20.0,1.0,96715
35868,72.28787941393026,0.9468498826026917,47.34249413013458,0.02225399,-1.0,-0.89630824,0.3056304,-35.70256859064102,1.0,141660
49563,72.28770899569238,0.9468465447425842,47.34232723712921,-1.0,-1.0,-1.0,-0.89661026,-20.0,1.0,100645
32697,72.28706688400588,0.9468339681625366,47.34169840812683,-0.90705144,-1.0,-1.0,-0.879523,-39.89673316478729,1.0,160000
14534,72.27407245318932,0.9465794563293456,47.328972816467285,-1.0,-1.0,-1.0,0.75146914,-30.44375896453857,1.0,160000
31589,72.27024410358052,0.9465044736862184,47.32522368431091,-1.0,-0.16194737,-0.94201976,-0.72636837,-20.0,1.0,160000
6314,72.26899030250341,0.9464799165725708,47.32399582862854,-1.0,-0.69297516,-0.94099545,0.6782896,-60.0,1.0,129286
20630,72.26805299446234,0.94646155834198,47.323077917099,0.13257456,-0.9379672,-0.890707,-0.97651017,-41.64042949676514,1.0,160000
26392,72.26801951916819,0.9464609026908876,47.32304513454437,-0.93398964,-0.5757678,0.7657349,-0.43006623,-30.734609961509705,1.0,160000
6619,72.2647176355244,0.9463962316513062,47.31981158256531,0.14124799,-0.4728337,-0.57356447,-0.73086846,-60.0,1.0,160000
31531,72.26422159177173,0.9463865160942078,47.31932580471039,-0.26725405,-1.0,0.59930253,-0.97354823,-20.0,4.272159993648529,128280
46157,72.26372554791365,0.9463768005371094,47.31884002685547,-1.0,-1.0,0.44649714,-0.9815514,-27.40936398506165,1.0,160000
19967,72.2600676016078,0.9463051557540894,47.31525778770447,-1.0,-0.2937551,1.0,-0.48498803,-60.0,1.0,146740
28261,72.2583055771737,0.9462706446647644,47.31353223323822,-0.03449464,-1.0,-0.63457114,0.33265877,-20.0,1.0,133095
7494,72.25776084050781,0.9462599754333496,47.31299877166748,-1.0,-1.0,-1.0,-0.2652762,-20.0,1.0,160000
30488,72.2545898010795,0.9461978673934937,47.30989336967468,-1.0,-1.0,-0.7575085,-0.9510934,-43.140543699264526,1.0,160000
16631,72.2518600256831,0.94614440202713,47.307220101356506,-1.0,-0.373006,0.058205485,-0.9362656,-49.83221173286438,1.0,160000
18798,72.24335114007675,0.945977747440338,47.29888737201691,-0.8983377,-1.0,-0.9900782,-0.48182824,-20.0,1.0,160000
18796,72.23957751850071,0.9459038376808168,47.29519188404083,-1.0,-1.0,-1.0,-0.48322988,-25.106682777404785,1.0,125649
28406,72.23617821061212,0.9458372592926024,47.29186296463013,0.024041653,-1.0,-1.0,-0.4251685,-52.80609726905823,1.0,160000
19343,72.23580389081933,0.9458299279212952,47.29149639606476,-1.0,-1.0,-0.021554887,1.0,-41.75587624311447,1.0,160000
12707,72.22742580688787,0.9456658363342284,47.28329181671143,-1.0,-1.0,-0.60559785,-0.8239647,-20.456080436706543,3.483270168304444,160000
55375,72.22700583675929,0.9456576108932496,47.28288054466248,-0.67448914,-1.0,-0.8304713,-0.14228427,-55.11706590652466,1.0,160000
35943,72.22485424947907,0.9456154704093932,47.28077352046967,-1.0,-1.0,-0.70790386,0.3517807,-25.66397190093994,1.0,130873
54020,72.2236186836086,0.9455912709236144,47.279563546180725,-1.0,-1.0,0.17502457,-0.64955646,-33.74995172023773,1.0,160000
16646,72.21409324000614,0.9454047083854676,47.27023541927338,-1.0,-0.895842,-0.7331714,-0.756504,-37.90975570678711,1.0,160000
54014,72.21186251547795,0.9453610181808472,47.26805090904236,-0.6925987,-0.35894138,-1.0,-0.064445555,-20.0,1.0,160000
34932,72.21046564869002,0.9453336596488952,47.26668298244476,-0.5930952,-0.12294316,-1.0,0.4227996,-46.24264299869537,1.0,115787
50028,72.20587941567764,0.9452438354492188,47.26219177246094,0.025431156,0.10687089,-1.0,1.0,-20.0,1.0,86815
21501,72.20587941567764,0.9452438354492188,47.26219177246094,-0.41040456,-0.65815216,-1.0,0.15197559,-20.0,1.0,160000
51975,72.20017019726605,0.94513201713562,47.256600856781006,-1.0,-0.6548005,0.19267857,-0.43617672,-27.153453826904297,1.0,160000
35607,72.19870332758899,0.9451032876968384,47.25516438484192,-0.6708073,-1.0,1.0,-0.36932197,-60.0,1.0,121625
23884,72.19622303754736,0.9450547099113464,47.25273549556732,-0.4685374,-1.0,0.24040115,-0.54063475,-43.97207170724869,1.0,88363
21445,72.19509092882191,0.94503253698349,47.2516268491745,-0.9506847,-0.7569461,-1.0,-0.75879025,-20.0,1.0,160000
51657,72.19039206306633,0.9449405074119568,47.24702537059784,-1.0,-0.33374053,-0.6718215,-0.82847726,-35.14557182788849,1.0,92863
18919,72.18839565091059,0.944901406764984,47.24507033824921,-0.5228954,-1.0,-1.0,-0.2610372,-37.37691551446915,1.0,160000
27844,72.17805140867236,0.9446988105773926,47.23494052886963,-0.894102,-0.092044234,-1.0,0.12894833,-33.55862498283386,1.0,160000
58952,72.17697102767517,0.9446776509284972,47.23388254642487,-0.050656796,-1.0,0.39325553,-0.89470834,-20.0,1.0,160000
5603,72.17660582835138,0.9446704983711244,47.23352491855621,-0.43899637,-1.0,0.0022823215,-0.24059749,-38.716716170310974,1.0,156059
39716,72.1723056020019,0.9445862770080566,47.22931385040283,-1.0,-1.0,-1.0,-0.707024,-20.0,1.0,160000
56233,72.16298080927251,0.9444036483764648,47.22018241882324,-1.0,-0.94487965,-0.5681416,-0.024190426,-36.26644015312195,1.0,160000
32627,72.15966660337205,0.9443387389183044,47.21693694591522,-1.0,-0.2679543,-1.0,-0.254373,-37.9851758480072,1.0,160000
12040,72.15692454331175,0.9442850351333618,47.21425175666809,-1.0,-0.3706131,-1.0,-0.97733593,-53.700456619262695,1.0,160000
12084,72.15685454617575,0.944283664226532,47.2141832113266,-1.0,-1.0,0.618382,-0.9821416,-20.0,3.1391040086746216,136172
41115,72.15670237848154,0.9442806839942932,47.21403419971466,-1.0,-1.0,-0.7822234,-0.34031832,-45.294657945632935,1.0,160000
18873,72.15061870590621,0.9441615343093872,47.20807671546936,-1.0,-1.0,-1.0,-0.7926477,-29.419130086898804,1.0,160000
30871,72.14812923449797,0.9441127777099608,47.20563888549805,-1.0,-1.0,-0.4359143,-0.9094364,-20.0,1.0,160000
28047,72.1480622804624,0.944111466407776,47.2055733203888,-1.0,-0.48691154,-0.14159262,-0.94708705,-22.463278770446777,10.368639588356018,152748
7744,72.14536585724429,0.9440586566925048,47.20293283462525,-0.9466761,-0.025159836,-1.0,-0.8453342,-40.2419319935143,1.194178819656372,160000
9190,72.14523803574994,0.9440561532974244,47.202807664871216,-0.5775745,-1.0,-1.0,-0.9415319,-30.862897634506226,1.0,160000
32426,72.14451067044591,0.944041907787323,47.20209538936615,-1.0,-0.8135913,-1.0,-0.15061885,-36.602855026721954,1.0,106825
45116,72.1424685683125,0.9440019130706788,47.200095653533936,-0.37705803,-0.70297277,0.63445926,1.0,-25.6668758392334,1.0,94699
50139,72.14122687194995,0.9439775943756104,47.19887971878052,-1.0,-0.6986446,-1.0,-0.48316777,-20.0,1.0,86787
23116,72.1406303705202,0.9439659118652344,47.19829559326172,-1.0,-0.7440759,0.0707342,-0.8711072,-25.923925638198853,1.0,101408
18344,72.13764786107386,0.9439074993133544,47.195374965667725,-1.0,-0.67861265,-0.8869882,0.055632517,-33.679399490356445,1.0,160000
5034,72.12822554076303,0.94372296333313,47.186148166656494,-0.9608365,-0.50380564,-0.16665304,-0.2356359,-45.724069476127625,1.0,134846
35944,72.12810076171688,0.943720519542694,47.18602597713471,-1.0,-1.0,-1.0,0.3393558,-26.019450426101685,1.0,160000
35610,72.12782381307831,0.9437150955200196,47.18575477600098,-1.0,0.12517738,-1.0,0.21611013,-43.614487051963806,1.0,160000
21923,72.11960664063807,0.943554162979126,47.1777081489563,-1.0,-1.0,-0.231875,-0.5633847,-20.0,1.284987986087799,160000
14236,72.11807885203675,0.9435242414474488,47.17621207237244,-0.8642989,0.05170846,-0.5534777,-0.90866965,-31.343314051628116,1.0,160000
60610,72.11698931293782,0.9435029029846193,47.17514514923096,-0.37607086,-0.51538515,-0.50423217,0.62926877,-20.0,1.020149648189545,160000
33264,72.11552239077322,0.9434741735458374,47.17370867729187,-0.68956983,-1.0,-1.0,-0.9752716,-26.515814065933228,1.0,136129
28158,72.11261897777995,0.9434173107147216,47.17086553573608,-1.0,-1.0,-0.5438703,0.038867354,-51.82187080383301,1.0,160000
57033,72.10693996450425,0.9433060884475708,47.16530442237854,-1.0,-0.76369196,-0.60507876,0.10587275,-57.984619140625,1.0,160000
53348,72.10149223774044,0.9431993961334229,47.15996980667114,-0.44893342,-0.7886669,-1.0,-0.90049607,-20.0,1.0,160000
39472,72.09940140289763,0.9431584477424622,47.15792238712311,-1.0,-0.968418,0.9515297,0.17784303,-60.0,1.0,160000
24334,72.08980545112,0.9429705142974854,47.14852571487427,-1.0,-1.0,0.8712755,-0.5056919,-39.79105651378632,1.0,160000
32863,72.0830611745334,0.9428384304046632,47.141921520233154,-0.8583114,-1.0,-1.0,-0.90636146,-48.840155601501465,1.0,133295
33823,72.07949120429934,0.9427685141563416,47.13842570781708,-0.8430217,-1.0,0.73337495,-0.85220253,-60.0,1.0,160000
23279,72.07750078372463,0.9427295327186584,47.13647663593292,-1.0,-1.0,-0.93816936,0.8032392,-20.0,1.0,160000
53040,72.07706556921215,0.9427210092544556,47.13605046272278,-1.0,-1.0,-0.6587307,-0.80777806,-40.05194246768952,1.0,160000
13429,72.07595166316449,0.9426991939544678,47.13495969772339,-0.747896,0.16592532,-0.7736628,-0.5313272,-20.0,1.0,160000
3113,72.07582688130613,0.942696750164032,47.1348375082016,-1.0,-0.38255054,-1.0,-0.9865582,-56.45428419113159,1.0,160000
14579,72.07557427410886,0.9426918029785156,47.13459014892578,-1.0,-1.0,-1.0,-0.61168146,-32.1687376499176,1.0,160000
33549,72.07370863214851,0.9426552653312684,47.132763266563416,-1.0,-0.8885496,-1.0,-0.40449485,-60.0,1.0,160000
47305,72.05922779076404,0.942371666431427,47.11858332157135,-0.4028002,-0.96501726,-1.0,0.22738338,-40.18098831176758,1.0,160000
38479,72.0581564849038,0.942350685596466,47.1175342798233,-1.0,-0.5354217,-0.9483524,-0.43545702,-55.99482774734497,1.0,160000
33633,72.05638517696798,0.9423159956932068,47.11579978466034,-1.0,-1.0,-0.7753796,-0.70743585,-51.36185169219971,1.0,160000
61406,72.05619952433955,0.9423123598098756,47.115617990493774,-1.0,-0.5496183,-1.0,1.0,-43.17177772521973,1.0,141179
20454,72.05404777885484,0.9422702193260192,47.11351096630096,-0.5848533,-1.0,0.23981172,-0.7972426,-32.273011207580566,1.0,129134
11773,72.05285473099151,0.9422468543052672,47.11234271526337,-0.67429173,-0.5045162,0.5519399,-0.81639194,-33.45673143863678,1.0,160000
42626,72.05151559490227,0.9422206282615662,47.11103141307831,-1.0,-1.0,0.87479585,-0.028979361,-41.73967301845551,1.0,160000
27142,72.04599165034433,0.9421124458312988,47.10562229156494,-1.0,-1.0,-0.827284,-0.66254985,-23.64802360534668,1.0,160000
2413,72.04530077591001,0.9420989155769348,47.10494577884674,-1.0,-1.0,-1.0,-0.5861577,-54.56263065338135,1.0,160000
17064,72.03932637737324,0.9419819116592408,47.09909558296204,-1.0,-1.0,-0.65702486,-0.5708801,-60.0,1.0,160000
58421,72.03718374673244,0.9419399499893188,47.09699749946594,-0.9715572,-0.6147677,0.79618746,-0.2792375,-20.0,1.0,160000
10401,72.03533633491344,0.9419037699699402,47.09518849849701,-0.98080593,-1.0,-0.12394169,0.14254035,-39.870685338974,1.0,160000
27522,72.03122150130822,0.941823184490204,47.09115922451019,-1.0,-1.0,-0.6344973,-0.08420956,-25.87461471557617,1.0,160000
28881,72.02919147345268,0.9417834281921388,47.08917140960693,0.10019851,0.19343948,-0.006901562,-0.45001101,-29.296082258224487,1.4858320951461792,160000
11582,72.02717666143523,0.9417439699172974,47.08719849586487,-1.0,-1.0,-0.07377052,-0.8387903,-20.0,1.986434817314148,143401
1349,72.02598968676635,0.941720724105835,47.08603620529175,-1.0,-0.43765694,-1.0,-0.9147284,-38.44552144408226,1.0,160000
54051,72.0204717683178,0.9416126608848572,47.08063304424286,-1.0,-0.5737165,-1.0,-0.6566259,-20.0,11.0,150662
55984,72.02004567368135,0.9416043162345886,47.08021581172943,-1.0,-1.0,-0.831301,-0.23788506,-53.07939291000366,1.0,160000
5781,72.02003045601431,0.9416040182113647,47.08020091056824,-1.0,-0.11013842,-1.0,-0.7594457,-35.36110818386078,1.0,133108
5222,72.01786650274127,0.9415616393089294,47.07808196544647,-1.0,-1.0,1.0,-0.95403135,-45.22031784057617,1.0,160000
16154,72.01496296731875,0.9415047764778136,47.075238823890686,-1.0,-1.0,0.11848664,-0.56494486,-49.30709481239319,1.0,160000
51789,72.01426599653297,0.9414911270141602,47.07455635070801,-1.0,-0.71946394,-0.7330295,-0.44115788,-27.668923139572144,1.0,146444
44695,72.00766454665731,0.9413618445396424,47.06809222698212,-0.561617,-0.4075991,-0.6275616,-0.9684078,-30.641526579856876,1.0,160000
29,72.00757324016442,0.9413600564002992,47.06800282001496,-1.0,-0.79623383,0.066970944,-0.7563472,-38.08922901749611,1.0,117342
37099,72.00740888846812,0.9413568377494812,47.06784188747406,-1.0,-1.0,-1.0,-0.46863684,-36.503100991249084,1.0,160000
15157,71.99989739475936,0.9412097334861756,47.06048667430878,-0.9545193,-0.64975905,-1.0,1.0,-40.12665867805481,1.0,160000
31586,71.99831169948857,0.9411786794662476,47.05893397331238,-1.0,-1.0,-1.0,-0.68592817,-39.74668562412262,1.0,160000
2888,71.99453159235983,0.9411046504974364,47.05523252487183,-1.0,-1.0,-0.2646757,-0.9025738,-20.0,1.0,146467
53200,71.99213934745339,0.9410578012466432,47.05289006233215,-1.0,-1.0,-1.0,-0.46129602,-57.596023082733154,1.0,157757
1468,71.98904403452613,0.9409971833229064,47.049859166145325,-1.0,-1.0,-0.7615218,-0.8239054,-26.270681619644165,1.0,120993
7766,71.98864532626628,0.9409893751144408,47.049468755722046,-0.11500239,-0.4377064,-0.67198503,-0.56397796,-41.23802423477173,1.0,160000
41764,71.98088115398275,0.9408373236656188,47.04186618328095,-1.0,-1.0,-0.36405832,-0.84224474,-26.861603260040283,1.0,160000
49582,71.97745407472542,0.9407702088356018,47.03851044178009,-1.0,-1.0,-1.0,0.9558288,-36.2641179561615,1.0,160000
60604,71.97565531261678,0.9407349824905396,47.03674912452698,-1.0,-1.0,-0.9449397,0.613208,-60.0,1.0,137077
41480,71.97184473241825,0.9406603574752808,47.03301787376404,0.17586052,-1.0,-1.0,-0.23491299,-47.823352217674255,1.0,152590
33634,71.97077034245495,0.940639317035675,47.03196585178375,-0.13768274,-1.0,-1.0,-0.7321179,-42.23383963108063,1.0,160000
51672,71.96740412023672,0.9405733942985536,47.02866971492767,0.031203985,-1.0,-0.43843934,0.07743943,-20.0,1.0,160000
34025,71.96729455053405,0.9405712485313416,47.02856242656708,-0.6707771,-0.61600584,-1.0,-0.98037565,-20.0,1.0,108233
35932,71.96622320205594,0.9405502676963806,47.02751338481903,-1.0,-1.0,-0.6969781,-0.7905803,-55.43332576751709,1.0,160000
9809,71.96185562569599,0.940464735031128,47.0232367515564,-1.0,-1.0,-1.0,1.0,-54.427762031555176,1.0,111714
34230,71.96169431435499,0.9404615759849548,47.02307879924774,-0.87594664,-1.0,-0.74332774,-0.6864363,-43.95115435123444,1.4751771688461304,117622
57946,71.95730238048935,0.940375566482544,47.0187783241272,-1.0,-1.0,-1.0,1.0,-42.0186984539032,1.0,160000
32145,71.95730238048935,0.940375566482544,47.0187783241272,-1.0,-0.9296116,-1.0,1.0,-20.0,1.0,160000
6185,71.9503537944372,0.9402394890785216,47.011974453926086,-1.0,-1.0,-0.0064241886,-0.06911124,-37.39702850580216,1.0,160000
47308,71.94807107434372,0.9401947855949402,47.00973927974701,-1.0,-1.0,-1.0,0.29878855,-20.0,1.0,160000
740,71.94510353484237,0.9401366710662842,47.00683355331421,-1.0,-0.66342235,1.0,-0.9902655,-22.997965812683105,1.0,160000
30638,71.94084548943667,0.9400532841682434,47.00266420841217,-1.0,-1.0,0.9580834,-0.7931021,-38.92415404319763,1.0,160000
28910,71.93189108950752,0.9398779273033142,46.99389636516571,-0.87354803,-1.0,-0.91902816,-0.8482986,-36.24228328466416,1.0,160000
8954,71.93097190712348,0.939859926700592,46.9929963350296,-0.9688641,-0.7701347,-1.0,-0.025411945,-35.19535332918167,1.0,86424
45858,71.93032665304537,0.9398472905158995,46.99236452579498,-1.0,-1.0,0.2332328,-0.8692634,-36.31442487239838,1.0,160000
9507,71.92512809000942,0.9397454857826232,46.987274289131165,-1.0,-1.0,-0.22149959,-0.7006461,-35.421894788742065,1.0,160000
42648,71.92292448012242,0.939702332019806,46.985116600990295,-0.94612247,-1.0,-0.8992789,0.26515284,-20.0,1.0,113024
59521,71.91578099544991,0.939562439918518,46.9781219959259,-1.0,-0.94418406,-0.93598807,-0.17282563,-27.41957426071167,1.0,160000
48738,71.91278906494651,0.939503848552704,46.97519242763519,-1.0,-0.87956536,-0.5529587,0.0256657,-20.0,1.0,160000
3249,71.90398369655276,0.9393314123153688,46.96657061576843,-1.0,-1.0,-0.49660218,-0.9756292,-34.05673265457153,1.0,160000
42299,71.90300971664483,0.9393123388290404,46.965616941452026,-0.5009897,-1.0,-1.0,-0.5465733,-20.0,1.0,160000
47934,71.89464564720987,0.9391485452651978,46.95742726325989,-0.6944993,-0.78932494,0.6515382,0.47920185,-28.838967084884644,1.0,160000
21253,71.88929177457132,0.9390437006950378,46.95218503475189,-1.0,-1.0,-0.38193768,-0.30564377,-49.479219913482666,1.0,89034
24910,71.88622067315661,0.9389835596084596,46.949177980422974,-0.009190917,0.48727924,-0.94270146,-0.21681997,-20.0,1.0,160000
31237,71.88534104077664,0.9389663338661194,46.94831669330597,-0.6336257,-0.48378152,-0.69826484,0.16573347,-38.15471708774567,1.0,160000
2300,71.88221819092377,0.9389051795005798,46.94525897502899,-1.0,-1.0,0.48813838,-0.7812048,-50.856592655181885,1.0,160000
58290,71.87329704384885,0.9387304782867432,46.93652391433716,-1.0,-1.0,0.14094794,0.42940512,-41.85019671916962,1.0,160000
19340,71.86965369951557,0.938659131526947,46.93295657634735,-1.0,-1.0,0.7093132,-0.87486464,-20.0,1.0,91378
52448,71.86898407837471,0.9386460185050964,46.93230092525482,-1.0,-1.0,-0.21478909,-0.7107975,-30.7941335439682,1.0,160000
48193,71.86860361173046,0.9386385679244996,46.931928396224976,-1.0,-1.0,-1.0,-0.95957994,-53.29693078994751,1.0,160000
46483,71.86790964040907,0.9386249780654908,46.931248903274536,-0.35898888,-1.0,-1.0,0.58095753,-35.586278438568115,1.0,160000
37454,71.86645169120456,0.9385964274406432,46.929821372032166,-1.0,-1.0,-1.0,-0.68335164,-29.85967516899109,1.0,160000
56710,71.86422671892313,0.9385528564453124,46.927642822265625,-1.0,-1.0,-1.0,-0.9374116,-20.0,1.0,160000
27139,71.86128342122599,0.9384952187538148,46.924760937690735,-1.0,-1.0,-1.0,-0.37417334,-20.0,1.0,160000
52103,71.85850143834271,0.93844074010849,46.9220370054245,-1.0,-0.2857663,-0.61204654,-0.09205824,-47.65424847602844,1.0,124661
32902,71.85531158948885,0.9383782744407654,46.91891372203827,-1.0,-1.0,0.51322645,-0.838447,-59.35769081115723,1.0,160000
25972,71.84969890574712,0.9382683634757996,46.91341817378998,-1.0,-1.0,-0.1969142,-0.9273706,-51.54980540275574,1.0,160000
31988,71.84590942333519,0.9381941556930542,46.90970778465271,-0.57032585,-1.0,-0.94296175,0.42307734,-27.1621310710907,1.0,160000
43551,71.84528849550009,0.93818199634552,46.909099817276,-0.6816857,-1.0,-0.3171212,-0.6665433,-50.64697980880737,1.0,96641
20826,71.84422926527606,0.9381612539291382,46.90806269645691,-1.0,-1.0,-0.5159212,-0.50623053,-39.9175101518631,1.0,125573
18336,71.83801997481979,0.9380396604537964,46.90198302268982,-1.0,-0.70373243,-0.8523555,1.0,-20.0,1.0,160000
43157,71.83627284790765,0.9380054473876952,46.900272369384766,-1.0,-0.01816988,-1.0,-0.8268197,-20.0,1.0,139050
7260,71.83293686669364,0.9379401206970216,46.897006034851074,-0.86673635,-1.0,-1.0,-0.38691723,-60.0,1.0,152999
18086,71.83118364834462,0.9379057884216307,46.89528942108154,0.018097162,-0.4830727,-1.0,-0.001996383,-60.0,1.0,159447
16867,71.82983525207086,0.9378793835639954,46.89396917819977,-1.0,-1.0,-1.0,-0.55186254,-53.31582427024841,1.0,160000
35348,71.82602747411508,0.9378048181533812,46.89024090766907,-0.12633729,-1.0,-1.0,-0.71488404,-46.18914604187012,1.0,107618
23844,71.81710002107431,0.9376299977302552,46.88149988651276,-1.0,-0.24205142,-1.0,-0.48353478,-37.60077133774757,1.1830381155014038,154624
30725,71.81697218139885,0.9376274943351746,46.88137471675873,-0.80561733,-1.0,-1.0,-0.3472675,-20.0,1.0,160000
38408,71.8132952657775,0.937555491924286,46.87777459621429,-1.0,-1.0,-1.0,-0.7911674,-20.0,1.0366824865341189,160000
48125,71.81127722100503,0.9375159740447998,46.87579870223999,-1.0,-0.58815986,0.20372331,1.0,-20.0,1.0,160000
55415,71.79726347948089,0.937241554260254,46.862077713012695,-1.0,-0.77243775,-1.0,-0.040085256,-20.0,1.0,160000
4214,71.79291080122209,0.9371563196182252,46.857815980911255,-0.40253854,-0.72872424,0.29887396,-0.78915125,-50.27548432350159,1.0,153735
8971,71.79067662609211,0.93711256980896,46.855628490448,-1.0,-0.28917855,-1.0,-0.63446444,-34.94129121303558,1.205722153186798,160000
54427,71.78902382210698,0.9370802044868468,46.854010224342346,-0.5386163,-0.9287642,-0.18319821,-0.91437846,-20.0,1.0,160000
17397,71.78471069817002,0.9369957447052002,46.84978723526001,-1.0,0.07152736,-0.8182598,-0.98306596,-20.0,1.0,160000
31083,71.78396799993254,0.936981201171875,46.84906005859375,-0.52384496,-1.0,-0.7131802,-0.9299713,-36.5531325340271,1.0,160000
10670,71.78395278070386,0.9369809031486512,46.84904515743256,-1.0,-0.8974762,-0.39415628,-0.5216597,-57.02148675918579,1.0,160000
47309,71.78191035929494,0.9369409084320068,46.84704542160034,-0.4522403,-1.0,-0.8264979,0.15605569,-23.53570938110352,1.0,137359
9506,71.7790247891316,0.9368844032287598,46.84422016143799,-1.0,-1.0,-0.07408142,-0.6819669,-20.0,1.0,160000
14540,71.77839471161842,0.9368720650672911,46.84360325336456,-1.0,-1.0,0.20973086,0.447718,-20.0,1.0,160000
50637,71.7679025257963,0.9366666078567504,46.83333039283752,-1.0,-0.077964425,-1.0,-0.79858,-20.0,1.0,160000
38937,71.76584487071497,0.9366263151168824,46.83131575584412,-0.99055207,-1.0,-0.8187133,-0.5600169,-40.35129904747009,1.0,160000
52469,71.761866529385,0.9365484118461608,46.82742059230805,-1.0,-1.0,-0.5077186,-0.17563856,-20.0,1.0,143677
52579,71.75890788084932,0.9364904761314392,46.82452380657196,-0.4722768,-0.23664862,-1.0,-0.17295194,-43.68013620376587,1.0,158158
16566,71.75746812559937,0.9364622831344604,46.82311415672302,-1.0,-0.42981476,-0.57733554,-0.48641142,-60.0,1.0,102957
47974,71.75549264599071,0.9364235997200012,46.82117998600006,-1.0,-1.0,-1.0,0.24586898,-40.78873693943024,1.0,160000
35272,71.75515477488523,0.9364169836044312,46.82084918022156,-1.0,-1.0,1.0,-0.8172759,-36.04933589696884,1.0,107194
27735,71.74410240515778,0.9362005591392516,46.810027956962585,-0.56114405,-0.47664124,-1.0,-0.6844696,-60.0,1.0,160000
47900,71.74250740164435,0.9361693263053894,46.80846631526947,-0.9685919,-0.26646525,-1.0,-0.16356558,-20.0,1.0,156704
32074,71.740197079696,0.9361240863800048,46.80620431900024,-0.4137863,-0.31253278,-0.9918375,-0.43039137,-47.78359770774841,1.0,106182
567,71.7301582623398,0.9359275102615356,46.79637551307678,-1.0,-1.0,-0.48972362,-0.8683952,-43.05101901292801,1.0,160000
24247,71.72995127595084,0.9359234571456908,46.79617285728455,-1.0,-0.24919361,0.8714268,-0.78399324,-29.37711000442505,1.0,160000
26179,71.72797272863924,0.9358847141265868,46.79423570632935,-0.8584955,-1.0,-0.08941233,-0.2040695,-35.30571520328522,1.0,160000
49742,71.72585720307953,0.935843288898468,46.7921644449234,-1.0,-0.9184237,-1.0,-0.92147976,-20.0,1.0,160000
23573,71.72080124125031,0.935744285583496,46.787214279174805,-1.0,-1.0,-1.0,-0.08877617,-53.60506772994995,1.0,151267
21571,71.7203263881495,0.9357349872589112,46.78674936294556,-1.0,0.2997806,-0.5161522,0.47501272,-55.49049496650696,1.0,160000
38799,71.71691109563073,0.9356681108474731,46.78340554237366,-0.6673584,-1.0,-1.0,-0.18269295,-38.91268849372864,1.0,160000
31595,71.71568134555851,0.935644030570984,46.7822015285492,-1.0,-0.18588215,-1.0,-0.7242018,-20.78923225402832,1.0,152398
11291,71.71421416762558,0.935615301132202,46.78076505661011,-1.0,-1.0,0.27628213,-0.41834146,-20.0,1.0,99877
28402,71.71257348413157,0.9355831742286682,46.77915871143341,-1.0,-0.8405626,-1.0,-0.90204185,-20.0,2.4688485860824585,124987
42364,71.71001961638365,0.9355331659317015,46.77665829658508,-1.0,0.021404862,-0.72136104,-0.58260614,-60.0,1.0,160000
48302,71.70144480948875,0.9353652596473694,46.76826298236847,-0.9406363,-0.13074684,-0.39228952,-0.5922426,-47.72042214870453,1.0,160000
5782,71.70107040291578,0.935357928276062,46.7678964138031,-1.0,-0.44886965,-0.933867,-0.5090417,-57.9781985282898,1.0,128740
50134,71.69946623747258,0.9353265166282654,46.76632583141327,-1.0,-1.0,-1.0,-0.39510483,-50.82444787025452,1.0,137219
40522,71.69793512595015,0.9352965354919434,46.76482677459717,-1.0,-0.3187514,-1.0,-0.09027517,-52.30993986129761,1.0,125108
38185,71.69733850965127,0.9352848529815674,46.76424264907837,-0.40866244,-0.07274747,-0.71517956,-0.2105996,-24.930408000946045,1.0,154375
24287,71.69731720192343,0.935284435749054,46.7642217874527,-0.1823535,-0.041884303,-0.9283223,-0.6789137,-46.281622648239136,1.0,160000
58894,71.69580435273775,0.9352548122406006,46.76274061203003,-1.0,-1.0,-1.0,0.076563835,-25.713047981262207,1.0,158079
60732,71.69425497496646,0.93522447347641,46.761223673820496,-1.0,-0.6531811,-0.96085536,-0.90890425,-41.644593477249146,1.0,160000
15026,71.69332352141866,0.9352062344551086,46.76031172275543,0.27242613,-0.07599962,0.75101185,-0.9738531,-31.62461280822754,1.0,160000
16183,71.69309217995567,0.9352017045021056,46.760085225105286,-0.6407776,-0.92099065,-0.4872869,-0.7965576,-60.0,1.0,120020
59394,71.69259296935033,0.9351919293403624,46.75959646701813,-1.0,-1.0,-1.0,0.15142584,-31.99686408042908,1.0,160000
26306,71.68623715648225,0.9350674748420716,46.75337374210358,-1.0,-0.2426182,-1.0,0.04798135,-20.0,1.0,160000
55828,71.68579577993087,0.9350588321685792,46.75294160842896,-0.85904545,-1.0,-1.0,-0.7333315,-59.18609380722046,1.0,160000
14456,71.68082800485342,0.9349615573883056,46.74807786941528,-1.0,-0.009170413,-0.6556963,-0.56565154,-50.549588203430176,1.0,160000
40639,71.680508386601,0.9349552989006042,46.74776494503021,-0.84999174,-0.051068544,-0.80744857,-0.25999296,-30.79635322093964,1.0,160000
2518,71.68032879156331,0.9349517822265624,46.747589111328125,-1.0,0.0017724037,1.0,-0.60162216,-60.0,1.0,160000
34442,71.67647510480325,0.9348763227462769,46.74381613731384,-0.63454986,-0.57928836,-0.48960346,-0.53949296,-60.0,1.0,147526
58403,71.67292581091797,0.9348068237304688,46.74034118652344,-1.0,-1.0,-0.55066305,-0.84585744,-45.168811678886414,1.0,160000
45731,71.67281013915462,0.9348045587539672,46.74022793769837,-1.0,-0.22115254,-1.0,-0.090346694,-20.0,1.0,160000
38398,71.66763838773551,0.934703290462494,46.735164523124695,-0.4437557,-0.6559909,1.0,-0.6781603,-20.0,1.0,160000
19949,71.66549541019418,0.934661328792572,46.7330664396286,-1.0,-1.0,-0.50717473,-0.9002108,-52.83805251121521,1.0,160000
55825,71.66502967759259,0.9346522092819214,46.73261046409607,-1.0,-1.0,-0.5138997,-0.74055666,-53.805766105651855,1.0,102786
35282,71.661422529709,0.9345815777778624,46.72907888889313,-1.0,-1.0,-0.083022416,0.31638277,-20.0,1.0,89883
29615,71.65252182981955,0.9344072937965392,46.720364689826965,-1.0,-0.6900145,-1.0,-0.029597402,-60.0,1.0,160000
20511,71.65127378088468,0.9343828558921814,46.71914279460907,-1.0,-1.0,-0.23188515,0.39233965,-20.0,1.0,97735
48767,71.64556014324589,0.934270977973938,46.7135488986969,-1.0,-1.0,-0.18255752,0.8713189,-20.0,1.0,160000
59732,71.64492698486264,0.9342585802078248,46.71292901039124,-1.0,-1.0,-1.0,-0.3626054,-35.25546848773956,1.0,155513
40956,71.6415389757138,0.9341922402381896,46.709612011909485,-1.0,-1.0,-0.63115585,1.0,-43.96518886089325,1.0,99078
6440,71.63998651700666,0.9341618418693542,46.70809209346771,-1.0,0.056168675,-1.0,-0.5483701,-60.0,1.0,160000
19401,71.63951469111136,0.934152603149414,46.7076301574707,-1.0,-1.0,-1.0,-0.058798783,-20.0,1.0,118100
13964,71.63931074053278,0.934148609638214,46.70743048191071,0.038437963,-1.0,-1.0,-0.6044897,-40.98350182175636,1.0,160000
27414,71.63700031404554,0.9341033697128296,46.70516848564148,-1.0,-1.0,0.007157743,-0.8455537,-26.796135902404785,1.0,118450
38692,71.62850742181787,0.9339370727539062,46.69685363769531,-1.0,-1.0,-1.0,-0.9318975,-20.0,1.0,160000
23120,71.627950360037,0.9339261651039124,46.69630825519562,-1.0,-1.0,0.851686,-0.9889616,-28.65311861038208,1.0,160000
44140,71.62682101578942,0.9339040517807008,46.69520258903504,-1.0,-1.0,-1.0,1.0,-20.0,1.0,160000
52104,71.62357605049174,0.93384051322937,46.692025661468506,-1.0,-0.3431963,1.0,-0.4370821,-20.0,1.0,160000
18338,71.62353952177536,0.9338397979736328,46.69198989868164,-0.31198633,-0.5521765,-0.9346664,1.0,-39.800643622875214,1.0,160000
37769,71.62332034946476,0.933835506439209,46.69177532196045,-1.0,-0.00012290478,-0.3976798,0.3694183,-25.72901487350464,1.0,160000
29477,71.61496134529895,0.9336718320846558,46.68359160423279,-1.0,-1.0,-1.0,-0.9507574,-20.0,1.0,160000
4295,71.61143021995889,0.9336026906967164,46.680134534835815,-0.143013,-1.0,1.0,-0.24645233,-20.0,1.0,160000
18564,71.6090710598867,0.9335564970970154,46.67782485485077,-1.0,-1.0,-1.0,-0.69473726,-60.0,1.0,137869
14829,71.604325335628,0.9334635734558104,46.67317867279053,-1.0,-1.0,-1.0,-0.4538002,-20.0,1.0,160000
25146,71.60408789695067,0.933458924293518,46.6729462146759,-0.43071193,-0.60723805,-1.0,-0.36406958,-60.0,1.0,160000
35193,71.59990836335083,0.9333770871162416,46.66885435581207,-0.21430492,-1.0,-1.0,-0.9370824,-60.0,1.0,160000
1554,71.59833761166387,0.9333463311195374,46.66731655597687,-1.0,-1.0,-0.42706135,-0.55194277,-23.22696566581726,1.0,134150
15322,71.58893743158518,0.933162271976471,46.65811359882355,-0.73963296,-1.0,0.132052,-0.9046744,-28.668209314346317,1.0,140333
23014,71.58724490798247,0.9331291317939758,46.65645658969879,-1.0,-1.0,-0.16491842,0.41837612,-20.0,1.0,160000
14597,71.57833478541045,0.9329546689987184,46.64773344993591,-1.0,-1.0,0.08063662,-0.9917382,-42.34541743993759,1.0,160000
54067,71.56462098213014,0.9326861500740052,46.634307503700256,-0.37501645,0.029536605,0.075534046,0.7997808,-20.0,1.0,160000
31314,71.55966816310574,0.9325891733169556,46.62945866584778,-1.0,-1.0,-1.0,-0.3985464,-20.0,1.0,155958
33284,71.54491618692597,0.932300329208374,46.6150164604187,-1.0,-1.0,-1.0,-0.65875745,-20.0,1.0,160000
20039,71.5393544904324,0.9321914315223694,46.60957157611847,-0.8211343,-1.0,-1.0,-0.70348704,-20.0,1.0,92795
16315,71.53914444251417,0.93218731880188,46.609365940094,-0.13682169,-1.0,-0.6739589,-0.44061515,-35.42536735534668,1.0,160000
38474,71.53790546381784,0.9321630597114564,46.608152985572815,-0.038249433,-0.6584135,-1.0,-0.31364092,-24.8642897605896,1.0,141892
6523,71.53198453661668,0.9320471286773682,46.60235643386841,-1.0,-0.6695032,0.3074779,-0.97701335,-25.458955764770508,1.0,160000
23044,71.530727288901,0.932022511959076,46.6011255979538,-1.0,-0.14254093,0.24290338,-0.8942112,-20.0,10.859105348587036,122511
42077,71.52983838694739,0.9320051074028016,46.60025537014008,-0.73774946,-0.5786791,-1.0,-0.026475191,-28.96828055381775,1.0,160000
60891,71.52833760306306,0.9319757223129272,46.59878611564636,-0.565953,-1.0,1.0,-0.9252208,-20.0,1.0,141074
32295,71.52360997511951,0.9318831562995912,46.59415781497955,-1.0,-0.33108246,0.22680116,-0.3757335,-35.17221063375473,1.0,160000
40958,71.51951248664068,0.9318029284477234,46.59014642238617,-0.0052758455,-0.5171114,-0.5951166,1.0,-38.78840744495392,1.0,160000
30090,71.51883058590691,0.9317895770072936,46.589478850364685,-1.0,-1.0,0.5521529,0.5402635,-55.00108003616333,1.0,160000
15575,71.51666920276006,0.9317472577095032,46.58736288547516,-1.0,-0.40106028,1.0,-0.16022003,-36.13115072250366,1.0,160000
49788,71.51471177934134,0.9317089319229126,46.58544659614563,-0.16357791,-1.0,-0.5471523,-0.84203666,-60.0,1.0,160000
47245,71.5141303359781,0.9316975474357604,46.584877371788025,-1.0,-1.0,-1.0,-0.97725797,-31.2179696559906,1.656360387802124,160000
26173,71.5127056468967,0.9316696524620056,46.58348262310028,-1.0,-1.0,-0.2627827,-0.95051,-20.0,2.387955844402313,160000
3776,71.51133575270383,0.9316428303718568,46.582141518592834,-0.59926337,-1.0,-0.12739754,-0.14039707,-33.9931446313858,1.0,88837
4163,71.50979842601147,0.9316127300262452,46.580636501312256,-0.50126934,0.13295448,-1.0,0.94185746,-37.70969167351723,1.0,136248
21626,71.50612710299396,0.931540846824646,46.5770423412323,-1.0,-1.0,-1.0,-0.19551957,-28.941603899002075,1.0,160000
28929,71.50239488957743,0.9314677715301514,46.57338857650757,-1.0,-1.0,-0.67206866,-0.9787684,-20.0,1.0,160000
14366,71.500531824786,0.9314312934875488,46.57156467437744,-0.8236635,-1.0,-0.8517944,-0.3227464,-20.0,1.0,160000
6220,71.49764894209395,0.9313748478889464,46.56874239444733,-0.17612273,-0.2069655,-0.59746397,-0.7535881,-39.3066943436861,1.0,91140
39039,71.49690310595258,0.9313602447509766,46.56801223754883,-1.0,-1.0,-0.12099475,-0.5242728,-42.43532598018646,1.0,160000
513,71.4966108598873,0.931354522705078,46.56772613525391,-0.9308256,0.013632417,0.18628395,-0.67315763,-20.0,1.0,160000
16843,71.48462569445965,0.9311198592185974,46.55599296092987,-0.5765932,-0.31933022,-0.047954023,0.13186267,-20.0,1.0,127493
36349,71.47608352356622,0.9309526085853576,46.54763042926788,-0.30554473,-1.0,-1.0,-0.9370587,-34.062920808792114,1.0,138260
597,71.47538029993446,0.9309388399124146,46.54694199562073,-0.09583241,-1.0,-0.5695801,-0.77982193,-23.19613575935364,1.7440495491027832,154758
18226,71.46151365938684,0.9306673407554626,46.53336703777313,-1.0,-1.0,-1.0,-0.40114444,-25.4949152469635,1.0,160000
37879,71.45654539337417,0.9305700659751892,46.52850329875946,0.07087493,-0.054517746,-1.0,0.7777248,-40.20528554916382,1.0,160000
42171,71.4511844029015,0.9304651021957396,46.52325510978699,-1.0,-1.0,-1.0,1.0,-50.86471319198608,1.0,160000
27800,71.44666058162045,0.9303765296936036,46.518826484680176,-1.0,-1.0,-0.80446064,0.53663164,-32.04566478729248,1.0,150276
21858,71.44392680097528,0.9303230047225952,46.51615023612976,-0.5025812,-0.84464383,0.5666423,-0.90441966,-60.0,1.0,160000
54069,71.44017013041281,0.9302494525909424,46.51247262954712,-0.96606255,-0.6971544,-1.0,0.24963236,-60.0,1.0,122011
15527,71.43050139363173,0.9300601482391356,46.50300741195679,-1.0,-1.0,-0.68621385,-0.13716261,-20.0,1.0,160000
50812,71.42434577199516,0.9299396276474,46.49698138237,-0.8038961,-0.43664676,-1.0,-0.27837676,-20.0,1.0,160000
4934,71.42302453350996,0.9299137592315674,46.49568796157837,-0.74690664,-1.0,-0.21005085,-0.7556845,-58.383549451828,1.0,160000
14361,71.41803487243507,0.9298160672187804,46.49080336093903,-1.0,-1.0,-1.0,-0.31788242,-22.3165500164032,1.0,160000
34516,71.41736207409357,0.9298028945922852,46.49014472961426,-0.55092794,-1.0,-1.0,-0.98814785,-60.0,1.0,142012
19512,71.41089284902735,0.9296762347221376,46.48381173610687,-1.0,-1.0,-1.0,0.030406404,-29.04783010482788,1.0,76659
34224,71.41059754748727,0.9296704530715942,46.48352265357971,-1.0,-1.0,-0.00067925453,0.2962749,-51.82248115539551,1.0,128937
29458,71.40619846326396,0.9295843243598938,46.47921621799469,-0.6106718,-0.50581175,0.03268701,-0.9579485,-20.0,1.0,160000
39037,71.40168368485465,0.929495930671692,46.4747965335846,-1.0,-1.0,0.076165855,-0.5317403,-20.0,1.0,129296
32204,71.39670310964458,0.9293984174728394,46.46992087364197,-0.90847987,-1.0,0.47927982,-0.8592002,-20.0,1.0,92399
15965,71.38848026547848,0.929237425327301,46.46187126636505,-1.0,-0.60765165,-0.3741126,-0.5252507,-41.483573615551,1.0,103182
26156,71.38421509087365,0.9291539192199708,46.457695960998535,-1.0,-0.5307104,-0.61302316,-0.5857462,-43.33312690258026,1.1094010472297668,160000
60028,71.37640623849146,0.9290010333061218,46.45005166530609,-1.0,-0.55395365,-0.371067,0.33523017,-39.08349931240082,1.0,138677
59350,71.37441824952515,0.9289621114730836,46.448105573654175,-1.0,-1.0,0.5198584,-0.24895734,-55.237414836883545,1.0,160000
38484,71.37064319673271,0.928888201713562,46.4444100856781,-0.6527095,-1.0,-0.6233716,-0.94582,-47.243549823760986,1.0,121515
34555,71.3703204903132,0.9288818836212158,46.44409418106079,-1.0,-1.0,-1.0,-0.8268112,-53.75967264175415,1.0,160000
26105,71.36801587802876,0.9288367629051208,46.44183814525604,-1.0,-1.0,-0.6209716,-0.9307089,-46.18630051612854,1.0,160000
19673,71.36587870574333,0.9287949204444884,46.439746022224426,-0.80412734,-0.88865936,-0.90625936,-0.5305104,-56.23915076255798,1.219329595565796,143649
33154,71.36526677997163,0.9287829399108888,46.439146995544434,-0.071520686,-1.0,-0.9883927,-0.392329,-22.11451530456543,1.0,160000
57446,71.36418601514252,0.9287617802619934,46.43808901309967,-1.0,-0.5647984,-1.0,0.44176528,-40.78785598278046,1.0,160000
47428,71.36204275039682,0.9287198185920716,46.43599092960358,-1.0,-1.0,-0.54583037,-0.24499536,-60.0,1.0,151369
11716,71.35548507825408,0.9285914301872252,46.42957150936127,-1.0,-1.0,0.10075796,-0.6737047,-20.0,1.0,160000
55411,71.35248632208885,0.9285327196121216,46.42663598060608,-1.0,-1.0,1.0,-0.23015302,-20.0,1.0,160000
8770,71.35208750243979,0.928524911403656,46.4262455701828,-0.51616526,-1.0,-1.0,0.207073,-41.35230883955956,1.0,156243
13914,71.35167954944316,0.928516924381256,46.425846219062805,-1.0,-1.0,-1.0,-0.8070834,-42.89894789457321,1.0,92781
52377,71.35107979751524,0.9285051822662354,46.42525911331177,-1.0,-0.78241843,-1.0,-0.6820428,-20.0,1.0,160000
22789,71.35086059880118,0.9285008907318116,46.425044536590576,-0.3401069,-0.46428585,-1.0,-0.6894605,-60.0,1.0,151437
4145,71.35035522390679,0.9284909963607788,46.42454981803894,-0.56343716,-1.0,-0.89652807,-0.79534817,-20.0,1.0,137705
22377,71.34970980520184,0.9284783601760864,46.42391800880432,-1.0,-1.0,0.38971686,-0.7547667,-20.0,1.0,160000
24858,71.3461934877775,0.9284095168113708,46.42047584056854,-1.0,-0.5114891,-0.04432714,0.16946295,-43.21542739868164,1.0,146871
60005,71.3450548695283,0.9283872246742249,46.41936123371124,-1.0,-0.7833866,-1.0,-0.99145216,-43.76255512237549,1.0,140879
30309,71.33783345907861,0.9282458424568176,46.41229212284088,-1.0,-0.56212175,-1.0,-0.085602164,-20.0,1.0,160000
35091,71.33149187250812,0.9281216859817504,46.40608429908752,-1.0,-1.0,-1.0,-0.964823,-60.0,1.0,160000
38375,71.32951602166803,0.9280830025672911,46.40415012836456,-1.0,-0.964449,-0.77752894,-0.9154917,-22.850525379180908,1.0,160000
6756,71.32174960191458,0.9279309511184692,46.39654755592346,-0.4590932,-1.0,0.13835347,-0.09919334,-46.51422619819641,1.0,110784
38314,71.3171737646137,0.9278413653373718,46.39206826686859,-0.70790154,-0.18720949,0.37082922,-0.28261745,-47.79752016067505,1.0,160000
48184,71.31158410639893,0.9277319312095642,46.38659656047821,-1.0,-1.0,-1.0,-0.29127324,-20.0,1.0,160000
23576,71.3115262612793,0.9277307987213136,46.38653993606568,-1.0,-1.0,-1.0,-0.2668211,-20.0,1.0,72735
54210,71.31113352332247,0.9277231097221376,46.38615548610687,-1.0,-1.0,-1.0,-0.26256448,-60.0,1.0,79848
48055,71.30980308492721,0.9276970624923706,46.38485312461853,-1.0,-1.0,-1.0,-0.6206901,-37.261998653411865,1.0,160000
60378,71.30749841060113,0.9276519417762756,46.38259708881378,-1.0,-0.23823577,-0.8718613,-0.3640712,-20.0,1.0,100218
11463,71.30530637998484,0.9276090264320374,46.38045132160187,-0.081760764,-0.68105125,-0.06081724,-0.981078,-43.78829687833786,1.0,160000
41363,71.30478272790978,0.927598774433136,46.3799387216568,-1.0,-1.0,-0.92449635,0.9915024,-27.174320220947266,1.0,160000
34439,71.29476329170957,0.9274026155471802,46.37013077735901,0.108547926,-1.0,-0.6448726,-0.4428123,-21.942830085754395,1.0,160000
52138,71.28591594926027,0.9272294044494628,46.361470222473145,-1.0,-1.0,-1.0,-0.6957348,-32.56073474884033,1.0,130081
438,71.28433889005973,0.9271985292434692,46.35992646217346,-0.4390689,-1.0,-0.6804974,-0.75294423,-59.40093398094177,1.3558066487312317,127990
50199,71.28295667896057,0.9271714687347412,46.35857343673706,-0.6356535,-0.1305995,-1.0,0.12899727,-38.52038502693176,1.0,160000
19645,71.28083769289027,0.9271299839019777,46.35649919509888,-0.76047933,-1.0,0.5075504,-0.7372225,-47.50582993030548,1.0,160000
13611,71.27788450494117,0.9270721673965454,46.35360836982727,-1.0,-1.0,-1.0,-0.37190843,-35.93092203140259,1.0,160000
36587,71.276697139618,0.927048921585083,46.35244607925415,-0.083415866,-1.0,-0.3748886,-0.601568,-20.0,1.0,160000
42237,71.27473646319515,0.9270105361938475,46.35052680969238,-0.60882705,-0.4158861,-0.64042103,-0.3266852,-24.51521158218384,1.0,128118
49590,71.27336337977262,0.926983654499054,46.3491827249527,-1.0,-1.0,-1.0,1.0,-48.17943096160889,1.0,160000
23786,71.27336337977262,0.926983654499054,46.3491827249527,-0.117549896,-1.0,-1.0,1.0,-28.70501279830933,1.0,160000
49588,71.27336337977262,0.926983654499054,46.3491827249527,-1.0,-1.0,-1.0,1.0,-20.0,1.0,160000
22571,71.27175891093849,0.9269522428512572,46.34761214256287,-1.0,-0.96944845,1.0,-0.41185674,-20.0,1.2409490942955017,160000
1497,71.2644641956491,0.9268094301223756,46.34047150611877,-1.0,-0.30201894,-0.041130126,-0.71080124,-60.0,1.0,160000
43528,71.26274098314492,0.9267756938934326,46.33878469467163,-1.0,-0.73519564,-0.6816424,-0.916022,-31.67967140674591,1.0,160000
48765,71.25272135909636,0.9265795350074768,46.32897675037384,-1.0,-0.520333,-0.49056908,1.0,-49.36149537563324,1.0,147694
16234,71.2486446897523,0.9264997243881226,46.32498621940613,-1.0,-1.0,-0.60162044,-0.9410223,-60.0,1.0,160000
42050,71.24688797483465,0.9264653325080872,46.32326662540436,-1.0,-1.0,-1.0,-0.49851578,-31.31700932979584,1.0,160000
29946,71.24674183557664,0.926462471485138,46.3231235742569,-1.0,-0.8918811,-0.04800874,-0.67497927,-20.0,1.0,160000
58010,71.24471415238766,0.9264227747917176,46.32113873958588,-1.0,-0.2603147,0.9443762,-0.6592745,-30.97623109817505,1.0,86333
39371,71.22239733768895,0.925985872745514,46.299293637275696,-1.0,-0.9683199,-0.82955825,0.037310123,-20.0,1.0,160000
9807,71.21875294721855,0.9259145259857178,46.29572629928589,-0.256886,-1.0,1.0,-0.22495951,-23.545503616333008,1.0,126556
38130,71.21767820102555,0.925893485546112,46.2946742773056,-1.0,-0.21640527,-1.0,-0.6534599,-35.13271987438202,1.0,160000
20654,71.21765688877288,0.9258930683135986,46.29465341567993,-1.0,-0.55447906,-1.0,-0.515478,-45.07719814777374,1.0,160000
46228,71.20255558438942,0.9255974292755128,46.27987146377564,-1.0,-0.23888117,0.46577626,-0.57256114,-50.3795313835144,1.0,160000
60435,71.18625763073724,0.92527836561203,46.2639182806015,-1.0,-1.0,0.61763674,-0.31035656,-40.93796730041504,1.0,140569
54112,71.18059761864589,0.9251675605773926,46.25837802886963,-0.8705573,-1.0,-1.0,-0.48691994,-53.615710735321045,1.0,160000
61420,71.17739768077224,0.9251049160957336,46.25524580478668,-1.0,-0.9205083,0.57902944,-0.7267845,-20.0,1.0,160000
15875,71.17598495697888,0.925077259540558,46.25386297702789,-1.0,-0.9489712,0.81020474,-0.9883306,-33.68356227874756,1.0,152490
9755,71.16999304957494,0.92495995759964,46.247997879982,-1.0,-0.9604459,-1.0,-0.43722656,-35.239234268665314,1.0,147264
2637,71.16697577710605,0.9249008893966676,46.245044469833374,-1.0,-0.7861227,-1.0,-0.9099816,-22.71552085876465,1.0,157028
31038,71.1652007299439,0.9248661398887634,46.24330699443817,-1.0,-1.0,0.44658184,-0.7415344,-50.745731592178345,1.0,160000
10831,71.15927273202121,0.9247500896453856,46.23750448226929,-0.1559754,-1.0,-1.0,-0.78300345,-40.03244012594223,1.0,160000
14239,71.14328197802809,0.9244370460510254,46.22185230255127,-1.0,-1.0,-1.0,-0.8772055,-40.269679725170135,1.0,114332
32012,71.13426048720842,0.924260437488556,46.2130218744278,-1.0,-0.33213472,-1.0,-0.78403956,-36.04890674352646,1.1145043969154358,97582
36387,71.1339103442368,0.9242535829544068,46.21267914772034,-1.0,-1.0,-0.6386742,-0.9170041,-60.0,1.0,127237
50704,71.1326254712958,0.9242284297943116,46.211421489715576,-1.0,-1.0,-0.77964437,0.17897302,-40.76703071594238,1.0,134037
14979,71.13085344152218,0.9241937398910522,46.20968699455261,-1.0,-0.27124107,0.6334399,-0.75968176,-60.0,1.0,137815
41364,71.12934021223253,0.9241641163825988,46.20820581912994,-1.0,0.107473254,-0.022259593,1.0,-20.0,1.0,160000
44679,71.12037955978691,0.9239886999130248,46.199434995651245,-1.0,-1.0,0.9071402,0.019630492,-30.26559591293335,1.0,139565
35728,71.11500558681837,0.9238834977149964,46.19417488574982,0.0063164234,0.10743487,-1.0,0.51310754,-37.1015214920044,1.0,160000
373,71.10989649454511,0.9237834811210632,46.18917405605316,-1.0,-1.0,-1.0,-0.063256204,-59.27180886268616,1.0,160000
31394,71.09875875454574,0.9235654473304749,46.17827236652374,-0.7607924,-0.8559433,-0.023896337,-0.78218085,-20.0,1.0,160000
22326,71.09147565331104,0.923422873020172,46.171143651008606,-1.0,-0.4878066,-1.0,-0.8280281,-37.85198926925659,1.0,149680
17105,71.08786149681706,0.9233521223068236,46.16760611534119,-1.0,-0.5667352,-1.0,-0.5171063,-36.32678121328354,1.0,160000
14085,71.07771929588691,0.9231535792350768,46.157678961753845,-1.0,-1.0,-0.8622052,0.55228686,-28.080623149871823,1.0,160000
55604,71.07542656137775,0.923108696937561,46.15543484687805,-0.42840695,-0.6147774,-0.8933874,-0.82721525,-43.71944487094879,1.0,160000
30613,71.07065839678012,0.9230153560638428,46.15076780319214,-1.0,-0.051915765,0.92095345,-0.6098996,-20.0,1.0,160000
52048,71.06673059067512,0.9229384660720824,46.146923303604126,-0.30975318,-0.7225477,-0.24172577,0.6880871,-20.0,1.0,160000
39378,71.0603912796694,0.9228143692016602,46.14071846008301,-1.0,-1.0,-0.5966518,-0.53882444,-48.86223733425141,1.0778475403785706,160000
34842,71.05455434763725,0.9227001070976256,46.13500535488129,-1.0,-0.61494565,-0.82809913,0.2966947,-42.99713551998138,1.0,160000
60365,71.05216415456029,0.922653317451477,46.13266587257385,-1.0,-0.55321306,-1.0,0.23187596,-20.0,1.0,160000
17183,71.05069045461721,0.9226244688034058,46.13122344017029,-0.32183892,-1.0,-1.0,-0.021998882,-52.33793497085571,1.0,160000
25861,71.04766997564529,0.9225653409957886,46.12826704978943,-0.9606599,-1.0,0.6183069,-0.85597694,-56.12552285194397,1.0,160000
20853,71.04664995409698,0.9225453734397888,46.12726867198944,-1.0,-0.64925104,0.18462032,-0.64188236,-20.0,1.0,155281
37873,71.04598922347088,0.9225324392318726,46.12662196159363,-0.8497508,-1.0,-0.86855596,0.8710737,-44.396509528160095,1.0,160000
56504,71.04452769880704,0.9225038290023804,46.12519145011902,-1.0,-1.0,0.20391548,-0.23752886,-20.0,1.0,160000
47439,71.03395293023519,0.9222968220710754,46.11484110355377,-1.0,-1.0,-1.0,-0.98788214,-52.42886543273926,1.0,160000
45675,71.02923034959478,0.9222043752670288,46.11021876335144,-1.0,-0.06925833,1.0,-0.9555471,-34.78434145450592,1.0,160000
20683,71.02459606017732,0.9221136569976808,46.10568284988403,-0.5108695,-0.7368081,-0.6496706,0.868212,-50.00583171844482,1.0,160000
37770,71.02123451961569,0.9220478534698486,46.10239267349243,-1.0,-1.0,-0.3279187,0.39693958,-26.183149814605716,1.0,160000
32414,71.01543097836151,0.9219342470169068,46.09671235084534,-0.2746749,-0.7148355,1.0,-0.2833485,-34.040223360061646,1.0,160000
4148,71.01472761005303,0.9219204783439636,46.09602391719818,-0.50897956,-1.0,-0.44082433,-0.75990486,-35.52480399608612,1.0,160000
57396,71.00938687544652,0.9218159317970276,46.09079658985138,-1.0,-1.0,0.10867357,-0.6537959,-36.96552515029907,1.0,160000
33637,71.00798013477271,0.9217883944511414,46.08941972255707,-0.007904768,-0.15294683,-1.0,-0.7741324,-24.6150016784668,1.0,93924
14661,71.00724631514927,0.9217740297317504,46.08870148658752,-0.025708556,-1.0,-0.79907954,-0.44786495,-24.895694255828857,1.0,160000
8172,71.0009129240731,0.9216500520706176,46.08250260353088,-0.0072227716,-1.0,-1.0,-0.4097451,-32.59076774120331,1.0,160000
13679,70.97120359750511,0.9210684895515442,46.05342447757721,-1.0,-0.39840382,0.34533167,-0.64506865,-20.0,1.0,160000
2900,70.9694192591691,0.9210335612297058,46.05167806148529,-0.08095795,-1.0,-0.5095656,-0.7120544,-20.543924570083615,1.0,160000
4141,70.96560698200098,0.920958936214447,46.04794681072235,-1.0,-0.97511977,-0.13177139,-0.774305,-20.0,1.0,160000
9501,70.95992204850066,0.9208476543426514,46.04238271713257,-1.0,-0.35917884,-0.9097309,-0.7020389,-60.0,1.0,160000
41638,70.95934350597601,0.920836329460144,46.0418164730072,-1.0,-0.050248027,-1.0,0.39756402,-33.629658222198486,1.0,130973
58525,70.95292471876407,0.9207106828689576,46.03553414344788,-0.61722684,-1.0,-1.0,-0.9559662,-52.96548366546631,1.0,160000
23016,70.949331651379,0.9206403493881226,46.03201746940613,-1.0,-1.0,-1.0,0.9722357,-22.35223650932312,1.0,118197
25983,70.94479463422442,0.9205515384674072,46.02757692337036,-1.0,-0.8378198,-0.6686377,-0.33173162,-44.115458726882935,1.0,160000
21171,70.92882365078405,0.9202389121055604,46.011945605278015,-1.0,-0.29624522,-1.0,-0.7695832,-60.0,1.0,160000
20657,70.92446015706854,0.9201534986495972,46.00767493247986,-0.50562876,-1.0,-0.89672816,-0.7304568,-44.17160242795944,1.0,160000
14089,70.91211565573782,0.9199118614196776,45.99559307098389,-0.6127036,-0.24823815,-1.0,0.6392087,-20.0,1.0,160000
61330,70.91116256236177,0.919893205165863,45.99466025829315,-1.0,-1.0,-0.5761151,-0.58919436,-20.0,1.0,160000
27091,70.91113515711484,0.91989266872406,45.994633436203,-0.032314897,-1.0,0.23992282,-0.67265296,-36.74894154071808,1.0,160000
42363,70.90864127822078,0.919843852519989,45.99219262599945,-1.0,-1.0,-1.0,-0.36636907,-20.0,1.0,160000
27842,70.90603777527159,0.919792890548706,45.9896445274353,-1.0,-1.0,0.35313416,0.08662109,-50.22241830825806,1.0,160000
9432,70.90488370690043,0.9197703003883362,45.98851501941681,0.016469002,-0.4232059,-0.9222045,-0.8387133,-51.71027302742005,1.3860676288604736,160000
23392,70.89598913860485,0.9195961952209472,45.97980976104736,-1.0,-0.59641415,-0.14257276,-0.56470346,-47.735795378685,1.0,160000
39064,70.89411338802721,0.9195594787597656,45.97797393798828,-1.0,-1.0,-1.0,-0.114774644,-60.0,1.0,160000
34445,70.89268830373042,0.9195315837860109,45.97657918930054,-1.0,-1.0,-1.0,-0.39035693,-45.75474798679352,1.0,92655
24392,70.89153422837978,0.9195089936256408,45.97544968128204,-0.82773995,-1.0,-0.092429936,0.15854421,-30.84035336971283,1.0,160000
14997,70.88386981291211,0.9193589687347412,45.96794843673706,-0.8673215,-1.0,0.008476675,0.34593186,-28.08606028556824,1.0,121833
71,70.8834008728415,0.9193497896194458,45.96748948097229,-0.06414205,-1.0,-0.0095463395,0.04080355,-36.147520840168,1.0,160000
14843,70.8829227974721,0.919340431690216,45.9670215845108,-1.0,-0.42779332,1.0,-0.25130033,-45.05672335624695,1.0,160000
5239,70.87938138243268,0.9192711114883424,45.96355557441712,-0.6010637,-1.0,-0.5047073,-0.7745012,-60.0,1.0,98007
21219,70.87281010885037,0.919142484664917,45.95712423324585,-1.0,-1.0,-1.0,-0.84433436,-47.62284874916077,1.0,148025
11713,70.86590690091292,0.9190073609352112,45.95036804676056,-0.548398,-1.0,-0.62190175,-0.6514694,-34.4731467962265,1.035921335220337,160000
18704,70.85099504534911,0.918715476989746,45.935773849487305,-1.0,-1.0,-0.58614856,-0.22379285,-60.0,1.0,160000
5940,70.85084583493051,0.918712556362152,45.935627818107605,-0.6772161,-1.0,-0.51319784,-0.84144735,-46.87289237976074,1.0,88098
31180,70.84450895047664,0.9185885190963744,45.929425954818726,-0.09485996,-1.0,-1.0,-0.5044022,-20.0,1.0,160000
23211,70.83652767794206,0.9184322953224182,45.92161476612091,-1.0,-1.0,-1.0,-0.62488735,-24.51774001121521,1.0,120853
35973,70.82850374449228,0.9182752370834352,45.91376185417175,-0.6419365,-0.572793,-1.0,-0.31251737,-29.55571174621582,1.0,132755
39825,70.82678932911254,0.9182416796684264,45.912083983421326,-0.5019743,-1.0,-0.14336544,0.42339426,-56.83543205261231,1.0,160000
48367,70.81801929704132,0.9180700182914734,45.90350091457367,-1.0,-0.7865536,-0.49915648,-0.111729085,-20.0,1.0,160000
58245,70.8121786798998,0.9179556965827942,45.89778482913971,-1.0,-1.0,-0.27447134,-0.20078069,-36.81912839412689,1.0,100878
39830,70.80730945698676,0.9178603887557985,45.89301943778992,-1.0,0.062178373,1.0,0.045248568,-32.94058620929718,1.0,160000
40353,70.79470545841393,0.917613685131073,45.88068425655365,-1.0,-1.0,-1.0,-0.6933677,-20.0,1.0,160000
56235,70.78530798697756,0.917429745197296,45.87148725986481,-1.0,-1.0,0.3455246,-0.10344851,-20.0,1.0,160000
26400,70.78493342717294,0.9174224138259888,45.87112069129944,-1.0,-1.0,-1.0,-0.24895287,-48.43468070030213,1.0,160000
59869,70.78099902276495,0.917345404624939,45.86727023124695,-1.0,-0.2979293,-1.0,-0.7795723,-20.0,1.0,160000
17551,70.77239934029525,0.9171770811080932,45.85885405540466,-0.2826444,-0.7180395,0.17450082,-0.38770398,-49.106565117836,1.0,160000
14416,70.77142486990246,0.9171580076217652,45.85790038108826,-1.0,-1.0,0.18608683,-0.8677741,-20.0,1.0,103766
36639,70.75859227256299,0.9169068336486816,45.84534168243408,-1.0,-0.096235275,-1.0,-0.9239874,-20.0,1.0,160000
31615,70.75515115040974,0.9168394804000854,45.84197402000427,-0.25527412,-0.13862252,-1.0,-0.15756792,-20.881224870681763,1.0,160000
8267,70.75513896943679,0.9168392419815063,45.84196209907532,-1.0,-0.37409008,-0.40887117,-0.5555322,-45.96684634685517,1.1955831050872805,160000
29487,70.74917028455127,0.9167224168777466,45.83612084388733,-1.0,-0.62252676,-0.106034815,0.22067252,-20.0,1.0,123381
23842,70.74530585695157,0.9166467785835266,45.83233892917633,-1.0,-1.0,-1.0,-0.367097,-20.0,1.0,160000
34453,70.74409384437115,0.916623055934906,45.8311527967453,-0.048002243,-0.78361416,-1.0,-0.091142386,-60.0,1.0,160000
55899,70.73420586746471,0.9164295196533204,45.821475982666016,-0.7817183,-0.97591114,0.17733401,0.20008785,-26.57036542892456,1.0,160000
39889,70.73158997698641,0.9163783192634584,45.81891596317291,-1.0,-1.0,-1.0,0.59608305,-40.338894724845886,1.0,160000
38485,70.72910198512508,0.9163296222686768,45.81648111343384,-0.13703316,-1.0,0.3486516,-0.7695874,-28.099558353424072,1.0,160000
56108,70.71416788403737,0.9160373210906982,45.80186605453491,-1.0,-1.0,-0.1702379,-0.101430595,-20.0,1.0,160000
28317,70.71007499679757,0.91595721244812,45.797860622406006,0.08171296,-1.0,-1.0,-0.53104657,-60.0,1.0,158636
55950,70.7057963378967,0.9158734679222108,45.793673396110535,-0.30203164,-1.0,-0.8495786,-0.28240138,-31.843170523643494,1.0,160000
48171,70.69207411991387,0.9156048893928528,45.78024446964264,-1.0,-1.0,-1.0,-0.9541062,-20.0,1.0,160000
2355,70.68498153277295,0.9154660701751708,45.77330350875855,-1.0,-0.26642352,-1.0,0.09059641,-20.0,1.0,134289
52450,70.68232903936043,0.9154141545295716,45.77070772647858,-1.0,-0.22120059,-1.0,-0.4742344,-23.895580768585205,1.0,160000
25634,70.68020643324519,0.9153726100921632,45.76863050460816,-0.08274424,-0.42917264,-0.5664256,-0.96177167,-36.98051512241364,1.0,160000
25657,70.67839445078538,0.9153371453285216,45.766857266426086,-0.6261785,-0.6594389,-1.0,-0.7922629,-21.11180305480957,1.0,160000
48129,70.6744294015778,0.9152595400810242,45.76297700405121,-0.5591594,-1.0,-0.7921687,1.0,-22.016403675079346,1.0,160000
40901,70.66969386871784,0.9151668548583984,45.75834274291992,-0.6506381,-1.0,-0.6175844,0.54897106,-20.0,1.0,160000
30024,70.6642731175479,0.9150607585906982,45.75303792953491,-1.0,-1.0,-0.34156477,-0.68497044,-21.79134011268616,1.0,160000
42881,70.65963196934743,0.9149699211120604,45.74849605560303,0.11023295,-0.34008268,-0.4920228,-0.30528885,-59.75070834159851,1.128658413887024,100192
20202,70.65743016134076,0.914926826953888,45.7463413476944,-1.0,-0.06940788,-1.0,-0.5536478,-60.0,1.0,108007
20284,70.65608714872872,0.914900541305542,45.7450270652771,0.069173455,-0.9902708,0.5169982,-0.8551692,-56.54929041862488,1.0,98443
1186,70.63776301434831,0.9145419001579284,45.72709500789642,-0.80096954,-0.11815065,-1.0,-0.8639885,-50.1811957359314,1.0,160000
44310,70.63508305493349,0.914489448070526,45.72447240352631,-1.0,-0.88738966,-0.20121622,-0.8830165,-20.0,1.0,160000
48666,70.61919204616713,0.914178431034088,45.70892155170441,-1.0,-1.0,-1.0,1.0,-60.0,1.0,160000
22325,70.61669783554876,0.9141296148300172,45.70648074150085,-0.3487079,-1.0,-0.84963083,1.0,-43.62183213233948,1.0,160000
39229,70.60947404951047,0.91398823261261,45.69941163063049,-0.7895043,-1.0,-0.4749474,0.80738324,-28.889172077178955,1.0,153979
35239,70.60668137370585,0.9139335751533508,45.69667875766754,-1.0,-1.0,-1.0,-0.4609793,-20.0,1.0,154406
47980,70.60574642037454,0.9139152765274048,45.69576382637024,-1.0,-1.0,-1.0,0.31522566,-23.7898862361908,1.0,160000
22550,70.60408664881516,0.9138827919960022,45.69413959980011,-0.6304784,-1.0,0.26208436,-0.38666165,-20.0,1.0,160000
13809,70.60154369360814,0.9138330221176147,45.69165110588074,-1.0,-0.36815894,0.7260089,0.40288386,-60.0,1.0,100362
16562,70.60093764755824,0.9138211607933044,45.69105803966522,-0.41622406,-1.0,-0.6085539,-0.773616,-36.08213186264038,1.0,106167
34990,70.59978037322608,0.9137985110282898,45.68992555141449,-1.0,-1.0,1.0,-0.539009,-39.07826244831085,1.2909347414970398,160000
30708,70.5951147241607,0.913707196712494,45.685359835624695,-1.0,-0.6793465,-1.0,-0.99014896,-35.47801375389099,1.0,143516
57194,70.58614885353076,0.9135317206382751,45.67658603191376,-1.0,-1.0,-0.20501816,-0.7606755,-29.143954515457157,1.0,160000
43303,70.58449515800903,0.913499355316162,45.674967765808105,-1.0,-1.0,-0.5386865,-0.6381091,-20.0,1.0,154144
35833,70.58158976725672,0.9134424924850464,45.67212462425232,-1.0,-1.0,-0.17061698,-0.99049413,-20.0,1.1342108845710754,154906
17560,70.56402029342014,0.9130986332893372,45.65493166446686,-1.0,-0.8066064,-0.3622657,-0.34914154,-28.78593325614929,1.0,160000
33235,70.56277163413704,0.9130741953849792,45.65370976924896,-1.0,-0.5545835,-0.3855725,0.3757089,-20.0,1.0,160000
40001,70.56215644076343,0.9130621552467346,45.65310776233673,-1.0,-0.26896238,-1.0,-0.33459255,-20.0,1.0,160000
38278,70.56083773358958,0.9130363464355468,45.651817321777344,-1.0,-1.0,-0.42000687,-0.44838098,-26.707112789154053,1.0,160000
59595,70.55427768648958,0.9129079580307008,45.64539790153504,-1.0,-1.0,-0.73486394,-0.43656546,-40.01279950141907,1.2923962473869324,160000
59432,70.55224632156207,0.9128682017326356,45.643410086631775,-1.0,-1.0,-0.92552996,-0.13982749,-20.0,1.0,160000
19976,70.53883073793824,0.9126056432724,45.63028216362,-0.075446725,-0.7905722,-0.711825,-0.6420592,-34.43517088890076,1.0,160000
5685,70.5361506568309,0.9125531911849976,45.62765955924988,-0.4605506,-0.93138814,-1.0,-0.6967532,-51.99359178543091,1.0,160000
8390,70.52859159208856,0.912405252456665,45.62026262283325,-1.0,-1.0,-0.12897313,-0.90865743,-57.63496994972229,1.0,152353
32841,70.52246391837879,0.912285327911377,45.61426639556885,-1.0,-1.0,-1.0,-0.50468683,-54.39270734786987,1.0,160000
35976,70.5215228377347,0.9122669100761414,45.61334550380707,-1.0,-0.094358385,-1.0,-0.39638218,-50.86457014083862,1.0,121141
53933,70.51602253300109,0.912159264087677,45.60796320438385,-1.0,-1.0,0.005533576,-0.85525864,-50.0122594833374,1.0,160000
41367,70.51455456448863,0.9121305346488952,45.60652673244476,-0.4936269,-0.40778035,-0.813327,1.0,-21.332828998565677,1.0,160000
28623,70.50583810031259,0.911959946155548,45.597997307777405,-0.7480574,-1.0,-1.0,-0.91333556,-56.60676956176758,1.0,160000
25636,70.5039955169278,0.911923885345459,45.59619426727295,-1.0,-1.0,-1.0,-0.9319556,-35.7393741607666,1.0,160000
47940,70.5017052292846,0.911879062652588,45.5939531326294,-0.2658646,-0.14873612,0.7431317,0.6968208,-29.94969606399536,1.0,160000
49727,70.49488308156094,0.911745548248291,45.58727741241455,-0.7777195,-0.685145,0.6298301,-0.80416495,-22.73078441619873,1.0,89546
48769,70.4930008959596,0.9117087125778198,45.58543562889099,-1.0,-1.0,-1.0,1.0,-28.879317045211792,1.0,78573
33052,70.48410465357193,0.9115346074104308,45.576730370521545,-1.0,-1.0,-0.7201266,-0.23496595,-20.0,1.0,160000
22039,70.47829055418983,0.9114208221435548,45.57104110717773,-0.04431212,-1.0,-1.0,-0.42321536,-44.83843803405762,1.0,136726
3004,70.47555862259203,0.9113673567771912,45.56836783885956,-0.98482,-0.42882043,-0.21494222,-0.7784007,-35.64788430929184,1.0,160000
6584,70.46804198589604,0.9112202525138856,45.56101262569428,-1.0,-0.28866947,-0.8994555,-0.7979531,-60.0,1.0,160000
57337,70.4645638575035,0.911152184009552,45.5576092004776,-0.23929203,-1.0,-0.2053715,0.33599967,-57.442052364349365,1.0,108636
48586,70.46266641733246,0.9111150503158568,45.55575251579285,-1.0,-0.90377426,-1.0,-0.44994783,-55.88011026382446,1.0,160000
35201,70.46009893143878,0.9110648036003112,45.55324018001557,-0.24347675,-1.0,0.4675972,-0.7037076,-20.0,1.0,160000
20516,70.45866138166232,0.9110366702079772,45.55183351039887,-0.7658421,-0.98751354,-1.0,-0.73748446,-20.0,3.4857717752456665,160000
21993,70.45631013293863,0.9109906554222108,45.549532771110535,-1.0,-0.9713018,0.016930163,-0.71569884,-42.688041627407074,1.0,160000
33648,70.43260867231903,0.9105268120765686,45.52634060382843,-1.0,-1.0,1.0,-0.99202275,-20.0,1.7440322637557983,98529
39888,70.43260867231903,0.9105268120765686,45.52634060382843,-0.5671846,-0.5895946,-1.0,1.0,-50.70093631744385,1.0,160000
27885,70.42565229615514,0.9103906750679016,45.51953375339508,-1.0,-1.0,-1.0,-0.14968702,-20.0,1.0,160000
22168,70.42175988327395,0.9103145003318788,45.51572501659393,-1.0,-1.0,-1.0,0.4520245,-30.94259023666382,1.0,94497
54796,70.41112119481296,0.9101063013076782,45.50531506538391,-0.6284019,-1.0,-1.0,-0.44660687,-22.62845754623413,1.0,160000
17755,70.41014656285003,0.91008722782135,45.50436139106751,-0.496482,-0.8168195,-0.8124335,-0.91678095,-20.0,1.0,158429
53612,70.40822470916109,0.9100496172904968,45.50248086452484,-1.0,-0.7697858,-0.87816584,-0.104052424,-20.0,1.0,160000
6446,70.40658610672712,0.9100175499916076,45.50087749958038,-0.0032830238,-1.0,-0.030761063,-0.98173255,-46.17581009864807,1.1214367151260376,160000
41326,70.40165810902444,0.9099211096763612,45.49605548381805,-0.02825439,-0.8008506,-1.0,-0.8559716,-29.15542244911194,2.6814976930618286,160000
9213,70.3948600121744,0.9097880721092224,45.48940360546112,-1.0,-1.0,-0.64204085,-0.67728734,-40.19402094185352,1.0,160000
58607,70.36711916943146,0.9092451930046082,45.46225965023041,-0.9124785,-1.0,1.0,-0.9651161,-52.0104193687439,1.0,160000
12520,70.36418912109674,0.9091878533363342,45.45939266681671,-1.0,-0.06084025,0.32983762,0.062246613,-20.0,1.0,125261
57275,70.35019366902495,0.9089139699935912,45.445698499679565,-0.9081638,-1.0,-0.6613233,-0.9947644,-20.0,1.0,151465
12072,70.3432766231708,0.9087786078453064,45.43893039226532,-1.0,-1.0,-1.0,1.0,-37.39119440317154,1.0,104608
55368,70.34002673091067,0.908715009689331,45.43575048446655,-1.0,-0.8493399,-1.0,-0.9792884,-28.650882244110107,1.0,160000
43553,70.33826624364852,0.9086805582046508,45.434027910232544,-1.0,-1.0,-0.8359187,-0.6404607,-50.1721465587616,1.0,147300
36304,70.32268678246767,0.9083756804466248,45.41878402233124,-1.0,-1.0,0.214006,-0.3962548,-47.76350140571594,1.0,160000
8233,70.31454216692175,0.9082162976264954,45.41081488132477,-0.19876558,-0.6612292,-1.0,0.12819956,-28.725311756134037,1.0,160000
34662,70.31211461474555,0.9081687927246094,45.40843963623047,-0.9863801,-0.845907,-0.30157834,-0.7395648,-58.6130428314209,1.0,160000
30870,70.30062253951041,0.9079439043998718,45.39719521999359,-1.0,-1.0,-1.0,-0.053842902,-20.0,1.0,160000
49169,70.29576740103397,0.9078488945961,45.39244472980499,0.24428844,-0.52858317,-0.41079563,0.1131348,-48.0772590637207,1.0,160000
43614,70.29272760361471,0.907789409160614,45.3894704580307,-1.0,-1.0,-1.0,-0.035175502,-51.13788843154907,1.0,160000
35171,70.27956017502238,0.90753173828125,45.3765869140625,-1.0,-1.0,0.5717404,-0.46605822,-30.63286960124969,1.0,160000
32291,70.26555198934656,0.907257616519928,45.3628808259964,-0.9645102,-1.0,-0.3218738,-0.2837519,-60.0,1.0,160000
44236,70.26401684016145,0.9072275757789612,45.36137878894806,-0.9793974,-0.63005644,-1.0,-0.7337476,-20.0,1.0,160000
1214,70.25835139915455,0.907116711139679,45.35583555698395,-0.5357485,-1.0,-0.8777649,-0.9353683,-60.0,1.0,160000
45447,70.25787927839646,0.9071074724197388,45.35537362098694,-1.0,-1.0,-0.41381034,-0.5136329,-60.0,1.0,93210
40527,70.24869879348476,0.9069278240203856,45.34639120101929,-1.0,-0.6216014,0.62199116,-0.31678385,-39.13676679134369,1.0,109387
7488,70.24513197871096,0.9068580269813538,45.34290134906769,-1.0,-1.0,-0.13732886,-0.5445575,-39.18214470148087,1.0,140423
38119,70.23586006015687,0.9066765904426576,45.33382952213287,-0.106339335,-0.7836027,-1.0,0.9681786,-20.0,1.0,130369
46485,70.23522345192781,0.9066641330718994,45.33320665359497,-1.0,-0.58082837,-0.5674341,1.0,-42.46771693229675,1.0,160000
40578,70.22964017645212,0.906554877758026,45.327743887901306,-1.0,-1.0,-1.0,-0.79089713,-60.0,1.0,160000
48915,70.22949092338958,0.906551957130432,45.327597856521606,-0.115044355,-1.0,-0.61761683,-0.7517308,-31.129857897758484,1.0,160000
2371,70.21761765670493,0.9063196182250975,45.31598091125488,-0.9588592,-0.2093842,0.45212173,-0.8007402,-29.160314798355103,1.0,155847
35985,70.20532702024926,0.906079113483429,45.30395567417145,-0.35861737,-0.9683641,-0.05521828,-0.9546331,-35.0569611787796,1.0,160000
25880,70.20197944683699,0.9060136079788208,45.30068039894104,-0.4187097,0.09865737,-0.72854644,0.08992612,-37.786860167980194,1.0,132876
15101,70.1995487214656,0.90596604347229,45.2983021736145,-0.5808301,-0.8298918,-0.1495417,0.59670347,-42.21605271100998,1.0,160000
7298,70.19944515666424,0.9059640169143676,45.298200845718384,-0.95550764,-1.0,1.0,-0.21725138,-54.33739066123962,1.0,160000
35975,70.19804398533057,0.905936598777771,45.29682993888855,-0.42929292,-1.0,-1.0,-0.06357452,-60.0,1.0,160000
39927,70.19726115659968,0.9059212803840636,45.29606401920319,-1.0,-1.0,-1.0,-0.7538303,-60.0,1.0,160000
43882,70.1945593291725,0.905868411064148,45.2934205532074,-1.0,-1.0,-1.0,0.2453469,-29.82786655426025,1.0,160000
25787,70.1900268308665,0.9057797193527222,45.28898596763611,-0.9798099,-1.0,0.17245162,-0.9789765,-36.70486658811569,1.0,160000
23276,70.18488511419136,0.9056791067123412,45.283955335617065,-1.0,-1.0,-0.34849483,0.7048776,-60.0,1.0,160000
46481,70.18217717906182,0.905626118183136,45.2813059091568,-1.0,-1.0,0.32898784,0.391227,-29.80644941329956,1.098968744277954,160000
29236,70.1655791981493,0.9053013324737548,45.265066623687744,-0.73449284,-1.0,-1.0,0.38374686,-39.3667471408844,1.0,160000
29837,70.16208839701707,0.9052330255508424,45.261651277542114,-1.0,-1.0,0.16398132,-0.26303434,-24.736753702163696,1.0,160000
42755,70.15706236444355,0.9051346778869628,45.25673389434815,-1.0,-1.0,-0.73958164,0.07463825,-20.0,1.0,140481
5814,70.155304773297,0.9051002860069276,45.255014300346375,-1.0,-1.0,0.08584875,-0.2183854,-48.36910605430603,1.0,160000
4674,70.15101283321607,0.905016303062439,45.25081515312195,-1.0,-1.0,-0.6237056,-0.33620176,-56.77801847457886,1.0,160000
3099,70.13689110158678,0.9047399759292604,45.23699879646301,-1.0,-1.0,-1.0,-0.7188802,-60.0,1.0,160000
21441,70.1346826687724,0.904696762561798,45.23483812808991,-0.27531087,-0.41830868,-0.5921133,-0.73792434,-36.521400809288025,1.0,154774
21615,70.13323576327761,0.9046684503555298,45.23342251777649,-1.0,-1.0,-1.0,-0.8082538,-20.0,1.0,160000
47938,70.1019549499691,0.9040563702583312,45.202818512916565,-1.0,-0.80224705,0.45040905,1.0,-20.0,1.0,97079
12675,70.09993229713136,0.9040167927742004,45.20083963871002,-1.0,-1.0,-1.0,-0.1785594,-33.60317826271057,1.0,160000
4457,70.09802539676703,0.903979480266571,45.19897401332855,-1.0,-0.046747446,-1.0,-0.8828008,-60.0,1.0,97098
13913,70.0965084045256,0.9039497971534728,45.197489857673645,-1.0,-0.71822035,-1.0,-0.5186529,-35.90638995170593,1.0,160000
37859,70.0941293442405,0.9039032459259032,45.195162296295166,-1.0,-1.0,-1.0,0.5427282,-50.08141279220581,1.0,160000
44164,70.09154618743207,0.9038527011871338,45.19263505935669,-1.0,-0.49892253,-1.0,-0.12983596,-27.20889568328857,1.0,160000
34980,70.08123485226727,0.9036509394645692,45.182546973228455,-0.6416374,-1.0,-0.3561362,-0.862398,-38.600144386291504,1.0,104057
30805,70.07968738614487,0.9036206603050232,45.18103301525116,-0.53426665,-1.0,-1.0,-0.58921444,-45.33260107040405,1.0,160000
48819,70.07689097798125,0.9035659432411194,45.17829716205597,-1.0,-1.0,-1.0,1.0,-60.0,1.0,160000
41155,70.07507848924988,0.903530478477478,45.1765239238739,-0.062627435,0.24163103,-1.0,1.0,-20.0,1.0,160000
5432,70.07421641423699,0.9035136103630066,45.17568051815033,-1.0,-1.0,-0.59209615,-0.99063075,-49.20037031173706,1.0,160000
14510,70.05132408271373,0.9030656814575196,45.15328407287598,-0.9803354,-0.55828875,-0.7175745,-0.2122918,-43.02706867456436,1.0,160000
46753,70.03034151406239,0.9026551246643066,45.13275623321533,-1.0,-0.99747384,0.27226245,-0.6274276,-36.124523878097534,1.0,160000
18081,70.02333813972504,0.902518093585968,45.1259046792984,-1.0,-1.0,1.0,-0.7798866,-47.82823085784912,1.0,160000
19321,70.0233290009005,0.9025179147720336,45.125895738601685,-1.0,-1.0,-1.0,-0.990789,-21.18633985519409,1.0,160000
15156,70.02016391897132,0.902455985546112,45.1227992773056,-1.0,-1.0,-0.19829398,1.0,-43.32144677639008,1.0,140716
1072,70.01858899194498,0.9024251699447632,45.12125849723816,-1.0,-0.6931139,-1.0,-0.82781184,-37.014943063259125,1.0,160000
46613,70.01228927217826,0.9023019075393676,45.115095376968384,-0.6656948,-1.0,-0.80919075,-0.02480632,-39.19986307621002,1.0,160000
38319,70.00119769893486,0.9020848870277404,45.104244351387024,-1.0,-1.0,-1.0,-0.2074869,-35.09084701538086,1.0,142263
55592,69.99555897801649,0.9019745588302612,45.09872794151306,-1.0,-1.0,-0.6067654,-0.9327422,-23.257293701171875,1.0,160000
17602,69.99462680553219,0.90195631980896,45.097815990448,-0.946786,-1.0,-0.9567205,-0.4635644,-49.70303654670715,1.0,92658
777,69.99194604578206,0.9019038677215576,45.09519338607788,-1.0,-1.0,0.22458875,-0.6049124,-20.0,1.0,152385
36854,69.99017308690736,0.9018691778182985,45.09345889091492,-1.0,-1.0,-0.37838355,-0.10709444,-20.0,1.0,160000
48522,69.98357169609326,0.90174001455307,45.0870007276535,-0.7779341,-0.4417956,-1.0,0.19251645,-54.38980579376221,1.0,160000
20811,69.97848126950808,0.9016404151916504,45.08202075958252,-1.0,-1.0,-0.8651664,-0.10462123,-41.20942771434784,1.0,160000
9437,69.97332990379091,0.9015396237373352,45.07698118686676,-1.0,-0.04539883,-0.053654373,-0.9803689,-23.158503770828247,1.0,160000
39289,69.96795309537316,0.9014344215393066,45.07172107696533,-0.63115144,-0.5987651,-1.0,0.1644567,-55.74095964431763,1.0,144598
40954,69.96762104273542,0.901427924633026,45.071396231651306,-0.26232505,-0.025146723,-1.0,0.43402016,-22.70230770111084,1.4481929540634155,131265
11219,69.96503773236671,0.9013773798942566,45.06886899471283,-0.73785084,-1.0,-1.0,-0.82824445,-20.0,1.0,108990
30448,69.96136991365854,0.901305615901947,45.06528079509735,-1.0,-1.0,-1.0,-0.7858867,-57.755162715911865,1.0,160000
37472,69.9522003391497,0.9011262059211732,45.056310296058655,-0.7304787,-0.62482727,-0.10594636,0.3702004,-38.12071859836578,1.0,160000
22282,69.93112235295223,0.9007138013839722,45.03569006919861,-1.0,-1.0,-1.0,-0.8935528,-25.068246126174927,1.0,147282
41142,69.92595868656282,0.9006127715110779,45.03063857555389,-1.0,-0.68700945,0.8815054,-0.09361333,-20.0,1.0,160000
28911,69.91834263647084,0.9004637598991394,45.02318799495697,-1.0,-0.24234897,-1.0,-0.85200065,-20.0,1.0,153139
35176,69.91384306120838,0.9003757238388062,45.01878619194031,-1.0,-0.07801688,-0.23622078,-0.39345077,-20.0,1.0,160000
45765,69.90718050397504,0.9002453684806824,45.01226842403412,-1.0,-0.76373357,-0.25516456,-0.33955753,-36.17352217435837,1.047144889831543,160000
5323,69.90297945688027,0.9001631736755371,45.008158683776855,-1.0,-0.944014,-0.77878964,-0.62591404,-49.43815171718597,1.0,151280
49688,69.89630467962735,0.9000325798988342,45.00162899494171,0.12183797,-1.0,-1.0,-0.2424596,-50.88974475860596,1.0,160000
7748,69.88841434070434,0.899878203868866,44.9939101934433,-1.0,-1.0,-1.0,-0.23749188,-22.301753759384155,1.0,143483
12491,69.87214918238256,0.8995599746704102,44.97799873352051,-1.0,-1.0,-0.70583713,-0.96278566,-20.0,1.0,138447
13578,69.87128093197931,0.8995429873466492,44.97714936733246,-0.28607094,-1.0,-1.0,-0.44270718,-23.988609313964844,1.0,123147
10177,69.86537072677545,0.8994273543357849,44.971367716789246,-1.0,-0.6142932,-1.0,0.058852315,-60.0,1.0,160000
29966,69.86424656731695,0.8994053602218628,44.97026801109314,-0.0704999,-1.0,-1.0,-0.042372257,-41.38180911540985,1.0,160000
41475,69.85526850270023,0.8992297053337097,44.961485266685486,-1.0,-1.0,0.5608144,-0.50694394,-20.0,1.0,143968
60907,69.8528251951719,0.8991819024085999,44.95909512042999,-1.0,-0.13843298,-0.6155412,-0.856131,-39.01099979877472,1.0,160000
34242,69.8506469323366,0.8991392850875854,44.95696425437927,-1.0,-1.0,-1.0,-0.95237947,-55.21309614181519,1.0,125415
49568,69.83770830943611,0.8988861441612244,44.94430720806122,-1.0,-1.0,-0.5138039,-0.5878881,-20.0,1.0,112765
16808,69.82193630418436,0.8985775709152222,44.92887854576111,-1.0,-0.96639246,-0.67038596,-0.8273102,-60.0,1.0,134432
30231,69.8206902589529,0.898553192615509,44.92765963077545,-1.0,-1.0,0.02322328,-0.2584598,-46.38880491256714,1.0,160000
3682,69.81852719580066,0.8985108733177185,44.925543665885925,-1.0,-0.7248525,-1.0,0.4658248,-59.80692505836487,1.0,160000
33215,69.81473116693418,0.8984366059303284,44.92183029651642,-0.8175488,-1.0,-0.26498157,0.42770556,-39.2706423997879,1.0,160000
42562,69.81351558321235,0.898412823677063,44.92064118385315,-1.0,-1.0,-1.0,0.109301865,-20.0,1.0,160000
56529,69.80842474753133,0.8983132243156433,44.915661215782166,-1.0,-0.6387102,-1.0,-0.270786,-20.0,1.0,153827
30028,69.8028555846634,0.8982042670249939,44.910213351249695,-1.0,-1.0,-1.0,-0.6732916,-21.72881364822388,1.0,160000
60789,69.79600378805742,0.898070216178894,44.9035108089447,-1.0,-1.0,-1.0,1.0,-20.0,1.0,160000
60784,69.79600378805742,0.898070216178894,44.9035108089447,-1.0,-1.0,-1.0,1.0,-20.0,1.0,130993
31934,69.78530104828519,0.8978608250617981,44.89304125308991,-0.95754135,-1.0,-1.0,-0.4583091,-56.92376375198364,1.0,160000
14202,69.77908593959768,0.8977392315864563,44.886961579322815,-0.70145,-1.0,1.0,-0.5275685,-20.0,1.0,160000
31288,69.75758578728082,0.8973186016082764,44.86593008041382,-1.0,-1.0,-0.6562227,-0.8077161,-60.0,1.0,132646
4388,69.75267456961775,0.8972225189208984,44.86112594604492,0.06929684,-0.96607226,-1.0,-0.59100735,-59.65059518814087,1.0,160000
8495,69.73415990709903,0.8968603014945984,44.84301507472992,-1.0,-1.0,-1.0,-0.93850946,-41.47149741649628,1.0,160000
60687,69.7287489760849,0.8967544436454773,44.837722182273865,-1.0,-1.0,-0.1983875,-0.6818754,-38.39008450508118,1.0,160000
21940,69.70568228892284,0.8963031768798828,44.81515884399414,-1.0,-0.78297675,-0.47819766,-0.23523748,-20.0,1.0,140987
48329,69.70141990543826,0.896219789981842,44.8109894990921,-1.0,-1.0,-1.0,-0.3407147,-20.0,1.0,160000
36737,69.68903792174913,0.8959775567054749,44.79887783527374,-1.0,-1.0,-0.27056062,-0.9446738,-20.0,1.0,160000
38533,69.6869661260026,0.8959370255470276,44.79685127735138,-1.0,-1.0,-1.0,0.75878793,-25.12374758720398,1.0,160000
20682,69.68389498971877,0.895876944065094,44.7938472032547,-1.0,-1.0,0.1854415,0.61414707,-46.2081789970398,1.0,154108
38472,69.67812440997238,0.8957640528678894,44.78820264339447,-1.0,-1.0,-0.039420843,-0.1643143,-46.85214698314667,1.0,160000
24275,69.65967916626789,0.8954032063484192,44.77016031742096,0.16937816,-1.0,-0.51027226,-0.35206816,-35.69654643535614,1.0,160000
29839,69.64370168812925,0.895090639591217,44.75453197956085,-1.0,-1.0,-0.11428124,-0.14346707,-48.31395983695984,1.0,144908
2131,69.60596644669452,0.8943524360656738,44.71762180328369,-1.0,-0.27968127,-0.85793823,0.83636,-20.0,1.0,150436
14205,69.5862195381853,0.8939661383628845,44.69830691814423,-1.0,-0.7171414,-1.0,-0.28411037,-29.273310899734497,1.0,128117
58503,69.57524455167422,0.8937514424324036,44.68757212162018,-1.0,-1.0,0.84882164,-0.6395009,-29.26652193069458,1.0,160000
30570,69.5744858677983,0.8937366008758545,44.686830043792725,-1.0,-0.51487243,-1.0,-0.24712682,-35.31582236289978,1.0,160000
20986,69.56889170829591,0.8936271667480469,44.68135833740234,-1.0,-1.0,-0.13626325,-0.2341907,-20.0,1.0,160000
27892,69.55884594958123,0.8934306502342224,44.67153251171112,-0.37243032,-1.0,-0.47666982,-0.60493374,-60.0,1.0,160000
35237,69.55680449436804,0.8933907151222229,44.669535756111145,-1.0,-1.0,-1.0,-0.4011434,-20.0,1.0,160000
27181,69.55638096833474,0.8933824300765991,44.66912150382996,-0.96914804,-0.84351003,-0.34540516,-0.6455354,-40.94667553901672,1.0,108374
17751,69.54848325848963,0.8932279348373413,44.661396741867065,-1.0,-1.0,-1.0,-0.6509389,-20.0,1.0,160000
13488,69.53544222149763,0.8929728269577026,44.64864134788513,-0.6317769,0.16330898,-0.4940353,0.19877556,-40.669409185647964,1.0,129257
39475,69.51393347304422,0.8925520777702332,44.62760388851166,-1.0,-1.0,-1.0,-0.39773342,-33.45277965068817,1.0,160000
42306,69.50637686892937,0.8924042582511902,44.62021291255951,-1.0,-0.90578616,-1.0,0.27508944,-20.0,1.0,160000
24563,69.49875320261975,0.8922551274299622,44.61275637149811,-1.0,-1.0,-1.0,-0.1870009,-31.10174238681793,1.0,160000
37130,69.49776291617718,0.8922357559204102,44.61178779602051,-1.0,-1.0,-1.0,-0.9828881,-38.27091455459595,1.0,106506
15005,69.49336908572153,0.892149806022644,44.6074903011322,-1.0,-0.33126068,-1.0,-0.6278366,-20.0,1.0,160000
47399,69.4915835181269,0.8921148777008057,44.60574388504028,-1.0,-1.0,-0.44682163,-0.86665297,-52.07742929458618,1.0,160000
38768,69.49055056962055,0.8920946717262268,44.60473358631134,-1.0,-1.0,-1.0,-0.45751816,-32.5924676656723,1.0,160000
58114,69.4871896746175,0.8920289278030396,44.60144639015198,-1.0,-1.0,-0.45631355,-0.31705803,-40.69985210895538,1.0,160000
20460,69.47355712185963,0.8917622566223145,44.58811283111572,-1.0,-0.7264273,-0.9407048,-0.7580486,-60.0,1.0,160000
18881,69.46905049836681,0.8916741013526917,44.58370506763458,0.057373047,-0.8666631,-1.0,-0.527555,-30.798161029815677,1.0,140429
3294,69.46669815281001,0.891628086566925,44.58140432834625,-1.0,-1.0,0.21177226,-0.087126106,-60.0,1.0,133724
60642,69.4529374873508,0.8913589119911194,44.56794559955597,-1.0,-1.0,0.6228934,-0.20727324,-21.180524826049805,1.0,154652
46074,69.45032611959553,0.8913078308105469,44.565391540527344,-1.0,-0.06879842,-1.0,-0.14318103,-55.23689270019531,1.0,160000
15346,69.44516126938018,0.8912068009376526,44.56034004688263,-1.0,-0.8684057,-1.0,-0.9694824,-20.0,1.0,160000
26402,69.42918824123724,0.89089435338974,44.544717669487,-0.18226647,-1.0,-1.0,-0.856836,-20.0,1.0,115373
9435,69.42001634003759,0.8907149434089661,44.5357471704483,-1.0,-1.0,-0.5403979,-0.8847016,-60.0,1.0,92094
46922,69.41801740867787,0.8906758427619934,44.53379213809967,-1.0,-1.0,-0.03225088,-0.2896074,-20.0,1.0,140634
21629,69.39843631144736,0.8902928233146667,44.51464116573334,-1.0,0.08445203,0.5470968,-0.9524151,-24.160315990448,1.332394242286682,125130
45618,69.38350506718712,0.8900007605552673,44.50003802776337,-1.0,-1.0,-0.77441365,-0.25118202,-60.0,1.0,160000
17746,69.35709478426325,0.889484167098999,44.47420835494995,-0.9750616,-1.0,-1.0,0.2330794,-38.20204824209213,1.0,160000
5726,69.34467418616646,0.8892412185668945,44.46206092834473,-1.0,-1.0,0.32862622,-0.7216821,-40.217817574739456,1.0,160000
42593,69.30255756394828,0.8884174227714539,44.42087113857269,-0.17908823,-1.0,-1.0,-0.8980629,-20.0,1.0,160000
12970,69.29867527073078,0.88834148645401,44.4170743227005,0.10533333,-0.3651212,-0.939667,-0.453728,-49.180094599723816,1.0,142056
40774,69.2663885694639,0.8877099752426147,44.38549876213074,-1.0,-1.0,-1.0,0.45148018,-27.23457217216492,1.0,160000
61349,69.2608697631997,0.8876020312309265,44.380101561546326,-1.0,0.043158114,-1.0,0.76688504,-59.31909322738648,1.0,160000
22621,69.25797474571714,0.8875454068183899,44.377270340919495,-0.58906835,-1.0,-0.08910254,-0.24050617,-54.1682505607605,1.0,160000
39883,69.23946482192032,0.8871833682060242,44.35916841030121,-0.35587823,-1.0,-0.47308266,-0.1795781,-32.97866225242615,1.0,160000
792,69.22736349591685,0.8869466781616211,44.347333908081055,-0.36496055,-1.0,-1.0,-0.700535,-21.651853322982788,1.0,160000
18210,69.21721551465572,0.886748194694519,44.33740973472595,-1.0,-1.0,-1.0,-0.46893346,-33.558305501937866,1.0,112267
9083,69.21289422694647,0.8866636753082275,44.33318376541138,-0.2819358,-0.5060522,0.24334937,-0.67713135,-60.0,1.0,160000
9045,69.20980410449361,0.8866032361984253,44.33016180992127,-1.0,-1.0,-1.0,0.5346464,-57.281062602996826,1.0,160000
33353,69.20700958146917,0.8865485787391663,44.32742893695831,-0.74534225,-1.0,-0.63089603,-0.61044073,-20.0,1.0,90145
7462,69.2003721931174,0.8864187598228455,44.32093799114227,-1.0,-0.6167593,-1.0,-0.8621557,-46.35680317878723,1.0,160000
23815,69.19846142582824,0.8863813877105713,44.31906938552856,-0.105398774,-1.0,-1.0,-0.88488865,-41.453910171985626,1.8861708641052248,160000
37806,69.19726071947704,0.8863579034805298,44.31789517402649,-1.0,-1.0,-0.6936492,0.09634012,-43.55640172958374,1.0,154845
13818,69.18398890580369,0.886098325252533,44.30491626262665,-1.0,-0.11843228,0.10525024,-0.934021,-49.10420060157776,1.0,160000
45209,69.1396381786455,0.8852308988571167,44.26154494285584,-0.48781592,-0.14592147,-1.0,0.0592044,-32.30973958969116,1.0,160000
26160,69.13947970528264,0.8852277994155884,44.26138997077942,-0.8496052,-1.0,0.22678787,-0.3068422,-31.156973242759705,1.0,160000
25878,69.13095564883342,0.8850610852241516,44.25305426120758,-1.0,-1.0,-1.0,0.28142014,-53.42299580574036,1.0,160000
55898,69.11913710928972,0.8848299384117126,44.24149692058563,-1.0,-1.0,-1.0,0.607581,-21.6408634185791,1.0,160000
20283,69.0921382864792,0.8843019008636475,44.21509504318237,-1.0,-1.0,0.0038911104,-0.4612502,-40.104833245277405,1.0,139481
28178,69.09208038140791,0.8843007683753967,44.21503841876984,-1.0,-1.0,0.28642702,-0.90233016,-20.0,1.0,88613
20054,69.07046034170736,0.8838779330253601,44.193896651268005,-1.0,-1.0,-1.0,-0.7587952,-34.86603856086731,1.0,160000
4165,69.05019020375985,0.883481502532959,44.17407512664795,-1.0,-1.0,-1.0,-0.014395535,-60.0,1.0,133306
57441,69.03299197214388,0.8831451535224915,44.15725767612457,-1.0,-1.0,-1.0,0.4970364,-20.0,1.0,160000
15410,69.02532998068529,0.8829953074455261,44.14976537227631,-1.0,-1.0,0.27754396,-0.7872267,-60.0,1.0,160000
36985,69.01684202096347,0.8828293085098267,44.14146542549133,-1.0,-1.0,-1.0,0.29252198,-20.0,1.0,128514
48590,69.01031983040616,0.8827017545700073,44.135087728500366,-1.0,-0.86889344,-1.0,-0.74582124,-20.0,1.0043949484825134,160000
56642,68.99918024637287,0.8824838995933533,44.124194979667664,0.022637725,-0.7272089,-0.17412364,-0.22303349,-40.12951612472534,1.0,160000
780,68.99165832588835,0.8823367953300476,44.11683976650238,-1.0,-1.0,-0.36866027,-0.6027098,-60.0,1.0,160000
41633,68.9907805635023,0.8823196291923523,44.115981459617615,-1.0,-1.0,-0.50250375,0.36277354,-20.0,1.0,160000
55283,68.98771448775275,0.8822596669197083,44.11298334598541,-0.61851805,-1.0,-1.0,0.48957652,-52.86520481109619,1.0,160000
3277,68.9872085543322,0.8822497725486755,44.11248862743378,-1.0,-0.73575205,-0.9657535,-0.7245636,-60.0,1.0,157290
38311,68.98617840035222,0.8822296261787415,44.11148130893707,-0.66298103,-0.045660496,-1.0,-0.2978762,-20.0,1.0,153459
51385,68.983508531397,0.8821774125099182,44.10887062549591,-0.31686085,-1.0,-1.0,-0.10933721,-26.23403549194336,1.0,160000
34783,68.98097885780788,0.8821279406547546,44.10639703273773,-1.0,-1.0,0.09400332,-0.49643967,-34.18465077877045,1.0,160000
47393,68.97164951633157,0.8819454908370972,44.09727454185486,-1.0,-1.0,-1.0,-0.91140556,-22.259583473205566,1.0,143507
6948,68.93955881492364,0.8813179135322571,44.06589567661285,-1.0,-1.0,-1.0,-0.69926596,-28.29195261001587,1.0,160000
53179,68.93623664098803,0.8812529444694519,44.0626472234726,-0.7816763,-1.0,-1.0,-0.9147573,-20.0,1.0,143507
13265,68.90756818752753,0.8806923031806946,44.03461515903473,-1.0,-0.7699065,-0.7428375,0.1367151,-20.0,1.0,160000
32216,68.8970742009223,0.8804870843887329,44.024354219436646,-1.0,-1.0,-0.994789,-0.99213916,-35.78056901693344,1.0,160000
45122,68.89330695925415,0.8804134130477905,44.020670652389526,-1.0,0.029625893,-1.0,1.0,-20.0,1.0,160000
30766,68.88906423209878,0.8803304433822632,44.01652216911316,-1.0,-1.0,-1.0,-0.73471016,-44.34926986694336,1.0,160000
3638,68.88567796863457,0.8802642226219177,44.013211131095886,-0.23660195,-1.0,0.26064652,-0.90602076,-54.17669892311096,1.0,155424
44305,68.88335238567787,0.8802187442779541,44.010937213897705,-0.53038543,-0.036207557,-0.10049546,-0.9912963,-20.0,1.0,160000
1373,68.86667699376167,0.8798926472663879,43.9946323633194,-1.0,-1.0,-1.0,-0.6975068,-22.804847955703732,1.0,160000
18703,68.85449420880514,0.8796544075012207,43.98272037506104,-1.0,-1.0,-1.0,-0.6142197,-35.20046889781952,1.0,160000
53061,68.84499664531049,0.8794686794281006,43.97343397140503,-1.0,-0.7132434,-0.38166362,-0.65613675,-20.0,1.0,160000
28707,68.81907014251726,0.8789616823196411,43.948084115982056,-1.0,-1.0,-0.5494311,-0.7996977,-45.404037833213806,1.0,160000
11294,68.81879277042124,0.8789562582969666,43.94781291484833,-1.0,-1.0,-1.0,-0.19905812,-60.0,1.0,160000
34936,68.81153536171468,0.8788143396377563,43.94071698188782,-1.0,-1.0,-1.0,-0.97102034,-40.88771283626557,1.0,160000
11680,68.8111909313379,0.8788076043128967,43.94038021564484,-1.0,-1.0,-1.0,0.83491105,-59.43373799324036,1.0,160000
55820,68.78927223669339,0.8783789873123169,43.918949365615845,-0.8771819,-1.0,-1.0,-0.70039696,-37.08975791931152,1.0,160000
31266,68.7860504032159,0.8783159852027893,43.915799260139465,-1.0,-1.0,-1.0,-0.743856,-22.48952627182007,1.0,160000
7468,68.77807657183922,0.8781600594520569,43.90800297260285,-1.0,-1.0,-0.9232581,-0.8245282,-48.37763965129852,1.0,145547
38187,68.75843447655669,0.8777759671211243,43.88879835605621,0.19335568,-0.9950197,-0.6984822,-0.319969,-28.99729013442993,1.0,160000
15577,68.74607729367557,0.8775343298912048,43.87671649456024,-1.0,-1.0,-0.5913824,-0.10002193,-20.0,1.0,160000
23318,68.74362352732317,0.8774863481521606,43.87431740760803,-1.0,-1.0,-1.0,-0.28896514,-45.304948687553406,1.0,131680
10895,68.7214785317161,0.8770533204078674,43.85266602039337,-1.0,-0.15967017,0.93594855,-0.98117805,-20.0,1.0,156475
29097,68.71770486604235,0.8769795298576355,43.848976492881775,-1.0,-1.0,-0.74194646,-0.9917135,-20.0,1.0,160000
61082,68.71493405208614,0.8769253492355347,43.84626746177673,-1.0,-1.0,-0.9304099,0.56865525,-52.27308511734009,1.0,144864
36079,68.71200777577653,0.8768681287765503,43.84340643882752,-1.0,-0.924463,-1.0,-0.69430625,-28.060048818588257,1.0,160000
21155,68.70770979972642,0.876784086227417,43.83920431137085,-1.0,-0.8552094,-1.0,-0.8871243,-31.183772683143616,1.0,147078
28267,68.69363919824573,0.8765089511871338,43.82544755935669,-1.0,0.053773165,1.0,0.6445282,-48.36975276470184,1.0,142365
20183,68.69353251003324,0.8765068650245667,43.82534325122833,-1.0,-1.0,-0.7860669,-0.83783555,-33.17590117454529,1.0,160000
46010,68.68017814932293,0.8762457370758057,43.81228685379028,-1.0,-1.0,-1.0,-0.33272803,-20.724421739578247,1.0,126911
45202,68.67534361109084,0.8761512041091919,43.8075602054596,-1.0,-1.0,-1.0,-0.25407743,-45.79786002635956,1.1700317859649658,160000
33238,68.67142659017796,0.8760746121406555,43.803730607032776,-1.0,-1.0,-1.0,0.46149132,-60.0,1.0,160000
59039,68.65738012080877,0.8757999539375305,43.789997696876526,-1.0,-1.0,-0.54050857,0.45169234,-29.780787229537964,1.0,160000
14724,68.6565906136438,0.8757845163345337,43.789225816726685,-0.3466161,-1.0,-0.7637017,0.1529226,-35.678406953811646,1.0,160000
44377,68.64654342196346,0.875588059425354,43.7794029712677,-1.0,-1.0,-1.0,-0.1101737,-39.28541123867035,1.0,82875
4000,68.64346158214568,0.8755277991294861,43.776389956474304,-0.6215606,-1.0,-0.6943216,-0.047286123,-32.95074820518494,1.0,160000
31478,68.63061900774161,0.8752766847610474,43.76383423805237,-0.78524935,-1.0,-1.0,-0.8453732,-38.7596070766449,1.0,160000
3429,68.61581321276705,0.8749871850013733,43.749359250068665,0.17263871,-1.0,0.20493197,-0.6369785,-41.47094652056694,1.0,160000
31467,68.6108139078843,0.8748894333839417,43.74447166919708,-0.6223203,-1.0,-0.0006118417,-0.6392638,-33.81780982017517,1.0,160000
44136,68.60890563333845,0.8748521208763123,43.74260604381561,-0.7467126,-1.0,0.1322118,1.0,-45.7193249464035,1.0,131451
23943,68.54254166221884,0.873554527759552,43.6777263879776,-1.0,-0.5310651,-0.521314,-0.7575222,-31.26686930656433,1.0,159293
40193,68.52675665034961,0.873245894908905,43.66229474544525,0.090620875,-1.0,-1.0,1.0,-46.26132547855377,1.0,135130
39887,68.52166566778057,0.8731463551521301,43.657317757606506,-1.0,-0.16798359,-1.0,-0.16804817,-20.106372833251957,1.0,135282
46007,68.51801356569271,0.8730749487876892,43.65374743938446,-1.0,-1.0,-1.0,-0.31394875,-20.0,1.0,152902
20213,68.51696183221489,0.8730543851852417,43.652719259262085,-1.0,-0.39859474,-1.0,-0.6496347,-60.0,1.0,160000
10174,68.49443021447416,0.8726138472557068,43.63069236278534,-1.0,-1.0,0.1808666,-0.5016149,-22.7222204208374,1.0,160000
26242,68.48865017784024,0.8725008368492126,43.62504184246063,-0.7231972,-1.0,-1.0,1.0,-28.44064712524414,1.0,160000
44501,68.48475717957675,0.8724247217178345,43.62123608589173,-1.0,-1.0,-1.0,-0.50835466,-20.0,1.0,153996
30165,68.4258064384648,0.8712721467018127,43.56360733509064,-1.0,-1.0,-1.0,-0.35453814,-47.436134815216064,1.0,99188
58652,68.42281876579173,0.8712137341499329,43.56068670749664,-1.0,-0.8321034,-1.0,-0.81359047,-20.0,1.0,160000
45745,68.41156312591903,0.8709936738014221,43.54968369007111,-1.0,-1.0,1.0,-0.5103352,-20.0,1.2529478073120115,160000
35997,68.40639258306562,0.8708925843238831,43.54462921619415,-1.0,-0.25131667,-0.9523744,-0.14481208,-20.0,1.0,134354
34248,68.39745080469208,0.8707177639007568,43.53588819503784,-1.0,-1.0,-1.0,-0.9688864,-20.0,1.0,160000
57920,68.39510331442952,0.8706718683242798,43.53359341621399,-1.0,-1.0,-1.0,1.0,-23.89941096305847,1.0,160000
57918,68.3950972170486,0.8706717491149902,43.53358745574951,-1.0,-0.64853936,-1.0,1.0,-20.0,1.0,158664
1109,68.37857324586753,0.8703486919403076,43.51743459701538,-1.0,-1.0,0.8281343,-0.9011959,-45.97099840641022,1.0,160000
5689,68.3728325055563,0.8702364563941956,43.51182281970978,-1.0,-0.70086014,-0.74774516,-0.6792517,-35.15641391277313,1.0,160000
15041,68.36196986963535,0.8700240850448608,43.50120425224304,-1.0,-1.0,-1.0,-0.64085007,-60.0,1.0,160000
40753,68.36176255520739,0.8700200319290161,43.501001596450806,-1.0,-1.0,-1.0,-0.6224438,-47.10552513599396,1.0,160000
43409,68.34770475710499,0.8697451949119568,43.48725974559784,-1.0,-1.0,-1.0,-0.16270608,-21.647257804870605,1.0,151782
34931,68.32722915618747,0.8693448901176453,43.46724450588226,-1.0,-1.0,-1.0,0.5763166,-55.50463914871216,1.0,93755
22787,68.30551247044932,0.8689203262329102,43.44601631164551,-1.0,-1.0,-1.0,-0.3627352,-20.0,1.0,160000
36426,68.29042985850242,0.8686254620552063,43.43127310276032,-1.0,-0.7671523,-0.5006923,-0.28065357,-20.0,1.0,156859
20421,68.28825297716082,0.8685829043388367,43.42914521694183,-1.0,-0.6152071,-1.0,-0.521581,-47.188405990600586,1.0,160000
34126,68.28621634090288,0.8685430884361267,43.427154421806335,-1.0,-1.0,-1.0,-0.9853978,-20.0,1.0,160000
16390,68.26961523791914,0.8682185411453247,43.41092705726624,-1.0,-0.248676,1.0,-0.6175998,-58.33604574203491,1.0,160000
23113,68.26239241873465,0.8680773377418518,43.40386688709259,-1.0,-1.0,0.60898256,-0.7101555,-27.20336675643921,1.0,160000
43401,68.26058137423338,0.8680419325828552,43.40209662914276,-1.0,-0.57862866,-1.0,-0.028074384,-20.0,1.0,144684
11776,68.25671841685111,0.8679664134979248,43.39832067489624,-1.0,-1.0,-0.0795331,-0.7696073,-32.65451431274414,1.0,160000
45850,68.25321217431494,0.8678978681564331,43.394893407821655,-1.0,-1.0,-0.88595724,-0.42150843,-47.40883111953735,1.0,160000
24395,68.24023597375799,0.867644190788269,43.38220953941345,-1.0,-0.24214846,-0.4517389,0.35656625,-57.483402490615845,1.0,160000
51726,68.23230569256756,0.8674891591072083,43.37445795536041,-1.0,-1.0,-1.0,-0.03354162,-38.175448179245,1.0,103668
40300,68.22171364088172,0.8672820925712585,43.36410462856293,-1.0,-0.8670823,-1.0,-0.0076773763,-45.81655085086823,1.0,160000
27464,68.21897567466974,0.8672285676002502,43.36142838001251,-1.0,-1.0,-0.5520416,-0.33228835,-23.642635345458984,1.0,160000
44061,68.19508386125842,0.8667615056037903,43.33807528018952,-1.0,-1.0,-0.24447644,-0.95945513,-31.830665469169617,1.0,160000
13777,68.13740509456952,0.8656339645385742,43.28169822692871,-1.0,-0.5725535,-0.5184414,0.041238308,-42.70957291126251,1.0,104131
60788,68.12708695065862,0.8654322624206543,43.27161312103272,-0.68372124,-0.76072097,-0.7073859,1.0,-21.582295894622803,1.0,160000
16075,68.12494952694065,0.8653904795646667,43.26952397823334,-0.9288348,-1.0,-1.0,-0.6565044,-20.0,1.0,160000
30812,68.11285977543116,0.8651541471481323,43.257707357406616,-0.43334574,-0.81255996,-1.0,0.10146947,-25.772247314453125,1.0,160000
54539,68.11042047226016,0.865106463432312,43.2553231716156,-1.0,-1.0,-1.0,-0.8285598,-20.0,1.0,160000
52737,68.09362273828658,0.8647781014442444,43.23890507221222,-1.0,-0.44041532,-0.4427545,1.0,-34.94334697723389,1.0,149068
52740,68.08483809718305,0.8646063804626465,43.23031902313232,-1.0,-0.5748059,-0.95913124,-0.65176886,-27.492306232452396,2.4983373880386357,116631
1633,68.08061194200971,0.8645237684249878,43.22618842124939,-0.5929727,-0.5344097,-0.41912022,-0.8835481,-33.31209659576416,1.0,160000
8258,68.05764540370131,0.8640748262405396,43.20374131202698,-0.5062953,-0.12638873,0.5510001,-0.90905964,-47.31993317604065,1.0,95424
40772,68.05682821441374,0.8640588521957397,43.20294260978699,-0.88998747,-1.0,-0.6355002,0.025583416,-45.83431243896485,1.0,160000
12478,68.04936982176142,0.8639130592346191,43.19565296173096,-1.0,-0.6085502,-0.64548236,-0.28111622,-60.0,1.0,160000
31540,68.04759517140073,0.8638783693313599,43.19391846656799,-1.0,-1.0,0.30751038,-0.046681285,-34.36975359916687,1.0,80102
58948,68.00179826662809,0.8629831671714783,43.14915835857392,-1.0,-1.0,-0.11863178,-0.97890645,-30.51683783531189,1.0,160000
10180,68.00101764557405,0.8629679083824158,43.14839541912079,-0.9336376,-0.96695465,-0.09483802,-0.30474383,-44.40925419330597,1.0,137319
44858,68.00024922141864,0.8629528880119324,43.14764440059662,-0.51071,-1.0,-1.0,-0.8853703,-52.56649017333984,1.0216519832611084,160000
52410,67.97897716892976,0.8625370860099792,43.12685430049896,-1.0,-1.0,-0.58990943,-0.020099461,-20.0,1.0,160000
40904,67.9745739226197,0.8624510169029236,43.12255084514618,-0.9757233,-0.9565977,-1.0,0.6573088,-20.0,1.0,88875
27450,67.95934849347958,0.8621534109115601,43.107670545578,-0.29739177,-1.0,-0.5453424,-0.95620275,-28.37865114212036,1.0,160000
54426,67.9558356196916,0.8620847463607788,43.10423731803894,-1.0,-1.0,-1.0,-0.44664973,-20.0,1.0,160000
31353,67.95446645101966,0.8620579838752747,43.10289919376373,-0.60204995,-1.0,0.5062663,0.018627018,-27.344257831573486,1.0,150381
32895,67.95015768006792,0.861973762512207,43.09868812561035,-1.0,0.11702752,-1.0,-0.35464194,-21.30722045898437,1.0,160000
5805,67.94456815617912,0.8618645071983337,43.09322535991669,-1.0,-1.0,-0.44427618,-0.97903955,-45.4157954454422,1.0,113681
10702,67.94027765967402,0.8617806434631348,43.08903217315674,-1.0,-1.0,-0.46158144,0.65622675,-60.0,1.0,119028
25322,67.91043603382862,0.8611973524093628,43.05986762046814,-1.0,-1.0,1.0,-0.6461441,-43.9591920375824,1.0,160000
60572,67.90580697291789,0.8611068725585938,43.05534362792969,-1.0,-0.7957027,-0.8086089,0.8199157,-25.22475004196167,1.0,160000
38207,67.90091564754798,0.861011266708374,43.0505633354187,-1.0,-1.0,-0.4126978,-0.8355596,-41.05642020702362,1.0,160000
48421,67.8702988419333,0.8604128360748291,43.020641803741455,-1.0,-1.0,-0.4180038,-0.17432094,-25.77092170715332,1.0,132175
24289,67.8686978502489,0.860381543636322,43.0190771818161,-1.0,-1.0,-0.18415534,-0.70913684,-38.16037878394127,1.0893113017082214,160000
2255,67.86046415783211,0.8602206110954285,43.01103055477142,-1.0,-1.0,0.26474983,-0.63843876,-20.0,1.0,149442
42742,67.85476459247165,0.8601092100143433,43.00546050071716,-1.0,-0.41963845,-1.0,-0.9488251,-41.3030731678009,1.0,160000
15312,67.8438258932828,0.8598954081535339,42.9947704076767,0.02228725,-0.62537056,-0.23735106,-0.22179836,-49.606152176857,1.0,152084
31983,67.814937305657,0.8593307733535767,42.96653866767883,-0.707596,-1.0,-0.14626938,0.26360086,-60.0,1.0,160000
7961,67.79051600306359,0.8588534593582153,42.94267296791077,-0.7952619,-1.0,0.2019971,-0.9819099,-38.17773774266243,1.0,160000
8983,67.7853682165604,0.8587528467178345,42.93764233589173,-0.20357871,-0.9603852,0.2391336,-0.4692123,-57.47664451599121,1.0,160000
7073,67.78242226147393,0.8586952686309814,42.93476343154907,-1.0,0.010020733,-0.79992044,-0.8709705,-34.15496110916138,1.0,160000
56934,67.78141587827123,0.8586755990982056,42.93377995491028,-1.0,-1.0,0.24621826,-0.352822,-29.06177759170532,1.0,160000
6902,67.77519763829879,0.8585540652275085,42.92770326137543,-1.0,-0.032202244,-1.0,-0.45564702,-33.40481996536255,1.0,160000
16768,67.77482253048947,0.8585467338562012,42.92733669281006,-0.79736286,-1.0,-0.048250616,-0.26538676,-60.0,1.0,160000
40776,67.76591141133059,0.8583725690841675,42.91862845420837,-1.0,-0.5574056,-0.9050268,0.63108724,-20.0,1.0,160000
55811,67.73466727498622,0.8577619194984436,42.88809597492218,-1.0,-0.9298635,0.6548191,-0.4346388,-20.0,1.0,149055
52874,67.73186152980338,0.8577070832252502,42.88535416126251,-1.0,0.14213938,-0.61566484,1.0,-30.60483336448669,1.0,160000
17486,67.71318187205802,0.857342004776001,42.86710023880005,-0.2634496,-0.8271072,-0.16396892,-0.591673,-20.0,1.0,160000
28957,67.71249262734116,0.8573285341262817,42.86642670631409,-0.7417935,-1.0,-0.85057783,-0.28073835,-34.04926776885986,1.0,135790
54899,67.6798782608975,0.8566911220550537,42.834556102752686,-1.0,-0.39316717,-1.0,0.6927992,-49.42772090435028,1.0,160000
26878,67.64939519144005,0.8560953736305237,42.80476868152618,-1.0,-0.45150113,-1.0,-0.50824964,-30.044403672218323,1.0,87399
34841,67.6408952237285,0.8559292554855347,42.79646277427673,-1.0,-1.0,-0.7393388,0.6120826,-20.0,1.0,111526
29963,67.61966801390085,0.855514407157898,42.7757203578949,-1.0,-0.708426,-1.0,0.037229717,-20.0,1.0,160000
9743,67.61670960536165,0.8554565906524658,42.77282953262329,-1.0,-1.0,-1.0,-0.19490895,-45.93884170055389,1.0,160000
58409,67.61071042680538,0.8553393483161926,42.76696741580963,-1.0,-0.75077486,-0.9279027,-0.5861103,-36.39323830604553,1.0,160000
45121,67.57986331155558,0.8547365069389343,42.73682534694672,-1.0,-1.0,-1.0,1.0,-21.62706613540649,1.0,160000
57781,67.5706218899339,0.8545559048652649,42.727795243263245,-0.019581556,-1.0,-1.0,0.8081741,-20.0,1.0,160000
41786,67.56516546524108,0.8544492721557617,42.722463607788086,-1.0,-1.0,0.54404783,-0.96212286,-37.65118300914765,1.0,109022
53738,67.53957892610312,0.853949248790741,42.69746243953705,-0.5347128,-1.0,-1.0,1.0,-21.02693200111389,1.0,160000
53740,67.53957892610312,0.853949248790741,42.69746243953705,-1.0,-1.0,-1.0,1.0,-20.0,1.0,160000
35735,67.49319959027386,0.8530429005622864,42.65214502811432,-1.0,-0.9632249,-1.0,1.0,-33.56532096862793,1.0,160000
35739,67.49319959027386,0.8530429005622864,42.65214502811432,-0.19019473,-1.0,-1.0,1.0,-20.0,1.0,151960
35733,67.49319959027386,0.8530429005622864,42.65214502811432,-1.0,-1.0,-1.0,1.0,-20.0,1.0,151516
9937,67.49319959027386,0.8530429005622864,42.65214502811432,-1.0,-1.0,-1.0,1.0,-60.0,1.0,137828
5462,67.4676852892868,0.8525443077087402,42.62721538543701,-0.86783844,-1.0,0.42631382,-0.8656671,-31.00991725921631,1.0,160000
13676,67.45612825070839,0.8523184657096863,42.61592328548432,-0.8421006,-1.0,-1.0,0.644506,-33.91861915588379,1.0,160000
35941,67.45426764939114,0.8522821068763733,42.614105343818665,-1.0,-1.0,-1.0,1.0,-30.016976594924927,1.0,158195
13264,67.39378491391227,0.8511002063751221,42.5550103187561,-1.0,-1.0,1.0,-0.047094278,-20.0,1.0,141386
40777,67.38712312410287,0.8509700298309326,42.54850149154663,-1.0,-1.0,-1.0,0.078374565,-20.0,1.0,160000
25819,67.36831503259745,0.8506025075912476,42.53012537956238,-0.45411617,-0.56947994,-0.022309124,-0.06860986,-34.97278928756714,1.0,160000
44952,67.33455394842058,0.8499428033828735,42.49714016914368,-1.0,-0.07085878,-1.0,-0.752059,-24.51799869537353,1.0,160000
11677,67.33011566931401,0.8498560786247253,42.49280393123627,-0.813645,-1.0,-1.0,0.87341213,-32.113569378852844,1.0,160000
58897,67.32612273440148,0.8497780561447144,42.48890280723572,-0.558542,-1.0,-1.0,0.28051922,-20.0,1.0,87560
60173,67.31678246717269,0.8495955467224121,42.479777336120605,-1.0,-0.8856089,-1.0,-0.84624726,-37.8164267539978,1.0,134490
36651,67.31078844380997,0.8494784235954285,42.47392117977142,-1.0,-0.63127565,-1.0,0.44955328,-60.0,1.0,142525
29833,67.28222124675358,0.8489202260971069,42.44601130485535,-1.0,-0.61813104,-0.69017875,0.013452888,-34.881078600883484,1.0,112794
21170,67.27737713460392,0.8488255739212036,42.44127869606018,-0.6910268,-0.61895484,-0.52378404,-0.92865574,-50.306371450424194,1.0921377539634705,160000
21094,67.26923851012431,0.8486665487289429,42.43332743644714,-1.0,-0.058183074,-0.9335135,-0.12647018,-20.0,1.0,160000
60733,67.26480617850216,0.8485799431800842,42.42899715900421,-1.0,-0.9935983,-0.8368947,0.6876583,-57.96714544296265,1.0,160000
25812,67.23884037609318,0.8480725884437561,42.403629422187805,-1.0,-1.0,0.040429354,-0.070935756,-59.37242865562439,1.0,158399
51126,67.23629319458095,0.8480228185653687,42.40114092826843,-1.0,-1.0,-1.0,-0.8545601,-20.0,1.0,160000
11521,67.21971660222836,0.8476989269256592,42.38494634628296,-1.0,-0.64751434,-1.0,-0.62902075,-42.51718491315842,1.0,130255
5219,67.21800524531326,0.8476654887199402,42.38327443599701,-0.6979891,-1.0,1.0,-0.86463547,-60.0,1.0,160000
17106,67.18317681098488,0.8469849824905396,42.34924912452698,-0.61200845,-1.0,-1.0,-0.7752205,-20.0,1.324643850326538,160000
35657,67.17185293121942,0.8467637300491333,42.338186502456665,-1.0,-1.0,-0.28504133,0.05176279,-46.978601813316345,1.0,160000
28992,67.17163023570124,0.8467593789100647,42.33796894550324,-1.0,-0.72867745,-1.0,-0.39298582,-34.686490297317505,1.0,127222
40610,67.16548016821696,0.8466392159461975,42.33196079730988,-0.5617976,-0.5310521,-0.9217144,0.4853439,-41.43853962421417,1.0,160000
19785,67.15395788934251,0.8464140892028809,42.32070446014404,-1.0,-0.20375198,0.79121405,-0.6499344,-60.0,1.0,155292
13552,67.13708465486211,0.8460844159126282,42.30422079563141,-0.3103304,-0.22182924,-0.8182016,0.07606511,-60.0,1.0,160000
8285,67.10880463911793,0.8455318808555603,42.276594042778015,-1.0,-0.9331182,-1.0,-0.42287984,-55.89478492736816,1.0,160000
27550,67.104204138798,0.845441997051239,42.27209985256195,-0.37724978,-0.9797269,-1.0,-0.7914755,-22.35745668411255,1.0,160000
47087,67.09125373071173,0.8451889753341675,42.25944876670837,-1.0,-0.08117592,-0.6396169,-0.22194451,-59.913368225097656,1.0,160000
23018,67.06360453826403,0.8446487784385681,42.232438921928406,-1.0,-0.6787261,0.55839914,0.25098982,-29.6184766292572,1.0,143217
23513,67.05364060017169,0.8444541096687317,42.22270548343658,-1.0,-1.0,0.063346565,-0.27161226,-43.48876237869263,1.0,160000
23375,67.03845357698489,0.8441573977470398,42.20786988735199,-0.42562145,-1.0,-1.0,-0.90346706,-29.467982053756717,1.0,142889
22324,67.03091493442274,0.8440101146697998,42.20050573348999,-1.0,-1.0,-1.0,1.0,-60.0,1.0,133031
48121,67.03091493442274,0.8440101146697998,42.20050573348999,-0.8868748,-0.9710586,-1.0,1.0,-22.385696172714237,1.0,160000
25325,67.03085696821466,0.8440089821815491,42.200449109077454,-1.0,-1.0,-1.0,-0.86352146,-36.49239540100098,1.0,151432
19867,67.02691221098175,0.8439319133758545,42.196595668792725,-0.8948614,-0.821188,-0.35220793,-0.6302828,-45.0527286529541,1.0,132733
40647,67.01073343261412,0.8436158299446106,42.18079149723053,-1.0,-0.6591275,-1.0,0.18851742,-20.0,1.0,160000
15810,66.99612268222772,0.8433303833007812,42.16651916503906,-1.0,-1.0,-1.0,-0.45620406,-55.04379630088806,1.0,160000
2031,66.99451485200075,0.8432989716529846,42.16494858264923,-0.6956068,-1.0,-1.0,-0.08082765,-39.83827259391546,1.0,160000
26223,66.94158076650785,0.8422648310661316,42.11324155330658,0.14831233,-1.0,-0.83350813,-0.77160907,-34.16063070297241,1.264190137386322,160000
7928,66.93283658181485,0.8420940041542053,42.104700207710266,-0.28948152,-0.23951387,-0.18980879,-0.20281994,-20.0,1.0,87450
48324,66.93216230766465,0.84208083152771,42.1040415763855,-0.73748386,0.15176117,-0.45083928,-0.7517437,-46.94493651390076,1.0,160000
48954,66.92934926988211,0.842025876045227,42.10129380226135,-1.0,0.1856494,-1.0,0.22514987,-43.04324209690094,1.0,160000
13307,66.91200414344135,0.841687023639679,42.08435118198395,-1.0,-1.0,0.15857208,-0.48150632,-22.290433645248413,1.0,139911
33862,66.90455957157285,0.841541588306427,42.07707941532135,-1.0,-1.0,-1.0,0.14343405,-60.0,1.0,107928
6945,66.90235670482684,0.8414985537528992,42.07492768764496,-1.0,-1.0,-1.0,-0.5866338,-20.0,1.0,160000
31822,66.89034767889447,0.8412639498710632,42.06319749355316,-1.0,-1.0,-0.22607136,0.15881167,-60.0,1.0,122472
58237,66.88693351327126,0.8411972522735596,42.05986261367798,-0.6529117,-1.0,-0.70528567,-0.97361964,-20.0,1.0,160000
45123,66.85591283020023,0.8405912518501282,42.02956259250641,-1.0,-0.3473361,-1.0,1.0,-45.21414399147034,1.0,105465
6620,66.83924437602712,0.8402656316757202,42.01328158378601,-0.78511614,-1.0,-0.05421132,0.017672926,-20.0,1.0,123886
58655,66.83848158394053,0.8402507305145264,42.01253652572632,-1.0,-1.0,-1.0,-0.3384493,-36.81142032146454,1.0,122724
23519,66.79637497261923,0.839428186416626,41.9714093208313,-0.59215593,-1.0,-1.0,-0.26111102,-37.86293476819992,1.0,75628
45317,66.78927167576161,0.8392894268035889,41.96447134017944,-1.0,-1.0,-1.0,0.6690185,-51.923933029174805,1.0,127895
21928,66.78862175934933,0.8392767310142517,41.963836550712585,-0.97351843,0.297809,-1.0,-0.55113816,-20.0,1.0,160000
51130,66.78335224083386,0.8391737937927246,41.95868968963623,-1.0,-1.0,-1.0,-0.33716375,-32.13614344596863,1.0,160000
4763,66.75387073102071,0.8385978937149048,41.92989468574524,-0.38587296,-0.3196712,-0.3378553,-0.43221298,-32.10330903530121,1.0,144758
56858,66.74427128856908,0.8384103775024414,41.92051887512207,-0.48919988,-0.20015347,-1.0,-0.14318591,-20.0,1.0,160000
58731,66.7366521150724,0.8382615447044373,41.91307723522186,-1.0,-1.0,1.0,-0.8135487,-22.596335411071777,1.0,103168
55392,66.735944204681,0.8382477164268494,41.91238582134247,-1.0,-1.0,1.0,-0.37152845,-42.348381876945496,1.0,160000
54898,66.72337874993973,0.8380022644996643,41.900113224983215,-1.0,-1.0,-1.0,0.74766916,-36.04075223207474,1.0,160000
46565,66.710096134933,0.837742805480957,41.88714027404785,-1.0,-0.39531165,-1.0,0.23494148,-20.0,1.0,149597
35949,66.7084575424254,0.8377107977867126,41.88553988933563,-0.17639124,-1.0,-1.0,0.55449915,-43.68082821369171,1.1002085208892822,160000
46725,66.70612018075401,0.8376651406288147,41.883257031440735,-1.0,-0.9757089,-0.7836522,0.39640236,-20.0,1.0,160000
16959,66.67093428970601,0.8369778394699097,41.84889197349548,-1.0,-1.0,-0.98925567,0.2108342,-60.0,1.0,142613
42185,66.64799032108546,0.8365296721458435,41.826483607292175,-0.5959289,-1.0,0.3981045,-0.52459013,-20.0,1.0,160000
19130,66.60097244456767,0.8356112837791443,41.780564188957214,-1.0,-1.0,-1.0,0.9467788,-35.63277751207352,1.0,160000
7436,66.58858305754578,0.8353692889213562,41.76846444606781,-1.0,-1.0,0.27465922,0.38409045,-42.768842577934265,1.0,160000
23394,66.57687714581131,0.8351406455039978,41.75703227519989,-1.0,-1.0,-1.0,-0.21861914,-20.0,1.0,160000
46152,66.55645265263554,0.8347417116165161,41.737085580825806,-1.0,-0.36564606,-0.7788963,-0.1851353,-21.24347686767578,1.0210535526275637,160000
35525,66.52249371874828,0.8340784311294556,41.70392155647278,-0.7955402,-0.4971305,-1.0,-0.9726244,-30.988832712173465,1.0,81395
28411,66.5184013926132,0.8339985013008118,41.69992506504059,-0.31960213,-0.3438552,-0.9794451,-0.8874985,-60.0,1.0,160000
45186,66.51632623491129,0.8339579701423645,41.69789850711823,-1.0,-0.8336501,-1.0,-0.44596946,-20.0,1.0,160000
39477,66.5140069382139,0.8339126706123352,41.69563353061676,-1.0,-1.0,-1.0,-0.48979497,-20.0,1.0,132103
58063,66.50627694514952,0.8337616920471191,41.68808460235596,-1.0,-0.40974182,-1.0,-0.9718886,-32.10966229438782,1.0,118527
50728,66.50422618743988,0.8337216377258301,41.686081886291504,-0.02363491,0.24003065,-1.0,0.7501336,-20.71927309036255,1.0,160000
22495,66.48066367017569,0.8332614302635193,41.66307151317597,-1.0,-1.0,-0.1257034,0.5600665,-32.50107169151306,1.0,160000
17604,66.47174639396633,0.8330872654914856,41.65436327457428,-1.0,-1.0,-1.0,-0.25889474,-23.54735493659973,1.0,97687
14539,66.4709376723678,0.8330714702606201,41.653573513031006,-1.0,-1.0,-0.26427165,0.77614975,-24.943511486053467,1.0,111475
19671,66.42769648315604,0.8322269320487976,41.61134660243988,-0.55619997,-1.0,-1.0,0.08143805,-39.001836478710175,1.0,160000
1417,66.4203903326081,0.8320842385292053,41.604211926460266,-1.0,-1.0,-0.77431405,-0.88880825,-20.0,1.0,160000
20619,66.4166090677063,0.8320103883743286,41.60051941871643,-1.0,-1.0,-1.0,-0.54681337,-33.40046405792236,1.0,160000
4169,66.4004951144066,0.8316956758499146,41.58478379249573,-1.0,-1.0,-0.84708226,0.0708462,-47.1279376745224,1.0,115326
59284,66.39624381460304,0.8316126465797424,41.58063232898712,-1.0,-1.0,-1.0,-0.38326222,-31.438395380973816,1.0,160000
41752,66.37829851963436,0.8312621712684631,41.56310856342316,-1.0,-1.0,-1.0,-0.58338237,-20.0,1.0,160000
24429,66.3738609992194,0.8311755061149597,41.55877530574799,-1.0,-1.0,-1.0,0.45081052,-60.0,1.0,160000
18282,66.36858723317127,0.8310725092887878,41.55362546443939,-0.68593144,-1.0,-1.0,0.02797959,-60.0,1.0,133608
14090,66.36466547010517,0.8309959173202515,41.54979586601257,-0.53538907,-0.39337128,-1.0,-0.18426323,-60.0,1.0,104261
56619,66.35902544108981,0.8308857679367065,41.54428839683533,-0.23863417,-0.36259174,-0.9102506,0.1409058,-57.382709980010986,1.0,160000
51973,66.35134056807212,0.8307356834411621,41.536784172058105,-1.0,-1.0,-1.0,0.07409912,-39.64460730552673,1.0,160000
16249,66.33270812524927,0.8303717970848083,41.51858985424042,0.15998042,-1.0,-0.2637221,-0.9283856,-20.0,1.0,160000
42229,66.30558468296667,0.8298420906066895,41.49210453033447,-1.0,0.24473476,-0.92969644,1.0,-33.8818621635437,1.0,157927
57537,66.28863346919506,0.8295110464096069,41.47555232048035,-1.0,-0.24927425,-0.8349149,-0.92848474,-21.649165153503414,1.0,160000
39264,66.28004182272218,0.8293432593345642,41.46716296672821,-1.0,-1.0,-1.0,-0.30860537,-45.92730104923248,1.0,160000
23518,66.27856765688705,0.8293144702911377,41.465723514556885,-0.6842489,-1.0,-1.0,-0.12744361,-60.0,1.0,160000
9806,66.2739711817635,0.829224705696106,41.4612352848053,-1.0,-0.48721027,-0.3720753,1.0,-20.0,1.0,156386
4043,66.24073642548163,0.8285756707191467,41.428783535957336,-1.0,-1.0,-0.5317217,-0.87628853,-27.643061876297,1.0,160000
13331,66.23644507144046,0.8284918665885925,41.42459332942963,-1.0,-0.3653152,0.18321824,-0.7676972,-20.0,1.0,100090
268,66.22836594399685,0.8283340930938721,41.4167046546936,-0.17794687,-1.0,-1.0,-0.41590112,-39.390366300940514,1.0,98222
9802,66.2024282506702,0.8278275728225708,41.39137864112854,-0.91905904,-1.0,0.97638005,-0.013016976,-28.12965989112854,1.0,160000
21097,66.18706018917555,0.8275274634361267,41.376373171806335,-1.0,-1.0,-1.0,-0.76667213,-20.0,2.055314540863037,123669
20923,66.16731806533343,0.8271419405937195,41.35709702968597,-1.0,-1.0,-1.0,0.7114625,-53.17895770072937,1.0,160000
45686,66.16423219425258,0.8270816802978516,41.35408401489258,-1.0,-0.73410106,-0.6330894,-0.9086101,-54.79430675506592,1.0,160000
43877,66.1457779028618,0.8267213106155396,41.33606553077698,-0.5486568,-1.0,-0.6891918,-0.16992503,-60.0,1.0,160000
27600,66.0999679504068,0.8258267641067505,41.29133820533752,-1.0,-1.0,0.46571845,-0.9241637,-29.742238521575928,1.0,160000
14988,66.07535316315169,0.8253461122512817,41.26730561256409,-0.7120464,-1.0,-1.0,-0.98913306,-57.47998237609863,1.0,160000
8183,66.06317995108864,0.8251084089279175,41.255420446395874,-1.0,0.013530493,0.75034994,-0.7548042,-60.0,1.0,150465
37123,66.04051521149664,0.8246658444404602,41.23329222202301,-1.0,-0.70351136,-1.0,-0.88316107,-26.08283042907715,1.0,160000
19066,66.03976429398486,0.8246511816978455,41.23255908489227,-1.0,-1.0,-1.0,-0.57815576,-50.39230704307556,1.0,160000
40216,66.03596391392371,0.8245769739151001,41.228848695755005,-1.0,-0.83873636,-1.0,-0.66601217,-28.247438669204712,1.0,160000
41312,66.01623233252717,0.824191689491272,41.2095844745636,-0.8888766,-1.0,-1.0,-0.20540154,-20.0,1.0,132911
4050,66.01618043915688,0.8241906762123108,41.20953381061554,-0.055823088,-0.49505824,-0.6733706,-0.7171173,-28.16932678222656,1.0,160000
9988,66.01605833710319,0.8241882920265198,41.20941460132599,-0.9097669,-0.15057957,-1.0,-0.85667145,-55.75889825820923,1.0,160000
24394,66.00189444207592,0.823911726474762,41.1955863237381,-1.0,-0.13911831,-1.0,0.47662994,-20.0,1.0,160000
35830,65.98527919487151,0.8235872983932495,41.17936491966248,-0.81483257,-1.0,-1.0,-0.41997293,-20.0,1.0,139910
59838,65.95630669220532,0.8230215907096863,41.15107953548432,-1.0,-1.0,0.15433049,-0.19891602,-60.0,1.0,160000
38536,65.9081321063827,0.8220809698104858,41.10404849052429,-0.2245825,-0.49597213,-0.48576742,0.88552845,-45.18406391143799,1.0,160000
33093,65.89374144654354,0.8217999935150146,41.08999967575073,-0.44132495,-0.2733894,-1.0,0.26567924,-38.97307336330414,1.0,160000
12098,65.89147019044256,0.8217556476593018,41.08778238296509,-1.0,-1.0,-0.28273055,-0.94701093,-60.0,1.0,160000
10774,65.89059099375069,0.8217384815216064,41.08692407608032,-0.8217916,-1.0,-1.0,-0.95952487,-60.0,1.0,98849
10787,65.88535243774784,0.8216361999511719,41.081809997558594,-0.3002472,-0.4785322,-0.91881406,-0.39027292,-60.0,1.0,160000
52366,65.8821867061248,0.8215743899345398,41.07871949672699,-1.0,-0.21109253,-1.0,0.6702282,-23.33677291870117,1.0,160000
12941,65.88001007155164,0.8215318918228149,41.07659459114075,-1.0,-1.0,-1.0,-0.66725856,-20.0,1.0,99327
12474,65.87816924106527,0.8214959502220154,41.07479751110077,-1.0,-0.96942264,-0.7524228,-0.052478567,-60.0,1.0,160000
37836,65.875775853292,0.8214492201805115,41.07246100902557,-1.0,-1.0,-1.0,-0.112369806,-20.0,1.0,146521
37832,65.86470639273938,0.8212330937385559,41.0616546869278,-1.0,-1.0,-1.0,-0.16063595,-34.14509057998657,1.0,160000
22507,65.86334789101713,0.8212065696716309,41.06032848358154,-0.48278862,-0.16775763,-0.7290753,-0.11474064,-60.0,1.0,160000
19339,65.86246257472658,0.821189284324646,41.0594642162323,-0.6058001,-1.0,-0.79745626,0.061894912,-20.0,1.0,139838
21677,65.8553922397613,0.8210512399673462,41.05256199836731,-0.6261422,-1.0,-1.0,0.98237586,-60.0,1.0,138316
807,65.84928352085694,0.8209319710731506,41.04659855365753,-0.49473265,-1.0,-1.0,-0.87888587,-55.02654671669006,1.0,115673
41553,65.83665083079018,0.8206853270530701,41.0342663526535,-1.0,-0.72703683,-1.0,0.37890732,-60.0,1.0,160000
56598,65.83417495948997,0.8206369876861572,41.03184938430786,-1.0,-1.0,-0.02801764,-0.8226884,-50.55736541748047,1.0,158232
37790,65.82302586348564,0.8204193115234375,41.02096557617188,-0.17493379,-0.17526078,-0.74756724,-0.7914555,-20.0,1.0,160000
53954,65.82078199255568,0.8203755021095276,41.01877510547638,-0.12516117,-0.050302982,-1.0,0.2970435,-44.93180513381958,1.0,160000
2661,65.79434073533633,0.8198592662811279,40.9929633140564,-0.05778402,-0.5862694,-0.7402226,-0.82691157,-20.0,3.387983202934265,160000
61347,65.79372098976606,0.8198471665382385,40.992358326911926,-1.0,0.06309891,-0.5527146,-0.14899427,-57.05934047698975,1.0,160000
23606,65.78645193802245,0.8197052478790283,40.985262393951416,-1.0,-0.60844505,-0.7714293,0.3872271,-20.0,1.0,160000
46562,65.73948782875499,0.8187883496284485,40.93941748142242,-1.0,-0.83438635,0.5954967,-0.2702945,-41.32964551448822,1.0,160000
21647,65.73176975603683,0.8186376690864563,40.931883454322815,-0.05555153,-1.0,-0.16999888,-0.6306318,-48.13071370124817,1.0,160000
59929,65.73176975603683,0.8186376690864563,40.931883454322815,-1.0,-1.0,0.36788106,-0.992099,-20.0,1.0,114389
14711,65.71746925010568,0.8183584809303284,40.91792404651642,-1.0,-1.0,-0.7074591,-0.86723965,-60.0,1.0,126970
55900,65.71119518697128,0.8182359933853149,40.91179966926575,-1.0,-1.0,-0.38161016,0.5936332,-52.21123099327088,1.0,160000
6941,65.71052961594219,0.8182229995727539,40.911149978637695,-0.29777026,-0.76679474,-0.91257674,-0.466097,-31.575891375541687,1.0,101490
12037,65.70014911770703,0.8180203437805176,40.90101718902588,-1.0,-0.19902283,-0.17081296,-0.32150257,-26.77479863166809,1.0,115601
7096,65.6968426108234,0.8179557919502258,40.89778959751129,-0.5579989,-0.73851806,-1.0,-0.16690893,-30.120814442634583,1.0,119391
54063,65.68853509928589,0.817793607711792,40.8896803855896,-1.0,-1.0,-0.9966212,0.52466714,-60.0,1.0,160000
17995,65.68192203552621,0.8176645040512085,40.883225202560425,-0.36658376,-0.56521225,-1.0,0.064151086,-45.50334692001343,1.0,160000
45133,65.67598674377686,0.8175486326217651,40.87743163108826,-1.0,-0.9913433,-1.0,-0.07756388,-31.50650143623352,1.0,106539
12672,65.66814015955127,0.8173954486846924,40.86977243423462,-1.0,-0.07899058,-0.8221329,-0.02702709,-35.848098397254944,1.0,121311
36543,65.66551444648212,0.8173441886901855,40.86720943450928,-1.0,-1.0,-1.0,-0.988451,-25.29348850250244,1.0,135822
59963,65.65635495149284,0.8171653747558594,40.85826873779297,-1.0,-0.0720644,-1.0,-0.76934737,-32.41551637649536,1.0,160000
58150,65.65226674810846,0.8170855641365051,40.854278206825256,-1.0,-1.0,-0.53380525,-0.93853503,-46.40594482421875,1.0,160000
44096,65.63416434973448,0.8167321681976318,40.83660840988159,-1.0,-0.039647818,-0.4711513,-0.56746435,-20.0,1.0,120597
2274,65.62673281676439,0.8165870904922485,40.82935452461243,-1.0,-0.7787521,-0.5930321,-0.6143229,-33.389628529548645,1.0,160000
48587,65.6196798536515,0.8164494037628174,40.82247018814087,-1.0,-1.0,-0.92327285,-0.3225754,-25.14103055000305,1.0,160000
32860,65.61501755463014,0.8163583874702454,40.81791937351227,-0.3688445,-1.0,-0.97763485,-0.23825905,-20.0,1.0,145148
27683,65.59817577365204,0.8160296082496643,40.801480412483215,-0.9502856,-0.003178835,-1.0,-0.93562055,-45.9884649515152,1.0,110208
42423,65.58740684131428,0.8158193826675415,40.79096913337708,-0.056813,-1.0,-1.0,-0.3135814,-31.77960991859436,1.0,142781
27039,65.5684763201157,0.8154498338699341,40.772491693496704,-0.11562562,-1.0,-1.0,-0.851145,-52.09739446640015,1.0,155904
35846,65.5595605841646,0.8152757883071899,40.7637894153595,-0.17651701,-1.0,-1.0,0.17715923,-44.35231626033783,1.0,160000
49747,65.5577896448867,0.8152412176132202,40.76206088066101,-1.0,-0.2606088,-0.69557786,-0.71986,-20.0,1.0,160000
42630,65.55153638284341,0.8151191473007202,40.75595736503601,-1.0,0.15413177,-1.0,0.1844348,-32.9035222530365,1.0,160000
21679,65.54827539549822,0.8150554895401001,40.752774477005005,-0.9634054,-1.0,-1.0,1.0,-20.0,1.0,139758
26309,65.53969237436598,0.8148879408836365,40.744397044181824,-1.0,0.053771615,-0.82033515,0.57687724,-45.66787779331207,1.0,156828
27354,65.53468788255623,0.8147902488708496,40.73951244354248,-0.35164052,0.25135648,-0.76628166,0.84701097,-25.46053647994995,1.0,160000
14206,65.52081324313366,0.8145194053649902,40.72597026824951,-1.0,-1.0,-1.0,-0.16878247,-60.0,1.0,126267
24264,65.51784532615773,0.8144614696502686,40.72307348251343,-1.0,-1.0,-1.0,-0.34442613,-34.56835746765137,1.0,160000
17322,65.51575068211868,0.8144205808639526,40.72102904319763,-1.0,-0.20572758,-1.0,-0.5628733,-49.9840259552002,1.0,121320
3197,65.51041940472243,0.8143165111541748,40.71582555770874,-1.0,-1.0,-1.0,-0.8365594,-42.44360685348511,1.5151626467704773,160000
16653,65.50504230943002,0.8142115473747253,40.71057736873627,-1.0,-1.0,-1.0,0.5475545,-50.49488067626953,1.0,160000
57908,65.47000986702508,0.8135277032852173,40.676385164260864,-1.0,-1.0,-1.0,-0.917034,-60.0,1.0,160000
26339,65.46962207259244,0.8135201334953308,40.67600667476654,-1.0,-0.27642494,-1.0,-0.59762096,-38.54045271873474,1.0,160000
4168,65.46519143871602,0.8134336471557617,40.671682357788086,-1.0,-0.04826194,-1.0,0.08773121,-20.0,1.0,160000
5340,65.4646357002438,0.8134227991104126,40.67113995552063,-0.26026565,-0.36770588,-1.0,-0.32781243,-20.0,1.0,141762
60525,65.46275779145309,0.8133861422538757,40.66930711269379,-1.0,0.3479951,-1.0,0.45571724,-42.494192719459534,1.0,150419
35620,65.45678816546472,0.8132696151733398,40.66348075866699,-1.0,-0.98944235,0.09955633,-0.36331132,-39.19608414173126,1.0,85517
56615,65.43024063880738,0.8127514123916626,40.63757061958313,-1.0,-1.0,-0.12918925,0.030361652,-60.0,1.0,160000
5100,65.42472283064626,0.8126437067985535,40.63218533992767,-0.95429105,-1.0,-0.10224515,-0.57036924,-43.85906130075455,1.0,160000
18585,65.40921363436988,0.8123409748077393,40.61704874038696,-1.0,-0.52690506,-1.0,-0.26176018,-54.81392860412598,1.0,160000
48423,65.40329573551583,0.8122254610061646,40.61127305030823,-1.0,-1.0,-1.0,-0.11808854,-54.83072519302368,1.0,123293
2416,65.3558082921414,0.8112985491752625,40.56492745876312,-0.6605891,-0.845441,-0.055454075,0.19203785,-60.0,1.0,160000
20204,65.3428330702397,0.8110452890396118,40.55226445198059,-1.0,-1.0,-1.0,-0.20859015,-30.826599597930908,1.0,160000
51771,65.32835836072644,0.8107627630233765,40.53813815116882,-0.55960786,-1.0,-1.0,-0.85783684,-33.82379710674286,1.0,94283
48293,65.30603531115128,0.8103270530700684,40.51635265350342,-0.2135269,-0.42485455,-0.71652806,1.0,-44.37508702278137,1.0,160000
35992,65.30506115233807,0.810308039188385,40.51540195941925,-1.0,-1.0,-1.0,-0.09367648,-49.53798532485962,1.0,160000
20290,65.29630591346185,0.810137152671814,40.5068576335907,-1.0,-1.0,-0.15217394,-0.9555454,-26.451951265335083,1.0,160000
8369,65.28279582378721,0.8098734617233276,40.49367308616638,-1.0,-0.05579889,-0.27408838,-0.6443523,-32.31113135814667,1.0,160000
34167,65.26290611591818,0.8094852566719055,40.47426283359528,-0.5776554,-1.0,0.24920356,-0.6652584,-22.990758419036865,1.0,160000
48301,65.25090438454171,0.8092510104179382,40.46255052089691,-0.6089737,-1.0,-1.0,-0.1335954,-40.68444848060608,1.0,132856
25984,65.24421330657842,0.8091204166412354,40.45602083206177,-1.0,0.14101881,-0.79022795,-0.56237125,-33.2902055978775,1.0,105877
38318,65.23094406760177,0.8088614344596863,40.44307172298432,-1.0,-0.89703065,-1.0,0.50342464,-29.440139532089237,1.0,160000
9130,65.22725187217601,0.8087893724441528,40.43946862220764,-1.0,-1.0,-0.019459724,-0.7650124,-43.28195810317993,1.0,160000
23766,65.20849759563906,0.8084233403205872,40.42116701602936,-1.0,-1.0,-1.0,-0.33852583,-44.12056416273117,1.0,137104
5327,65.18305179770428,0.8079267144203186,40.39633572101593,-1.0,-0.28053695,-0.78164905,-0.19012724,-20.0,1.0,114513
26468,65.16870401248335,0.8076466917991638,40.38233458995819,-1.0,0.073216915,-1.0,-0.80409455,-44.09698069095612,1.0,160000
11186,65.14908784849506,0.8072638511657715,40.363192558288574,-0.68442965,-1.0,-1.0,-0.969826,-60.0,1.0,102473
34574,65.13815119734022,0.8070504069328308,40.35252034664154,-1.0,-1.0,-0.713398,-0.39910486,-35.72836369276047,1.0,160000
44927,65.13211325636308,0.8069325685501099,40.34662842750549,-0.09520972,-1.0,-1.0,1.0,-20.0,1.0,117608
9465,65.11267075824776,0.8065531253814697,40.327656269073486,-0.86372024,-1.0,0.065719366,-0.36311507,-26.27798676490784,1.0,160000
44335,65.0800645261921,0.8059167861938477,40.29583930969238,-1.0,-1.0,-1.0,-0.085024536,-41.08509004116058,1.0,160000
47834,65.06470493023244,0.8056170344352722,40.28085172176361,-1.0,-1.0,-1.0,-0.14826578,-20.18005847930908,1.0,160000
32430,65.0544457791865,0.8054168224334717,40.270841121673584,-1.0,-1.0,-1.0,-0.9050079,-27.141456604003903,1.2941450476646423,114212
35545,65.0511807967504,0.8053531050682068,40.26765525341034,-1.0,-1.0,-1.0,0.08293751,-20.0,1.0,160000
6213,65.04972392230607,0.8053246736526489,40.266233682632446,-1.0,-0.024362803,-1.0,-0.6387899,-60.0,1.0,160000
18535,65.0465811008639,0.805263340473175,40.26316702365875,-0.9149955,0.36948192,-1.0,0.19476318,-60.0,1.0,129418
32809,65.02514317765434,0.8048449754714966,40.24224877357483,-1.0,-1.0,-1.0,-0.77771616,-20.0,1.0,160000
35013,64.98588288656508,0.8040788173675537,40.203940868377686,-1.0,0.03334403,-1.0,-0.68638885,-47.8302264213562,1.0,160000
35287,64.96142339460756,0.8036015033721924,40.18007516860962,-0.114207864,-1.0,-0.7241276,0.66773725,-60.0,1.0,160000
35844,64.94502727394374,0.8032815456390381,40.164077281951904,-1.0,-1.0,-1.0,0.20197983,-47.19394564628601,1.0014764070510864,160000
4824,64.93700936657397,0.8031250834465027,40.156254172325134,-1.0,-0.6423206,-0.8344058,-0.37689993,-21.598796844482425,1.0,87440
11450,64.93595558164095,0.8031045198440552,40.15522599220276,-0.81865364,-0.5297334,1.0,-0.27735627,-20.0,1.0,160000
18815,64.93191759388579,0.8030257225036621,40.15128612518311,-1.0,-1.0,-1.0,-0.6671096,-45.87302207946777,1.0,160000
35542,64.92478236656643,0.8028864860534668,40.14432430267334,-1.0,-1.0,-1.0,-0.058956712,-45.76448261737824,1.0,140051
18792,64.91646807829969,0.8027242422103882,40.13621211051941,-0.48238796,-1.0,0.084097266,-0.36722645,-29.51328754425049,1.0,82170
37718,64.90908537148681,0.8025801777839661,40.1290088891983,-1.0,0.062174678,0.18440115,-0.5314059,-39.77461099624634,1.0,122140
46487,64.89452756888724,0.8022961020469666,40.11480510234833,0.17441237,0.21868277,0.21512139,0.21828496,-28.810020685195923,1.0,160000
14835,64.89275288903787,0.802261471748352,40.1130735874176,-1.0,-1.0,-1.0,-0.044876445,-20.0,1.0,117229
51489,64.87034472288076,0.8018242120742798,40.09121060371399,-1.0,-1.0,-0.1672703,-0.94349664,-20.18940806388855,1.0,160000
6613,64.86174609054855,0.8016564249992371,40.08282124996185,-1.0,-0.39299816,0.06870097,0.043501645,-37.21827834844589,1.0,160000
60842,64.85661132687049,0.8015562295913696,40.07781147956848,-1.0,-0.6668357,-1.0,-0.9314123,-20.0,1.0,160000
40467,64.83512823474977,0.8011370301246643,40.056851506233215,-1.0,-1.0,-0.99034715,-0.3002392,-44.14462387561798,1.0,110552
56352,64.82571994100407,0.8009534478187561,40.047672390937805,-1.0,-0.0770241,-0.54787,-0.6395591,-34.68138873577118,1.0,160000
33595,64.81932349311495,0.8008286356925964,40.04143178462982,-1.0,-0.94329536,-0.62935036,0.21337919,-20.0,1.0,160000
2831,64.79535950741615,0.8003610372543335,40.01805186271668,-1.0,-1.0,-0.77764165,-0.6892837,-49.77204322814941,1.0,160000
2965,64.7658721869811,0.7997856736183167,39.98928368091583,-0.9005793,-0.30830765,-1.0,-0.9586847,-49.34037625789642,1.0,101499
24831,64.75482309091866,0.7995700836181641,39.9785041809082,-1.0,-0.23739624,-1.0,-0.512599,-20.0,1.0,98791
15704,64.75428850466515,0.7995596528053284,39.97798264026642,-0.2654993,-0.37944448,-0.9518602,0.95741713,-38.93317669630051,1.0,160000
21510,64.70944985828957,0.7986847758293152,39.93423879146576,-1.0,-1.0,-1.0,-0.9340312,-35.16009896993637,1.0,141459
2767,64.70756195329105,0.798647940158844,39.9323970079422,-0.734071,-0.3964327,-1.0,-0.023641646,-37.06958532333374,1.0,115297
13018,64.70491643882403,0.7985963225364685,39.92981612682343,-0.25837892,-0.85301626,-0.25829569,-0.8943777,-36.77915930747986,1.0,160000
41742,64.70346232054794,0.7985679507255554,39.92839753627777,-0.6619846,-1.0,-1.0,-0.5493045,-20.0,1.0,160000
44812,64.70181879879193,0.7985358834266663,39.92679417133331,-1.0,-1.0,0.5137731,-0.92331326,-20.0,1.0,160000
7045,64.69763667017324,0.7984542846679688,39.92271423339844,-1.0,-1.0,-0.27587605,-0.4649306,-45.79263389110565,1.0,160000
1272,64.68648936762905,0.7982367873191833,39.91183936595917,-1.0,-0.7135452,-0.8103836,-0.73298305,-35.20212143659592,1.0,146422
32100,64.68458005240292,0.7981995344161987,39.90997672080994,-1.0,-0.55786943,0.2882638,-0.114298314,-20.0,1.0,128118
57584,64.68322367354297,0.7981730699539185,39.90865349769592,-1.0,0.3794316,-1.0,1.0,-41.07553005218506,1.0,160000
58703,64.68011682863286,0.7981124520301819,39.90562260150909,-1.0,-0.2969603,0.3927303,-0.7751717,-20.0,1.0,160000
12213,64.67059157887938,0.7979266047477722,39.89633023738861,-1.0,-1.0,-1.0,-0.8975649,-59.38636541366577,1.0,136600
20055,64.66637576789371,0.7978443503379822,39.89221751689911,-1.0,-0.3501672,0.07443398,-0.7619608,-32.727638483047485,1.0,129126
13291,64.64354299526832,0.7973988652229309,39.86994326114655,-0.92482454,-0.7249546,0.118786395,-0.8663022,-40.70231765508652,1.0,160000
13938,64.62895845188483,0.7971143126487732,39.85571563243866,-1.0,-0.12556267,-1.0,-0.9844967,-58.31996083259583,1.0,155586
28565,64.62707962104999,0.7970776557922363,39.853882789611816,-0.76105535,-1.0,-0.03078872,-0.26205063,-34.80533480644226,1.0,160000
38534,64.62488001153147,0.797034740447998,39.8517370223999,-1.0,-1.0,-0.37762266,1.0,-20.0,1.0,133531
56231,64.62119871411478,0.7969629168510437,39.848145842552185,-1.0,-1.0,-1.0,0.21488062,-24.04904842376709,1.0,90756
38320,64.62017833646382,0.7969430088996887,39.84715044498444,-1.0,-1.0,-1.0,0.5580412,-26.463325023651123,1.0,124883
53636,64.61036862606761,0.7967516183853149,39.83758091926575,-0.5482101,-0.34379077,-1.0,-0.05979258,-49.740901589393616,1.0,132641
45779,64.61017004833833,0.7967477440834045,39.83738720417023,-1.0,-0.4460626,1.0,-0.44338357,-40.017685294151306,1.0,160000
39471,64.60179310166379,0.7965843081474304,39.82921540737152,-1.0,-0.70180464,-0.705686,1.0,-41.54804170131683,1.0,160000
29095,64.6015853577395,0.7965802550315857,39.829012751579285,-1.0,-1.0,0.79559934,-0.23383105,-20.0,1.0,160000
45400,64.59813924886558,0.796513020992279,39.82565104961395,-1.0,-0.0032093525,-1.0,-0.06461877,-60.0,1.0,145564
53733,64.57375049272001,0.7960371971130371,39.801859855651855,-0.16574657,-0.8201947,1.0,-0.5479354,-41.71200752258301,1.608060657978058,160000
52404,64.56642127022165,0.795894205570221,39.79471027851105,-0.75045073,-1.0,-1.0,0.34299076,-20.0,1.0,126598
36509,64.53979872060405,0.7953748106956482,39.76874053478241,-1.0,-0.30767155,-0.2920748,0.53153855,-32.268052101135254,1.0,86119
24257,64.51535105996126,0.7948978543281555,39.744892716407776,-1.0,-1.0,-0.52849424,-0.70886827,-24.56706523895264,1.0,96480
165,64.49851367769713,0.7945693731307983,39.72846865653992,-1.0,-1.0,0.079812825,-0.9790147,-43.25913071632385,1.0,160000
37561,64.4758191456908,0.7941266298294067,39.70633149147034,-1.0,-1.0,-1.0,-0.24930361,-20.0,1.0,160000
49201,64.46278217584508,0.7938722968101501,39.69361484050751,-1.0,-1.0,-1.0,-0.5040299,-30.633167028427124,1.0,160000
11296,64.42888618481562,0.793211042881012,39.6605521440506,-0.77054,-1.0,0.3981797,-0.113854885,-27.38992214202881,1.0,103444
32446,64.40692399816612,0.7927826046943665,39.63913023471832,-1.0,-1.0,0.37991762,-0.21700197,-20.0,1.0,160000
23832,64.40636485688192,0.7927716970443726,39.63858485221863,-0.80121094,-1.0,-0.59205914,0.33922064,-20.0,1.0,121658
19787,64.40339498852705,0.7927137613296509,39.635688066482544,-0.6964389,-1.0,0.08632374,-0.50803214,-20.0,1.0,160000
5725,64.39854908075091,0.7926192283630371,39.630961418151855,-0.99580973,-0.5391346,-1.0,-0.66013086,-47.12874233722687,1.0,87832
15023,64.38974330271863,0.7924474477767944,39.62237238883972,-1.0,-0.82904184,0.08150208,-0.08373675,-46.27662181854248,1.0217968225479126,129038
27087,64.38881139077442,0.7924292683601379,39.6214634180069,-0.92382324,-0.49759537,-1.0,-0.7892881,-40.894694328308105,1.0,96291
23834,64.38720116791244,0.7923978567123413,39.619892835617065,-0.7336087,-0.1460774,0.49927688,0.17999652,-32.16452121734619,1.0,93126
59082,64.38010028022634,0.7922593355178833,39.612966775894165,-1.0,-1.0,-1.0,-0.4217946,-29.198323488235477,1.0,110569
52324,64.3788567050981,0.7922350764274597,39.611753821372986,-0.16228342,-0.9259172,-1.0,-0.9057074,-30.178706645965576,1.0,160000
14364,64.35997074738967,0.791866660118103,39.59333300590515,-0.91354394,-0.8829804,-0.9115367,-0.15170176,-58.94308805465698,1.0,147462
44891,64.33763486682602,0.7914309501647949,39.57154750823975,-1.0,-0.78330415,-0.6592192,-0.15134591,-41.12226605415344,1.0369954109191897,160000
14828,64.29617365773248,0.7906221747398376,39.53110873699188,-0.8601239,-1.0,0.38151813,-0.85052335,-32.076053619384766,1.05623459815979,160000
7293,64.29043213436962,0.7905101776123047,39.525508880615234,-1.0,-0.40126264,-0.18245104,0.12508485,-42.69887149333954,1.0,160000
7328,64.26351790300613,0.789985179901123,39.49925899505615,-1.0,-1.0,0.09616387,-0.8600184,-51.36947274208069,1.183303952217102,160000
9991,64.22073167719704,0.789150595664978,39.4575297832489,-1.0,-1.0,-1.0,-0.6127955,-43.0356764793396,1.0,154406
58026,64.21358728919216,0.7890112400054932,39.45056200027466,-0.30627882,-0.9411009,0.2054295,-0.2208578,-20.0,1.0,160000
22522,64.2088172163617,0.7889181971549988,39.44590985774994,-1.0,-1.0,-0.977857,-0.2784505,-28.456602096557617,1.0,160000
45183,64.20849024737518,0.7889118194580078,39.44559097290039,-1.0,-1.0,-1.0,-0.0675537,-20.0,1.0,132387
21243,64.2058103215366,0.7888595461845398,39.44297730922699,-1.0,-0.36804926,-1.0,-0.14899322,-60.0,1.0,160000
40902,64.18862141113446,0.7885242700576782,39.42621350288391,-0.92314965,-1.0,-1.0,0.5109133,-48.07172596454621,1.0,80342
49062,64.17551188062195,0.7882685661315918,39.41342830657959,-1.0,-0.56735444,0.31374472,-0.7478806,-20.0,1.0,119935
8643,64.15280678042652,0.7878257036209106,39.39128518104553,-0.13922983,-1.0,-0.7131845,-0.29153556,-22.189418077468872,1.0,160000
26988,64.13384793248827,0.7874559164047241,39.372795820236206,-1.0,-1.0,-0.15152204,-0.66766053,-20.0,1.0,160000
2461,64.11267023521175,0.7870428562164307,39.35214281082153,-0.45218444,-1.0,-0.96804523,0.5774939,-23.664672374725345,1.0416600704193115,160000
33800,64.10317226940793,0.7868576049804688,39.34288024902344,-0.634558,-1.0,-1.0,0.39364338,-22.080001831054688,1.0,160000
18230,64.0740668320068,0.7862899303436279,39.3144965171814,-1.0,-0.8227904,-1.0,-0.13675043,-48.42759251594544,1.0,160000
59366,64.07177785856351,0.7862452864646912,39.31226432323456,-1.0,-0.08673859,-1.0,-0.4223389,-45.71272373199463,1.0,160000
24167,64.05574884202201,0.7859326601028442,39.29663300514221,-1.0,-1.0,-0.2505804,-0.90801275,-60.0,1.0,132376
3683,64.04068233903392,0.7856388092041016,39.28194046020508,-1.0,-1.0,-0.52984875,0.2853922,-20.0,1.0,72550
124,64.02337249637294,0.7853012084960938,39.26506042480469,-1.0,-0.72829187,0.18270928,-0.9414505,-43.56169700622559,1.0,88661
38125,63.99279254505118,0.7847048044204712,39.23524022102356,-1.0,-1.0,-0.7148187,-0.25101548,-22.49082922935486,1.0,133098
38540,63.98766119342767,0.7846047282218933,39.230236411094666,-1.0,-1.0,-1.0,1.0,-20.0,1.0,150941
54804,63.9848128125448,0.7845491766929626,39.22745883464813,-1.0,-1.0,-0.63502026,-0.07789135,-52.1185839176178,1.0,160000
29434,63.95693692331315,0.7840055227279663,39.20027613639832,-1.0,-1.0,-1.0,-0.7300418,-20.0,1.0,160000
23775,63.946958210013705,0.7838109135627747,39.19054567813873,-1.0,-1.0,-1.0,-0.61808527,-27.23798155784607,1.0,160000
24735,63.93511203725621,0.7835798859596252,39.17899429798126,-1.0,-1.0,-0.80283517,-0.4929554,-24.436898231506348,1.0,160000
28690,63.93143836127822,0.7835082411766052,39.17541205883026,-1.0,-0.8262193,-0.9174022,-0.7167278,-20.0,1.0,149261
637,63.92089101381006,0.7833025455474854,39.16512727737427,-1.0,-0.69393706,0.46663016,-0.26812604,-24.54910516738892,1.0,160000
14293,63.905309787246175,0.7829986810684204,39.14993405342102,-1.0,-1.0,0.5090209,-0.10436846,-20.0,1.0,160000
40953,63.88082207854493,0.78252112865448,39.126056432724,-0.6961876,-1.0,0.38863444,1.0,-60.0,1.0,160000
12649,63.87861841101318,0.7824781537055969,39.123907685279846,0.18981028,-1.0,-0.7738226,0.0487876,-32.5626802444458,1.0,160000
32233,63.86193034536116,0.7821527123451233,39.107635617256165,-1.0,-1.0,-1.0,-0.19991887,-28.65667462348938,1.0,160000
6319,63.85451846581788,0.782008171081543,39.10040855407715,0.2904514,-0.0127238035,-0.85812813,0.4931377,-43.951321840286255,1.0,160000
36656,63.79385896991893,0.7808252573013306,39.04126286506653,-1.0,-1.0,-1.0,0.564474,-30.72923064231873,1.0,154901
31240,63.79166740939067,0.7807825207710266,39.03912603855133,-1.0,-1.0,-0.8265526,0.5453113,-52.871901988983154,1.0,160000
42624,63.748162631341685,0.7799341678619385,38.99670839309693,-1.0,-0.9112502,-1.0,0.6224448,-24.68209743499756,1.0,160000
49164,63.74615746447057,0.7798950672149658,38.99475336074829,-0.6074857,-1.0,0.08040881,-0.8891699,-54.8071825504303,1.721280574798584,145161
50942,63.72410351963632,0.7794650197029114,38.97325098514557,-1.0,-1.0,-0.85553324,-0.20239156,-53.618552684783936,1.0,155472
36989,63.71761718716488,0.779338538646698,38.9669269323349,-0.4388609,-0.1114701,-0.22776538,0.3024518,-60.0,1.0,160000
38749,63.68649037212239,0.7787315845489502,38.93657922744751,-0.47828317,-0.8218192,-1.0,1.0,-29.10802960395813,1.0,160000
21933,63.6818318433909,0.7786407470703125,38.932037353515625,-1.0,-1.0,-1.0,-0.111867726,-38.21710333228111,1.0,120006
35862,63.6695649306424,0.7784015536308289,38.92007768154144,-0.8125515,-1.0,-1.0,1.0,-20.0,1.0,160000
21646,63.652526206394285,0.7780693173408508,38.90346586704254,-1.0,-1.0,-1.0,-0.7643887,-21.23777866363525,1.0,141211
47320,63.628563472404615,0.7776020765304565,38.88010382652283,-1.0,-1.0,0.1858725,-0.91488576,-20.0,1.0,95955
57612,63.620765341951085,0.7774500250816345,38.872501254081726,-0.64937,-0.2570433,-1.0,1.0,-22.04359650611877,1.0,160000
31812,63.620765341951085,0.7774500250816345,38.872501254081726,-1.0,-1.0,-1.0,1.0,-35.18988788127899,1.0,160000
22427,63.615412702634615,0.7773456573486328,38.86728286743164,-1.0,-1.0,-0.39103884,-0.48831812,-21.509954929351807,1.0,160000
15151,63.58383145788613,0.7767298817634583,38.83649408817291,0.35577762,0.0057751536,-1.0,-0.16978422,-55.190125703811646,1.0,142241
57738,63.57843895334247,0.7766247391700745,38.83123695850372,0.16357541,-1.0,-1.0,-0.7471321,-44.63678002357483,1.0,160000
47165,63.563392423660304,0.77633136510849,38.8165682554245,-1.0,-1.0,-1.0,-0.006644547,-25.18855452537537,1.0,160000
59866,63.56264345614053,0.77631676197052,38.815838098526,-1.0,-0.5165982,-1.0,-0.28230518,-20.0,1.0,160000
40773,63.55912177554867,0.7762480974197388,38.81240487098694,-1.0,-0.5000957,-1.0,1.0,-59.6837854385376,1.0,160000
40780,63.55911871853087,0.776248037815094,38.8124018907547,-1.0,-0.35464102,-1.0,1.0,-20.0,1.0,160000
18931,63.54011006780594,0.7758774161338806,38.79387080669403,-1.0,-1.0,-0.8655161,-0.31056684,-35.217981934547424,1.0,160000
22461,63.53494975142923,0.7757768034934998,38.78884017467499,-1.0,-0.863181,0.038697273,0.107032366,-60.0,1.0,113912
34983,63.53490083839733,0.7757758498191833,38.78879249095917,-1.0,-1.0,-0.26685524,0.92423964,-48.29936683177948,1.0,97358
7833,63.52432335974318,0.7755696177482605,38.77848088741303,-0.34002548,-1.0,-0.21011809,-0.11582318,-20.0,1.0,160000
47473,63.4901784090854,0.7749038934707642,38.74519467353821,-0.4797166,-0.5540459,-0.36132312,0.58374894,-20.0,1.0,160000
3196,63.48176204996881,0.7747398018836975,38.73699009418488,-0.4690091,0.28285074,-0.83022046,1.0,-31.785783767700195,1.3463643789291382,160000
28844,63.47942637243336,0.7746942639350891,38.734713196754456,-1.0,-0.88127095,-0.1263693,-0.82145065,-20.0,1.0,148167
55891,63.45245271503676,0.7741683721542358,38.70841860771179,-0.5685388,0.011161089,-0.08050379,0.4882311,-20.0,1.0,150127
9058,63.447191223624,0.7740657925605774,38.70328962802887,-0.7983197,-0.025736213,0.30657274,-0.8988898,-60.0,1.0,141070
60526,63.44149252862772,0.7739546895027161,38.6977344751358,-0.47993594,0.30095285,-0.36978024,0.8679109,-56.71357870101929,1.0,160000
41380,63.4383802498063,0.7738940119743347,38.694700598716736,-0.7974465,-0.21486479,-1.0,-0.24521989,-47.99852132797241,1.0,160000
9152,63.433149284028005,0.773792028427124,38.6896014213562,-1.0,-0.74312294,0.55334455,-0.8912846,-40.60746066272259,1.0,160000
49359,63.41656355293772,0.7734686732292175,38.67343366146088,-1.0,-0.13693595,0.5651134,-0.63116807,-31.688262224197388,1.0,160000
40785,63.40898450354646,0.7733209133148193,38.66604566574097,-0.24163866,-0.13097143,-0.055436313,-0.78723216,-39.14618194103241,1.0,137224
56585,63.38300022439236,0.7728143334388733,38.64071667194367,-1.0,0.0055264235,-0.65988004,0.79419845,-35.083010494709015,1.0,160000
60609,63.38114746376321,0.7727782130241394,38.63891065120697,-1.0,-1.0,-1.0,0.7768733,-60.0,1.0,137725
39032,63.368710063566375,0.7725357413291931,38.626787066459656,-0.20960915,-0.6860044,-1.0,-0.35084695,-20.0,1.0,160000
28466,63.363240389080765,0.7724291086196899,38.6214554309845,-1.0,0.38065428,-0.2581903,-0.35077518,-20.0,1.0,132946
36546,63.35144796286973,0.7721992135047913,38.60996067523956,-1.0,-1.0,-1.0,-0.79851305,-20.0,1.0,160000
19337,63.32480231764056,0.7716797590255737,38.58398795127869,-1.0,-0.43666494,-1.0,0.08089421,-29.363877773284912,1.0,160000
51384,63.31540667687807,0.771496593952179,38.57482969760895,-0.9774611,-1.0,-0.67439055,-0.109265566,-44.4758665561676,1.0,160000
33355,63.30229610184188,0.7712410092353821,38.562050461769104,-1.0,-1.0,0.09391379,-0.7051511,-53.42868328094482,1.0,160000
40778,63.29922635245665,0.7711811661720276,38.55905830860138,-1.0,-0.21170688,-0.45098916,1.0,-48.7349659204483,1.0,131166
22364,63.29425787082042,0.7710843086242676,38.55421543121338,-1.0,-1.0,0.2796358,-0.43155792,-48.3568000793457,1.0,160000
10302,63.28728056720167,0.7709482908248901,38.54741454124451,0.12130308,-1.0,1.0,-0.7687484,-32.58495092391968,1.0,160000
41508,63.28668434568566,0.7709366679191589,38.54683339595795,-0.6626262,-0.52114147,0.52043134,0.95960855,-31.181533336639404,1.0,160000
54146,63.2468470604842,0.7701600790023804,38.50800395011902,-1.0,-1.0,-1.0,-0.7890957,-53.29776763916016,1.0,123323
12322,63.23548182779722,0.7699385285377502,38.49692642688751,-0.8816445,-1.0,1.0,-0.6835104,-60.0,1.0,160000
33485,63.20377982091294,0.769320547580719,38.46602737903595,-1.0,0.21346557,-1.0,1.0,-32.04232156276703,1.0,142038
26915,63.18962562053987,0.7690446376800537,38.452231884002686,-1.0,-1.0,-0.8632912,-0.88574475,-43.7442672252655,1.0,160000
22492,63.18580956004718,0.768970251083374,38.4485125541687,0.24637234,-1.0,-0.0077477694,0.21004212,-47.800410985946655,1.0,160000
10761,63.18227786110931,0.7689014077186584,38.44507038593292,-0.8581952,-0.81356657,0.46654415,0.31409967,-44.49179172515869,1.0,160000
28462,63.16515435863491,0.7685676217079163,38.42838108539581,-1.0,-0.99063635,-1.0,-0.8416018,-23.69234800338745,1.0,160000
59037,63.163521500515486,0.7685357928276062,38.42678964138031,-1.0,-0.1727292,-0.83631283,0.5768417,-27.65159845352173,1.0,139498
40160,63.13020042358155,0.7678862810134888,38.39431405067444,-0.058429003,-1.0,-0.66363955,-0.98906064,-20.0,1.0,160000
19126,63.11994434754884,0.7676863670349121,38.384318351745605,-1.0,-1.0,-0.43276593,-0.20034736,-20.0,1.74253112077713,160000
17811,63.114492148337874,0.7675800919532776,38.37900459766388,-1.0,-1.0,-0.6608182,0.10769001,-23.72525453567505,1.0295168161392212,112628
44712,63.09027962651855,0.767108142375946,38.3554071187973,-0.44461983,-1.0,-0.70261735,-0.22380894,-29.696179628372192,1.0,160000
13887,63.085649909514046,0.7670179009437561,38.350895047187805,-1.0,-1.0,-0.900249,-0.9913051,-60.0,1.0,160000
46561,63.06114031172952,0.7665401697158813,38.32700848579407,-1.0,-1.0,0.9030652,-0.2823949,-33.29011142253876,1.0513190031051636,160000
1271,63.05158712065693,0.766353964805603,38.31769824028015,-1.0,-1.0,-0.84844244,-0.5713349,-45.87262034416199,1.0,160000
42348,63.04169137136756,0.7661610841751099,38.30805420875549,-1.0,-1.0,-1.0,-0.27864432,-20.0,1.0,160000
40771,63.04105530126062,0.7661486864089966,38.30743432044983,-1.0,-1.0,0.22251123,0.789536,-55.27912139892578,1.0,160000
16505,63.03546215428494,0.7660396695137024,38.30198347568512,-1.0,-0.21166164,0.23469245,-0.3352474,-20.0,1.554940104484558,160000
38535,63.02210151509312,0.7657792568206787,38.288962841033936,0.04026115,0.40620857,-0.16741526,0.4033109,-36.90755367279053,1.0,128572
5721,63.02112904931506,0.7657603025436401,38.28801512718201,-1.0,-0.5446453,-1.0,-0.53161234,-60.0,1.0,160000
44566,63.016300350103634,0.7656661868095398,38.28330934047699,-1.0,-1.0,-0.39461926,-0.42850578,-24.80390310287476,1.0,146105
25797,62.97701882487412,0.7649005651473999,38.24502825737,-1.0,-0.14246577,0.75414854,-0.61864007,-28.96664023399353,1.0,160000
1562,62.976034098026034,0.7648813724517822,38.24406862258911,-1.0,-1.0,-1.0,-0.87649345,-46.8210369348526,1.0,141494
37875,62.95945572942492,0.7645582556724548,38.22791278362274,-1.0,-1.0,0.18753284,1.0,-21.537773609161377,1.0,160000
18789,62.956608550202446,0.764502763748169,38.22513818740845,-1.0,-1.0,-1.0,-0.95462286,-27.00770378112793,1.0,153002
14349,62.94335732343339,0.7642444968223572,38.21222484111786,-1.0,-0.9899602,-1.0,0.04461158,-60.0,1.0,160000
20388,62.92893161393864,0.7639633417129517,38.19816708564758,-0.24271864,-1.0,-1.0,-0.4780488,-29.52749371528625,1.0,160000
34018,62.92786734168857,0.7639425992965698,38.19712996482849,-1.0,-0.36091852,-0.19879514,0.033712715,-26.327404975891117,1.0,155718
3347,62.90563672774013,0.7635093331336975,38.17546665668488,-1.0,-0.20673585,0.11785227,-0.9532001,-20.0,1.0,160000
39082,62.86434607810754,0.762704610824585,38.13523054122925,0.052746892,-0.48094052,-0.08798981,-0.94366145,-23.62244844436645,1.0,160000
24041,62.84806928634703,0.7623873949050903,38.11936974525452,-0.48090386,-1.0,-1.0,-0.5834348,-20.0,1.0,160000
15313,62.82991749269768,0.7620336413383484,38.10168206691742,-1.0,-0.27525377,1.0,-0.18292853,-60.0,1.0,130007
5984,62.816368498689954,0.7617695927619934,38.08847963809967,-1.0,-0.5334098,-0.325447,0.011239812,-60.0,1.0,160000
22874,62.81379020022109,0.7617193460464478,38.08596730232239,-0.42642677,-1.0,0.9547121,-0.73217046,-26.49770736694336,1.0,160000
4669,62.786856966884216,0.7611944675445557,38.05972337722778,-1.0,-1.0,-1.0,-0.4320737,-52.08285570144653,1.0,160000
42078,62.77210557480965,0.760906994342804,38.0453497171402,-1.0,-1.0,-1.0,0.18578592,-60.0,1.0,160000
3349,62.76751466045325,0.7608175277709961,38.040876388549805,-0.32633525,-1.0,-0.006515205,-0.80771786,-43.672071397304535,1.0,140587
21937,62.761911340514814,0.7607083320617676,38.03541660308838,-0.046851397,-0.94026643,-1.0,-0.080516934,-60.0,1.0,160000
35611,62.75751614555388,0.7606226801872253,38.03113400936127,-1.0,-1.0,-1.0,-0.39664772,-43.20385456085205,1.0,160000
18362,62.73408712610263,0.7601661086082458,38.00830543041229,-1.0,-0.3815875,-0.62060267,-0.5631118,-49.17516827583313,1.0,160000
42574,62.67498383266107,0.759014368057251,37.95071840286255,-1.0,-0.35601312,-1.0,-0.44373536,-20.0,1.0,160000
52215,62.669652402441145,0.7589104771614075,37.94552385807037,-0.8213143,-1.0,-1.0,-0.1058048,-20.0,1.0,160000
14524,62.66612257545008,0.7588416934013367,37.94208467006683,-1.0,-1.0,-1.0,-0.8795792,-55.24443507194519,1.0,160000
12953,62.65815749371383,0.7586864829063416,37.93432414531708,-1.0,-1.0,0.861767,-0.81019676,-38.37950333952904,1.0,160000
37242,62.65181965684183,0.7585629820823669,37.92814910411835,-1.0,-1.0,-1.0,-0.09862712,-54.10565137863159,1.0,101526
42754,62.62552285641839,0.7580505609512329,37.902528047561646,-1.0,-1.0,-1.0,0.3184167,-24.13255333900452,1.0,160000
50581,62.60102118067029,0.757573127746582,37.8786563873291,-1.0,-1.0,-1.0,-0.06402266,-33.42365682125092,1.0,102408
9436,62.59261832977491,0.757409393787384,37.8704696893692,-1.0,-1.0,-1.0,-0.96943223,-60.0,1.0,160000
56527,62.590630025493255,0.75737065076828,37.868532538414,-1.0,-1.0,-1.0,-0.3920533,-53.6049234867096,1.0,87250
431,62.53845904416052,0.7563540935516357,37.81770467758179,-1.0,-1.0,-0.4623248,-0.74072206,-60.0,1.0,79029
27672,62.52592917465546,0.7561099529266357,37.80549764633179,-0.9043548,-0.120214105,-0.8555244,-0.01473248,-34.40648078918457,1.0,86394
13696,62.52239595286508,0.7560411095619202,37.80205547809601,-0.9370915,-1.0,-0.6758526,-0.9406779,-20.0,1.0,160000
40340,62.48717340778448,0.7553548216819763,37.767741084098816,-1.0,-0.4115075,-1.0,0.97744524,-24.13503885269165,1.0,160000
2890,62.471002697722696,0.7550397515296936,37.75198757648468,-0.26188964,-1.0,1.0,-0.45600915,-20.0,1.0,160000
16651,62.46524226084203,0.7549275159835815,37.74637579917908,-0.105644464,-0.50314367,-1.0,0.82069916,-22.840747833251957,1.0,160000
7292,62.45479816224653,0.7547240257263184,37.73620128631592,-1.0,-0.11067772,-0.3273899,-0.7449107,-60.0,1.5437207221984863,154181
43850,62.442108515220816,0.75447678565979,37.7238392829895,-1.0,-0.952641,-0.49269444,-0.9648537,-28.888015747070312,1.0,160000
23835,62.438159039524606,0.754399836063385,37.71999180316925,-1.0,-1.0,0.6708274,0.22164097,-46.41086459159851,1.0,157596
18090,62.437339162553215,0.7543838620185852,37.71919310092926,-0.27047944,-1.0,-0.28438503,0.10249618,-41.26602202653885,1.0,74552
17090,62.4364825741937,0.7543671727180481,37.718358635902405,-0.9252521,-1.0,0.55176705,-0.010467105,-21.640193462371823,1.0,160000
4668,62.42201839396671,0.75408536195755,37.7042680978775,-1.0,-1.0,-0.47585648,-0.3844409,-38.31942394375801,1.0,160000
4923,62.41927422218793,0.7540318965911865,37.701594829559326,-1.0,-0.28289258,-0.011663139,-0.19717896,-51.58146619796753,1.0,160000
33483,62.413926590942594,0.7539277076721191,37.69638538360596,-1.0,-0.60230553,-0.21083412,-0.17630026,-24.16518449783325,1.0,140129
51018,62.39339248842846,0.7535276412963867,37.676382064819336,-1.0,-0.6711006,-1.0,-0.29564226,-52.75897860527039,1.0,160000
28219,62.3927714436912,0.7535155415534973,37.67577707767487,-0.8598655,-0.49508533,-0.52836156,0.31849867,-33.247944712638855,1.0,160000
56644,62.37306002277397,0.7531315088272095,37.65657544136048,-0.44712913,-1.0,0.73821807,-0.3080483,-41.89841330051422,1.0,160000
55037,62.36435913593063,0.7529619932174683,37.64809966087341,-0.54473805,-1.0,-0.6706563,0.5021086,-21.203360557556152,1.0,159574
30497,62.3592744169919,0.7528629302978516,37.64314651489258,-1.0,-1.0,-0.9851323,-0.19494241,-33.19293737411499,1.0,160000
17656,62.35042965705388,0.7526906132698059,37.634530663490295,-1.0,-1.0,0.81737095,-0.40635607,-20.0,1.0,160000
29843,62.33529156511308,0.7523956894874573,37.619784474372864,-0.41744858,-1.0,-1.0,-0.6306902,-32.4368542432785,1.0,160000
35340,62.333703708653736,0.7523647546768188,37.61823773384094,-0.097694755,-1.0,-0.69353557,-0.21692833,-30.59859037399292,1.0,152842
12330,62.31374980760624,0.7519760131835938,37.59880065917969,-1.0,-1.0,-1.0,-0.29767781,-27.98085331916809,1.0,150811
10976,62.308713868246095,0.7518779039382935,37.59389519691467,-1.0,-0.6929214,-1.0,0.33862567,-54.64907765388489,1.0,123001
29698,62.29302463572184,0.7515722513198853,37.57861256599426,-0.58967686,-1.0,-0.46122587,-0.84286255,-20.0,1.0,152339
56426,62.250600465019474,0.7507457733154297,37.53728866577149,-0.7201577,-1.0,-1.0,-0.33880275,-35.332238376140594,1.0,160000
9922,62.249752948333565,0.7507292628288269,37.53646314144135,-1.0,-0.5588492,-1.0,0.39311612,-27.20650553703308,1.0,160000
45696,62.22309417107234,0.7502099275588989,37.51049637794495,-1.0,-1.0,-0.91925645,-0.096940756,-54.78249907493591,1.0,160000
52880,62.20484916991733,0.7498545050621033,37.49272525310517,-1.0,-1.0,-1.0,0.50200677,-41.7215895652771,1.0,136896
31981,62.18206937547973,0.7494107484817505,37.47053742408752,-1.0,-1.0,-1.0,1.0,-20.0,1.0,160000
57790,62.18206325594454,0.7494106292724609,37.47053146362305,-1.0,-1.0,-1.0,1.0,-41.52734160423279,1.0,160000
24047,62.176873880997135,0.7493095397949219,37.465476989746094,-1.0,-1.0,-1.0,0.3163504,-37.18452453613281,1.0,147840
24909,62.17140604701808,0.7492030262947083,37.46015131473541,-0.36360568,-1.0,-1.0,0.4404409,-60.0,1.0,134323
16844,62.14388910273497,0.7486670017242432,37.43335008621216,-1.0,0.40319383,-0.853901,0.67137593,-60.0,1.0,149625
18164,62.13656687167181,0.7485243678092957,37.42621839046478,-0.69746345,-1.0,-0.9610073,-0.8202752,-36.55052661895752,1.0,160000
59647,62.1334886475222,0.7484644055366516,37.42322027683258,-0.8127726,-1.0,0.7610301,-0.6506445,-21.773462295532227,1.0,160000
6345,62.10064059730757,0.7478245496749878,37.39122748374939,-1.0,0.29670334,-1.0,-0.44634306,-41.05666056275368,1.0,160000
7684,62.098991290725536,0.7477924227714539,37.38962113857269,-1.0,-1.0,0.638421,-0.19562052,-60.0,1.0,107538
48670,62.05045984716451,0.7468470931053162,37.34235465526581,-0.35251427,-0.9692044,0.022015572,1.0,-20.0,1.0,134485
43939,62.04514760707946,0.7467436194419861,37.3371809720993,-0.30940378,-0.1790539,-0.22614461,-0.740492,-21.142772436141968,1.0,146638
51358,62.02769602881383,0.746403694152832,37.3201847076416,-1.0,-0.9774429,-0.46684384,-0.059408426,-46.73322796821594,1.0,160000
5610,62.023769930644605,0.7463272213935852,37.31636106967926,-1.0,-0.80406815,-0.95263004,-0.055344686,-39.8513113707304,1.0,145941
55429,61.96069999192146,0.7450987696647644,37.25493848323822,-1.0,-0.57716614,-1.0,-0.80325955,-20.0,1.0,160000
10409,61.95434694507681,0.7449750304222107,37.248751521110535,-1.0,-0.52342063,-1.0,0.59356,-23.849246501922607,1.0,160000
17202,61.95234860623782,0.7449361085891724,37.24680542945862,-1.0,-1.0,-0.8393209,-0.9603946,-54.38041925430298,1.0,160000
54503,61.95116123056586,0.7449129819869995,37.245649099349976,-0.988125,-1.0,-0.12622964,-0.6155334,-36.64860427379608,1.0,160000
25117,61.93754000408593,0.7446476817131042,37.23238408565521,0.04855776,-0.85002255,-1.0,-0.1726715,-20.0,1.0,160000
52231,61.90951066434076,0.7441017627716064,37.20508813858032,-1.0,-0.97237164,-1.0,0.28164667,-57.88884401321411,1.0,160000
38538,61.9091342430808,0.7440944314002991,37.20472157001496,-1.0,-1.0,-0.6966425,1.0,-37.90062069892883,1.0,160000
36373,61.90370825754758,0.7439887523651123,37.199437618255615,-1.0,0.0395602,-1.0,-0.8588402,-20.0,1.0,160000
15571,61.89552792649654,0.7438294291496277,37.19147145748138,-1.0,-1.0,-1.0,0.43400818,-36.74421668052673,1.0,106150
63,61.88968567919412,0.7437156438827515,37.18578219413757,-0.08888143,-1.0,0.46407443,0.069999516,-60.0,1.0,160000
18106,61.87299734985386,0.7433906197547913,37.16953098773956,-1.0,-0.69219464,-1.0,-0.8655244,-38.22994336485863,1.0,160000
14987,61.86643275200862,0.743262767791748,37.1631383895874,0.056515932,-0.26090592,-0.5785337,-0.6826627,-27.286332845687863,1.0,160000
25584,61.86084440437391,0.7431539297103882,37.15769648551941,-0.6152912,-0.8699466,-0.39845473,-0.1467439,-52.79494285583496,1.0,160000
14215,61.85944272345385,0.743126630783081,37.15633153915405,-1.0,-1.0,-1.0,-0.9312655,-43.01543205976486,1.0,124524
19649,61.83461316059461,0.7426430583000183,37.13215291500092,-1.0,-1.0,-1.0,-0.7759822,-47.470359206199646,1.0,160000
31344,61.81890968931887,0.7423372268676758,37.11686134338379,-0.5496081,-1.0,1.0,-0.9791512,-40.94951570034027,1.0,160000
38407,61.80993007987568,0.7421623468399048,37.10811734199524,-1.0,-1.0,-1.0,-0.5217992,-60.0,1.0,160000
23864,61.80129319795798,0.7419941425323486,37.09970712661743,0.036310792,-1.0,-1.0,-0.3996581,-60.0,1.0,113941
30598,61.79211760233064,0.741815447807312,37.0907723903656,-1.0,-0.12290585,-0.918719,-0.73053354,-27.15252161026001,1.0,160000
33519,61.78503233785291,0.741677463054657,37.08387315273285,-1.0,-1.0,-1.0,-0.6607449,-32.99193263053894,1.0,160000
57788,61.78105049584327,0.7415999174118042,37.07999587059021,-0.4837941,-0.47604397,-1.0,0.95580727,-37.47672975063324,1.0,160000
979,61.77641061080693,0.7415095567703247,37.07547783851624,-0.29945737,-1.0,-0.39435458,0.25069556,-49.36090886592865,1.0,160000
11676,61.76544132485505,0.7412959337234497,37.064796686172485,-1.0,-1.0,-1.0,1.0,-59.35264348983765,1.0,111552
23245,61.760835056975466,0.7412062287330627,37.06031143665314,-1.0,-1.0,-1.0,-0.9395262,-38.072932213544846,1.0,160000
52879,61.752507009892405,0.7410440444946289,37.052202224731445,-0.38062847,-1.0,-0.77607,1.0,-31.9306480884552,1.0,160000
24266,61.74700698340765,0.7409369349479675,37.04684674739838,-1.0,-1.0,-0.6482925,-0.35689113,-58.318376541137695,1.0,160000
36990,61.73712402297885,0.7407444715499878,37.03722357749939,-1.0,-1.0,0.38520527,0.228749,-20.0,1.0,160000
27073,61.73578343658828,0.7407183647155762,37.03591823577881,-0.5165209,-1.0,-0.79301256,1.0,-20.0,1.0,160000
8765,61.723170233019786,0.7404727339744568,37.02363669872284,-1.0,0.02128756,-0.32861263,0.55416965,-42.20110043883324,1.0,160000
23117,61.706715667604,0.7401522994041443,37.007614970207214,-0.67462593,-1.0,-0.30014634,-0.5239506,-20.0,1.0,160000
53350,61.68675935833059,0.7397636771202087,36.98818385601044,-1.0,-0.93742716,-1.0,-0.93717784,-20.0,1.3081437945365906,160000
44645,61.68595130564054,0.739747941493988,36.9873970746994,-1.0,-0.17546535,-1.0,0.08480883,-20.0,1.0,160000
52872,61.67836354637291,0.7396001815795898,36.98000907897949,-1.0,-1.0,-0.78091097,0.772945,-20.0,1.0,160000
46617,61.67813398465975,0.7395957112312317,36.979785561561584,-1.0,-1.0,-0.95812935,0.33732414,-60.0,1.0,160000
43613,61.65400531438876,0.7391258478164673,36.95629239082336,-1.0,-1.0,-1.0,0.44756004,-33.22393774986267,1.0,160000
23735,61.601240995809725,0.7380983829498291,36.904919147491455,-1.0,-1.0,-1.0,-0.21570942,-39.875573217868805,1.0,106526
46513,61.59249879155246,0.7379281520843506,36.89640760421753,-0.89066815,-1.0,-0.8476041,-0.592378,-55.55508375167847,1.0,160000
14727,61.57747836044968,0.7376356720924377,36.88178360462189,-0.4522512,0.37142813,-1.0,0.599561,-25.4400646686554,1.0,160000
36549,61.54957673471282,0.7370923757553101,36.8546187877655,-1.0,-1.0,-1.0,-0.83538723,-20.0,1.0064146518707275,160000
56643,61.534105867996345,0.7367911338806152,36.83955669403076,-1.0,-0.79831046,-1.0,-0.010355592,-24.995346069335938,1.0,160000
49637,61.52591426107492,0.7366316318511963,36.83158159255981,-1.0,-0.016259551,-0.2551254,0.38171244,-51.8780255317688,1.0,160000
16791,61.52498367197209,0.7366135120391846,36.83067560195923,-1.0,-0.52019405,0.20119894,-0.6439031,-20.0,1.0,160000
20554,61.52084499205305,0.7365329265594482,36.82664632797241,-0.0012090206,-1.0,0.3183998,-0.5798346,-40.99426418542862,1.0,160000
27074,61.51425124206752,0.736404538154602,36.8202269077301,-1.0,-1.0,-0.6654849,-0.2547577,-60.0,1.0,154625
48350,61.50538912073742,0.7362319827079773,36.81159913539887,-0.23423803,-0.47465426,-1.0,-0.41818154,-21.90581560134888,1.0,144516
47049,61.47461157203476,0.7356327176094055,36.78163588047028,-0.18672967,-1.0,0.094097435,-0.21963233,-60.0,1.0,139097
36590,61.45498571688276,0.7352505922317505,36.76252961158752,-1.0,-0.42652005,0.37345386,-0.45027867,-35.75153291225433,1.0,160000
41120,61.452928522232746,0.7352105379104614,36.76052689552307,-1.0,-1.0,-1.0,-0.14358068,-39.28463518619537,1.0,160000
34793,61.444666039412425,0.7350496649742126,36.75248324871063,-0.49234194,-1.0,0.48478115,-0.6341386,-20.0,1.0,160000
17437,61.43848827920671,0.7349293828010559,36.7464691400528,-0.078663826,-1.0,-0.5413342,-0.85515803,-39.753186106681824,1.0,160000
37462,61.4122493370444,0.734418511390686,36.7209255695343,-0.5004564,-0.77420163,-0.96489835,-0.59041345,-49.33455646038056,1.0,160000
44925,61.36242432213049,0.7334484457969666,36.67242228984833,-0.515596,-1.0,-0.73346895,1.0,-20.0,1.0,160000
25452,61.293713445067866,0.7321107387542725,36.60553693771362,-0.32737845,-1.0,-1.0,-0.60698014,-36.62750065326691,1.0,160000
26571,61.28636241143502,0.7319676280021667,36.59838140010834,-1.0,-1.0,-0.51353127,-0.5122096,-30.29537320137024,1.0,160000
24046,61.261758673769,0.7314886450767517,36.57443225383759,-1.0,-1.0,-1.0,0.61434764,-60.0,1.0,132676
27357,61.25458505431789,0.731348991394043,36.56744956970215,-0.42388397,-0.65835845,-1.0,-0.116040796,-20.0,1.0,143480
42597,61.251051811361705,0.7312802076339722,36.56401038169861,-0.6073323,-1.0,-0.44945773,-0.5772886,-60.0,1.0,106462
35411,61.24452722940748,0.7311531901359558,36.55765950679779,-0.22385234,-1.0,-1.0,-0.6470113,-20.0,1.0,160000
56238,61.23951206800181,0.7310555577278137,36.552777886390686,-1.0,-0.7715181,-0.5483347,0.14147139,-20.0,1.0,137080
17484,61.23312521269891,0.7309312224388123,36.54656112194061,-1.0,-1.0,-0.3286985,-0.49870867,-34.59839582443237,1.0,160000
46416,61.22910509191044,0.7308529615402222,36.54264807701111,-1.0,-1.0,-1.0,0.038692355,-35.67452371120453,1.0,160000
40199,61.220663719470025,0.7306886315345764,36.53443157672882,-1.0,-1.0,0.42550159,-0.9212625,-20.0,1.0,160000
4222,61.19133437927123,0.730117678642273,36.50588393211365,-1.0,-1.0,-1.0,-0.34670106,-53.21178674697876,1.2761474251747131,103678
54228,61.16503267618425,0.7296056747436523,36.48028373718262,-0.41041458,-0.06233418,-1.0,0.81585,-43.75571966171265,1.0,142331
13240,61.160516327238895,0.7295177578926086,36.47588789463043,-0.9614237,-0.8140486,0.05871433,-0.32923743,-20.0,1.0,131725
1827,61.134520246408414,0.7290117144584656,36.45058572292328,-1.0,-0.8690021,-1.0,-0.8011595,-51.04804992675781,1.0,160000
30115,61.12393489621897,0.728805661201477,36.44028306007385,-1.0,-0.8054571,-0.41553143,-0.23018694,-35.4461669921875,1.0,160000
23803,61.122676406978485,0.7287811636924744,36.43905818462372,-1.0,-1.0,-1.0,0.25416374,-35.61281204223633,1.0,107297
28874,61.11978279604479,0.7287248373031616,36.43624186515808,-1.0,-1.0,0.24452746,-0.7347402,-20.0,1.0,102692
12407,61.112593142165935,0.728584885597229,36.42924427986145,-1.0,-0.9573046,-1.0,-0.6979983,-58.78866910934448,1.0,112972
24949,61.10307934839405,0.7283996939659119,36.41998469829559,-1.0,-1.0,-1.0,-0.27348894,-22.45018243789673,1.0,140101
10205,61.09965289702068,0.7283329963684082,36.41664981842041,-1.0,-1.0,-1.0,-0.7711481,-20.0,1.0,120867
57636,61.07756601674403,0.7279030680656433,36.395153403282166,-1.0,-1.0,-1.0,-0.84651834,-55.99670171737671,1.0,117837
12032,61.073931278365166,0.7278323173522949,36.391615867614746,-0.3560754,-0.08411825,-1.0,0.5660855,-20.0,1.0,160000
15060,61.0737046810514,0.7278279066085815,36.39139533042908,-1.0,-0.7326735,-0.33141184,-0.90917146,-20.0,1.0,160000
25063,61.04636268953794,0.7272956967353821,36.364784836769104,-1.0,-1.0,-1.0,0.32684258,-60.0,1.0,160000
40338,61.03591447167739,0.7270923256874084,36.35461628437042,-1.0,-1.0,-1.0,1.0,-20.0,1.0,158654
14538,61.03591447167739,0.7270923256874084,36.35461628437042,-1.0,-1.0,-1.0,1.0,-20.0,1.0,160000
60376,61.01258330648148,0.7266381978988647,36.33190989494324,-1.0,-0.09913826,0.48722374,-0.5878864,-54.48287487030029,1.0,160000
37837,60.98413461879054,0.7260844707489014,36.30422353744507,-0.38651502,-0.1554935,-1.0,0.36452305,-60.0,1.0,160000
1234,60.954595139878535,0.725509524345398,36.2754762172699,-1.0,-0.94143444,-0.7722324,-0.91888154,-40.81326946616173,1.0711166858673096,160000
37839,60.95326606293614,0.7254836559295654,36.27418279647827,-1.0,-0.9869739,-1.0,0.7484196,-20.0,1.0,160000
32367,60.88853173787089,0.7242237329483032,36.21118664741516,-1.0,-1.0,-1.0,-0.33098704,-44.54642295837402,1.0,141690
39269,60.87612229584974,0.7239822149276733,36.19911074638367,-1.0,-0.98516077,-1.0,-0.3030224,-20.0,1.0,105902
55890,60.86227332515436,0.723712682723999,36.18563413619995,0.087157965,-1.0,-0.682315,1.0,-20.0,1.0,81074
28956,60.84277060311773,0.7233331203460693,36.16665601730347,-0.89418364,-1.0,-0.6617502,-0.25940067,-31.980923414230347,1.0,100867
33482,60.84269403724067,0.72333163022995,36.1665815114975,-1.0,-0.28254133,-1.0,-0.08808944,-20.0,1.0,160000
5737,60.79542145389447,0.7224116325378418,36.12058162689209,-0.40720224,-1.0,-1.0,1.0,-20.0,1.0,141481
5738,60.79542145389447,0.7224116325378418,36.12058162689209,-0.2696985,-0.7201195,-1.0,1.0,-20.0,1.0,160000
14499,60.76749510646266,0.7218681573867798,36.09340786933899,-0.3396501,-1.0,-0.8951244,0.017296702,-50.64808011054993,1.0,109380
58594,60.76457012722746,0.7218112349510193,36.09056174755096,-1.0,-1.0,-0.34985846,-0.6821758,-35.031474232673645,1.0,102958
809,60.76133886021414,0.7217483520507812,36.08741760253906,-1.0,-1.0,-0.7137756,-0.40188277,-20.0,1.873879194259644,160000
22388,60.75500800511114,0.7216251492500305,36.081257462501526,-1.0,-1.0,-1.0,-0.21414179,-54.32798147201538,1.0,121624
26609,60.74740297710839,0.7214771509170532,36.07385754585266,-0.73467755,-1.0,0.081153035,0.18278961,-40.61283588409424,1.0,160000
52877,60.7461165807768,0.7214521169662476,36.07260584831238,-0.9098923,-1.0,-0.6927733,0.8825216,-28.62833976745605,1.0,160000
56582,60.74404915557847,0.7214118838310242,36.07059419155121,-0.33573234,-0.20822185,-0.50212044,1.0,-20.10740756988525,1.0,160000
56590,60.74043498257518,0.7213415503501892,36.06707751750946,-0.8606202,-0.05955839,-0.7787963,1.0,-20.0,1.0,153294
3995,60.73400601913357,0.7212164402008057,36.06082201004028,-0.7571395,-1.0,-1.0,0.061089188,-47.22861170768738,1.0,160000
14226,60.7290870301204,0.7211207151412964,36.05603575706482,-1.0,-1.0,-1.0,-0.5744828,-58.370091915130615,1.0,160000
25212,60.72720641571716,0.7210841178894043,36.054205894470215,-0.8032954,-1.0,-0.45216537,-0.32849926,-20.0,1.0,160000
372,60.72511752178061,0.7210434675216675,36.052173376083374,-0.23552787,-1.0,1.0,-0.21305412,-46.88750624656677,1.0,137265
42640,60.717766550101246,0.7209004163742065,36.04502081871033,-1.0,-1.0,1.0,-0.16216207,-36.98135495185852,1.0,160000
15105,60.69003159186753,0.7203606963157654,36.01803481578827,-1.0,-1.0,-0.96532714,0.7453712,-20.0,1.0,123967
24262,60.67982572110195,0.7201620936393738,36.00810468196869,-1.0,-0.42522603,-1.0,-0.17869517,-46.68095827102661,1.0,160000
8777,60.66047356401697,0.7197855114936829,35.98927557468414,-1.0,-1.0,0.9945111,-0.8933462,-20.0,1.7493895292282104,160000
14341,60.65787610266767,0.7197349667549133,35.98674833774567,-1.0,-1.0,-1.0,-0.029077087,-20.0,1.0,160000
21123,60.64958440943733,0.7195736169815063,35.97868084907532,-0.038727283,-1.0,-1.0,-0.14077556,-60.0,1.0,130640
32991,60.64849395767696,0.7195523977279663,35.977619886398315,-0.3760003,-1.0,-0.9471412,-0.86799085,-29.88988876342773,1.0,160000
23404,60.63270375112442,0.7192451357841492,35.96225678920746,-1.0,-1.0,-1.0,-0.44457236,-36.568546295166016,1.0,160000
14357,60.62860531269237,0.7191653847694397,35.958269238471985,-0.39959592,-0.08633089,-0.8037653,-0.70438045,-33.14444661140442,1.0,160000
40296,60.6171951708092,0.7189433574676514,35.94716787338257,0.14156461,-1.0,-1.0,0.18996227,-55.621981620788574,1.0,160000
51354,60.61558702234011,0.7189120650291443,35.945603251457214,-0.78632057,-1.0,-1.0,0.078520775,-41.782755851745605,1.0,160000
36658,60.596920108860985,0.7185488343238831,35.92744171619415,-1.0,-1.0,-0.5121941,0.5638307,-31.21972620487213,1.0,160000
40546,60.59209252287186,0.718454897403717,35.92274487018585,-1.0,-1.0,0.48954892,-0.8379837,-45.59280216693878,1.0,88333
28468,60.58180015048449,0.7182546257972717,35.912731289863586,-0.43347198,-1.0,-1.0,0.34814167,-52.48282432556152,1.0,160000
38742,60.57702764905038,0.7181617617607117,35.90808808803558,-1.0,-1.0,-1.0,1.0,-58.09294939041138,1.0,94914
52891,60.57255532829434,0.7180747389793396,35.90373694896698,-0.926003,-1.0,0.869619,-0.17279965,-47.11031913757324,1.0,160000
27079,60.53063732812819,0.7172591090202332,35.86295545101166,-1.0,-1.0,0.015252948,0.3164613,-27.84888744354248,1.0,152757
19386,60.52008104224029,0.7170537114143372,35.85268557071686,-1.0,0.15163147,-1.0,-0.7503898,-20.0,1.3331026434898376,133521
48065,60.51843295537975,0.717021644115448,35.8510822057724,-1.0,-0.8672545,-0.6562102,-0.80957854,-20.0,1.0,160000
35726,60.51649691026752,0.71698397397995,35.8491986989975,-1.0,-0.20068556,-1.0,0.4302524,-46.95125997066498,1.0,160000
3043,60.50250951497304,0.7167118191719055,35.83559095859528,-1.0,-1.0,-0.5051532,-0.96017957,-20.0,4.218323588371277,160000
32091,60.49193462983022,0.7165060639381409,35.82530319690704,-1.0,-1.0,-1.0,0.27134562,-54.102712869644165,1.0,160000
59788,60.45152751559974,0.7157198786735535,35.78599393367767,-0.5859373,-0.5545475,-1.0,-0.02999419,-39.65466618537903,1.0,151535
19517,60.44187129279689,0.7155320048332214,35.77660024166107,-0.80843776,-0.8028085,-0.1195693,0.5597281,-40.25437504053116,1.0,160000
12567,60.41047583796134,0.7149211764335632,35.74605882167816,-1.0,-0.1730988,-1.0,-0.8846092,-20.0,1.0,160000
60231,60.40758072853942,0.7148648500442505,35.743242502212524,-1.0,-1.0,-0.0063663125,-0.40884936,-26.43566131591797,1.0,119114
39106,60.3967324379045,0.7146537899971008,35.73268949985504,-1.0,-1.0,-0.43865192,-0.23289803,-24.44197654724121,1.0,134029
52875,60.37884375006465,0.7143057584762573,35.715287923812866,-1.0,-0.05874461,-0.56919664,0.8478425,-20.0,1.0,123469
7745,60.373917349411165,0.7142099142074585,35.710495710372925,-0.9656097,0.22599125,-1.0,-0.7697588,-60.0,1.0,160000
37835,60.365259340444496,0.7140414714813232,35.70207357406616,-0.0811671,-1.0,-1.0,1.0,-50.37726402282715,1.0,147195
4039,60.36222320310347,0.7139824032783508,35.69912016391754,-0.9828249,-1.0,-1.0,-0.68219393,-20.0,2.75098180770874,160000
7267,60.35915029426441,0.7139226198196411,35.696130990982056,-0.9911389,-0.6336462,0.28107917,-0.83327335,-20.0,1.0,149161
12168,60.33485782980857,0.713450014591217,35.67250072956085,-1.0,-0.7581246,-1.0,-0.34397858,-60.0,1.0,160000
46692,60.3137758185057,0.7130398750305176,35.65199375152588,-1.0,-1.0,0.1103273,0.24219131,-60.0,1.0,160000
14023,60.30440354653589,0.7128575444221497,35.64287722110748,-1.0,-0.99053574,-1.0,0.9310216,-20.0,1.0,123909
50046,60.27693895066845,0.7123232483863831,35.61616241931915,-1.0,-1.0,0.119983315,-0.43313378,-58.17245841026306,1.0,160000
2668,60.271917195005045,0.7122255563735962,35.61127781867981,-1.0,-1.0,-0.013024986,0.08226046,-51.66482329368591,1.0,160000
43793,60.26033246297508,0.7120001912117004,35.60000956058502,-1.0,-1.0,-0.7389693,-0.9691532,-27.27553009986877,5.399939775466919,160000
41152,60.241124443950426,0.7116265296936035,35.581326484680176,-0.6388282,-1.0,-0.08850837,1.0,-20.0,1.0,160000
27184,60.24100801230402,0.711624264717102,35.5812132358551,-1.0,-1.0,-0.81993634,-0.35260582,-31.88580274581909,1.125952064990997,160000
3630,60.21013488439041,0.7110236883163452,35.55118441581726,-1.0,-1.0,-0.5543343,-0.85319036,-20.0,1.0,156703
18760,60.172035799144055,0.710282564163208,35.5141282081604,-0.38258284,-1.0,-1.0,-0.61034197,-20.0,1.0,160000
25704,60.152130938310336,0.7098953723907471,35.49476861953735,-1.0,-0.92884773,-0.115873456,-0.50252616,-31.967249512672424,1.0,160000
36759,60.14139089217047,0.7096864581108093,35.484322905540466,-0.28644586,-1.0,-0.9404028,-0.9127388,-34.980818033218384,1.0,160000
28324,60.13122990141336,0.7094888091087341,35.47444045543671,-1.0,-1.0,-0.5297831,-0.8556633,-35.24618446826935,1.0,122199
60241,60.12901445193083,0.7094457149505615,35.47228574752808,-1.0,-0.53371733,-1.0,-0.20351762,-60.0,1.0,160000
56587,60.10145431949021,0.7089096307754517,35.44548153877258,-1.0,-1.0,-0.7278784,0.50100714,-27.30633020401001,1.0,140249
49251,60.05660429762144,0.708037257194519,35.40186285972595,-1.0,-0.78311706,-0.9570389,-0.32900763,-45.02372205257416,1.0,160000
20390,60.02932459292879,0.7075066566467285,35.375332832336426,-0.8405374,-1.0,-1.0,-0.25772572,-60.0,1.0,160000
39480,60.00951872143203,0.7071214318275452,35.35607159137726,-0.6354052,-1.0,-1.0,-0.70366025,-20.0,1.0,102900
60582,59.970365780102114,0.7063599228858948,35.31799614429474,-1.0,-1.0,-0.1364525,-0.2854498,-60.0,1.0,160000
51675,59.96444799514021,0.7062448263168335,35.312241315841675,-1.0,-0.19397807,-1.0,0.7165216,-46.14538490772247,1.0,160000
33541,59.95937296005661,0.7061461210250854,35.30730605125427,0.13921392,-1.0,-0.35015514,-0.24039796,-36.99126839637756,1.0,127311
10099,59.95695802104294,0.7060991525650024,35.30495762825012,-1.0,-1.0,0.6877449,-0.12676272,-31.905709505081177,1.0,160000
40854,59.929333010326594,0.7055618762969971,35.27809381484985,-0.5663036,-1.0,-1.0,-0.8750738,-20.0,1.0,160000
30783,59.91734074346871,0.705328643321991,35.26643216609955,-1.0,-0.6094418,-0.7291707,-0.87125033,-46.95533037185669,1.0,126040
60247,59.89898589683224,0.7049716711044312,35.24858355522156,-1.0,-1.0,-0.49056596,-0.27754015,-60.0,1.0,160000
20769,59.897643521967126,0.7049455642700195,35.24727821350098,-1.0,-1.0,-1.0,0.399371,-23.40522527694702,1.0,150340
32212,59.82630259706467,0.7035581469535828,35.17790734767914,-1.0,-1.0,-1.0,-0.68749434,-20.0,1.0,160000
52113,59.814015150416616,0.7033191919326782,35.16595959663391,-1.0,-1.0,-0.5442721,0.02756071,-33.40849161148071,1.0,160000
6437,59.78635341432705,0.7027812600135803,35.139063000679016,-0.8478266,-1.0,-1.0,-0.14855078,-45.89292347431183,1.0,140251
26926,59.78595495844856,0.7027735114097595,35.138675570487976,-0.6358544,-0.6681991,-1.0,0.6397424,-20.0,1.0,160000
24930,59.75222062967747,0.7021175026893616,35.10587513446808,-0.5897564,-0.24741495,-1.0,-0.036402076,-30.006403923034668,1.0,160000
46553,59.71292820063137,0.7013534307479858,35.06767153739929,-1.0,-1.0,0.65370697,0.33154288,-32.96766996383667,1.0,160000
26648,59.68817939970262,0.7008721828460693,35.04360914230347,-1.0,-1.0,-1.0,-0.3387335,-60.0,1.0,160000
55041,59.68387881067994,0.7007885575294495,35.03942787647247,-0.9174839,-1.0,1.0,-0.7903971,-21.19961619377136,1.0,160000
38480,59.66476661232166,0.7004169225692749,35.020846128463745,-1.0,-1.0,-1.0,0.066183,-23.85066390037537,1.0,135233
10073,59.56535411135635,0.698483943939209,34.92419719696045,-1.0,-1.0,-0.50514704,-0.599754,-60.0,1.0,160000
52115,59.54857002533299,0.6981576085090637,34.907880425453186,-0.917339,-0.7750013,-0.71780026,0.075187266,-48.15662324428558,1.0,127108
6686,59.54656818277687,0.6981186866760254,34.90593433380127,-1.0,-1.0,-0.739881,0.7397946,-28.404343128204346,1.0,96417
46054,59.52584755013821,0.6977158188819885,34.885790944099426,-1.0,-1.0,-0.04788935,-0.87850964,-31.709489226341248,1.0,83324
17504,59.52435457261244,0.6976867914199829,34.884339570999146,-0.39966536,-1.0,-1.0,-0.4699831,-45.62554478645325,1.0,160000
51910,59.50746571858584,0.6973584294319153,34.867921471595764,-1.0,-1.0,-1.0,-0.84641,-44.75924372673035,1.0,160000
49611,59.499405956797645,0.6972017288208008,34.86008644104004,-1.0,-1.0,-1.0,0.47917494,-60.0,1.0,147808
56037,59.49739177489052,0.6971625685691833,34.85812842845917,-1.0,-0.839038,-1.0,0.090106726,-24.66883659362793,1.0,160000
46414,59.4596459738179,0.6964287161827087,34.82143580913544,-0.9266638,-0.7397833,-1.0,-0.15692401,-22.3360276222229,1.0,81937
44682,59.44635251645805,0.6961702704429626,34.80851352214813,-1.0,-1.0,-0.881942,-0.42837977,-23.27592372894287,1.0,160000
40643,59.42070642336069,0.6956716775894165,34.783583879470825,-1.0,-1.0,-1.0,0.26638913,-22.102980613708496,1.0,153077
36745,59.40977027028184,0.6954590678215027,34.772953391075134,-0.43066847,-1.0,-0.6736518,-0.8517165,-42.19451427459717,1.0,160000
56424,59.40947287428975,0.6954532861709595,34.772664308547974,-0.808491,0.36417556,-1.0,-0.8086832,-51.779611110687256,1.0,160000
53952,59.40766090340125,0.6954180598258972,34.77090299129486,-0.67418534,-1.0,-0.7759155,0.38864598,-21.661980152130127,1.0,160000
24777,59.405714028267205,0.6953802108764648,34.76901054382324,-0.27848643,-1.0,-0.51409036,0.10859771,-60.0,1.0,150395
51187,59.405707896372334,0.6953800916671753,34.769004583358765,-1.0,-0.45081228,-1.0,0.22206104,-42.07084655761719,1.0,160000
803,59.39986725316574,0.6952665448188782,34.76332724094391,-1.0,-1.0,-0.1880601,-0.90040886,-20.0,1.0,160000
26662,59.39828215011964,0.6952357292175293,34.761786460876465,-1.0,-1.0,-1.0,0.22557834,-54.75787878036499,1.0,160000
48482,59.38818588672932,0.6950394511222839,34.7519725561142,-0.19049168,-1.0,0.17505157,-0.8504211,-33.88353109359741,1.0,149165
55396,59.348655473055175,0.6942709684371948,34.71354842185974,-1.0,-0.0072080493,-0.64273655,-0.08459741,-22.098735570907596,1.0,160000
39473,59.34599410904229,0.6942192316055298,34.71096158027649,-0.9452339,-1.0,-0.6096735,-0.6903691,-32.94602334499359,1.0,160000
60574,59.34283296553863,0.6941577792167664,34.70788896083832,-1.0,-0.49474764,-0.8229153,1.0,-20.0,1.0,160000
40948,59.311567576893,0.6935499906539917,34.677499532699585,-1.0,-1.0,-1.0,-0.8514116,-20.0,1.0,160000
41770,59.29590546565436,0.693245530128479,34.66227650642395,0.13391149,0.09742701,-0.51113605,-0.67443347,-32.59033203125,1.0,160000
48508,59.2450206691762,0.6922563910484314,34.61281955242157,-1.0,0.12585533,-1.0,-0.4785825,-60.0,1.0,120498
16650,59.232488499300544,0.6920127868652344,34.60063934326172,-0.16854835,-1.0,-1.0,-0.5035391,-30.871090292930603,1.0,160000
37853,59.21819609363338,0.6917349696159363,34.586748480796814,-1.0,-0.9082149,-1.0,0.8175846,-25.841398239135746,1.0,160000
33107,59.18912629616604,0.6911699175834656,34.55849587917328,-1.0,-1.0,0.05239612,-0.7446623,-52.08963394165039,1.0,160000
38451,59.17077947561499,0.6908133029937744,34.54066514968872,-1.0,-1.0,-0.2024217,-0.8282287,-54.98452186584473,1.0,160000
16503,59.157323540136986,0.6905517578125,34.527587890625,-1.0,-0.97732544,-0.92573935,0.089188874,-20.0,1.0,71307
61350,59.14117806815122,0.6902379393577576,34.51189696788788,-1.0,-1.0,-1.0,1.0,-34.532846212387085,1.0,133917
61346,59.1411719349792,0.690237820148468,34.5118910074234,-1.0,-1.0,-1.0,1.0,-38.484198451042175,1.0,160000
61348,59.1411719349792,0.690237820148468,34.5118910074234,-1.0,-0.600794,-1.0,1.0,-60.0,1.0,160000
35546,59.1411719349792,0.690237820148468,34.5118910074234,-1.0,-0.172544,-1.0,1.0,-60.0,1.0,148208
46489,59.08661925521184,0.6891775131225586,34.45887565612793,-1.0,-1.0,0.21764785,1.0,-20.0,1.0,160000
60024,59.06095668965624,0.6886787414550781,34.433937072753906,-0.805315,-0.80224466,-0.7807898,0.65182686,-21.02315306663513,1.0,160000
25520,59.0216430015284,0.6879146695137024,34.39573347568512,-1.0,0.093931675,-0.058098197,-0.75178546,-20.0,1.0,160000
35948,58.98599924220226,0.6872219443321228,34.36109721660614,-1.0,-0.14558434,-0.43957227,0.7918396,-20.0,1.0,160000
32933,58.9854993268102,0.6872122287750244,34.36061143875122,-0.9768355,-1.0,-1.0,0.13432187,-60.0,1.0,160000
14752,58.97432018499555,0.6869949698448181,34.349748492240906,-0.036477447,-1.0,-0.9368496,-0.56000745,-34.92371439933777,1.0,160000
40298,58.93243968452813,0.6861810684204102,34.30905342102051,-1.0,-1.0,-1.0,0.16545945,-32.98005938529968,1.0,160000
8069,58.89027252754515,0.6853616237640381,34.268081188201904,-0.7853852,-1.0,-0.27446142,0.09480673,-46.4986789226532,1.0,160000
48814,58.888002797173336,0.6853175163269043,34.265875816345215,-0.8396247,-1.0,-0.052693605,1.0,-56.58024072647095,1.0,160000
45737,58.88547848407022,0.6852684617042542,34.26342308521271,-0.6582524,-0.11925262,-0.20223045,0.32966274,-24.576945304870605,1.0,160000
49845,58.875301432238686,0.6850706934928894,34.25353467464447,-1.0,-1.0,-1.0,0.8341922,-20.0,1.0,160000
42459,58.84644759546731,0.6845099925994873,34.225499629974365,-0.9416833,-1.0,-1.0,1.0,-47.9889190196991,1.0,150738
42456,58.84644759546731,0.6845099925994873,34.225499629974365,-0.38108116,-1.0,-1.0,1.0,-20.0,1.0,160000
35654,58.78549560743405,0.6833255887031555,34.166279435157776,-0.8538045,-1.0,-0.778375,0.15592721,-20.0,1.0,132536
35980,58.77675945181143,0.6831558346748352,34.15779173374176,-1.0,-0.851548,-1.0,-0.6701555,-53.42206716537476,1.0,160000
30980,58.75384515468139,0.682710587978363,34.13552939891815,-1.0,-1.0,-0.48163736,0.010066956,-20.2824068069458,1.0,139712
22140,58.73363911570736,0.6823179721832275,34.11589860916138,-1.0,-0.71187323,1.0,1.0,-56.903566122055054,1.0,138836
47936,58.733636048119,0.6823179125785828,34.11589562892914,-1.0,-0.0525769,1.0,1.0,-51.032371520996094,1.0,160000
9904,58.70114065623338,0.681686520576477,34.08432602882385,-1.0,-1.0,-1.0,-0.6381657,-47.20081567764282,1.0,160000
36522,58.6913792939088,0.6814968585968018,34.07484292984009,-1.0,-1.0,-1.0,-0.6070297,-41.86565101146698,1.0,88295
33128,58.68975955062032,0.6814653873443604,34.07326936721802,-1.0,-1.0,0.28126943,-0.70885754,-23.299421072006226,1.0,129705
60641,58.64235657254008,0.680544376373291,34.02721881866455,-1.0,-0.20967644,-0.748894,0.90506047,-20.10510802268982,1.0,152116
54894,58.62468582501384,0.6802010536193848,34.01005268096924,-1.0,-0.17139685,-1.0,1.0,-20.0,1.0,160000
29099,58.62468582501384,0.6802010536193848,34.01005268096924,-0.7015325,-1.0,-1.0,1.0,-20.0,1.0,156846
23079,58.60999682224272,0.6799156665802002,33.99578332901001,-1.0,0.09328842,-1.0,-0.5777507,-43.26687008142471,1.0,160000
23179,58.58439802201504,0.6794183254241943,33.97091627120972,-1.0,0.068870544,-1.0,-0.58395517,-49.15692150592804,1.0,160000
20692,58.55512318594309,0.6788495779037476,33.94247889518738,-1.0,-1.0,-1.0,-0.64773893,-56.215740442276,1.0,135168
31785,58.54904539412928,0.6787315011024475,33.936575055122375,-1.0,0.47831917,-1.0,1.0,-45.778051018714905,1.0,160000
26426,58.52985765889086,0.6783587336540222,33.91793668270111,-0.25931633,-0.2623328,-0.9598524,1.0,-22.27311849594116,1.0,160000
8432,58.52192659923562,0.6782046556472778,33.91023278236389,-0.790673,-0.76513433,-1.0,-0.9448445,-20.0,1.0,160000
3747,58.50354536464325,0.6778475642204285,33.89237821102142,-0.5181935,-0.8312873,-0.20768666,-0.38333192,-20.0,1.0,160000
36319,58.49003309334179,0.6775850653648376,33.87925326824188,-1.0,-1.0,0.6831933,1.0,-42.11587488651276,1.0,160000
19479,58.481751997322505,0.6774241924285889,33.87120962142944,0.11697674,-1.0,0.011166155,-0.80831933,-20.0,1.393039882183075,160000
4010,58.47915628092324,0.6773737668991089,33.868688344955444,-0.8528844,-1.0,-0.06265271,-0.9892286,-60.0,1.0,152969
13746,58.46873654087402,0.6771713495254517,33.85856747627258,-1.0,-0.99904615,-0.3458409,-0.8043736,-32.91254162788391,1.0,160000
54336,58.44759916705557,0.676760733127594,33.8380366563797,-0.35773945,-1.0,-0.20601487,-0.95110124,-33.490108251571655,1.0,129798
21130,58.44516599821456,0.6767134666442871,33.835673332214355,-0.09653342,-0.4290285,-1.0,-0.12068358,-43.29736351966858,1.0,141264
39692,58.41837320340818,0.6761929988861084,33.80964994430542,-1.0,-1.0,-0.76001143,-0.6928892,-57.66228199005127,1.0,126217
7132,58.40777497382959,0.6759871244430542,33.79935622215271,-1.0,-0.2064805,-1.0,-0.052032486,-60.0,1.0,109966
12052,58.38898697522327,0.6756221652030945,33.781108260154724,-1.0,-0.6547774,0.917555,-0.1581383,-20.0,1.0,160000
40626,58.343760184121855,0.67474365234375,33.7371826171875,0.004792094,-0.4743255,-1.0,-0.21288347,-37.71790623664856,1.0,157048
18482,58.34124395494767,0.6746947765350342,33.73473882675171,-0.15037096,-0.3307075,1.0,-0.20566505,-24.56642508506775,1.0,142297
75,58.3292611086346,0.6744620203971863,33.723101019859314,-1.0,-0.20371354,-0.74932754,0.69931257,-22.13383793830872,1.0,142971
12736,58.31487232992109,0.6741825342178345,33.709126710891724,-1.0,-0.42981625,0.77616847,0.66016483,-24.53862428665161,1.0,160000
39222,58.29360031233116,0.6737693548202515,33.68846774101257,-1.0,-1.0,0.3094718,0.59624636,-20.0,1.0,160000
12512,58.29338550354281,0.6737651824951172,33.68825912475586,-1.0,-1.0,-1.0,0.79904985,-24.93372917175293,1.0,112842
40210,58.260556132240325,0.6731275320053101,33.6563766002655,-1.0,-1.0,-0.9595106,0.0120514035,-35.98840534687042,1.0,157095
60607,58.24259442238643,0.6727786660194397,33.638933300971985,-1.0,-0.892346,-1.0,0.81519777,-46.84026122093201,1.0,160000
35549,58.23649664770178,0.672660231590271,33.63301157951355,-1.0,-1.0,-0.58971286,1.0,-20.0,1.0,123825
22717,58.21399568285145,0.6722232103347778,33.61116051673889,-0.31732786,-0.336401,-1.0,-0.7560593,-54.01545286178589,1.0,153286
25867,58.20159726196925,0.6719824075698853,33.59912037849426,-1.0,-1.0,-0.076102674,-0.16946566,-33.05928289890289,1.0,160000
59095,58.163241135556255,0.6712374687194824,33.56187343597412,-0.4750899,-0.073721886,-0.6215977,-0.11367929,-20.0,1.0,160000
37030,58.12072510037645,0.6704117655754089,33.52058827877045,-0.9869666,-0.5464921,0.5541867,-0.34673834,-33.805259466171265,1.0,160000
57293,58.11695005249842,0.6703384518623352,33.51692259311676,-1.0,-1.0,-0.6017842,-0.9934034,-50.67713499069214,1.0,160000
24772,58.113475770223005,0.6702709794044495,33.51354897022247,-1.0,-1.0,-0.6206541,-0.010884702,-60.0,1.0,160000
39454,58.09639578107439,0.6699392795562744,33.49696397781372,-0.22711974,-1.0,0.6470038,-0.7499927,-20.0,1.0,154700
46482,58.05473676638197,0.669130265712738,33.4565132856369,-1.0,-0.65889084,0.3200283,1.0,-49.93510007858277,1.0,160000
26773,58.053815973016526,0.6691123843193054,33.45561921596527,-1.0,-0.73843646,-1.0,0.24597175,-52.42797017097473,1.0,138745
12819,58.0094697184054,0.6682512164115906,33.41256082057953,-1.0,-1.0,-0.9585314,-0.784094,-39.86170098185539,1.0,95833
43355,58.008419973836006,0.6682308316230774,33.41154158115387,-1.0,-0.89490163,-1.0,0.08769661,-44.14690017700195,1.0,160000
27466,57.9639492373341,0.6673672795295715,33.36836397647858,-1.0,-0.9116559,-1.0,0.1886401,-53.64259839057922,1.0,160000
13575,57.947883127702994,0.6670553088188171,33.35276544094086,-1.0,-0.4331767,-1.0,-0.74785125,-51.06186032295227,1.0,140618
43201,57.932716200275934,0.6667608022689819,33.3380401134491,-0.1455046,-1.0,-1.0,-0.970389,-60.0,1.0,160000
564,57.93114148078728,0.6667302250862122,33.33651125431061,-0.43931496,-1.0,-1.0,-0.62781054,-60.0,1.0,110817
27070,57.91805557254747,0.6664761304855347,33.32380652427673,-1.0,-1.0,0.61789453,-0.94101423,-20.0,1.0,160000
30546,57.85432760635158,0.6652387380599976,33.26193690299988,-1.0,-1.0,-1.0,-0.12724489,-20.0,1.0,118325
8101,57.84760465695139,0.6651082038879395,33.25541019439697,-1.0,-1.0,-0.6036185,-0.46819276,-41.6956827044487,1.0,160000
53469,57.84071896610836,0.6649745106697083,33.24872553348541,-1.0,-1.0,0.943174,-0.7883869,-20.0,1.0,160000
38754,57.82852232220844,0.6647377014160156,33.23688507080078,-1.0,-0.001749754,-0.44925177,-0.7632022,-43.34228575229645,1.0,160000
60864,57.7830009803459,0.6638538837432861,33.19269418716431,-1.0,-1.0,-1.0,0.5277778,-60.0,1.0,160000
1726,57.776931538949,0.6637360453605652,33.18680226802826,0.29149103,-1.0,-0.73974967,-0.8266024,-31.896313428878784,1.0,92820
48162,57.77132257342872,0.6636271476745605,33.18135738372803,-1.0,-1.0,-1.0,-0.37112784,-37.726277112960815,1.0,160000
18048,57.7674972864809,0.6635528802871704,33.17764401435852,0.036423802,-1.0,-0.89641124,-0.9705517,-31.52474045753479,1.0,106713
17552,57.76036858829264,0.663414478302002,33.1707239151001,-1.0,-0.5465263,-1.0,0.09323886,-40.948113799095154,1.0,146015
24244,57.749847385301806,0.6632102131843567,33.160510659217834,-0.9562228,-1.0,-1.0,-0.25616348,-21.0183846950531,1.0,160000
26158,57.7493438879456,0.6632004380226135,33.16002190113068,-0.8177377,-0.5129305,-1.0,-0.21773338,-20.0,1.0,146433
57911,57.74480319160747,0.6631122827529907,33.155614137649536,-1.0,-0.4556253,-0.561401,1.0,-20.0,1.0,160000
7140,57.74389750631583,0.663094699382782,33.1547349691391,-0.6585517,-1.0,-1.0,-0.9316585,-59.93132591247559,1.0,160000
33160,57.739323017317474,0.6630058884620667,33.15029442310333,-1.0,-1.0,-1.0,-0.08938095,-20.036425590515137,1.0,136002
60428,57.736716471602,0.6629552841186523,33.14776420593262,0.029203892,-1.0,-1.0,0.6021047,-20.0,1.0,148070
35065,57.723741988914966,0.6627033948898315,33.13516974449158,-1.0,-1.0,-1.0,0.5946473,-25.20941972732544,1.0,160000
3460,57.70038080141937,0.6622498631477356,33.11249315738678,-1.0,-0.871073,-1.0,-0.42146462,-60.0,1.0,140565
59656,57.698323741818896,0.6622099280357361,33.110496401786804,-1.0,-0.63267463,-0.63796365,-0.8249698,-20.0,1.0,160000
25210,57.6881704107755,0.6620128154754639,33.10064077377319,-1.0,-1.0,-1.0,-0.83592635,-59.737902879714966,1.0,160000
28156,57.679721003298695,0.661848783493042,33.0924391746521,-1.0,-0.34289515,0.4266773,0.0966135,-20.0,1.3949534893035889,160000
48729,57.673156704659135,0.6617213487625122,33.08606743812561,-0.62527895,-1.0,-0.29135573,-0.51475704,-20.0,1.0,118853
39718,57.65120072903761,0.6612951159477234,33.06475579738617,-0.47509974,-1.0,0.27635157,-0.51854205,-42.59620368480682,1.0,108759
59288,57.6463741045296,0.6612014174461365,33.060070872306824,-1.0,-1.0,-0.050174713,0.14265352,-20.0,1.0,160000
35791,57.63440263810122,0.6609690189361572,33.04845094680786,-1.0,-1.0,-1.0,-0.5343653,-20.0,1.0,160000
51216,57.62456193257617,0.6607779860496521,33.038899302482605,-1.0,-0.95069665,-0.1557163,-0.7829768,-20.0,1.0,134547
50407,57.58994224938863,0.6601059436798096,33.00529718399048,-1.0,-0.93623745,0.58556235,-0.71173984,-37.01638370752335,1.0,160000
21113,57.584989477420095,0.6600098013877869,33.00049006938934,-1.0,-0.79169166,-0.3487962,-0.28147528,-20.0,1.0,160000
704,57.58334673683642,0.659977912902832,32.9988956451416,-0.5306483,-0.9313096,-0.46502188,-0.7702565,-20.0,1.0,137351
28843,57.58229660985695,0.6599575281143188,32.99787640571594,-0.2008841,-1.0,-1.0,-0.7382006,-43.98958921432495,1.0,160000
54645,57.552987856274825,0.6593886017799377,32.96943008899689,-1.0,-1.0,1.0,-0.6209801,-33.70660662651062,1.0,160000
39139,57.53249124532655,0.658990740776062,32.9495370388031,-1.0,-1.0,-0.8637624,-0.57127416,-20.0,1.0,102333
41833,57.48509431456708,0.6580707430839539,32.90353715419769,-1.0,-0.62455255,-1.0,-0.71247935,-29.055289030075077,1.0,160000
21075,57.475267689940296,0.6578800082206726,32.89400041103363,-1.0,-1.0,-0.30516696,-0.73655665,-60.0,1.0,160000
60355,57.46475617936241,0.6576759815216064,32.88379907608032,-0.57205355,-1.0,-1.0,-0.40056354,-20.0,1.0,160000
41373,57.46137515594536,0.6576103568077087,32.88051784038544,-1.0,-1.0,-1.0,-0.84140027,-60.0,1.5412450432777405,160000
50198,57.4591487726898,0.6575671434402466,32.87835717201233,-0.942231,0.12644899,-0.63626766,0.7938281,-34.77690577507019,1.0,160000
29452,57.42977546352424,0.65699702501297,32.8498512506485,-1.0,-1.0,-0.9913391,-0.5899196,-34.80074405670166,1.0,117873
51355,57.40453500548688,0.656507134437561,32.82535672187805,-0.19722015,-1.0,-1.0,0.20206684,-20.6988525390625,1.0,160000
9749,57.40106474447101,0.6564397811889648,32.82198905944824,-1.0,-0.03000176,-1.0,1.0,-60.0,1.0,117640
37999,57.37291838876895,0.6558935046195984,32.79467523097992,-0.31484985,-1.0,-0.31422707,-0.035183877,-52.58033037185669,1.0,160000
16966,57.361585945007945,0.6556735634803772,32.78367817401886,-1.0,-1.0,-1.0,-0.9507046,-42.7822008728981,1.0,160000
55009,57.32678634703388,0.6549981832504272,32.74990916252136,-1.0,-0.24247473,-0.8562728,-0.7507214,-38.87806475162506,1.0,160000
2903,57.32032445668235,0.6548727750778198,32.74363875389099,-1.0,-0.47627115,-1.0,-0.43804187,-48.65934073925018,1.0,121802
5270,57.3068508059352,0.6546112895011902,32.73056447505951,-0.782143,-1.0,1.0,-0.85427916,-36.43782079219818,1.0,160000
38182,57.24696837035722,0.6534491777420044,32.67245888710022,-0.634597,0.2847147,-0.37009075,-0.7987586,-34.326308369636536,1.0,147928
12165,57.24678715493056,0.6534456610679626,32.67228305339813,-0.82281214,-0.2902091,-1.0,-0.28472346,-55.275044441223145,1.0,160000
27463,57.23082472647219,0.6531358957290649,32.65679478645325,-1.0,-1.0,-0.6535568,-0.0021276474,-60.0,1.0,160000
49372,57.21249084579095,0.6527801156044006,32.63900578022003,-0.6578579,-1.0,-1.0,0.4773467,-60.0,1.0,160000
54875,57.198794760875614,0.6525143384933472,32.62571692466736,-1.0,-0.57913256,-1.0,-0.8276277,-20.0,1.0,144064
17512,57.19699481453218,0.6524794101715088,32.62397050857544,-0.6619664,-1.0,-1.0,-0.9765593,-31.889445781707764,1.0,160000
52873,57.18798582500116,0.6523045897483826,32.61522948741913,-1.0,-1.0,-0.6986238,1.0,-20.0,1.0,81752
27621,57.11174287394808,0.6508251428604126,32.54125714302063,-0.95502687,-1.0,-0.7094791,-0.69151837,-42.086904644966125,1.0,142886
14754,57.111067074350096,0.650812029838562,32.5406014919281,-0.16618586,-1.0,-1.0,-0.22209525,-42.443042546510696,1.0,157659
42530,57.051840876457085,0.6496628522872925,32.483142614364624,0.16370094,-0.94259214,-0.7385932,-0.5045785,-30.24258315563202,1.0,160000
28696,57.03793701199554,0.6493930816650391,32.46965408325195,-0.93350434,-1.0,0.09463048,-0.6220463,-27.38419532775879,1.0,160000
45392,57.0240452631826,0.6491235494613647,32.45617747306824,-1.0,-1.0,0.0859465,-0.1116361,-20.0,1.0,160000
21930,57.00360361911875,0.6487269401550293,32.436347007751465,-0.69303,-0.62201893,-1.0,-0.16947868,-20.0,1.0,134434
46413,56.98920453909713,0.648447573184967,32.42237865924835,-1.0,-1.0,-1.0,0.2274003,-20.0,1.0,160000
25002,56.98589275516509,0.6483833193778992,32.41916596889496,-0.2480911,-1.0,-1.0,-0.94360673,-20.0,1.0,160000
36313,56.97540435051987,0.648179829120636,32.4089914560318,-0.004383087,-1.0,0.7114273,1.0,-60.0,1.0,160000
24839,56.96363165942154,0.6479514241218567,32.397571206092834,-1.0,-1.0,-0.90260285,-0.30883288,-44.00785803794861,1.0,77218
52228,56.9511245751051,0.6477087736129761,32.385438680648804,-1.0,-1.0,-0.90684557,1.0,-36.570845246315,1.0,160000
14053,56.92527738491974,0.6472073197364807,32.36036598682404,-1.0,0.23472106,-0.1236521,0.6889492,-20.0,1.0,160000
29597,56.91991308839789,0.6471032500267029,32.355162501335144,-1.0,-1.0,-0.26039708,-0.34182268,-47.39061951637268,1.0,153953
9612,56.91693598483853,0.6470454931259155,32.352274656295776,-1.0,-1.0,-1.0,-0.6112939,-32.63236880302429,1.0,160000
30977,56.91421695140626,0.6469927430152893,32.349637150764465,-1.0,-1.0,-1.0,0.11663991,-20.0,1.0,151792
31620,56.87868149167261,0.6463033556938171,32.31516778469086,-0.23774463,-1.0,-1.0,0.013231158,-60.0,1.0,123815
22038,56.85713414721697,0.6458853483200073,32.294267416000366,-1.0,-1.0,-1.0,0.18716362,-59.53725099563599,1.0,160000
45622,56.842533455624086,0.6456021070480347,32.28010535240173,-0.18344808,0.17301357,-1.0,0.74649864,-59.1977858543396,1.0,160000
51653,56.835509569519225,0.6454658508300781,32.273292541503906,-1.0,-0.13407183,1.0,-0.7729185,-20.0,1.0,160000
8422,56.78659000767488,0.6445168852806091,32.22584426403046,-1.0,0.23333514,0.5697268,0.0057611614,-24.80661153793335,1.0,150637
45576,56.77843500040776,0.6443586945533752,32.21793472766876,-0.18248057,0.26737237,-1.0,-0.8026247,-20.0,1.0,160000
53690,56.75845589966059,0.6439711451530457,32.19855725765228,-1.0,-0.24205875,-0.14469731,-0.2499848,-20.0,1.0,160000
40462,56.68566831174872,0.642559289932251,32.12796449661255,-1.0,-1.0,0.09896827,-0.23786515,-20.0,1.0,150286
5565,56.67959913269625,0.6424415707588196,32.12207853794098,-0.53851426,-1.0,-0.026069343,-0.4500385,-42.95544743537903,1.0,134073
35388,56.640131747726585,0.6416760683059692,32.08380341529846,-1.0,-1.0,-0.38696048,-0.8326181,-20.0,1.0,160000
51255,56.61147144366677,0.641120195388794,32.0560097694397,-1.0,-1.0,-1.0,-0.33909106,-20.0,1.0,160000
31817,56.56205016729499,0.6401616930961609,32.008084654808044,-1.0,-1.0,1.0,0.09280828,-26.91420316696167,1.0,160000
16875,56.5559342015919,0.6400430798530579,32.00215399265289,-1.0,-0.56519336,0.034148276,-0.5242808,-25.748718976974487,1.0,160000
46226,56.53825610154952,0.6397002339363098,31.98501169681549,-1.0,-1.0,0.43751556,-0.19681257,-35.23854076862335,1.0,138289
6602,56.53051108547057,0.6395500302314758,31.97750151157379,-0.3337797,-1.0,-0.9325723,-0.92148286,-46.39354944229126,1.0,160000
9909,56.52966589188625,0.6395336389541626,31.97668194770813,-1.0,-1.0,-1.0,-0.7284149,-38.86902414262295,1.0,160000
35355,56.50566211972088,0.6390681266784668,31.95340633392334,-0.5126251,-0.121084094,-1.0,0.35753614,-60.0,1.0,88235
25418,56.46346521360121,0.6382498145103455,31.912490725517277,-0.9728619,-1.0,-0.4797441,-0.61296445,-20.0,1.0,160000
13842,56.39563444355754,0.6369344592094421,31.846722960472107,-1.0,-1.0,0.23202318,-0.16760965,-49.84456121921539,1.0,160000
24609,56.39197352637506,0.6368634700775146,31.84317350387573,-1.0,-0.55270296,-0.7908564,-0.5625763,-22.108592987060547,1.0,160000
14123,56.35025171697305,0.6360544562339783,31.802722811698917,-1.0,-0.907637,-1.0,-0.5651524,-20.85167169570923,1.0,95780
28281,56.34616336606649,0.635975182056427,31.79875910282135,-0.73644,-0.77132326,-1.0,-0.8360621,-20.0,1.0,86185
47310,56.33822638783644,0.6358212828636169,31.791064143180847,-1.0,-1.0,-0.7645271,1.0,-60.0,1.0,100212
25588,56.32926878277633,0.6356475949287415,31.782379746437076,-1.0,-1.0,-0.9735017,0.037667125,-46.27271890640259,1.0,133826
9745,56.32130708760508,0.6354932188987732,31.77466094493866,-1.0,-0.24158633,-1.0,1.0,-60.0,1.0537386536598206,160000
6545,56.314329028254726,0.6353579163551331,31.767895817756653,-1.0,-1.0,-0.3481075,-0.48829094,-26.096497774124146,1.0,160000
6175,56.313898661876365,0.6353495717048645,31.767478585243225,-1.0,-1.0,0.5336749,-0.8058586,-22.56479263305664,1.0,158738
45307,56.277252331588585,0.6346390247344971,31.731951236724854,-1.0,-1.0,-0.67348063,-0.042897165,-59.73282814025879,1.0,132911
42567,56.27715088459383,0.6346370577812195,31.73185288906097,-1.0,-1.0,-1.0,0.33011267,-39.66745376586914,1.0,160000
20765,56.26306810398307,0.6343640089035034,31.71820044517517,-1.0,-1.0,-0.5599599,-0.9839792,-43.990092277526855,1.532941222190857,160000
38457,56.25561008838381,0.6342194080352783,31.71097040176392,-1.0,-0.6655339,-1.0,-0.5222646,-34.94704842567444,1.0,160000
25610,56.25323679304553,0.6341733932495117,31.708669662475582,-1.0,-0.6045989,-1.0,-0.70922315,-58.56971263885498,1.0,160000
16792,56.25282792168491,0.6341654658317566,31.70827329158783,-1.0,-0.88479686,-0.1768626,-0.56623465,-20.0,1.0,160000
55398,56.24744494656769,0.6340610980987549,31.703054904937744,-0.8757854,-1.0,1.0,-0.904494,-38.46862614154816,1.0,158389
9321,56.243242456584525,0.6339796185493469,31.698980927467343,-0.65984607,-1.0,0.19440591,-0.61282766,-21.56894326210022,1.0,160000
54225,56.22645385151408,0.6336541175842285,31.682705879211422,-0.09115565,-0.27421576,-0.2628319,0.7917189,-20.860595703125,1.0,160000
2677,56.21540169592011,0.633439838886261,31.67199194431305,-1.0,-1.0,-1.0,-0.56884676,-55.59121131896973,1.0,122783
3555,56.14621782518252,0.6320985555648804,31.60492777824402,0.000505507,-1.0,-1.0,-0.52834916,-37.534973323345184,1.0,150497
9660,56.13956759884304,0.6319696307182312,31.59848153591156,-1.0,-1.0,-0.031473875,0.13424224,-51.49997115135193,1.0,101165
32181,56.089214533461,0.6309934854507446,31.54967427253723,-0.6469833,-1.0,-0.29822487,-0.18842745,-20.0,1.0,135939
25204,56.08553411856116,0.6309221386909485,31.546106934547424,-0.81649613,-1.0,-0.5914645,-0.75410026,-48.95898699760437,1.0,160000
43837,56.07535679774554,0.6307248473167419,31.536242365837097,-1.0,-0.8521732,-0.53351617,-0.9921172,-31.5144944190979,1.0,160000
23768,56.06466589343525,0.6305176019668579,31.525880098342896,-0.33972424,-1.0,0.8671807,-0.42265397,-41.762618124485016,1.0,160000
47729,56.05466671000616,0.6303237676620483,31.516188383102417,-1.0,-1.0,-1.0,-0.16811883,-38.74502420425415,1.0,160000
6272,56.03960318593715,0.6300317645072937,31.501588225364685,-1.0,-0.44303894,-1.0,-0.26559842,-58.90160322189331,1.0,117306
33857,56.03776135635991,0.6299960613250732,31.499803066253666,-1.0,-1.0,-0.049671292,-0.8298094,-60.0,1.0,160000
35522,56.03155937905725,0.6298758387565613,31.493791937828064,-0.60170376,-1.0,-0.70855427,-0.49668202,-42.859240770339966,1.0,99855
28489,56.02434265460137,0.6297359466552734,31.486797332763672,-0.9572464,-0.67869335,-1.0,0.78469384,-32.62830376625061,1.0,160000
44083,56.02147378536969,0.629680335521698,31.4840167760849,-1.0,-1.0,-0.5766015,0.15120429,-45.49190044403076,1.0,160000
33935,55.9975508635132,0.6292166113853455,31.460830569267277,-1.0,-1.0,-0.85736096,-0.1323305,-33.674867153167725,1.0,160000
28879,55.99552138757714,0.6291772723197937,31.458863615989685,-1.0,-1.0,-0.48692268,-0.8265686,-21.98972225189209,1.0,160000
18088,55.95774167128272,0.6284449696540833,31.422248482704163,-1.0,-0.52791435,-1.0,-0.8446861,-40.543717443943024,1.0,160000
10626,55.91431761283732,0.62760329246521,31.380164623260494,-1.0,0.34230983,-1.0,-0.18841648,-59.66591238975525,1.2078142762184143,146196
7752,55.89968568966432,0.6273196935653687,31.365984678268436,-1.0,-1.0,-1.0,-0.792281,-60.0,1.0,160000
26871,55.89574936608002,0.6272433996200562,31.362169981002808,-1.0,-0.7680466,0.70394766,-0.40229625,-52.14557409286499,1.0,160000
34448,55.874043966012536,0.6268227100372314,31.34113550186157,-0.807195,-0.27803075,-0.55749285,-0.23087558,-60.0,1.0,160000
54949,55.82576336498765,0.6258869767189026,31.29434883594513,-1.0,-0.16514266,-1.0,-0.79594094,-60.0,1.0,160000
53953,55.823100009312256,0.6258353590965271,31.291767954826355,-1.0,-0.07479566,-1.0,0.6231145,-20.0,1.0,160000
33032,55.7981022700713,0.6253508925437927,31.26754462718964,-1.0,-1.0,-1.0,-0.8729266,-60.0,1.0,88593
33132,55.79033033591814,0.6252002716064453,31.260013580322266,-1.0,-1.0,-0.84220356,-0.42274126,-28.492107391357425,1.0,100502
42283,55.78960142578119,0.6251861453056335,31.25930726528168,-0.63001144,-0.904075,-1.0,-0.81991446,-20.0,1.0,160000
7048,55.77895681914619,0.6249798536300659,31.248992681503296,-0.76725405,-1.0,-1.0,-0.2935929,-59.04777050018311,1.0,160000
27847,55.77190443813821,0.624843180179596,31.2421590089798,-1.0,-0.0977155,-1.0,0.43955186,-20.0,1.0,88144
49843,55.72543380146324,0.6239426136016846,31.19713068008423,-1.0,-1.0,-1.0,1.0,-27.861794233322144,1.0,160000
17654,55.70369101680378,0.6235212683677673,31.176063418388367,-1.0,-1.0,-1.0,-0.2849262,-48.20015072822571,1.0,160000
6415,55.69973857305175,0.623444676399231,31.172233819961548,-1.0,-1.0,-0.19066012,-0.602306,-26.66363000869751,1.0,160000
17173,55.69164601272244,0.6232878565788269,31.164392828941345,-1.0,-1.0,-0.2860596,-0.39923513,-53.19427967071533,1.0,140674
10528,55.66882286748766,0.6228455901145935,31.142279505729675,-0.23222595,-1.0,0.21064615,-0.22542597,-57.08486199378967,1.0,124027
3242,55.66138524307356,0.6227014660835266,31.13507330417633,-0.8271401,-0.009877145,-1.0,-0.84190285,-33.30673098564148,1.2857264876365662,158823
39824,55.65816779258975,0.6226391196250916,31.131955981254578,-1.0,-1.0,-0.7873223,1.0,-20.0,1.0,160000
14982,55.638604493445655,0.6222600340843201,31.113001704216003,-1.0,-0.69436383,-1.0,-0.8762529,-60.0,1.0,94296
48300,55.60195306816357,0.6215498447418213,31.077492237091064,0.27704012,0.09070361,0.76871765,0.037808716,-56.76496744155884,1.0,160000
53732,55.59535167405558,0.6214219331741333,31.071096658706665,-0.81559175,0.18383098,-1.0,1.0,-37.70407557487488,1.0,110470
46284,55.575273454895935,0.6210328936576843,31.051644682884216,-1.0,-0.98302233,-0.6811378,-0.2307275,-60.0,1.0,160000
28091,55.555600910741504,0.6206517219543457,31.032586097717285,-1.0,-0.98602104,-1.0,-0.33646688,-20.064716339111328,1.0,137685
779,55.506865517546345,0.619707465171814,30.9853732585907,-0.80562603,-1.0,0.060325682,-0.42179447,-60.0,1.0,160000
42235,55.49934365730873,0.6195617318153381,30.978086590766907,-0.40286708,-1.0,-1.0,-0.1221503,-21.58867120742798,1.0,160000
17605,55.47639318136043,0.6191170811653137,30.95585405826569,-0.727846,-1.0,-0.38416582,0.599504,-33.78936290740967,1.0,160000
22162,55.44681522539337,0.6185440421104431,30.92720210552216,-1.0,-1.0,-1.0,0.8201146,-26.82309508323669,1.0,160000
33049,55.44480928344496,0.6185051798820496,30.92525899410248,-1.0,-1.0,0.80521744,-0.9161457,-48.63932192325592,1.0,160000
7290,55.42623567325815,0.6181453466415405,30.907267332077023,-1.0,-1.0,-0.71622795,-0.77260196,-49.12521064281464,1.0,160000
27076,55.41182758558024,0.6178662180900574,30.89331090450287,-1.0,-0.34814495,-0.14753798,0.84811914,-58.36750268936157,1.0,149545
1280,55.39678856102225,0.6175748705863953,30.878743529319763,-1.0,-1.0,0.3747599,0.1020228,-49.70453381538391,1.0,160000
28042,55.38852746368585,0.6174148321151733,30.870741605758667,-1.0,-0.033995867,-1.0,0.21499057,-32.571810483932495,1.0,133724
15924,55.34974402052959,0.6166635155677795,30.833175778388977,-1.0,-1.0,-1.0,-0.36842126,-20.0,1.0,160000
35709,55.32924250222854,0.6162663698196411,30.813318490982056,-0.48655248,-1.0,-1.0,-0.39915296,-44.4536429643631,1.0,125779
59289,55.3144237967194,0.6159793138504028,30.79896569252014,-1.0,-1.0,-0.9722976,0.22198182,-20.0,1.0,140272
46458,55.29855252533635,0.6156718730926514,30.78359365463257,-1.0,-0.6583223,-0.8289567,0.30488738,-53.46722364425659,1.0,160000
4047,55.28749972067217,0.6154577732086182,30.772888660430908,-0.6761756,-0.92287844,-0.7232623,-0.51851237,-54.15748119354248,1.0,160000
10085,55.24103784565327,0.6145578026771545,30.727890133857727,-0.73183304,-0.64248085,-0.8260985,-0.1754469,-54.965341091156006,1.0,160000
35591,55.22964591238281,0.614337146282196,30.7168573141098,-1.0,-1.0,-1.0,-0.438009,-20.0,1.0,160000
34848,55.14237424751536,0.6126468181610107,30.632340908050537,-1.0,-1.0,-1.0,1.0,-52.548907995224,1.0,160000
46556,55.12603246889434,0.6123303174972534,30.61651587486267,-1.0,-0.6332408,1.0,0.23646402,-20.0,1.0,160000
10750,55.121794642012105,0.6122482419013977,30.612412095069885,-1.0,-0.765,-1.0,-0.8742119,-44.68528926372528,1.0,160000
41608,55.08331484334784,0.611503005027771,30.57515025138855,-1.0,-1.0,0.7167721,-0.548506,-32.650832533836365,1.0,160000
49846,55.08224995698589,0.6114823818206787,30.574119091033936,-1.0,-0.2819966,-0.9189817,1.0,-60.0,1.0,120829
22172,55.07414631916483,0.6113254427909851,30.566272139549252,-0.7992072,-1.0,-1.0,0.6549033,-30.20530343055725,1.0,111249
60737,55.0520417960727,0.6108973622322083,30.544868111610413,-1.0,-0.23161167,-1.0,1.0,-54.34093236923218,1.0,160000
6318,55.04764668619675,0.610812246799469,30.54061233997345,-0.63938844,-1.0,-0.31984684,0.8582314,-44.954952001571655,1.0,98228
31590,55.03487675046546,0.6105649471282959,30.528247356414795,-1.0,0.038861156,-1.0,-0.99870366,-20.0,1.0,160000
9418,55.03393492658541,0.6105467081069946,30.52733540534973,-1.0,-1.0,-0.9456201,-0.8640057,-26.26455783843994,1.0,83342
5790,55.01959508607099,0.6102690100669861,30.513450503349304,-1.0,-1.0,-1.0,-0.15766941,-27.82327771186829,1.0,141716
16227,55.015461455485976,0.6101889610290527,30.50944805145264,-1.0,-0.9774129,-0.022588015,-0.9740961,-51.05988025665283,1.0,160000
57976,55.00203550158343,0.6099289655685425,30.496448278427124,-1.0,-0.36785072,-0.5789984,-0.5567531,-60.0,1.0,160000
43806,54.99790795379747,0.6098490357398987,30.49245178699493,-1.0,-1.0,-1.0,-0.4507296,-30.54701328277588,1.0,144500
24175,54.99691069135331,0.6098297238349915,30.491486191749573,-1.0,-1.0,-0.534631,-0.9081532,-59.36484694480896,1.0,160000
39445,54.98692877773573,0.6096364259719849,30.481821298599243,-1.0,-1.0,0.0039336085,-0.72658575,-20.0,1.0,160000
29593,54.95189124931717,0.6089579463005066,30.44789731502533,-1.0,-0.0800637,-0.6898942,-0.17973721,-60.0,1.0,160000
22617,54.94647375739689,0.6088530421257019,30.44265210628509,-0.058381677,-1.0,-0.07996333,-0.99319553,-31.26425266265869,1.0,160000
48297,54.91636304224931,0.608269989490509,30.41349947452545,-1.0,-1.0,-0.5067393,1.0,-47.310786843299866,1.0,160000
52577,54.88993306818841,0.6077582240104675,30.387911200523376,0.002648592,-1.0,-0.6972978,0.40659985,-20.0,1.0,118803
30020,54.77037981457961,0.6054434776306152,30.27217388153076,-1.0,-1.0,-0.18224409,-0.17899102,-20.0,1.0,134798
26361,54.75891782120226,0.6052215695381165,30.261078476905823,-1.0,-1.0,-1.0,-0.53088224,-20.0,1.0,134333
60867,54.74328089625326,0.6049188375473022,30.245941877365112,-1.0,-1.0,-1.0,1.0,-41.27600014209747,1.0,117956
60653,54.725719459663416,0.6045788526535034,30.22894263267517,-1.0,-0.876699,-1.0,-0.9650497,-38.01127195358277,1.0,146358
47838,54.7185611747002,0.6044402718544006,30.22201359272003,-0.79714185,-1.0,-1.0,0.13496429,-20.0,1.0,135684
54809,54.7087457720536,0.6042502522468567,30.212512612342834,-1.0,-0.94350827,-1.0,0.071303904,-42.58943200111389,1.0,95296
54339,54.70594091329575,0.6041959524154663,30.209797620773315,-1.0,-0.54662985,-1.0,0.369897,-20.0,1.0,91317
29392,54.67637394679204,0.6036235690116882,30.18117845058441,-1.0,-1.0,-1.0,-0.98836523,-35.653758347034454,1.0,160000
39373,54.65145546672268,0.603141188621521,30.15705943107605,-0.577932,-1.0,-1.0,0.8336928,-31.61909222602844,1.0,160000
25989,54.649007614163935,0.6030938029289246,30.154690146446228,-1.0,-1.0,-1.0,-0.118373394,-34.36983406543732,1.0,103044
25346,54.64080495378833,0.6029350161552429,30.146750807762142,-0.053420424,-1.0,-0.4903215,-0.6830619,-35.81968903541565,1.0,160000
33852,54.63989046370669,0.6029173135757446,30.14586567878723,-1.0,-1.0,-0.40789157,-0.79495835,-22.41589069366455,1.0,160000
8609,54.6342403122644,0.6028079390525818,30.14039695262909,-0.82253486,-1.0,-0.047385514,-0.22816214,-23.83476972579956,1.0,160000
29539,54.63025901412047,0.6027308702468872,30.13654351234436,-1.0,-1.0,-0.7745493,-0.6174818,-32.52340078353882,1.0,154059
56581,54.62448872003978,0.6026191711425781,30.130958557128903,-1.0,-1.0,0.024539828,0.39526662,-49.3934291601181,1.0,160000
9009,54.571707715977055,0.6015974879264832,30.07987439632416,-1.0,-1.0,-0.2535922,1.0,-20.0,1.0,160000
14087,54.56867151201641,0.6015387177467346,30.07693588733673,-1.0,-1.0,-1.0,-0.47629958,-30.170753002166748,1.0,120890
34860,54.53989176569181,0.6009816527366638,30.04908263683319,-1.0,-0.13178438,-0.39280745,-0.56120276,-23.753883838653564,1.3003749251365662,160000
39102,54.534992410263776,0.6008868217468262,30.04434108734131,-1.0,-1.0,-1.0,-0.44981533,-31.165032982826236,1.0,160000
33354,54.529649590127576,0.6007834076881409,30.039170384407043,-0.9465551,-1.0,0.98543996,-0.8282558,-31.99876844882965,1.0,160000
57949,54.47580708898387,0.5997412800788879,29.9870640039444,-1.0,-1.0,0.32073236,0.97470534,-26.04634523391724,1.0,160000
31286,54.47011902107279,0.5996311902999878,29.98155951499939,-1.0,-1.0,-0.6369367,-0.6112772,-47.26366817951202,1.0,136020
40147,54.45699352943426,0.5993771553039551,29.968857765197757,0.041739464,-0.7017868,-1.0,0.43813396,-48.74108493328095,1.0,160000
10431,54.45262653815199,0.5992926359176636,29.96463179588318,-1.0,-1.0,-1.0,-0.9865366,-52.696919441223145,1.0,160000
25865,54.4514932113529,0.5992707014083862,29.96353507041931,-1.0,-0.4425702,-0.16424355,0.24503858,-42.00049698352814,1.0,160000
32230,54.43383408206695,0.5989289283752441,29.946446418762207,-1.0,-0.24465454,-1.0,-0.03661716,-43.73686492443085,1.0,160000
13144,54.40225995433751,0.5983178615570068,29.915893077850345,-1.0,-1.0,-0.5132687,0.22522067,-21.261874437332157,1.0,133487
58486,54.402158319196126,0.5983158946037292,29.915794730186462,-0.48386216,-1.0,-1.0,-0.45292848,-60.0,1.0,126758
36138,54.376764594253785,0.5978244543075562,29.891222715377808,-0.20932007,-1.0,-1.0,-0.3037885,-30.512463450431824,1.0,143732
50025,54.37128537446664,0.5977184176445007,29.88592088222504,-1.0,-1.0,-1.0,1.0,-41.84392988681793,1.0,160000
60861,54.35193691648109,0.5973439812660217,29.867199063301086,-1.0,-1.0,-1.0,1.0,-20.0,1.0,160000
47472,54.3402481877589,0.5971177816390991,29.85588908195496,-1.0,-0.17120242,-0.46036625,0.8789576,-20.0,1.0,160000
52282,54.33601926584284,0.5970359444618225,29.851797223091125,-1.0,-1.0,0.116129756,-0.7117068,-20.0,1.0,160000
59403,54.28505203941897,0.5960496664047241,29.80248332023621,-1.0,-0.37107897,-1.0,-0.87992805,-20.0,1.0,160000
1277,54.26798432200853,0.5957193970680237,29.785969853401184,-0.66807246,0.29155058,-1.0,-0.28637746,-51.615532636642456,1.0349140167236328,145852
26197,54.25375636888887,0.5954440832138062,29.772204160690308,-1.0,-0.54671603,-0.16590685,-0.9645048,-42.66510009765625,1.0,102354
60187,54.21154869914539,0.5946273803710938,29.731369018554688,-1.0,-1.0,0.76444185,-0.9173338,-34.085540771484375,1.0,160000
34680,54.19097400988149,0.5942292809486389,29.711464047431942,-0.55261844,-1.0,-1.0,-0.98840106,-20.0,1.0,160000
14575,54.19022235829999,0.5942147374153137,29.71073687076569,-0.8677696,0.053923607,-0.8378081,-0.529827,-55.261781215667725,1.0,160000
36401,54.18143353530802,0.5940446853637695,29.70223426818848,-1.0,-1.0,-1.0,-0.826856,-20.0,1.0,160000
43224,54.1754202450269,0.593928337097168,29.6964168548584,-1.0,-1.0,-1.0,-0.2522682,-33.86470556259155,1.0,160000
18232,54.16564856646609,0.5937392711639404,29.68696355819702,-0.37971085,-0.818524,-1.0,-0.8815444,-42.610518634319305,1.0,102280
25069,54.14219550794839,0.5932855010032654,29.66427505016327,-0.005897522,-1.0,-0.9652963,0.4490391,-55.11291861534119,1.0,160000
10854,54.13471246368748,0.593140721321106,29.657036066055294,-0.8264081,-1.0,-0.3739634,0.64390516,-46.56469345092773,1.0,153606
25871,54.13238959633322,0.5930957794189453,29.654788970947266,-1.0,-0.8766353,-1.0,1.0,-42.46829926967621,1.0,152153
60029,54.1000629427586,0.5924703478813171,29.623517394065857,-1.0,-0.6864711,-0.5845327,0.7697608,-39.91083383560181,1.0,160000
42760,54.09235774068885,0.5923212766647339,29.61606383323669,-0.32430512,-1.0,-0.4852054,0.27294844,-32.13600993156433,1.0,160000
29988,54.08644554949606,0.5922068953514099,29.610344767570496,-0.8399359,-1.0,-0.48070627,-0.2470159,-31.17095947265625,1.0,123028
47831,54.07967683039909,0.5920759439468384,29.60379719734192,-0.7951029,-1.0,-0.74467695,0.31288218,-27.679603099823,1.0,111596
46881,54.0420336023665,0.5913476943969727,29.567384719848636,-1.0,-1.0,-1.0,-0.91760397,-56.962952613830566,1.0,99602
22175,54.01791809406656,0.5908811688423157,29.544058442115784,-1.0,-0.24542212,0.90430546,-0.28210086,-58.18698167800903,1.0,89974
36071,54.01484622592409,0.5908217430114746,29.54108715057373,-0.9594561,-0.48203424,0.64800215,-0.6208091,-54.48724150657654,1.0,112322
51762,54.00371100423071,0.5906063318252563,29.530316591262817,-0.36015654,-1.0,-1.0,-0.87620693,-36.02967083454132,1.0,128954
7742,53.99916937313385,0.5905184745788574,29.52592372894287,-1.0,0.23054767,-1.0,-0.7130125,-23.08278799057007,1.0,160000
30237,53.990304809588224,0.5903469920158386,29.51734960079193,-1.0,0.18077976,0.40073663,-0.4940344,-41.04509174823761,1.0,160000
52628,53.98972554424418,0.5903357863426208,29.51678931713104,-0.3936385,-0.71009755,-0.38155258,-0.93174464,-45.33105492591858,1.0,160000
977,53.932188524639095,0.58922278881073,29.4611394405365,-1.0,-1.0,-1.0,0.3171201,-39.89138857461512,1.0,160000
44323,53.91128413715022,0.5888184309005737,29.440921545028687,-0.45508486,-0.8906533,0.02204305,-0.4427619,-37.40759074687958,1.0,160000
18894,53.88335644603068,0.5882782340049744,29.41391170024872,-1.0,-1.0,-1.0,-0.7464006,-46.88375592231751,1.0,160000
7324,53.85660201802273,0.5877607464790344,29.38803732395172,-0.93227446,-1.0,-1.0,-0.73190033,-27.048394680023197,1.0,160000
16649,53.82935065596728,0.5872336626052856,29.36168313026428,-0.7443979,-1.0,-0.18601233,-0.46926394,-25.231021642684937,1.0,116702
53000,53.81849981031191,0.5870237946510315,29.35118973255157,-0.90161175,-1.0,-0.18886614,-0.3816778,-20.0,1.0,160000
61342,53.81741502689535,0.5870028138160706,29.350140690803528,-1.0,-1.0,-0.30167437,1.0,-21.79330348968506,1.0,160000
49410,53.79684396309301,0.5866049528121948,29.33024764060974,-1.0,-1.0,-1.0,0.5385107,-20.0,1.0,160000
2449,53.79632929537618,0.5865949988365173,29.329749941825867,-1.0,-0.0028621554,0.32925576,-0.5531874,-60.0,1.2499213814735413,157200
60776,53.79490856443573,0.5865675210952759,29.328376054763797,-1.0,-1.0,-0.39106387,-0.8028626,-60.0,1.0,160000
42174,53.79229515341717,0.5865169763565063,29.32584881782532,0.20538473,-1.0,-1.0,1.0,-33.99880111217499,1.0,160000
26279,53.77885199492472,0.5862569808959961,29.312849044799805,-1.0,-1.0,-1.0,-0.48480356,-60.0,1.0,100799
15514,53.76887274184163,0.5860639810562134,29.30319905281067,-1.0,-1.0,-1.0,-0.8277066,-20.0,3.335806787014008,160000
11098,53.76182741015436,0.5859277248382568,29.29638624191284,-1.0,-1.0,-0.07304019,-0.8306749,-47.97650337219238,1.0,160000
21942,53.75506248478581,0.5857968926429749,29.289844632148743,-1.0,-1.0,0.16413951,-0.7494447,-60.0,1.0,160000
7323,53.699236845944526,0.5847172737121582,29.23586368560791,-0.45559335,-1.0,-1.0,-0.7061564,-43.38580638170242,1.0,160000
51880,53.68843069479489,0.5845082998275757,29.225414991378784,-0.47637415,-0.89584625,0.47491682,-0.97463363,-37.17647016048432,1.0,160000
32655,53.68827042005682,0.5845052003860474,29.225260019302368,-0.5876706,-1.0,-1.0,-0.6988717,-40.70309817790985,1.0,160000
20336,53.67967102268406,0.584338903427124,29.2169451713562,-0.64206266,-1.0,-1.0,-0.51807153,-20.618793964385983,1.0,123155
30480,53.67909772664669,0.5843278169631958,29.21639084815979,-1.0,-1.0,-1.0,-0.18676597,-34.52835142612457,1.0,160000
41315,53.65327437358344,0.5838284492492676,29.19142246246338,-0.8962115,-0.9996444,-0.57607317,0.03545165,-47.10542917251587,1.0,112182
53269,53.64675831529003,0.5837024450302124,29.18512225151062,-0.28650737,0.06658912,-1.0,-0.3821928,-58.116557598114014,1.0,144432
32938,53.63517478155708,0.5834784507751465,29.173922538757324,-1.0,-1.0,-0.6414033,-0.3978978,-60.0,1.0,160000
45691,53.63510696905779,0.5834771394729614,29.17385697364807,-1.0,0.4110682,-1.0,-0.24112964,-20.0,1.0,160000
6823,53.61848967202863,0.5831558108329773,29.157790541648865,-0.2852605,-1.0,-0.62670916,-0.6560233,-20.0,4.484215438365936,160000
53892,53.55482266836577,0.5819247364997864,29.09623682498932,-1.0,-1.0,-0.62173367,-0.31971854,-42.32362806797028,1.0,160000
4161,53.5358856963203,0.5815585851669312,29.07792925834656,-0.9963874,-1.0,-0.4985245,0.44302994,-60.0,1.0,160000
6624,53.53203228379861,0.5814840793609619,29.074203968048096,-0.44134843,-1.0,-1.0,0.2745074,-23.43273639678955,1.0,160000
49848,53.526042506780215,0.5813682675361633,29.068413376808167,-1.0,-1.0,-1.0,1.0,-20.0,1.0,110646
30791,53.52465526506447,0.5813414454460144,29.06707227230072,-0.2879911,-1.0,-1.0,-0.7062148,-34.06542122364044,1.0,139826
38349,53.47528965218729,0.5803869962692261,29.019349813461304,-1.0,-1.0,-0.6076335,-0.7616068,-51.79689168930054,1.0,160000
12307,53.470714571942494,0.5802985429763794,29.01492714881897,-0.93159974,-1.0,-0.42886972,-0.851529,-29.016296863555908,1.0,134480
24736,53.42515672590681,0.5794177651405334,28.970888257026672,-1.0,-1.0,-0.08903924,-0.8120748,-25.6624174118042,1.0,160000
52014,53.42248675549061,0.579366147518158,28.968307375907894,-0.9566507,-1.0,-1.0,0.8981576,-27.13794946670532,1.0,147431
25962,53.40298278154371,0.5789890885353088,28.94945442676544,-1.0,-1.0,-0.47989175,-0.72084975,-60.0,1.0,160000
36866,53.39265099155241,0.5787893533706665,28.939467668533325,-1.0,-0.017390251,-1.0,0.64766216,-53.413379192352295,1.0,127527
4983,53.383530798657375,0.5786130428314209,28.930652141571045,-1.0,-0.85869604,-0.3353093,0.16380975,-36.767038106918335,1.0,90802
7950,53.37574865395797,0.5784626007080078,28.92313003540039,-1.0,0.37080193,1.0,-0.8800067,-43.6703896522522,1.3030955791473389,130024
51027,53.36272790162862,0.5782108902931213,28.910544514656067,-1.0,-1.0,-0.50371295,-0.0902949,-48.49790930747986,1.0,160000
27680,53.35766816436875,0.5781130790710449,28.90565395355225,-1.0,-0.9720384,-1.0,0.08054623,-50.24673461914063,1.0,157683
50361,53.35733208086792,0.5781065821647644,28.90532910823822,-1.0,-1.0,-1.0,-0.10966951,-20.0,1.0,136774
53131,53.34244869677057,0.5778188705444336,28.89094352722168,-0.8848339,-0.50331664,-0.8299976,-0.5965536,-45.52006959915161,1.0,113755
26214,53.31681305104932,0.577323317527771,28.86616587638855,-1.0,-1.0,-0.04973775,0.32796973,-48.718923926353455,1.0,160000
33513,53.29954850552958,0.5769895911216736,28.84947955608368,-1.0,-1.0,0.25895464,-0.7387332,-50.80007314682007,1.0,138291
26211,53.29119516992462,0.576828122138977,28.841406106948853,-0.7937499,0.0436424,-0.26749256,0.29610443,-20.0,1.0,160000
12662,53.29077888869226,0.5768200755119324,28.84100377559662,-0.4489941,-1.0,-0.7949955,-0.55273646,-30.96965432167053,1.0,160000
20961,53.26770426966178,0.5763740539550781,28.818702697753903,-1.0,-1.0,-0.09498328,-0.53735614,-20.0,1.0,160000
42884,53.26604835055701,0.5763420462608337,28.817102313041687,-1.0,-1.0,-1.0,0.2208974,-21.381444931030277,1.0,160000
11764,53.26248981005224,0.5762732625007629,28.813663125038147,-0.15180653,-1.0,-0.7072521,0.04562512,-20.0,1.0,160000
32794,53.23297249303994,0.5757027268409729,28.785136342048645,-0.3035518,-0.9381418,0.17897427,-0.6281531,-35.61927407979965,1.0,160000
23469,53.22427931420353,0.5755347013473511,28.776735067367557,-1.0,-1.0,-0.9435732,-0.227846,-50.78921914100647,1.0,160000
7523,53.22172901109086,0.5754854083061218,28.77427041530609,-1.0,-1.0,-0.07780504,-0.8062597,-35.13815253973007,1.0,140356
38864,53.21502787737482,0.5753558874130249,28.767794370651245,-1.0,-0.6598675,-1.0,-0.658679,-32.89083778858185,1.0,160000
1398,53.21351063251724,0.5753265619277954,28.76632809638977,-1.0,-1.0,-0.91097224,-0.51246953,-27.64575958251953,1.0,160000
49722,53.202393342440935,0.5751116871833801,28.755584359169006,-1.0,-1.0,0.4361897,-0.47514004,-46.7268842458725,1.0,116894
34798,53.183800480687935,0.5747523307800293,28.737616539001465,-0.6604104,-1.0,-1.0,-0.43105498,-20.0,1.0,124272
46286,53.17922699005342,0.5746639370918274,28.73319685459137,-1.0,-1.0,-1.0,-0.19430715,-30.316023230552677,1.0,160000
18705,53.160985219129486,0.574311375617981,28.715568780899048,-1.0,-0.8364003,-0.27984175,0.38123024,-20.0,1.0,155042
23784,53.13367274384848,0.5737835168838501,28.689175844192505,-1.0,-1.0,0.35412645,1.0,-21.25100970268249,1.0,134036
8215,53.11840934007135,0.5734885334968567,28.674426674842834,-0.44533503,-1.0,0.35267073,0.124797896,-20.0,1.0,160000
41328,53.11396196190904,0.5734025835990906,28.67012917995453,-1.0,-1.0,-1.0,0.6235394,-30.442851781845093,1.0,160000
40951,53.0967458936379,0.5730698704719543,28.65349352359772,-1.0,-1.0,0.6563416,1.0,-44.728365540504456,1.0,127059
16880,53.086570921640245,0.5728732347488403,28.643661737442017,-1.0,-1.0,-1.0,-0.391518,-54.443843364715576,1.0,160000
17778,53.08525393423588,0.5728477835655212,28.642389178276066,-1.0,-1.0,-0.42439443,-0.969726,-60.0,1.0,160000
38313,53.06519661971437,0.5724601745605469,28.623008728027344,-1.0,-1.0,-1.0,1.0,-33.702882528305054,1.0,160000
38113,53.05136319013961,0.5721928477287292,28.609642386436462,0.013535857,-0.614743,-0.008495748,-0.58987904,-20.0,2.223374605178833,160000
37697,53.01593504340393,0.5715082287788391,28.57541143894196,-1.0,-1.0,-0.84393233,-0.06317076,-38.198036551475525,1.0,153327
44505,52.98110388373605,0.5708351731300354,28.54175865650177,-1.0,-1.0,-1.0,0.32213902,-20.0,1.0,160000
23818,52.96209915547858,0.5704679489135742,28.52339744567871,-1.0,-0.34624296,-0.75916517,0.44805473,-42.16421216726303,1.0,88840
40514,52.94992678107316,0.5702327489852905,28.511637449264526,-0.6782046,-1.0,-1.0,-0.65458107,-31.34891450405121,1.0,160000
49612,52.93402470264091,0.5699254870414734,28.49627435207367,-1.0,-0.30733776,0.088909626,-0.031704962,-29.401944875717163,1.0,160000
22509,52.93321648061435,0.5699098706245422,28.495493531227112,-1.0,-0.52645534,0.87683266,0.27246994,-45.39926409721375,1.0,160000
18078,52.913618408940536,0.5695312023162842,28.47656011581421,-1.0,-0.167956,-0.6808724,-0.09069732,-57.2772741317749,1.0,160000
18601,52.871511753270674,0.5687176585197449,28.435882925987244,-1.0,-0.8842717,1.0,-0.7273298,-30.0576388835907,1.0,118786
40787,52.868451390592654,0.5686585307121277,28.432926535606384,-0.4278779,-0.98589355,-0.31594545,-0.4265344,-45.335537791252136,1.0,160000
17082,52.84622641617818,0.5682291388511658,28.41145694255829,-0.7242569,-1.0,-1.0,0.23450336,-26.83925986289978,1.0,160000
28154,52.84379841728853,0.5681822299957275,28.409111499786377,-1.0,-1.0,-1.0,0.74642503,-20.0,1.0,160000
7920,52.83830377201602,0.5680760741233826,28.40380370616913,-0.17902666,-1.0,-0.3255442,0.62943906,-24.94293212890625,1.452154278755188,132277
42632,52.83003242936663,0.5679162740707397,28.395813703536987,-0.15202034,-0.8080719,-0.45028988,0.19770092,-20.0,1.0,147212
40700,52.82750257358257,0.5678673982620239,28.3933699131012,-1.0,-1.0,-1.0,-0.2773072,-34.85931754112244,1.0,160000
25185,52.75041862980807,0.5663782358169556,28.31891179084778,-1.0,-0.87892807,-1.0,0.04558173,-38.10767024755478,1.0,160000
40208,52.74832050732667,0.5663377046585083,28.31688523292541,-1.0,0.080809474,-0.6585559,-0.61293125,-28.27469825744629,1.0,160000
52726,52.740683915337016,0.5661901831626892,28.30950915813446,-1.0,-1.0,-0.7203556,0.78534555,-22.34686851501465,1.0,160000
12950,52.73982614440057,0.5661736130714417,28.308680653572083,-0.9756891,-1.0,-1.0,-0.30175635,-31.74996018409729,1.0,160000
30013,52.73951142247529,0.5661675333976746,28.308376669883728,-1.0,-1.0,0.45506644,-0.05876386,-28.1103777885437,1.0,79854
13848,52.732531971318,0.5660327076911926,28.30163538455963,-1.0,-1.0,0.05715406,-0.04540921,-20.0,1.0,160000
35063,52.72062172469512,0.5658026337623596,28.29013168811798,-1.0,-0.9365156,-1.0,0.3426572,-20.0,1.0,160000
8182,52.69966422599806,0.5653977990150452,28.26988995075226,0.07093978,-0.7085347,-0.36157563,-0.08415766,-50.88147044181824,1.0,146733
58034,52.67757992297632,0.5649712085723877,28.248560428619385,-1.0,-0.74168795,-0.5846286,-0.17389578,-20.0,1.0,160000
25922,52.67708003415535,0.5649615526199341,28.248077630996704,-1.0,-1.0,-1.0,0.17283937,-60.0,1.0,160000
15620,52.674605271615285,0.5649137496948242,28.24568748474121,-0.70654523,-1.0,0.2608146,-0.4130507,-20.0,1.0,155423
25670,52.6738646929046,0.5648994445800781,28.244972229003903,-1.0,-0.30917418,-1.0,-0.48551333,-20.0,1.0,160000
58956,52.65799455412109,0.5645928978919983,28.229644894599915,-0.6256166,-0.8808269,-1.0,0.04022968,-51.14723205566406,1.0,100225
23514,52.63949804912683,0.5642356276512146,28.21178138256073,-1.0,-0.41510642,-0.062251925,-0.10436684,-20.0,1.0,85516
33134,52.62982687741944,0.5640488266944885,28.202441334724423,-1.0,-0.79746735,-1.0,-0.4010174,-20.0,1.0,160000
34966,52.61288200419029,0.5637215375900269,28.186076879501343,-0.8722738,-0.82019734,0.16809309,0.24373151,-20.0,1.0,160000
45742,52.52941177295459,0.5621094107627869,28.105470538139343,-1.0,-1.0,-1.0,0.20130363,-20.68171858787537,1.0,144189
30018,52.50314721057303,0.5616021752357483,28.08010876178741,0.11689186,-0.9063785,0.021787584,0.042974353,-21.52429580688477,1.0,132345
206,52.49673063244667,0.5614782571792603,28.073912858963013,-0.9710193,-1.0,-1.0,0.6710887,-20.0,1.0,132595
17889,52.46598346686408,0.5608844757080078,28.04422378540039,-0.5176163,-1.0,-0.22824228,-0.7686224,-20.0,1.0,139743
40751,52.43873230680176,0.5603582262992859,28.01791131496429,-1.0,0.0017029047,-1.0,-0.3884714,-35.02655386924744,1.0,120806
3800,52.43393262847093,0.5602655410766602,28.013277053833008,-1.0,-1.0,-1.0,0.30040145,-59.09643650054932,1.0,160000
13306,52.43269180685591,0.5602415800094604,28.012079000473022,-1.0,-1.0,-1.0,-0.45158726,-47.29310691356659,1.0,96697
26524,52.407578665590734,0.5597566366195679,27.987831830978397,-1.0,-0.28674555,-1.0,-0.5098752,-31.588346362113956,1.0,160000
15913,52.40039893494049,0.5596179962158203,27.980899810791016,-1.0,0.22798836,-0.34595555,-0.60704136,-20.0,1.0,160000
34564,52.393425956355344,0.5594833493232727,27.974167466163635,-0.72236466,-1.0,-0.12293929,0.56242245,-36.01745784282684,1.0,160000
55561,52.38485087273557,0.5593177676200867,27.965888381004333,-1.0,-1.0,-0.3988351,-0.5537519,-20.0,1.0,160000
34403,52.37641152200527,0.5591548085212708,27.957740426063538,-1.0,-1.0,0.18399966,-0.10836342,-35.85200220346451,1.0,160000
52482,52.37560894582403,0.5591393113136292,27.956965565681458,-0.015794039,-1.0,-1.0,-0.10540849,-20.0,1.0,160000
10049,52.36754301254088,0.558983564376831,27.949178218841556,-1.0,-0.667779,-1.0,0.37954843,-20.0,1.0,160000
59345,52.3660613171613,0.5589549541473389,27.947747707366943,-1.0,-1.0,0.39547408,0.115231335,-20.0,1.0,129516
1278,52.31218447412982,0.557914674282074,27.8957337141037,-0.5589076,-0.91411227,0.36387688,-0.15206607,-33.14337611198425,1.0,160000
56401,52.28670034746198,0.5574226379394531,27.871131896972656,-1.0,-1.0,0.12101942,-0.8170697,-59.67139482498169,1.0,112117
184,52.28326741709587,0.5573563575744629,27.867817878723145,-1.0,-0.2772841,-0.9441217,-0.105322,-55.815805196762085,1.0,160000
41997,52.27276787232149,0.5571536421775818,27.85768210887909,-1.0,-0.14137411,-0.5368043,-0.64134353,-20.0,1.0,160000
20865,52.24205262472034,0.5565606355667114,27.82803177833557,-1.0,-1.0,-0.2764554,-0.017445847,-60.0,1.0,160000
24049,52.22272882121376,0.5561875700950623,27.809378504753116,-1.0,-1.0,0.52985734,-0.4309777,-59.07992959022522,1.0,151850
28160,52.19951743317638,0.5557394623756409,27.786973118782043,-0.99997014,-0.8700771,-1.0,0.7219653,-42.81050264835358,1.0,142766
59016,52.18456460791303,0.5554507970809937,27.772539854049683,-1.0,-1.0,-0.55380726,0.83616924,-20.0,1.0,160000
55246,52.17827526334074,0.5553293824195862,27.76646912097931,-1.0,-0.8850696,-0.2901845,-0.7915874,-60.0,1.0,160000
40202,52.17577433248213,0.5552811026573181,27.764055132865906,-0.0043045282,0.037193775,-0.9805822,0.04337859,-21.50231122970581,1.0,160000
57938,52.16846292582199,0.55513995885849,27.7569979429245,-1.0,-0.14741123,-1.0,-0.11981219,-34.45351600646973,1.0,160000
34232,52.16674004271447,0.5551066994667053,27.755334973335263,-0.73358047,-0.91635406,-1.0,-0.22452065,-20.0,1.0,160000
301,52.16281877207878,0.5550310015678406,27.75155007839203,-1.0,-1.0,-1.0,-0.7719823,-43.57467502355576,1.0,160000
47474,52.15701093469901,0.5549188852310181,27.745944261550903,-1.0,-1.0,-0.53006893,1.0,-20.0,1.0,116709
39519,52.09818922603642,0.5537834167480469,27.689170837402344,-1.0,-0.72521573,1.0,-0.74304616,-20.0,1.0,157829
46417,52.08455001802323,0.553520143032074,27.6760071516037,-1.0,-1.0,-1.0,0.47071326,-48.24244916439056,1.0,160000
40944,52.07978535118549,0.5534281730651855,27.67140865325928,-0.29611433,-0.7516438,-1.0,-0.8170413,-20.0,1.0,160000
30257,52.059441796635184,0.5530354976654053,27.651774883270264,-1.0,-1.0,-0.12405163,-0.19869226,-33.724244832992554,1.0,160000
22080,52.05455037503201,0.552941083908081,27.647054195404053,-0.41964293,-0.80424273,-1.0,-0.41805187,-60.0,1.0,160000
21931,52.02250219536583,0.552322506904602,27.616125345230103,-1.0,-1.0,-1.0,-0.34667537,-20.0,1.0,73057
26284,52.00246913013419,0.5519358515739441,27.596792578697205,-0.06548989,-1.0,-1.0,0.60427576,-21.35798573493957,1.0,160000
13856,51.98821685113698,0.5516607761383057,27.583038806915283,-1.0,-1.0,-1.0,-0.5277475,-34.55498933792114,1.0,133743
52876,51.98821685113698,0.5516607761383057,27.583038806915283,-0.64228034,-0.8047881,-0.04993546,0.97622323,-24.70134139060974,1.0,96608
24199,51.96357819700326,0.5511852502822876,27.55926251411438,-1.0,-0.8411789,-1.0,-0.17983148,-24.523438215255737,1.0,160000
46517,51.95534146920147,0.5510262846946716,27.55131423473358,-0.44189578,-0.7392739,-1.0,-0.3435254,-29.03001427650452,1.0,160000
54948,51.93965841050742,0.5507236123085022,27.53618061542511,-1.0,-1.0,0.264359,-0.7778612,-60.0,1.0,160000
30148,51.89491463209768,0.5498601198196411,27.493005990982056,-1.0,-1.0,-1.0,-0.062569916,-20.35230755805969,1.0,157764
42370,51.88677295760638,0.5497030019760132,27.48515009880066,-1.0,-1.0,-1.0,-0.547583,-37.01147556304932,1.0,79108
51351,51.88111759617653,0.5495938658714294,27.479693293571472,-0.59504217,-1.0,-0.84220284,-0.43545622,-20.07333993911743,1.0,160000
19098,51.871659989381,0.5494113564491272,27.47056782245636,-1.0,-0.32742697,0.49438894,-0.20420492,-42.90955603122711,1.0,87164
16835,51.84181931165483,0.5488355159759521,27.441775798797607,-0.6650011,-0.2501861,1.0,-0.065945685,-22.195037603378296,1.0,136193
46726,51.83113805225943,0.5486294031143188,27.431470155715942,-0.6579899,-1.0,-1.0,1.0,-30.64657151699066,1.0,160000
56103,51.826859948983326,0.5485468506813049,27.427342534065247,-1.0,-1.0,-0.070586026,0.15265495,-36.04832112789154,1.213395357131958,160000
22867,51.815273434231216,0.5483232736587524,27.416163682937626,-0.104374886,-1.0,0.41292733,1.0,-37.53774642944336,1.0,107518
422,51.80763754903916,0.5481759309768677,27.408796548843384,-1.0,-1.0,-0.034123123,-0.3036694,-46.35807693004608,1.0,160000
59784,51.80210210489768,0.5480691194534302,27.40345597267151,-1.0,-0.26330674,-1.0,0.26842856,-60.0,1.0,160000
52616,51.80073368288532,0.5480427145957947,27.40213572978973,-1.0,-1.0,-1.0,-0.86509806,-28.725786209106445,1.0,160000
48975,51.77004088041866,0.5474504828453064,27.37252414226532,-0.051443934,-1.0,-0.1392765,-0.4906026,-52.56899833679199,1.0,160000
24790,51.749207659505245,0.5470485091209412,27.352425456047055,-1.0,-1.0,-1.0,0.062105596,-20.0,1.0,160000
60655,51.74256587567002,0.5469203591346741,27.346017956733704,-1.0,-0.81934214,-1.0,-0.34468776,-42.8346848487854,1.0,160000
44863,51.73995857435951,0.5468700528144836,27.343502640724186,-0.6892524,-1.0,-0.68558824,-0.3441233,-20.0,1.0,160000
19750,51.73749954783413,0.5468226075172424,27.34113037586212,-1.0,-1.0,-0.51182675,-0.5543537,-20.0,1.0,160000
49604,51.7264925315425,0.5466102361679077,27.330511808395386,-1.0,-0.9933257,0.49939895,0.2428931,-49.35833513736725,1.0,160000
57894,51.71609395986541,0.5464096069335938,27.320480346679688,-1.0,-1.0,-0.4605469,0.20279115,-20.0,1.0,160000
14189,51.71567072340417,0.5464014410972595,27.320072054862976,-1.0,-0.88159245,-1.0,0.15697363,-60.0,1.0,160000
37803,51.67974732795096,0.5457083582878113,27.285417914390564,-1.0,-0.96134275,0.5664095,0.052292585,-41.60260677337647,1.0,160000
52233,51.6797257017545,0.5457079410552979,27.285397052764893,-0.8214914,-0.90873945,-1.0,0.3515032,-38.630268573760986,1.0,160000
23580,51.67943838223171,0.5457023978233337,27.285119891166687,-1.0,-1.0,-1.0,0.59578335,-44.05353248119354,1.0,135882
60648,51.6774580373379,0.5456641912460327,27.28320956230164,-0.42105222,0.021532178,1.0,-0.17683208,-21.202080249786377,1.0,160000
23689,51.67477946631936,0.5456125140190125,27.280625700950623,-0.615884,-1.0,-0.6742925,-0.6548339,-34.00366306304932,1.0,144131
33903,51.67329960605029,0.545583963394165,27.27919816970825,-0.8134188,-1.0,-0.4488694,-0.4492204,-20.0,1.0,160000
34870,51.66849853738695,0.5454913377761841,27.274566888809204,-0.59177214,-1.0,-0.8025264,-0.5927315,-20.0,1.1234281063079834,160000
13479,51.658714030838254,0.5453025698661804,27.26512849330902,-0.8141593,-1.0,1.0,-0.89333355,-34.614765644073486,1.0,160000
50580,51.65055143006435,0.5451450943946838,27.257254719734192,-1.0,-1.0,-1.0,-0.2406404,-51.46080374717712,1.0,160000
55633,51.59422041030286,0.5440583825111389,27.202919125556942,-0.87417513,-1.0,-1.0,0.24605513,-49.4090062379837,1.0,154824
58135,51.58521671755971,0.5438846945762634,27.19423472881317,-1.0,-1.0,-1.0,-0.6952712,-20.0,1.4477638006210327,160000
27759,51.57363906708562,0.54366135597229,27.183067798614506,-1.0,-0.22283876,-0.5657049,-0.24465278,-45.48674702644348,1.0,160000
55806,51.56057499835134,0.5434093475341797,27.170467376708984,-1.0,-1.0,0.001824677,-0.75594014,-30.015456676483154,1.0,112605
29798,51.55578560992278,0.5433169603347778,27.16584801673889,-1.0,-1.0,-0.1544751,-0.0033608377,-36.55606061220169,1.0,160000
44549,51.547560154060776,0.5431582927703857,27.157914638519287,-1.0,-1.0,-1.0,-0.53677565,-20.0,1.0,160000
34434,51.541065011791474,0.5430330038070679,27.151650190353397,-1.0,-0.75667953,-1.0,-0.086045,-20.0,1.0,160000
28915,51.53477066756732,0.5429115891456604,27.14557945728302,-1.0,-1.0,-1.0,-0.5032775,-47.31278896331787,1.0,160000
7137,51.51888162914244,0.5426051020622253,27.130255103111267,-1.0,-1.0,-1.0,-0.47639227,-37.34041899442673,1.0,160000
39608,51.50581665764749,0.542353093624115,27.11765468120575,-0.9974,-1.0,-1.0,0.70071024,-26.422888040542603,1.0,160000
4187,51.50361339023888,0.5423105955123901,27.115529775619507,0.02313888,-0.9103828,-1.0,-0.54218584,-20.01312732696533,1.0,107951
3677,51.47921635094727,0.5418400168418884,27.09200084209442,-1.0,-0.8068959,-1.0,-0.7389747,-60.0,1.0,131918
56855,51.47504143055617,0.5417594909667969,27.087974548339844,-1.0,0.47633052,-0.76859367,-0.825489,-58.64432215690613,1.0,113826
54475,51.47201606733354,0.5417011380195618,27.08505690097809,-0.47623092,-1.0,-1.0,0.36147657,-38.12499463558197,1.0,160000
26314,51.4655388461744,0.5415762066841125,27.078810334205627,-0.90692776,-1.0,-0.5893227,0.23951057,-28.200621604919437,1.0,156056
14316,51.45317449905493,0.5413377285003662,27.06688642501831,-1.0,-1.0,1.0,-0.71988875,-60.0,1.0,120488
15836,51.434134693689664,0.540970504283905,27.04852521419525,-1.0,-1.0,0.075947285,0.528749,-60.0,1.0,85702
45762,51.41956326051101,0.5406894683837891,27.034473419189453,-0.83073545,-1.0,-1.0,0.22832248,-20.0,1.0,160000
54102,51.3900178072042,0.5401196479797363,27.005982398986816,-1.0,-0.6796472,-1.0,-0.8416894,-26.471505165100098,1.0,160000
19968,51.38615456424032,0.5400451421737671,27.002257108688354,-0.68970203,-0.60751224,-0.317936,-0.7216781,-20.0,2.3620835542678837,160000
22371,51.38551171876416,0.5400327444076538,27.00163722038269,-0.43266732,-1.0,-1.0,-0.6898756,-35.33929884433746,1.0,154263
45362,51.384844147904175,0.5400198698043823,27.00099349021912,-0.45160657,-0.1815201,0.06669086,-0.23343205,-37.00062245130539,1.0,101979
59672,51.358632270267805,0.5395143628120422,26.975718140602112,-1.0,-0.20515323,-0.36872333,-0.92928785,-20.0,5.213047623634338,160000
36377,51.35687674469699,0.5394805073738098,26.97402536869049,-1.0,-1.0,-0.9423609,-0.8090049,-20.0,1.0,160000
39826,51.3383044027577,0.5391223430633545,26.956117153167725,-0.6021958,-0.97214574,-0.24665922,1.0,-22.465405464172363,1.0,160000
13646,51.32811090787749,0.5389257669448853,26.946288347244263,-1.0,-1.0,-1.0,-0.71298647,-28.770997524261475,1.0,160000
35123,51.32213939911429,0.5388106107711792,26.94053053855896,-1.0,-0.62530094,-0.28907746,-0.39959857,-32.11738586425781,1.0,159404
4117,51.31783073554158,0.5387275218963623,26.936376094818115,-0.9754736,-0.27789956,-0.70011276,-0.8803966,-36.986979246139526,1.0,160000
60735,51.30965224556428,0.5385698080062866,26.92849040031433,-0.9533956,-0.4777888,-0.7080224,1.0,-45.71804404258728,1.0,160000
50577,51.30842824649088,0.5385462045669556,26.92731022834778,-1.0,-1.0,-1.0,-0.24966842,-58.2690954208374,1.0,160000
25415,51.3008493003603,0.5384000539779663,26.920002698898315,-1.0,-1.0,-1.0,-0.69430935,-20.0,1.0,112094
25852,51.28994439049819,0.5381897687911987,26.909488439559937,-1.0,-1.0,-1.0,-0.24398595,-26.308826208114624,1.0,85833
14082,51.26225487701902,0.5376558303833008,26.88279151916504,-0.37455785,-0.69999605,-0.011498272,-0.92037743,-20.0,1.0,160000
48226,51.24470963815601,0.5373175144195557,26.865875720977783,-1.0,-1.0,-1.0,-0.39284694,-50.40580034255981,1.0,132915
49925,51.241194978708734,0.537249743938446,26.862487196922302,-1.0,-0.9600172,-1.0,-0.97911733,-53.71123909950256,1.0,160000
7514,51.233646289585536,0.5371041893959045,26.855209469795227,-1.0,-0.23153746,-0.636637,-0.9128578,-20.0,1.0,160000
17283,51.221877977851065,0.5368772745132446,26.84386372566223,-1.0,-1.0,-0.12428224,0.018713884,-52.197229862213135,1.0,160000
19427,51.20819906161751,0.5366135239601135,26.83067619800568,-1.0,-1.0,-1.0,-0.90794456,-48.86708378791809,1.0,160000
54338,51.20779100888132,0.5366056561470032,26.83028280735016,-0.69397765,-0.66165406,-1.0,0.8507876,-22.439154386520386,1.0,160000
10827,51.20665031486468,0.536583662033081,26.829183101654053,-1.0,-1.0,-0.8672157,-0.58288074,-26.1750066280365,1.0,120191
14296,51.17854357785813,0.5360417366027832,26.80208683013916,-0.4494865,-1.0,-0.47762454,0.011085283,-32.12112665176392,1.0,123536
57358,51.16207846608247,0.5357242822647095,26.786214113235477,-1.0,-0.42587897,-1.0,0.7089963,-40.57593166828156,1.0,160000
26104,51.15353971749366,0.5355596542358398,26.777982711791992,-1.0,-1.0,-0.9415399,-0.7402787,-20.0,1.0,160000
11079,51.13825505970021,0.5352649688720703,26.76324844360352,-1.0,-1.0,-1.0,-0.7606662,-29.13166880607605,1.0,160000
36508,51.124924018486354,0.5350079536437988,26.75039768218994,-0.21524465,-1.0,-1.0,0.9573002,-20.0,1.0,160000
39066,51.12483126924677,0.5350061655044556,26.75030827522278,-1.0,-0.43886524,-1.0,0.5012513,-55.71991205215454,1.0,85433
41963,51.10730146230932,0.5346682071685791,26.733410358428955,-0.18914092,-1.0,-0.7850857,-0.5589855,-38.67565274238586,1.0,160000
10406,51.1040891669094,0.5346062779426575,26.730313897132877,-1.0,-0.9015236,-0.59890884,1.0,-60.0,1.0,150131
41502,51.066276441627465,0.5338773131370544,26.69386565685272,-0.596374,0.6274444,-0.8855029,0.48203284,-22.38079071044922,1.0,160000
32382,51.059987537871095,0.5337560772895813,26.687803864479065,-1.0,-1.0,-0.7281137,-0.3248937,-20.0,1.0,158443
13139,51.0494564458344,0.5335530638694763,26.677653193473816,-1.0,-0.6256706,-1.0,-0.25876802,-20.0,1.0,78998
20529,51.03967037763393,0.5333644151687622,26.66822075843811,-1.0,-1.0,0.6398574,-0.7736498,-20.0,1.3663340210914612,160000
57915,51.01151115715047,0.5328215956687927,26.64107978343964,-1.0,-0.27599132,-0.3169241,1.0,-39.84376609325409,1.0,136209
23163,50.98673686380913,0.5323440432548523,26.61720216274261,-1.0,-1.0,-1.0,-0.7162123,-20.0,1.7264351844787598,152369
4703,50.974367968942985,0.5321056246757507,26.605281233787537,-0.64747626,-1.0,-0.7547431,-0.9895707,-23.459560871124268,7.301866769790649,124649
55896,50.931566950093554,0.5312806367874146,26.564031839370728,-1.0,-1.0,-0.6808498,1.0,-20.0,1.0,160000
54224,50.92699324308285,0.5311924815177917,26.559624075889587,-0.54288214,-1.0,-1.0,1.0,-44.20543015003204,1.0,131150
36210,50.90758483298824,0.5308184027671814,26.54092013835907,-1.0,-1.0,-0.9575334,1.0,-28.15906286239624,1.0,114725
3968,50.90676840715216,0.5308026671409607,26.540133357048035,-0.16095036,-1.0,0.06875998,-0.50540686,-46.99463665485382,1.0,160000
56173,50.87612396960131,0.5302120447158813,26.510602235794067,-1.0,-1.0,-0.2618971,0.013784885,-20.0,1.0,160000
54065,50.861953319835614,0.5299389362335205,26.496946811676025,-1.0,-0.46536657,-1.0,1.0,-60.0,1.0,160000
41218,50.86169662512837,0.5299339890480042,26.496699452400208,-1.0,0.0037868023,-1.0,0.41749206,-23.00179958343506,1.0,160000
36919,50.85099268750163,0.5297276973724365,26.486384868621823,-1.0,-1.0,-0.4920136,-0.53020835,-20.0,1.0,160000
15519,50.83959271891614,0.5295079946517944,26.47539973258972,-1.0,-1.0,-1.0,0.11817138,-40.11705309152603,1.0,160000
49653,50.838831890143815,0.5294933319091797,26.474666595458984,-1.0,-0.09635258,-1.0,0.3251629,-22.06063747406006,1.0,160000
9503,50.829500850496544,0.5293135046958923,26.465675234794617,-1.0,-0.43060273,0.019958436,-0.57182634,-37.90660232305527,1.0,110376
48525,50.81569119483829,0.5290473699569702,26.45236849784851,0.2392124,-1.0,0.18309665,-0.03075248,-41.21226966381073,1.0,160000
21417,50.808330065601005,0.5289055109024048,26.44527554512024,-1.0,0.010618806,-0.4115863,-0.7233095,-37.860934883356094,1.0,160000
42645,50.77355239592743,0.5282353162765503,26.411765813827515,-0.7526338,-0.96126926,-1.0,0.99575365,-20.0,1.0,74601
14081,50.73758841507638,0.5275422930717468,26.37711465358734,-0.9401682,-0.30983347,-1.0,-0.55193985,-32.77185916900635,1.932505428791046,160000
45843,50.70650402469019,0.5269433259963989,26.347166299819943,-1.0,-0.05868292,-1.0,-0.09226453,-35.09865194559097,1.0,160000
8650,50.69785497870427,0.5267766714096069,26.338833570480347,-1.0,-1.0,0.2805323,-0.25183195,-50.03971099853516,1.0,160000
42489,50.67911194216697,0.5264155268669128,26.32077634334564,-1.0,-0.2900828,0.11648172,-0.31268585,-20.0,1.0,160000
53543,50.67720327514908,0.5263787508010864,26.31893754005432,-1.0,-0.21924186,-1.0,-0.54072756,-54.73005771636963,1.0,160000
19063,50.67069459110654,0.526253342628479,26.31266713142395,-1.0,-0.14255446,-0.24031472,-0.35814384,-60.0,1.0,160000
51128,50.66620591707814,0.5261668562889099,26.308342814445496,-0.024350882,-0.6799405,0.5106981,-0.3127178,-35.518713891506195,1.0,160000
25664,50.662326641536175,0.5260921120643616,26.30460560321808,-0.017707467,-1.0,-0.950562,-0.47068387,-32.13484227657318,1.0,115295
9344,50.61517048277759,0.5251835584640503,26.259177923202515,-1.0,-1.0,-0.038818598,-0.7717589,-45.549737215042114,1.0,94913
13025,50.605149839226186,0.5249904990196228,26.24952495098114,-1.0,-1.0,-1.0,-0.6054468,-54.64418649673462,1.0,90610
35,50.595840636106445,0.5248111486434937,26.240557432174683,-0.4766335,-0.99115264,-1.0,-0.8213732,-32.046868205070496,1.0,160000
13685,50.58660556846473,0.5246332287788391,26.23166143894196,-0.6049227,-1.0,-0.2541814,-0.3683194,-60.0,1.0,118703
20867,50.55171546523527,0.523961067199707,26.19805335998535,0.0265311,-1.0,-1.0,0.21531482,-43.10300618410111,1.0,160000
42085,50.52322545620555,0.5234122276306152,26.17061138153076,-0.8995431,-1.0,-1.0,-0.15698463,-34.24466609954834,1.0,160000
24788,50.49600607460748,0.5228878855705261,26.144394278526303,-1.0,0.13501906,-0.2416561,0.5047515,-42.3746258020401,1.0,91882
420,50.45881566308205,0.5221714973449707,26.10857486724853,-1.0,-1.0,-0.34136298,0.48414332,-60.0,1.0,160000
34625,50.458725926060055,0.5221697688102722,26.10848844051361,-1.0,0.02795744,-1.0,0.72577965,-60.0,1.0,160000
49615,50.44299392837407,0.5218667387962341,26.093336939811707,-1.0,-0.7556254,-0.40074757,0.6979096,-53.15629720687866,1.0,160000
54685,50.43624181496544,0.5217366814613342,26.08683407306671,-1.0,-0.06798327,-1.0,0.8845218,-60.0,1.0,160000
35249,50.41411598484743,0.5213105082511902,26.06552541255951,-0.98929036,0.23019803,-1.0,1.0,-30.646623373031616,1.0,99011
42634,50.398862698320414,0.5210167169570923,26.05083584785461,-1.0,-0.50658625,-1.0,0.576044,-20.0,1.0,160000
32107,50.39160574823445,0.520876944065094,26.0438472032547,-0.55721253,-1.0,-1.0,-0.8140239,-24.525004625320435,1.0,160000
10275,50.38888862856818,0.5208246111869812,26.04123055934906,-1.0,-0.8874945,-0.96644866,-0.49675533,-44.960012435913086,1.0,140533
58658,50.38850179408173,0.5208171606063843,26.04085803031921,-1.0,-0.6494043,-0.9551207,0.29329687,-35.73579549789429,1.0,160000
19970,50.37881848652354,0.5206306576728821,26.031532883644104,-1.0,-1.0,-1.0,0.25421578,-60.0,1.0,110001
42955,50.3640317756537,0.5203458666801453,26.017293334007263,-1.0,-0.8580782,0.08686155,0.25107738,-28.52147102355957,1.0,160000
19895,50.34943664548112,0.5200647711753845,26.003238558769223,-1.0,-1.0,-0.3458189,0.23478332,-29.412137269973755,1.0,160000
12533,50.34842772619996,0.5200453400611877,26.002267003059387,-1.0,-1.0,1.0,-0.9935936,-20.0,1.0,160000
52578,50.34756426349789,0.5200287103652954,26.00143551826477,0.02805698,-1.0,-0.65219486,1.0,-56.018433570861816,1.0,160000
55816,50.34207707339371,0.5199230313301086,25.996151566505432,-1.0,-1.0,-0.30312085,-0.24336463,-51.80934190750122,1.0,160000
32590,50.32082117190138,0.5195136666297913,25.975683331489563,-1.0,-1.0,-0.40685505,-0.51008487,-21.524147987365723,1.0,160000
46696,50.309663741630814,0.519298791885376,25.9649395942688,-1.0,-1.0,-1.0,0.47859144,-20.0,1.0,160000
50707,50.30721867856694,0.5192517042160034,25.96258521080017,-1.0,-1.0,-1.0,0.6392152,-32.547205090522766,1.0,134526
15510,50.30629017145168,0.5192338228225708,25.96169114112854,-1.0,-0.90541667,-1.0,-0.89062,-43.96575689315796,1.6025469303131104,160000
5159,50.30137834907882,0.5191392302513123,25.956961512565613,-1.0,-1.0,1.0,-0.9906869,-20.0,3.123808264732361,160000
58740,50.27722729882044,0.5186741352081299,25.93370676040649,-0.20786107,-0.8414594,-0.45320815,1.0,-21.536012887954712,1.0,145963
29398,50.27570757879224,0.5186448693275452,25.93224346637726,-0.56814116,-0.588322,-0.47016808,-0.9351565,-23.991458415985107,1.0,160000
30706,50.2681925009672,0.5185001492500305,25.92500746250153,-0.67556053,-1.0,-0.10995275,-0.0021939576,-57.61732459068298,1.0,160000
30117,50.22882373324698,0.5177420377731323,25.887101888656616,-0.6327213,-1.0,-1.0,-0.24746114,-40.9504622220993,1.0,160000
23354,50.188654175490456,0.5169685482978821,25.848427414894104,-1.0,-1.0,-1.0,-0.33517447,-28.000311851501465,1.0,160000
8656,50.18737262546904,0.5169438719749451,25.847193598747253,-0.49995953,-0.39623243,-0.96383065,0.28873476,-37.57108718156815,1.0,160000
49566,50.185920818464886,0.5169159173965454,25.84579586982727,-1.0,-0.061327696,-0.76643664,-0.19728476,-38.22668254375458,1.0,160000
51669,50.185252181419656,0.5169030427932739,25.845152139663696,-1.0,-0.5216202,-0.47266483,-0.021675289,-44.94314670562744,1.0,160000
32762,50.17640196873589,0.5167326331138611,25.83663165569305,-1.0,-0.9056562,-1.0,-0.5108973,-20.321238040924072,1.0,160000
25366,50.16876512907416,0.5165855884552002,25.82927942276001,-0.28960574,-0.94018114,-1.0,-0.67145795,-35.115412175655365,1.0,127519
45388,50.13018964626869,0.515842854976654,25.792142748832703,-1.0,-0.61344844,-0.37826884,-0.54281974,-20.0,1.0,73399
50030,50.105159825855736,0.515360951423645,25.76804757118225,-0.31697,-0.81203556,-0.89095837,1.0,-54.80661034584045,1.0,160000
20713,50.10191842341875,0.5152985453605652,25.76492726802826,-0.79371595,-1.0,0.27118778,-0.371788,-55.17731428146362,1.0,129011
41372,50.09238298067616,0.515114963054657,25.75574815273285,-1.0,-1.0,-1.0,0.7263827,-22.34341859817505,1.0,143100
22871,50.08946349992411,0.5150587558746338,25.75293779373169,-1.0,-0.8226186,0.2774251,-0.64152205,-44.19411599636078,1.0,152761
22862,50.08760901975165,0.5150230526924133,25.751152634620667,-1.0,-1.0,-0.83829725,0.83304274,-20.835349559783936,1.2915766835212708,160000
17986,50.08570809518811,0.5149864554405212,25.749322772026066,-1.0,0.06137526,0.052851915,-0.9611172,-20.0,1.0,131070
12625,50.06874815699071,0.5146599411964417,25.732997059822083,-1.0,-0.7878784,-0.9770428,-0.09422143,-57.00295090675354,1.0,160000
491,50.0656397201609,0.5146000981330872,25.73000490665436,-0.38328332,-1.0,-1.0,-0.5752772,-20.0,1.0,137441
15142,50.06349724387584,0.5145588517189026,25.72794258594513,-1.0,-0.7995665,0.036842406,-0.86024565,-60.0,1.0,160000
58025,50.02842411666133,0.513883650302887,25.694182515144348,-1.0,-1.0,-1.0,0.4660536,-30.04817128181457,1.0,108199
12737,50.00805998108769,0.5134916305541992,25.67458152770996,-1.0,-0.55735165,0.43440658,1.0,-27.479315996170044,1.0,114632
24648,49.99000207549433,0.5131440162658691,25.657200813293457,-0.47553194,-1.0,-0.077620685,-0.11102083,-42.36102283000946,1.0,157589
46273,49.98129188259779,0.512976348400116,25.6488174200058,-1.0,-1.0,-0.61242115,-0.31898224,-39.52688992023468,1.0,160000
18082,49.97902839159391,0.5129327774047852,25.646638870239254,-1.0,-0.9098095,-1.0,1.0,-60.0,1.0,143303
43884,49.97902839159391,0.5129327774047852,25.646638870239254,-1.0,-1.0,-1.0,1.0,-25.27583122253418,1.0,160000
15417,49.96950369099994,0.512749433517456,25.637471675872803,-1.0,-0.94277424,-1.0,-0.4321303,-25.105321407318115,1.4728496074676514,133605
47596,49.937816729623655,0.5121394991874695,25.606974959373478,-1.0,-0.13495028,0.3846259,-0.54980946,-24.146747589111328,1.0,160000
7786,49.932298538668505,0.5120332837104797,25.601664185523987,-0.342072,0.03991902,1.0,-0.7861616,-20.0,1.0,97473
26215,49.9282574119378,0.5119554996490479,25.597774982452396,-0.57782066,-1.0,-1.0,1.0,-36.90192252397537,1.0,160000
58128,49.92659140814448,0.5119234323501587,25.59617161750793,-1.0,-1.0,-1.0,-0.385688,-20.0,1.0,160000
39821,49.90239984746768,0.5114578008651733,25.572890043258667,-0.5654221,-0.3539141,-0.036386013,1.0,-20.0,1.0,160000
58734,49.89168493858489,0.5112515687942505,25.562578439712524,-1.0,-1.0,-0.5158922,1.0,-22.311294078826904,1.0,160000
26283,49.8831965094227,0.5110881924629211,25.554409623146057,-0.27140844,-1.0,-0.17735237,0.44211686,-33.90212833881378,1.0,147764
10786,49.87847998309928,0.5109974145889282,25.54987072944641,-1.0,-0.1709879,-1.0,-0.82225597,-20.732543468475345,2.6274046897888184,151909
58761,49.87045593178433,0.5108429789543152,25.54214894771576,-1.0,-1.0,-1.0,-0.8167657,-39.459378123283386,1.0,160000
17820,49.84525591410499,0.5103579759597778,25.51789879798889,-1.0,-1.0,-0.36614138,0.60700524,-20.0,1.0,160000
36703,49.8241958482045,0.5099526643753052,25.49763321876526,-1.0,-1.0,-1.0,-0.9679215,-60.0,1.0,160000
10941,49.81512743708672,0.5097781419754028,25.48890709877014,-1.0,-1.0,0.44593364,-0.74330884,-53.17325949668884,1.066656470298767,160000
59813,49.79104044933615,0.5093145966529846,25.46572983264923,-0.969402,-1.0,-0.60139084,0.43763813,-20.0,1.0,127187
42646,49.78345521516268,0.5091686248779297,25.458431243896484,-0.6204515,-1.0,-1.0,1.0,-60.0,1.0,160000
54064,49.78221319879776,0.5091447234153748,25.457236170768734,-0.786924,0.19921684,0.5308657,1.0,-42.22307205200195,1.0,160000
54972,49.759689267594965,0.5087112784385681,25.43556392192841,-1.0,-0.14356112,-0.75363165,-0.50911087,-22.01879978179932,1.0,160000
57903,49.70109019105057,0.5075836777687073,25.379183888435364,-0.9023713,-1.0,0.09210682,-0.6974035,-38.46019744873047,1.0,139291
18686,49.70035914279973,0.5075696110725403,25.37848055362701,-1.0,-1.0,-1.0,-0.7826068,-52.858465909957886,1.212085247039795,160000
34800,49.69413281088748,0.5074498057365417,25.372490286827087,-1.0,-1.0,-1.0,-0.21346846,-29.241509437561035,1.0,132762
17599,49.68822548823659,0.5073361396789551,25.366806983947757,-0.71042854,-1.0,-0.89556813,-0.33638966,-46.29910588264465,1.0,160000
47422,49.6214633622961,0.5060515999794006,25.30257999897003,-0.8701915,0.029430628,-1.0,0.2989263,-20.0,1.0,160000
51659,49.62120003088869,0.5060465335845947,25.302326679229736,-1.0,-1.0,-1.0,-0.2317872,-20.0,1.0,160000
58738,49.61176650434314,0.5058650374412537,25.293251872062683,-0.9076987,-0.9580272,-0.14718962,1.0,-20.0,1.0,156568
41007,49.61044363171082,0.5058395862579346,25.29197931289673,-0.38349104,-0.5268767,1.0,-0.7818872,-29.1298508644104,1.0,160000
30083,49.60598240323117,0.505753755569458,25.2876877784729,-1.0,0.08261597,0.14403796,0.9161451,-48.49307715892792,1.0,158910
9306,49.605703575495006,0.5057483911514282,25.28741955757141,-0.18894279,-1.0,0.79821527,-0.9331745,-52.45175838470459,1.0,100023
20069,49.58837885806319,0.5054150819778442,25.27075409889221,-1.0,-1.0,0.20968705,-0.16294494,-46.34144425392151,1.0,130388
47876,49.58444727636126,0.5053394436836243,25.266972184181213,-0.7042415,-1.0,0.5137211,-0.062776506,-20.0,1.0,160000
18041,49.57737099247906,0.5052033066749573,25.260165333747864,-1.0,-1.0,-1.0,-0.9036823,-33.329010009765625,1.0,110761
55817,49.56356211553471,0.5049376487731934,25.246882438659668,-0.9399321,0.3964461,-0.3108195,-0.22637433,-23.17165732383728,1.0,160000
25858,49.55431060182306,0.504759669303894,25.237983465194706,-0.34341204,-1.0,-0.36342955,-0.29412693,-20.0,1.0,160000
60578,49.528857453271286,0.5042700171470642,25.21350085735321,-1.0,-0.35603815,-1.0,1.0,-34.75383937358856,1.0,84062
14405,49.52198509650776,0.5041378140449524,25.20689070224762,-1.0,-1.0,-0.77271175,0.2186804,-60.0,1.0,97256
35867,49.47355750747548,0.5032062530517578,25.16031265258789,-1.0,-0.4707661,-1.0,1.0,-43.72059524059296,1.0,89649
31646,49.46815338478264,0.5031023025512695,25.15511512756348,-1.0,-1.0,0.7746848,0.4256091,-20.0,1.0,160000
58508,49.4438374029204,0.502634584903717,25.13172924518585,-1.0,-1.0,-1.0,-0.2775491,-20.0,1.0,160000
19511,49.43912098763408,0.5025438666343689,25.127193331718445,-0.97626144,-1.0,-0.10934821,0.6375172,-27.447052001953125,1.0,109833
40800,49.427930991539256,0.502328634262085,25.116431713104248,-1.0,-0.8993573,-1.0,0.8377907,-46.1518657207489,1.0,160000
3799,49.411881656966926,0.5020199418067932,25.10099709033966,-1.0,-0.9932856,0.52492326,-0.58667207,-35.187301337718964,1.0,102038
1647,49.40992311024702,0.5019822716712952,25.09911358356476,-0.45902878,-1.0,0.44925272,-0.6348369,-45.45753359794617,1.0,116595
26241,49.40039680742754,0.5017990469932556,25.08995234966278,-1.0,-0.28936422,-0.4020388,1.0,-28.48217248916626,1.186612904071808,160000
59273,49.37448235758799,0.5013006329536438,25.06503164768219,-1.0,-1.0,-1.0,-0.18586713,-20.0,1.0,160000
13309,49.35760427368449,0.500976026058197,25.04880130290985,-1.0,-0.17668879,-1.0,-0.035087653,-30.143626928329468,1.0,160000
11900,49.34299444380514,0.5006950497627258,25.03475248813629,-0.8843253,-1.0,-0.62258357,-0.07208142,-46.88610553741455,1.0,160000
40094,49.33548795564994,0.5005506873130798,25.02753436565399,-0.5998248,-1.0,-0.5943243,0.002999872,-27.77657985687256,1.0,138111
41379,49.31642072974219,0.5001839995384216,25.00919997692108,-0.5799839,0.07607508,-1.0,-0.4935069,-20.0,1.0,160000
19675,49.30910301224456,0.5000432729721069,25.002163648605347,-1.0,-1.0,-1.0,0.26501894,-23.49178671836853,1.0,160000
