step,session_step,session_progress_pct,reward,score,bonus,dsp_jitter,dsp_shimmer,dsp_tilt,dsp_harmonics,dsp_threshold,dsp_ratio,dsp_bitrate
95577,34137,41.671142578125,96.99343797706489,0.97459077835083,72.01917558663985,0.14109385,-1.0,-1.0,0.43063587,-42.33433663845062,1.0,160000
112522,51082,62.35595703125,96.9921799374066,0.9744918346405028,72.01801907547468,-0.4529661,-0.4369236,-1.0,-0.10596502,-20.0,1.0,122767
134634,73194,89.34814453125,96.99053471307894,0.9743624925613404,72.01650658767578,-1.0,-1.0,-0.5492875,0.8457727,-28.05038690567017,1.0,160000
75171,13731,16.761474609375,96.99030947738012,0.974344789981842,72.01629952051323,-1.0,0.00042057037,0.23612654,0.2625764,-20.0,1.0,135438
87699,26259,32.054443359375,96.9902852087008,0.9743428826332092,72.01627720940635,-1.0,-1.0,-0.056238323,0.046507776,-35.28619319200516,1.0,160000
80379,18939,23.118896484375,96.99025638942688,0.9743406176567078,72.01625071475465,-1.0,-1.0,-1.0,-0.5084818,-21.20516538619995,1.0,160000
82731,21291,25.989990234375,96.99016007066808,0.9743330478668212,72.01616216516729,-1.0,0.3759408,-1.0,0.057693303,-60.0,1.0,160000
132180,70740,86.3525390625,96.98985744577062,0.974309265613556,72.01588394931922,-1.0,-1.0,-1.0,-0.67055714,-38.44428300857544,1.0,124483
67862,6422,7.839355468750001,96.98977552779162,0.9743028283119202,72.01580863840341,-0.6406149,-0.792031,-1.0,-0.4273635,-20.0,1.0,111221
101313,39873,48.673095703125,96.98973532660484,0.9742996692657472,72.01577167958769,-0.35272902,0.3377117,-0.7726903,0.52471554,-46.15043520927429,1.0,151836
72180,10740,13.1103515625,96.9896890567463,0.9742960333824158,72.01572914152771,-1.0,0.11469424,-1.0,-0.16818213,-20.0,1.0,119205
83037,21597,26.363525390625,96.98965719845752,0.9742935299873352,72.0156998526821,-0.6864126,0.07989633,-0.14386919,-0.39928108,-40.98097205162048,1.0,160000
108840,47400,57.861328125,96.98872863029446,0.97422057390213,72.01484616833439,-0.9142039,-1.0,-0.8809885,-0.8884202,-33.7754225730896,1.0,160000
83035,21595,26.361083984375,96.9885381828789,0.9742056131362916,72.01467107768823,-1.0,-0.8989168,-1.0,1.0,-40.38597643375397,1.0,160000
134636,73196,89.3505859375,96.9885381828789,0.9742056131362916,72.01467107768823,-1.0,-1.0,-1.0,1.0,-60.0,1.0,160000
134631,73191,89.344482421875,96.9885381828789,0.9742056131362916,72.01467107768823,-1.0,-0.84526557,-1.0,1.0,-20.0,1.0,160000
108831,47391,57.85034179687501,96.9885381828789,0.9742056131362916,72.01467107768823,-0.47950405,-1.0,-1.0,1.0,-43.69920015335083,1.0,160000
134637,73197,89.351806640625,96.9885381828789,0.9742056131362916,72.01467107768823,-1.0,-0.18444413,-1.0,1.0,-20.0,1.0,157549
67869,6429,7.847900390625,96.9882809487096,0.9741854071617126,72.0144345847093,-1.0,-1.0,-0.1561616,-0.3969291,-60.0,1.0,160000
95572,34132,41.6650390625,96.9882202417414,0.9741806387901306,72.01437877248006,-1.0,-0.29012728,-1.0,0.16074914,-58.77230167388916,1.0,160000
95580,34140,41.6748046875,96.98800092910308,0.9741634130477904,72.01417714228577,-1.0,0.0892905,-0.84561884,0.15768272,-38.79733979701996,1.0,160000
75180,13740,16.7724609375,96.98788709363188,0.9741544723510742,72.01407248467696,-1.0,-0.4740897,0.022383928,-0.09248936,-20.0,1.024612545967102,99219
63514,2074,2.53173828125,96.98779222792956,0.9741470217704772,72.01398526725761,-0.813123,-0.4046855,-1.0,-0.5408464,-20.0,1.0,99816
142393,80953,98.819580078125,96.98771861038438,0.974141240119934,72.01391758482035,-0.3131609,-1.0,-1.0,0.99158907,-50.09180068969727,1.0,78270
69774,8334,10.17333984375,96.9876943238465,0.9741393327713012,72.01389525626394,-0.46137798,-1.0,-1.0,-0.15041316,-38.79911124706268,1.0,160000
75179,13739,16.771240234375,96.98715390507591,0.9740968942642212,72.01339840357274,-1.0,-1.0,-0.6282554,0.5866349,-32.07338869571686,1.0,160000
126772,65332,79.7509765625,96.9870332103492,0.974087417125702,72.01328743804714,-1.0,-0.753868,-1.0,0.2509563,-20.0,1.0,147283
123090,61650,75.25634765625,96.98703169215024,0.9740872979164124,72.01328604222866,-1.0,-1.0,-1.0,-0.1838516,-30.19706428050995,1.0,160000
139922,78482,95.80322265625,96.98686013145172,0.9740738272666932,72.01312831062216,-1.0,0.021903217,-1.0,-0.3559528,-20.0,1.0,160000
131784,70344,85.869140625,96.9866597136876,0.9740580916404724,72.01294404743774,-0.0027236938,-1.0,0.7195963,-0.395182,-60.0,1.0,160000
105855,44415,54.217529296875,96.98656101893394,0.9740503430366516,72.01285330768668,0.022470355,-1.0,-1.0,-0.38240242,-60.0,1.0,160000
64994,3554,4.33837890625,96.98649876389868,0.97404545545578,72.01279607045483,-1.0,0.11569476,-1.0,0.026598632,-20.0,1.0,160000
83270,21830,26.64794921875,96.98648585722935,0.9740444421768188,72.01278420406497,-1.0,-0.7243297,-0.61574763,-0.5489916,-47.21486568450928,1.0,160000
90985,29545,36.065673828125,96.98647598739151,0.9740436673164368,72.01277512973569,-1.0,-1.0,-0.5774362,-0.626299,-44.1823136806488,1.0,160000
87700,26260,32.0556640625,96.9863491954782,0.9740337133407592,72.01265855710396,-1.0,-0.43389165,1.0,-0.2864511,-27.141908407211304,1.0,160000
100118,38678,47.21435546875,96.98633856600878,0.9740328788757324,72.01264878434554,-1.0,-1.0,-1.0,-0.31219065,-57.91812419891357,1.0,155453
95400,33960,41.455078125,96.98630743666398,0.9740304350852966,72.01262016394428,-1.0,0.19839257,-0.64586705,-0.10454035,-44.41599488258362,1.0,160000
83040,21600,26.3671875,96.98618747222754,0.974021017551422,72.0125098681784,-1.0,-1.0,-1.0,0.9495004,-26.43252849578857,1.0,160000
89312,27872,34.0234375,96.9861791201211,0.9740203619003296,72.01250218921072,-1.0,-1.0,-1.0,-0.35681796,-24.45498824119568,1.0,128441
137521,76081,92.872314453125,96.98617456441832,0.9740200042724608,72.01249800067475,-1.0,0.33411705,-0.73644316,1.0,-32.698153257369995,1.0,160000
137094,75654,92.35107421875,96.98614571149736,0.9740177392959596,72.01247147314662,-1.0,-0.4889546,-0.58055556,-0.624702,-26.962532997131348,1.0,160000
128613,67173,81.998291015625,96.98609407936516,0.9740136861801147,72.01242400225719,0.0031479597,-1.0,-0.76426494,0.2737186,-37.701972126960754,1.0,76175
100980,39540,48.2666015625,96.985848816409,0.9739944338798524,72.01219850544065,-1.0,-1.0,-1.0,0.29370975,-21.561570167541504,1.0,160000
61892,452,0.5517578125,96.98582907313794,0.973992884159088,72.01218035326902,-0.44224203,-1.0,-1.0,-0.07154065,-30.510621666908264,1.0,160000
83121,21681,26.466064453125,96.98578123321484,0.9739891290664672,72.01213636871276,-1.0,-1.0,0.023119867,-0.434496,-35.58941215276718,1.0,160000
74904,13464,16.435546875,96.98559973934952,0.973974883556366,72.01196950089799,-0.9563682,-1.0,-0.6004505,-0.5874187,-20.0,1.0,160000
109067,47627,58.138427734375,96.98531267139892,0.9739523530006408,72.01170556579885,-1.0,-1.0,-0.713541,-0.11808419,-28.71592402458191,1.0,160000
135091,73651,89.906005859375,96.98522912871566,0.9739457964897156,72.01162875499828,-1.0,-0.055412948,-0.7155683,-0.7828715,-49.51842904090881,1.0,152795
77017,15577,19.014892578125,96.98522912871566,0.9739457964897156,72.01162875499828,-1.0,-0.88647664,-1.0,-0.08879185,-35.56318044662476,1.0,160000
108534,47094,57.48779296874999,96.98522685025112,0.9739456176757812,72.01162666013118,-1.0,-1.0,-1.0,-0.50399697,-38.607197999954224,1.0,74912
100910,39470,48.18115234375,96.98510988709336,0.9739364385604858,72.01151912168707,-0.8906171,-0.35974032,-1.0,-0.48278868,-56.66633367538452,1.0,160000
100974,39534,48.25927734375,96.98507798737698,0.9739339351654052,72.01148979236254,-1.0,-0.7618258,-1.0,-0.0003979206,-40.91554045677185,1.0,160000
106084,44644,54.49707031249999,96.98506811359674,0.9739331603050232,72.01148071418112,-1.0,-1.0,-1.0,-0.9290476,-32.32185244560242,1.0,110466
74910,13470,16.44287109375,96.98505064453325,0.9739317893981934,72.01146465271707,-1.0,-1.0,0.30457258,-0.74083626,-20.0,1.0,160000
82738,21298,25.998535156250004,96.98503773256108,0.9739307761192322,72.01145278114579,-1.0,-1.0,-1.0,-0.5291614,-20.0,1.0,160000
72733,11293,13.785400390625,96.98496025973527,0.9739246964454652,72.01138155074798,-1.0,-0.49201065,-1.0,-0.54227734,-47.81062841415405,1.0,160000
69566,8126,9.91943359375,96.98487215131568,0.9739177823066713,72.01130054160758,-1.0,-1.0,-1.0,0.2460269,-49.62698042392731,1.0,160000
119466,58026,70.83251953125,96.9847597339288,0.9739089608192444,72.01119718199492,-0.58039254,-0.1078099,-1.0,-0.5847194,-48.43802809715271,1.0,160000
95364,33924,41.4111328125,96.98475213803016,0.9739083647727966,72.01119019811101,-0.5880604,-0.7535737,-0.19633526,-0.9493169,-32.57314205169678,1.0,148011
63320,1880,2.294921875,96.9847498592574,0.9739081859588624,72.01118810294273,-1.0,-1.0,-0.28736556,-0.7578724,-44.31084394454956,1.0,160000
82735,21295,25.994873046875,96.9847369461838,0.9739071726799012,72.01117623029522,-0.855024,-0.46637022,-0.21339673,-0.51600176,-20.0,1.0,160000
88323,26883,32.816162109375,96.9847263118524,0.9739063382148744,72.01116645278613,-1.0,-0.7965635,-1.0,0.07383883,-45.7471626996994,1.0,160000
75598,14158,17.28271484375,96.98467617814389,0.9739024043083192,72.0111203583926,-1.0,-1.0,-0.5075822,-0.45780504,-40.25479018688202,1.0,160000
69169,7729,9.434814453125,96.98459945699784,0.9738963842391968,72.01104981865416,-1.0,-1.0,-0.8949876,-0.5283267,-20.0,1.0,144620
85496,24056,29.365234375,96.98456679303304,0.9738938212394714,72.01101978638934,-1.0,-1.0,-1.0,-0.5256689,-20.0,1.0,160000
71819,10379,12.669677734375002,96.98455919671878,0.9738932251930236,72.01101280209934,-1.0,-1.0,-1.0,-0.86054826,-40.38541615009308,1.0,160000
109210,47770,58.31298828125,96.98454476367664,0.973892092704773,72.0109995319043,-1.0,-0.5199331,0.14793444,-0.8908907,-25.94117045402527,1.0,160000
111296,49856,60.85937500000001,96.9844209409406,0.9738823771476746,72.01088568522785,-0.09879869,-1.0,-1.0,-0.86064756,-35.68658888339996,1.0,126200
85924,24484,29.8876953125,96.984361686805,0.973877727985382,72.01083120494737,-0.9962213,-1.0,-1.0,-0.5186539,-30.784775614738464,1.0,160000
71487,10047,12.264404296875,96.9842667261782,0.9738702774047852,72.01074389477695,-1.0,-1.0,-0.7900242,-0.021985471,-29.9634861946106,1.0,160000
79594,18154,22.16064453125,96.98419227525864,0.9738644361495972,72.01067544185616,-1.0,-0.32152402,0.30537826,-0.39611322,-20.106388330459595,1.1023206114768982,160000
85921,24481,29.884033203125,96.98415428949016,0.9738614559173584,72.01064051630496,-1.0,-0.7137874,-0.44722867,-0.33056515,-20.0,1.0,160000
94397,32957,40.230712890625,96.98409958926476,0.9738571643829346,72.01059022280893,-0.22164416,-1.0,-1.0,-0.36894435,-20.0,1.0,160000
103229,41789,51.01196289062499,96.9840319725359,0.9738518595695496,72.01052805331405,-0.8410238,-0.7358468,-0.7862089,-0.606637,-22.225563526153564,1.0,160000
135008,73568,89.8046875,96.9840114593394,0.9738502502441406,72.01050919265506,-1.0,-1.0,-0.4864381,-0.783684,-60.0,1.0,160000
117893,56453,68.912353515625,96.983943840921,0.9738449454307556,72.01044702150931,-1.0,-1.0,-1.0,-0.8047792,-24.614408016204838,1.0,100262
134640,73200,89.35546875,96.98392788582424,0.9738436937332152,72.01043235172841,-1.0,-1.0,-0.65447044,1.0,-20.0,1.0,135830
140719,79279,96.776123046875,96.98388533854676,0.973840355873108,72.01039323196794,-1.0,-1.0,-1.0,-0.56492174,-20.0,1.0,160000
72704,11264,13.750000000000002,96.98378732590112,0.973832666873932,72.01030311489725,-1.0,-1.0,-0.95353454,-0.52661335,-39.488229751586914,1.0,160000
75516,14076,17.1826171875,96.9837493357712,0.9738296866416932,72.01026818508446,-1.0,-0.20772648,-1.0,-0.33092952,-53.14630389213562,1.0,160000
128612,67172,81.9970703125,96.98365587831024,0.9738223552703856,72.01018225604349,-1.0,-1.0,-1.0,-0.9136478,-20.061341524124146,1.0,160000
113573,52133,63.638916015625,96.98360269003174,0.9738181829452516,72.01013335225699,-1.0,-1.0,-1.0,-0.8223945,-36.7468786239624,1.0,131661
95399,33959,41.453857421875,96.98357077667968,0.9738156795501708,72.01010400960892,-0.7146949,-1.0,-1.0,-0.359528,-20.0,1.0,160000
113353,51913,63.370361328125,96.98331393966843,0.9737955331802368,72.00986786088473,-1.0,-0.24214023,0.19496596,-0.9315959,-53.360129594802856,1.0,160000
71912,10472,12.783203125,96.98327138498507,0.9737921953201294,72.00982873388789,-1.0,-1.0,1.0,-0.98716307,-20.0,1.0,122451
110560,49120,59.9609375,96.9831672758278,0.9737840294837952,72.0097330103704,-1.0,-1.0,-1.0,-0.57815504,-20.0,1.0,160000
82685,21245,25.933837890625,96.98309660143752,0.973778486251831,72.00966802846177,-1.0,-1.0,-1.0,-0.8634272,-60.0,1.0,160000
109204,47764,58.30566406249999,96.98308064250828,0.9737772345542908,72.0096533549361,-0.17288285,-1.0,0.7197262,-0.9255289,-39.34449434280396,1.0,144823
74574,13134,16.03271484375,96.98304948439076,0.973774790763855,72.0096247064208,-1.0,-1.0,0.22500128,-0.26750612,-40.44452488422394,1.0,160000
95384,33944,41.435546875,96.98295144851872,0.973767101764679,72.00953456665533,-0.8134209,-1.0,-0.04869169,-0.28627437,-60.0,1.0,160000
112524,51084,62.35839843749999,96.98291040943786,0.9737638831138612,72.00949683293992,-1.0,-1.0,-1.0,-0.38851702,-20.169624090194706,1.0,160000
61952,512,0.625,96.98289064971014,0.9737623333930968,72.00947866468834,-1.0,-0.6746118,-1.0,-0.42893153,-20.0,1.0,109319
83473,22033,26.895751953125004,96.9828830497854,0.9737617373466492,72.0094716768705,-1.0,-0.6331734,-1.0,-0.44780284,-25.134276151657104,1.0,160000
69593,8153,9.952392578125,96.98283440987942,0.9737579226493835,72.00942695445745,-0.60584766,-1.0,-1.0,-0.47221857,-60.0,1.0,160000
113668,52228,63.7548828125,96.98281540973402,0.9737564325332642,72.0094094845869,-1.0,-1.0,-1.0,-0.68657804,-54.34298872947693,1.0,160000
107578,46138,56.32080078125,96.98279868952145,0.9737551212310792,72.00939411101811,-1.0,-1.0,-0.0552361,-0.92416215,-32.12398409843445,1.0,160000
92495,31055,37.908935546875,96.9827941294497,0.9737547636032104,72.00938991821319,-1.0,-0.9198267,-0.8555738,-0.5117141,-42.60396182537079,1.0,160000
95661,34221,41.773681640625,96.98267860566664,0.9737457036972046,72.00928369856756,-1.0,-1.0,-0.24282047,-0.8733242,-60.0,1.0,134125
62524,1084,1.3232421875,96.9826588446407,0.9737441539764404,72.00926552904748,-0.2802906,-1.0,-0.91613245,0.30041707,-20.0,1.0,137979
98551,37111,45.301513671875,96.9825965206801,0.9737392663955688,72.00920822446813,-1.0,-1.0,-1.0,-0.36121953,-20.0,1.0,160000
100132,38692,47.2314453125,96.98252279457368,0.9737334847450256,72.00914043595496,-1.0,0.08689082,1.0,-0.84681284,-40.34710705280304,1.0,158813
83036,21596,26.3623046875,96.98251443378396,0.9737328290939332,72.00913274850276,0.06356621,0.017297268,-0.47363144,-0.9226598,-41.95293664932251,1.0,160000
87695,26255,32.049560546875,96.9824179032314,0.9737252593040466,72.00904399197107,-1.0,-0.18684411,-0.0019754767,-0.7402799,-60.0,1.0,160000
93610,32170,39.27001953125,96.9823920599582,0.9737232327461244,72.00902022994204,-0.39076567,-0.43274444,-1.0,-0.982121,-60.0,1.0,160000
77014,15574,19.01123046875,96.98223015514546,0.9737105369567872,72.00887136361052,-0.5359614,-0.95060146,-1.0,-0.9167043,-20.0,1.0,160000
80189,18749,22.886962890625,96.98221343215938,0.973709225654602,72.00885598733173,-0.57764804,-0.22969717,0.81537855,-0.21244419,-20.0,1.0,160000
76890,15450,18.85986328125,96.98220050979768,0.9737082123756408,72.00884410560872,-1.0,-1.0,-0.30093014,-0.77370167,-43.148465156555176,1.0,160000
68168,6728,8.212890625,96.98215946198196,0.973704993724823,72.00880636335833,-1.0,-1.0,0.004741907,-0.87073106,-57.83977508544922,1.0,160000
115278,53838,65.72021484375,96.98192076707436,0.9736862778663636,72.00858688991765,-1.0,-0.6560109,-0.04363066,-0.437536,-60.0,1.0,96894
122027,60587,73.958740234375,96.98186755263303,0.9736821055412292,72.00853796056708,-1.0,-0.7302618,-1.0,-0.89809585,-30.26486456394196,1.0,160000
71820,10380,12.6708984375,96.9817010622702,0.9736690521240234,72.00838487653533,-1.0,-1.0,-0.21688333,-0.4971817,-31.51812970638275,1.0,160000
123037,61597,75.191650390625,96.98168965853328,0.9736681580543518,72.00837439104684,-1.0,-1.0,-1.0,-0.93729806,-20.0,1.6169164180755615,151810
93566,32126,39.21630859375,96.98168585727944,0.973667860031128,72.00837089587603,-1.0,-1.0,0.82125574,-0.74583244,-26.174815893173218,1.0,160000
98502,37062,45.24169921875,96.98165088555216,0.9736651182174684,72.00833874011673,-1.0,-1.0,-1.0,-0.749377,-35.92887043952942,1.0,160000
85747,24307,29.671630859375,96.98164784451605,0.9736648797988892,72.00833594394776,-1.0,-0.46682197,-1.0,-0.80829996,-60.0,1.0,160000
69568,8128,9.921875,96.98163187903332,0.9736636281013488,72.00832126401858,-1.0,-1.0,-1.0,-0.41413885,-24.30896759033203,1.0,160000
77533,16093,19.644775390625,96.98159310541746,0.9736605882644652,72.00828561246823,-0.82377756,-0.9649731,-0.27609098,-0.71767676,-27.21613883972168,1.0,160000
110546,49106,59.94384765625001,96.98154976969568,0.9736571907997132,72.00824576612531,-0.1006006,-0.29989105,-0.22869247,-0.3627951,-20.0,1.0,160000
119366,57926,70.71044921875,96.9815459682912,0.9736568927764891,72.00824227080727,-1.0,-1.0,-1.0,-0.49607825,-20.0,1.0,160000
121373,59933,73.160400390625,96.9815094745998,0.97365403175354,72.00820871555052,-0.9871583,-1.0,-1.0,-0.7467123,-20.0,1.0,160000
109365,47925,58.502197265625,96.9814912276126,0.9736526012420654,72.00819193778388,-1.0,-1.0,0.14973623,-0.32140446,-31.239771842956543,1.0,144019
106173,44733,54.605712890625,96.98140607375836,0.9736459255218506,72.00811364032081,-1.0,-1.0,-1.0,-0.62519467,-20.0,1.0,112559
95367,33927,41.414794921875,96.98138402465771,0.973644196987152,72.00809336654339,-1.0,-0.87252957,-1.0,-0.33075637,-41.094542145729065,1.0,160000
83053,21613,26.383056640625004,96.98136577702198,0.9736427664756776,72.00807658814306,-1.0,-1.0,-0.66298056,-0.6707459,-45.51483869552612,1.0,87815
84748,23308,28.452148437500004,96.98135969445576,0.9736422896385192,72.00807099532246,-1.0,-1.0,0.053033173,-0.40388948,-20.0,1.0,160000
116788,55348,67.5634765625,96.98120230441052,0.9736299514770508,72.00792627752838,-0.6952311,-1.0,-1.0,-0.2092281,-54.30988311767578,1.0,126105
137098,75658,92.35595703125,96.98120230441052,0.9736299514770508,72.00792627752838,-0.24927628,-0.20123583,-0.3854836,-0.036217928,-20.0,1.0,150740
73781,12341,15.064697265624998,96.98119698191915,0.9736295342445374,72.00792138357006,-1.0,-1.0,-1.0,-0.37342632,-60.0,1.0,160000
102683,41243,50.345458984375,96.98109585305862,0.9736216068267822,72.00782839687216,-1.0,-1.0,1.0,-0.5247253,-32.89985179901123,1.0,160000
135555,74115,90.472412109375,96.98106391702704,0.9736191034317015,72.0077990320636,-1.0,-1.0,-0.2991804,-0.0992223,-40.8113569021225,1.0,160000
134638,73198,89.35302734375,96.98105859432704,0.9736186861991882,72.00779413790141,-1.0,-1.0,-1.0,0.45345432,-20.0,1.0,160000
108838,47398,57.85888671875,96.98101221045856,0.9736150503158568,72.00775148844168,-0.33513594,-0.7175523,-0.1759826,0.8751241,-57.039430141448975,1.0,160000
100702,39262,47.92724609375,96.98100232529308,0.9736142754554749,72.00774239913558,-0.682664,-1.0,-1.0,-0.064098716,-20.0,1.0,160000
138195,76755,93.695068359375,96.98098635689034,0.9736130237579346,72.00772771635322,-0.29780734,-0.78352803,-1.0,-0.628397,-20.0,1.0,160000
93222,31782,38.79638671875,96.98093997207272,0.9736093878746032,72.00768506596603,-0.3777864,-0.9892217,-1.0,-0.74499285,-46.72953248023987,1.0,160000
105181,43741,53.39477539062501,96.9808593674972,0.9736030697822572,72.00761095076184,-0.7806294,-0.042987347,0.060150087,-0.46329367,-31.06508016586304,1.0,160000
127213,65773,80.289306640625,96.98084111714913,0.9736016392707824,72.00759416971123,-1.0,-0.054896116,-0.31368196,-0.8998798,-20.0,1.0,160000
69557,8117,9.908447265625,96.9807772401878,0.9735966324806212,72.00753543530803,-0.4935794,-1.0,-0.20408142,-0.017509282,-26.02633476257324,1.0,160000
86033,24593,30.020751953125004,96.98069967375233,0.9735905528068542,72.00746411344299,-1.0,-1.0,-0.3437858,-0.89345634,-52.94040083885193,1.0,110797
84797,23357,28.511962890625,96.98067533883312,0.9735886454582214,72.00744173761275,-1.0,-1.0,-0.24914101,-0.3972717,-20.0,1.0,160000
100904,39464,48.173828125,96.98066925507712,0.9735881686210632,72.00743614362958,-0.40046465,-1.0,-1.0,-0.76543224,-20.0,1.0,160000
100972,39532,48.2568359375,96.98043882509998,0.9735701084136964,72.0072242639753,-1.0,-1.0,0.95223206,-0.35421693,-31.787725687026978,1.0,142493
79613,18173,22.183837890625,96.98042285414822,0.973568856716156,72.00720957870223,-1.0,-1.0,-0.5854253,0.05817467,-49.46052014827728,1.0,143742
98864,37424,45.68359375,96.98039699626362,0.9735668301582336,72.00718580239617,-0.78992367,-1.0,-1.0,-0.5542489,-27.42037773132324,1.0,160000
83034,21594,26.35986328125,96.98038102512264,0.9735655784606934,72.00717111693822,-0.8568887,-1.0,-0.046700656,-0.62313694,-47.20799446105957,1.0,160000
64991,3551,4.334716796875,96.98006691133438,0.9735409617424012,72.00688228858529,-1.0,-1.0,-0.22095865,-0.23442048,-26.66332483291626,1.0,160000
79387,17947,21.907958984375,96.97988816583266,0.9735269546508788,72.00671793096537,-1.0,-1.0,-1.0,-0.24408406,-38.41985464096069,1.0,160000
134632,73192,89.345703125,96.97976113693376,0.9735170006752014,72.00660112677214,-0.91657335,-0.7550808,-0.8673606,-0.459723,-46.795968413352966,1.0,160000
142396,80956,98.8232421875,96.979748205592,0.9735159873962402,72.00658923627452,-1.0,-1.0,-0.26399347,-0.3423831,-20.0,1.0,160000
121164,59724,72.9052734375,96.9796744199712,0.973510205745697,72.00652138960879,-0.77854407,0.036812723,0.095731676,0.2542559,-24.49703812599182,1.0,160000
108833,47393,57.852783203125,96.97967137723212,0.973509967327118,72.00651859177582,-1.0,-1.0,-1.0,-0.47554302,-28.39787483215332,1.0,160000
78231,16791,20.496826171875,96.97958617947258,0.9735032916069032,72.00644025141202,-1.0,-1.0,0.85239995,-0.38126177,-20.0,1.0,128788
105190,43750,53.40576171875,96.9795603154603,0.9735012650489808,72.00641646911846,-1.0,-1.0,-1.0,-0.9196631,-35.232628881931305,1.0,113950
121193,59753,72.940673828125,96.9795603154603,0.9735012650489808,72.00641646911846,-1.0,-1.0,-0.20356908,-0.35578406,-20.0,1.0,155473
100153,38713,47.257080078125,96.9795374941157,0.9734994769096376,72.0063954845881,-1.0,-1.0,-0.4110046,-0.8763161,-31.38681709766388,1.0,160000
139534,78094,95.32958984375,96.97944240359242,0.9734920263290404,72.00630804749379,-0.27423996,-1.0,-0.15559438,-0.33034128,-20.0,1.0,160000
69592,8152,9.951171875,96.9794203422251,0.973490297794342,72.00628776173036,-0.37528086,-0.56373644,-0.9555192,-0.07585305,-40.4955404996872,1.0,160000
80577,19137,23.360595703125,96.97937621907704,0.9734868407249452,72.00624718979954,-1.0,-1.0,-1.0,-0.29606062,-60.0,1.0,160000
121163,59723,72.904052734375,96.9793085117951,0.97348153591156,72.00618493182375,-0.10613382,-1.0,-1.0,-0.61969507,-39.22407567501068,1.0,160000
131215,69775,85.174560546875,96.97917841888014,0.9734713435173036,72.00606530900734,-0.469164,-1.0,0.52537423,-0.6139766,-30.007639527320865,1.0,160000
75616,14176,17.3046875,96.97915863825116,0.9734697937965392,72.00604712033277,-0.96346515,-0.10451639,-0.9572636,-0.5176741,-59.11262512207031,1.0,136874
94964,33524,40.9228515625,96.97912668469338,0.9734672904014589,72.00601773839901,-1.0,-0.66063,-0.7038409,-0.68538326,-23.51477861404419,1.0,160000
93693,32253,39.371337890625,96.97901560579108,0.9734585881233216,72.00591559900306,-1.0,-1.0,-0.7564986,-0.6803925,-34.88198757171631,1.0,160000
142588,81148,99.0576171875,96.97898212927248,0.9734559655189514,72.00588481659791,-0.6243464,-1.0,0.15302944,-0.14886308,-20.0,1.0,160000
139157,77717,94.869384765625,96.9789075667952,0.9734501242637634,72.00581625467221,-1.0,-0.93661785,-0.830184,0.4040656,-20.0,1.0,160000
87693,26253,32.047119140625,96.97884137225668,0.973444938659668,72.00575538718411,-1.0,-1.0,-1.0,0.20770866,-20.0,1.0,100035
83383,21943,26.785888671875004,96.97881398105028,0.973442792892456,72.00573020028274,-1.0,-0.5196068,0.115448,-0.7591974,-53.35164546966553,1.0,160000
121162,59722,72.90283203125,96.97879952449462,0.9734416604042052,72.00571690711224,-1.0,-0.6223021,-0.23590022,-0.6299375,-20.0,1.0,160000
84192,22752,27.7734375,96.9787949592542,0.9734413027763368,72.00571270925691,-1.0,-1.0,-0.773714,-0.0746243,-60.0,1.0,160000
97571,36131,44.105224609375,96.9787158274831,0.97343510389328,72.00563994551516,-0.8053248,-1.0,-1.0,-0.86081547,-40.53189814090729,1.0,160000
83032,21592,26.357421875,96.97868843530314,0.973432958126068,72.0056147576625,-1.0,-1.0,-1.0,-0.366852,-20.0,1.0,160000
79385,17945,21.905517578125,96.97866636922592,0.9734312295913696,72.00559446729692,-1.0,-1.0,-0.64762855,-0.28738588,-20.95032930374145,1.0,160000
95359,33919,41.405029296875,96.97864202029108,0.9734293222427368,72.00557207777169,-0.767974,-1.0,-0.58746016,-0.707619,-30.46330213546753,1.0,160000
75519,14079,17.186279296875,96.97860777931751,0.973426640033722,72.00554059222438,-1.0,-1.0,-1.0,-0.16340756,-20.0,1.0,108410
69162,7722,9.42626953125,96.97857429893357,0.9734240174293518,72.0055098060423,-1.0,-0.25796008,-0.54060864,-0.7959687,-20.0,1.0,142737
134335,72895,88.983154296875,96.97855679769746,0.973422646522522,72.0054937131419,-1.0,0.11992502,-0.82939637,0.26446193,-20.0,1.0,143307
98947,37507,45.784912109375,96.97840156554732,0.9734104871749878,72.00535097240392,-1.0,-0.85746694,-0.55201447,-0.7742933,-46.19333922863007,1.0,143033
126776,65336,79.755859375,96.97840156554732,0.9734104871749878,72.00535097240392,-1.0,-0.8107742,0.80853045,0.20854396,-20.0,1.0,109211
111813,50373,61.490478515625,96.97818620769053,0.9733936190605164,72.00515294357821,-1.0,-1.0,0.68998414,-0.43719864,-33.896015882492065,1.0,160000
126708,65268,79.6728515625,96.97810401819224,0.9733871817588806,72.00507736735823,-1.0,-0.3420372,-0.3261098,-0.1686424,-20.0,1.0,160000
83957,22517,27.486572265625,96.97808423154596,0.9733856320381165,72.00505917280401,-1.0,-0.8803048,-0.2986173,-0.058528006,-60.0,1.0,160000
61759,319,0.389404296875,96.97806368375754,0.9733840227127076,72.00504027834464,-1.0,-0.26074454,-0.61192405,0.40231332,-36.4645266532898,1.0,148840
85252,23812,29.0673828125,96.9779715977564,0.9733768105506896,72.00495560174058,-1.0,-1.0,-0.60354125,-0.36955458,-24.467813968658447,1.0,160000
75116,13676,16.6943359375,96.9779624651296,0.9733760952949524,72.00494720393301,-0.78193545,-0.5489279,-0.3345437,-0.4702158,-29.438133239746094,1.0,160000
72852,11412,13.9306640625,96.97793278392948,0.9733737707138062,72.0049199108991,-0.38833368,-0.5187085,-0.44614935,-0.7054452,-35.364110469818115,1.0,160000
116593,55153,67.325439453125,96.97786733219672,0.9733686447143556,72.00485972539921,-1.0,-0.73995674,0.20289534,0.66955686,-20.0,1.0,134553
97132,35692,43.5693359375,96.97778817964436,0.9733624458312988,72.00478694135155,-1.0,-0.7576596,-0.0073515177,-0.9598698,-36.98186874389648,1.0,160000
77163,15723,19.193115234375,96.97777371889032,0.973361313343048,72.00477364407874,0.04249561,-0.43758583,-0.4194876,-0.752879,-44.53324317932129,1.0,160000
124583,63143,77.078857421875,96.97775773588285,0.9733600616455078,72.00475894702572,-0.7457374,-1.0,-1.0,-0.9673568,-22.73472785949707,1.0,160000
127198,65758,80.27099609375,96.9777394695,0.9733586311340332,72.00474215030718,-0.29222137,-0.6847185,-0.44925356,-0.2726004,-20.0,1.0,160000
94980,33540,40.9423828125,96.97771739749476,0.9733569025993348,72.00472185414917,-1.0,-1.0,-1.0,-0.87517184,-45.43024301528931,1.0,135798
105859,44419,54.22241210937499,96.97763824158346,0.973350703716278,72.0046490668194,-1.0,-1.0,-0.9955203,-0.9126593,-20.0,6.530620813369751,160000
75620,14180,17.3095703125,96.977636719337,0.9733505845069884,72.00464766704607,-0.9135992,-1.0,-1.0,-0.55943024,-38.02637696266174,1.0,160000
85746,24306,29.67041015625,96.97761084104717,0.9733485579490662,72.00462387080154,-1.0,-1.0,-0.50937426,-0.49968046,-53.5359799861908,1.0,160000
94663,33223,40.555419921875,96.97757050098204,0.9733453989028932,72.0045867762863,-1.0,-0.5301437,-1.0,0.047797322,-45.40047526359558,1.0,149952
84196,22756,27.7783203125,96.97754309992044,0.9733432531356812,72.00456157975516,-1.0,-0.5563916,1.0,-0.5220552,-27.83556222915649,1.0,160000
134639,73199,89.354248046875,96.9775240712804,0.9733417630195618,72.00454408204192,-1.0,-0.31438434,-0.26438928,1.0,-31.78328037261963,1.0,160000
75174,13734,16.76513671875,96.97749666985877,0.97333961725235,72.00451888515896,-1.0,-0.7994176,-1.0,-0.47861648,-20.0,1.0,128589
112521,51081,62.35473632812501,96.97749590870512,0.9733395576477052,72.00451818524257,-0.9392573,0.055410445,-0.64660186,-0.34114742,-20.0,1.0,125641
79618,18178,22.18994140625,96.97742664303804,0.9733341336250304,72.00445449218141,-1.0,-1.0,-0.25386932,0.04204911,-49.77297484874725,1.0,160000
142578,81138,99.04541015625,96.97727516723272,0.9733222723007202,72.0043152027324,-1.0,-1.0,-1.0,-0.3955245,-20.0,1.0,160000
111274,49834,60.83251953124999,96.9771031315591,0.973308801651001,72.00415700702044,-1.0,-1.0,0.5626428,-0.8305701,-21.04722261428833,1.0,160000
115272,53832,65.712890625,96.97688541069203,0.9732917547225952,72.0039568007157,-1.0,-1.0,-1.0,-0.9470991,-47.95985817909241,1.0,160000
95356,33916,41.4013671875,96.97683821069305,0.9732880592346193,72.00391339762034,-1.0,-1.0,-0.9573328,-0.0851292,-23.971943855285645,1.0,153284
136550,75110,91.68701171875,96.97682907513656,0.9732873439788818,72.00390499695008,-1.0,-0.34045297,-1.0,-0.6514529,-20.0,1.0,160000
126774,65334,79.75341796875,96.97675598983456,0.9732816219329834,72.00383779075742,-1.0,-1.0,-1.0,-0.63428605,-42.7980363368988,1.0,119011
106209,44769,54.64965820312499,96.97673238904964,0.9732797741889954,72.00381608844226,-1.0,-1.0,-0.6582681,-0.9678416,-40.75711905956268,1.0,160000
90973,29533,36.051025390625,96.97638368812048,0.9732524752616882,72.00349543629298,-1.0,-1.0,-0.64942974,-0.48045075,-20.0,1.0,160000
106282,44842,54.73876953125,96.9763372428242,0.9732488393783568,72.00345272681058,-1.0,-0.4122969,-0.74351346,-0.93835604,-44.64980602264404,1.0,160000
135003,73563,89.798583984375,96.9762611016739,0.9732428789138794,72.00338270997555,-0.06017363,-1.0,-1.0,-0.3050996,-34.85230565071106,1.0,160000
64557,3117,3.804931640625,96.97620475616677,0.973238468170166,72.00333089648585,-0.74116,-0.134902,-0.6615709,-0.55571765,-20.0,1.0,150522
126775,65335,79.754638671875,96.97614840976144,0.9732340574264526,72.00327908211851,-1.0,-0.72582126,-0.2013708,-0.54406875,-20.0,1.0,160000
100901,39461,48.170166015625,96.97614003386776,0.97323340177536,72.0032713799079,-1.0,0.084964156,0.021989942,-0.6335015,-26.5248441696167,1.0,160000
131777,70337,85.860595703125,96.97611642896968,0.973231554031372,72.00324967357366,-0.4221084,0.061679006,-1.0,-0.6360836,-33.54342222213745,1.0,160000
63677,2237,2.730712890625,96.97596794293202,0.9732199311256408,72.00311313019762,-0.82995325,-0.8190281,-1.0,-0.20730215,-60.0,1.0,160000
131885,70445,85.992431640625,96.97595195175596,0.9732186794281006,72.00309842516285,-1.0,-0.52873385,0.12920761,-0.49131358,-23.084287643432617,1.0,160000
130441,69001,84.229736328125,96.9758270657973,0.9732089042663574,72.00298358341219,-1.0,-1.0,1.0,-0.46532357,-53.59362840652466,1.0,160000
98789,37349,45.592041015625,96.97582249671515,0.9732085466384888,72.00297938180299,-1.0,-1.0,-0.84819686,-0.9506984,-20.0,1.0,160000
81019,19579,23.900146484375,96.97577756709288,0.973205029964447,72.00293806567177,-1.0,-1.0,-0.78404224,-0.59790725,-20.0,1.0,136945
80188,18748,22.8857421875,96.9757471060072,0.973202645778656,72.00291005441798,-1.0,-1.0,-1.0,0.0071704388,-26.50167226791382,1.0,154835
111816,50376,61.49414062500001,96.9757463444767,0.9732025861740112,72.00290935413335,-0.71980596,-1.0,-1.0,-0.1842339,-42.46188461780548,1.0,153737
126779,65339,79.759521484375,96.97570979081956,0.973199725151062,72.00287574028258,-1.0,-0.52875924,-1.0,1.0,-35.57988107204437,1.0,160000
100976,39536,48.26171875,96.97570979081956,0.973199725151062,72.00287574028258,-1.0,-1.0,-1.0,1.0,-21.10889196395874,1.0,160000
75177,13737,16.768798828125,96.97570979081956,0.973199725151062,72.00287574028258,-1.0,-1.0,-1.0,1.0,-60.0,1.0,160000
61753,313,0.382080078125,96.97569684464204,0.9731987118721008,72.00286383528854,-0.7499753,-0.6675447,-1.0,0.8384856,-32.65228986740112,1.0,160000
139503,78063,95.291748046875,96.97569227539158,0.9731983542442322,72.00285963351486,-1.0,-1.0,0.9543376,-0.7282895,-60.0,1.0,160000
110730,49290,60.16845703125,96.97567932914993,0.973197340965271,72.00284772845815,-0.32738936,-1.0,-0.58107835,-0.5988438,-20.0,1.0,114808
90793,29353,35.831298828125,96.97567552142276,0.9731970429420472,72.00284422696207,-0.3788427,-1.0,-1.0,-0.5645226,-41.14841520786285,1.0508248805999756,160000
123357,61917,75.582275390625,96.97566257511971,0.973196029663086,72.0028323218454,-0.8769422,-1.0,-1.0,-0.63953465,-20.0,1.0,131598
111815,50375,61.492919921875,96.97564049014044,0.9731943011283876,72.00281201301006,-0.64431506,-1.0,-0.6767321,-0.22774923,-20.0,1.0,130795
69700,8260,10.0830078125,96.97560926631364,0.9731918573379515,72.0027833002887,-1.0,-1.0,-1.0,-0.81193054,-53.11272382736206,1.0,160000
61756,316,0.3857421875,96.9755917503876,0.9731904864311218,72.00276719303433,-1.0,-0.09632087,-1.0,0.23887378,-22.215938568115234,1.0,160000
121380,59940,73.1689453125,96.97551407001772,0.9731844067573548,72.00269575984095,-1.0,0.2009213,-0.9358151,0.065325856,-58.363633155822754,1.0,160000
131815,70375,85.906982421875,96.97546456693084,0.9731805324554444,72.00265023781829,0.061843395,-1.0,-1.0,-0.25868273,-20.0,1.0,160000
133306,71866,87.72705078125,96.97531300701698,0.973168671131134,72.00251086618418,-1.0,-1.0,-1.0,0.12168896,-41.22770965099335,1.0,160000
90795,29355,35.833740234375,96.97527873377396,0.9731659889221193,72.00247934910541,-1.0,-1.0,-0.36560303,1.0,-45.881028175354,1.0,160000
83382,21942,26.78466796875,96.9752726407182,0.9731655120849608,72.00247374603521,-1.0,-1.0,-1.0,-0.48292774,-36.6543972492218,1.0,134559
105986,44546,54.37744140625001,96.97524141364264,0.9731630682945251,72.00244503013937,-1.0,-0.60472494,-0.6518027,-0.018390298,-37.90467619895935,1.0,160000
99348,37908,46.2744140625,96.9749656894468,0.9731414914131165,72.0021914780967,-1.0,-1.0,-1.0,-0.5695406,-20.0,1.0,160000
136523,75083,91.654052734375,96.97489180389653,0.9731357097625732,72.00212353378699,-0.8772439,-0.53769714,0.009187102,-0.70354533,-20.0,1.0,160000
96078,34638,42.28271484375,96.9747257462013,0.9731227159500122,72.0019708286994,-1.0,0.041602135,-1.0,-0.3007912,-44.98851776123047,1.0,133616
67765,6325,7.720947265625,96.97470746414368,0.9731212854385376,72.00195401666451,-1.0,-0.49012193,-0.8180479,-0.43423313,-20.0,1.0,160000
97539,36099,44.066162109375,96.97468004088005,0.9731191396713256,72.00192879843902,-0.5071267,-1.0,-1.0,-0.48726457,-20.0,1.0,130321
79599,18159,22.166748046875,96.97458177243892,0.9731114506721495,72.0018384314246,-1.0,-1.0,-0.6579922,-0.0038801432,-20.0,1.0,155068
101335,39895,48.699951171875,96.9744575998834,0.9731017351150512,72.00172424293163,-1.0,-0.35482156,-0.74706614,-0.8717586,-20.0,1.0,160000
139925,78485,95.806884765625,96.97445455264928,0.9731014966964722,72.00172144070646,-0.4033717,-0.5306462,-1.0,0.43782836,-46.424400806427,1.0,160000
61883,443,0.540771484375,96.97439970198678,0.9730972051620485,72.00167100021483,-1.0,-0.75210494,0.5866544,-0.80276334,-20.0,1.0,160000
69561,8121,9.913330078125,96.97430218759736,0.9730895757675172,72.00158132617719,-0.98765266,0.026919723,0.50391597,0.3621433,-20.0,1.0,160000
94166,32726,39.94873046875,96.97426714270686,0.9730868339538574,72.00154909892817,-1.0,-1.0,-1.0,-0.9767933,-32.8729784488678,1.0,160000
116597,55157,67.330322265625,96.97424962013142,0.9730854630470276,72.00153298517641,-1.0,-1.0,-0.058308065,1.0,-49.65211033821106,1.0,160000
64998,3558,4.34326171875,96.97422981189813,0.9730839133262634,72.00151476952881,-1.0,-1.0,-0.123272955,1.0,-54.94179844856262,1.0,160000
68866,7426,9.06494140625,96.97421686030096,0.9730829000473022,72.00150285923907,-1.0,-1.0,-0.12505966,-0.28594583,-60.0,1.0,160000
86715,25275,30.853271484375,96.97417495774997,0.9730796217918396,72.00146432563122,-1.0,-1.0,-1.0,-0.56890655,-20.0,1.0,105784
80251,18811,22.962646484375,96.9741521016038,0.9730778336524964,72.00144330709522,-1.0,-1.0,0.20917886,-0.93452066,-20.0,1.0,160000
115113,53673,65.518798828125,96.97414600660656,0.973077356815338,72.0014377021279,-1.0,-1.0,-1.0,0.26492894,-36.31517946720123,1.0,160000
81705,20265,24.737548828125,96.97401191400958,0.9730668663978576,72.00131439025041,-1.0,-0.12858224,-1.0,-0.23912847,-29.91684913635254,1.0,160000
61754,314,0.38330078125,96.97392810355488,0.9730603098869324,72.00123731780441,-0.5507233,-1.0,-1.0,0.09468168,-21.344218254089355,1.0,160000
136400,74960,91.50390625,96.97382829033164,0.9730525016784668,72.00114552899622,-0.7373126,-0.12511718,-1.0,-0.20587194,-40.03740906715393,1.0,104067
69596,8156,9.9560546875,96.97374523748766,0.9730460047721864,72.00106915300466,-0.37850624,-1.0,-0.26456964,-0.07882345,-29.499754905700684,1.0,160000
86040,24600,30.029296875,96.97370561526031,0.973042905330658,72.00103271608045,-0.56346667,-0.36499196,-1.0,-0.5204046,-20.0,1.0,160000
83267,21827,26.644287109375,96.97367132643618,0.9730402231216432,72.00100118377678,-0.36213577,-1.0,-1.0,0.13344169,-20.0,1.0,160000
87688,26248,32.041015625,96.97366446863144,0.97303968667984,72.00099487727705,-1.0,-1.0,-0.32548398,-0.83151865,-20.0,1.0,160000
104283,42843,52.298583984375,96.97354331188916,0.9730302095413208,72.00088346030674,-1.0,-0.66930294,-0.6268376,-0.5125381,-22.710323333740234,1.0,160000
62158,718,0.87646484375,96.97353111978592,0.9730292558670044,72.0008722483116,-1.0,-1.0,-1.0,-0.15156323,-22.71247386932373,1.0,160000
72051,10611,12.952880859374998,96.97353111978592,0.9730292558670044,72.0008722483116,-0.547168,-1.0,-0.10608506,-0.3160116,-39.661659598350525,1.0,160000
63315,1875,2.288818359375,96.97352578572756,0.973028838634491,72.00086734305081,-1.0,-1.0,-1.0,-0.3704726,-20.0,1.0,120350
78488,17048,20.810546875,96.97340310016492,0.973019242286682,72.00075451988356,-0.83276,-1.0,-1.0,-0.49707407,-20.0,1.0,124320
134051,72611,88.636474609375,96.97330784446476,0.9730117917060852,72.00066692138974,-0.64970386,0.042773366,-1.0,-0.8262383,-20.56360006332397,1.0,160000
87698,26258,32.05322265625,96.9732613587518,0.973008155822754,72.00062417241479,-1.0,-0.65351546,-0.61018956,0.4705503,-35.60846328735352,1.0,101488
78795,17355,21.185302734375,96.97325983461974,0.9730080366134644,72.00062277079894,-1.0,-1.0,-1.0,-0.01451993,-36.68200254440308,1.0,160000
135795,74355,90.765380859375,96.97304949809528,0.9729915857315063,72.000429341659,-1.0,-0.48814356,-0.74839115,-0.47597873,-35.29748022556305,1.0,160000
69598,8158,9.95849609375,96.97300300898767,0.972987949848175,72.00038658936698,-1.0,-0.107186854,-1.0,0.06421995,-20.0,1.1405763626098633,160000
121260,59820,73.0224609375,96.97287039735704,0.972977578639984,72.00026463692639,-1.0,-1.0,-0.21646446,-0.75123787,-39.41662907600403,1.0,160000
70986,9546,11.65283203125,96.97286201369612,0.9729769229888916,72.00025692712612,-1.0,-0.5168987,-1.0,-0.8409451,-32.983341217041016,1.0,158837
62152,712,0.869140625,96.97284600847009,0.9729756712913512,72.0002422083626,-1.0,-0.8985679,-1.0,0.0955888,-20.0,1.0,160000
142395,80955,98.822021484375,96.9728330518055,0.97297465801239,72.00023029312126,-1.0,-1.0,-0.6447883,0.106862485,-20.0,1.0,158870
82531,21091,25.745849609375,96.97277512731304,0.9729701280593872,72.0001770244166,-1.0,-1.0,0.5880344,-0.75324756,-60.0,1.0,135869
76481,15041,18.360595703125,96.97261354345352,0.9729574918746948,72.00002842786922,-1.0,-0.5376816,-1.0,-0.3234716,-28.59183549880981,1.0,160000
138069,76629,93.541259765625,96.97250378417075,0.9729489088058472,71.99992749025314,0.100051284,-0.31464088,-0.0945009,-0.6736051,-23.1736421585083,1.0,160000
113359,51919,63.37768554687499,96.9725022597123,0.9729487895965576,71.99992608831838,-1.0,-0.5108344,-1.0,0.8605665,-20.58471441268921,1.0,160000
111753,50313,61.417236328125,96.97248549062596,0.9729474782943726,71.99991066699369,-0.8985512,-1.0,0.40751368,-0.7621968,-29.026954174041748,1.0,148595
87696,26256,32.05078125,96.97247100816924,0.9729463458061218,71.99989734851441,0.02961123,0.024727464,-0.7407057,0.90056336,-22.05387592315674,1.0,145992
93666,32226,39.33837890625,96.97223546936829,0.9729279279708862,71.99968073985241,-1.0,-0.18183124,-1.0,0.03399992,-28.30323576927185,1.0,160000
84200,22760,27.783203125,96.97214932990464,0.9729211926460266,71.99960152315045,-1.0,-1.0,-0.5958388,-0.5029201,-60.0,1.0,160000
129140,67700,82.6416015625,96.97212569835784,0.9729193449020386,71.99957979077672,-1.0,-1.0,-1.0,-0.7056854,-20.0,1.7166236639022827,130093
135554,74114,90.47119140625,96.972109689801,0.9729180932044984,71.99956506875853,-1.0,-0.79089314,-1.0,0.21001834,-43.7365984916687,1.0,160000
122930,61490,75.06103515625,96.97182838477184,0.9728960990905762,71.99930637032149,-1.0,-1.0,-0.2379821,-0.65877473,-53.67117524147034,1.0,160000
106377,44937,54.854736328125,96.97174452257768,0.9728895425796508,71.99922924731872,-1.0,-0.42858797,-0.7513403,-0.22990167,-37.25493133068085,1.0,106856
128486,67046,81.84326171875,96.97167133212982,0.9728838205337524,71.9991619383841,-1.0,-1.0,-0.51594204,-0.2683848,-32.42872476577759,1.0,131532
83123,21683,26.468505859375004,96.97154019545886,0.9728735685348512,71.99904133951087,-1.0,-0.14097464,-1.0,-0.103951454,-29.61124420166016,1.0,160000
69180,7740,9.4482421875,96.97150664808817,0.972870945930481,71.99901048787372,-1.0,-1.0,-1.0,-0.768889,-47.65985667705536,1.0,160000
68119,6679,8.153076171875,96.971236732672,0.9728498458862304,71.99876226112359,-0.6065852,-0.68875486,-0.45334202,-0.9238648,-51.97933435440064,1.0,160000
109992,48552,59.267578125,96.97120928249362,0.9728477001190186,71.99873701659861,-1.0,-1.0,1.0,-0.15449965,-56.90950393676758,1.0,154991
106372,44932,54.8486328125,96.9711620066874,0.9728440046310424,71.9986935394291,-1.0,-1.0,-0.09841317,-0.46357787,-34.08835053443909,1.0,160000
116592,55152,67.32421875,96.97115133141796,0.9728431701660156,71.99868372191834,-0.22700644,-0.3058709,-0.8822569,0.4017108,-28.02550792694092,1.0,160000
139158,77718,94.87060546875,96.97096222130877,0.9728283882141112,71.99850980651333,-1.0,-0.5770508,-0.73102623,1.0,-60.0,1.0,160000
71488,10048,12.265625,96.9707547986045,0.9728121757507324,71.99831904923398,0.026385665,-1.0,0.75286686,-0.635965,-34.31015610694885,1.0,160000
67714,6274,7.65869140625,96.97071895594988,0.972809374332428,71.99828608629491,-1.0,-1.0,-0.65170324,-0.5444929,-54.96674776077271,1.0,160000
75813,14373,17.545166015625,96.9705999862398,0.972800076007843,71.99817667484902,-0.6388054,-0.789556,-1.0,-0.87274563,-20.0,1.0,120305
131024,69584,84.94140625,96.97049321514736,0.9727917313575744,71.99807848176378,-1.0,-1.0,-1.0,-0.7675444,-32.75562763214111,1.0,160000
101340,39900,48.7060546875,96.97024229040528,0.9727721214294434,71.99784771562824,-1.0,-0.9416063,-0.75397897,-0.7479949,-60.0,1.0,127601
95733,34293,41.861572265625,96.97020339166482,0.9727690815925598,71.99781194181453,-1.0,-0.48069394,0.1269325,-0.64813715,-23.08660387992859,1.0,160000
116596,55156,67.3291015625,96.97010957529726,0.9727617502212524,71.99772566207521,-0.47977012,-1.0,-0.6868204,1.0,-60.0,1.0,160000
105411,43971,53.67553710937501,96.97010652431672,0.9727615118026732,71.99772285618924,-1.0,-0.72260773,-1.0,-0.78264606,-60.0,1.0,133009
92997,31557,38.521728515625,96.97006762408476,0.9727584719657898,71.99768708091808,-1.0,-1.0,-1.0,-0.9697553,-24.09917116165161,1.0,160000
135558,74118,90.47607421875,96.96987159092244,0.9727431535720824,71.99750679525606,-1.0,-1.0,-0.22772855,0.33374542,-34.51921820640564,1.0,160000
68594,7154,8.73291015625,96.96986243735785,0.9727424383163452,71.99749837698937,-1.0,-1.0,-1.0,-0.1794563,-30.660962462425232,1.0,160000
78407,16967,20.711669921875,96.96980904109272,0.9727382659912108,71.99744926997278,-1.0,-0.90805054,-0.95563054,-0.7509151,-20.0,1.0,160000
129259,67819,82.786865234375,96.96978768236124,0.9727365970611572,71.99742962694586,-1.0,-0.48347843,-0.87659633,-0.772812,-38.62928807735443,1.0,160000
83387,21947,26.790771484375,96.96978005421164,0.9727360010147096,71.99742261154859,-1.0,0.08154464,-1.0,-0.2558009,-20.68102598190308,1.0,160000
75533,14093,17.203369140625,96.96938489359007,0.9727051258087158,71.99705919201193,-1.0,-0.24753529,-1.0,-0.74685,-47.69206464290619,1.0,160000
142808,81368,99.326171875,96.96934140797158,0.9727017283439636,71.99701919919981,-1.0,-1.0,-0.718513,-0.6398133,-51.26327037811279,1.0,160000
105420,43980,53.6865234375,96.96933835632916,0.9727014899253844,71.99701639266708,-0.27234936,-1.0,0.29866928,0.03168869,-41.17173731327057,1.0,160000
68755,7315,8.929443359375,96.96932004641954,0.97270005941391,71.99699955341679,-1.0,-1.0,-1.0,-0.81648403,-47.09464967250824,1.0,160000
62153,713,0.870361328125,96.969247568765,0.9726943969726562,71.99693289714334,-1.0,-0.9686141,0.15455383,-0.181368,-20.0,1.0,160000
109062,47622,58.13232421875,96.96921628847696,0.9726919531822203,71.99690412925128,-1.0,-1.0,-1.0,0.16073596,-20.0,1.0,155597
76482,15042,18.36181640625,96.96918271908,0.9726893305778505,71.9968732560912,-1.0,-1.0,-1.0,-0.29590333,-39.394100308418274,1.0,160000
137078,75638,92.33154296875,96.9691338902983,0.9726855158805848,71.99682834912154,-0.5242758,-0.9097038,-0.5511211,-0.30300593,-28.25164675712585,1.0,160000
96407,34967,42.684326171875,96.9690614088342,0.972679853439331,71.99676168912558,-1.0,-0.38633102,-0.68382657,-0.82928306,-20.0,1.0,160000
76616,15176,18.525390625,96.96901410434194,0.972676157951355,71.99671818392552,-1.0,-1.0,-1.0,-0.10848522,-20.0,1.0,140457
139459,78019,95.238037109375,96.96892559746608,0.972669243812561,71.9966367854416,-1.0,-1.0,1.0,-0.9370649,-29.711214303970337,1.0,160000
123466,62026,75.71533203125,96.96891567845424,0.972668468952179,71.99662766306305,-1.0,-1.0,-1.0,-0.66124105,-20.0,1.0,160000
92024,30584,37.333984375,96.96882793213986,0.9726616144180298,71.99654696391686,-0.88742214,-0.8676194,-1.0,-0.8925834,-20.0,1.0,160000
142392,80952,98.818359375,96.96882640609778,0.9726614952087402,71.99654556043465,-1.0,-0.5879139,-1.0,0.8159219,-21.712095737457275,1.0,151469
87939,26499,32.347412109375,96.96877986149822,0.9726578593254088,71.99650275391885,-1.0,-0.0076434016,0.64323604,-0.35743642,-56.04228258132935,1.0,160000
76285,14845,18.121337890625,96.96876231173636,0.9726564884185792,71.99648661360202,-0.7766601,-0.18199658,-1.0,-0.7721764,-33.36293160915375,1.0,160000
93513,32073,39.151611328125,96.96869897926388,0.9726515412330629,71.99642836740426,-1.0,-1.0,-1.0,-0.5487968,-37.87363588809967,1.0,160000
90798,29358,35.83740234375,96.96861809518268,0.9726452231407166,71.996353979085,-1.0,-0.38977212,-0.8995521,1.0,-59.05102729797363,1.0,160000
119028,57588,70.2978515625,96.96850287033044,0.9726362228393556,71.99624800770235,-1.0,-0.37249517,-0.80461115,-0.6066363,-20.0,1.0,160000
113360,51920,63.37890625,96.96842350798768,0.9726300239562988,71.99617501865994,-1.0,-1.0,-0.8579721,0.81749904,-20.0,1.0,90297
64992,3552,4.3359375,96.96835406447924,0.9726245999336244,71.99611115182266,-1.0,-0.475451,-0.9517698,1.0,-41.20830774307251,1.0,114628
110281,48841,59.62036132812501,96.96825562025003,0.9726169109344482,71.99602061303773,-1.0,-1.0,-1.0,-0.81616783,-37.203972935676575,1.0,160000
105358,43918,53.61083984375,96.96805948677124,0.972601592540741,71.99584022935122,-0.8449341,-1.0,-1.0,-0.97980237,-37.764604687690735,1.0,160000
78841,17401,21.241455078125,96.96795416548096,0.972593367099762,71.99574336525019,-1.0,-1.0,-0.27735883,-0.23136193,-36.523520946502686,1.0,108402
90794,29354,35.83251953125,96.9679297427056,0.9725914597511292,71.99572090357242,-1.0,-1.0,-1.0,1.0,-60.0,1.0,140228
142400,80960,98.828125,96.9679297427056,0.9725914597511292,71.99572090357242,-0.2637074,-0.012746215,-1.0,1.0,-20.0,1.0,160000
142398,80958,98.82568359375,96.9679297427056,0.9725914597511292,71.99572090357242,-1.0,-1.0,-1.0,1.0,-36.32545709609985,1.0,160000
116600,55160,67.333984375,96.9679297427056,0.9725914597511292,71.99572090357242,-1.0,-1.0,-1.0,1.0,-20.0,1.0,160000
118243,56803,69.339599609375,96.9678557101392,0.972585678100586,71.99565281560655,-0.73294365,-0.07949978,-1.0,-0.27561802,-49.00781452655792,1.0,160000
98660,37220,45.4345703125,96.96778091277952,0.972579836845398,71.99558402416785,-1.0,-1.0,-1.0,-0.4745493,-59.849255084991455,1.0,157582
109754,48314,58.97705078124999,96.96773282792876,0.9725760817527772,71.99553980028536,-1.0,-1.0,0.5063722,0.028198779,-29.388554096221924,1.0,132277
84269,22829,27.867431640625,96.9677198525398,0.972575068473816,71.9955278667475,-1.0,-1.0,-0.5685378,-0.6721458,-23.606210947036743,1.0,160000
137091,75651,92.347412109375,96.9676511585123,0.972569704055786,71.99546468842054,-1.0,-0.2818665,-0.5750057,0.041736245,-20.0,1.0,160000
72859,11419,13.939208984375002,96.96733438548956,0.9725449681282043,71.99517334929936,-1.0,-1.0,-0.29843128,-0.6007538,-28.78908395767212,1.0,140130
101763,40323,49.222412109375,96.96728553122593,0.9725411534309388,71.99512841742992,-0.8611071,-1.0,-0.60881436,-0.8527223,-37.553865909576416,1.0,102146
90796,29356,35.8349609375,96.967262630558,0.9725393652915956,71.99510735538958,-1.0,-0.5066585,-1.0,0.971735,-31.95516347885132,1.0,104413
111924,50484,61.62597656249999,96.96725652368822,0.9725388884544371,71.99510173882106,-0.78175557,-0.61616856,-1.0,-0.3997301,-26.918545961380005,1.0,160000
63311,1871,2.283935546875,96.96707636629527,0.9725248217582704,71.9949360454234,-1.0,-0.73214114,-0.7482919,-0.31414133,-20.0,1.0,160000
100415,38975,47.576904296875,96.96706873230518,0.9725242257118224,71.99492902431908,-1.0,-0.6061864,-0.9632966,-0.85340273,-36.05965197086334,1.0,160000
94967,33527,40.926513671875,96.9669710157795,0.9725165963172911,71.9948391527645,-1.0,-0.8608999,-1.0,-0.35208303,-20.0,1.0,136531
106202,44762,54.64111328125,96.96695345705572,0.9725152254104614,71.99482300369048,-1.0,-0.80945665,-0.7147689,-0.82347,-42.99203753471375,1.0,160000
139536,78096,95.33203125,96.96685955457806,0.972507894039154,71.99473663980837,-0.88254726,-1.0,-1.0,-0.0052098036,-45.31758427619934,1.0,160000
63680,2240,2.734375,96.96670533535467,0.9724958539009094,71.99459480116599,-0.62142664,-1.0,-1.0,-0.0105533,-20.0,1.0,153029
82535,21095,25.750732421875,96.96666487078376,0.9724926948547364,71.9945575849907,-1.0,-1.0,-1.0,-0.73153013,-29.57537651062012,1.0,160000
137804,76364,93.2177734375,96.96663738515132,0.9724905490875244,71.99453230582172,-1.0,-1.0,-1.0,-0.9299753,-59.79665875434876,1.0,149362
96072,34632,42.275390625,96.96651293364826,0.972480833530426,71.99441784475572,-1.0,-1.0,-1.0,0.11241549,-29.01882529258728,1.0,160000
84686,23246,28.37646484375,96.96638847777535,0.9724711179733276,71.99430337941968,-1.0,-1.0,-1.0,-0.76180154,-49.36828374862671,1.0,159155
116595,55155,67.327880859375,96.96628157967204,0.9724627733230592,71.99420506222525,-1.0,-0.910545,-1.0,1.0,-28.076672554016117,1.0262212753295898,160000
140263,78823,96.219482421875,96.96623271089392,0.9724589586257936,71.99416011617286,-1.0,-1.0,-0.8825023,-0.6411186,-20.0,1.0,153314
111250,49810,60.80322265625,96.96609984549758,0.9724485874176024,71.9940379157649,-1.0,-0.8225366,-1.0,-0.24238849,-42.47517228126526,1.0,160000
134675,73235,89.398193359375,96.96609450023377,0.9724481701850892,71.99403299955472,-1.0,-1.0,-1.0,-0.9578482,-26.287697553634644,1.0,129651
136543,75103,91.678466796875,96.96597537512,0.9724388718605042,71.99392343625546,-1.0,-1.0,-0.69547546,-0.23353016,-60.0,1.0,160000
81704,20264,24.736328125,96.96581959008472,0.97242671251297,71.99378015526943,-1.0,-1.0,-1.0,0.17296535,-36.1520653963089,1.0,160000
100709,39269,47.935791015625,96.9658142443983,0.9724262952804564,71.99377523864631,-1.0,-1.0,-1.0,0.05414617,-20.0,1.0,160000
135869,74429,90.855712890625,96.9657867521694,0.9724241495132446,71.9937499530315,-1.0,-0.9910916,-1.0,-0.71527386,-60.0,1.0,160000
102416,40976,50.01953125000001,96.96526512309872,0.972383439540863,71.99327018925648,-1.0,-0.38517892,-1.0,0.11299914,-60.0,1.0,160000
92318,30878,37.69287109375,96.96518721583094,0.972377359867096,71.99319853435017,-1.0,-1.0,0.37659085,-0.6233958,-20.0,1.0,133399
69939,8499,10.374755859375,96.9650947942052,0.972370147705078,71.9931135297922,-1.0,-1.0,0.41383755,-0.93436146,-25.59854745864868,1.0,160000
126506,65066,79.42626953125,96.96490688826596,0.9723554849624634,71.99294070335038,-0.9359036,-1.0,-1.0,0.06261706,-22.41177082061768,1.0,160000
111267,49827,60.823974609375,96.96488931931546,0.9723541140556335,71.99292454428323,-1.0,-1.0,-0.60804147,-0.73632765,-27.084765434265137,1.0,160000
64633,3193,3.897705078125,96.96482133429564,0.9723488092422484,71.99286201491765,-0.4241019,-1.0,-0.50411224,-0.9414242,-20.0,1.0,140071
124588,63148,77.0849609375,96.96477091759655,0.9723448753356934,71.99281564400385,-0.589885,-1.0,-1.0,-0.64091074,-20.0,1.0,160000
87227,25787,31.478271484375,96.96443020414456,0.9723182916641236,71.9925022706815,-1.0,-1.0,-1.0,-0.74605036,-41.369651556015015,1.0,83206
109758,48318,58.98193359375,96.96433470683333,0.9723108410835266,71.99241443609674,-1.0,-0.32935345,-1.0,0.6138809,-25.831243991851807,1.0,160000
84555,23115,28.216552734375,96.96409251412231,0.9722919464111328,71.99219167632342,-0.71908474,-1.0,-1.0,-0.66927093,-20.0,1.0,113147
115075,53635,65.472412109375,96.96396797326148,0.9722822308540344,71.9920771279403,-0.5155085,-1.0,-1.0,-0.46783262,-21.044187545776367,1.0,160000
138823,77383,94.461669921875,96.96394657929926,0.9722805619239808,71.99205745048738,-1.0,-1.0,-0.24168777,-0.779729,-22.512941360473636,1.0,160000
84946,23506,28.69384765625,96.96387704803084,0.9722751379013062,71.99199349789453,-0.70765704,-0.8960095,-1.0,-0.06890595,-20.0,1.0,160000
87937,26497,32.344970703125,96.9637616689628,0.9722661375999452,71.9918873758183,-0.18374145,-1.0,-1.0,-0.0045891404,-60.0,1.0,100373
67805,6365,7.769775390625,96.96358821124892,0.972252607345581,71.99172783440572,-1.0,-1.0,1.0,-0.97468346,-25.9079384803772,1.0,160000
105391,43951,53.65112304687501,96.96340710317526,0.9722384810447692,71.9915612558929,-1.0,-1.0,-1.0,-0.9261329,-20.0,1.0,127610
67391,5951,7.264404296875,96.96331922039842,0.97223162651062,71.99148042340099,-0.16837251,-0.2219752,-1.0,-0.5323913,-20.0,1.0,160000
96230,34790,42.46826171875,96.96310982135692,0.9722152948379515,71.99128782262994,0.15892303,-1.0,-0.07490176,-0.8964868,-42.15994834899902,1.0,160000
90989,29549,36.070556640625,96.9630677872131,0.972212016582489,71.99124916043576,-1.0,0.17558318,-1.0,-0.2676015,-20.0,1.0,160000
61758,318,0.38818359375,96.96306090885128,0.972211480140686,71.99124283384857,-1.0,-1.0,-1.0,1.0,-41.40773177146912,1.0,160000
87556,26116,31.8798828125,96.96306090885128,0.972211480140686,71.99124283384857,-1.0,-0.2326411,-1.0,1.0,-20.0,1.0,160000
106820,45380,55.3955078125,96.9630433307548,0.9722101092338562,71.9912266658443,-0.36896515,-1.0,-1.0,-0.4733355,-20.0,1.0,160000
116879,55439,67.674560546875,96.96294779609916,0.9722026586532592,71.99113879476782,-1.0,0.0065426826,-1.0,-0.8383068,-20.0,1.0,160000
102817,41377,50.509033203125,96.962918753054,0.9722003936767578,71.99111208146235,-1.0,-0.6977506,-0.28661984,-0.36262822,-31.24652922153473,1.3778323531150818,160000
83031,21591,26.356201171875,96.96284690871023,0.9721947908401488,71.99104600018224,-1.0,-1.0,0.26904976,1.0,-38.94036173820496,1.0,160000
132640,71200,86.9140625,96.9628308581793,0.9721935391426086,71.99103123714879,-0.45728397,-1.0,0.0062738657,-0.94045746,-47.43861675262451,1.0,160000
82947,21507,26.253662109375,96.9627658910029,0.9721884727478028,71.99097148128865,-1.0,-1.0,-0.60102606,-0.847114,-59.70354080200195,1.0,160000
132482,71042,86.72119140625,96.96243110010592,0.9721623659133912,71.99066354442836,-1.0,-1.0,1.0,-0.46034586,-30.40436863899231,1.0,160000
74819,13379,16.331787109375,96.96222852863194,0.9721465706825256,71.99047722060983,-1.0,-1.0,-1.0,-0.88335514,-53.08958411216736,1.0,144945
79591,18151,22.156982421875,96.961920444942,0.9721225500106812,71.99019384612457,-1.0,0.1001178,-1.0,0.26253128,-20.0,1.0,160000
127113,65673,80.167236328125,96.96191050631316,0.9721217751502992,71.990184704577,-1.0,-1.0,-0.4238227,-0.031106591,-20.0,1.0,160000
137616,76176,92.98828125,96.9618294672239,0.9721154570579528,71.99011016478961,-0.85806954,-1.0,-1.0,0.33097285,-45.476908683776855,1.0,160000
114013,52573,64.176025390625,96.96176065899742,0.9721100926399232,71.99004687487147,-1.0,-1.0,-0.9206673,-0.7170222,-24.289441108703613,1.0,159642
86384,24944,30.44921875,96.96159857212508,0.9720974564552308,71.98989778680132,-1.0,-1.0,0.8516203,-0.5111102,-20.0,1.0,127056
115077,53637,65.474853515625,96.96132713649386,0.9720762968063354,71.98964811841066,-0.9458652,-1.0,-1.0,-0.4589709,-60.0,1.0,160000
98559,37119,45.311279296875,96.96120249853212,0.9720665812492372,71.98953347514343,-1.0,-0.35213143,-0.77523875,-0.21866763,-35.92953264713287,1.0,160000
83960,22520,27.490234375,96.96112450199855,0.97206050157547,71.98946173300942,-1.0,-1.0,-0.67785037,0.7589711,-49.63281750679016,1.0,160000
114012,52572,64.1748046875,96.96106638582016,0.972055971622467,71.9894082769973,-1.0,-1.0,-1.0,-0.73463523,-60.0,1.0,132696
97661,36221,44.215087890625,96.9610403861692,0.9720539450645448,71.98938436216456,-0.6440922,-1.0,0.076328754,-0.93818074,-22.81313419342041,1.8978578448295595,160000
112514,51074,62.34619140624999,96.96093638566094,0.9720458388328552,71.98928870097279,-1.0,-0.2975108,-0.36166477,-0.48598325,-32.4125599861145,1.0,115114
131609,70169,85.655517578125,96.9605478862273,0.9720155596733092,71.98893135195398,-0.9504772,-0.9495643,-1.0,-0.9458276,-51.19364142417908,1.0,160000
132163,70723,86.331787109375,96.96039721654196,0.9720038175582886,71.98879276251347,-1.0,-0.47695452,-1.0,-0.58721983,-20.0,1.0,160000
82739,21299,25.999755859375,96.96035591510558,0.9720005989074708,71.98875477243871,-0.8963269,0.07603663,-0.91868764,0.0697183,-31.87583923339844,1.0,160000
93472,32032,39.1015625,96.9603444423991,0.9719997048377992,71.98874421955685,-1.0,-0.81148595,-1.0,-0.92310846,-46.05401813983917,1.0,160000
135167,73727,89.998779296875,96.9603107889129,0.971997082233429,71.98871326422775,-1.0,-1.0,0.26504254,-0.014742613,-20.0,1.0,160000
96295,34855,42.547607421875,96.96006985122956,0.9719783067703248,71.98849164310901,-1.0,-0.9785173,-1.0,-0.9100049,-37.4806159734726,1.0,160000
104645,43205,52.740478515625,96.9599887701104,0.9719719886779784,71.98841706225106,-0.0936532,-1.0,-0.044669867,-0.23293304,-60.0,1.0,160000
110723,49283,60.159912109375,96.95998571040928,0.9719717502593994,71.98841424784364,-1.0,-1.0,-1.0,-0.4333955,-33.367499113082886,1.0,160000
65326,3886,4.74365234375,96.9599535833883,0.9719692468643188,71.98838469641017,-1.0,-1.0,-0.88995713,-0.696003,-40.32354235649109,1.0,160000
72538,11098,13.54736328125,96.9597585202354,0.9719540476799012,71.98820527089526,-1.0,-1.0,-1.0,-0.92160964,-20.0,1.0,117833
92030,30590,37.34130859375,96.95959710693684,0.9719414710998536,71.98805679716052,-1.0,-1.0,-1.0,-0.7809073,-20.0,1.0,160000
72536,11096,13.544921874999998,96.95949306414508,0.971933364868164,71.98796109465026,-1.0,-1.0,-0.7929693,-0.9376552,-41.689279079437256,1.0,160000
142728,81288,99.228515625,96.95921381658415,0.971911609172821,71.98770423127698,-1.0,-1.0,-1.0,-0.6662078,-45.95966696739197,1.0,160000
87938,26498,32.34619140625,96.9591816825795,0.9719091057777404,71.9876746730192,-1.0,-1.0,-1.0,-0.65369403,-23.2410192489624,1.0,160000
95579,34139,41.673583984375,96.9591732664826,0.971908450126648,71.98766693152379,-0.548051,-1.0,0.43658072,-0.41940886,-28.17405343055725,1.0,160000
85550,24110,29.43115234375,96.95916025974816,0.9719074368476868,71.98765496735616,-0.060554385,-1.0,-0.8677632,-0.90427214,-20.0,1.0,160000
113483,52043,63.529052734375,96.9590011146704,0.9718950390815736,71.98750857847791,-1.0,-1.0,-0.65706724,-0.74308944,-30.349485874176025,1.0,137279
135357,73917,90.230712890625,96.95899116786627,0.9718942642211914,71.98749942894166,-0.81448174,-1.0,-1.0,-0.49958193,-20.0,1.0,160000
78799,17359,21.190185546875,96.95880217329535,0.971879541873932,71.9873255825811,-1.0,0.06493461,-0.73469734,-0.84622747,-20.0,1.0,160000
124668,63228,77.1826171875,96.9587524362106,0.9718756675720216,71.98727983190561,-1.0,-1.0,-1.0,-0.40224922,-56.18081092834473,1.0,125816
95351,33911,41.395263671875,96.95853128904794,0.9718584418296814,71.98707640912433,-1.0,-1.0,-0.25099853,0.23900038,-20.0,1.0,160000
97285,35845,43.756103515625,96.95849685312986,0.9718557596206664,71.98704473308628,0.08150017,-1.0,-0.12594312,-0.90034026,-33.14829707145691,1.0,160000
118300,56860,69.4091796875,96.95818461890504,0.971831440925598,71.98675752212142,-1.0,-1.0,-1.0,-0.23795664,-39.96456742286682,1.0,158510
126771,65331,79.749755859375,96.95806293195976,0.9718219637870787,71.9866455870573,-1.0,-0.25412542,-0.32783067,1.0,-38.81582498550415,1.0,160000
84793,23353,28.507080078125004,96.95788689944348,0.9718082547187804,71.98648366120405,-1.0,-0.356138,-0.037471175,-0.114806294,-20.0,1.0,160000
97670,36230,44.22607421875,96.9576963152782,0.9717934131622314,71.9863083492592,-1.0,-1.0,-1.0,-0.708824,-20.0,1.0,74134
103525,42085,51.373291015625,96.9576557478512,0.9717902541160583,71.98627103257589,-1.0,-1.0,-1.0,-0.49861693,-20.0,1.0,160000
91773,30333,37.027587890625,96.9576526861398,0.9717900156974792,71.98626821620405,-0.088609695,-1.0,-1.0,-0.45748353,-20.0,1.0,160000
79600,18160,22.16796875,96.95753557369834,0.9717808961868286,71.98616048804652,0.16694486,-1.0,-1.0,-0.67254394,-20.0,1.0,147143
106006,44566,54.40185546875001,96.95744142168184,0.9717735648155212,71.98607388032214,-1.0,-0.843123,-1.0,-0.33852518,-56.08783721923828,1.0,160000
90984,29544,36.064453125,96.95736334250768,0.9717674851417542,71.9860020574334,-0.015643954,-1.0,-1.0,0.06313634,-20.0,1.0,160000
130475,69035,84.271240234375,96.95723626881112,0.9717575907707214,71.98588516561837,-1.0,-1.0,-1.0,-0.28766775,-39.63918924331665,1.0,160000
93476,32036,39.1064453125,96.95717273025885,0.9717526435852052,71.9858267180457,-0.3221298,-0.3784684,0.96380204,-0.9690025,-27.70038604736328,1.0,160000
134861,73421,89.625244140625,96.9571382811712,0.9717499613761902,71.98579502913859,-0.6705264,-1.0,-0.8513813,0.15315127,-46.136046051979065,1.0,139876
123420,61980,75.6591796875,96.95713675009289,0.9717498421669006,71.98579362073514,-1.0,-1.0,-1.0,-0.3679241,-52.09319710731506,1.0,160000
91652,30212,36.8798828125,96.95694536010912,0.9717349410057068,71.98561756522821,-1.0,-1.0,-1.0,-0.6051165,-30.516880750656128,1.0,160000
121348,59908,73.1298828125,96.95690248733978,0.9717316031455994,71.98557812741389,-1.0,-1.0,0.4600293,-0.57712317,-50.21892547607422,1.0,160000
74577,13137,16.036376953125,96.956731756717,0.9717183113098145,71.98542107538985,-1.0,-1.0,-0.75392866,0.40591374,-42.43136465549469,1.0,160000
116777,55337,67.550048828125,96.95653498524352,0.9717029929161072,71.98524006827344,-1.0,-0.90507984,0.6594103,-0.5943347,-60.0,1.0,116150
106690,45250,55.23681640625,96.95635581419327,0.9716890454292296,71.98507525097848,-0.90640503,-1.0,-1.0,-0.3356943,-25.546300411224365,1.0,155919
93349,31909,38.951416015625,96.95617663411126,0.9716750979423524,71.98491042485777,-1.0,-1.0,-1.0,-0.7065958,-37.30149924755096,1.0,160000
135770,74330,90.73486328125,96.95609546409312,0.971668779850006,71.98483575712923,-0.5197003,-0.25713015,-1.0,-0.25150597,-20.0,1.0,160000
110481,49041,59.86450195312501,96.95603190514356,0.9716638326644896,71.98477728962462,-1.0,-0.5945896,-1.0,-0.88732123,-20.0,1.0,154157
93646,32206,39.31396484375,96.9557615754706,0.971642792224884,71.98452861421796,-1.0,-1.0,-1.0,-0.60641026,-20.0,1.0,160000
119492,58052,70.8642578125,96.9556214248014,0.97163188457489,71.98439968959943,-1.0,-1.0,-1.0,-0.9043604,-41.90249502658844,1.0,160000
139924,78484,95.8056640625,96.95561989306955,0.9716317653656006,71.98439828055737,-0.64672923,-1.0,-0.85109395,0.54130775,-60.0,1.0,160000
124394,62954,76.84814453125,96.95546901425104,0.9716200232505798,71.98425948675538,-1.0,-0.98514444,-1.0,-0.5561336,-53.79038691520691,1.0,160000
108085,46645,56.939697265625,96.95546518475606,0.971619725227356,71.98425596398863,-1.0,-0.07014239,-0.8839632,-0.5043485,-20.0,1.0,160000
100480,39040,47.65625,96.95546365295694,0.9716196060180664,71.9842545548808,-1.0,-1.0,-0.4645967,-0.6126797,-60.0,1.0,160000
89285,27845,33.990478515625,96.95525225834628,0.9716031551361084,71.9840600918153,-1.0,-0.5334002,-1.0,-0.8161243,-35.03599613904953,1.0,160000
140269,78829,96.226806640625,96.95517872683992,0.97159743309021,71.9839924496092,-0.722199,-0.8164083,-0.800073,-0.94601804,-35.91849625110626,1.0,140580
91084,29644,36.1865234375,96.95513276887624,0.9715938568115234,71.98395017247582,-0.5143006,-1.0,-1.0,-0.7523582,-43.470134139060974,1.0,160000
95457,34017,41.524658203125,96.95494893108128,0.9715795516967772,71.98378105813752,-1.0,-1.0,-0.39484572,-0.8760788,-60.0,1.0,160000
104678,43238,52.78076171875,96.9548171748149,0.971569299697876,71.9836598538151,-0.44051236,-1.0,-1.0,-0.239717,-59.2831301689148,1.0,160000
119104,57664,70.390625,96.95470456529956,0.971560537815094,71.98355626261917,-1.0,0.038532972,-0.713095,-0.54971457,-26.39346718788147,1.994996726512909,129505
77483,16043,19.583740234375,96.95459884699916,0.971552312374115,71.9834590105702,-1.0,-1.0,1.0,-0.34239388,-20.0,1.0,160000
85494,24054,29.36279296875,96.95441957835052,0.9715383648872375,71.98329409790301,-1.0,-1.0,-1.0,0.03181082,-20.0,1.0,112508
108204,46764,57.08496093749999,96.95435982012616,0.9715337157249452,71.98323912505161,-0.7648338,0.086019635,-1.0,-0.29790437,-49.38956022262573,1.0,137405
88749,27309,33.336181640625,96.95423723601075,0.971524178981781,71.98312635715753,-1.0,-1.0,-1.0,-0.5759264,-60.0,1.0,160000
73804,12364,15.092773437500002,96.95394914670808,0.9715017676353456,71.98286133635422,-1.0,-0.6460307,-0.86779714,-0.75207937,-42.65042722225189,1.0,151834
67423,5983,7.303466796874999,96.95382808094232,0.971492350101471,71.98274996442517,-1.0,-0.7977683,-1.0,-0.51965994,-46.38566255569458,1.0,160000
128928,67488,82.3828125,96.9537514549106,0.9714863896369934,71.98267947378172,-0.8166886,-0.8464694,-0.97738504,-0.9177445,-20.0,1.0,160000
135006,73566,89.80224609375,96.9534342055761,0.9714617133140564,71.98238762535512,-1.0,-0.54824066,-1.0,0.23510796,-49.92478370666504,1.0,160000
110680,49240,60.107421875,96.95339665486928,0.9714587926864624,71.98235308107863,-0.71926814,-1.0,0.06145984,-0.23179054,-28.28811764717102,1.0,139352
110744,49304,60.18554687499999,96.95336676728868,0.9714564681053162,71.98232558637766,-1.0,-0.4736019,-1.0,0.033813596,-21.813788414001465,1.0,160000
135661,74221,90.601806640625,96.95334607573967,0.9714548587799072,71.98230655144094,-1.0,-0.5351857,-0.04797232,-0.71171606,-20.0,1.0,160000
95963,34523,42.142333984375,96.95332615043056,0.9714533090591432,71.98228822139073,-1.0,-0.26280582,-0.23335898,-0.53010255,-20.0,1.0,138851
130453,69013,84.244384765625,96.95328553310873,0.97145015001297,71.98225085595065,-1.0,-1.0,-1.0,-0.9532796,-56.40928745269776,1.0,104936
62945,1505,1.837158203125,96.95325334546772,0.9714476466178894,71.98222124528007,-1.0,-0.14312124,-0.56055814,0.34358627,-37.00008362531662,1.0,158967
87895,26455,32.293701171875,96.95323801791729,0.971446454524994,71.98220714486072,-1.0,-0.88083833,-1.0,-0.6871083,-20.0,1.0,129343
99605,38165,46.588134765625,96.95299889957954,0.971427857875824,71.98198716996325,-0.060046673,-0.884995,-1.0,-0.73647785,-31.80897831916809,1.0,160000
87558,26118,31.882324218750004,96.95293988392744,0.9714232683181764,71.9819328788704,-0.65962523,-1.0,-0.644629,1.0,-57.79195308685303,1.0,120872
136542,75102,91.67724609375,96.95271530892488,0.9714058041572572,71.98172628194028,-1.0,-1.0,-0.20574388,-0.068285465,-27.48276710510254,1.0,160000
134539,73099,89.232177734375,96.95261872965057,0.9713982939720154,71.9816374339501,-1.0,-1.0,-0.1461221,-0.40595448,-42.677841782569885,1.0,160000
135559,74119,90.477294921875,96.95249531898524,0.9713886976242064,71.98152390223477,-1.0,-1.0,-1.0,1.0,-41.40963315963745,1.0,132537
128603,67163,81.986083984375,96.95247692199771,0.971387267112732,71.98150697789414,-1.0,0.012087524,-1.0,-0.3718804,-25.43988823890686,1.0,160000
100388,38948,47.5439453125,96.95244932633814,0.97138512134552,71.98148159120893,-0.18974817,-1.0,-1.0,-0.6025609,-32.91038930416107,1.0,110788
65275,3835,4.681396484375,96.94987509042456,0.971185028553009,71.97911336360143,-1.0,-0.8007195,-0.77397364,-0.64985806,-37.9980742931366,1.0,133455
83039,21599,26.365966796875,96.94982906391051,0.9711814522743224,71.97907101948071,-1.0,-0.8598132,0.5883506,1.0,-20.0,1.0,160000
76619,15179,18.529052734375,96.9497454475546,0.971174955368042,71.97899409284071,-0.65681964,0.07154429,-0.82760453,1.0,-25.069918632507324,1.0,146593
72099,10659,13.011474609375002,96.94972933775588,0.9711737036705016,71.97897927189148,-1.0,-1.0,-1.0,-0.5422858,-55.9076201915741,1.0,160000
111817,50377,61.495361328125,96.949711693607,0.971172332763672,71.97896303934156,-0.7442508,-0.52646893,-1.0,0.42083508,-36.546064615249634,1.0,160000
70274,8834,10.78369140625,96.94959738809008,0.9711634516716005,71.97885787857923,0.1230818,-0.2582656,-0.21270534,-0.2975735,-28.39300513267517,1.0,160000
138068,76628,93.5400390625,96.94955135798664,0.9711598753929138,71.97881553095095,-0.99696416,-0.8175959,0.24733424,-0.48642242,-20.166609287261963,1.0,87902
83075,21635,26.409912109375,96.94879177537872,0.9711008667945862,71.97811671114073,-1.0,-1.0,0.31288707,-0.4510197,-60.0,1.0,121168
122024,60584,73.955078125,96.94869739168016,0.9710935354232788,71.97802987701732,-1.0,-1.0,-1.0,-0.42116094,-57.71578073501587,1.0,146772
81629,20189,24.644775390625,96.94860300548068,0.9710862040519714,71.97794304045001,-0.35232675,-1.0,-0.41586953,-0.7107876,-43.24251592159271,1.0,139066
73061,11621,14.185791015624998,96.94786240908174,0.9710286855697632,71.97726167688272,0.25147557,-1.0,-1.0,-0.79686266,-39.698339104652405,1.0,95777
125918,64478,78.70849609375,96.94785396616275,0.9710280299186708,71.97725390917687,-0.35506523,-1.0,0.10615754,-0.28835928,-20.0,1.0,133275
135222,73782,90.06591796875,96.9478347776361,0.9710265398025512,71.97723625522718,-1.0,-1.0,-0.76576686,-0.87890625,-38.80685031414032,1.0,160000
97980,36540,44.6044921875,96.9477810492117,0.971022367477417,71.97718682363086,-0.4387111,-0.7563996,-1.0,-0.17088932,-20.0,1.0,160000
93309,31869,38.902587890625,96.94775648737642,0.9710204601287842,71.977164226066,-1.0,-0.68685716,0.89182484,-0.6626179,-60.0,1.0,160000
87553,26113,31.876220703125004,96.9476897090308,0.9710152745246888,71.97710278810007,-1.0,-1.0,-0.5997876,1.0,-55.30807256698608,1.0,160000
93200,31760,38.76953125,96.94767742781951,0.9710143208503724,71.97709148903067,-1.0,-0.48453248,-0.86796176,-0.41200376,-44.15623247623444,1.0,160000
80055,18615,22.723388671875,96.94747554934214,0.9709986448287964,71.97690575464897,-1.0,-0.51033115,0.424636,-0.36443204,-48.32112312316895,1.0,160000
99932,38492,46.9873046875,96.94730666882644,0.9709855318069458,71.97675037890018,-1.0,-1.0,-1.0,-0.58860683,-23.141411542892456,1.0,160000
123331,61891,75.550537109375,96.94709248611552,0.9709689021110536,71.97655332295145,-0.47604424,-1.0,-1.0,-0.15792984,-20.0,1.0,160000
86206,24766,30.23193359375,96.94687521953333,0.970952033996582,71.97635342897607,-1.0,-1.0,-1.0,0.32331944,-59.25199747085571,1.0,160000
104372,42932,52.4072265625,96.94675084188884,0.9709423780441284,71.97623899621055,-1.0,-1.0,-1.0,-0.7244922,-32.043476700782776,1.0,160000
141542,80102,97.78076171875,96.9466233886887,0.9709324836730956,71.97612173354455,-1.0,-1.0,-1.0,-0.16519922,-22.121249437332157,1.0,160000
74905,13465,16.436767578125,96.9465074483854,0.9709234833717346,71.97601506303415,-1.0,-1.0,-0.6570362,0.114705205,-20.0,1.0,160000
103288,41848,51.083984375,96.9460444173856,0.9708875417709352,71.97558905067345,-1.0,-0.8843826,-1.0,-0.6843456,-60.0,1.0,160000
83959,22519,27.489013671875,96.9460382739498,0.9708870649337769,71.97558339837309,-0.53110796,-1.0,0.021764994,-0.7128175,-60.0,1.0,160000
91570,30130,36.77978515625,96.9460037169262,0.970884382724762,71.9755516039908,-1.0,-1.0,1.0,-0.7200545,-20.0,1.0,149606
77781,16341,19.947509765625,96.94591079526792,0.970877170562744,71.97546611080593,-1.0,-1.0,-0.7616734,-0.9465204,-39.74560856819153,1.0,160000
139300,77860,95.0439453125,96.9451519724122,0.970818281173706,71.97476794564906,-1.0,-0.4872059,1.0,0.1682064,-39.645750522613525,1.0,160000
104266,42826,52.27783203125001,96.94491307875904,0.9707997441291808,71.97454814642566,-1.0,-1.0,-0.32826823,-0.50581765,-20.0,1.0,111706
94398,32958,40.23193359375,96.944778646033,0.9707893133163452,71.97442445831396,-1.0,-1.0,-1.0,-0.10214555,-31.048903465271,1.0,160000
62526,1086,1.32568359375,96.94471488473962,0.9707843661308287,71.97436579307805,-1.0,-0.55058587,-1.0,0.6536304,-29.98359322547913,1.0,160000
110360,48920,59.716796875,96.94463422122912,0.9707781076431274,71.97429157642442,-1.0,-1.0,-0.90772855,-0.58385515,-60.0,1.0,160000
111309,49869,60.87524414062499,96.94452666704352,0.9707697629928588,71.97419261811265,-1.0,-1.0,-1.0,-0.40917444,-20.0,1.0,160000
114543,53103,64.822998046875,96.94441987789304,0.9707614779472352,71.97409436350998,-0.92634046,-1.0,-0.8219138,0.6507118,-42.79637157917023,1.0,134695
136541,75101,91.676025390625,96.944251620873,0.9707484245300292,71.97393955315553,-0.63675666,-0.10395378,-0.70754045,0.01803422,-44.76345419883728,1.0,160000
114547,53107,64.827880859375,96.94424701097992,0.9707480669021606,71.97393531166679,-1.0,-1.0,-0.36385956,0.1236856,-28.77405166625977,1.0,160000
87756,26316,32.1240234375,96.9442124365918,0.9707453846931458,71.97390350031559,-0.3872146,-1.0,-0.9909811,-0.15329605,-43.9465457201004,1.0,127383
86678,25238,30.808105468750004,96.94420936329664,0.9707451462745668,71.97390067262407,-1.0,-0.33725393,-1.0,-0.8895346,-20.0,1.0,160000
101981,40541,49.488525390625,96.94415634853829,0.9707410335540771,71.97385189453811,0.2139225,-1.0,-1.0,-0.533836,-20.0,1.0,160000
97974,36534,44.59716796875,96.9431581410104,0.970663607120514,71.97293345032378,-1.0,-0.5659499,-1.0,-0.13820821,-28.554632663726807,1.0,160000
96585,35145,42.901611328125,96.94257630078316,0.970618486404419,71.97239809557766,-1.0,-0.33097678,-0.575718,-0.9812091,-60.0,1.0,160000
119108,57668,70.3955078125,96.94248790195758,0.9706116318702698,71.97231675880421,-1.0,-0.05183065,-1.0,-0.90653515,-40.47552347183228,1.0,160000
121770,60330,73.64501953125,96.942479446303,0.9706109762191772,71.97230897865288,-1.0,-0.17240584,-1.0,-0.5445175,-24.84998106956482,1.0,160000
76282,14842,18.11767578125,96.94244024255173,0.9706079363822936,71.97227290678627,-1.0,-0.80639064,-0.15037066,-0.30746484,-44.07058000564575,1.0,160000
64996,3556,4.3408203125,96.94243101807706,0.9706072211265564,71.97226441922707,-0.68161565,-1.0,0.5866406,0.89239264,-20.428680181503296,1.0,160000
124309,62869,76.744384765625,96.94233108473976,0.9705994725227356,71.97217246917548,-0.3198843,-0.47145033,-0.111640215,-0.8841908,-20.0,1.102609395980835,160000
109734,48294,58.95263671874999,96.942054331661,0.9705780148506165,71.97191782398971,-1.0,-0.41272575,-1.0,-0.22041798,-20.0,1.0,160000
126559,65119,79.490966796875,96.94203126793562,0.9705762267112732,71.97189660261081,-1.0,-0.34648955,-1.0,-0.7923473,-20.0,1.0,160000
88746,27306,33.33251953125,96.94182445653765,0.9705601930618286,71.97170631107126,-1.0,-1.0,-0.90771836,0.46044046,-42.64963090419769,1.0,160000
77531,16091,19.642333984375,96.9417690997808,0.9705559015274048,71.97165537603288,-1.0,-1.0,-0.44415864,-0.30369145,-56.16634368896485,1.0,160000
115091,53651,65.491943359375,96.94141618027152,0.9705285429954528,71.97133064543831,-1.0,-1.0,-0.7560598,-0.6048625,-20.0,1.0,160000
100412,38972,47.5732421875,96.94120702631712,0.970512330532074,71.97113819640093,-1.0,-1.0,0.040911913,-0.92265797,-22.371597290039062,1.0,160000
95394,33954,41.44775390625,96.94105553583728,0.9705005884170532,71.97099880487715,-0.5506491,-1.0,-1.0,0.46701095,-20.0,1.0,134949
140349,78909,96.324462890625,96.94100170518468,0.970496416091919,71.97094927338125,-1.0,-1.0,-0.2257874,0.752724,-28.25532913208008,1.0,160000
76959,15519,18.944091796875,96.94090019374543,0.9704885482788086,71.97085586897349,-1.0,-1.0,-0.51255673,-0.47668242,-36.605790853500366,1.0,92530
89111,27671,33.778076171875,96.94081021528385,0.97048157453537,71.97077307634473,-1.0,-1.0,-0.69126,-0.19257802,-32.112380266189575,1.0,137094
99155,37715,46.038818359375,96.94065563160632,0.97046959400177,71.97063083768009,-1.0,-0.65614516,-1.0,-0.672842,-47.02013790607453,1.0,160000
93347,31907,38.948974609375,96.94059871851688,0.9704651832580566,71.97057846955914,-1.0,-1.0,-1.0,-0.545681,-28.278316259384155,1.0,160000
128502,67062,81.86279296875,96.94015261152666,0.9704306125640868,71.97016798601044,-0.24652314,-0.8692846,0.0581941,-0.6342764,-46.14916443824768,1.0,160000
98715,37275,45.501708984375,96.94014722713638,0.9704301953315736,71.97016303156599,-0.7418943,-1.0,-0.98349553,-0.9215764,-39.09221887588501,1.1202434301376345,160000
88336,26896,32.83203125,96.9397618375432,0.970400333404541,71.9698084142907,-1.0,-0.9392922,-0.012259901,-0.6120939,-20.0,1.0,152548
84873,23433,28.604736328125004,96.93965259779762,0.9703918695449828,71.96970789661187,-1.0,-1.0,-0.13299584,0.07311702,-57.85482883453369,1.0,126778
79381,17941,21.900634765625,96.9392440730797,0.9703602194786072,71.96933198818381,-0.9844538,-1.0,-0.12136239,-0.014947355,-33.006868958473206,1.0,160000
125485,64045,78.179931640625,96.93917944341956,0.970355212688446,71.96927251826018,-0.24872756,-0.7877562,-0.41633594,-0.49157363,-20.0,1.0,160000
76487,15047,18.367919921875,96.93916328582176,0.9703539609909058,71.9692576506007,-0.3446424,-0.9150681,-1.0,-0.07500899,-34.69863176345825,1.0,142626
66691,5251,6.409912109375,96.93912404563712,0.9703509211540222,71.96922154313027,-0.70058894,-1.0,-0.6174172,-0.13548243,-27.925297021865845,1.0,160000
104374,42934,52.40966796874999,96.939030175211,0.9703436493873596,71.96913516668775,-0.6418263,-1.0,0.33980024,-0.8668963,-20.0,1.0,160000
89944,28504,34.794921875,96.93898093072218,0.970339834690094,71.96908985349148,-0.6253141,-1.0,-1.0,0.07761049,-32.40599036216736,1.0,160000
97234,35794,43.69384765625,96.93894861365742,0.9703373312950134,71.96906011634586,-1.0,0.08012509,-0.9103149,-0.17532521,-34.40189599990845,1.0,160000
77484,16044,19.5849609375,96.93877163407018,0.9703236222267152,71.96889726500524,-1.0,-0.19105971,-0.20912498,-0.7897616,-20.0,1.0,160000
87704,26264,32.060546875,96.93870083977995,0.9703181385993958,71.96883212206956,-1.0,-1.0,-1.0,-0.82021785,-32.839510440826416,1.0,158807
88742,27302,33.32763671875,96.93833453386824,0.9702897667884828,71.96849505628492,-0.088624954,-0.49540287,-1.0,0.24662107,-55.55840730667114,1.0,133880
131054,69614,84.97802734375,96.93825295642962,0.9702834486961364,71.96841999041958,-0.7433783,-1.0,0.2366854,-0.89928424,-28.662126064300537,1.0,129039
139285,77845,95.025634765625,96.93757794709713,0.9702311754226683,71.96779885676807,-1.0,-1.0,-0.07009506,-0.39188528,-60.0,1.0,160000
140347,78907,96.322021484375,96.9374386191462,0.970220386981964,71.96767064833274,-1.0,-0.1398986,-1.0,0.5040234,-48.44265162944794,1.0,160000
68804,7364,8.9892578125,96.93736779843675,0.9702149033546448,71.96760547957915,-1.0,-1.0,-1.0,-0.8087353,-25.52546739578247,1.0,160000
67677,6237,7.613525390625001,96.93729389706954,0.9702091813087464,71.96753747593908,-1.0,-1.0,0.4905063,-0.8726091,-20.01195192337036,1.0,160000
106642,45202,55.17822265625,96.93710374798518,0.9701944589614868,71.96736250137505,-1.0,-1.0,-1.0,-0.9190341,-49.72208261489868,1.0,160000
110066,48626,59.35791015625001,96.9363415104241,0.9701354503631592,71.96666108707707,-1.0,0.02333486,-1.0,-0.44577122,-36.43857657909393,1.0,160000
114912,53472,65.2734375,96.93626065751096,0.9701291918754578,71.96658668533307,-1.0,-1.0,-0.71655214,-0.12042433,-47.86326825618744,1.0,160000
78880,17440,21.2890625,96.9361821129298,0.9701231122016908,71.9665144076418,-0.09042859,-1.0,-1.0,-0.1390022,-20.0,1.0,160000
119178,57738,70.48095703125,96.93617210222192,0.9701223373413086,71.966505195658,-1.0,-1.0,-0.45445627,-0.54923904,-27.254295349121094,1.0,160000
102290,40850,49.86572265625,96.93584712401672,0.9700971841812134,71.96620614561175,-0.7965207,-1.0,-1.0,-0.061815858,-20.0,1.0,160000
71339,9899,12.083740234375,96.93559528409554,0.9700776934623718,71.96597439740398,-1.0,-1.0,-0.83236676,-0.7598158,-23.6186957359314,1.0,160000
106005,44565,54.400634765625,96.93507768581196,0.9700376391410828,71.96549808978037,-1.0,-1.0,0.025314808,-0.6101701,-20.0,1.0,160000
78135,16695,20.379638671875,96.934913610002,0.9700249433517456,71.96534710199082,-1.0,-1.0,0.7740954,-0.6017521,-20.0,1.0,160000
76905,15465,18.878173828125,96.93483118410154,0.9700185656547546,71.96527125088824,-0.7431863,-1.0,-1.0,-0.23917055,-53.740880489349365,1.0,90436
136392,74952,91.494140625,96.9347395119433,0.9700114727020264,71.96518689093918,-1.0,-1.0,-1.0,0.06690943,-36.74325942993164,1.0,160000
130399,68959,84.178466796875,96.93431193428252,0.969978392124176,71.96479341714506,-1.0,-1.0,-0.90524065,0.1659931,-22.57861852645874,1.0,160000
140342,78902,96.31591796875,96.93386427118324,0.9699437618255616,71.96438145681714,-1.0,-1.0,-1.0,0.6431366,-20.0,1.0,160000
80060,18620,22.7294921875,96.93352598255468,0.9699175953865052,71.9640701458269,-0.673374,-0.7977182,-1.0,-0.0029943585,-25.24207830429077,1.0,160000
100902,39462,48.17138671875,96.93306357732943,0.96988183259964,71.96364461326623,-1.0,-0.8223347,-0.7092974,0.12928969,-21.27049684524536,1.0,160000
109735,48295,58.953857421875,96.93279227177848,0.969860851764679,71.9633949403113,-1.0,-1.0,-1.0,-0.69692636,-23.771767616271973,1.0,138273
140345,78905,96.319580078125,96.9326573821007,0.9698504209518432,71.96327080564946,-1.0,-0.39800897,-0.6777039,0.8519965,-20.0,1.0,160000
125288,63848,77.939453125,96.9324215056437,0.969832181930542,71.963053735384,-1.0,-1.0,-1.0,-0.3643008,-20.0,1.0,160000
65000,3560,4.345703125,96.93213704570546,0.96981018781662,71.96279195397067,-1.0,-1.0,0.5307636,1.0,-20.0,1.0,141088
71128,9688,11.826171875,96.932117001605,0.9698086380958556,71.96277350783446,-1.0,-0.92524916,-1.0,-0.88270533,-20.0,1.0,108303
97133,35693,43.570556640625,96.93211237602742,0.9698082804679872,71.9627692510182,-0.62701136,-1.0,-1.0,-0.53374726,-60.0,1.0,99640
119496,58056,70.869140625,96.9320121537115,0.9698005318641664,71.96267701856475,-0.46691072,-0.9865949,0.124342024,-0.46522534,-25.747016668319706,1.024154782295227,160000
121153,59713,72.891845703125,96.9318772346231,0.9697901010513306,71.96255285516123,-0.5772576,-1.0,-1.0,0.47012168,-60.0,1.0,160000
126215,64775,79.071044921875,96.93184022735568,0.9697872400283812,71.96251879804474,-1.0,-1.0,-1.0,-0.5007421,-25.43885350227356,1.0,160000
126276,64836,79.1455078125,96.9318224945711,0.9697858691215516,71.96250247887723,-0.3281256,-1.0,-1.0,-0.25841296,-20.0,1.0,160000
67175,5735,7.000732421875,96.93169450752028,0.9697759747505188,71.96238469451323,-1.0,-0.13761967,-0.9562689,-0.47812486,-23.78682494163513,1.0,160000
95363,33923,41.409912109375,96.93145856758824,0.9697577357292176,71.96216756221642,-0.7991901,-0.7141266,-0.789927,0.6397236,-20.0,1.0,160000
139937,78497,95.821533203125,96.93135832696191,0.9697499871253968,71.962075311869,0.09183574,-1.0,-1.0,-0.9349375,-20.0,1.0,148210
70610,9170,11.19384765625,96.93133056752292,0.9697478413581848,71.9620497651339,-1.0,-0.49215585,-1.0,-0.29720652,-20.0,1.0,160000
111727,50287,61.385498046875,96.93119176709854,0.9697371125221252,71.9619220283025,-1.0,-0.6223147,-1.0,0.30696183,-20.0,1.0,160000
64290,2850,3.47900390625,96.9309033534512,0.9697148203849792,71.96165660273415,0.06599617,-1.0,0.7189417,-0.8887346,-21.0507333278656,1.0,160000
117264,55824,68.14453125,96.93069975335612,0.9696990847587584,71.96146922983652,-1.0,-1.0,-1.0,-0.5300293,-60.0,1.0,160000
114548,53108,64.8291015625,96.93042749725689,0.9696780443191528,71.96121867187868,-0.36450905,-1.0,-0.11251417,0.76660407,-37.28087604045868,1.0,160000
111757,50317,61.422119140625,96.9303094874734,0.9696689248085022,71.96111006681835,-1.0,0.03532958,-0.7003036,0.3724094,-60.0,1.0,160000
105377,43937,53.634033203125,96.92999786124469,0.9696448445320128,71.96082327440129,-1.0,-0.7229366,-1.0,-0.8885486,-34.66060757637024,1.0,94844
101459,40019,48.851318359375,96.92996469150948,0.9696422815322876,71.96079274790512,-1.0,-1.0,-1.0,-0.3406893,-20.0,1.0,153565
61882,442,0.53955078125,96.92974560926278,0.9696253538131714,71.96059112350571,-1.0,-0.026103139,0.8609511,-0.47138697,-25.819700956344604,1.0,160000
75658,14218,17.35595703125,96.92963374872151,0.969616711139679,71.9604881764195,0.13131773,-0.9132325,-0.66076165,-0.76711583,-33.86511027812958,1.0,127974
93376,31936,38.984375,96.92950336892244,0.969606637954712,71.96036818550621,-1.0,-1.0,-0.8412335,-0.492939,-20.0,1.0,160000
128117,66677,81.392822265625,96.92900109231664,0.9695678353309632,71.95990592863484,-1.0,-0.6855036,-1.0,-0.3265419,-46.14430546760559,1.0,160000
65187,3747,4.573974609375,96.9288459972887,0.9695558547973632,71.95976319025404,-1.0,-1.0,-0.8917818,0.23957896,-57.608046531677246,1.0,112144
74614,13174,16.08154296875,96.92816535165062,0.9695032835006714,71.95913676812631,-1.0,-0.488263,-0.83854544,-0.5823431,-37.020843625068665,1.0,160000
138161,76721,93.653564453125,96.92806733420028,0.9694957137107848,71.95904655861182,-1.0,0.056412518,-0.83773535,-0.5260546,-20.0,1.0,160000
118542,57102,69.70458984375,96.92799709957488,0.9694902896881104,71.95898191868658,-1.0,-1.0,-1.0,-0.7751702,-31.30999267101288,1.0,160000
70278,8838,10.78857421875,96.9276489933618,0.9694634079933168,71.9586615405155,-1.0,-0.013510227,-0.2879073,0.41177994,-60.0,1.0,158035
87694,26254,32.04833984375,96.9276358711801,0.9694623947143556,71.95864946353002,-1.0,-1.0,-0.5123525,0.6596544,-20.0,1.0,160000
99365,37925,46.295166015625,96.92760576716992,0.9694600701332092,71.95862175732707,-0.8937253,-0.48409748,1.0,-0.57635,-28.746814727783203,1.0,100563
103528,42088,51.376953125,96.92741278673846,0.9694451689720154,71.95844414759127,-1.0,-1.0,-0.9658828,-0.89637434,-28.77256989479065,1.0,149859
140343,78903,96.317138671875,96.92739966369172,0.9694441556930542,71.9584320697604,-1.0,-1.0,-1.0,-0.28212076,-46.70229494571686,1.0,160000
135870,74430,90.85693359375,96.92721979591336,0.9694302678108216,71.95826652769811,-1.0,-1.0,-1.0,-0.41011655,-24.38217401504517,1.0,129877
70167,8727,10.653076171875,96.92657281485,0.9693803191184998,71.95767107172195,-0.7333517,-1.0,-1.0,0.43490767,-32.58790910243988,1.0,160000
134869,73429,89.635009765625,96.9265519674558,0.9693787097930908,71.95765188448806,-1.0,-1.0,-1.0,0.24465752,-60.0,1.0,141411
139309,77869,95.054931640625,96.92622688684456,0.9693536162376404,71.9573526904369,-1.0,-1.0,-1.0,-0.9449154,-22.62059450149536,1.0,160000
82267,20827,25.423583984375,96.92617746583262,0.9693498015403748,71.95730720473269,-1.0,-1.0,-0.56593424,-0.5355409,-42.38882780075073,1.0,160000
117002,55562,67.82470703125,96.92596741893,0.9693335890769958,71.95711388306063,-0.6663264,-1.0,-1.0,-0.54816043,-20.0,1.0,160000
89222,27782,33.91357421875,96.92589173725035,0.969327747821808,71.95704422745176,-1.0,-1.0,-1.0,-0.42596436,-49.89548265933991,1.0,160000
74043,12603,15.384521484375,96.9253009018717,0.9692821502685548,71.95650043356736,-1.0,-0.53984505,-1.0,-0.40371156,-20.0,1.0,160000
123411,61971,75.648193359375,96.92522752336106,0.969276487827301,71.95643289696538,-0.756757,0.032856584,1.0,-0.49004024,-20.0,1.0,160000
119035,57595,70.306396484375,96.92520666814184,0.969274878501892,71.95641370208435,-1.0,-0.77642107,-1.0,-0.82299244,-60.0,1.0,101887
114546,53106,64.82666015625,96.92497030051294,0.9692566394805908,71.95619615181394,-1.0,-0.14392942,-1.0,0.786891,-52.15989351272583,1.0,160000
87641,26201,31.983642578125,96.92470919658898,0.9692364931106568,71.95595583348842,-1.0,-1.0,0.5081216,-0.20437992,-20.0,1.0,160000
62948,1508,1.8408203125,96.92455700594611,0.969224750995636,71.95581575772796,0.14435172,-0.45874012,0.092748225,-0.069108605,-20.0,1.0,160000
70162,8722,10.64697265625,96.92446970586032,0.9692180156707764,71.95573540685415,-0.17715544,-1.0,-0.4723799,0.13974702,-20.0,1.0,160000
95967,34527,42.147216796875,96.92440171848084,0.969212770462036,71.95567283128382,-1.0,-1.0,-1.0,0.5412708,-20.0,1.0,160000
125285,63845,77.935791015625,96.92420856548436,0.9691978693008424,71.95549505290494,-1.0,-1.0,-1.0,-0.34334773,-34.33768689632416,1.0,160000
85125,23685,28.912353515625,96.92393427035483,0.969176709651947,71.95524259013858,-1.0,-1.0,-0.77030754,-0.523446,-20.0,1.0,123024
72083,10643,12.991943359375,96.92369009140872,0.969157874584198,71.95501784547167,-1.0,-0.80616736,-1.0,-0.824908,-22.09934949874878,1.0,160000
62941,1501,1.832275390625,96.92283610711112,0.9690920114517212,71.95423182262,-1.0,-1.0,0.46940196,0.65354645,-22.373666763305664,1.0,114294
124397,62957,76.851806640625,96.92215973096332,0.9690398573875428,71.95360926537377,-0.6288268,-0.68370056,-1.0,-0.4231527,-34.52511429786682,1.0,160000
71846,10406,12.702636718749998,96.92181878905927,0.9690135717391968,71.95329544929396,-1.0,-0.97563744,-1.0,-0.53324425,-35.55014818906784,1.0,160000
99606,38166,46.58935546875,96.921812603873,0.9690130949020386,71.95328975619292,-0.3986165,-1.0,-1.0,-0.39103353,-32.674750089645386,1.0,142901
113752,52312,63.857421875,96.92157755889538,0.9689949750900269,71.9530734106338,-0.8481941,-0.6107687,-0.15109128,0.31848603,-50.8767032623291,1.0,160000
137430,75990,92.76123046875,96.92145693773304,0.968985676765442,71.95296238536146,-0.1700834,-1.0,-0.15063977,-0.5479814,-60.0,1.0,160000
137614,76174,92.98583984375,96.92144997869612,0.9689851403236388,71.9529559799364,-1.0,-1.0,-0.43781352,0.44777358,-20.0,1.0,111620
139189,77749,94.908447265625,96.9214337408909,0.9689838886260986,71.95294103389335,-1.0,-1.0,0.059064507,-0.9823483,-43.01936149597168,1.0,160000
129805,68365,83.453369140625,96.92140513124583,0.968981683254242,71.95291470021425,-0.8581222,-1.0,-1.0,-0.19605649,-60.0,1.0,160000
124294,62854,76.72607421875,96.92125357364658,0.968970000743866,71.95277519916982,-1.0,-1.0,0.12233031,-0.56228167,-40.140769481658936,1.0,160000
126777,65337,79.757080078125,96.9211638732774,0.968963086605072,71.95269263438117,-1.0,-1.0,-0.045308888,1.0,-35.93797206878662,1.0,160000
75178,13738,16.77001953125,96.92049723651684,0.9689117074012756,71.95207902396051,-0.79864335,-1.0,-0.048531294,1.0,-26.423858404159542,1.0,160000
70696,9256,11.298828125,96.9202319394295,0.9688912630081176,71.9518348274633,-1.0,-1.0,-0.21593219,-0.7428868,-49.0100771188736,1.0,137121
103637,42197,51.510009765625,96.92018630326056,0.968887746334076,71.95179282088684,-0.63957155,-1.0,-0.10744214,-0.9608705,-31.8654602766037,1.0,160000
82934,21494,26.23779296875,96.92006022066028,0.9688780307769777,71.95167676587317,-1.0,-0.106161594,-0.010543823,-0.3831913,-41.94876313209534,1.0,160000
113734,52294,63.83544921874999,96.91988462585894,0.9688645005226136,71.9515151360379,-1.0,-1.0,1.0,-0.25284123,-52.25514054298401,1.0,160000
90988,29548,36.0693359375,96.91970438085464,0.9688506126403807,71.95134922532051,-1.0,-1.0,-1.0,0.27288437,-51.16723895072937,1.0,160000
95085,33645,41.070556640625,96.91968426711703,0.9688490629196168,71.95133071112986,-1.0,-1.0,-1.0,-0.79162866,-35.86369216442108,1.0,152393
137045,75605,92.291259765625,96.91949550193614,0.9688345193862916,71.95115695720614,-1.0,-1.0,-1.0,0.09233165,-42.160727977752686,1.0,160000
139292,77852,95.0341796875,96.9190042017739,0.9687966704368592,71.95070472428188,-1.0,-1.0,-1.0,0.6574521,-60.0,1.0,117083
143260,81820,99.8779296875,96.9189175402844,0.9687899947166444,71.95062495355016,-1.0,-1.0,-1.0,-0.8017651,-24.90320086479187,1.0,155440
87901,26461,32.301025390625,96.9184540205703,0.9687542915344238,71.95019828789141,-1.0,-1.0,-1.0,-0.28335595,-34.54110860824585,1.0,160000
126177,64737,79.024658203125,96.91839597966464,0.9687498211860656,71.9501448615291,-1.0,-1.0,-1.0,0.79954344,-60.0,1.0,123009
128213,66773,81.510009765625,96.9181576151785,0.9687314629554749,71.94992544765758,0.032691002,-1.0,0.52339983,0.43776256,-20.0,1.0,160000
100908,39468,48.1787109375,96.91761272267254,0.968689501285553,71.94942387219078,-0.7437617,-0.30125284,-0.5471489,0.18093103,-60.0,1.0,160000
81188,19748,24.1064453125,96.91757324571536,0.9686864614486694,71.94938753333064,-1.0,-1.0,-1.0,-0.53492755,-33.14907908439636,1.0,92501
102709,41269,50.37719726562499,96.91750203128392,0.96868097782135,71.94932197980502,-1.0,-0.39836717,-1.0,-0.28141296,-49.454264640808105,1.0,160000
70163,8723,10.648193359375,96.917486549699,0.9686797857284546,71.94930772885604,-1.0,-1.0,-0.3232536,-0.116823375,-60.0,1.0,160000
83773,22333,27.261962890625004,96.91734101954027,0.9686685800552368,71.94917376674921,-0.33042908,-1.0,-1.0,-0.6548266,-20.0,1.0,148782
70169,8729,10.655517578125,96.91724502833732,0.9686611890792848,71.94908540561116,-1.0,-1.0,-1.0,0.7539757,-32.07936406135559,1.0,160000
116784,55344,67.55859375,96.91688194164412,0.968633234500885,71.94875117831901,-1.0,-0.3966415,-0.7011348,0.30773944,-32.38777756690979,1.0,144409
70698,9258,11.30126953125,96.91650565532004,0.9686042666435242,71.9484047983511,-1.0,-1.0,-0.57898283,-0.36361486,-20.0,1.0,103314
138163,76723,93.656005859375,96.91638099210938,0.9685946702957152,71.94829004258733,-0.49158323,-0.5702356,-1.0,-0.5848017,-20.0,1.0,160000
101858,40418,49.33837890625,96.91629504166336,0.9685880541801452,71.9482109227985,-1.0,-0.45960453,-0.58332515,-0.78730786,-23.542553186416622,1.0,160000
68802,7362,8.98681640625,96.9158691307508,0.9685552716255188,71.94781885817308,-0.802856,-1.0,-1.0,-0.5191956,-60.0,1.0,160000
131219,69779,85.179443359375,96.9158590631551,0.9685544967651368,71.94780959059437,-0.44155228,-0.6103943,-0.78907955,0.5579966,-40.31349301338196,1.0,160000
142987,81547,99.544677734375,96.91583195794956,0.9685524106025696,71.94778463928397,-0.5547244,-1.0,-1.0,-0.49432814,-60.0,1.0,160000
103126,41686,50.88623046875001,96.91581879249028,0.9685513973236084,71.94777252000398,-1.0,-1.0,-0.3734916,-0.8420907,-20.0,1.0,160000
70170,8730,10.65673828125,96.91551365010145,0.9685279130935668,71.94749162466573,-1.0,-1.0,1.0,-0.17325985,-30.344057083129883,1.0,160000
77112,15672,19.130859375,96.91545091457316,0.96852308511734,71.94743387401006,-0.51992095,-1.0,-0.5295296,-0.6188482,-20.0,1.0,160000
66697,5257,6.417236328125001,96.9154028940464,0.968519389629364,71.94738966908159,-1.0,-0.69301224,0.0047419667,-0.17736161,-40.27577877044678,1.0,92677
98599,37159,45.360107421875,96.91539282514496,0.968518614768982,71.94738040022678,-1.0,-1.0,-0.6992722,-0.9543781,-20.0,1.0,115400
142394,80954,98.82080078125,96.91532621477876,0.9685134887695312,71.947319082493,-1.0,-1.0,0.6430812,1.0,-37.42566466331482,1.0,160000
103932,42492,51.8701171875,96.91531304746728,0.96851247549057,71.94730696140286,-1.0,-0.19097936,-1.0,-0.2785871,-20.0,1.0,160000
92697,31257,38.155517578125,96.91530297831416,0.968511700630188,71.94729769230213,-1.0,-1.0,-1.0,-0.95082366,-20.429837703704838,1.0,160000
92770,31330,38.24462890625,96.91506750700157,0.9684935808181764,71.94708093008872,-0.3191495,-1.0,-0.83368325,-0.97106206,-39.02402698993683,1.0,160000
108879,47439,57.90893554687499,96.91505278953248,0.9684924483299256,71.94706738194996,-0.54420257,-1.0,-1.0,-0.19194472,-20.0,1.0,160000
71887,10447,12.752685546875,96.9148854709118,0.968479573726654,71.94691335686488,-1.0,-0.36872256,1.0,-0.91351825,-32.00762987136841,1.0,160000
113351,51911,63.36791992187501,96.91482892165466,0.9684752225875854,71.94686130037037,0.1174103,0.16411483,-0.09113839,0.021584332,-38.98892939090729,1.0,89904
137805,76365,93.218994140625,96.91432768594154,0.9684366583824158,71.94639988495628,-0.63424087,-0.505833,-0.67202955,0.37571883,-38.55182945728302,1.0,129290
87752,26312,32.119140625,96.91418202784278,0.968425452709198,71.9462657978136,-1.0,-0.49019778,-0.95889944,-0.079470634,-20.0,1.0,160000
96073,34633,42.276611328125,96.91404721136692,0.9684150815010072,71.94614169074616,-0.6384459,-1.0,-0.60537046,0.5720291,-28.19318652153015,1.0,160000
139460,78020,95.2392578125,96.9139921985945,0.968410849571228,71.94609104793773,-1.0,-0.0505296,-1.0,-0.5865627,-20.0,1.0,139382
137724,76284,93.1201171875,96.91361870935724,0.9683821201324464,71.94574722572136,-1.0,-0.23974162,-0.07118487,-0.23915112,-56.37751460075378,1.0,160000
117189,55749,68.052978515625,96.913570664358,0.9683784246444702,71.94570299687582,-1.0,-1.0,-1.0,-0.5388629,-32.773540019989014,1.0,160000
76511,15071,18.397216796875,96.91344434944376,0.9683687090873718,71.94558671482227,-0.6544061,-0.06661546,-0.6199297,-0.37747306,-52.67560243606568,1.0,160000
79614,18174,22.18505859375,96.91343350010315,0.968367874622345,71.94557672720447,-1.0,-1.0,-1.0,0.5544797,-20.0,1.0,160000
107510,46070,56.23779296875,96.9127553513793,0.9683157205581664,71.94495243762856,-1.0,-1.0,-1.0,-0.5958407,-41.39283776283264,1.0,160000
74615,13175,16.082763671875,96.9126406347264,0.9683068990707396,71.94484683115265,-0.94713116,-0.2924794,1.0,-0.25653112,-25.75767755508423,1.0,160000
83407,21967,26.815185546875,96.91248173061786,0.9682946801185608,71.94470054600744,-1.0,-0.29550964,0.13778323,0.10283816,-46.06063485145569,1.0,104698
92655,31215,38.104248046875,96.9123406488941,0.9682838320732116,71.94457066759435,-1.0,-1.0,-0.2700299,-0.90101695,-20.0,1.0,160000
131857,70417,85.958251953125,96.9121677774824,0.9682705402374268,71.94441152348715,-1.0,-0.9759675,-1.0,-0.8828883,-39.30314779281616,1.0,160000
93668,32228,39.3408203125,96.91209955688215,0.9682652950286864,71.94434871999165,-1.0,-1.0,-1.0,0.22167861,-20.0,1.0,153561
80175,18735,22.869873046875,96.91205149159174,0.9682615995407104,71.94430447131538,-0.31757325,-1.0,-0.079354644,-0.23124677,-20.0,1.0,94254
103757,42317,51.656494140625,96.91178091854302,0.9682407975196838,71.94405538238259,-0.7498148,-1.0,-1.0,-0.53380203,-44.06677305698395,1.0,160000
129807,68367,83.455810546875,96.91157002802044,0.9682245850563048,71.94386123624751,-1.0,-1.0,-1.0,-0.123952866,-21.060304641723636,1.0,160000
70166,8726,10.65185546875,96.91132733356024,0.9682059288024902,71.94363781049194,-1.0,-1.0,0.5465834,-0.108347654,-20.0,1.0,141418
114420,52980,64.6728515625,96.9112901137932,0.968203067779541,71.94360354570283,-1.0,-1.0,-1.0,-0.4496795,-26.9788670539856,1.0,160000
138257,76817,93.770751953125,96.9109946682398,0.9681803584098816,71.94333155559666,-1.0,-0.067037106,-0.4646059,-0.17438054,-33.561559319496155,1.0,160000
70037,8597,10.494384765625,96.91083646695128,0.9681681990623474,71.94318591335644,-0.7679283,0.043757796,-1.0,-0.66200495,-20.0,1.0,160000
94649,33209,40.538330078125,96.91047583508588,0.9681404829025269,71.94285390932302,-1.0,-1.0,-1.0,-0.5075857,-20.0,1.0,160000
113449,52009,63.48754882812499,96.9102718488096,0.9681248068809508,71.9426661150651,-1.0,-1.0,-0.8910256,0.13450527,-20.0,1.0,160000
118244,56804,69.3408203125,96.90914545034792,0.9680382609367372,71.94162911604049,-0.9431441,-0.9691212,-1.0,-0.029490411,-32.70596265792847,1.0,160000
89115,27675,33.782958984375,96.908831206108,0.968014121055603,71.94133980901955,-1.0,-1.0,-1.0,-0.0445897,-20.0,1.0,160000
136722,75282,91.89697265625,96.90866127002305,0.9680010676383972,71.94118335776392,-0.04850626,-1.0,-0.19469929,-0.41281748,-53.711830377578735,1.0,127342
102287,40847,49.862060546875,96.90863799048292,0.967999279499054,71.94116192547486,-1.0,-0.69268155,-1.0,-0.032967806,-20.0,1.0,160000
80085,18645,22.760009765625,96.90861703876816,0.967997670173645,71.94114263628896,-1.0,-1.0,-1.0,-0.5455063,-20.0,1.0,160000
135061,73621,89.869384765625,96.9084238116542,0.967982828617096,71.94096474151594,-0.6121216,-1.0,-0.9338697,-0.5013883,-54.39713001251221,1.0,160000
134392,72952,89.052734375,96.90830042024302,0.9679733514785768,71.94085114075872,-1.0,-0.41744983,-1.0,-0.4989133,-58.36905479431152,1.0,160000
87954,26514,32.36572265625,96.90829731600208,0.9679731130599976,71.94084828282477,-1.0,-1.0,-1.0,0.7105638,-20.0,1.0,160000
93226,31786,38.80126953125,96.9081258025329,0.9679599404335022,71.94069037791138,-0.36144,-1.0,-1.0,-0.4500953,-44.79433238506317,1.0,160000
131652,70212,85.7080078125,96.90806449030698,0.9679552316665648,71.94063393032727,-1.0,-0.10618651,-1.0,-0.91193354,-60.0,1.0,100347
108835,47395,57.855224609375,96.90786968124678,0.9679402709007264,71.94045457743792,-1.0,-0.77681804,0.9948772,1.0,-41.17771089076996,1.0,143096
94559,33119,40.428466796875,96.90761509416696,0.96792072057724,71.94022018842351,-1.0,-1.0,0.1761074,-0.6371705,-47.32156813144684,1.0,119822
80205,18765,22.906494140625,96.90670215845245,0.967850625514984,71.93937967351671,-0.36267763,-1.0,-1.0,0.22078359,-45.673901438713074,1.0,119109
107505,46065,56.231689453125,96.90666256161956,0.9678475856781006,71.93934321750078,-0.04666984,-0.12923867,0.6777299,-0.6712127,-44.90123987197876,1.0,160000
78936,17496,21.357421875,96.90663616348928,0.9678455591201782,71.93931891325394,-1.0,-0.63772756,-0.15800136,-0.56367797,-20.0,1.0,160000
85503,24063,29.373779296875004,96.9066074358925,0.9678433537483216,71.93929246430001,-0.35555065,-1.0,-1.0,-0.15048224,-40.15558660030365,1.0,160000
63691,2251,2.747802734375,96.90655774437366,0.967839539051056,71.93924671422972,-1.0,-1.0,-0.8257779,-0.29236925,-54.30846691131592,1.0,160000
72085,10645,12.994384765625,96.90615475190612,0.9678086042404176,71.9388756850203,-0.81490076,-1.0,-1.0,-0.70860696,-27.37272381782532,1.0,160000
70604,9164,11.1865234375,96.90512804342131,0.9677298069000244,71.93793039815947,-0.06988394,-1.0,-1.0,-0.25706768,-20.0,1.0,160000
132104,70664,86.259765625,96.90497113785226,0.9677177667617798,71.93778593429991,-0.6735387,0.3412603,-0.83904445,0.65968657,-58.44059824943543,1.0,160000
109996,48556,59.27246093750001,96.9046549756938,0.9676935076713562,71.93749484080847,-1.0,-1.0,-0.0850628,0.6055494,-21.658003330230716,1.0,134631
78490,17050,20.81298828125,96.90452290958174,0.9676833748817444,71.9373732458245,-1.0,0.3286445,-1.0,1.0,-29.42195177078247,1.0,160000
102311,40871,49.891357421875,96.904403269046,0.967674195766449,71.93726309099354,-0.37314105,-1.0,0.48023635,-0.49245727,-20.0,1.0,160000
83464,22024,26.884765625,96.90392932922038,0.967637836933136,71.93682672529826,-1.0,-0.37562615,-1.0,-0.49894744,-58.34526062011719,1.0,160000
129554,68114,83.14697265625,96.9034809714387,0.9676034450531006,71.93641391024742,-1.0,-1.0,-0.37467808,-0.39708853,-20.0,1.0,160000
69439,7999,9.764404296875,96.9034529957958,0.9676012992858888,71.9363881522171,-1.0,-0.82973146,1.0,-0.736249,-37.71474063396454,1.0,157799
98497,37057,45.235595703125,96.9029159768188,0.9675601124763488,71.93589370003507,-0.33258295,-0.8150772,-1.0,-0.6434424,-25.274738073349,1.0,160000
114550,53110,64.83154296875,96.9025918615626,0.9675352573394777,71.93559527357668,-1.0,-0.6659835,-0.94051266,1.0,-34.26392734050751,1.0,160000
136386,74946,91.48681640625,96.90258175678204,0.9675344824790956,71.93558596965653,-0.5457988,-0.6794739,-1.0,-0.7409333,-57.13753700256348,1.0,160000
79636,18196,22.2119140625,96.90147705590532,0.9674497842788696,71.93456881285101,-1.0,-1.0,-0.58462185,-0.7501034,-25.891265869140625,1.0,160000
86082,24642,30.08056640625,96.90134331828584,0.9674395322799684,71.93444567221894,-1.0,-0.8013748,-1.0,-0.44912624,-39.15741503238678,1.0,160000
109994,48554,59.27001953124999,96.90075388066062,0.9673943519592284,71.9339029366089,-1.0,-0.91417956,-0.6407361,0.54681635,-50.84402441978455,1.0,160000
89113,27673,33.780517578125,96.9005019017024,0.9673750400543212,71.93367092065502,-1.0,-1.0,-1.0,-0.023856461,-22.298853397369385,1.0,160000
129257,67817,82.784423828125,96.90029968364496,0.9673595428466796,71.93348472258063,-1.0,-1.0,-0.021882117,-0.56286633,-30.31586706638336,1.0,160000
95706,34266,41.82861328125,96.9002429049999,0.9673551917076112,71.93343244190005,-1.0,-1.0,-1.0,-0.5817241,-27.14421510696411,1.0,160000
106310,44870,54.77294921875,96.89961205751798,0.9673068523406982,71.93285156631583,-1.0,-1.0,-1.0,0.3201542,-20.220863819122314,1.0,160000
85958,24518,29.929199218750004,96.8993265453038,0.9672849774360656,71.9325886685925,-1.0,-0.47319043,-0.96961564,0.30984223,-42.60009527206421,1.0,140592
77948,16508,20.1513671875,96.89929931543944,0.9672828912734984,71.93256359545016,-1.0,0.16089344,-1.0,-0.8292597,-20.0,1.0,160000
114545,53105,64.825439453125,96.89922384874228,0.9672771096229552,71.93249410597835,-1.0,-1.0,-0.74028826,1.0,-20.0,1.0,160000
105418,43978,53.68408203125,96.89903011773234,0.9672622680664062,71.93231571873108,-1.0,-1.0,-1.0,0.6378336,-44.47473168373108,1.0,160000
82270,20830,25.42724609375,96.89901533461808,0.9672611355781556,71.93230210643567,-1.0,-1.0,-1.0,-0.46626455,-47.0511794090271,1.0,160000
91367,29927,36.531982421875,96.89883015153396,0.967246949672699,71.93213158951454,-1.0,-1.0,-0.6937182,-0.8331804,-30.68355977535248,1.0,121826
69166,7726,9.43115234375,96.89869086892456,0.9672362804412842,71.93200333748037,-0.12608218,-1.0,-0.7476709,-0.24531978,-26.52803659439087,1.0,128393
70939,9499,11.595458984375,96.89863095240682,0.9672316908836364,71.93194816599612,-0.56371933,-1.0,-0.3017606,-0.90364265,-60.0,1.0,160000
83932,22492,27.4560546875,96.89857259120672,0.9672272205352784,71.93189442660352,-1.0,-1.0,-0.91207314,-0.15351307,-32.071508169174194,1.0,160000
135764,74324,90.7275390625,96.89827143242708,0.9672041535377502,71.93161711669008,-1.0,0.032295465,-1.0,0.28336287,-36.89517140388489,1.0,160000
69597,8157,9.957275390625,96.89734990182696,0.9671335816383362,71.93076855359516,-1.0,-1.0,0.18430805,0.23663783,-27.432971000671387,1.0,160000
96689,35249,43.028564453125,96.897163076429,0.96711927652359,71.93059651955673,-1.0,-1.0,-1.0,-0.4918322,-20.199134349823,1.0,160000
82800,21360,26.07421875,96.89711091928062,0.96711528301239,71.93054849170196,-1.0,-0.67964464,-1.0,-0.43038625,-20.0,1.0,160000
109521,48081,58.69262695312501,96.89696845636726,0.9671043753623962,71.93041730739382,-1.0,-0.68364173,-0.66652983,-0.6810546,-25.212974548339844,1.0,155279
78133,16693,20.377197265625,96.89629654736224,0.9670529365539552,71.92979858827992,0.009415507,-0.27217227,-0.92072093,-0.069056034,-45.84393918514252,1.0,160000
79850,18410,22.47314453125,96.89603024063138,0.967032551765442,71.92955336106039,-1.0,-1.0,-0.27126062,-0.83551484,-54.5269775390625,1.0,91504
121765,60325,73.638916015625,96.89601856006242,0.9670316576957704,71.92954260504158,-1.0,-0.50739485,-0.93626815,1.0,-20.0,1.0,160000
69595,8155,9.954833984375,96.89587761155464,0.967020869255066,71.92941281283959,-0.34660178,-1.0,-0.37604696,0.43584785,-60.0,1.0,120125
136345,74905,91.436767578125,96.8958674879696,0.9670200943946838,71.92940349054096,-1.0,-1.0,0.4773121,0.1387806,-56.98671340942383,1.0,160000
67507,6067,7.406005859375001,96.8958597005772,0.967019498348236,71.92939631952318,-1.0,-1.0,-0.39730644,0.1920616,-45.41483283042908,1.0,160000
121376,59936,73.1640625,96.89514786206315,0.9669650197029114,71.92874081925255,-0.5326388,-1.0,-0.1641353,0.028113723,-37.89644420146942,1.0,160000
90990,29550,36.07177734375,96.89511125388633,0.9669622182846068,71.92870710820468,-0.1452322,-0.5078013,0.9607865,0.19973499,-24.49525237083435,1.0,160000
84826,23386,28.54736328125,96.89494067047252,0.9669491648674012,71.92855002428968,-1.0,-0.590245,-0.5701372,-0.42189842,-21.53553605079651,1.0,160000
133406,71966,87.84912109375,96.89477942669608,0.9669368267059326,71.92840154048099,-1.0,-0.002312541,-0.960418,-0.10486984,-31.10179841518402,1.0,160000
66160,4720,5.76171875,96.89431590816598,0.9669013619422911,71.92797470005955,-1.0,-1.0,-1.0,-0.5557415,-60.0,1.0,106545
95966,34526,42.14599609375,96.8942940940654,0.9668996930122375,71.92795461202077,-1.0,-1.0,-0.927703,1.0,-57.071380615234375,1.0,157570
76486,15046,18.36669921875,96.89399569512196,0.9668768644332886,71.92767982343587,-1.0,-1.0,-1.0,0.00039815903,-35.653555393218994,1.0,160000
137810,76370,93.22509765625,96.89377674968924,0.9668601155281068,71.92747820084004,-1.0,-1.0,-0.15878975,0.25289816,-20.0,1.0,160000
83328,21888,26.718750000000004,96.89371831005518,0.9668556451797484,71.9274243847897,-0.92063916,-1.0,0.6978046,-0.97417134,-20.0,3.248324155807495,160000
65226,3786,4.62158203125,96.89371597245017,0.9668554663658142,71.92742223212848,-0.8113041,-1.0,-1.0,-0.29481018,-20.14712810516357,1.0,160000
140346,78906,96.32080078125,96.89368792107229,0.9668533205986024,71.92739640007878,-0.46417016,-1.0,-1.0,1.0,-47.11983561515808,1.0,160000
88750,27310,33.33740234375,96.89368792107229,0.9668533205986024,71.92739640007878,-1.0,-1.0,-1.0,1.0,-46.49832785129547,1.0,160000
137102,75662,92.36083984375,96.89306138360956,0.9668053984642028,71.92681942889566,-0.8781297,-0.31355143,0.74674463,-0.9426689,-36.26725435256958,1.0,160000
92979,31539,38.499755859375,96.89301228467092,0.966801643371582,71.92677421398572,-1.0,-1.0,-0.73384917,-0.27372634,-20.0,1.0,160000
122937,61497,75.069580078125,96.89286498385655,0.9667903780937196,71.92663856534797,-1.0,-1.0,-0.35367507,-0.48361945,-29.959847927093502,1.0,160000
78482,17042,20.80322265625,96.8927106622846,0.966778576374054,71.92649645096378,-0.1703999,-1.0,-1.0,-0.0598042,-57.281343936920166,1.0,160000
76645,15205,18.560791015625,96.8924105737162,0.9667556285858154,71.92622009902041,-1.0,-1.0,0.582187,-0.5092546,-20.0,1.0,160000
122729,61289,74.815673828125,96.89237393782253,0.966752827167511,71.92618636088321,-1.0,-1.0,-1.0,-0.7338512,-41.82736396789551,1.0,160000
96685,35245,43.023681640625,96.89235522998906,0.9667513966560364,71.9261691327584,-1.0,-1.0,-0.8202208,-0.95612663,-36.4452987909317,1.0,132417
128242,66802,81.54541015625,96.8921174761797,0.96673321723938,71.92595018377067,-0.054935098,-1.0,-1.0,-0.4516207,-35.62358260154724,1.0,160000
68742,7302,8.91357421875,96.8917269024068,0.9667033553123474,71.92559049999687,-1.0,-1.0,-1.0,-0.6194214,-60.0,1.0,160000
121761,60321,73.634033203125,96.8915085992987,0.9666866660118104,71.92538946117621,-1.0,-1.0,-1.0,1.0,-30.79144418239593,1.0,160000
121768,60328,73.642578125,96.8915085992987,0.9666866660118104,71.92538946117621,-0.9694004,-1.0,-1.0,1.0,-39.81014728546143,1.0,147091
95961,34521,42.139892578125,96.8915085992987,0.9666866660118104,71.92538946117621,-1.0,-1.0,-1.0,1.0,-37.08852171897888,1.0,160000
80503,19063,23.270263671875,96.89144388548983,0.966681718826294,71.92532986505267,-1.0,-1.0,-1.0,0.3498772,-47.05761313438416,1.0,160000
90791,29351,35.828857421875,96.89133316761534,0.9666732549667358,71.92522790279695,-1.0,-1.0,0.7507996,1.0,-20.0,1.0,160000
108591,47151,57.55737304687501,96.8909737010264,0.9666457772254944,71.92489686166782,-1.0,-1.0,-1.0,-0.26897347,-37.00785934925079,1.0,93870
68747,7307,8.919677734375,96.89077406858728,0.966630518436432,71.92471301464859,-1.0,-1.0,-1.0,-0.3537925,-20.0,1.0,160000
118517,57077,69.674072265625,96.89072025952268,0.9666264057159424,71.92466346029056,-1.0,0.025003195,-1.0,-0.22461843,-20.0,1.0,160000
139533,78093,95.328369140625,96.8905042353714,0.9666098952293396,71.92446451681025,-1.0,-1.0,-1.0,0.16404486,-47.68167972564697,1.0,155069
114461,53021,64.722900390625,96.89044730267248,0.966605544090271,71.92441208556416,-1.0,-1.0,0.04991311,-0.5946791,-28.78660798072815,1.0,160000
112453,51013,62.271728515625,96.89038023012496,0.9666004180908204,71.92435031612408,-1.0,-0.8829477,-1.0,-0.21268713,-37.129430174827576,1.0,160000
126551,65111,79.481201171875,96.8902725994866,0.9665921926498412,71.92425119518198,-1.0,-1.0,-1.0,-0.9340891,-38.42230498790741,1.0,160000
91619,30179,36.839599609375,96.89025622063066,0.966590940952301,71.92423611128618,-0.47344863,-1.0,-1.0,-0.25121891,-31.71838760375977,1.0,160000
129948,68508,83.6279296875,96.89010958757166,0.9665797352790833,71.92410107127826,-1.0,-1.0,0.8694128,-0.95491934,-20.0,1.0,130573
76884,15444,18.8525390625,96.8900947679427,0.9665786027908324,71.92408742329492,-1.0,-1.0,-1.0,-0.00201118,-31.931030750274655,1.0,152999
118297,56857,69.405517578125,96.8899372081366,0.966566562652588,71.92394232001661,-1.0,-1.0,0.43840712,-0.1452024,-43.39102685451508,1.0,160000
128826,67386,82.25830078125,96.8898763663764,0.9665619134902954,71.92388628824432,-1.0,-1.0,-1.0,-0.8918452,-33.44677150249481,1.0,156849
88741,27301,33.326416015625,96.88976950080988,0.9665537476539612,71.92378787104586,-0.64671373,-0.8373744,-0.85587794,1.0,-50.7183575630188,1.0,160000
88747,27307,33.333740234375,96.88953937811496,0.9665361642837524,71.92357594033477,-1.0,-1.0,-1.0,1.0,-40.59622287750244,1.0,117161
80882,19442,23.73291015625,96.88940675839386,0.9665260314941406,71.92345380428006,-0.78488123,-1.0,-1.0,-0.049563825,-29.80777382850647,1.0,111218
93310,31870,38.90380859375,96.88891836389784,0.9664887189865112,71.92300401529141,-1.0,-0.8193397,-0.78623813,0.25038278,-20.0,1.0,105910
132204,70764,86.3818359375,96.88878416090331,0.96647846698761,71.9228804198219,-1.0,-1.0,-1.0,-0.59754574,-44.62032198905945,1.0,160000
102961,41521,50.68481445312501,96.8887232997668,0.9664738178253174,71.92282436911174,-1.0,-0.92903227,1.0,-0.50911796,-20.0,1.0,160000
65179,3739,4.564208984375,96.88863746822076,0.966467261314392,71.9227453215396,-0.33941728,-0.6853223,-0.2580233,-0.07964891,-30.181588530540463,1.0,160000
79071,17631,21.522216796875,96.88859767290472,0.9664642214775084,71.92270867153614,-0.19812709,-0.25974727,0.15180111,-0.43145722,-56.62245154380798,1.0,94914
118574,57134,69.74365234375,96.88859221076838,0.9664638042449952,71.92270364111016,-0.4837811,-1.0,-1.0,-0.8608562,-36.43828511238098,1.0,160000
100156,38716,47.2607421875,96.88840415219374,0.9664494395256042,71.92253044581966,-0.5529294,-1.0,-0.58999115,-0.15848362,-20.0,1.0,160000
123332,61892,75.5517578125,96.8880077145832,0.9664191603660583,71.92216533900886,-0.69627166,-1.0,-0.7777236,-0.07234937,-44.93513882160187,1.0,160000
100113,38673,47.208251953125,96.88768225994444,0.966394305229187,71.92186560349641,-1.0,-1.0,0.42320317,-0.24219453,-46.75428569316864,1.0,160000
83952,22512,27.48046875,96.88757454909238,0.966386079788208,71.92176640415559,-0.48064613,-0.031309843,-1.0,-0.7703728,-20.0,1.0,160000
113500,52060,63.5498046875,96.88702735973276,0.9663442969322203,71.92126245192459,-1.0,0.21651554,-0.699425,0.78808725,-20.0,1.0,160000
88748,27308,33.3349609375,96.88653317907486,0.9663065671920776,71.92080731581511,-1.0,-0.9649707,-0.22288123,1.0,-20.0,1.0,160000
106363,44923,54.837646484375,96.88641684555058,0.966297686100006,71.9207001730934,-1.0,-0.025139868,-0.9120854,-0.39561486,-20.0,1.0,160000
98717,37277,45.504150390625,96.88566019614174,0.9662399291992188,71.92000329680388,-1.0,-1.0,-1.0,-0.6204456,-21.455743312835693,1.0,160000
78250,16810,20.52001953125,96.88534390267486,0.9662157893180848,71.91971198696884,-1.0,-1.0,-0.10887456,-0.69784814,-58.86333227157593,1.0,160000
118458,57018,69.60205078125,96.8847659124624,0.9661716818809508,71.91917964747371,-0.9303511,-1.0,-0.20122188,-0.85246086,-54.63566780090332,1.0,160000
67865,6425,7.843017578125,96.88465108451685,0.966162919998169,71.91907388822956,-1.0,-1.0,0.7053689,-0.07534623,-51.26885890960693,1.0,101630
74265,12825,15.655517578125,96.88457531170404,0.9661571383476256,71.91900409957088,-1.0,-1.0,-1.0,-0.58472013,-60.0,1.0,132476
72533,11093,13.541259765625,96.88441751169188,0.9661450982093812,71.91885876152043,-1.0,-1.0,-1.0,-0.29573166,-32.06843376159668,1.0,160000
77729,16289,19.884033203125,96.88395110220716,0.9661095142364502,71.91842918359266,-0.8918216,-1.0,-0.5125404,0.17650014,-28.323934078216556,1.0,155041
117266,55826,68.14697265625,96.88394094521934,0.966108739376068,71.91841982864713,-1.0,-0.804891,-1.0,-0.82504594,-28.37566375732422,1.0,160000
143168,81728,99.765625,96.88382843514378,0.9661001563072203,71.91831620277542,-0.7924494,-1.0,-1.0,-0.57735455,-53.40138554573059,1.0,160000
88615,27175,33.172607421875,96.88248195005896,0.9659974575042723,71.91707602577998,-0.99064505,-1.0,-1.0,-0.23670042,-20.0,1.0,160000
120346,58906,71.90673828125,96.8821536538916,0.9659724235534668,71.91677364507957,-0.7940794,-1.0,-0.5521107,-0.7122085,-44.42255437374115,1.0,160000
126433,64993,79.337158203125,96.8820340529058,0.9659633040428162,71.91666348489504,-1.0,-1.0,-1.0,-0.5990604,-41.05847358703613,1.0,160000
107529,46089,56.26098632812499,96.88172916981496,0.9659400582313538,71.91638266699493,-1.0,-1.0,0.10760343,-0.6453185,-20.0,1.0,160000
137049,75609,92.296142578125,96.88131167295272,0.9659082293510436,71.9159981218717,-0.4840852,-1.0,-0.39279968,0.039904356,-33.72623920440674,1.0,160000
142397,80957,98.824462890625,96.88119517181154,0.9658993482589722,71.91589081532335,-1.0,-0.46209854,0.8559862,1.0,-20.0,1.0,117480
68598,7158,8.73779296875,96.88074476980962,0.9658650159835817,71.91547595831439,-1.0,-1.0,-0.45119694,-0.010805309,-33.44157695770264,1.0,91575
116745,55305,67.510986328125,96.88051720171246,0.965847671031952,71.91526634832428,-1.0,-1.0,-0.11368936,-0.7044188,-23.557788133621216,1.0,160000
87772,26332,32.1435546875,96.88044525281651,0.9658421874046326,71.91520007697257,-1.0,-0.78795236,-0.7063364,-0.53212523,-60.0,1.0,101288
141076,79636,97.2119140625,96.8796443340427,0.9657811522483826,71.91446235391082,-1.0,-1.0,-1.0,0.23176473,-60.0,1.0,160000
84062,22622,27.61474609375,96.87915853453052,0.965744137763977,71.91401488108748,-1.0,-1.0,0.15054876,-0.41924196,-58.402099609375,1.0,160000
70164,8724,10.6494140625,96.87864058972016,0.9657046794891356,71.91353779500913,-0.96058494,-1.0,-0.37935778,0.6223444,-20.0,1.0,160000
124356,62916,76.8017578125,96.87818908814124,0.9656702876091005,71.9131219073121,-1.0,-1.0,-1.0,-0.03497517,-28.931506872177124,1.0,160000
101334,39894,48.69873046875,96.87817500226718,0.9656692147254944,71.91310893246344,0.08626115,-0.7052138,-0.61286575,-0.170313,-20.0,1.0,160000
106102,44662,54.51904296875,96.87809283357984,0.965662956237793,71.9130332447821,-1.0,-1.0,-1.0,-0.9062538,-53.32135081291199,1.0,160000
128559,67119,81.932373046875,96.87744637507603,0.9656137228012084,71.91243777165711,-0.68812424,-1.0,-1.0,-0.18128312,-40.000232458114624,1.0,160000
106012,44572,54.4091796875,96.87710901267322,0.9655880331993104,71.91212701403735,-0.5588399,-0.04585004,-1.0,-0.06261957,-20.0,1.0,160000
118162,56722,69.24072265625,96.87707691856232,0.9655855894088744,71.91209745081275,-1.0,-1.0,0.121533036,-0.6272185,-22.91181445121765,1.0,160000
134201,72761,88.819580078125,96.87682328683556,0.9655662775039672,71.91186381948599,-0.26090038,-1.0,0.16768229,-0.64506686,-48.87444615364075,1.0,160000
105094,43654,53.28857421874999,96.87662287393778,0.9655510187149048,71.91167920965627,-1.0,-0.033962667,-1.0,-0.83993864,-49.57434892654419,1.0,160000
137425,75985,92.755126953125,96.87607011546422,0.9655089378356934,71.91117003437549,-1.0,-1.0,0.572165,-0.3965628,-60.0,1.0,160000
142713,81273,99.210205078125,96.87581328122228,0.965489387512207,71.91093344906201,-1.0,0.049750686,-1.0,-0.52799755,-43.385807275772095,1.0,160000
117758,56318,68.74755859375,96.87547733343273,0.9654638171195984,71.91062398600808,-1.0,-1.0,-1.0,-0.9941139,-34.11633253097534,1.0,160000
64925,3485,4.254150390625,96.87532696911892,0.9654523730278016,71.91048547522979,-1.0,-0.37497896,-1.0,-0.45634156,-42.00410068035126,1.0,145324
93191,31751,38.758544921875,96.87514605381048,0.9654386043548584,71.91031882139244,-1.0,-1.0,-1.0,-0.23748314,-34.51545715332031,1.0,108249
79382,17942,21.90185546875,96.8737399331968,0.9653316140174866,71.90902352736634,-1.0,-1.0,-0.24022627,0.11227983,-20.0,1.0,90296
137557,76117,92.916259765625,96.87241400009437,0.9652307629585266,71.90780207268963,-0.90463436,-0.46193534,-1.0,0.4358325,-45.45634031295776,1.0,160000
129694,68254,83.31787109375,96.87186138529869,0.96518874168396,71.90729299379318,-1.0,-1.0,-0.4615972,-0.6525475,-20.0,1.0,120909
128614,67174,81.99951171875,96.87185746574504,0.965188443660736,71.90728938301156,0.20489907,-0.01561749,-0.645367,-0.034386158,-60.0,1.0,160000
87897,26457,32.296142578125,96.8718558979224,0.9651883244514464,71.90728793869775,-1.0,-1.0,-0.87646765,-0.5564784,-20.0,1.0,157852
126236,64796,79.0966796875,96.8712726210306,0.9651439785957336,71.90675060814962,-1.0,-1.0,-0.077192426,-0.8866358,-50.64486622810364,1.0,160000
112267,50827,62.044677734375,96.87094879928104,0.9651193618774414,71.90645229247247,-1.0,-0.2599973,-1.0,-6.92606e-05,-28.96477103233337,1.0,126168
114125,52685,64.312744140625,96.87092998066645,0.9651179313659668,71.90643495607091,-0.2425524,-1.0,-0.73675555,0.7104331,-24.30232524871826,1.0,160000
100125,38685,47.222900390625,96.87068611398472,0.9650993943214417,71.90621029659896,-1.0,-1.0,1.0,-0.8136213,-47.93073296546936,1.0,160000
73355,11915,14.544677734375,96.87055594051428,0.9650894999504088,71.90609037535931,-1.0,-1.0,-1.0,-0.5051714,-20.0,1.0,160000
69903,8463,10.330810546875,96.87052378851853,0.9650870561599731,71.9060607555572,-1.0,-0.48893332,-0.73001504,-0.50912,-34.37286972999573,1.0,160000
90986,29546,36.06689453125,96.87027989461969,0.965068519115448,71.90583606948259,-1.0,-0.4443522,-0.5700329,0.42091712,-38.93864512443543,1.0,160000
81542,20102,24.53857421875,96.86991284663438,0.9650406241416932,71.90549792657123,-0.9902422,-1.0,-1.0,-0.49942034,-28.902838230133057,1.0,160000
121875,60435,73.773193359375,96.86969401195763,0.9650239944458008,71.905296324163,-1.0,-0.09139556,-0.11237773,0.51346374,-51.960155963897705,1.0,160000
113352,51912,63.369140625,96.86936534305386,0.96499902009964,71.90499353510204,-0.31163764,-0.29730493,-0.59055465,-0.17700315,-22.87509799003601,1.8627209067344663,160000
113558,52118,63.62060546875,96.86927591487638,0.9649922251701356,71.90491114833422,-1.0,-1.0,-0.26693255,-0.23140883,-20.0,1.0,160000
77727,16287,19.881591796875,96.86816415497516,0.9649077653884888,71.90388691605828,-1.0,-1.0,-1.0,0.44117916,-20.0,1.0,160000
140879,79439,96.971435546875,96.86815238435332,0.9649068713188172,71.90387607202251,-0.72122663,-0.8221662,-1.0,-0.34362793,-20.0,1.0,155945
139160,77720,94.873046875,96.86804252338187,0.9648985266685486,71.90377485922905,-1.0,-1.0,-0.50448245,1.0,-42.84506559371948,1.0,92859
142962,81522,99.51416015625,96.86800171703425,0.9648954272270204,71.90373726508084,-1.0,-1.0,-1.0,-0.69364524,-50.354275703430176,1.0,160000
130553,69113,84.366455078125,96.86798288318111,0.9648939967155457,71.90371991378478,-1.0,-1.0,-1.0,-0.36232793,-35.478695034980774,1.0,160000
76613,15173,18.521728515625,96.8679758204611,0.9648934602737428,71.90371340702423,-1.0,-0.6198174,-1.0,0.9705199,-45.70412933826447,1.0,160000
129734,68294,83.36669921875,96.86762188217511,0.964866578578949,71.90338732888067,-1.0,-1.0,-0.015844584,0.061715484,-57.31172204017639,1.0,160000
127137,65697,80.196533203125,96.86710778638894,0.9648275375366212,71.90291369654615,-0.77330977,-1.0,0.42401016,-0.3654921,-25.05080938339233,1.0,157240
100061,38621,47.144775390625,96.86690291273894,0.9648119807243348,71.90272494695675,-1.0,-1.0,0.66091686,-0.3259989,-47.568575739860535,1.0,81175
119105,57665,70.391845703125,96.866661916344,0.9647936820983888,71.90250291674364,0.14899397,-1.0,-1.0,1.0,-45.83291709423065,1.0,160000
135518,74078,90.42724609375,96.86655829084388,0.9647858142852784,71.9024074461945,-1.0,-0.56086797,-1.0,-0.9145583,-39.82444882392883,1.0,136153
118700,57260,69.8974609375,96.86639264093152,0.9647732377052308,71.90225483198583,-1.0,0.05406177,-1.0,-0.019166887,-60.0,1.0,160000
103523,42083,51.370849609375,96.86597494990248,0.9647415280342102,71.90187000898307,-1.0,-1.0,-1.0,0.44284612,-29.838767051696777,1.0,160000
128411,66971,81.751708984375,96.86576294553896,0.9647254347801208,71.90167468617395,-0.09824228,-1.0,-0.43052667,-0.409572,-20.12817621231079,1.0,160000
138061,76621,93.531494140625,96.8656899189582,0.9647198915481568,71.90160740552638,-1.0,-0.07132709,-1.0,0.036696613,-58.30341696739197,1.0,160000
63481,2041,2.491455078125,96.86484804455117,0.9646559953689576,71.90083176619525,-1.0,-0.7273449,-0.98561895,-0.52020776,-60.0,1.0,146342
95049,33609,41.026611328125,96.86479070834564,0.9646516442298888,71.90077894056024,-1.0,0.046114683,-1.0,-0.7787437,-20.0,1.0,160000
102808,41368,50.498046875,96.8641198862984,0.9646007418632508,71.90016088752027,-1.0,-0.9870516,1.0,-0.30036986,-39.90222930908203,1.0,129238
70130,8690,10.60791015625,96.8640350428684,0.964594304561615,71.90008271765252,-1.0,-0.49126577,-1.0,-0.27615368,-49.44561421871185,1.0,160000
131882,70442,85.98876953125,96.86375300283407,0.9645729064941406,71.89982286135357,-1.0,-0.35629362,-1.0,-0.3708464,-38.31216633319855,1.0,129376
88744,27304,33.330078125,96.86370350609336,0.9645691514015198,71.8997772576311,-0.8852106,-1.0,-0.07056701,0.9949254,-20.0,1.0,160000
91865,30425,37.139892578125,96.86361551022878,0.9645624756813048,71.89969618272528,-1.0,-0.21803296,-0.6386827,-0.46004117,-27.164517641067505,1.0,160000
103686,42246,51.56982421875001,96.86328786409804,0.9645376205444336,71.8993943052282,-1.0,-1.0,-1.0,-0.828352,-21.59062385559082,1.0,160000
62944,1504,1.8359375,96.86263169762276,0.964487850666046,71.89878973981169,-1.0,-0.55125326,-0.05225396,1.0,-55.86931824684143,1.0,160000
111760,50320,61.42578125,96.86212868771209,0.96444970369339,71.89832628221575,-1.0,-1.0,-0.26987514,0.29772753,-20.0,1.0,160000
61900,460,0.5615234375,96.86202964946408,0.9644421935081482,71.89823503101402,-1.0,-1.0,0.5228727,0.5613016,-20.0,1.0,160000
68849,7409,9.044189453125,96.86176317606812,0.9644219875335692,71.8979895087817,-1.0,-1.0,-0.26633525,-0.14931661,-20.0,1.0,160000
88745,27305,33.331298828125,96.8611562672664,0.9643759727478028,71.89743031341257,-0.33543968,-1.0,-0.05483246,1.0,-56.15079879760742,1.0,151109
91569,30129,36.778564453125,96.86107843098522,0.96437007188797,71.89735859598757,-1.0,-1.0,0.15088844,-0.42061424,-57.348549365997314,1.0,142358
89176,27736,33.857421875,96.86058621565536,0.9643327593803406,71.89690507247379,-0.77071404,-1.0,-1.0,-0.67477405,-29.856865406036377,1.0,160000
131217,69777,85.177001953125,96.8604077122253,0.9643192291259766,71.89674059983251,-1.0,-1.0,0.19415593,0.50140136,-55.713865756988525,1.0,149633
109752,48312,58.974609375,96.86014977114326,0.9642996788024902,71.89650293266087,-1.0,-0.94382745,0.23205996,1.0,-60.0,1.0,160000
110725,49285,60.162353515625,96.8599830434284,0.964287042617798,71.89634930903364,-1.0,-1.0,-1.0,-0.018810391,-42.21981644630432,1.0,106994
63910,2470,3.01513671875,96.85895812988632,0.9642093777656556,71.89540493995227,-0.79795617,-1.0,0.67256,-0.4560393,-24.439916610717773,1.0,118179
82390,20950,25.57373046875,96.8583263629591,0.9641615152359008,71.89482281340274,-1.0,-1.0,-1.0,-0.27133828,-36.05729579925537,1.0,160000
114413,52973,64.664306640625,96.85791797723924,0.9641305804252625,71.89444651287442,-1.0,-0.40031034,-0.71710175,-0.33115423,-37.57686138153076,1.0,128946
90570,29130,35.55908203125,96.85786053203928,0.9641262292861938,71.89439358070302,-0.6346491,-0.67259604,0.08344865,-0.6549598,-49.46955859661102,1.0,121695
124533,63093,77.017822265625,96.85756699657232,0.9641039967536926,71.89412310527548,-1.0,-0.6984732,-0.5018986,-0.53100026,-60.0,1.0,142503
133931,72491,88.489990234375,96.85739857683458,0.9640912413597108,71.89396791593444,-1.0,-1.0,-0.12793002,-0.33205283,-27.34846591949463,1.0,140431
78330,16890,20.61767578125,96.857127829767,0.964070737361908,71.89371843678731,-1.0,-1.0,-1.0,-0.6189354,-38.72061848640442,1.0,160000
140695,79255,96.746826171875,96.8567429251246,0.9640415906906128,71.89336376551964,-0.15532386,-1.0,-0.8255558,-0.657959,-20.0,1.0,160000
103026,41586,50.76416015625001,96.85636112892922,0.9640126824378968,71.89301195629412,-1.0,-0.52088726,-0.22092867,-0.82414675,-32.99181282520294,1.0,160000
128215,66775,81.512451171875,96.8561328193608,0.963995397090912,71.8928015775084,-1.0,-1.0,-1.0,0.989524,-20.0,1.0,160000
121880,60440,73.779296875,96.85583993240763,0.9639732241630554,71.89253169189209,-1.0,-1.0,-0.60428023,0.71413016,-28.520373106002808,1.0,160000
106524,45084,55.03417968749999,96.85529188731724,0.9639317393302916,71.8920266829819,-1.0,-1.0,-1.0,-0.3546065,-24.681527614593502,1.0,160000
92448,31008,37.8515625,96.8544468234448,0.9638677835464478,71.89124797018282,-1.0,-1.0,-0.5663447,0.053810537,-31.965054273605347,1.0,160000
130070,68630,83.77685546875,96.85423020991897,0.9638513922691344,71.89104836253368,-1.0,-0.4540326,-1.0,-0.22515202,-52.98335790634155,1.0,160000
102144,40704,49.6875,96.85413410817222,0.963844120502472,71.89095980530485,-1.0,-0.8285364,-1.0,-0.32328498,-37.8457772731781,1.0,121350
104758,43318,52.87841796875,96.85403721614904,0.9638367891311646,71.8908705196975,-0.984274,-1.0,-1.0,-0.30900192,-60.0,1.0,160000
120850,59410,72.52197265625,96.8539686812164,0.9638316035270692,71.89080736494759,-1.0,-0.123106,-1.0,-0.5754112,-54.89983081817627,1.0,112496
82604,21164,25.8349609375,96.8538268807256,0.9638208746910096,71.8906766959612,-0.32468772,-0.97450256,-0.12963378,-0.5811288,-25.94934105873108,1.0,160000
109423,47983,58.572998046875,96.85372840492708,0.9638134241104126,71.89058595044699,-1.0,-1.0,-1.0,-0.72392905,-20.0,1.0,149742
77785,16345,19.952392578125,96.85352199104824,0.9637978076934814,71.89039573943798,-1.0,-1.0,-0.3996728,-0.5247097,-20.0,1.0,160000
103961,42521,51.90551757812501,96.8534565979617,0.9637928605079652,71.89033547937639,-0.6768892,-1.0,-1.0,-0.81524956,-35.83726346492767,1.0,160000
97803,36363,44.388427734375,96.85328089749171,0.9637795686721802,71.89017357017627,-1.0,-1.0,-0.34886658,-0.57391185,-20.0,1.0,160000
130397,68957,84.176025390625,96.85328089749171,0.9637795686721802,71.89017357017627,-1.0,-1.0,0.7396717,-0.22463763,-20.0,1.0,160000
105222,43782,53.44482421875,96.85245034245683,0.9637167453765868,71.88940820156495,-1.0,-1.0,-1.0,-0.5054802,-57.05474615097046,1.0,160000
135767,74327,90.731201171875,96.85231321181688,0.963706374168396,71.88928183265973,-1.0,-1.0,-1.0,0.40870392,-20.0,1.0,147178
67174,5734,6.99951171875,96.85163930552557,0.963655412197113,71.8886608089892,-0.5666357,-1.0,-1.0,-0.18430996,-20.0,1.0,160000
103333,41893,51.138916015625,96.85152815817744,0.9636470079421996,71.88855838290333,-1.0,-1.0,-0.95391923,-0.095376015,-36.385018825531006,1.0,144187
100374,38934,47.52685546875,96.85144932822446,0.9636410474777222,71.88848573828881,-0.8423139,-1.0,-1.0,0.9578349,-20.0,1.0,160000
64583,3143,3.836669921875,96.8512577643606,0.9636265635490416,71.88830920495685,-1.0,-1.0,-1.0,-0.90078956,-20.0,1.0,160000
84214,22774,27.80029296875,96.85001590353184,0.9635326862335204,71.8871647697202,-1.0,-1.0,-0.060199976,-0.97790605,-20.0,1.0,160000
110432,48992,59.8046875,96.84989603180742,0.9635236263275146,71.88705430084087,-0.7933372,-0.15419483,-1.0,-0.6137333,-26.03756308555603,1.0,160000
79612,18172,22.1826171875,96.84955295616564,0.9634976983070374,71.88673813514568,-0.7778825,-1.0,0.5140004,0.39238954,-24.660617113113403,1.0,160000
89496,28056,34.248046875,96.84953244947673,0.9634961485862732,71.8867192368903,-1.0,-1.0,-1.0,-0.18838322,-47.6609081029892,1.0,160000
131192,69752,85.146484375,96.84944647787684,0.9634896516799928,71.88664000836687,-1.0,-1.0,-1.0,0.32458973,-27.613121271133423,1.0,156390
66694,5254,6.41357421875,96.84908442852858,0.9634622931480408,71.88630635467423,-1.0,-1.0,-1.0,0.08412182,-38.94887566566467,1.0,160000
97401,35961,43.897705078125,96.8483870474154,0.9634096026420592,71.88566366376234,-0.64714587,-0.88544303,-1.0,-0.5779906,-35.0843471288681,1.0,153180
115296,53856,65.7421875,96.84833892006397,0.963405966758728,71.88561931039258,-0.58376944,0.04420948,-1.0,-0.37958324,-22.353782653808597,1.0,160000
68845,7405,9.039306640625,96.84832314046676,0.9634047746658324,71.88560476816954,-0.046757102,-1.0,1.0,-0.38572794,-20.0,1.0,160000
88334,26894,32.82958984375,96.84819847925873,0.963395357131958,71.88548988227105,-0.5686552,-1.0,-1.0,-0.27873147,-20.0,1.0,160000
138660,77220,94.2626953125,96.84817323090236,0.9633934497833252,71.88546661373584,-1.0,-0.059407473,-0.8342734,-0.95117295,-20.0,1.0,160000
130449,69009,84.239501953125,96.84809748478878,0.9633877277374268,71.88539680710929,-0.29334015,-0.9265848,-1.0,0.1746139,-20.0,1.0,160000
109965,48525,59.234619140625,96.84723576247096,0.963322639465332,71.8846026489393,-1.0,-1.0,-1.0,0.4140404,-31.82817161083221,1.0,160000
62533,1093,1.334228515625,96.84693900529729,0.9633002281188964,71.88432915666795,0.23193419,-0.78057474,-0.24881175,-0.54519695,-41.38019025325775,1.0,160000
118855,57415,70.086669921875,96.84644330406694,0.9632627964019777,71.88387231398146,-1.0,-1.0,-0.09951484,-0.8617581,-57.504249811172485,1.0,148380
103480,42040,51.318359375,96.84596569406504,0.9632267355918884,71.88343214078827,-0.4155047,-1.0,-0.5472041,-0.5655458,-27.211791276931763,1.0,160000
61850,410,0.50048828125,96.8457817384009,0.9632128477096558,71.88326260331026,-1.0,-1.0,-1.0,-0.8213446,-35.23824065923691,1.0,160000
137529,76089,92.882080078125,96.84533167917648,0.9631788730621338,71.88284781691962,-1.0,-0.08796394,-0.65658027,0.26391768,-20.0,1.0,160000
64968,3528,4.306640625,96.84410518471071,0.9630863070487976,71.88171743176869,-1.0,-1.0,-1.0,-0.26918727,-60.0,1.0,124979
122210,60770,74.18212890625,96.84382871267478,0.9630654454231262,71.88146262118867,-1.0,-1.0,-1.0,-0.074643135,-26.83208465576172,1.0,160000
83905,22465,27.423095703125,96.84340211492074,0.9630332589149476,71.88106944488709,-0.96841353,-1.0,-1.0,-0.7891237,-20.0,1.0,160000
92096,30656,37.421875,96.84306949223908,0.9630081653594972,71.88076287933494,-1.0,-1.0,-1.0,-0.44241667,-22.95823693275452,1.0,142062
131813,70373,85.904541015625,96.84258749135483,0.962971806526184,71.88031863464113,-0.8702673,-0.51980597,-1.0,-0.0063889027,-44.77463960647583,1.0,160000
90433,28993,35.391845703125,96.84230695348177,0.9629506468772888,71.8800600702892,-1.0,-0.84519017,-1.0,-0.76927733,-21.113826036453247,1.0,160000
120198,58758,71.72607421875,96.84204062021084,0.9629305601119996,71.8798145968358,0.18592608,-1.0,-0.20107287,-0.698552,-20.0,1.0,160000
78075,16635,20.306396484375,96.8419734411094,0.9629254937171936,71.87975267918137,-1.0,-0.8724158,-0.91840553,-0.77703756,-30.65035879611969,1.0,160000
84076,22636,27.6318359375,96.84172368213152,0.9629066586494446,71.8795224806493,-1.0,-1.0,-1.0,-0.61734194,-20.0,1.0,160000
140215,78775,96.160888671875,96.84088575883004,0.9628434777259828,71.87875017429599,-1.0,-1.0,-1.0,-0.0124025345,-20.0,1.0,160000
135793,74353,90.762939453125,96.84039161059164,0.962806224822998,71.87829471731372,-1.0,-0.6877395,-0.76437634,0.6871581,-20.0,1.0,160000
86050,24610,30.04150390625,96.8396822927498,0.9627527594566344,71.8776409317789,-1.0,-0.5174127,-1.0,-0.6585833,-28.487493991851807,1.0,160000
128218,66778,81.51611328125,96.8395351929599,0.9627416729927064,71.87750534743533,-1.0,-1.0,-1.0,1.0,-20.0,1.0,160000
76612,15172,18.5205078125,96.8395351929599,0.9627416729927064,71.87750534743533,-1.0,-1.0,-1.0,1.0,-46.01801991462708,1.0,160000
77954,16514,20.15869140625,96.83865088828634,0.9626750349998474,71.876690262056,-1.0,-1.0,-0.545664,-0.27257508,-47.75330007076264,1.0,160000
84170,22730,27.74658203125,96.83816118611426,0.9626381397247314,71.87623888640199,0.060195327,-1.0,-1.0,1.0,-60.0,1.0,160000
115338,53898,65.79345703125,96.83804409094454,0.9626293182373048,71.87613095514077,-1.0,-0.5439362,-0.32741255,-0.6469196,-21.100361347198486,1.0,160000
115592,54152,66.103515625,96.83755272523774,0.9625923037528992,71.87567804161418,-1.0,-1.0,-1.0,-0.9328951,-47.12419033050537,1.0,160000
132057,70617,86.202392578125,96.83599827913504,0.9624752402305604,71.87424521568289,-1.0,-0.9983691,-1.0,-0.5420141,-30.86044311523437,1.0,160000
124833,63393,77.384033203125,96.83573861303418,0.962455689907074,71.87400586233527,-1.0,-1.0,-1.0,-0.45445895,-27.023180723190308,1.0,160000
82705,21265,25.958251953125,96.83539816931086,0.9624300599098206,71.87369204876101,-1.0,-1.0,-0.3004967,-0.8989313,-60.0,1.0,160000
97237,35797,43.697509765625,96.8353269096562,0.9624246954917908,71.87362636294822,-1.0,-0.93644816,-0.5869771,-0.2818964,-38.6850255727768,1.0,160000
82159,20719,25.291748046875,96.83521685036332,0.962416410446167,71.87352491220553,-1.0,-1.0,-0.73419964,-0.26403207,-43.9434289932251,1.0,160000
77951,16511,20.155029296875,96.83462374031596,0.9623717665672302,71.87297819051344,-1.0,-1.0,0.2304939,-0.35013384,-36.06432974338532,1.0,160000
136024,74584,91.044921875,96.83453345883184,0.9623649716377258,71.87289496966193,-1.0,-1.0,-1.0,-0.7141541,-20.0,1.0,160000
140262,78822,96.21826171875,96.83423567260417,0.9623425602912904,71.87262047148819,-1.0,-1.0,-1.0,-0.3879944,-33.562785387039185,1.0,140005
124959,63519,77.537841796875,96.83418419115635,0.96233868598938,71.87257301595577,-1.0,-1.0,-0.64853716,-0.4345529,-20.0,1.0,160000
102415,40975,50.018310546875,96.83414696566034,0.9623358845710754,71.87253870151635,-1.0,-0.267843,-0.8330618,1.0,-60.0,1.0,160000
102319,40879,49.901123046875,96.833977466083,0.9623231291770936,71.87238245664427,-0.5237715,-0.61454725,-0.8624537,-0.0609293,-30.95337986946106,1.0,160000
121762,60322,73.63525390625,96.83274637955522,0.9622305035591124,71.87124762684466,-0.8345997,-1.0,-0.51060516,1.0,-60.0,1.0,160000
84632,23192,28.310546875,96.83230026642948,0.962196946144104,71.87083638893854,-1.0,-0.69924104,-1.0,-0.63150316,-52.07952499389648,1.0,147324
107584,46144,56.32812499999999,96.83204350894329,0.9621776342391968,71.87059970229,-0.23271978,-1.0,-0.08203977,-0.9137602,-40.94833433628082,1.0,153761
123184,61744,75.37109375,96.83191829354412,0.9621682167053224,71.87048427466769,-1.0,-0.5612076,-1.0,-0.94465995,-31.87091708183289,1.0,160000
128216,66776,81.513671875,96.83162980640242,0.962146520614624,71.87021833694602,-0.08374369,-1.0,-0.81470835,1.0,-27.80322909355164,1.0,136757
110616,49176,60.02929687500001,96.83109715531258,0.962106466293335,71.8697273168907,-1.0,-1.0,-1.0,-0.8084512,-35.80670952796936,1.0,160000
78846,17406,21.24755859375,96.83108526489936,0.9621055722236632,71.86971635576144,-1.0,-0.37284493,-1.0,0.19934404,-41.56014919281006,1.0,160000
84719,23279,28.416748046875,96.83076103815684,0.9620811939239502,71.86941746782709,-1.0,-0.37179255,-0.29341516,-0.54376143,-53.96543741226196,1.0,160000
73169,11729,14.317626953125002,96.83018544549672,0.9620379209518432,71.86888685468172,-0.7001512,-1.0,-1.0,-0.8696053,-20.0,1.0,145484
62155,715,0.872802734375,96.83017117346049,0.9620368480682372,71.86887369786577,-1.0,-0.47928262,-1.0,0.917234,-51.38703465461731,1.0,160000
92467,31027,37.874755859375,96.8298492450502,0.9620126485824584,71.86857692419898,-0.89166373,0.10806048,-1.0,-0.97043073,-20.0,1.0,128967
79770,18330,22.37548828125,96.8292695443252,0.9619690775871276,71.86804251599905,-0.4760304,-1.0,-1.0,-0.90691286,-20.0,1.0,160000
86674,25234,30.80322265625,96.82841053121466,0.961904525756836,71.86725060899167,-1.0,-0.51690525,-1.0,-0.7947595,-53.80565524101257,1.0,160000
65221,3781,4.615478515625,96.82782505009732,0.9618605375289916,71.86671085926706,0.31879663,0.3251015,-0.6044939,0.0025362372,-20.0,1.0,160000
110643,49203,60.062255859375,96.82780045467965,0.9618586897850036,71.8666881848615,-1.0,-1.0,-0.6344116,-0.2409575,-37.01885759830475,1.0,160000
66913,5473,6.680908203124999,96.82755211109792,0.961840033531189,71.86645923751223,-1.0,-1.0,-0.31339914,-0.3980506,-21.886154413223267,1.0,160000
129839,68399,83.494873046875,96.82735850256744,0.9618254899978638,71.86628074962839,-1.0,0.003185153,-1.0,0.5646266,-44.704235792160034,1.0,160000
94485,33045,40.338134765625,96.8272775648371,0.9618194103240968,71.86620613289186,-1.0,-0.52528363,-1.0,-0.8194663,-45.312501192092896,1.0,160000
139555,78115,95.355224609375,96.82702204386048,0.961800217628479,71.8659705666873,-1.0,-1.0,-1.0,0.96021634,-23.750009536743164,1.0,160000
115747,54307,66.292724609375,96.82700855312991,0.9617992043495178,71.8659581294806,-1.0,-1.0,-1.0,-0.46952736,-20.0,1.0,89240
78955,17515,21.380615234375,96.82681967771364,0.9617850184440612,71.86578400351513,-0.4349265,-0.8033185,-1.0,-0.20786852,-60.0,1.0,160000
98557,37117,45.308837890625,96.82634189077989,0.9617491364479064,71.86534352498687,-0.7339804,-0.74994814,-1.0,0.026657522,-25.83094358444214,1.0,160000
77725,16285,19.879150390625,96.82629267996776,0.9617454409599304,71.86529815664774,0.19480813,-0.53635275,-0.5499812,0.35650125,-29.35496687889099,1.0,160000
104760,43320,52.880859375,96.82627918656571,0.9617444276809692,71.86528571682959,-1.0,-0.80359775,-1.0,-0.28260076,-38.05444300174713,1.0,160000
79464,18024,22.001953125,96.82627601164042,0.96174418926239,71.86528278980653,-1.0,-0.6334015,-0.5468879,-0.77203757,-33.36683750152588,1.0,160000
77008,15568,19.00390625,96.82575211149056,0.9617048501968384,71.86479979436974,-1.0,-0.5628687,-0.40944302,-0.034469068,-38.26013386249542,1.0,160000
93304,31864,38.896484375,96.82540280333356,0.9616786241531372,71.86447775695102,-1.0,-1.0,-0.10546678,0.89141905,-39.32720422744751,1.0,126839
113677,52237,63.765869140625,96.82524957362524,0.9616671204566956,71.86433648941481,-1.0,-1.0,0.25669408,-0.8037666,-42.41964936256409,1.0,158266
71483,10043,12.259521484375,96.82517652924189,0.9616616368293762,71.86426914725713,-1.0,-1.0,-0.073819876,0.22519952,-56.23539447784424,1.0,160000
77654,16214,19.79248046875,96.82443171147474,0.9616057276725768,71.86358246925548,-1.0,-1.0,-1.0,-0.15988249,-38.60440075397492,1.0,137344
83570,22130,27.01416015625,96.82396632248316,0.9615707993507384,71.86315340383725,-0.13758063,-1.0,-1.0,0.06364751,-50.97217798233032,1.0,160000
79692,18252,22.2802734375,96.8235707750703,0.9615411162376404,71.86278872630025,-1.0,-1.0,-0.4302681,0.078647375,-20.0,1.0,160000
62947,1507,1.839599609375,96.82254278878004,0.961463987827301,71.86184095655244,-0.3887403,-1.0,-0.89820886,-0.952401,-26.95136904716492,1.0,160000
113754,52314,63.85986328124999,96.82222575528478,0.9614402055740356,71.86154865882231,-1.0,-0.6140298,-0.9911351,-0.68163705,-34.2282497882843,1.0,160000
118640,57200,69.82421875,96.82221065777183,0.9614390730857848,71.86153473921823,-1.0,-0.922034,-0.82621074,-0.49044108,-45.962889194488525,1.0,160000
76614,15174,18.52294921875,96.82208192909891,0.9614294171333312,71.8614160538244,-0.282969,-1.0,-0.7916816,1.0,-44.386884570121765,1.0,160000
89320,27880,34.033203125,96.82201438447947,0.9614243507385254,71.86135377886703,-1.0,-1.0,-0.27656737,0.37131566,-24.47105050086975,1.0,160000
129921,68481,83.594970703125,96.82174975658369,0.9614045023918152,71.8611097959149,-0.18537152,-0.20766348,1.0,-0.64469194,-46.24859094619751,1.0,160000
87677,26237,32.027587890625,96.82116162661336,0.9613603949546814,71.86056754512322,-0.21458125,-1.0,-1.0,-0.723312,-35.13740450143814,1.0,160000
140350,78910,96.32568359375,96.81880180607844,0.961183488368988,71.85839175844836,-0.9732656,-0.1329543,0.3997743,1.0,-50.206031799316406,1.0,113233
127959,66519,81.199951171875,96.81864193886932,0.9611715078353882,71.85824435567336,-1.0,-0.16767019,-0.052111328,0.007154107,-26.915981769561768,1.0,160000
115743,54303,66.287841796875,96.81830707018756,0.9611464142799376,71.85793559459341,-1.0,-0.64700675,-0.41932487,0.36988133,-20.0,1.0,160000
86018,24578,30.002441406250004,96.818296729341,0.9611456394195556,71.85792605993068,-0.6842784,-1.0,-1.0,0.7913721,-60.0,1.0,160000
89120,27680,33.7890625,96.81823468365342,0.9611409902572632,71.8578688513597,-0.0023024082,-0.7384076,-0.8934162,0.10023749,-29.251281023025516,1.0,153731
62392,952,1.162109375,96.817673043201,0.9610989093780518,71.85735099407836,-1.0,-0.3195182,-1.0,-0.68816346,-20.0,1.0,115409
74319,12879,15.721435546875002,96.81747095902398,0.9610837697982788,71.8571646623893,-1.0,-0.79166836,-0.048101366,-0.044150293,-35.26940166950226,1.0,140565
141541,80101,97.779541015625,96.816874984991,0.961039125919342,71.85661514103525,-0.8615495,-0.4004991,-0.61603034,0.4930609,-20.0,1.0,160000
138227,76787,93.734130859375,96.81607277465174,0.9609790444374084,71.8558754498572,-1.0,-1.0,-0.05933535,-0.6198728,-27.1175229549408,1.0,160000
108925,47485,57.965087890625,96.81598283346526,0.9609723091125488,71.85579251751079,-1.0,-1.0,-0.37788647,0.40231556,-30.491493940353397,1.0,160000
85923,24483,29.886474609375004,96.81555777203748,0.9609404802322388,71.85540057816895,-1.0,-1.0,-0.9156689,0.6120198,-53.33858251571655,1.0,160000
122938,61498,75.07080078125,96.81543199542256,0.9609310626983644,71.8552846019321,-1.0,-0.904375,-0.20198035,-0.32625788,-54.68717932701111,1.0,160000
141549,80109,97.789306640625,96.81521227410109,0.9609146118164062,71.85508200048882,-1.0,-1.0,-1.0,0.7053255,-36.71098232269287,1.0,160000
63447,2007,2.449951171875,96.8151143506075,0.9609072804450988,71.8549917066006,-1.0,-1.0,-0.40165704,-0.5888614,-20.0,1.0,160000
127139,65699,80.198974609375,96.81508489343908,0.9609050750732422,71.85496454452812,-1.0,-1.0,-0.8123878,-0.10939741,-32.8437602519989,1.0,160000
125937,64497,78.731689453125,96.8147775695158,0.9608820676803588,71.85468116435213,-0.077002525,-1.0,-0.15950388,0.12949449,-44.927958250045776,1.0,160000
109997,48557,59.273681640625,96.81458488189624,0.9608676433563232,71.85450348838987,-0.4226073,-0.8499845,-0.20384163,0.8300282,-53.70551943778992,1.0,160000
130555,69115,84.368896484375,96.81448614550402,0.9608602523803712,71.85441244400853,-1.0,-1.0,-1.0,-0.13705802,-20.0,1.0,139248
63735,2295,2.801513671875,96.81443598003612,0.9608564972877502,71.85436618660107,-1.0,-1.0,-0.77901065,-0.7418233,-48.90128076076508,1.0,160000
135002,73562,89.79736328125,96.8144112951908,0.9608546495437622,71.85434342477525,-1.0,-1.0,-1.0,0.6283304,-20.0,1.0,160000
121152,59712,72.890625,96.81394065902433,0.9608194231987,71.85390945075196,-1.0,-1.0,-0.77268577,0.6921708,-31.38585388660431,1.0,143835
137424,75984,92.75390625,96.8139318987306,0.9608187675476074,71.85390137284591,-1.0,-0.8098935,-1.0,0.06413931,-20.0,1.0,160000
141543,80103,97.781982421875,96.8133640281302,0.9607762694358826,71.85337773436609,-1.0,-0.73361844,1.0,-0.6039836,-20.0,1.0,160000
114542,53102,64.82177734375,96.81333216744764,0.9607738852500916,71.85334835520686,-1.0,-1.0,-1.0,1.0,-31.83735966682434,1.0,81189
87647,26207,31.990966796875,96.81323021141812,0.9607662558555604,71.85325434009346,-1.0,-1.0,-0.75498176,0.2643624,-32.49682009220123,1.0,160000
105419,43979,53.68530273437499,96.8131306422693,0.9607588052749634,71.85316252580637,-0.940648,-1.0,-1.0,1.0,-60.0,1.0,108474
94809,33369,40.733642578125,96.81272915225652,0.9607287645339966,71.85279230400621,-0.71624213,-1.0,-1.0,-0.22077233,-20.0,1.0,105455
109196,47756,58.29589843750001,96.81256025851005,0.9607161283493042,71.852636563054,-1.0,-0.48878402,-1.0,-0.4229424,-48.73719334602356,1.0,122988
95817,34377,41.964111328125,96.81202883022272,0.960676372051239,71.8521465175638,-0.8221272,-0.3950745,-1.0,-0.9923338,-20.0,1.0,135859
100090,38650,47.18017578125,96.81142480550712,0.9606311917304992,71.85158952365323,-0.24685025,-1.0,-0.3750953,-0.8902565,-46.08159303665161,1.0,160000
127883,66443,81.107177734375,96.81137300460004,0.9606273174285888,71.8515417558337,-0.34930205,0.09952855,-1.0,0.012278557,-33.33049416542053,1.0,160000
87366,25926,31.64794921875,96.81102870936844,0.960601568222046,71.85122426553588,-1.0,-0.8278536,0.1659559,-0.8848753,-35.16045689582825,1.0,160000
139554,78114,95.35400390625,96.81100240772074,0.9605996012687684,71.85120001151682,-1.0,-1.0,-1.0,1.0,-23.41940402984619,1.0,160000
139553,78113,95.352783203125,96.81100240772074,0.9605996012687684,71.85120001151682,-1.0,-1.0,-1.0,1.0,-31.683940291404724,1.0,160000
113756,52316,63.86230468750001,96.81100240772074,0.9605996012687684,71.85120001151682,-1.0,-1.0,-1.0,1.0,-20.0,1.0,160000
142440,81000,98.876953125,96.81076409032865,0.9605817794799804,71.85098024707236,-0.86211044,-1.0,-1.0,-0.649665,-35.03666162490845,1.0,160000
93306,31866,38.89892578125,96.81067720826336,0.9605752825737,71.85090012854184,-1.0,-1.0,-0.23257989,1.0,-20.0,1.0,160000
95393,33953,41.446533203125,96.81053612019578,0.9605647325515748,71.85077002355932,-0.489349,-1.0,-1.0,0.7151621,-43.22636842727661,1.0,155926
105500,44060,53.7841796875,96.81027465463733,0.9605451822280884,71.85052891115537,-0.938783,0.0068444014,-1.0,-0.030962229,-60.0,1.0,160000
83915,22475,27.435302734375,96.8102316067068,0.9605419635772704,71.8504892140888,-0.3389088,-1.0,-0.09865093,-0.9675891,-22.946611642837524,1.0,160000
71710,10270,12.53662109375,96.80966237030876,0.9604994058609008,71.84996428461409,-0.9804072,-1.0,-1.0,-0.9077431,-20.0,1.0,160000
88322,26882,32.81494140625,96.80927804636327,0.9604706764221193,71.84960987205454,-1.0,-1.0,-0.39891607,0.70818067,-22.463011741638184,1.0,160000
131370,69930,85.36376953125,96.80915604307228,0.9604615569114684,71.84949736364366,-1.0,-1.0,-1.0,-0.9425143,-21.772301197052,1.0,160000
126172,64732,79.0185546875,96.8091544482314,0.960461437702179,71.84949589291945,-1.0,-1.0,-1.0,1.0,-32.23585069179535,1.0,160000
126174,64734,79.02099609375,96.8091544482314,0.960461437702179,71.84949589291945,-1.0,-0.5155312,-1.0,1.0,-29.36894178390503,1.0,160000
74572,13132,16.0302734375,96.8091544482314,0.960461437702179,71.84949589291945,-0.43009806,-1.0,-1.0,1.0,-52.68824338912964,1.0,160000
126180,64740,79.0283203125,96.8091544482314,0.960461437702179,71.84949589291945,-1.0,-0.2540558,-1.0,1.0,-20.0,1.0,160000
100372,38932,47.5244140625,96.8091544482314,0.960461437702179,71.84949589291945,-1.0,-1.0,-1.0,1.0,-35.33888012170792,1.0,160000
71737,10297,12.569580078125,96.80904599743847,0.9604533314704896,71.8493958820967,-1.0,-1.0,-0.7782032,0.057252645,-23.34092378616333,1.0,160000
104594,43154,52.67822265624999,96.8089136193698,0.9604434370994568,71.84927380585286,-1.0,-1.0,-1.0,0.40876657,-45.09765684604645,1.0,160000
126178,64738,79.02587890625,96.808316264264,0.96039879322052,71.848722934397,-1.0,-1.0,-0.97964144,1.0,-39.815391302108765,1.0,131394
79696,18256,22.28515625,96.80800837739378,0.9603757858276368,71.84843900389636,-1.0,-1.0,-0.4207834,0.0937466,-36.65989518165589,1.0,160000
120353,58913,71.915283203125,96.80799242400845,0.9603745937347412,71.84842429178934,-1.0,-1.0,-1.0,-0.32693827,-37.825361490249634,1.0,160000
111913,50473,61.612548828125,96.80795573096133,0.9603718519210817,71.84839045368817,-1.0,-0.20122087,-1.0,-0.8890139,-20.0,1.0,160000
72518,11078,13.52294921875,96.8079142514266,0.9603687524795532,71.84835220149351,-0.52389586,-1.0,-1.0,-0.64984095,-23.982295989990234,1.0,160000
79617,18177,22.188720703125,96.8077906077487,0.960359513759613,71.84823817783327,-0.9566538,-1.0,-1.0,0.93109196,-55.58202028274536,1.0,160000
104434,42994,52.48291015624999,96.80768211699156,0.9603514075279236,71.84813812794206,0.00033318996,-0.6240746,-0.22574276,-0.78679836,-30.699695944786072,1.0,160000
126175,64735,79.022216796875,96.80766616220032,0.960350215435028,71.84812341446064,-0.5407606,-1.0,-1.0,0.998218,-20.0,1.0,129605
65978,4538,5.53955078125,96.80723934601608,0.9603183269500732,71.84772980388603,-1.0,-1.0,-1.0,0.32000655,-30.642199516296387,1.0,127365
79426,17986,21.95556640625,96.807131636962,0.9603102803230286,71.84763047399179,-0.17122364,-0.11948323,-1.0,-0.4248324,-20.0,1.0,160000
73474,12034,14.689941406250002,96.80707259511416,0.9603058695793152,71.84757602519466,-1.0,-0.7037497,-1.0,-0.9326649,-20.0,1.0,160000
63494,2054,2.50732421875,96.80699919042304,0.9603003859519958,71.84750833081226,-0.53069216,-0.65891814,-1.0,-0.32370752,-60.0,1.0,160000
110464,49024,59.84374999999999,96.80689945345682,0.9602929353713988,71.8474163524699,-1.0,-0.22734463,-0.76946217,-0.112305164,-20.0,1.0,160000
105415,43975,53.680419921875,96.80672869753474,0.960280179977417,71.84725887945163,-0.9157788,-1.0,-0.78240335,0.92527425,-40.06319761276245,1.0,160000
105561,44121,53.85864257812501,96.8066959817164,0.9602777361869812,71.84722870850881,-1.0,-1.0,-1.0,-0.93240106,-20.0,2.9206294417381287,142513
84426,22986,28.05908203125,96.806672841085,0.9602760076522828,71.84720736791525,-1.0,-1.0,-0.26608765,-0.6271427,-60.0,1.0,160000
67503,6063,7.401123046874999,96.8065252164124,0.9602649807929992,71.84707122631887,-1.0,-1.0,0.013673902,1.0,-20.0,1.0,160000
120461,59021,72.047119140625,96.80631933001648,0.9602496027946472,71.84688135437916,-1.0,-1.0,-0.7211578,0.35353673,-60.0,1.0,160000
84664,23224,28.349609375,96.80596897763368,0.9602234363555908,71.84655825198996,-0.7460356,-1.0,0.13568944,-0.23142594,-37.52323508262634,1.0,160000
139153,77713,94.864501953125,96.80589395482038,0.960217833518982,71.84648906412376,-1.0,-1.0,-0.35916704,1.0,-20.0,1.0,160000
123055,61615,75.213623046875,96.80569362050096,0.9602028727531432,71.84630431052139,-1.0,-0.85538024,-1.0,-0.4217813,-20.0,1.0,160000
141095,79655,97.235107421875,96.80509015764594,0.9601578116416932,71.84574777750801,-1.0,-1.0,-1.0,-0.1376909,-27.632203102111816,1.0,160000
63511,2071,2.528076171875,96.80473250364152,0.9601311087608336,71.84541793481945,-1.0,-0.21133941,-1.0,-0.9060857,-27.080092430114743,1.0,101243
129081,67641,82.569580078125,96.8037759289044,0.9600597023963928,71.84453573432053,-1.0,-1.0,-0.09608677,0.14628738,-20.0,1.0,160000
107507,46067,56.234130859375,96.80308269710834,0.9600079655647278,71.8438963931581,-1.0,0.1681974,-1.0,-0.19277155,-37.57294654846192,1.0,160000
132106,70666,86.26220703125,96.8021832193443,0.9599408507347108,71.84306682853905,-1.0,0.24096072,-1.0,1.0,-60.0,1.0,150264
80655,19215,23.455810546875,96.80109652536544,0.9598597884178162,71.84206458324222,-1.0,-1.0,-1.0,-0.73620075,-37.62464046478272,1.0,138412
109962,48522,59.23095703125,96.8009446824721,0.9598484635353088,71.84192453889429,-0.74547136,-0.9048631,-1.0,0.54570055,-20.0,1.0,160000
72694,11254,13.737792968750002,96.80020695722835,0.9597934484481812,71.84124413172299,-1.0,-0.4357273,-0.27408934,-0.34876394,-25.180470943450928,1.0,160000
107588,46148,56.3330078125,96.80000311777891,0.9597782492637634,71.8410561282899,-1.0,-1.0,-1.0,-0.8756659,-44.47438180446625,1.0,160000
109756,48316,58.97949218750001,96.79980886035268,0.959763765335083,71.84087696188907,-1.0,-1.0,0.47186756,1.0,-20.0,1.0,116505
78952,17512,21.376953125,96.79970892973148,0.959756314754486,71.84078479422972,-1.0,-0.90007794,-1.0,-0.03173381,-20.0,1.0,125298
90797,29357,35.836181640625,96.79931877482178,0.9597272276878356,71.84042494650005,-1.0,-0.80981416,0.97765994,1.0,-55.88953495025635,1.0,106248
114124,52684,64.3115234375,96.7987718492998,0.9596864581108092,71.83992050226001,-0.34909248,-0.6301726,0.18162382,0.4332444,-35.98549485206604,1.0,120019
77917,16477,20.113525390625,96.79855113722928,0.9596700072288512,71.83971693227043,-1.0,-1.0,-1.0,-0.7161854,-46.99635028839111,1.0,160000
106256,44816,54.70703125000001,96.7981120731113,0.9596372842788696,71.83931196686099,-1.0,-1.0,-1.0,-0.52440655,-21.49593710899353,1.0,160000
110584,49144,59.99023437499999,96.7981104735114,0.95963716506958,71.83931049148435,-0.9460075,-0.72873366,-0.34984946,0.019298434,-35.99672377109528,1.0,160000
67501,6061,7.398681640625,96.79794891036777,0.9596251249313354,71.83916147497212,-1.0,-0.4225525,0.22537571,0.9636073,-35.5428022146225,1.0,160000
77004,15564,18.9990234375,96.79782653360364,0.9596160054206848,71.83904860145437,-1.0,-1.0,-0.44340718,0.066143274,-46.59104764461517,1.0,160000
61843,403,0.4919433593749999,96.79768655523456,0.9596055746078492,71.8389194929222,-1.0,-1.0,-1.0,0.28155708,-20.0,1.0,143610
99159,37719,46.043701171875,96.79754817143034,0.959595263004303,71.83879185484437,-1.0,-0.29376972,-1.0,-0.44058537,-44.31318819522858,1.0,160000
91377,29937,36.544189453125,96.79713378907786,0.9595643877983092,71.83840964824752,-1.0,-0.8093779,-1.0,-0.60629416,-20.0,1.0,93575
108184,46744,57.06054687499999,96.79667615483028,0.9595302939414978,71.83798754518773,-1.0,-1.0,0.73389304,-0.77959466,-26.12252116203308,1.0,160000
65766,4326,5.28076171875,96.79657293931226,0.9595226049423218,71.83789234299668,0.07777321,-1.0,-1.0,-0.33947796,-20.0,1.0,160000
113757,52317,63.863525390625,96.7964577186012,0.959514021873474,71.83778606747065,-1.0,-0.05688721,-0.75052595,1.0,-20.0,1.0,160000
93303,31863,38.895263671875,96.79634729539852,0.9595057964324952,71.83768421681202,-0.97707516,-1.0,0.20777595,1.0,-20.0,1.0,159885
131211,69771,85.169677734375,96.79592877766218,0.9594746232032776,71.8372981884423,-1.0,-0.1171419,-1.0,0.92484224,-60.0,1.0,160000
89947,28507,34.798583984375,96.79557103965384,0.959447979927063,71.83696821942908,-1.0,-0.9849415,0.044967175,-0.10784149,-60.0,1.0,160000
108881,47441,57.91137695312501,96.79523888068144,0.9594232439994812,71.83666184220506,-1.0,-1.0,-0.21578458,-0.9140743,-60.0,1.0,160000
105613,44173,53.922119140625,96.79510921056468,0.9594135880470276,71.83654223646928,-1.0,-1.0,-0.7137091,-0.9482393,-33.65844964981079,1.0,157528
131653,70213,85.709228515625,96.79490749249771,0.9593985676765442,71.83635617430737,-0.73811245,-1.0,0.28152215,-0.23623025,-20.0,1.0,120331
84488,23048,28.134765625000004,96.79441675956733,0.9593620300292968,71.83590352601064,-1.0,-1.0,0.023218334,-0.6061918,-20.0,1.0,160000
108929,47489,57.96997070312499,96.79409410537778,0.9593380093574524,71.83560591030685,-1.0,-1.0,-1.0,0.5325929,-44.958049058914185,1.0,160000
93478,32038,39.10888671875,96.79394998279244,0.9593272805213928,71.83547297136684,-1.0,-1.0,-1.0,-0.31599844,-20.0,1.0,160000
133937,72497,88.497314453125,96.7933678308034,0.9592839479446412,71.83493599015141,-1.0,-1.0,-0.96509516,-0.20979655,-30.554850697517395,1.0,160000
134781,73341,89.527587890625,96.79322448090352,0.9592732787132264,71.8348037623919,-1.0,-1.0,0.24603742,-0.98314786,-24.08734560012817,1.0,160000
78012,16572,20.2294921875,96.792470000934,0.959217131137848,71.83410781550137,-1.0,-0.90683484,-1.0,-0.9178272,-46.52095675468445,1.0,160000
109201,47761,58.30200195312501,96.79191565692932,0.9591758847236632,71.83359647250201,-0.45187378,-1.0,0.10323089,0.36518657,-31.508277654647827,1.0,160000
65031,3591,4.383544921875,96.7916905312152,0.9591591358184814,71.83338880870669,-1.0,-1.0,0.37161654,-0.5550081,-31.792743802070618,1.0,160000
102706,41266,50.37353515625001,96.79168011581672,0.9591583609580994,71.83337920116234,-1.0,0.023948193,-0.88746595,0.25360602,-20.0,1.0,159110
100063,38623,47.147216796875,96.79137004405376,0.9591352939605712,71.8330931788951,-1.0,-1.0,0.54561734,-0.051876307,-34.26959037780762,1.0,143412
110228,48788,59.5556640625,96.79104632398284,0.959111213684082,71.83279456537474,-1.0,-0.83089507,-1.0,-0.4398538,-33.84518384933472,1.0,160000
119103,57663,70.389404296875,96.79103750942843,0.9591105580329896,71.83278643442334,-1.0,-1.0,0.23012996,1.0,-25.24402379989624,1.0,160000
114134,52694,64.32373046875,96.79087643980095,0.9590985774993896,71.83263785616957,-1.0,-1.0,-1.0,-0.1266228,-20.0,1.0,160000
114132,52692,64.3212890625,96.79060476925224,0.9590783715248108,71.83238725351511,-1.0,-1.0,-1.0,-0.12471676,-20.0,1.0,160000
63906,2466,3.01025390625,96.7905326409944,0.959073007106781,71.83232071857809,-1.0,-0.94420874,0.7495238,-0.77234894,-27.69600510597229,1.0,160000
70368,8928,10.8984375,96.78836413325008,0.9589117765426636,71.83032033580086,-1.0,-1.0,-1.0,-0.93764627,-53.965489864349365,1.0,138586
92715,31275,38.177490234375,96.78781078105904,0.9588706493377686,71.82980987398604,-0.24057806,0.2812482,-1.0,-0.32488608,-33.295575976371765,1.0,160000
72001,10561,12.891845703124998,96.78771213137654,0.9588633179664612,71.82971887017248,-1.0,-1.0,-0.85937923,-0.5182071,-38.84528398513794,1.0,151156
121159,59719,72.899169921875,96.787485146976,0.9588464498519896,71.82950947770868,-1.0,-0.7632551,-1.0,0.7381935,-21.110258102416992,1.0,160000
79079,17639,21.531982421875,96.78664606683822,0.9587841033935548,71.82873542204425,-1.0,-1.0,0.20056176,-0.38114983,-47.70365595817566,1.0,160000
82584,21144,25.810546875,96.78630027229968,0.9587584137916564,71.82841642180271,-1.0,-0.7438103,-1.0,-0.93093115,-39.74695920944214,1.0,123246
64339,2899,3.538818359375,96.78559093197438,0.958705723285675,71.82776204000825,-1.0,-0.35839182,1.0,-0.9632526,-43.519256711006165,1.0,160000
84800,23360,28.515625,96.78518083312385,0.9586752653121948,71.82738371155037,-1.0,-1.0,-0.08071712,0.05126208,-50.3378689289093,1.107797086238861,160000
86016,24576,30.0,96.78512625687854,0.95867121219635,71.8273333631438,-1.0,-1.0,-1.0,0.81315804,-43.677412271499634,1.0,89674
141309,79869,97.496337890625,96.78512465168276,0.9586710929870604,71.82733188229648,-0.9693038,-0.9444479,-1.0,-0.81263876,-49.194090366363525,1.0,146871
118294,56854,69.40185546875,96.78507890331196,0.9586676955223083,71.82728967786353,-1.0,0.2898963,-1.0,-0.7945552,-43.00847053527832,1.0,160000
67435,5995,7.318115234375,96.78426737831536,0.9586074352264404,71.82654101322,-0.3104987,-1.0,-1.0,-0.6066106,-22.461649179458615,1.0,147249
75388,13948,17.0263671875,96.78357451236388,0.9585559964179992,71.8259018086388,-1.0,-1.0,0.1942485,-0.89373875,-44.272833466529846,1.0,156192
82406,20966,25.59326171875,96.78224140675027,0.958457052707672,71.82467192998064,-1.0,-1.0,-0.26835883,-0.014772594,-21.667184829711918,1.0,154354
107582,46142,56.32568359375,96.78199641681525,0.9584388732910156,71.8244459076029,-1.0,-1.0,-1.0,-0.86856353,-20.0,1.0,160000
133987,72547,88.558349609375,96.7819152854522,0.9584328532218932,71.8243710573791,-1.0,-0.12224382,-0.13440752,-0.29441452,-20.0,1.0,160000
131898,70458,86.00830078125,96.78143890430894,0.9583975076675416,71.8239315554037,-1.0,-1.0,-0.8628784,-0.42079425,-23.176393508911133,1.0,160000
66494,5054,6.16943359375,96.78123965771896,0.9583827257156372,71.82374773254529,-1.0,-0.4821968,-1.0,-0.90871984,-20.0,1.0,160000
100978,39538,48.26416015625,96.78105807695763,0.958369255065918,71.82358020748845,-0.85498226,0.12048459,-1.0,1.0,-42.35853672027588,1.0,160000
69780,8340,10.1806640625,96.78102433088613,0.9583667516708374,71.82354907356076,-1.0,-0.037557602,-1.0,1.0,-60.0,1.0,146394
69777,8337,10.177001953125,96.78102433088613,0.9583667516708374,71.82354907356076,-0.75618017,-1.0,-1.0,1.0,-21.73563838005066,1.0,160000
140344,78904,96.318359375,96.78095201684737,0.9583613872528076,71.82348235699605,-1.0,-0.9218258,0.8023525,1.0,-40.56236565113068,1.0,102141
64995,3555,4.339599609375,96.78085398891152,0.958354115486145,71.82339191679733,-1.0,-0.60947764,-1.0,0.8810847,-38.49073946475983,1.0,69867
67504,6064,7.40234375,96.7804176529877,0.958321750164032,71.8229893532214,0.014214039,-1.0,-1.0,1.0,-36.98733627796173,1.0,102149
116522,55082,67.23876953125,96.779623599575,0.958262860774994,71.82225675223681,-1.0,-0.10882425,-0.8778299,-0.62356144,-37.7171915769577,1.0,160000
89710,28270,34.50927734375,96.77944033247353,0.9582492709159852,71.8220876670012,-1.0,-0.34017128,0.43582064,-0.91305256,-35.80327093601227,1.0,122809
102752,41312,50.4296875,96.77923374428896,0.9582339525222778,71.82189706475747,-0.5174756,-1.0,-1.0,-0.080289006,-54.358177185058594,1.0,160000
126863,65423,79.862060546875,96.77901508596736,0.9582177400588988,71.82169532568659,-1.0,-0.040044904,-1.0,-0.7111383,-20.0,1.0,123665
120192,58752,71.71875,96.7786959182824,0.9581940770149232,71.82140085315717,-1.0,-1.0,-1.0,0.13735676,-20.0,1.0,160000
87551,26111,31.873779296875,96.77865813088005,0.9581912755966188,71.82136598940302,-0.28243923,-1.0,0.38342685,0.4640614,-60.0,1.0,144382
95969,34529,42.149658203125,96.77864285501305,0.958190143108368,71.82135189543878,-1.0,-1.0,-0.058052897,0.7601539,-43.11328053474426,1.0,125666
96071,34631,42.274169921875,96.7786090870851,0.9581876397132874,71.82132074014297,-1.0,-1.0,-1.0,1.0,-20.926709175109863,1.0,160000
121878,60438,73.77685546875,96.7786090870851,0.9581876397132874,71.82132074014297,-1.0,-0.21529353,-1.0,1.0,-36.36650860309601,1.0,160000
133990,72550,88.56201171875,96.77834938542748,0.9581683874130248,71.82108113109858,-1.0,-0.7374717,-0.66714114,-0.038152218,-30.191071033477783,1.0,160000
105883,44443,54.251708984375,96.77796824253076,0.9581401348114014,71.82072947468723,-1.0,-1.0,-0.45922148,-0.8814242,-53.151700496673584,1.0,160000
90329,28889,35.264892578125,96.77654786107615,0.958034873008728,71.81941895981815,-1.0,-1.0,-1.0,-0.49909794,-33.430505990982056,1.0,159834
110065,48625,59.356689453125,96.77589781209416,0.9579867124557496,71.81881918224572,-1.0,-1.0,-1.0,-0.231246,-20.0,1.0,160000
86069,24629,30.064697265625,96.77583183545116,0.957981824874878,71.81875830754545,-1.0,-1.0,-1.0,-0.8652575,-20.0,1.0,160000
79611,18171,22.181396484375,96.77581815722075,0.9579808115959167,71.81874568703813,-1.0,-1.0,-1.0,1.0,-49.943193793296814,1.0,160000
88340,26900,32.8369140625,96.77553331680323,0.9579597115516664,71.81848287240268,-1.0,-0.97322005,-0.8530743,-0.09689629,-60.0,1.0,160000
78791,17351,21.180419921875,96.7753160510323,0.9579436182975768,71.8182824062832,-1.0,-1.0,-1.0,0.48912883,-60.0,1.0,160000
134865,73425,89.630126953125,96.77511567250686,0.9579287767410278,71.81809752101981,-0.11968446,-0.49522102,-0.023267508,0.15203142,-20.0,1.0,120207
69290,7850,9.58251953125,96.77425851049372,0.957865297794342,71.81730662807755,-0.6789957,-1.0,-1.0,-0.56819004,-20.0,1.0,160000
131771,70331,85.853271484375,96.77306942594076,0.9577772617340088,71.81620945635024,-1.0,-0.73781186,-1.0,-0.13717759,-28.217573165893555,1.094466507434845,140518
99484,38044,46.4404296875,96.77281255974545,0.9577582478523254,71.81597244244328,-0.88624483,-1.0,-0.87612754,-0.12107313,-20.0,1.0,160000
87716,26276,32.0751953125,96.77220212975026,0.9577130675315856,71.81540918655125,-1.0,-1.0,-0.81767154,-0.9731606,-24.85344171524048,1.0,160000
141827,80387,98.128662109375,96.77172209102982,0.9576775431632996,71.81496624143256,-0.95325434,-1.0,-0.11671674,-0.9834337,-49.17601704597473,1.0,146197
65040,3600,4.39453125,96.77168664948611,0.9576749205589294,71.81493353839723,-1.0,-1.0,0.016901374,-0.28477854,-60.0,1.0,160000
121030,59590,72.74169921875,96.77096888592952,0.9576218128204346,71.81427123124854,-1.0,0.063589096,0.9749274,-0.82051,-27.940564155578613,1.0,150181
67856,6416,7.83203125,96.7691839494938,0.9574897885322572,71.81262417115188,-0.88073635,-1.0,-0.534252,-0.9545812,-40.63655436038971,1.0,151194
134338,72898,88.98681640625,96.76914687180648,0.9574870467185974,71.81258995701215,0.16030443,0.5499507,-1.0,0.026301146,-43.461036682128906,1.0,160000
83397,21957,26.802978515625,96.76856244667133,0.9574438333511353,71.81205066496024,-1.0,-0.99176675,-1.0,-0.37641722,-39.38159167766571,1.0,128794
125286,63846,77.93701171875,96.76756669844656,0.9573702216148376,71.81113180329905,-1.0,-1.0,-0.9878664,-0.11555916,-35.36053478717804,1.0,160000
128111,66671,81.385498046875,96.76749251064598,0.9573647379875184,71.81106334331712,-0.9362786,-1.0,0.11053157,-0.32508898,-20.75551748275757,1.0,160000
135862,74422,90.84716796875,96.76740138666108,0.9573580026626588,71.81097925463263,-1.0,-0.77042025,-0.06441164,-0.16346753,-30.247358083724976,1.0,121769
115133,53693,65.543212890625,96.76705622437156,0.9573324918746948,71.81066073977048,-1.0,-1.0,-0.85504717,-0.9508343,-20.0,1.0,160000
109130,47690,58.21533203125,96.76607217585904,0.9572597742080688,71.80975265277506,-1.0,-0.14844298,-1.0,-0.68039536,-20.0,1.0,160000
79109,17669,21.568603515625,96.76580756787271,0.9572402238845824,71.80950846821365,-1.0,-1.0,-0.103998065,-0.5239672,-44.373705983161926,1.0,160000
131212,69772,85.1708984375,96.7656639618082,0.9572296142578124,71.80937594576773,-0.5711339,-1.0,-0.5562099,1.0,-20.0,1.0,160000
85256,23816,29.072265625,96.76532267361432,0.9572044014930724,71.80906099722777,-1.0,-0.66292715,-0.43045232,0.039901316,-36.95487082004547,1.0,160000
119106,57666,70.39306640625,96.7652306899146,0.957197606563568,71.80897611227687,-1.0,-1.0,-1.0,0.92018676,-41.52019202709198,1.0,160000
142572,81132,99.0380859375,96.76388375756662,0.957098126411438,71.80773311387223,-1.0,-0.22554463,-0.60561967,0.16189587,-37.859715819358826,1.0,160000
133624,72184,88.115234375,96.76282459468248,0.9570199251174928,71.80675566098904,-1.0,-0.20954585,-1.0,-0.8156761,-40.67280292510986,1.0,160000
119279,57839,70.604248046875,96.76275838706025,0.9570150375366212,71.80669456046355,-1.0,-1.0,-1.0,-0.5488148,-20.0,1.3199118375778198,160000
82797,21357,26.070556640625,96.7627228605368,0.957012414932251,71.80666177434424,-0.9094787,-1.0,-1.0,0.15754211,-28.81909728050232,1.0,160000
98945,37505,45.782470703125,96.76091783149484,0.956879198551178,71.80499595525568,-1.0,-0.5650318,-0.5802507,-0.25585258,-31.24186396598816,1.0,154576
120354,58914,71.91650390625,96.76071102547569,0.9568639397621156,71.80480509577473,-0.5956189,-0.32578152,-1.0,-0.24472117,-35.787418484687805,1.0,160000
76414,14974,18.27880859375,96.7600574111531,0.9568157196044922,71.80420187667617,-0.29470658,-1.0,-0.5986093,-0.5354091,-60.0,1.0,151439
97026,35586,43.43994140625,96.75994348154622,0.9568073153495787,71.80409673067479,-1.0,-1.0,-0.24093848,-0.35616094,-31.98773562908173,1.0,160000
82950,21510,26.25732421875,96.75953783172604,0.9567773938179016,71.80372235360831,-1.0,-1.0,-0.17326307,-0.46916407,-20.0,1.0,160000
121378,59938,73.16650390625,96.7584475314422,0.9566969871520996,71.80271609590855,-1.0,-1.0,-0.98667556,1.0,-58.22101354598999,1.0,160000
65964,4524,5.5224609375,96.75821391217649,0.9566797614097596,71.8025004822367,-1.0,-0.10608876,-0.45183963,-0.62326497,-20.0,1.0,160000
134002,72562,88.57666015625,96.75729788732856,0.956612229347229,71.80165504992019,-1.0,-0.7192073,-0.633998,0.0473603,-60.0,1.0,160000
105416,43976,53.68164062500001,96.75726230903707,0.9566096067428588,71.80162221318676,-1.0,0.24752194,0.33834475,1.0,-47.2711843252182,1.0,160000
111622,50182,61.25732421875,96.7569703925909,0.956588089466095,71.80135279026207,-1.0,-1.0,-0.8673469,0.14827263,-20.0,1.0,160000
117776,56336,68.76953125,96.7561074486294,0.9565244913101196,71.80055633288015,-1.0,-1.0,-0.03462279,-0.8664044,-60.0,1.0,160000
65225,3785,4.620361328125,96.7558251492965,0.956503689289093,71.80029578128858,-0.47224456,-1.0,0.34190005,-0.41890955,-60.0,1.0,148358
108140,46700,57.0068359375,96.75453390529924,0.9564085602760316,71.79910399717305,-1.0,-0.52369636,-1.0,-0.17168319,-21.373937129974365,1.0,160000
133303,71863,87.723388671875,96.7545282409703,0.956408143043518,71.79909876909345,-1.0,-1.0,-0.538392,0.6397886,-30.666232705116272,1.0,160000
111724,50284,61.38183593749999,96.75306413010864,0.9563003182411194,71.79774740390587,-1.0,-0.673936,-1.0,1.0,-24.16695237159729,1.0,153952
137522,76082,92.87353515625,96.75306413010864,0.9563003182411194,71.79774740390587,-1.0,-1.0,-1.0,1.0,-23.645707368850708,1.0,139937
136384,74944,91.484375,96.75265368818692,0.9562700986862184,71.79736856296951,-1.0,-1.0,0.061422348,-0.06486511,-20.0,1.0,160000
85925,24485,29.888916015625,96.75258568164526,0.9562650918960572,71.79730579219049,-0.98259974,-1.0,-1.0,0.97513044,-20.0,1.0,160000
78437,16997,20.748291015625,96.75236627119698,0.956248939037323,71.79710327349669,-0.76956695,0.069820285,-0.7988235,-0.9528845,-39.40965294837952,1.317295789718628,132096
82794,21354,26.06689453125,96.75194927507312,0.9562182426452636,71.7967183787258,-1.0,-1.0,-1.0,0.2039395,-20.0,1.0,144681
95050,33610,41.02783203125,96.75189745096309,0.956214427947998,71.7966705439821,-1.0,-0.478302,-1.0,-0.38041228,-22.989208698272705,1.0,160000
97006,35566,43.41552734375,96.7517095825734,0.9562005996704102,71.79649713717882,-0.20445395,0.0028779507,-0.62840295,-0.34251708,-25.999324321746823,1.0,160000
129488,68048,83.06640625,96.75143829052573,0.9561806321144104,71.79624672753225,-1.0,-1.0,-1.0,-0.22974277,-26.652601957321167,1.0,160000
85930,24490,29.89501953125,96.75018361385176,0.9560883045196532,71.7950886142579,-1.0,-0.4878168,-1.0,1.0,-20.0,1.0,114295
80142,18702,22.82958984375,96.74983281268138,0.9560624957084656,71.79476480762283,-1.0,-1.0,-1.0,-0.2459051,-20.0,1.0,124106
109206,47766,58.30810546875001,96.74975098137293,0.9560564756393432,71.79468927306598,-1.0,-1.0,-1.0,0.752607,-48.34404468536377,1.0,160000
86112,24672,30.1171875,96.74963754889136,0.9560481309890748,71.79458456882057,-1.0,-1.0,-0.99191713,-0.8856356,-49.45907175540924,1.0,160000
113493,52053,63.541259765625,96.74873239716575,0.9559815526008606,71.79374905867925,-0.9873059,0.2091617,-0.5320152,0.27549034,-20.0,1.0,160000
84824,23384,28.544921875,96.74840334443392,0.9559573531150818,71.79344532002588,-0.99882966,-1.0,-1.0,-0.29412335,-52.98274874687195,1.0,160000
66914,5474,6.68212890625,96.74764625176756,0.9559016823768616,71.79274646464286,0.07169974,-0.9203613,-0.98629475,-0.2963581,-40.18470764160156,1.0,160000
92977,31537,38.497314453125,96.74742574217215,0.9558854699134828,71.79254291557923,-1.0,-1.0,-0.8658493,-0.056284845,-20.0,1.0,160000
113705,52265,63.800048828125,96.74740223119557,0.9558837413787842,71.7925212129116,-1.0,-1.0,-1.0,-0.053599358,-37.76478707790375,1.0,160000
133380,71940,87.8173828125,96.74675035113876,0.9558358192443848,71.79191946796388,-1.0,-1.0,1.0,-0.64771736,-20.048840045928955,1.0,160000
110743,49303,60.184326171875,96.74570499929231,0.9557589888572692,71.79095449966603,-0.6732299,-1.0,-1.0,0.5169199,-42.71913290023804,1.0,160000
111295,49855,60.858154296875,96.7450860855603,0.9557135105133056,71.79038317055158,-1.0,-1.0,-0.22853231,0.1858707,-20.0,1.0,160000
139921,78481,95.802001953125,96.7447818639279,0.9556911587715148,71.79010233668433,-0.9208641,-1.0,-1.0,0.9800367,-60.0,1.0,160000
97890,36450,44.49462890625,96.74471858274016,0.9556865096092224,71.79004392022046,-1.0,-0.9762162,-0.9284528,-0.54201406,-20.0,1.0,160000
87959,26519,32.371826171875,96.74464313070322,0.9556809663772584,71.78997426846216,-0.94058204,-1.0,-0.323462,1.0,-34.40164089202881,1.0,160000
68672,7232,8.828125,96.74392098635012,0.9556279182434082,71.78930763385343,-1.0,-0.22139561,-0.14504921,-0.62037647,-38.0223673582077,1.0,119590
93302,31862,38.89404296875,96.74324983594477,0.955578625202179,71.788688066613,-1.0,-0.31044555,-1.0,1.0,-33.21194350719452,1.0,160000
119102,57662,70.38818359375,96.74324983594477,0.955578625202179,71.788688066613,-1.0,-1.0,-1.0,1.0,-33.50843787193298,1.0,158648
67510,6070,7.40966796875,96.74324983594477,0.955578625202179,71.788688066613,-1.0,-1.0,-1.0,1.0,-25.085986852645878,1.0,160000
87321,25881,31.593017578125,96.74259561296716,0.95553058385849,71.7880841195102,-1.0,-0.2745741,0.0408895,-0.5443218,-26.338412761688232,1.0,114216
123448,62008,75.693359375,96.74225952870732,0.955505907535553,71.78777386031757,-1.0,-1.0,-0.5362908,-0.15288949,-60.0,1.0,160000
77883,16443,20.072021484375,96.74164167242807,0.9554605484008788,71.78720347649343,-0.46646088,-0.5907279,0.5320942,-0.7177357,-20.0,1.0,160000
79670,18230,22.25341796875,96.74137290174596,0.9554408192634584,71.78695535484923,-1.0,-0.62986726,-1.0,-0.58483607,-29.989827871322632,1.0,160000
61724,284,0.3466796875,96.74095224933504,0.9554099440574646,71.78656701810267,-0.8224578,-1.0,-0.36003834,-0.90376276,-41.58880472183228,1.0,160000
123254,61814,75.45654296875,96.74093681910686,0.955408811569214,71.78655277321795,-1.0,-1.0,-1.0,-0.0056976676,-20.0,1.0,147554
62412,972,1.1865234375,96.74053561100112,0.9553793668746948,71.78618238453512,-0.1695739,-1.0,-1.0,-0.5482423,-40.392529368400574,1.0,160000
111629,50189,61.26586914062499,96.73972088097042,0.9553195834159852,71.7854302320849,-1.0,-0.44591123,0.38808835,-0.9326862,-39.05233979225159,1.0,160000
128775,67335,82.196044921875,96.73966807584034,0.9553157091140748,71.78538148246655,-0.83362085,-1.0,-1.0,-0.7915659,-20.0,1.0,160000
139117,77677,94.820556640625,96.73932360576828,0.95529043674469,71.78506346721292,-1.0,-1.0,-1.0,-0.98622394,-24.64055895805359,1.0,160000
87956,26516,32.3681640625,96.7391221086862,0.9552756547927856,71.7848774440283,-0.58869356,-0.8511089,-0.35591686,1.0,-60.0,1.0,160000
136391,74951,91.492919921875,96.73883284405278,0.9552544355392456,71.78461039234367,-1.0,-0.17117405,-1.0,0.42112637,-40.42746961116791,1.0,158717
107342,45902,56.03271484375,96.73878571456667,0.9552509784698486,71.78456688186789,-1.0,-0.24283957,-0.12120408,-0.41662228,-23.877161741256717,1.0,160000
106537,45097,55.050048828125,96.73842491071248,0.9552245140075684,71.78423378259544,-1.0,-1.0,-1.0,-0.6842294,-20.0,1.0,160000
98534,37094,45.28076171875,96.73829650822088,0.9552150964736938,71.78411523912668,-1.0,-0.074976444,-0.30989358,-0.36731565,-20.0,1.0,84171
136989,75549,92.222900390625,96.73796410425176,0.9551907181739808,71.7838083567504,-1.0,-1.0,0.01715839,-0.6486243,-20.0,1.0,160000
126716,65276,79.6826171875,96.7377283966466,0.9551734328269958,71.78359074553484,-1.0,-1.0,0.5317848,-0.29833448,-41.29454135894776,1.0,160000
104649,43209,52.74536132812499,96.73759590625106,0.9551637172698976,71.78346842670203,-0.58885664,-0.5320492,-0.49603266,0.31183052,-25.825037956237797,1.0,160000
69298,7858,9.59228515625,96.73713174675176,0.9551296830177308,71.78303989968948,-1.0,-1.0,-1.0,-0.49077612,-25.808100700378414,1.0,160000
134284,72844,88.9208984375,96.73693582341495,0.9551153182983398,71.78285901601447,-1.0,-0.92627704,-1.0,-0.58887017,-49.99227046966553,1.0,160000
128807,67367,82.235107421875,96.73672119032356,0.9550995826721193,71.78266085816487,-1.0,-1.0,-1.0,-0.8364247,-60.0,1.0,160000
75102,13662,16.67724609375,96.73654313315323,0.9550865292549132,71.78249646816249,-1.0,-0.545181,-0.14546329,0.3579836,-54.88532662391663,1.0,160000
69554,8114,9.90478515625,96.73652849794364,0.9550854563713074,71.78248295629008,-0.3536266,0.19231755,0.02628678,-0.33864683,-20.0,1.0,160000
111060,49620,60.5712890625,96.73627318571138,0.955066740512848,71.78224724025384,-1.0,-0.70609117,-0.3082317,0.08542621,-20.0,1.0,160000
71481,10041,12.257080078125,96.7362089483855,0.9550620317459106,71.78218793324156,-1.0,-1.0,-0.74748206,0.5161782,-20.0,1.0,134881
126882,65442,79.88525390625,96.73518425588549,0.9549869298934937,71.7812418794088,-0.9555344,-1.0,-0.23398513,-0.88813543,-34.4124561548233,1.0,160000
139557,78117,95.357666015625,96.73457581476248,0.9549423456192015,71.78068012511847,-1.0,-1.0,-0.26762277,1.0,-57.629626989364624,1.0,160000
96733,35293,43.082275390625,96.73439602929984,0.9549291729927064,71.7805141339099,-1.0,-1.0,-1.0,-0.7220457,-48.29764485359192,1.0,160000
121197,59757,72.945556640625,96.734253659172,0.9549187421798706,71.78038268696893,-1.0,0.17873037,-0.010674,0.50124997,-33.07071685791016,1.0,133290
74813,13373,16.324462890625,96.73337084454944,0.9548540711402892,71.77956759876815,-1.0,-0.489312,-1.0,-0.3811462,-20.0,1.0,160000
97231,35791,43.690185546875,96.73322436686344,0.9548433423042296,71.77943235724551,-1.0,-1.0,0.93033236,-0.3556438,-50.84094047546387,1.0,160000
110625,49185,60.040283203125,96.7326807222312,0.9548035264015198,71.77893041236764,-1.0,-0.05003965,-0.96549153,-0.2957753,-48.78542125225067,1.0,136483
113759,52319,63.86596679687499,96.73261316810648,0.9547985792160034,71.77886803962126,-1.0,-1.0,-1.0,1.0,-24.25795793533325,1.0,95360
67299,5859,7.152099609375,96.73191395265378,0.9547473788261414,71.77822244989002,-0.7088836,-1.0,-1.0,-0.49634498,-28.81938099861145,1.0,108785
101965,40525,49.468994140625,96.73136442013262,0.954707145690918,71.77771505834124,-1.0,-1.0,-1.0,-0.29028273,-20.0,1.0,160000
65084,3644,4.4482421875,96.73112830013297,0.9546898603439332,71.77749704389733,-1.0,-1.0,-0.97628146,-0.89185613,-60.0,1.0,160000
62160,720,0.87890625,96.73107781739108,0.954686164855957,71.77745043204094,-0.02529478,-0.9214351,0.32183993,0.5661055,-29.78605389595032,1.0,160000
85704,24264,29.619140625,96.73052897761558,0.9546459913253784,71.77694367350354,-0.80036974,-0.29756707,-0.687408,-0.5924707,-20.0,1.0,160000
130171,68731,83.900146484375,96.7303156088887,0.9546303749084472,71.77674666324334,-0.4698035,0.124148905,-0.4364056,-0.70823026,-20.0,1.0,160000
114122,52682,64.30908203125,96.72992060064092,0.9546014666557312,71.7763819375962,-0.9162514,-1.0,-1.0,1.0,-20.0,1.0,146387
62527,1087,1.326904296875,96.72992060064092,0.9546014666557312,71.7763819375962,-1.0,-1.0,-1.0,1.0,-30.59710204601288,1.0,160000
139927,78487,95.809326171875,96.72992060064092,0.9546014666557312,71.7763819375962,-1.0,-1.0,-1.0,1.0,-20.0,1.0,160000
114129,52689,64.317626953125,96.72992060064092,0.9546014666557312,71.7763819375962,-1.0,-1.0,-1.0,1.0,-35.537660121917725,1.0,160000
88328,26888,32.822265625,96.72992060064092,0.9546014666557312,71.7763819375962,-0.16567695,-0.07343972,-1.0,1.0,-20.0,1.0,153827
91943,30503,37.235107421875,96.729681132246,0.9545839428901672,71.77616082652318,-1.0,-1.0,-1.0,-0.6305567,-35.330148339271545,1.0,160000
113551,52111,63.61206054687501,96.7294709740143,0.9545685648918152,71.77596677805563,-1.0,-1.0,-1.0,0.14915705,-52.281179428100586,1.0,160000
99151,37711,46.033935546875,96.72915327078788,0.9545453190803528,71.775673427291,-0.069197774,-1.0,0.21666062,-0.43231618,-38.44119489192963,1.0,157857
88326,26886,32.81982421875,96.72746492280044,0.9544218182563782,71.77411446950792,0.16458046,-0.34830987,-0.5209167,1.0,-23.21817398071289,1.0,160000
131789,70349,85.875244140625,96.72683404342584,0.954375684261322,71.77353192841431,-1.0,-1.0,0.75709486,0.15217018,-39.24430727958679,1.0,160000
79633,18193,22.208251953125,96.72674763573356,0.9543693661689758,71.77345214087522,-1.0,-1.0,-0.83226764,-0.48224467,-20.0,1.0,160000
82285,20845,25.445556640625,96.72569591225567,0.9542924761772156,71.77248098692519,-0.21785331,-1.0,-1.0,-0.13954681,-24.888733625411987,1.0,160000
113746,52306,63.85009765625001,96.72554016711072,0.9542810916900636,71.77233717161864,-1.0,-1.0,-1.0,-0.9367527,-20.0,1.0,160000
142364,80924,98.7841796875,96.72551978114612,0.954279601573944,71.77231834716179,-1.0,-1.0,-1.0,-0.124762416,-23.568155765533447,1.0,99449
77889,16449,20.079345703125,96.72538441555608,0.9542697072029114,71.77219335004476,-0.9125527,-1.0,-1.0,-0.65469486,-60.0,1.0,160000
84490,23050,28.13720703125,96.7240345721362,0.954171061515808,71.77094688493109,-0.71067005,-0.9656348,-1.0,-0.5771596,-20.0,1.0,132741
86566,25126,30.67138671875,96.72356303303708,0.954136610031128,71.77051145267697,-1.0,-1.0,-1.0,-0.89236224,-60.0,1.0,160000
70912,9472,11.5625,96.72317874235118,0.9541085362434388,71.770156585661,-1.0,-1.0,-0.72275513,-0.05883652,-28.33285450935364,1.0,160000
94031,32591,39.783935546875,96.7228988628078,0.9540880918502808,71.76989813409085,0.021048903,-1.0,-0.9014931,-0.35678852,-36.091004610061646,1.0,160000
119245,57805,70.562744140625,96.72155303066646,0.953989803791046,71.76865532505924,-0.43193984,-1.0,-0.6842741,-0.5719714,-21.93342447280884,1.0,149087
139928,78488,95.810546875,96.72099872548922,0.9539493322372437,71.76814344424766,-1.0,-0.70596594,-0.44015592,0.8024916,-20.0,1.0,160000
72211,10771,13.148193359374998,96.72033655514142,0.9539009928703308,71.76753194807092,-0.06551027,-1.0,-0.35550272,-0.9231032,-20.0,1.0,120213
102812,41372,50.5029296875,96.7197910554159,0.9538611769676208,71.7670281892954,-1.0,-1.0,-0.9907423,0.87231135,-20.0,1.0,117238
88487,27047,33.016357421875,96.71969141974104,0.9538539052009584,71.76693617715587,-0.5939864,-0.04107344,0.2731241,-0.55906403,-60.0,1.0,160000
118504,57064,69.658203125,96.7194137327279,0.9538336396217346,71.76667973636752,-1.0,-1.0,-0.9855878,-0.6478295,-29.47226643562317,1.0,160000
140716,79276,96.7724609375,96.71924139320453,0.953821063041687,71.7665205822283,-0.36194205,0.076976776,-1.0,0.1417762,-57.58162260055542,1.0,140616
111243,49803,60.794677734375,96.71822026375,0.9537465572357178,71.76557756880501,-1.0,-0.76421165,-0.94172096,0.50171983,-20.0,1.0,160000
76520,15080,18.408203125,96.71735903364907,0.9536837339401244,71.7647822108839,-0.8618915,-0.35381132,0.13777524,-0.30747652,-59.04905319213867,1.0,160000
92702,31262,38.16162109375,96.71706809959568,0.9536625146865844,71.7645135268583,-1.0,-0.85337484,-1.0,-0.6317072,-26.320005655288696,1.0,160000
108188,46748,57.0654296875,96.71706319602151,0.9536621570587158,71.76450899828885,-1.0,-0.46426076,-0.8010397,0.47331664,-20.0,1.0,129313
107821,46381,56.61743164062501,96.7165858844654,0.953627347946167,71.76406818786421,-0.84010935,-0.8345821,-1.0,-0.6302594,-43.634639382362366,1.0,160000
67546,6106,7.45361328125,96.71638398975723,0.9536126255989076,71.76388173153555,-1.0,-1.0,0.91045225,-0.52478427,-26.09212875366211,1.0,160000
95836,34396,41.9873046875,96.71609706826672,0.9535917043685912,71.76361674920486,-0.73818654,-0.6154802,0.1874826,-0.32088548,-20.0,1.0,160000
128212,66772,81.5087890625,96.71525988555253,0.9535306692123412,71.7628435740835,-1.0,-1.0,0.02775979,0.8933596,-22.74238348007202,1.0,160000
73822,12382,15.11474609375,96.71493771721028,0.9535071849822998,71.76254603475424,-1.0,-1.0,-1.0,-0.96939397,-20.0,1.0,160000
130560,69120,84.375,96.71429820562486,0.9534605741500854,71.76195540793044,-1.0,-0.21721411,-0.5151338,0.12595338,-60.0,1.0,160000
65037,3597,4.390869140625,96.71365449629148,0.9534136652946472,71.76136089833392,-0.22908425,-0.6680263,-0.23510152,-0.740091,-31.0330992937088,1.0,160000
135551,74111,90.467529296875,96.7132716542306,0.9533857703208924,71.76100731469761,-0.4151526,-0.9093897,0.6078106,1.0,-60.0,1.0,160000
131364,69924,85.3564453125,96.71280368372642,0.9533516764640808,71.7605751056527,-0.74501765,-0.32933664,-1.0,-0.13840628,-20.0,1.0,160000
126910,65470,79.91943359375,96.71137896397276,0.9532479047775269,71.75925924114853,-0.55997634,-1.0,-0.8196228,-0.89835453,-29.111403226852417,1.0,160000
127217,65777,80.294189453125,96.70979731665378,0.9531327486038208,71.75779840514132,-0.413046,-1.0,-0.91770256,-0.23849833,-34.873080253601074,1.0,160000
110582,49142,59.98779296875,96.70884244274887,0.9530632495880128,71.75691645030228,-1.0,-0.16568154,-1.0,0.33668095,-51.57408118247986,1.0,109493
90394,28954,35.34423828125,96.70879739560186,0.95305997133255,71.75687484286516,-1.0,-0.8698155,-1.0,-0.96130466,-48.07037770748138,1.0,160000
102413,40973,50.015869140625,96.7075252076032,0.952967405319214,71.7556997846501,-1.0,-1.0,0.09114313,0.8778697,-31.48975431919098,1.0,160000
130324,68884,84.0869140625,96.70653534263732,0.9528954029083252,71.75478547854453,-1.0,-1.0,-1.0,-0.2416358,-20.0,1.0,160000
97713,36273,44.278564453125,96.7058058898526,0.9528423547744752,71.75411169777827,-1.0,-1.0,-1.0,-0.37114412,-36.18264555931091,1.0,160000
103710,42270,51.59912109375,96.70490248592068,0.9527766704559326,71.7532772313597,0.11139369,0.056634665,-1.0,-0.668913,-20.0,1.0,125292
137977,76537,93.428955078125,96.70414073827266,0.9527212977409364,71.75257360260329,-1.0,-1.0,-0.5808629,-0.4229076,-20.0,1.0,160000
71801,10361,12.647705078124998,96.70361095088307,0.9526827931404114,71.75208423141801,-0.95875436,-0.40799087,0.31572807,-0.45768654,-56.96162939071655,1.0,141776
113357,51917,63.375244140625,96.70159035725528,0.9525359869003296,71.75021774737779,-1.0,-0.349288,-0.25622016,1.0,-47.01725959777832,1.0,160000
61893,453,0.552978515625,96.70150091115748,0.9525294899940492,71.75013512194452,0.15430462,-0.78028905,0.025440216,0.7091205,-33.74630570411682,1.0,160000
105803,44363,54.154052734375,96.70095270019236,0.9524896740913392,71.74962871203152,-1.0,-1.0,-1.0,-0.61066675,-44.52235698699951,1.0,160000
128087,66647,81.356201171875,96.6992443694394,0.9523656368255616,71.74805061402128,-0.8557648,0.059099793,0.39312994,-0.70149434,-40.14646470546722,1.0,160000
132908,71468,87.2412109375,96.69893890716148,0.9523434638977052,71.74776843396303,-1.0,-1.0,-0.6705438,-0.5824294,-48.347461223602295,1.0,160000
92808,31368,38.291015625,96.69891098734504,0.9523414373397828,71.74774264211841,-1.0,-1.0,-1.0,-0.9878404,-43.68724048137665,1.0,160000
124837,63397,77.388916015625,96.698657236107,0.9523230195045472,71.7475082305968,-1.0,-1.0,-0.22022307,-0.44447243,-28.49387288093567,1.0,152826
86128,24688,30.136718750000004,96.6981866429806,0.9522888660430908,71.74707350142951,-1.0,-0.36830032,-1.0,0.24786818,-33.402414321899414,1.0,160000
101319,39879,48.680419921875,96.69648364527067,0.9521653056144714,71.74550026313362,-1.0,-1.0,-0.5396379,0.36995238,-51.66035890579224,1.0,160000
114126,52686,64.31396484375,96.6955451517328,0.952097237110138,71.7446332602676,0.04684162,-0.03282368,-0.7866654,1.0,-34.57544803619385,1.0,160000
89293,27853,34.000244140625,96.69537254897374,0.9520847201347352,71.74447380433554,-1.0,-1.0,-0.84456426,-0.90075994,-60.0,1.0,147580
113534,52094,63.59130859374999,96.69452339407616,0.952023148536682,71.74368932182237,-0.8547838,-1.0,0.43798852,-0.9116967,-47.32672870159149,1.0,160000
111277,49837,60.836181640625,96.694325258142,0.9520087838172911,71.74350627462609,-1.0,0.13663423,-1.0,1.0,-20.0,1.0,160000
94550,33110,40.41748046875,96.6931724126859,0.9519252181053162,71.74244121132195,-0.25696135,-1.0,-1.0,-0.035712183,-20.0,1.0,160000
77009,15569,19.005126953125,96.6927439127378,0.9518941640853882,71.74204533423733,-1.0,-1.0,0.6938045,0.17206436,-20.0,1.0,103981
85260,23820,29.0771484375,96.6919970070626,0.951840043067932,71.74135528630751,-1.0,-1.0,-1.0,0.019349813,-20.0,1.0,108079
110079,48639,59.37377929687499,96.6910006311998,0.9517678618431092,71.74043474667612,-1.0,-1.0,-1.0,-0.42954028,-60.0,1.0,160000
67764,6324,7.7197265625,96.69092492562768,0.9517623782157898,71.74036480263821,-1.0,-0.4920727,-1.0,0.017779946,-20.0,1.0,149302
135092,73652,89.9072265625,96.6906385474974,0.951741635799408,71.74010021843768,-1.0,-1.0,-1.0,-0.040728748,-21.95372700691223,1.0,93376
101338,39898,48.70361328125,96.68983937312387,0.951683759689331,71.7393618566499,-1.0,-1.0,-1.0,0.021344423,-23.53590965270996,1.0,160000
73562,12122,14.79736328125,96.68914458932016,0.9516334533691406,71.73871993457601,-0.71960795,-1.0,-1.0,-0.09492463,-20.0,1.0,137583
104900,43460,53.0517578125,96.68771428707812,0.9515299201011658,71.73739843357447,-0.68075645,-1.0,-1.0,-0.6778437,-34.29251551628113,1.0,160000
86470,25030,30.55419921875,96.687314826708,0.9515010118484496,71.73702935447898,-0.4923448,-1.0,-1.0,0.2861179,-60.0,1.0,160000
129840,68400,83.49609375,96.68730000057128,0.9514999389648438,71.73701565591249,-1.0,0.094382524,-0.7397276,0.6423617,-20.0,1.0,92871
102159,40719,49.705810546875,96.68639879296862,0.9514347314834596,71.73618298190938,-0.50538087,-1.0,-0.947779,0.17848915,-47.27593958377838,1.0,160000
92976,31536,38.49609375,96.68613020190264,0.9514153003692628,71.7359348140127,-1.0,-1.0,-1.0,-0.005320668,-22.942523956298828,1.0,160000
115890,54450,66.46728515625,96.68588301554009,0.95139741897583,71.73570642234627,-1.0,-1.0,-0.91583085,-0.24276483,-41.79335832595825,1.0,160000
126990,65550,80.01708984375,96.68518503979875,0.9513469338417052,71.73506151220359,-1.0,-0.46223712,-0.24044776,-0.5782515,-35.92667996883392,1.0,140247
129508,68068,83.0908203125,96.68446303241306,0.951294720172882,71.73439439026485,-1.0,-0.8282055,-1.0,-0.22446573,-20.0,1.0,160000
65457,4017,4.903564453125,96.68401047201174,0.9512619972229004,71.73397622878541,-0.8254385,-0.89478207,-1.0,-0.9010789,-56.01001858711243,1.0,160000
70051,8611,10.511474609375,96.6833228734413,0.9512122869491576,71.73334088876491,-0.3558094,-0.08032727,0.7498435,-0.64026827,-28.07679414749145,1.0,160000
73452,12012,14.6630859375,96.6832255773344,0.9512052536010742,71.73325098677411,-1.0,-1.0,-0.55558157,-0.94942236,-20.0,1.0,109091
83264,21824,26.640625,96.68232423394244,0.9511401057243348,71.73241813554776,-1.0,-0.7370417,-1.0,0.5294391,-20.949947834014893,1.0,160000
63340,1900,2.3193359375,96.68155466673574,0.9510844945907592,71.7317070379177,-1.0,-1.0,-0.99658376,-0.770814,-21.78208351135254,1.0,160000
75579,14139,17.259521484375,96.6813129593668,0.95106703042984,71.73148369308264,-1.0,-0.18764085,-0.27831876,-0.32700288,-20.0,1.0,160000
117362,55922,68.26416015625,96.68015453207931,0.9509833455085754,71.73041326022714,-1.0,-1.0,-0.27877778,-0.15005147,-53.01433801651001,1.0,141408
136029,74589,91.051025390625,96.67984011208044,0.950960636138916,71.73012272039492,-1.0,-1.0,-1.0,-0.30875063,-20.0,1.0,150421
114127,52687,64.315185546875,96.67911874662988,0.9509085416793824,71.72945613732384,0.014470339,-1.0,-1.0,1.0,-60.0,1.0,160000
61948,508,0.6201171875,96.67808102973152,0.9508336186408995,71.72849721453333,-1.0,-1.0,-1.0,-0.7908178,-56.0306191444397,1.0,146887
100192,38752,47.3046875,96.67797699487735,0.950826108455658,71.7284010782376,-1.0,-1.0,-1.0,-0.889465,-36.79281234741211,1.0,160000
140444,79004,96.4404296875,96.67745842983132,0.950788676738739,71.72792188154017,-1.0,-1.0,-0.96647125,-0.9551643,-20.0,1.271037220954895,160000
121896,60456,73.798828125,96.67663006654846,0.9507288932800292,71.72715639799043,-1.0,-1.0,-0.88437593,-0.46593714,-27.86509394645691,1.0,145892
75319,13879,16.942138671875,96.6766102431003,0.9507274627685548,71.7271380791905,-1.0,-0.627656,-0.85193604,-0.31978858,-60.0,1.0,160000
140911,79471,97.010498046875,96.676534252266,0.9507219791412354,71.72706785619539,-0.13195658,0.08835834,-1.0,1.0,-60.0,1.0,157553
136835,75395,92.034912109375,96.67607414515427,0.9506887793540956,71.72664267029884,-1.0,-1.0,-0.38326138,-0.74557483,-51.44968628883362,1.0,160000
130083,68643,83.792724609375,96.675019903459,0.950612723827362,71.72566843225009,-1.0,0.18029308,-1.0,0.086217165,-45.30483841896057,1.0,160000
104974,43534,53.14208984374999,96.67489182144014,0.950603485107422,71.7255500689785,-1.0,-1.0,0.61952305,-0.9699229,-20.0,1.0,160000
83492,22052,26.9189453125,96.67476951977828,0.9505946636199952,71.72543704724089,0.060244918,-0.45232671,-1.0,0.01740241,-60.0,1.0,160000
80658,19218,23.45947265625,96.67431498618028,0.9505618810653688,71.72501700060265,-0.69442177,-1.0,-0.7683709,-0.687656,-20.0,1.0,155445
87892,26452,32.2900390625,96.6740670360588,0.950543999671936,71.7247878620514,-1.0,-1.0,-1.0,-0.11382675,-30.04435956478119,1.0,160000
64334,2894,3.53271484375,96.67370582670311,0.9505179524421692,71.72445405551626,-0.63741016,-1.0,-1.0,-0.93845814,-26.769204139709476,1.0,160000
70916,9476,11.5673828125,96.67236566605985,0.9504213333129884,71.72321554896564,-1.0,-0.22955257,-1.0,-0.6619487,-27.30171203613281,1.0,160000
113597,52157,63.668212890625,96.6723408591685,0.950419545173645,71.72319262349359,-1.0,-0.8157397,-0.9655207,-0.5966567,-42.21528112888336,1.0,160000
134744,73304,89.482421875,96.6721506676743,0.9504058361053468,71.7230168563315,-1.0,-1.0,-1.0,-0.5087503,-49.52720403671265,1.0,160000
69600,8160,9.9609375,96.67194640805155,0.9503911137580872,71.72282808741883,-1.0,-1.0,-1.0,0.86838466,-20.541646480560303,1.0,160000
84211,22771,27.796630859375,96.67185378472136,0.9503844380378724,71.72274248829537,-1.0,-1.0,-1.0,-0.9780553,-26.96093797683716,1.0,160000
121700,60260,73.5595703125,96.67179258593758,0.9503800272941588,71.72268593053239,-1.0,-1.0,-1.0,-0.4595163,-34.18567955493927,1.0,160000
117573,56133,68.521728515625,96.67109865579869,0.9503300189971924,71.72204462104125,-1.0,-1.0,-1.0,0.5352403,-44.678707122802734,1.0,160000
97252,35812,43.7158203125,96.67081492713524,0.9503095746040344,71.7217824055497,-1.0,-1.0,-1.0,-0.6181597,-60.0,1.0,160000
95354,33914,41.39892578125,96.67066436871691,0.9502987265586852,71.72164326247174,-1.0,-0.9144578,0.19167852,0.6542476,-58.989856243133545,1.0,160000
110676,49236,60.10253906250001,96.67039715434908,0.9502794742584229,71.72139630751785,-1.0,-1.0,-1.0,0.7752162,-34.05803322792053,1.0,121779
90137,28697,35.030517578125,96.67004139119192,0.9502538442611694,71.72106751573443,-1.0,-1.0,-0.70581347,-0.9017321,-32.816710472106934,1.0,160000
102802,41362,50.49072265625,96.66955981739424,0.9502191543579102,71.72062244853616,-1.0,-0.8515299,1.0,0.12598968,-44.02917683124542,1.0,160000
132487,71047,86.727294921875,96.66944313836572,0.9502107501029968,71.72051461409055,-1.0,-1.0,-0.44178495,0.06416023,-22.40544557571411,1.0,160000
62822,1382,1.6870117187499998,96.66927018207863,0.9501982927322388,71.72035476800285,0.10499692,0.10921776,-0.7485915,1.0,-20.0,1.0,160000
64070,2630,3.21044921875,96.66820579158956,0.9501216411590576,71.71937104979614,-1.0,-0.34289747,-1.0,-0.7864807,-30.712143778800964,1.0,160000
87899,26459,32.298583984375,96.667949168114,0.9501031637191772,71.71913387395625,-1.0,-1.0,0.45908606,-0.9316969,-40.96529185771942,1.0,160000
67864,6424,7.841796875,96.66683721098624,0.950023114681244,71.71810617337376,-1.0,-1.0,-1.0,0.45036542,-20.0,1.0,145509
121874,60434,73.77197265625,96.66638090912092,0.9499902725219728,71.71768444195882,-1.0,-0.9391147,-0.59239274,1.0,-20.0,1.0,160000
97537,36097,44.063720703125,96.66570091055696,0.949941337108612,71.71705595621044,-1.0,-1.0,-1.0,0.22490185,-35.504727363586426,1.0,160000
82936,21496,26.240234375,96.66519725308972,0.9499050974845886,71.71659044879925,-0.4551702,-1.0,0.37649852,-0.23425442,-20.0,1.0,160000
101452,40012,48.8427734375,96.66473329967764,0.9498717188835144,71.71616163488434,-1.0,-1.0,-1.0,-0.045889974,-53.55404257774353,1.0,160000
137620,76180,92.9931640625,96.66394113555516,0.9498147368431092,71.7154294617569,-1.0,-0.7623932,-1.0,1.0,-56.76422119140625,1.0,160000
86020,24580,30.0048828125,96.66394113555516,0.9498147368431092,71.7154294617569,-1.0,-0.55638176,-1.0,1.0,-20.0,1.0,160000
137612,76172,92.9833984375,96.66394113555516,0.9498147368431092,71.7154294617569,-1.0,-1.0,-1.0,1.0,-46.34176850318909,1.0,160000
137618,76178,92.99072265625,96.66394113555516,0.9498147368431092,71.7154294617569,-1.0,-1.0,-1.0,1.0,-26.078754663467407,1.0,160000
95730,34290,41.85791015625,96.66281061049015,0.9497334361076356,71.71438453676943,-1.0,-1.0,0.42857325,-0.7769478,-20.0,1.0,160000
112001,50561,61.71997070312501,96.6626265786352,0.9497202038764954,71.71421443758528,-1.0,-1.0,-0.6445539,0.7781557,-21.53894662857056,1.0,148013
63757,2317,2.828369140625,96.6623289589442,0.949698805809021,71.71393934906547,-0.92727435,-0.29612297,-1.0,-0.21584988,-20.0,1.0,106684
129251,67811,82.777099609375,96.66122698538804,0.9496195912361144,71.71292078919394,-0.09622741,-1.0,-1.0,-0.049627542,-41.759129762649536,1.0,160000
113213,51773,63.199462890625,96.6602350223034,0.9495483040809632,71.71200389809769,-1.0,-1.0,-0.66330874,-0.12719166,-20.0,1.0,160000
141170,79730,97.32666015625,96.66012137810624,0.9495401382446288,71.7118988536436,-0.23621225,-1.0,-1.0,-0.9629328,-20.0,1.0,159532
126816,65376,79.8046875,96.65943031599323,0.949490487575531,71.71126008207123,-1.0,-0.85488564,-0.64686203,-0.57612693,-20.0,1.0,160000
136267,74827,91.341552734375,96.65873332102272,0.9494404196739196,71.71061581982667,-1.0,-1.0,-0.9400612,-0.00960505,-49.49867844581604,1.0,125720
95547,34107,41.634521484375,96.65804615965271,0.9493910670280457,71.70998064057953,-1.0,-1.0,-1.0,-0.15443403,-60.0,1.0,92522
83187,21747,26.546630859375,96.65774735559955,0.9493696093559264,71.70970443829222,-1.0,-1.0,-1.0,-0.57157415,-37.55038917064667,1.0,139131
66918,5478,6.687011718749999,96.65674619312772,0.9492977261543274,71.70877899545827,0.0005463362,-0.9278734,-1.0,0.014551938,-60.0,1.0,160000
85443,24003,29.300537109375004,96.6565685135699,0.9492849707603456,71.70861475265407,-1.0,-1.0,-1.0,0.62987334,-20.0,1.0,160000
106305,44865,54.766845703125,96.65589176172988,0.9492363929748536,71.70798917515046,-1.0,-0.5481297,-1.0,-0.90938044,-20.0,1.0,145093
114421,52981,64.674072265625,96.65404524416276,0.9491038918495178,71.7062822543948,-1.0,0.1706196,-1.0,1.0,-39.78546440601349,1.0,160000
126818,65378,79.80712890625,96.653577452236,0.9490703344345092,71.705849820039,-1.0,-1.0,-1.0,-0.7838954,-30.609337091445923,1.0,160000
74511,13071,15.955810546874998,96.65145214834038,0.9489179253578186,71.70388511679629,0.10154891,-1.0,-0.74986356,1.0,-22.389193773269653,1.0,124949
121872,60432,73.76953125,96.65101148126016,0.9488863348960876,71.70347774130717,-0.26678264,-1.0,-0.37044126,1.0,-24.51812982559204,1.0,160000
69998,8558,10.44677734375,96.65022231201816,0.9488297700881958,71.70274818562663,-0.7851234,-0.60873365,-0.3147512,-0.9554459,-20.0,1.0,160000
143162,81722,99.75830078125,96.64905115028992,0.948745846748352,71.70166547712162,-0.75235355,-0.68088704,0.53594506,-0.24689627,-44.7368448972702,1.0,159721
107504,46064,56.23046874999999,96.64724213868776,0.9486162662506104,71.69999305568,-1.0,-1.0,0.17734444,-0.85572755,-20.0,8.383413910865784,160000
70280,8840,10.791015625,96.6462523989421,0.9485453963279724,71.69907802746155,-0.7574793,-0.47035334,0.7799954,0.30595747,-20.0,1.0,160000
87015,25575,31.219482421875,96.64593602831056,0.9485227465629578,71.69878553553471,-1.0,-0.15662187,0.19730103,-0.21792483,-20.0,1.0,160000
88637,27197,33.199462890625,96.6456096398831,0.9484993815422058,71.69848378047382,-1.0,-1.0,-1.0,-0.53596365,-26.327227354049683,1.0,160000
77670,16230,19.81201171875,96.64517330209144,0.9484681487083436,71.69808037190562,-1.0,-1.0,-1.0,0.053058565,-40.85769414901733,1.0,160000
129890,68450,83.55712890625,96.64468194675707,0.948432981967926,71.69762609466648,-0.93004143,-1.0,-1.0,-0.89448595,-46.57854914665222,1.0,160000
93691,32251,39.368896484375,96.64425966438851,0.9484027624130248,71.69723567542044,-1.0,-1.0,0.12559974,-0.3521676,-25.005004405975345,1.0,133561
61611,171,0.208740234375,96.64247007460828,0.9482747316360474,71.69558109096128,-1.0,-1.0,-0.7014467,-0.09777081,-24.46918249130249,1.0,149852
92899,31459,38.402099609375,96.64235590600536,0.9482665657997132,71.69547553365128,-0.42261815,-0.17605436,-0.047570705,-0.8682958,-20.0,1.0,160000
121895,60455,73.797607421875,96.64115234728068,0.9481804966926576,71.6943627437213,-1.0,-1.0,-1.0,-0.62572134,-22.710227966308597,1.0,160000
62060,620,0.7568359375,96.6408272221754,0.9481572508811952,71.69406213514686,-0.15655613,0.16840422,-0.62584335,-0.5635187,-20.0,1.0,160000
140449,79009,96.446533203125,96.64074051753308,0.9481510519981384,71.69398196834761,-1.0,-1.0,0.5386654,-0.4148128,-50.73939919471741,1.0,160000
84194,22754,27.77587890625,96.64063213399794,0.9481433033943176,71.69388175717643,-0.9989234,-0.86593795,-0.07195324,1.0,-37.98681080341339,1.0,160000
110590,49150,59.99755859375,96.64022358415455,0.9481140971183776,71.693504011459,-0.22623646,-0.15244234,-1.0,0.3911094,-20.0,1.0,160000
136549,75109,91.685791015625,96.63913779925646,0.94803649187088,71.69250008213494,-0.91764313,-1.0,-1.0,0.68753254,-53.44032526016235,1.0,160000
139344,77904,95.09765625,96.63866819884922,0.9480029344558716,71.69206587910868,-1.0,-1.0,-1.0,-0.68433046,-60.0,1.0,160000
86525,25085,30.621337890625,96.63774467986664,0.9479369521141052,71.69121196395922,-0.94503736,-1.0,-1.0,-0.5246382,-41.51015818119049,1.0,160000
105439,43999,53.70971679687499,96.63759616212768,0.9479263424873352,71.69107463861667,-1.0,-1.0,0.0038161278,-0.52186465,-33.72984528541565,1.0,160000
70987,9547,11.654052734375,96.63730745404538,0.9479057192802428,71.69080768689928,-0.3705513,-1.0,-1.0,-0.26080108,-60.0,1.0,160000
97603,36163,44.144287109375,96.63612402667738,0.9478211998939514,71.68971342784491,-1.0,-0.67439055,-1.0,-0.096060574,-20.0,1.0,160000
131264,69824,85.234375,96.63585858218484,0.9478022456169128,71.68946798128717,-1.0,-1.0,0.272753,-0.6462923,-20.0,1.0,160000
110679,49239,60.10620117187499,96.63449183952608,0.9477046728134156,71.68820419030062,-1.0,-1.0,-0.52356505,0.6598254,-44.11684334278107,1.0,135249
139476,78036,95.2587890625,96.63430478287373,0.9476913213729858,71.68803122193425,-0.75165486,-1.0,-1.0,-0.69260573,-29.08848643302917,1.0,160000
120348,58908,71.9091796875,96.63263924669457,0.9475724697113036,71.68649110540619,-0.522248,-0.1762811,-1.0,-0.7798928,-32.03679919242859,1.4798376560211182,160000
74338,12898,15.74462890625,96.63223904388587,0.9475439190864564,71.68612103333248,-1.0,-1.0,-1.0,0.3339014,-20.0,1.0,160000
63753,2313,2.823486328125,96.6320075925142,0.9475274085998536,71.68590700662058,-0.46044767,0.048884094,-0.25952083,-0.40717274,-20.38591980934143,1.0,160000
118292,56852,69.3994140625,96.6311535260618,0.9474664926528932,71.68511723161195,-1.0,-0.69643533,-1.0,0.3068784,-20.0,1.0,160000
77020,15580,19.0185546875,96.6295359672163,0.9473511576652528,71.68362141006149,-1.0,-1.0,-1.0,0.9433658,-20.0,1.0,160000
142219,80779,98.607177734375,96.62945653481351,0.947345495223999,71.68354795480681,-1.0,-0.18891466,1.0,-0.6267612,-49.32273626327515,1.0,160000
74576,13136,16.03515625,96.6289790700096,0.9473114609718324,71.68310641656154,-1.0,0.034145057,0.3682202,0.18771678,-60.0,1.0,160000
124766,63326,77.30224609375,96.6288051277782,0.947299063205719,71.68294556173355,-1.0,-0.27444112,-1.0,-0.42667472,-32.43823885917664,1.0,160000
70276,8836,10.7861328125,96.62782655746226,0.9472293257713318,71.68204061125327,-0.99091756,-1.0,-0.63591075,1.0,-33.52159380912781,1.1417630910873413,160000
126099,64659,78.929443359375,96.62760404466268,0.9472134709358216,71.681834836711,-1.0,-0.18654978,-0.59164023,-0.8958142,-22.95450210571289,1.0,160000
62324,884,1.0791015625,96.62749194691813,0.9472054839134216,71.68173117112701,-1.0,-0.9582341,-1.0,-0.7148681,-20.0,1.0,160000
128293,66853,81.607666015625,96.62742251161733,0.9472005367279052,71.68166695876728,-0.8461826,-0.39110762,-1.0,-0.20811105,-44.93480086326599,1.0,160000
139080,77640,94.775390625,96.62689459541092,0.947162926197052,71.68117875039052,-1.0,0.3960061,-0.41682547,0.0073645115,-25.27971863746643,1.0,160000
116279,54839,66.942138671875,96.62675068187232,0.9471526741981506,71.68104566081269,-1.0,-1.0,0.49377787,-0.42455506,-38.25891017913818,1.0,110678
85474,24034,29.33837890625,96.62631221472778,0.9471214413642884,71.68064016971272,-1.0,0.07246441,-1.0,1.0,-57.04225540161133,1.0,79219
78641,17201,20.997314453125,96.6258494275792,0.9470884799957277,71.68021218479822,-1.0,0.0281201,-1.0,0.36941284,-57.56901621818543,1.0,108479
75173,13733,16.763916015625,96.6256636277146,0.9470752477645874,71.68004035651477,-0.948315,-0.39515024,0.26964355,1.0,-40.37654221057892,1.0,78963
88332,26892,32.8271484375,96.62367367294658,0.9469335675239564,71.67820001059715,-1.0,-1.0,-0.2504049,-0.040513515,-52.24915266036987,1.0,160000
106306,44866,54.76806640625001,96.6221568726116,0.946825623512268,71.67679720998525,-1.0,-1.0,-1.0,0.7126145,-20.0,1.0,107030
76104,14664,17.900390625,96.62192063067366,0.9468088150024414,71.67657872069213,-1.0,-1.0,-1.0,-0.25666583,-20.0,1.0,160000
114123,52683,64.310302734375,96.62179496422004,0.9467998743057252,71.6764624972631,-1.0,-1.0,-0.79279345,1.0,-20.775747299194336,1.0,160000
98962,37522,45.80322265625,96.62105763921298,0.9467474222183228,71.6757805731298,-1.0,-0.8482281,-1.0,-0.4881277,-20.0,1.0,160000
75526,14086,17.19482421875,96.62085736430238,0.9467331767082214,71.67559534512287,-1.0,-0.40609103,0.9162923,-0.89266825,-23.503317832946777,1.0,115656
123408,61968,75.64453125,96.6172875574485,0.9464793801307678,71.67229365034949,-1.0,-1.0,0.5189731,-0.57750076,-33.881850242614746,1.0,160000
77427,15987,19.515380859375,96.61691932392336,0.9464532136917114,71.67195306328055,-1.0,-0.8511846,-1.0,0.28660458,-20.0,1.0,160000
78485,17045,20.806884765625,96.616721352553,0.9464391469955444,71.67176995455789,-1.0,-1.0,-1.0,0.26263404,-33.42691242694855,1.0,160000
95970,34530,42.15087890625,96.61670876928667,0.9464382529258728,71.67175831595884,-1.0,-0.3968826,-0.034834504,1.0,-24.39183235168457,1.0,133881
69242,7802,9.52392578125,96.61652001541138,0.9464248418807985,71.67158373219982,-1.0,-0.68084437,-1.0,-0.25135761,-20.0,1.0,160000
111819,50379,61.49780273437499,96.61634551480022,0.9464124441146852,71.67142233125251,-1.0,-1.0,-0.7624998,1.0,-47.01350808143616,1.0,160000
139241,77801,94.971923828125,96.61626832934304,0.9464069604873656,71.67135093993217,-0.7109271,-0.09830552,0.62135553,0.062924206,-20.0,1.0,160000
81581,20141,24.586181640625,96.61575903476944,0.9463707804679872,71.67087987490719,-0.1624291,-0.8415091,-0.51512516,-0.93898207,-60.0,1.0,125169
77662,16222,19.80224609375,96.6147989970271,0.946302592754364,71.6699918915558,-1.0,-0.91244566,-0.50540024,0.057932675,-20.0,1.0,160000
87560,26120,31.884765625,96.61390756135104,0.9462392926216124,71.66916735018015,-0.40221167,0.1930511,0.95075244,-0.35806918,-20.0,1.0,160000
62096,656,0.8007812499999999,96.6127917202787,0.946160078048706,71.6681352277711,-0.6506487,-0.5805032,-1.0,-0.110571384,-20.0,1.0,160000
110491,49051,59.87670898437501,96.61157392191762,0.9460736513137816,71.66700877831008,-0.89203596,-0.26893586,-0.7313911,-0.8354747,-47.6104724407196,1.0,160000
100380,38940,47.5341796875,96.60945236471215,0.945923149585724,71.66504631410957,-1.0,-1.0,-0.74527633,1.0,-20.0,1.0,160000
109194,47754,58.29345703124999,96.60940193743106,0.9459195733070374,71.66499966756419,-1.0,-1.0,-1.0,-0.18056262,-20.0,1.0,160000
140086,78646,96.00341796875,96.60899765516558,0.9458909034729004,71.66462569471338,-1.0,-0.6172248,-0.19876796,-0.27832508,-44.07031416893005,1.0,160000
88255,26815,32.733154296875,96.60887325219284,0.9458820819854736,71.66451061789921,-1.0,-0.71699,-0.729293,-0.83702457,-46.43349766731262,1.0,160000
83127,21687,26.473388671875,96.60821418649086,0.9458353519439696,71.66390095708256,-1.0,-1.0,0.4394989,0.22478509,-29.621230363845825,1.0,160000
120275,58835,71.820068359375,96.60678807155094,0.9457342624664308,71.66258172636913,-0.7180853,-1.0,-1.0,-0.7299377,-26.7052960395813,1.0,160000
81162,19722,24.07470703125,96.6063061354492,0.9457001090049744,71.66213590408866,-0.13284731,0.0428375,-0.8092834,-0.8342859,-35.431610345840454,1.0,160000
63300,1860,2.2705078125,96.6060344419286,0.945680856704712,71.66188456849761,-0.4451599,-1.0,-1.0,-0.47198302,-47.55403280258179,1.0,160000
71803,10363,12.650146484375,96.6058434881094,0.945667326450348,71.661707922202,-0.74780923,-1.0,-1.0,-0.7879461,-26.870397329330444,1.0,160000
69594,8154,9.95361328125,96.6048683844752,0.9455982446670532,71.66080587206626,-1.0,-1.0,-0.37286192,0.5497645,-42.28265583515167,1.0,67202
86981,25541,31.177978515625,96.60444848487997,0.9455685019493104,71.66041742682877,-1.0,-0.5276741,-1.0,-0.9586996,-20.0,1.0,160000
83903,22463,27.420654296875004,96.60405210536626,0.9455404281616212,71.66005073760655,-0.44155097,-1.0,-1.0,-0.59921616,-29.24152255058289,1.0,160000
64346,2906,3.5473632812500004,96.60393091124364,0.9455318450927734,71.65993862094643,0.023816824,-1.0,0.27681643,-0.9348727,-20.0,1.0,160000
84937,23497,28.682861328125,96.60326848526178,0.9454849362373352,71.6593258072746,-1.0,-1.0,-1.0,-0.41533703,-20.0,1.0,160000
128219,66779,81.517333984375,96.60301089159007,0.945466697216034,71.65908750444139,-1.0,-1.0,1.0,0.47732055,-20.0,1.0,120339
135161,73721,89.991455078125,96.60284252053528,0.9454547762870787,71.65893174197886,-1.0,-1.0,-0.6953719,0.18713379,-45.56161403656006,1.0,160000
134674,73234,89.39697265625,96.6007701206731,0.9453080892562866,71.65701450385971,-1.0,-1.0,-0.74484944,0.12929535,-20.0,1.0,160000
101225,39785,48.565673828125,96.6000414460316,0.945256531238556,71.65634037167302,-0.57366836,-1.0,-1.0,-0.806599,-56.554884910583496,1.0,160000
119109,57669,70.396728515625,96.599787852252,0.9452385902404784,71.65610575810432,-1.0,-1.0,1.0,1.0,-60.0,1.0,160000
96076,34636,42.2802734375,96.59736398054083,0.9450671672821044,71.65386325700791,-1.0,-1.0,-1.0,1.0,-20.0,1.1933228969573977,160000
78085,16645,20.318603515625,96.59721897259736,0.9450569152832032,71.65372909702832,-0.9526345,-1.0,-0.061423928,-0.83561844,-37.89103031158447,1.0,160000
79593,18153,22.159423828125,96.59624508817922,0.9449880719184875,71.65282806099754,-1.0,-1.0,-0.69234955,0.43060407,-26.43038749694824,1.0,160000
70292,8852,10.8056640625,96.59192419170742,0.9446828365325928,71.648830221188,-0.34395874,-1.0,-1.0,-0.3124591,-23.009588718414307,1.0,160000
97007,35567,43.416748046875,96.59189717638652,0.94468092918396,71.6488052249051,-1.0,-1.0,-0.62342054,-0.25253004,-20.0,1.0,152394
97454,36014,43.96240234375,96.59168442422522,0.9446659088134766,71.64860837281061,-1.0,-0.955592,-1.0,0.044775963,-38.87332320213318,1.0,128128
108445,47005,57.379150390625,96.5916363001106,0.9446625113487244,71.64856384517473,-1.0,-1.0,-1.0,-0.09679592,-25.727543830871586,1.0,160000
112312,50872,62.099609375,96.58913472120643,0.9444859623908995,71.64624917477524,-1.0,-1.0,0.8142239,-0.95397985,-58.04120302200317,1.0,160000
100413,38973,47.574462890625,96.5890232024721,0.9444780945777892,71.64614598633503,-1.0,-1.0,-0.681777,-0.73968065,-60.0,1.3745505213737488,160000
93545,32105,39.190673828125,96.5889708213658,0.9444743990898132,71.64609751796658,-1.0,-1.0,-1.0,-0.90645695,-59.726197719573975,1.0,160000
62537,1097,1.339111328125,96.58885760819716,0.9444664120674132,71.64599276141274,-0.15336835,-0.46696562,-0.17379323,-0.05069852,-44.24190402030945,1.0,148683
65224,3784,4.619140625,96.587704168398,0.9443850517272948,71.64492546956288,-0.3000722,-1.0,-1.0,-0.02488172,-30.590195655822757,1.0,148739
84799,23359,28.514404296875,96.5876534599638,0.9443814754486084,71.64487854802202,-1.0,-1.0,-1.0,0.58393383,-20.733038187026978,1.0,137608
112922,51482,62.84423828125,96.58693586535178,0.944330871105194,71.64421453948779,-1.0,-0.5983787,-1.0,-0.2774465,-21.682512760162357,1.0,160000
93516,32076,39.1552734375,96.5861970030237,0.9442787766456604,71.64353084415471,-0.9388239,-0.53471196,-0.15351784,-0.18020344,-43.8991379737854,1.0,160000
130662,69222,84.49951171875,96.5859737952786,0.9442630410194396,71.64332430072284,-1.0,-1.0,-1.0,-0.7685729,-34.04324412345886,1.0,138881
74355,12915,15.765380859375,96.58594504790368,0.9442610144615172,71.64329769952968,-0.7871885,-1.0,-1.0,0.02045244,-20.0,1.0,160000
127299,65859,80.394287109375,96.5851730175778,0.9442065954208374,71.64258330221834,-1.0,-0.7081059,0.65904045,-0.9408504,-33.72512876987457,1.0,160000
76412,14972,18.2763671875,96.58503263211048,0.9441967010498048,71.64245339583782,-0.59204346,-1.0,-0.91193056,-0.4451201,-20.0,1.0,160000
85480,24040,29.345703125,96.58476453265996,0.9441778063774108,71.64220530796054,-0.82645065,-1.0,-1.0,0.33987755,-46.73999071121216,1.0,160000
85823,24383,29.764404296875004,96.58453024780152,0.944161295890808,71.64198850988353,-1.0,-0.95468223,-1.0,0.2797286,-56.20145797729492,1.0,160000
105412,43972,53.6767578125,96.58238635738113,0.9440102577209472,71.64000460298766,0.1856972,-0.42377704,0.6131744,0.696373,-31.891380548477173,1.0,160000
134984,73544,89.775390625,96.5810363074335,0.9439151883125304,71.63875526613609,-0.6752674,-1.0,-1.0,-0.1138109,-20.0,1.0,160000
81118,19678,24.02099609375,96.58027685919188,0.943861722946167,71.63805246162818,-1.0,-0.49022204,-1.0,-0.88317233,-20.0,1.0,160000
120468,59028,72.0556640625,96.57989665661847,0.9438349604606628,71.63770061370064,-0.43972254,-1.0,-0.7926451,0.45088607,-40.12734413146973,1.0,160000
109299,47859,58.42163085937499,96.57903365506527,0.9437742233276368,71.63690196565186,-1.0,0.045689225,-1.0,0.10478622,-39.580209255218506,1.0,160000
93308,31868,38.9013671875,96.57882443970018,0.9437595009803772,71.63670834984619,-1.0,-0.13938022,-0.2976296,1.0,-25.87923288345337,1.0,77841
134389,72949,89.049072265625,96.57790952108394,0.9436951279640198,71.6358616426882,-1.0,-1.0,-0.16240102,-0.74087644,-33.14869940280914,1.0,159917
94560,33120,40.4296875,96.57778921039198,0.9436866641044616,71.63575030088595,-1.0,0.18851703,-0.9067147,-0.5700949,-59.90342378616333,1.0,147546
86204,24764,30.2294921875,96.5774146986207,0.943660318851471,71.63540370687774,-0.8298516,-1.0,-1.0,0.941745,-34.446842670440674,1.0,160000
107506,46066,56.23291015625001,96.57728166209944,0.9436509609222412,71.63528058703457,-0.6697819,0.0009749532,-0.9727334,-0.33549845,-20.0,1.7462197542190552,160000
73146,11706,14.289550781249998,96.5763112914982,0.9435827136039734,71.63438254167758,-0.30648565,-0.14577079,-0.9511551,-0.18005985,-45.56008219718933,1.0,160000
111310,49870,60.87646484375,96.57612566495666,0.9435696601867676,71.63421074911933,0.19971538,-1.0,0.031088889,-0.41140532,-30.234838128089905,1.2958950400352478,160000
108745,47305,57.745361328125,96.57547039257432,0.9435235857963562,71.63360430780612,-1.0,-1.0,-1.0,-0.26833117,-32.42645502090454,1.0,160000
69565,8125,9.918212890625,96.57399329838772,0.9434197545051576,71.63223726598724,-0.3981368,-0.119812965,-0.60674065,1.0,-36.80526673793793,1.0,160000
100377,38937,47.530517578125,96.57364132563144,0.9433950185775756,71.631911513004,-1.0,-0.35301602,-0.05320394,0.35648715,-50.24845600128174,1.0,147165
77270,15830,19.32373046875,96.57351579520392,0.9433861970901488,71.63179533340883,-1.0,-1.0,-1.0,-0.7862803,-20.0,1.0,160000
78084,16644,20.3173828125,96.57347508177318,0.9433833360671996,71.63175765269926,-1.0,-1.0,-0.5881729,-0.7612384,-48.35583388805389,1.0,160000
91252,29812,36.3916015625,96.57335463540863,0.9433748722076416,71.63164617818867,-0.5151814,-1.0,-1.0,-0.87776446,-20.0,1.0,160000
86053,24613,30.045166015625004,96.57290165623402,0.9433430433273317,71.63122693896005,-1.0,-1.0,-1.0,0.06583494,-20.0,1.0,160000
108747,47307,57.747802734375,96.57271417207647,0.9433298707008362,71.63105341867126,-0.43520904,-1.0,-1.0,-0.2683655,-43.015313148498535,1.0,160000
136394,74954,91.49658203125,96.57219578706244,0.9432934522628784,71.63057364066212,0.069018364,-1.0,-0.46204543,0.42338258,-45.482217669487,1.0,160000
104031,42591,51.99096679687501,96.57080573730016,0.9431958198547364,71.62928709788454,0.17110693,-0.96988493,-0.8875509,0.7575215,-23.480610847473145,1.0,160000
63513,2073,2.530517578125,96.57018777992135,0.9431524276733398,71.62871514704925,-1.0,-1.0,-1.0,0.8072984,-36.21253252029419,1.0,104527
132175,70735,86.346435546875,96.56849893782748,0.9430338740348816,71.62715201219689,-1.0,-1.0,-1.0,0.37908274,-57.66886234283447,1.0,111876
80221,18781,22.926025390625,96.56846581604152,0.9430315494537354,71.62712135541676,-0.71705997,-0.99075294,0.4307754,-0.93505365,-20.0,1.0,160000
72123,10683,13.040771484375,96.56624347298772,0.9428756237030028,71.62506437124505,-0.97392845,-1.0,-0.008087754,-0.5852269,-43.04548740386963,1.0,158598
132859,71419,87.181396484375,96.56256229990892,0.9426175355911256,71.6216569600857,-1.0,-1.0,-0.6634429,-0.97558916,-46.26589059829712,1.0,160000
120469,59029,72.056884765625,96.56242195632302,0.9426077008247375,71.62152705001851,-1.0,-0.5888559,-1.0,0.51722753,-20.0,1.0,160000
133567,72127,88.045654296875,96.5621931430521,0.942591667175293,71.62131524677814,-0.4233985,-0.37705755,-1.0,-0.94704974,-20.0,1.0,160000
74786,13346,16.29150390625,96.56178226660866,0.9425628781318665,71.62093491323472,-1.0,-1.0,-0.52100646,-0.91990256,-31.093032360076904,1.0,160000
76468,15028,18.3447265625,96.56083189787007,0.9424962997436525,71.62005518247817,-1.0,-1.0,0.15649474,-0.8302491,-55.8902108669281,1.0,160000
134926,73486,89.70458984375,96.55952976818152,0.942405104637146,71.61884981658456,-0.5269889,-1.0,-0.6783245,-0.6184974,-42.00434565544128,1.0,160000
141544,80104,97.783203125,96.55820507048406,0.9423123598098756,71.61762353663829,-1.0,-1.0,-1.0,1.0,-45.36241292953491,1.0,160000
64149,2709,3.306884765625,96.55820507048406,0.9423123598098756,71.61762353663829,-1.0,-0.593461,-1.0,1.0,-38.77519071102142,1.0,156759
64145,2705,3.302001953125,96.55820507048406,0.9423123598098756,71.61762353663829,-1.0,-1.0,-1.0,1.0,-60.0,1.0,160000
141547,80107,97.786865234375,96.55820507048406,0.9423123598098756,71.61762353663829,-1.0,-0.942938,-1.0,1.0,-31.065436005592343,1.0,145186
89946,28506,34.79736328125,96.55820507048406,0.9423123598098756,71.61762353663829,-1.0,-1.0,-1.0,1.0,-26.919615268707275,1.0,160000
115742,54302,66.28662109375,96.55820507048406,0.9423123598098756,71.61762353663829,-1.0,-1.0,-1.0,1.0,-60.0,1.0,157310
89948,28508,34.7998046875,96.55820507048406,0.9423123598098756,71.61762353663829,-1.0,-1.0,-1.0,1.0,-47.18452274799347,1.0,160000
115750,54310,66.29638671875,96.55820507048406,0.9423123598098756,71.61762353663829,-1.0,-1.0,-1.0,1.0,-24.55738067626953,1.0,160000
102411,40971,50.01342773437501,96.55531234942612,0.9421099424362184,71.614945647865,-1.0,-1.0,0.10124898,1.0,-48.25161099433899,1.0,160000
140847,79407,96.932373046875,96.5550532982588,0.9420918226242064,71.6147058301071,-0.90544444,-1.0,-0.9407983,-0.85061157,-38.60317051410675,1.0,133554
125289,63849,77.940673828125,96.55376119767838,0.942001461982727,71.61350964902515,-1.0,-0.86273813,-0.87727207,0.0064047575,-36.83598220348358,1.0,160000
82359,20919,25.535888671875,96.55359496676984,0.9419898390769958,71.61335575671468,-1.0,0.1255337,-1.0,-0.14563972,-20.0,1.1304292678833008,160000
121873,60433,73.770751953125,96.5530050037906,0.9419485926628112,71.61280958116866,-0.8901032,-1.0,0.8222562,0.34289247,-20.0,1.0,160000
84718,23278,28.415527343750004,96.55282680403484,0.9419361352920532,71.61264460660718,-0.05436492,-1.0,0.22198421,-0.4408105,-20.952458381652832,1.0,160000
78102,16662,20.33935546875,96.55276456012405,0.9419317841529846,71.6125869820638,-1.0,-0.8748032,-0.6208087,-0.577221,-20.0,1.0,160000
96436,34996,42.7197265625,96.55215912307554,0.941889464855194,71.61202647422266,-0.8769965,-1.0,-1.0,-0.53218085,-60.0,1.0,160000
76290,14850,18.12744140625,96.55149985883408,0.9418433904647828,71.61141612816007,-1.0,-1.0,-1.0,0.16006708,-30.52483379840851,1.0,160000
112335,50895,62.127685546875,96.55141456436527,0.9418374300003052,71.6113371622204,-1.0,-1.0,-1.0,-0.09182072,-50.23407578468323,1.0,160000
131293,69853,85.269775390625,96.5482957901307,0.9416195750236512,71.60844972321333,-1.0,0.09247482,-0.3311454,0.9771247,-60.0,1.0,160000
89808,28368,34.62890625,96.54736010576296,0.9415542483329772,71.60758341819849,-1.0,-0.8232954,-0.4912845,-0.65018225,-20.0,1.0,160000
72757,11317,13.814697265625,96.5471799440836,0.9415416717529296,71.60741661386317,-0.48972392,-1.0,-0.6257318,0.18087852,-20.0,1.0,128686
117749,56309,68.736572265625,96.54594249876912,0.94145530462265,71.60627090223848,-1.0,-1.0,-1.0,-0.39201427,-45.9957492351532,1.0,160000
103907,42467,51.839599609375,96.5449464547748,0.941385805606842,71.60534868180301,-0.4211077,-0.6957762,-0.8226404,-0.43853378,-20.0,1.0,160000
66862,5422,6.618652343750001,96.5448311161936,0.9413777589797974,71.60524189089843,-0.61697114,-0.14707601,-0.75738055,-0.6866898,-50.67946434020996,1.0,160000
84744,23304,28.447265625,96.54401254306978,0.9413206577301024,71.6044839767194,-1.0,-0.49417418,-0.62254477,0.42372227,-20.0,1.0,160000
77111,15671,19.129638671875,96.54327756314431,0.9412693977355956,71.60380345367828,-0.7050557,-1.0,-1.0,-0.4140659,-60.0,1.0,160000
77016,15576,19.013671875,96.54242190917486,0.9412097334861756,71.60301118872428,-1.0,-0.4231742,-1.0,1.0,-37.130029797554016,1.0,160000
128620,67180,82.0068359375,96.54242190917486,0.9412097334861756,71.60301118872428,-1.0,-0.9244158,-1.0,1.0,-20.0,1.0,159367
102814,41374,50.50537109374999,96.54242190917486,0.9412097334861756,71.60301118872428,-1.0,-0.045608997,-1.0,1.0,-20.0,1.0,159765
128618,67178,82.00439453125,96.54242190917486,0.9412097334861756,71.60301118872428,-0.10433555,-0.4594438,-1.0,1.0,-25.36914348602295,1.0,160000
102819,41379,50.51147460937499,96.54242190917486,0.9412097334861756,71.60301118872428,-1.0,-1.0,-1.0,1.0,-52.38943099975586,1.0,150848
139246,77806,94.97802734375,96.54087510931332,0.9411019086837769,71.6015789552289,-1.0,-1.0,1.0,-0.08252108,-20.0,1.0,154366
95361,33921,41.407470703125,96.54032858317032,0.9410638213157654,71.60107290093953,-1.0,-0.79742986,-0.7762146,1.0,-52.07711577415466,1.0,121046
121722,60282,73.58642578125,96.53980850095591,0.941027581691742,71.60059132867627,-1.0,-0.9483987,-1.0,0.06675863,-32.12832689285278,1.0,160000
83072,21632,26.40625,96.53917541422976,0.9409834742546082,71.60000511461534,-1.0,-0.27821648,0.52374417,-0.20570487,-35.04532963037491,1.0,160000
140894,79454,96.98974609375,96.5381708235826,0.9409134984016418,71.59907489132615,-1.0,-1.0,-0.4599443,-0.24998438,-20.0,1.0,160000
77222,15782,19.26513671875,96.53754517922306,0.940869927406311,71.5984955551599,-1.0,-1.0,-0.09462613,-0.62259984,-23.42198252677917,1.0,160000
131978,70538,86.10595703125,96.53744931255842,0.9408632516860962,71.5984067837841,-1.0,0.19340026,-1.0,1.0,-28.51857662200928,1.0,160000
110166,48726,59.47998046875001,96.53646740203338,0.9407948851585388,71.59749753951674,-1.0,-1.0,-1.0,-0.20055294,-28.69454860687256,1.0,160000
130314,68874,84.07470703125,96.53645969645775,0.9407943487167358,71.59749040414187,-1.0,-1.0,0.4829483,-0.90703106,-43.51630926132202,1.0,160000
73809,12369,15.098876953125002,96.53311406584372,0.9405615329742432,71.59439227135184,-1.0,-1.0,-1.0,-0.116904795,-30.09136915206909,1.0,160000
83935,22495,27.459716796875,96.53194680127174,0.9404803514480592,71.59331132227001,-0.5980203,-1.0,-0.9113551,0.14781052,-20.0,1.0,160000
87121,25681,31.348876953125,96.53171536452786,0.9404642581939696,71.59309699741128,-1.0,-1.0,-1.0,-0.63184,-22.962546348571777,1.0,94050
89942,28502,34.79248046875,96.5305914191527,0.9403861165046692,71.5920561439081,-1.0,-0.7802825,-1.0,1.0,-53.97830247879028,1.0,116632
83404,21964,26.8115234375,96.53043964934211,0.940375566482544,71.59191559297996,-1.0,-0.6936667,-1.0,1.0,-31.19235038757324,1.0,160000
109203,47763,58.304443359375,96.53043964934211,0.940375566482544,71.59191559297996,-1.0,-0.4802162,-1.0,1.0,-23.357720375061035,1.0,160000
83406,21966,26.81396484375,96.53043964934211,0.940375566482544,71.59191559297996,-1.0,-1.0,-1.0,1.0,-41.48972988128662,1.0,160000
137554,76114,92.91259765625,96.52917639131246,0.9402877688407898,71.59074570375276,-1.0,-1.0,-0.5604342,0.72715265,-23.68571519851685,1.0,160000
136387,74947,91.488037109375,96.52866514242706,0.9402522444725036,71.59027223589621,-0.4283719,-1.0,-1.0,0.43395466,-29.27303433418274,1.0,160000
141683,80243,97.952880859375,96.52840263007718,0.9402340054512024,71.59002912174326,-1.0,-0.32088006,-0.5209937,-0.15655088,-30.737452507019043,1.0,160000
96404,34964,42.6806640625,96.52754720016732,0.9401745796203612,71.58923689706577,-1.0,-1.0,0.3224141,-0.007611096,-25.209360122680664,1.0,148499
67291,5851,7.142333984375,96.52655940911504,0.9401059746742249,71.58832207910885,-1.0,-0.5122446,-0.82625777,-0.48110336,-20.0,1.0,156077
63739,2299,2.806396484375,96.52598430065136,0.9400660395622252,71.58778945092003,-0.9471841,-1.0,-0.17037821,-0.22119594,-20.54307460784912,1.0,137715
118402,56962,69.53369140625,96.52530779818504,0.9400190711021424,71.58716291263858,-0.78194654,-0.7773251,-1.0,-0.975932,-60.0,1.0,160000
128601,67161,81.983642578125,96.52512405814076,0.9400063157081604,71.58699274197913,-1.0,-0.5476292,0.32253015,0.39640754,-60.0,1.0,134459
90837,29397,35.885009765625,96.52479347645026,0.939983367919922,71.58668657296325,-1.0,-1.0,-1.0,-0.1080209,-23.53034496307373,1.0,160000
113637,52197,63.717041015625,96.52458824441102,0.9399691224098206,71.58649649610496,-1.0,-0.2611401,-0.24010766,-0.34932745,-55.7634425163269,1.0,160000
108612,47172,57.5830078125,96.52448691256176,0.9399620890617372,71.58640264681468,-1.0,-1.0,-0.29293495,-0.7995312,-23.95132303237915,1.0,160000
74513,13073,15.958251953125,96.52321059773928,0.9398735165596008,71.58522056629847,-1.0,-1.0,0.02280742,-0.31621492,-31.268656849861145,1.0,160000
87952,26512,32.36328125,96.52186169192684,0.9397799372673036,71.58397123127881,-1.0,-0.716406,0.5004145,0.683135,-22.58859872817993,1.0,154362
85821,24381,29.761962890625,96.52051318938337,0.9396864175796508,71.58272224601308,-0.82480067,0.048399627,-0.8920455,0.18609267,-21.459333896636963,1.0,136366
102283,40843,49.857177734375,96.5202767892123,0.9396700263023376,71.58250328934227,-1.0,-0.96154183,-0.5002409,0.028379202,-35.72697579860687,1.0,160000
129518,68078,83.10302734375,96.5193568443579,0.939606249332428,71.5816512184569,-1.0,-1.0,-1.0,-0.61507225,-29.36944603919983,1.0,160000
104679,43239,52.78198242187499,96.5185975151812,0.9395536184310912,71.58094790463281,-0.56919634,-0.34747863,-1.0,0.41908467,-31.52458429336548,1.0154757499694824,129865
83276,21836,26.6552734375,96.51570764821584,0.9393534064292908,71.57827115305814,-1.0,-1.0,-0.7757281,-0.77333933,-39.24586713314056,1.0,160000
73142,11702,14.28466796875,96.5150586677841,0.93930846452713,71.57767001721496,-1.0,-1.0,-0.51921165,-0.097427964,-31.75595462322235,1.0,160000
134125,72685,88.726806640625,96.514637720932,0.939279317855835,71.57728010076934,-1.0,-1.0,-1.0,-0.9000243,-20.0,1.0,160000
105183,43743,53.397216796875,96.51405314245169,0.9392388463020324,71.57673861109652,-1.0,-1.0,-1.0,0.6553229,-42.53389775753021,1.0,160000
61749,309,0.377197265625,96.51355028489203,0.9392040371894836,71.57627281520409,-1.0,-0.341173,0.569756,-0.6898529,-20.0,1.0,105746
75513,14073,17.178955078125,96.51234110128796,0.939120352268219,71.5751527375305,-1.0,-0.27931714,0.91465324,0.1873281,-54.35216188430786,1.0,160000
106527,45087,55.037841796875,96.5108713303222,0.9390186667442322,71.5737912498419,-1.0,-0.1463207,-0.11401087,-0.06663108,-20.0,1.0,160000
83409,21969,26.817626953125,96.50557102041384,0.938652276992798,71.56888119974654,-1.0,-1.0,-0.57610476,0.81755126,-20.0,1.0,160000
113662,52222,63.74755859375,96.50541311928257,0.938641369342804,71.56873491922666,-1.0,-1.0,-0.43452287,-0.35800576,-44.97788310050965,1.0,160000
64221,2781,3.3947753906250004,96.50539327334478,0.938639998435974,71.56871653381245,-1.0,-0.1766733,-0.3069432,-0.93167204,-43.77343535423279,1.0,160000
73254,11814,14.421386718750002,96.50197312690992,0.938403844833374,71.56554801027329,-1.0,-0.11982107,-1.0,-0.89808536,-23.730335235595703,1.0,160000
107350,45910,56.04248046875,96.50075180224182,0.9383195638656616,71.5644165027485,-1.0,-1.0,-0.47901797,-0.3207798,-20.93975305557251,1.0,160000
133755,72315,88.275146484375,96.49931406660542,0.9382203817367554,71.56308447456493,-0.31510592,-1.0,0.03755772,-0.08723259,-20.0,1.0,160000
131782,70342,85.86669921875,96.49491990538615,0.9379174709320068,71.55901322224771,-1.0,-0.94294214,-1.0,0.77689874,-41.53676271438599,1.0,160000
103522,42082,51.36962890625,96.49440685326768,0.937882125377655,71.55853785598268,-1.0,-1.0,-0.05057299,0.3550545,-60.0,1.0,160000
83955,22515,27.484130859375,96.49373970097872,0.9378361701965332,71.55791970378203,-1.0,-1.0,0.85881495,1.0,-20.0,1.0,160000
98900,37460,45.7275390625,96.49245354097668,0.937747597694397,71.55672799170988,-0.04395902,-1.0,0.5638846,-0.47662497,-20.0,1.0,160000
70128,8688,10.60546875,96.49016842336016,0.9375903010368348,71.55461062696378,-1.0,-1.0,-1.0,0.09969324,-20.0,1.0,160000
124881,63441,77.442626953125,96.48969287942576,0.937557578086853,71.55416998475667,0.021390915,-0.7488678,0.05388266,-0.25486523,-60.0,1.0,160000
128418,66978,81.76025390625,96.48949450294556,0.9375439286231996,71.5539861669162,-1.0,-0.41714334,-1.0,0.3383034,-30.756638050079346,1.0,88287
122029,60589,73.961181640625,96.48858999007646,0.937481701374054,71.55314802887217,-0.6494088,-1.0,-0.78354084,-0.29595935,-22.80555009841919,1.0,160000
137610,76170,92.98095703125,96.48490659239336,0.9372284412384032,71.54973481710333,-1.0,-1.0,-0.23388219,-0.7876053,-26.61022424697876,1.0,128519
97928,36488,44.541015625,96.48463859314695,0.9372100234031676,71.5494864694332,-0.02703619,-1.0,-1.0,-0.58736676,-20.0,1.0,160000
102820,41380,50.5126953125,96.4827855278398,0.9370827078819276,71.54776925859443,-1.0,-1.0,-1.0,0.5690118,-60.0,1.2169454097747805,160000
139738,78298,95.57861328125,96.48168508377915,0.9370071291923524,71.54674947095486,-1.0,-0.79210556,-0.44542915,-0.7717643,-37.60990858078003,1.0,160000
103008,41568,50.7421875,96.47833503793102,0.9367771744728088,71.54364486928085,-1.0,-1.0,-1.0,-0.7630309,-54.45358395576477,1.0,160000
62522,1082,1.32080078125,96.47810308880136,0.9367612600326538,71.54342990879667,-0.07662904,-1.0,-0.6822946,1.0,-20.0,1.04896342754364,147808
104248,42808,52.255859375,96.47805704487769,0.9367581009864808,71.54338723718527,-1.0,-1.0,-1.0,-0.13526607,-43.795819878578186,1.0,99117
101316,39876,48.6767578125,96.47739065225524,0.936712384223938,71.54276964892125,-1.0,-1.0,0.2602582,0.36663687,-22.21841096878052,1.0,116273
138518,77078,94.08935546875,96.47630524788592,0.9366379380226136,71.54176372376133,-1.0,-1.0,-1.0,-0.75659704,-36.5623265504837,1.0,160000
111278,49838,60.83740234375,96.47380831797857,0.9364667534828186,71.53944957545806,-0.7662649,-1.0,1.0,0.21950781,-20.0,1.0,148731
124835,63395,77.386474609375,96.47235918180324,0.9363674521446228,71.53810648320047,-1.0,-1.0,-0.97292405,0.36539048,-47.03978896141052,1.0,131710
78637,17197,20.992431640625,96.47209382743443,0.9363492727279664,71.53786054385199,-0.98152465,-1.0,-1.0,-0.634456,-57.91396379470825,1.0,160000
81024,19584,23.90625,96.47173970444663,0.9363250136375428,71.53753232936367,-1.0,-1.0,-1.0,-0.83454114,-20.0,1.0,160000
121657,60217,73.507080078125,96.47166400336714,0.9363198280334472,71.53746216655173,-1.0,-1.0,-0.87711954,-0.45546162,-48.528650403022766,1.0,160000
124834,63394,77.38525390625,96.47115059079152,0.9362846612930298,71.53698631315167,-1.0,-1.0,-1.0,0.33675754,-20.0,1.0,160000
70439,8999,10.985107421875,96.46948024325935,0.9361702799797058,71.53543813818646,-0.02151227,-0.20520377,-0.1689111,-0.71171963,-26.927623748779297,1.0,96164
87903,26463,32.303466796875,96.469419300383,0.9361661076545716,71.53538165212159,-1.0,-1.0,-0.7039244,0.013968468,-20.0,1.0,116998
139296,77856,95.0390625,96.4692355955812,0.936153531074524,71.53521138154304,-0.70534474,-1.0,-0.7341263,1.0,-34.72674250602722,1.0,160000
134250,72810,88.87939453125,96.46923124228556,0.9361532330513,71.53520734659611,-1.0,-0.0460999,-0.72130275,-0.0849098,-20.0,1.0,154780
86386,24946,30.45166015625,96.46860867272682,0.9361106157302856,71.5346303019467,0.032854676,-0.69624615,-1.0,-0.2555884,-32.7316677570343,1.0,160000
129869,68429,83.531494140625,96.46850330531367,0.9361034035682678,71.53453263895405,-1.0,-0.5761991,-1.0,-0.9382857,-60.0,1.0,160000
66863,5423,6.619873046874999,96.46848675976791,0.9361022710800172,71.5345173031987,-1.0,-1.0,-1.0,-0.70471495,-60.0,1.0,93543
97805,36365,44.390869140625,96.46717422100744,0.9360124468803406,71.53330072458296,-0.3176837,-1.0,-1.0,-0.17801422,-20.6606924533844,1.0,160000
76698,15258,18.62548828125,96.46578805900586,0.9359176158905028,71.53201588152668,-1.0,-1.0,-1.0,-0.9232187,-30.356595516204838,1.0,160000
76753,15313,18.692626953125,96.46549002876102,0.9358972311019896,71.53173963205629,-0.6070927,-0.9524583,-1.0,-0.49131572,-45.31469881534576,1.0,160000
101064,39624,48.369140625,96.46488605803997,0.9358559250831604,71.53117979751701,-0.64473605,-0.65126115,-0.8331558,-0.5614934,-20.0,1.0,160000
70919,9479,11.571044921875,96.46417913219052,0.9358075857162476,71.53052452557502,-0.96127164,-1.0,0.35730457,-0.17126822,-20.0,1.0,160000
106020,44580,54.4189453125,96.4638339052679,0.9357839822769164,71.5302045215052,-1.0,0.24701416,-1.0,1.0,-30.352667570114136,1.0,137437
118242,56802,69.33837890625,96.46349126458207,0.9357605576515198,71.52988691321895,-0.46823007,-0.25399244,-1.0,0.43058658,-49.884987473487854,1.0,160000
97597,36157,44.136962890625,96.46310412417256,0.9357340931892396,71.52952805444224,-1.0,-1.0,-1.0,-0.5884493,-24.53335285186768,1.0,160000
117405,55965,68.316650390625,96.4605108985873,0.9355568885803224,71.5271242217531,-1.0,-1.0,-0.73539,-0.5188807,-20.0,1.0,160000
71810,10370,12.65869140625,96.4603154453113,0.9355435371398926,71.52694303969443,-1.0,-1.0,-1.0,0.03256446,-20.0,1.0,160000
138191,76751,93.690185546875,96.45845293081868,0.935416340827942,71.52521649424476,-1.0,-1.0,-0.18630898,-0.40724683,-20.0,1.0,160000
102807,41367,50.496826171875,96.4583551557046,0.935409665107727,71.52512585578603,-0.91351324,-0.40600628,-1.0,0.55555725,-39.12407398223877,1.0,160000
72755,11315,13.812255859375,96.45721048763376,0.9353315234184264,71.52406472860234,-1.0,-1.0,-1.0,0.3145737,-55.01610279083252,1.0,80174
124293,62853,76.724853515625,96.45659480018486,0.93528950214386,71.52349396877263,-1.0,-1.0,-0.58419,-0.21226496,-37.02668786048889,1.0,160000
128604,67164,81.9873046875,96.45533256696083,0.9352033734321594,71.52232382754508,-0.10587686,-1.0,-0.89291203,0.56084514,-20.0,1.0,104642
62451,1011,1.234130859375,96.45384708356096,0.9351020455360411,71.52094669852956,-1.0,-1.0,0.28562456,-0.713384,-52.7093517780304,1.0,160000
62811,1371,1.673583984375,96.4537221033853,0.9350935220718384,71.52083083340513,-1.0,-0.119149506,-1.0,0.53848773,-39.34140861034393,1.0,160000
125146,63706,77.76611328125,96.4493462457227,0.9347952604293824,71.51677399112724,-1.0,-0.29850167,-0.06880468,-0.3003673,-35.61955749988556,1.0,130342
134725,73285,89.459228515625,96.44910475417235,0.9347788095474244,71.51655009811145,-1.0,-1.0,-1.0,0.7978802,-28.75857353210449,1.0,160000
88490,27050,33.02001953125,96.44648855073072,0.9346006512641908,71.51412450153946,-1.0,-0.9912734,-1.0,-0.20053697,-46.590229868888855,1.0,128735
83234,21794,26.60400390625,96.44533790337094,0.9345223307609558,71.51305765872752,-0.5422516,-0.61300737,1.0,-0.49384326,-34.66723322868347,1.0,160000
129088,67648,82.578125,96.44500157962376,0.934499442577362,71.51274582713329,-1.0,-1.0,0.12613016,0.17024207,-30.933703780174252,1.0,85602
84191,22751,27.772216796875,96.44315918811635,0.9343740940093994,71.51103757907173,-1.0,-1.0,-0.71218365,-0.87568885,-20.0,1.0,160000
109181,47741,58.27758789062501,96.44240376788618,0.934322714805603,71.51033714818332,-1.0,-0.14521307,-1.0,-0.086877584,-42.96795964241028,1.0,160000
113355,51915,63.372802734375,96.44182965987426,0.9342836737632751,71.50980482643793,-0.2543093,-1.0,-0.13433444,1.0,-20.0,1.0,109400
99154,37714,46.03759765625,96.43994549070604,0.9341555833816528,71.50805776676492,-1.0,-1.0,-1.0,-0.2940024,-53.318002223968506,1.0,143492
122206,60766,74.17724609375,96.437966568915,0.9340211153030396,71.50622280146234,-1.0,-1.0,-1.0,0.18806493,-60.0,1.0,160000
126179,64739,79.027099609375,96.43692409048784,0.9339503049850464,71.50525613824006,-1.0,-1.0,-0.65442675,1.0,-60.0,1.0,160000
113492,52052,63.5400390625,96.43624300092,0.9339040517807008,71.50462457416562,-1.0,-1.0,-1.0,1.0,-20.0,1.0,133832
139299,77859,95.042724609375,96.43624300092,0.9339040517807008,71.50462457416562,-1.0,-0.24995458,-1.0,1.0,-20.0,1.0,160000
113498,52058,63.54736328125,96.43624300092,0.9339040517807008,71.50462457416562,-0.64690065,-0.049070477,-1.0,1.0,-20.08830428123474,1.0,160000
100316,38876,47.4560546875,96.43536075048632,0.9338441491127014,71.50380646799714,0.118863344,-1.0,-0.11860317,-0.28729153,-20.0,1.0,160000
76146,14706,17.95166015625,96.43510613524728,0.9338268637657166,71.5035703628135,-1.0,-0.040753603,-0.5809735,-0.52756846,-20.0,1.0,160000
125911,64471,78.699951171875,96.43434043773426,0.9337748885154724,71.50286032518636,-0.93892646,-0.28416342,-1.0,0.35005605,-60.0,1.0,160000
104592,43152,52.67578125,96.43218570286368,0.9336286783218384,71.50086218227733,-1.0,-1.0,-1.0,0.8119837,-20.0,1.0,160000
70277,8837,10.787353515625,96.43188431816657,0.9336082339286804,71.50058269559757,-1.0,-0.90324473,0.0018075705,0.95101285,-20.0,1.0,160000
74573,13133,16.031494140625,96.43159609272816,0.933588683605194,71.50031541098578,-1.0,-1.0,-0.64684755,1.0,-53.519134521484375,1.0,160000
135751,74311,90.711669921875,96.43064955072366,0.933524489402771,71.49943763203572,-0.88126767,-0.66260374,0.79932725,-0.94529927,-27.34854221343994,1.0,131797
100455,39015,47.625732421875,96.4303304717608,0.9335028529167176,71.49914173054385,-1.0,-1.0,-1.0,-0.6693275,-20.0,1.0,160000
65369,3929,4.796142578125,96.42693068850824,0.933272421360016,71.49598882388197,-1.0,-0.9101072,-0.924325,-0.0720616,-30.171090364456177,1.0,160000
112527,51087,62.362060546875,96.4257965047514,0.9331955909729004,71.4949369671584,-1.0,-1.0,-1.0,0.5077392,-48.63853454589844,1.0,160000
127192,65752,80.263671875,96.42293104665973,0.9330015778541564,71.49227943256211,0.06252122,-0.38662457,-0.5635109,0.5839061,-20.0,1.0,154494
121195,59755,72.943115234375,96.42119230601118,0.93288391828537,71.49066680851512,-1.0,-0.73314846,-1.0,1.0,-42.7107447385788,1.0,79565
126567,65127,79.500732421875,96.41854049274312,0.9327045679092408,71.4882072674205,-1.0,-0.12017286,-1.0,-0.808599,-24.417221546173096,1.0,95588
104194,42754,52.18994140624999,96.41537880948997,0.932490885257721,71.48527471045205,-1.0,-1.0,-1.0,-0.3103006,-20.0,1.0,160000
83124,21684,26.4697265625,96.4150461837404,0.9324684143066406,71.48496618276305,0.026239991,-1.0,-1.0,0.787871,-36.60479187965393,1.0,160000
103712,42272,51.6015625,96.41358654619528,0.932369828224182,71.48361227672879,-0.5353116,-1.0,-1.0,-0.5522777,-33.21859896183014,1.0,160000
82608,21168,25.839843750000004,96.41352740844178,0.9323658347129822,71.48355742216809,-1.0,-0.41494775,-1.0,-0.41423517,-25.3429651260376,1.0,160000
64601,3161,3.858642578125,96.4125325305322,0.9322986602783204,71.48263459414714,-0.87895477,-0.12475407,-1.0,-0.70790493,-25.395445823669437,1.0,100384
90209,28769,35.118408203125,96.4119171213544,0.932257115840912,71.4820637472591,-1.0,-1.0,-1.0,-0.74953496,-60.0,1.0,160000
77235,15795,19.281005859375,96.41082999649106,0.9321837425231934,71.48105533051606,-1.0,-1.0,0.76916575,-0.8546488,-27.683990001678467,1.0,160000
85928,24488,29.892578125000004,96.41044841885812,0.9321579933166504,71.48070137572289,-0.07397187,-1.0,-0.6500929,1.0,-35.12309730052948,1.0,160000
95398,33958,41.45263671875,96.4089730046584,0.9320584535598756,71.47933275143689,-1.0,-1.0,-1.0,1.0,-53.1937301158905,1.0,160000
121199,59759,72.947998046875,96.4089730046584,0.9320584535598756,71.47933275143689,-1.0,-1.0,-1.0,1.0,-20.0,1.0,160000
121192,59752,72.939453125,96.4089730046584,0.9320584535598756,71.47933275143689,-1.0,-1.0,-1.0,1.0,-21.618342399597168,1.0,141520
69591,8151,9.949951171875,96.4089730046584,0.9320584535598756,71.47933275143689,-1.0,-0.4007473,-1.0,1.0,-60.0,1.0,134858
95395,33955,41.448974609375,96.4089730046584,0.9320584535598756,71.47933275143689,-1.0,-1.0,-1.0,1.0,-24.48938488960266,1.0,160000
75652,14212,17.3486328125,96.40532106123771,0.9318122267723083,71.47594501817984,-1.0,-1.0,-0.07668948,0.0099717975,-54.982924461364746,1.0,160000
113592,52152,63.662109375,96.404463961891,0.931754469871521,71.47514990416573,-1.0,-1.0,-1.0,-0.53693604,-20.10179042816162,1.0,160000
68807,7367,8.992919921875,96.39783907416518,0.9313084483146667,71.46900382105841,-0.3367607,-0.92690974,-0.64812976,-0.34317356,-20.0,1.0,160000
79595,18155,22.161865234375,96.39723829597924,0.931268036365509,71.46844643647208,-0.0138762,-0.10366726,-0.27701312,0.404751,-60.0,1.0,160000
71656,10216,12.470703125,96.3964973926335,0.9312182068824768,71.46775904169122,-0.21422708,-1.0,-0.94741493,-0.959303,-20.0,1.0,143605
98425,36985,45.147705078125,96.3947686903458,0.9311019778251648,71.46615516118047,-1.0,-0.0098570585,-1.0,-0.52488756,-60.0,1.0,109983
87554,26114,31.87744140625,96.39412666934534,0.9310588240623474,71.46555948823193,-0.66325283,0.019611776,-0.18792543,1.0,-57.242586612701416,1.0,160000
102702,41262,50.36865234375,96.3907925810415,0.9308348298072816,71.46246600900416,-0.4600219,-1.0,-1.0,-0.95930207,-25.87141513824463,1.0,160000
127212,65772,80.2880859375,96.39073222674644,0.9308307766914368,71.46241000899899,-1.0,-1.0,-0.9779069,-0.14238071,-20.0,1.0,160000
140885,79445,96.978759765625,96.39063281774511,0.930824100971222,71.46231777181052,-1.0,-0.82468164,-0.94497126,-0.38469744,-25.3127920627594,1.0,160000
89073,27633,33.731689453125,96.39050145217196,0.9308152794837952,71.46219588335471,-0.24229968,-0.6610056,-1.0,-0.42497635,-20.0,1.0,160000
92892,31452,38.3935546875,96.39047837400368,0.930813729763031,71.46217447009468,-0.36837262,-1.0,-0.45130044,0.13229477,-50.72539925575256,1.0,160000
77461,16021,19.556884765625,96.3896092981396,0.930755376815796,71.4613680864476,-1.0,-0.2753396,-1.0,-0.8361856,-20.0,1.0,160000
131585,70145,85.626220703125,96.3880926370426,0.9306535720825196,71.45996080994696,-0.82558745,-1.0,-1.0,-0.9457532,-20.0,1.0,160000
139295,77855,95.037841796875,96.38783595710277,0.9306363463401794,71.45972263947431,-1.0,-1.0,-0.8000399,1.0,-20.0,1.0,160000
102811,41371,50.50170898437501,96.38725770257446,0.9305975437164308,71.4591860805372,-0.73318356,-1.0,-0.5783753,1.0,-49.21214818954468,1.0,160000
138323,76883,93.851318359375,96.38675577231471,0.9305638670921326,71.45872033910459,-0.41868252,-0.13537568,-1.0,0.5336932,-49.694034457206726,1.0,160000
95369,33929,41.417236328125,96.38528338735416,0.9304651021957396,71.45735409423965,-1.0,-0.45261896,-1.0,1.0,-20.0,1.0,160000
69570,8130,9.92431640625,96.38528338735416,0.9304651021957396,71.45735409423965,-0.3454944,-1.0,-1.0,1.0,-42.48832762241364,1.0,151239
121166,59726,72.90771484375,96.38528338735416,0.9304651021957396,71.45735409423965,-0.91353977,-0.9287522,-1.0,1.0,-20.0,1.0,160000
95366,33926,41.41357421875,96.38528338735416,0.9304651021957396,71.45735409423965,-1.0,-1.0,-1.0,1.0,-20.0,1.0,160000
95370,33930,41.41845703125,96.38528338735416,0.9304651021957396,71.45735409423965,-1.0,-0.079190135,-1.0,1.0,-30.79854428768158,1.0,160000
121170,59730,72.91259765625,96.38528338735416,0.9304651021957396,71.45735409423965,-1.0,-1.0,-1.0,1.0,-20.0,1.0,160000
119378,57938,70.72509765625,96.38457677588792,0.9304177165031432,71.45669841095877,-1.0,-1.0,-1.0,-0.9164717,-50.53251266479492,1.0,160000
104808,43368,52.939453125,96.38443188336822,0.9304080009460448,71.45656396063899,-1.0,-1.0,-0.16885763,-0.9586067,-23.21853518486023,1.0,160000
94474,33034,40.32470703125,96.38360865508204,0.9303528070449828,71.45580005636779,-1.0,-0.9682835,0.18531239,-0.48875445,-55.53908228874207,1.0,160000
73282,11842,14.45556640625,96.38341038010743,0.930339515209198,71.45561606837185,-1.0,-1.0,0.67141664,-0.23553038,-20.0,1.0,160000
92442,31002,37.84423828125,96.38336592252796,0.9303365349769592,71.45557481417886,-0.08048761,-1.0,-1.0,0.45886272,-48.974926471710205,1.0,160000
74336,12896,15.742187499999998,96.38153207485198,0.9302136301994324,71.4538730830992,-1.0,-1.0,0.107325554,0.44296566,-38.68822634220123,1.0,160000
88909,27469,33.531494140625,96.3810854959113,0.9301837086677552,71.45345867097689,-0.77409214,-1.0,-0.3243571,-0.713447,-46.47800147533417,1.0,160000
118295,56855,69.403076171875,96.38093959113098,0.930173933506012,71.45332327510252,-0.7273264,-0.7233485,-1.0,0.42544264,-45.81705451011658,1.0,80176
134332,72892,88.9794921875,96.38041108799042,0.9301385283470154,71.45283283563103,0.17908812,-1.0,-1.0,0.31223226,-31.904696822166443,1.0,160000
97288,35848,43.759765625,96.37844862875905,0.9300071001052856,71.45101168602595,-1.0,0.103992224,-1.0,1.0,-20.0,1.0,160000
86207,24767,30.233154296875,96.3779999357627,0.9299770593643188,71.45059529517668,-1.0,0.11615169,-0.12969011,0.51425695,-20.0,1.0,160000
74500,13060,15.9423828125,96.37772303939217,0.9299585223197936,71.4503383318024,-1.0,-1.0,0.32574445,-0.8256757,-26.26657247543335,1.0,160000
73065,11625,14.190673828125,96.37671412498132,0.9298909902572632,71.4494020383881,-0.5678097,-1.0,-0.9373491,-0.15641975,-20.0,1.0,160000
105621,44181,53.93188476562501,96.37631868448216,0.9298645257949828,71.44903505804083,-1.0,-1.0,0.62839,-0.977131,-20.0,1.0,160000
84413,22973,28.043212890625004,96.37462516585536,0.9297512173652648,71.44746340161072,-1.0,-1.0,-0.9795974,-0.6820982,-20.0,1.0,160000
67322,5882,7.180175781250001,96.37422506994224,0.9297244548797609,71.44709209067811,-1.0,-0.48336846,-0.07492554,-0.93799955,-20.0,1.0,160000
103475,42035,51.312255859375,96.37368144779494,0.9296880960464478,71.44658757640201,-1.0,-1.0,-1.0,-0.42683136,-30.09346604347229,1.0,160000
66109,4669,5.699462890625,96.37235417503342,0.9295993447303772,71.4453557717366,-1.0,-1.0,-1.0,-0.703219,-25.2498722076416,1.0,138511
107728,46288,56.50390625,96.37041464672754,0.9294697046279908,71.44355571119551,-1.0,-1.0,-0.73357,-0.5983983,-20.0,1.0,160000
109970,48530,59.24072265625,96.3703709411404,0.9294667840003968,71.44351514786483,-1.0,-1.0,-1.0,0.95727694,-37.29681730270386,1.0,160000
126114,64674,78.94775390625,96.37025409332598,0.9294589757919312,71.44340670082534,-1.0,-1.0,-1.0,0.18456703,-23.690714836120605,1.0,160000
110077,48637,59.371337890625,96.3702353616903,0.9294577240943908,71.44338931588534,-1.0,-1.0,0.23287189,-0.37556827,-31.337770819664,1.0,160000
116928,55488,67.734375,96.36977150368614,0.9294267296791076,71.44295880520966,-1.0,0.23744273,-1.0,-0.6801002,-22.259533405303955,1.0,160000
86010,24570,29.99267578125,96.36927547495786,0.9293935894966124,71.4424984337013,-0.04261899,-1.0,-0.904192,-0.9148074,-20.0,1.0,160000
91764,30324,37.0166015625,96.3646504510182,0.9290847778320312,71.43820573718877,-1.0,-1.0,-0.41381568,-0.59282947,-44.001081585884094,1.0,160000
140226,78786,96.17431640625,96.36425921638498,0.9290586709976196,71.4378426024683,-1.0,-1.0,1.0,-0.33121908,-34.97789680957794,1.0,160000
108976,47536,58.02734375000001,96.36377503475812,0.9290263652801514,71.43739319397271,-1.0,-1.0,1.0,-0.75486934,-33.23115587234497,1.0,129649
138541,77101,94.117431640625,96.36370356404792,0.9290215969085692,71.43732685593042,-0.7331181,-1.0,-0.2611493,-0.7512262,-20.0,1.0,153400
68867,7427,9.066162109375,96.36297538600276,0.9289730191230774,71.43665096844093,-1.0,-0.0934065,0.08613086,0.1619755,-20.0,1.0,160000
108472,47032,57.412109375,96.36250088465816,0.9289413690567015,71.43621053762891,-1.0,-1.0,-0.7773478,-0.53995085,-20.0,1.0,160000
132764,71324,87.0654296875,96.36200756018836,0.9289084672927856,71.43575263234446,-1.0,-1.0,-0.21016765,-0.504756,-26.658073663711548,1.0,160000
73094,11654,14.226074218750002,96.36145965105034,0.9288719296455384,71.43524405793868,-1.0,-1.0,-0.25015384,-0.47032666,-33.6722606420517,1.0,160000
83499,22059,26.927490234375,96.3612388580782,0.9288572072982788,71.4350391147984,-1.0,-1.0,0.3861245,0.010178983,-24.12778615951538,1.0,125141
89362,27922,34.08447265625,96.36110655544664,0.928848385810852,71.43491630935246,-1.0,-1.0,-1.0,-0.6237068,-60.0,1.0,160000
108590,47150,57.55615234375,96.36096262684842,0.9288387894630432,71.43478271225455,-1.0,-1.0,-0.18359202,-0.68266606,-37.876867055892944,1.0,136919
88617,27177,33.175048828125,96.3592333055962,0.9287235140800476,71.43317750569048,-1.0,-0.95873713,-0.41800082,0.28055823,-39.12563383579254,1.0,160000
82388,20948,25.571289062500004,96.35898824525152,0.9287071824073792,71.43295003057543,-1.0,-1.0,-1.0,-0.8635202,-20.0,1.0853630900382996,160000
90473,29033,35.440673828125,96.35871096975892,0.9286887049674988,71.43269265115345,-0.9704207,-1.0,-1.0,0.0008662343,-30.128479599952698,1.0,159340
97094,35654,43.52294921875,96.35809910930526,0.9286479353904724,71.43212469181721,-1.0,-0.31904417,1.0,-0.95857733,-32.54375874996185,1.0,160000
82526,21086,25.73974609375,96.35770009910996,0.9286213517189026,71.43175430824243,-1.0,-0.5075113,-1.0,-0.6905194,-25.09818315505981,1.0,160000
137042,75602,92.28759765625,96.35697355162824,0.928572952747345,71.43107988128617,-1.0,-1.0,-0.70977175,0.8316174,-52.89937376976013,1.0,160000
129324,67884,82.8662109375,96.3567015110105,0.9285548329353333,71.43082735447048,-1.0,-0.75444365,-1.0,1.0,-27.031846046447757,1.0,160000
129322,67882,82.86376953125,96.3567015110105,0.9285548329353333,71.43082735447048,-1.0,-0.97229266,-1.0,1.0,-39.70404386520386,1.0,160000
127887,66447,81.112060546875,96.3566352879012,0.92855042219162,71.43076588148904,-0.13346457,-1.0,-1.0,0.25197405,-33.10682415962219,1.0,160000
137807,76367,93.221435546875,96.35514409362082,0.928451120853424,71.42938163524923,-0.4361961,-1.0,-0.2094667,0.75123787,-60.0,1.0,160000
78959,17519,21.385498046875,96.35450216041517,0.92840838432312,71.42878573302238,-1.0,-0.07304573,-0.79520345,0.5322932,-27.303041219711304,1.0,160000
109991,48551,59.26635742187501,96.35367654410392,0.9283534288406372,71.42801931168385,-1.0,-1.0,-0.86031616,0.9393925,-20.0,1.0,160000
63734,2294,2.80029296875,96.35185011398472,0.9282318949699402,71.4263238034988,-1.0,-0.7887006,-1.0,-0.28247648,-20.0,1.0,160000
128422,66982,81.76513671875,96.35163866566542,0.9282178282737732,71.42612750958521,-1.0,-1.0,-0.52443653,-0.9308984,-20.0,1.0,160000
110727,49287,60.164794921875,96.35123276229108,0.92819082736969,71.42575069560773,-1.0,-0.93281627,-1.0,0.35313952,-51.77339553833008,1.0,160000
84422,22982,28.05419921875,96.3512309701354,0.9281907081604004,71.42574903188392,-0.34087288,-0.5213815,1.0,-0.52374405,-31.573790311813354,1.0,160000
130242,68802,83.98681640625,96.34665935828193,0.9278867840766908,71.42150491076009,-1.0,-0.7886102,0.18103975,-0.016165733,-20.0,1.0,160000
128616,67176,82.001953125,96.34633550605764,0.9278652667999268,71.42120424835443,-0.60895073,-1.0,-0.5803709,1.0,-20.0,1.0,109585
67505,6065,7.403564453125,96.34252184547252,0.927612006664276,71.41766357428399,-0.94038373,-1.0,0.55125123,1.0,-43.538923263549805,1.0,77827
84169,22729,27.745361328125,96.34216803664316,0.9275885224342346,71.41733508264234,0.052071452,-0.6617696,-1.0,1.0,-20.0,1.0,142810
101485,40045,48.883056640625,96.3415654149311,0.9275485277175904,71.41677557873291,-0.0132831335,-1.0,-1.0,-0.4722345,-28.955082893371586,1.0,160000
125863,64423,78.641357421875,96.34142350326024,0.9275391101837158,71.41664382025769,-0.48448497,-0.22946227,-1.0,-0.04508686,-20.0,1.0,160000
125407,63967,78.084716796875,96.33921426804962,0.9273925423622132,71.41459261547526,-1.0,-1.0,-0.66635406,-0.099627495,-20.0,1.0,160000
111759,50319,61.42456054687499,96.33891949510964,0.9273729920387268,71.41431892371574,-1.0,-1.0,-0.94282144,0.93406993,-20.0,1.0,158908
113907,52467,64.046630859375,96.33611451599428,0.9271870255470276,71.41171449512487,-1.0,-0.7294104,-0.034243464,-0.5252731,-60.0,1.0,160000
127218,65778,80.29541015625,96.33518360168372,0.9271253347396852,71.4108501184793,-1.0,-0.48958036,-0.92836857,-0.1517973,-40.02382636070252,1.0,127914
113554,52114,63.61572265624999,96.33490293753025,0.9271067380905152,71.4105895129252,-1.0,-0.1560353,0.6173207,-0.36237836,-41.25799119472504,1.0,160000
118978,57538,70.23681640625,96.33414361048948,0.9270564317703248,71.40988444898379,-1.0,-0.06132251,-0.2538794,-0.24937558,-26.59182548522949,1.0,141379
112004,50564,61.72363281249999,96.33304486106184,0.926983654499054,71.40886420624193,-1.0,-0.5435259,-1.0,1.0,-49.398233294487,1.0,160000
137803,76363,93.216552734375,96.33304486106184,0.926983654499054,71.40886420624193,-1.0,-1.0,-1.0,1.0,-60.0,1.0,160000
112007,50567,61.727294921875,96.33304486106184,0.926983654499054,71.40886420624193,-1.0,-1.0,-1.0,1.0,-60.0,1.0,155409
112005,50565,61.724853515625,96.33304486106184,0.926983654499054,71.40886420624193,-0.45381874,-0.8068964,-1.0,1.0,-42.40905284881592,1.0,160000
86202,24762,30.22705078125,96.33304486106184,0.926983654499054,71.40886420624193,-1.0,-1.0,-1.0,1.0,-60.0,1.0,160000
86210,24770,30.23681640625,96.33304486106184,0.926983654499054,71.40886420624193,-1.0,-1.0,-1.0,1.0,-30.69329082965851,1.0,153921
86205,24765,30.230712890625,96.33304486106184,0.926983654499054,71.40886420624193,-1.0,-1.0,-1.0,1.0,-20.0,1.0,160000
127133,65693,80.191650390625,96.33268664769504,0.9269599318504332,71.40853158442899,0.07558644,-1.0,-1.0,-0.024711728,-22.57332801818848,1.0,160000
110674,49234,60.10009765624999,96.33265334489236,0.9269577264785768,71.40850066077391,-0.7389363,-0.6014381,0.32841313,0.3603528,-20.0,1.0,160000
107783,46343,56.571044921875,96.33210426042989,0.9269213676452636,71.40799080091178,-1.0,-1.0,1.0,-0.61379254,-23.122742176055908,1.0,117250
126229,64789,79.088134765625,96.331937720557,0.9269103407859802,71.4078361573283,-1.0,0.12592483,-1.0,1.0,-26.846760511398315,1.0,160000
123657,62217,75.948486328125,96.3310932162656,0.9268544316291808,71.40705197261747,-1.0,-1.0,-0.70377207,0.12621146,-26.7103111743927,1.0,160000
123338,61898,75.55908203125,96.33082218245964,0.9268364906311036,71.40680029586593,-1.0,-1.0,0.109030366,0.054558396,-40.633249282836914,1.0,160000
62396,956,1.1669921875,96.33046017635051,0.9268125295639038,71.40646414261994,-1.0,-1.0,-1.0,-0.5357707,-20.0,1.0,160000
125486,64046,78.18115234375,96.33031338384778,0.9268028140068054,71.40632783293621,-1.0,-1.0,-1.0,0.018687904,-20.21359086036682,1.0,160000
139245,77805,94.976806640625,96.32964779981512,0.9267587661743164,71.40570977668241,-0.6735759,-1.0,-1.0,0.5059163,-20.0,1.0,160000
92849,31409,38.341064453125,96.32916678411758,0.9267269372940063,71.40526310587377,-0.43089926,-0.31113565,0.4990586,-0.9756454,-20.0,6.377479791641235,160000
92044,30604,37.3583984375,96.32770898676482,0.9266304969787598,71.40390937945028,-0.72528297,-1.0,-0.61691064,-0.7286602,-20.0,1.0,101784
126963,65523,79.984130859375,96.32713942484511,0.9265928268432616,71.40338047116902,0.029762387,-1.0,-0.29344958,-0.38435298,-20.0,1.0,160000
131790,70350,85.87646484375,96.32633000889308,0.9265393018722534,71.4026288222484,-1.0,0.07790506,-1.0,0.9595085,-46.95887088775635,1.0,160000
81304,19864,24.248046875,96.323698776642,0.9263653755187988,71.40018532372792,-1.0,-1.0,0.9064737,-0.6532571,-25.007786750793457,1.0,98140
83478,22038,26.901855468750004,96.3233659224878,0.9263433814048768,71.39987621223032,-1.0,-1.0,-1.0,0.19423711,-20.0,1.0,160000
94802,33362,40.72509765625,96.32256389692468,0.9262903928756714,71.39913139012525,-1.0,-1.0,-1.0,0.010877609,-60.0,1.0,160000
104441,43001,52.49145507812501,96.32161913218948,0.9262279868125916,71.39825399968841,-0.31864983,-1.0,-1.0,0.56988645,-60.0,1.0,146078
132743,71303,87.039794921875,96.32049181323325,0.9261535406112672,71.39720705963921,-0.4459169,-1.0,-1.0,-0.18868065,-20.0,1.0,160000
86746,25306,30.89111328125,96.32000703603651,0.9261215329170228,71.39675684285379,-1.0,-1.0,-0.5619902,-0.514367,-27.46885657310486,1.0,160000
77251,15811,19.300537109375,96.31897861724266,0.9260536432266236,71.3958017321263,-0.8739481,-0.32333606,-0.60279447,-0.8864316,-47.91966497898102,1.0,109074
77268,15828,19.3212890625,96.31131397222836,0.9255481958389282,71.38868304401163,-1.0,-0.1947099,-1.0,-0.0029950142,-20.0,1.0,160000
130243,68803,83.988037109375,96.31098375277794,0.9255264401435852,71.38837633057756,-0.21358275,-0.49268293,0.07070589,0.14128387,-55.817039012908936,1.0,160000
104872,43432,53.017578125,96.31070960567912,0.9255083799362184,71.38812169711201,-0.4378386,-1.0,-0.57535666,0.094964206,-44.6969085931778,1.0,160000
68166,6726,8.21044921875,96.30908516596894,0.9254013895988464,71.38661286577901,-0.19524038,-1.0,-1.0,-0.4482265,-26.01567506790161,1.0,123574
62529,1089,1.329345703125,96.30504079782436,0.9251351952552797,71.38285619186031,-0.8355433,-1.0,-0.44688308,1.0,-20.0,1.0,160000
69695,8255,10.076904296875,96.30462853566074,0.9251080751419068,71.38247324488327,-1.0,-1.0,-0.8258516,-0.16799605,-26.774051189422607,1.0,160000
84163,22723,27.738037109375004,96.30286939862988,0.9249923825263976,71.380839174159,-1.0,-1.0,-1.0,1.0,-51.40846133232117,1.0,160000
84166,22726,27.74169921875,96.30286939862988,0.9249923825263976,71.380839174159,-1.0,-0.9474982,-1.0,1.0,-20.0,1.0,160000
109961,48521,59.22973632812501,96.30286939862988,0.9249923825263976,71.380839174159,-1.0,-1.0,-1.0,1.0,-24.029173851013184,1.0,160000
84168,22728,27.744140625000004,96.30286939862988,0.9249923825263976,71.380839174159,-1.0,-1.0,-1.0,1.0,-26.240543127059937,1.0,160000
104043,42603,52.005615234375,96.30235719839254,0.9249587059020996,71.38036338204562,-1.0,-1.0,-1.0,-3.7014484e-05,-20.0,1.0,160000
77159,15719,19.188232421875,96.30058259993788,0.9248420596122742,71.37871490127026,-1.0,-1.0,1.0,-0.9834447,-51.73581838607788,1.0,129092
70291,8851,10.804443359375,96.29888074962383,0.9247302412986756,71.3771339635732,-1.0,-1.0,-0.35217184,-0.12812579,-48.09118986129761,1.0,89169
111812,50372,61.4892578125,96.29787346746171,0.9246640801429749,71.37619823040947,-1.0,-0.29326308,-0.41236746,1.0,-33.903183341026306,1.0,108502
91382,29942,36.55029296875,96.29310603098072,0.924351155757904,71.3717692707367,-0.92284626,-1.0,-1.0,0.009529531,-29.00470495223999,1.0,160000
105566,44126,53.86474609375001,96.29255538551418,0.9243150353431702,71.37125770254099,-1.0,-1.0,-1.0,0.12991184,-20.0,1.0,160000
78680,17240,21.044921875,96.29228639724754,0.9242973923683168,71.37100780207726,-1.0,-0.31055617,-1.0,-0.8323421,-20.0,1.0,160000
79093,17653,21.549072265625,96.29221005961593,0.9242923855781556,71.37093688132094,-0.5168979,0.47812152,-1.0,-0.15865606,-60.0,1.0,160000
99610,38170,46.59423828125,96.29196377046128,0.9242762327194214,71.37070806823783,-1.0,-1.0,-1.0,-0.07206774,-20.0,1.0,160000
109293,47853,58.414306640625,96.29061574164844,0.9241878390312196,71.36945567957245,-0.18264973,-1.0,-1.0,0.17034525,-39.06247913837433,1.0,160000
115333,53893,65.787353515625,96.29006568041154,0.9241517782211304,71.36894463801539,-1.0,-0.09599978,-1.0,-0.26252294,-20.0,1.0,160000
103872,42432,51.796875,96.28802300788789,0.9240179061889648,71.3670468353415,-1.0,-1.0,-1.0,-0.7056842,-23.5304057598114,1.0,160000
111025,49585,60.528564453125,96.28778830102188,0.9240025281906128,71.3668287711468,-1.0,-0.43272406,0.024566531,-0.82452166,-33.96732270717621,1.0,160000
129330,67890,82.87353515625,96.28642346787775,0.9239131212234496,71.3655607032064,-0.9535414,-1.0,-0.34381723,0.6140206,-29.68752145767212,1.0,154690
103690,42250,51.57470703125,96.28626147841248,0.9239025115966796,71.36541019716682,-1.0,-1.0,0.7971122,-0.44335282,-28.231751918792725,1.0,160000
142077,80637,98.433837890625,96.285534269425,0.9238548874855042,71.36473453619226,-1.0,-1.0,-1.0,-0.23674679,-45.91482400894165,1.0,160000
75175,13735,16.766357421875,96.28196649418918,0.9236213564872742,71.36141957178415,-1.0,-0.057090282,0.9598724,0.8359834,-28.39381575584412,1.0,160000
125940,64500,78.7353515625,96.28160845778214,0.9235979318618774,71.3610868974178,-1.0,-1.0,-0.98560536,-0.58120686,-23.882176876068115,2.141344010829925,158190
128374,66934,81.70654296875,96.27601806983252,0.9232324361801147,71.35589231808434,-1.0,-1.0,-1.0,-0.9867505,-58.58212947845459,1.0,160000
104751,43311,52.86987304687501,96.27566956584931,0.9232096672058104,71.35556847663915,-0.36364526,-1.0,-0.3922697,0.30863178,-48.42535972595215,1.0,160000
142166,80726,98.54248046875,96.27447695445498,0.9231317639350892,71.35446025188033,-1.0,-0.8204622,-1.0,-0.4902104,-60.0,1.0,160000
69747,8307,10.140380859375,96.27346840212816,0.9230659008026124,71.35352304958681,-1.0,-1.0,-1.0,-0.11163455,-58.5532021522522,1.0,124110
63731,2291,2.796630859375,96.2720423286481,0.9229727983474731,71.35219784339101,-1.0,-1.0,-1.0,-0.24284893,-20.0,1.0,130617
95392,33952,41.4453125,96.27157569214307,0.9229423403739928,71.35176420729086,-1.0,-1.0,-0.91867614,1.0,-39.9430513381958,1.0,160000
68937,7497,9.151611328125,96.2713775159018,0.9229294061660768,71.35158004524956,-1.0,-1.0,-1.0,-0.8142634,-32.81070828437805,1.0,160000
76183,14743,17.996826171875,96.2708614836219,0.9228957295417786,71.35110050247629,-1.0,-0.042544186,-1.0,-0.36894727,-36.57791793346405,1.0,160000
137988,76548,93.4423828125,96.26952590154453,0.9228085875511168,71.34985934721455,-0.8641828,-0.09923732,-1.0,-0.061541915,-60.0,1.0,87748
113727,52287,63.826904296875,96.26885246989062,0.9227646589279176,71.34923351987355,-1.0,-1.0,-1.0,-0.91867435,-57.77326583862305,1.0,160000
68752,7312,8.92578125,96.26815516819856,0.922719180583954,71.34858550427433,-1.0,-0.57724893,-1.0,-0.06293011,-39.19491708278656,1.0,160000
111922,50482,61.62353515625,96.26557424695014,0.9225509166717528,71.34618695623266,-0.08712602,-1.0,0.054687977,0.20037252,-25.532572269439697,1.0,160000
124764,63324,77.2998046875,96.26495506797217,0.92251056432724,71.34561151817593,-1.0,-1.0,-1.0,-0.075196266,-25.11723518371582,1.0,160000
97641,36201,44.190673828125,96.26359749717209,0.9224221110343932,71.34434983520309,-1.0,-0.8481788,-1.0,-0.20534748,-44.78340148925781,1.0,75762
112363,50923,62.161865234375,96.26296796404309,0.9223811030387878,71.34376475992767,-1.0,0.20058036,-0.73296785,-0.44712818,-54.14228916168213,1.0,142740
120662,59222,72.29248046875,96.26174431675726,0.9223014116287231,71.34262751386198,-1.0,-1.0,-0.96304095,-0.8300971,-20.0,1.0,160000
74124,12684,15.483398437500002,96.26050292041572,0.9222205877304076,71.34147375420714,-1.0,-1.0,-0.084086,-0.46696723,-21.52595043182373,1.0,160000
136347,74907,91.439208984375,96.25787886633768,0.9220498204231262,71.33903488697244,-0.9809192,-0.29990113,1.0,0.32346886,-45.37669897079468,1.0,160000
133752,72312,88.271484375,96.2559324490514,0.9219232201576232,71.33722578217693,-0.64014584,-0.6182995,-1.0,0.0262357,-24.36606526374817,1.0,160000
84948,23508,28.696289062500004,96.25500383004028,0.9218628406524658,71.33636265829718,-1.0,-0.23222315,0.2961247,0.38319254,-32.36315727233887,1.0,160000
95082,33642,41.06689453125,96.25331291168732,0.9217529296875,71.3347909740783,-1.0,-1.0,-1.0,-0.4916516,-28.5613751411438,1.0,160000
136314,74874,91.39892578125,96.25213327289056,0.9216762781143188,71.33369449721998,-0.88692105,-1.0,-1.0,-0.36278296,-41.25720620155335,1.0,160000
72752,11312,13.80859375,96.25170940375934,0.9216487407684326,71.33330050599479,-1.0,-0.4834252,-1.0,0.36984828,-59.988343715667725,1.0,160000
75777,14337,17.501220703125,96.25059448169702,0.9215763211250304,71.33226416320622,-1.0,-1.0,-1.0,-0.85093737,-44.14734721183777,1.0,160000
78842,17402,21.24267578125,96.24628805353244,0.921296775341034,71.32826111543866,-1.0,-0.32073325,-1.0,0.61890846,-32.36654877662659,1.0,160000
86127,24687,30.135498046875,96.24462859714345,0.9211891293525696,71.32671850769225,-1.0,-1.0,-0.9235444,0.37936643,-20.0,1.0,160000
85445,24005,29.302978515625,96.24369751209036,0.921128749847412,71.32585296996496,-0.16847503,-1.0,-0.5923521,0.856713,-28.28065276145935,1.0,143045
102816,41376,50.50781250000001,96.23978436823526,0.9208751320838928,71.32221519769548,-1.0,-1.0,-0.45572138,1.0,-22.376787662506104,1.0,160000
123407,61967,75.643310546875,96.23955802276802,0.920860469341278,71.32200477497263,-1.0,-0.4631216,-0.5524675,0.07668108,-32.63989448547363,1.0,160000
137047,75607,92.293701171875,96.23913658341093,0.920833170413971,71.3216129810752,-1.0,-1.0,-0.3321429,0.6959827,-20.0,1.0,160000
62689,1249,1.524658203125,96.2374200309876,0.9207220077514648,71.3200171555938,-0.85432696,-0.6883974,-1.0,-0.09363699,-20.0,1.0,160000
122173,60733,74.136962890625,96.23724511563842,0.9207106828689576,71.31985454032223,-1.0,-1.0,-0.7747419,-0.9155481,-20.0,1.0,160000
100952,39512,48.232421875,96.2372294649689,0.9207096695899964,71.31983999019334,-1.0,-1.0,-1.0,-0.3533821,-20.0,1.0,160000
132025,70585,86.163330078125,96.23564384735606,0.9206070303916932,71.31836585714836,-1.0,-1.0,-1.0,-0.48843205,-55.3996217250824,1.0,160000
130042,68602,83.74267578125,96.23290492477436,0.920429825782776,71.31581943979401,-1.0,-1.0,-0.29369092,-0.16051042,-25.598185062408447,1.0,160000
90334,28894,35.27099609375,96.23191505434475,0.9203658103942872,71.31489912123338,-0.808756,-0.00096845627,-1.0,-0.9785508,-20.0,1.0,145937
134007,72567,88.582763671875,96.23178600408954,0.9203574657440186,71.31477913768619,-0.93223965,-1.0,0.21635759,0.053305745,-24.84635353088379,1.0,141535
98965,37525,45.806884765625,96.23011445184066,0.9202494025230408,71.31322500673227,-1.0,-0.9712194,-1.0,-0.06413221,-37.18314826488495,1.0,151740
142121,80681,98.487548828125,96.22987837202596,0.9202341437339784,71.31300550820032,-1.0,-1.0,-0.32239863,-0.9083006,-43.68050932884216,1.0,160000
101558,40118,48.97216796875,96.22961645575472,0.920217216014862,71.31276198711133,-1.0,-1.0,-0.7776369,-0.5955107,-34.802733063697815,1.0,160000
63319,1879,2.293701171875,96.22786378693412,0.9201039671897888,71.31113239335623,-1.0,0.14506721,-0.28916514,1.0,-55.144758224487305,1.0,110709
95674,34234,41.78955078125,96.2273885979061,0.9200732707977296,71.31069056675811,-1.0,-0.8600882,-0.60581195,-0.56596166,-20.0,1.0,160000
98536,37096,45.283203125,96.22673247363966,0.9200308918952942,71.31008050390847,-0.8324993,-0.11909616,-0.10951549,-0.14864933,-20.0,1.0,160000
103503,42063,51.346435546875,96.22667433120168,0.9200271368026732,71.31002644296417,-0.29688823,-1.0,-1.0,-0.62442434,-48.72525155544281,1.0,160000
142153,80713,98.526611328125,96.22636699378378,0.9200072884559632,71.30974067943252,-1.0,-1.0,-1.0,-0.55095804,-38.20447981357575,1.0,160000
108515,47075,57.464599609375,96.22590271559818,0.9199773073196412,71.30930898971137,-1.0,-1.0,-0.3312807,-0.98653054,-29.397019147872925,1.0,115394
129482,68042,83.05908203125,96.22547623685536,0.9199497699737548,71.30891244405254,-0.82137054,-0.92217916,-0.7209402,-0.14416265,-60.0,1.0,160000
111755,50315,61.419677734375,96.22235112473412,0.919748067855835,71.30600660937388,-1.0,-0.12918174,0.6813376,0.54412913,-45.669875144958496,1.0,160000
85953,24513,29.923095703125004,96.22147986178103,0.9196918606758118,71.30519645978374,-1.0,0.04030621,-0.3893901,1.0,-48.13271999359131,1.0,160000
82246,20806,25.39794921875,96.22043743997628,0.9196246266365052,71.30422714561404,-0.8573406,-0.5528159,-0.5474949,-0.09189272,-60.0,1.0,160000
123984,62544,76.34765625,96.21819186160164,0.9194798469543456,71.30213901308805,-1.0,-1.0,-1.0,-0.27378023,-30.107076168060303,1.0,160000
64142,2702,3.29833984375,96.21751398207952,0.9194361567497252,71.30150865091255,-0.8212577,-0.5628634,-0.61005354,1.0,-20.0,1.0,160000
74618,13178,16.08642578125,96.21607001031155,0.919343113899231,71.3001658798183,-1.0,-0.8856765,-1.0,0.47433406,-20.0,1.0,144643
102154,40714,49.69970703125,96.21192040164166,0.9190759062767028,71.29630696398957,-1.0,-1.0,-1.0,0.35946655,-60.0,1.0,113396
77730,16290,19.88525390625,96.21083490021236,0.919006049633026,71.295297472929,-1.0,-1.0,-0.8405412,1.0,-44.43947792053223,1.0,160000
129306,67866,82.84423828125,96.2101975499198,0.9189650416374208,71.29470474574916,-0.9550498,-0.21077359,-1.0,-0.6193819,-39.83102440834045,1.0,160000
135149,73709,89.976806640625,96.2094368673562,0.91891610622406,71.29399731517454,-0.2768737,-1.0,-1.0,-0.2884543,-57.53812074661255,1.0,160000
92464,31024,37.87109375,96.20933864518938,0.918909788131714,71.29390596862346,-1.0,-0.9364904,-1.0,-0.007238388,-25.714322328567505,1.0,160000
63042,1602,1.95556640625,96.20687030916793,0.918751060962677,71.29161038174594,-1.0,-1.0,-0.77040017,-0.27517933,-36.18415594100952,1.0,160000
104965,43525,53.131103515625,96.20604134275708,0.9186977744102478,71.2908394159187,-1.0,-1.0,-0.38443,-0.79353106,-24.974560737609863,1.0,139609
71848,10408,12.705078125,96.20582341123004,0.9186837673187256,71.29063673118844,-1.0,-1.0,-0.9673125,0.0073800683,-42.975994348526,1.0,149651
79470,18030,22.00927734375,96.20526786780071,0.9186480641365052,71.29012005192244,-1.0,-1.0,-0.9105011,-0.23791641,-22.41190075874329,1.0,160000
135763,74323,90.726318359375,96.20517882579792,0.9186423420906068,71.29003723870731,-0.3123908,-0.4649569,-0.7242113,0.8110854,-50.78075408935547,1.0,128701
70271,8831,10.780029296875,96.204840263881,0.9186205863952636,71.28972235951427,-1.0,0.31184858,-0.8400066,1.0,-36.357330083847046,1.0,160000
73554,12114,14.787597656250002,96.20092585575836,0.9183691740036012,71.28608167354118,-1.0,-0.7714528,0.057323337,-0.63936675,-26.46409153938293,1.0,160000
93664,32224,39.3359375,96.19849171163764,0.9182129502296448,71.28381765388382,-1.0,-1.0,-1.0,0.21366394,-47.258153557777405,1.194559097290039,160000
77019,15579,19.017333984375,96.19636756296578,0.9180766940116882,71.2818419090528,-0.06617242,-1.0,-0.3782786,1.0,-56.30974054336548,1.0,107078
69906,8466,10.33447265625,96.19480212313856,0.9179763197898864,71.28038580617941,-1.0,-1.0,0.47659802,-0.37976956,-53.80767822265625,1.0,160000
99687,38247,46.688232421875,96.19406847653282,0.9179292917251588,71.27970339103611,-1.0,-1.0,-1.0,0.057384133,-20.0,1.0,160000
64723,3283,4.007568359375,96.1939764132155,0.917923390865326,71.27961775618647,-1.0,-1.0,-0.3960289,-0.6985826,-23.17706823348999,1.0,103392
114874,53434,65.22705078125,96.19337934892516,0.91788512468338,71.27906238053804,-1.0,-1.0,-1.0,-0.96296537,-26.569323539733887,1.0,160000
65862,4422,5.39794921875,96.19282127030348,0.9178493618965148,71.27854326483512,-0.38812673,-1.0,-0.21169299,-0.91763204,-20.0,1.0,160000
102087,40647,49.617919921875,96.19128711283076,0.9177510738372804,71.27711619827097,-1.0,-1.0,-0.38056254,0.3936352,-60.0,1.0,160000
69360,7920,9.66796875,96.19039930421846,0.9176942110061646,71.27629035046083,-1.0,-1.0,1.0,-0.9901996,-28.725242614746094,1.0,123912
83660,22220,27.1240234375,96.18556247918735,0.9173846244812012,71.27179093494213,-1.0,-0.41527283,-1.0,-0.28067523,-30.62564790248871,1.1090553402900696,160000
62055,615,0.750732421875,96.18430722462234,0.9173043370246888,71.27062320197687,-1.0,0.16685104,0.2813704,-0.63302356,-36.83600813150406,1.0,160000
130245,68805,83.990478515625,96.18336950673644,0.9172443747520448,71.26975085414325,-1.0,0.02803874,-1.0,-0.2898997,-20.0,1.0,160000
135302,73862,90.16357421875,96.18286794005616,0.9172123074531556,71.26928424854891,-0.9742793,-1.0,0.887648,-0.7042531,-20.0,1.0,160000
98969,37529,45.811767578125,96.1828222554458,0.9172093868255616,71.26924174818743,-1.0,-0.60264695,-1.0,0.017850459,-25.17512083053589,1.0,118276
109759,48319,58.98315429687499,96.1820735185702,0.9171615242958068,71.26854519544689,-1.0,-0.7236388,1.0,1.0,-60.0,1.0,140986
135552,74112,90.46875,96.1820735185702,0.9171615242958068,71.26854519544689,-0.5623331,-0.51356053,1.0,1.0,-49.746155738830566,1.0,160000
108977,47537,58.028564453125,96.18173220825446,0.9171397089958192,71.26822767108253,-1.0,-1.0,-0.6003477,-0.6948211,-20.0,1.0,160000
123035,61595,75.189208984375,96.17712655356648,0.9168455004692078,71.2639428570723,-0.8609446,-0.72234,-1.0,-0.089056194,-20.0,1.0,154805
133819,72379,88.353271484375,96.1743903300656,0.916670858860016,71.26139713267295,-0.95896935,-0.5048654,-1.0,-0.39283788,-60.0,1.0,160000
70279,8839,10.789794921875,96.1733588956807,0.9166050553321838,71.2604374862031,-1.0,-0.73601425,0.13291961,1.0,-33.33159148693085,1.0,160000
89265,27825,33.966064453125,96.17299634059,0.916581928730011,71.26010016214703,-0.9731518,-0.3419057,-1.0,-0.8409662,-39.659661054611206,1.0,152008
92092,30652,37.4169921875,96.17267394013604,0.9165613651275636,71.25980019703951,-1.0,-1.0,-0.5191831,-0.33297443,-26.61551713943481,1.0,160000
98898,37458,45.72509765625,96.17251974014944,0.9165515303611756,71.2596567271791,-1.0,-1.0,-0.47931737,-0.44485974,-20.0,1.0,160000
135761,74321,90.723876953125,96.17222160464269,0.9165325164794922,71.25937933690955,-1.0,0.1817497,-1.0,1.0,-20.0,1.0,160000
79697,18257,22.286376953125,96.17074277423792,0.9164382219314576,71.25800339363336,-1.0,-1.0,-0.5496956,0.7996804,-20.0,1.0,160000
71865,10425,12.725830078125,96.16942991370338,0.9163545370101928,71.25678185266653,-0.0011155605,-1.0,-1.0,-0.23377478,-24.6251118183136,1.0,160000
139086,77646,94.78271484375,96.16819991586097,0.9162761569023132,71.25563739317955,-1.0,-1.0,-1.0,-0.8027365,-23.21045756340027,1.0,160000
89499,28059,34.251708984375,96.16644832192814,0.9161645770072936,71.25400758206129,-1.0,-1.0,0.29740435,-0.027826846,-57.6546049118042,1.0,160000
127069,65629,80.113525390625,96.16154253776492,0.9158523082733154,71.24944269949036,-1.0,-0.21678245,-0.51640224,-0.22589564,-30.59457302093506,1.0,160000
82940,21500,26.2451171875,96.16022314709514,0.9157683849334716,71.24821494716048,-1.0,-0.9674747,-0.25113937,0.049716055,-20.0,1.0,160000
103529,42089,51.37817382812499,96.15747719550193,0.9155938029289246,71.2456596536534,-1.0,-1.0,-0.799751,1.0,-60.0,1.0,129933
135496,74056,90.400390625,96.15573629014844,0.9154831767082214,71.2440395801622,-0.6583424,-1.0,-1.0,-0.88604796,-56.054513454437256,1.0,160000
142576,81136,99.04296875,96.15559931441632,0.9154744744300842,71.24391211014216,-1.0,-1.0,-1.0,0.47504753,-20.0,1.0,160000
91147,29707,36.263427734375,96.15544638436864,0.9154647588729858,71.2437697927428,-0.55687726,-1.0,-0.513131,-0.41119838,-33.948010206222534,1.0,160000
84144,22704,27.71484375,96.15543700198242,0.915464162826538,71.24376106144295,-0.45916843,-1.0,-0.084406555,-0.606595,-25.782549381256104,1.0,134171
95924,34484,42.0947265625,96.1550147736962,0.9154373407363892,71.24336813248286,-1.0,0.3097298,-1.0,1.0,-44.84990894794464,1.0,160000
86653,25213,30.777587890625004,96.15255002110078,0.915280818939209,71.24107437485634,-1.0,-1.0,-0.38173062,0.16738969,-52.0857834815979,1.0,160000
113738,52298,63.84033203125,96.15182422105248,0.9152347445487976,71.24039891515072,-0.7925155,-1.0,-0.43528512,0.39082843,-26.224539279937744,1.0,160000
92500,31060,37.9150390625,96.14942531122637,0.9150825142860411,71.23816634835853,-1.0,-0.3224321,0.6792507,0.16872263,-20.0,1.0,160000
92840,31400,38.330078125,96.1491951193711,0.9150679111480712,71.2379521149051,-1.0,-1.0,0.018142521,-0.3680011,-56.46922588348389,1.0,134787
80119,18679,22.801513671875,96.14733528773718,0.9149499535560608,71.23622119741384,-1.0,-0.9033936,0.18788064,-0.3254767,-20.0,1.0,102561
74369,12929,15.782470703125002,96.14473828063517,0.9147853255271912,71.23380413768565,-1.0,-0.16531509,0.019891024,-0.5285263,-20.0,1.0,160000
132767,71327,87.069091796875,96.14263377967764,0.9146519899368286,71.23184540350496,-1.0,-1.0,-1.0,-0.13865948,-33.784106969833374,1.0,160000
73231,11791,14.393310546874998,96.13987296735932,0.9144771695137024,71.22927574272187,-1.0,-1.0,-1.0,0.5489646,-60.0,1.0,98613
71736,10296,12.568359374999998,96.13840572383278,0.9143843054771424,71.22791005312689,-0.4703133,-0.32738394,-1.0,0.37310755,-46.03027105331421,1.0,160000
85034,23594,28.80126953125,96.13641408135264,0.9142583012580872,71.22605622239703,-1.0,-1.0,-0.4756359,-0.42250484,-44.015653133392334,1.0,160000
119017,57577,70.284423828125,96.13574120262234,0.9142157435417176,71.22542989364806,-1.0,-0.9953693,-1.0,-0.39285123,-33.02684545516968,1.0,160000
117412,55972,68.3251953125,96.13556307035212,0.914204478263855,71.22526408379444,-1.0,-1.0,-1.0,-0.01106894,-34.86480236053467,1.0,160000
137551,76111,92.908935546875,96.13515117063106,0.914178431034088,71.22488067616834,-1.0,-0.9551352,-1.0,1.0,-29.830360412597656,1.0,160000
111756,50316,61.42089843750001,96.13515117063106,0.914178431034088,71.22488067616834,-1.0,-1.0,-1.0,1.0,-48.9510977268219,1.0,160000
137559,76119,92.918701171875,96.13515117063106,0.914178431034088,71.22488067616834,-1.0,-1.0,-1.0,1.0,-21.99215650558472,1.0,136727
137560,76120,92.919921875,96.13515117063106,0.914178431034088,71.22488067616834,-0.66767097,-0.5558206,-1.0,1.0,-25.46844482421875,1.0,144034
85956,24516,29.9267578125,96.13515117063106,0.914178431034088,71.22488067616834,-0.80885446,-0.30435652,-1.0,1.0,-57.26405739784241,1.0,160000
111752,50312,61.416015625,96.13515117063106,0.914178431034088,71.22488067616834,-1.0,-0.3526863,-1.0,1.0,-27.63048887252808,1.0,156223
111758,50318,61.42333984375,96.13515117063106,0.914178431034088,71.22488067616834,-1.0,-0.9138732,-1.0,1.0,-20.0,1.0,160000
85952,24512,29.921875,96.13515117063106,0.914178431034088,71.22488067616834,-0.040613413,-0.48333448,-1.0,1.0,-20.0,1.0,160000
127067,65627,80.111083984375,96.1345723719129,0.914141833782196,71.22434191119324,-0.12591422,-0.39088976,-0.56288314,-0.21574044,-26.21516227722168,1.0,160000
72938,11498,14.03564453125,96.13451297944324,0.9141380786895752,71.22428662651099,-1.0,-1.0,-1.0,-0.059442103,-20.474016666412357,1.0,160000
100459,39019,47.630615234375,96.13349941236564,0.9140740036964417,71.22334315523214,-0.94266325,-1.0,-0.57789063,-0.98914206,-37.51941025257111,1.0,160000
100918,39478,48.19091796875,96.1284450501906,0.91375470161438,71.21863817162199,-0.20107841,-0.9424706,-1.0,0.76701057,-56.083420515060425,1.0,154803
101182,39742,48.51318359375,96.1281231172526,0.9137343764305116,71.2183384825202,-0.30225062,-1.0,-0.3809963,-0.92494345,-20.0,1.0,160000
104752,43312,52.87109375,96.12334705043506,0.9134330153465272,71.2138922826735,-0.039355397,-0.9370653,0.86793447,-0.019575,-20.0,1.0,160000
79789,18349,22.398681640625,96.12280733798244,0.9133989810943604,71.21338983062817,-0.5712362,-1.0,-1.0,-0.49243885,-40.70421874523163,1.0,160000
69440,8000,9.765625,96.122307264968,0.9133674502372742,71.21292427856454,-1.0,-0.5257678,-1.0,-0.252258,-60.0,1.0,160000
135799,74359,90.770263671875,96.12117361833504,0.9132959842681884,71.2118688794814,-1.0,-1.0,-0.8488294,1.0,-20.0,1.0,160000
73168,11728,14.31640625,96.11884773441808,0.9131494164466858,71.20970349072252,-1.0,-1.0,0.08651996,-0.31850314,-28.03563356399536,1.0,160000
134342,72902,88.99169921875,96.11572633563776,0.9129528403282166,71.20679738779248,-1.0,-0.96961594,-1.0,-0.7264061,-32.916709184646606,1.0,160000
129327,67887,82.869873046875,96.11442809772016,0.9128711223602296,71.20558866339819,-0.6866208,-1.0,-0.78939396,1.0,-20.33550500869751,1.0,137824
139140,77700,94.8486328125,96.11360501911858,0.9128193259239196,71.20482232654746,-1.0,-1.0,-1.0,-0.39771295,-57.780009508132935,1.0,154170
75592,14152,17.275390625,96.10959066099032,0.9125668406486512,71.20108460607673,-1.0,-1.0,0.23777169,0.18870056,-20.2596378326416,1.0,160000
141101,79661,97.242431640625,96.10706607235583,0.912408173084259,71.19873390208554,-1.0,-0.8791676,-0.25512317,-0.7159063,-23.411461114883423,1.0,160000
106186,44746,54.62158203125001,96.10587060856066,0.912333071231842,71.19762075336116,-1.0,-1.0,-1.0,-0.6729089,-22.96719074249268,1.0,160000
119660,58220,71.0693359375,96.10460742913833,0.912253737449646,71.19644453475841,-1.0,-1.0,0.3303566,-0.6037816,-25.00305652618408,1.0,160000
82745,21305,26.007080078125,96.1040179481238,0.9122167229652404,71.19589562933575,-1.0,-1.0,-0.7282291,-0.8286608,-20.0,1.0,154070
130445,69005,84.234619140625,96.10381858888928,0.9122042059898376,71.19570999168839,-1.0,-1.0,-1.0,0.62674284,-46.71276092529297,1.0,160000
88282,26842,32.76611328125,96.10182260128266,0.9120789170265198,71.1938513610104,-0.7498999,-0.27604544,0.85710704,-0.89807415,-27.40766644477844,1.0,160000
102307,40867,49.886474609375,96.10132203842775,0.9120475053787231,71.19338523836468,-1.0,-1.0,-1.0,-0.9518359,-54.50851202011109,1.0,160000
64147,2707,3.304443359375,96.0985541455473,0.9118738770484924,71.19080773563176,-1.0,-1.0,-0.59446293,1.0,-24.003701210021973,1.0,160000
118006,56566,69.05029296875,96.09739915612953,0.9118014574050904,71.18973216785443,-1.0,-0.66128576,0.88109195,-0.15269321,-29.08602476119995,1.0,160000
135004,73564,89.7998046875,96.09738204290451,0.9118003845214844,71.18971623129374,-0.347593,-0.889971,-1.0,1.0,-22.486555576324463,1.0,84508
83550,22110,26.98974609375,96.09425301184696,0.9116042852401732,71.18680229158164,-1.0,-0.5471043,-1.0,-0.39353877,-20.283161401748657,1.0,160000
134867,73427,89.632568359375,96.09155589323794,0.91143536567688,71.18429048936275,-1.0,-1.0,-1.0,0.7089114,-41.33852958679199,1.0,160000
120664,59224,72.294921875,96.08788921052414,0.9112058877944946,71.18087561471366,-1.0,-1.0,-1.0,-0.69548583,-55.08704900741577,1.0,160000
78642,17202,20.99853515625,96.08643979525402,0.9111152291297911,71.1795256974561,-1.0,-1.0,0.85263056,-0.11772293,-28.754937648773197,1.0,160000
80567,19127,23.348388671875,96.08103532909874,0.9107774496078492,71.1744920319845,-1.0,-1.0,-1.0,0.3926113,-48.58377695083618,1.0,160000
108703,47263,57.694091796875,96.08097043928774,0.9107733964920044,71.17443159235489,-1.0,-1.0,-0.3935703,-0.8972274,-20.0,1.0,159672
130241,68801,83.985595703125,96.07702087072688,0.9105268120765686,71.17075280223627,-1.0,-1.0,-1.0,1.0,-60.0,1.0,160000
130248,68808,83.994140625,96.07702087072688,0.9105268120765686,71.17075280223627,-1.0,-0.64977247,-1.0,1.0,-20.0,1.0,160000
103094,41654,50.84716796874999,96.07676775698312,0.9105110168457032,71.1705170359969,-1.0,-1.0,-1.0,-0.1830957,-27.33406782150269,1.0,103760
74340,12900,15.7470703125,96.07404945639854,0.9103414416313172,71.16798499456131,-1.0,-1.0,-1.0,1.0,-34.36152994632721,1.0,160000
100140,38700,47.2412109375,96.07404945639854,0.9103414416313172,71.16798499456131,-1.0,-1.0,-1.0,1.0,-34.92653429508209,1.0,128425
74332,12892,15.7373046875,96.07404754488115,0.9103413224220276,71.16798321399402,-0.92190874,-1.0,-1.0,1.0,-20.0,1.0,160000
100139,38699,47.239990234375,96.07404754488115,0.9103413224220276,71.16798321399402,-1.0,-0.0024100542,-1.0,1.0,-29.35184121131897,1.0,160000
125935,64495,78.729248046875,96.07404754488115,0.9103413224220276,71.16798321399402,-1.0,-1.0,-1.0,1.0,-35.332841873168945,1.0,130429
125939,64499,78.734130859375,96.07404754488115,0.9103413224220276,71.16798321399402,-1.0,-0.71915746,-1.0,1.0,-40.617889165878296,1.0,160000
66699,5259,6.419677734375,96.0733402269721,0.9102972149848938,71.16732434879668,-1.0,-1.0,-0.31891114,0.4966291,-21.73130989074707,1.0,160000
123415,61975,75.653076171875,96.07215760748646,0.9102234840393066,71.1662227291542,-0.43687367,-1.0,-1.0,0.024045765,-48.444536328315735,1.0,155827
107258,45818,55.93017578125,96.07104736045449,0.9101542830467224,71.16518851138801,-1.0,-0.26443017,-1.0,-0.43991315,-44.91443932056427,1.0,155522
115666,54226,66.19384765625,96.0707164321393,0.91013365983963,71.16488024235281,-1.0,-1.0,-1.0,-0.6061783,-39.79128897190094,1.0,160000
139457,78017,95.235595703125,96.06526404741544,0.9097940921783448,71.15980102372248,-1.0,-0.6820292,-1.0,-0.16271102,-26.218897104263306,1.0,160000
70877,9437,11.519775390625,96.06253199326676,0.9096240997314452,71.15725583419675,-1.0,-1.0,-1.0,-0.66545963,-47.3704195022583,1.0,160000
77996,16556,20.2099609375,96.06064674154334,0.909506857395172,71.15549948175442,-1.0,-0.99438405,-0.27675778,-0.58286685,-24.261925220489506,1.0,160000
102210,40770,49.76806640625,96.05661286363596,0.9092561602592468,71.15174128257462,-1.0,-1.0,-1.0,-0.30517066,-35.35289376974106,1.0,160000
72235,10795,13.177490234375,96.05488636888812,0.909148931503296,71.1501327249756,-1.0,-1.0,-1.0,-0.5825442,-40.16533136367798,1.0,160000
105499,44059,53.78295898437499,96.0536181835757,0.9090701937675476,71.14895114939532,-1.0,-1.0,1.0,0.45488435,-20.0,1.0,90398
64965,3525,4.302978515625,96.05109994508872,0.9089139103889464,71.1466048413212,-1.0,-0.4616561,-0.64544994,-0.14652628,-30.73973298072815,1.0,160000
142988,81548,99.5458984375,96.04938477050136,0.9088075160980223,71.14500673009613,-0.29616344,-1.0,0.07589376,-0.15850991,-37.14418888092041,1.0,160000
122265,60825,74.249267578125,96.04861873465532,0.9087600111961364,71.14429296730309,-1.0,-0.18947953,-1.0,-0.1688776,-20.0,1.0,160000
100137,38697,47.237548828125,96.0451261769268,0.9085435271263124,71.14103865713867,-1.0,-1.0,-0.8949864,1.0,-60.0,1.0,160000
96470,35030,42.76123046875,96.0423432557294,0.9083711504936218,71.13844548247712,-0.67826825,-0.1456781,-0.7788081,-0.13698083,-35.78896224498749,1.0,160000
130244,68804,83.9892578125,96.0420198164684,0.9083511233329772,71.1381440907915,-1.0,-1.0,-0.9358021,0.89535403,-20.0,1.0,111944
89949,28509,34.801025390625,96.041930288969,0.9083455801010132,71.13806066583189,-1.0,-0.8591042,0.15585172,0.48488113,-20.0,1.0,160000
102135,40695,49.676513671875,96.04101276950335,0.9082887768745422,71.13720568314058,-1.0,-1.0,-1.0,-0.7287713,-41.9060492515564,1.0,160000
64007,2567,3.133544921875,96.03812997619242,0.9081103801727296,71.13451931879351,-1.0,-1.0,-0.32731986,-0.46120745,-20.0,1.0,160000
105677,44237,54.000244140625,96.03809239997392,0.9081080555915833,71.13448430237851,-0.579761,-1.0,0.60683095,-0.7118137,-20.0,1.0,160000
79293,17853,21.793212890625,96.03677028716235,0.9080262780189514,71.13325224631117,-1.0,0.15581888,-1.0,-0.7433465,-20.0,1.0,108240
69772,8332,10.1708984375,96.0312058149199,0.9076823592185974,71.12806660005107,-0.19714427,-1.0,-0.8313117,1.0,-20.0,1.0,110805
67717,6277,7.662353515625001,96.02339137071196,0.9072000980377196,71.12078360755204,-1.0,-1.0,-0.9890634,-0.15482813,-45.83737432956696,1.0,84715
128414,66974,81.75537109375,96.02015576044646,0.9070006608963012,71.11776785954933,-0.6957517,-0.875562,-0.17286927,0.11127919,-20.0,1.0,160000
134535,73095,89.227294921875,96.01131123617203,0.9064562320709229,71.10952376734832,0.06727409,-0.091498256,-0.88261694,0.30915332,-40.52852153778076,1.0,160000
82160,20720,25.29296875,96.01019644950296,0.9063876867294312,71.10848460256896,-1.0,-1.0,0.014817715,0.098575294,-60.0,1.0,160000
61620,180,0.2197265625,96.00969906872888,0.9063571095466614,71.10802095757809,-1.0,-0.42770922,-0.73565865,0.07201022,-36.25634491443634,1.0,157790
139297,77857,95.040283203125,96.00197827119172,0.9058828949928284,71.10082350635592,-0.83213854,-1.0,0.48922646,0.8727912,-20.0,1.0,149921
109659,48219,58.86108398437499,96.00132358910233,0.9058427214622498,71.1002131726272,-1.0,-1.0,-1.0,-0.70837045,-20.0,1.0,159026
139375,77935,95.135498046875,96.00100787018818,0.9058233499526978,71.0999188390112,-1.0,0.12239134,0.2562827,-0.5196682,-26.715271472930908,1.0,160000
63442,2002,2.44384765625,95.99969035548024,0.9057425260543824,71.0986905552822,-0.8024901,-1.0,0.16621709,-0.26466376,-42.468323707580566,1.09470134973526,144574
85472,24032,29.3359375,95.99931912780238,0.905719757080078,71.09834446638256,-1.0,0.310184,-1.0,1.0,-40.95534801483154,1.0,160000
133844,72404,88.3837890625,95.99709014853804,0.9055830836296082,71.0962663988791,-0.7772422,0.124740124,-0.17323017,-0.32733428,-38.807474970817566,1.0,160000
66700,5260,6.4208984375,95.994161545231,0.9054036140441896,71.09353599646005,-0.3697812,-1.0,-1.0,0.124334395,-28.73164415359497,1.0,66163
98426,36986,45.14892578125,95.99196311723549,0.9052689671516418,71.09148629429606,-1.0,-0.30436236,-1.0,-0.38887978,-20.0,1.0,160000
86583,25143,30.692138671875004,95.9919455955895,0.905267894268036,71.0914699578053,-1.0,-1.0,-0.9776174,-0.041465282,-56.0500693321228,1.0,160000
70683,9243,11.282958984375,95.99133424234358,0.9052304625511168,71.0908999541875,-1.0,-1.0,-1.0,-0.8250718,-41.05175256729126,1.0,160000
142571,81131,99.036865234375,95.98724734756654,0.9049803614616394,71.08708938202159,-1.0,-1.0,-0.40076017,0.3170411,-43.610496520996094,1.0,160000
92896,31456,38.3984375,95.98661391887786,0.9049416184425354,71.08649876514414,-1.0,0.1691463,-1.0,-0.43567824,-26.577242612838745,1.0,153122
98047,36607,44.686279296875,95.98491589309158,0.9048377871513368,71.08491548405091,-1.0,-1.0,-1.0,-0.966664,-56.097004413604736,1.0,160000
99371,37931,46.302490234375,95.98426946232324,0.9047982692718506,71.08431272822959,-1.0,-0.24123544,-0.31741193,-0.5515126,-20.0,1.0,160000
110595,49155,60.003662109375,95.98200183828332,0.9046596884727478,71.0821982780157,-0.9146631,-1.0,-1.0,0.7799959,-21.74246311187744,1.0,160000
138325,76885,93.853759765625,95.98047872379406,0.9045666456222534,71.08077801726976,-1.0,-1.0,-0.96866506,0.55145997,-22.769129276275635,1.0,154245
136547,75107,91.683349609375,95.978293171126,0.9044331908226012,71.07874000999895,-1.0,-1.0,-1.0,1.0,-42.196044921875,1.0,160000
84944,23504,28.69140625,95.978293171126,0.9044331908226012,71.07874000999895,-1.0,-1.0,-1.0,1.0,-20.0,1.0,160000
63744,2304,2.8125,95.97767704358392,0.904395580291748,71.07816546796393,-1.0,-0.80690706,-1.0,-0.79076725,-60.0,1.0,130198
104538,43098,52.60986328125,95.97737334297548,0.9043770432472228,71.07788226417665,-1.0,-0.6920649,-1.0,-0.6114633,-50.59004068374634,1.0,160000
90187,28747,35.091552734375,95.96871666592465,0.903849184513092,71.06980942861692,-0.40450156,-1.0,-1.0,-0.92558885,-30.27331829071045,1.0,160000
128609,67169,81.993408203125,95.9675316396034,0.903777003288269,71.06870426529534,-1.0,-1.0,-0.89032316,0.7540128,-20.0,1.0,160000
80267,18827,22.982177734375,95.95941997226912,0.903283417224884,71.06113888414994,-0.33946657,-1.0,-1.0,-0.38931197,-27.05116629600525,1.0,142790
138181,76741,93.677978515625,95.95924055105688,0.90327250957489,71.06097153856716,-1.0,0.16423702,-1.0,1.0,-20.0,1.0,160000
63280,1840,2.24609375,95.9583688360194,0.9032195210456848,71.06015848808867,-1.0,-1.0,-0.386299,-0.3701244,-45.16628801822662,1.0,121296
90474,29034,35.44189453125,95.95160321478546,0.9028086066246032,71.0538479145048,-1.0,-0.3724988,-1.0,0.3850081,-42.94329822063446,1.0,160000
109552,48112,58.73046875,95.95009838025592,0.9027172923088074,71.05244422980182,-0.8781881,-0.5200966,-1.0,-0.14110184,-25.11964201927185,1.0,160000
105092,43652,53.2861328125,95.94941652304549,0.9026759266853333,71.05180819709432,-1.0,-1.0,0.09476036,-0.50209415,-34.862180352211,1.0,160000
110583,49143,59.989013671875,95.94925341242914,0.9026660323143004,71.05165604769337,-0.9097636,-1.0,0.57262325,0.08798587,-23.423490524291992,1.0,106678
126279,64839,79.149169921875,95.9484731521674,0.9026187062263488,71.05092821803929,-1.0,-0.28104854,-0.075516224,0.3142622,-25.14359712600708,1.0,160000
76188,14748,18.0029296875,95.94538028146312,0.9024311900138856,71.04804311578874,-1.0,-1.0,-1.0,-0.32686388,-53.939688205718994,1.0,160000
122822,61382,74.92919921875,95.94377698531808,0.9023340344429016,71.04654748524989,-1.0,-1.0,-1.0,-0.9913492,-20.0,1.0,160000
131198,69758,85.15380859375,95.9401128690686,0.9021121263504028,71.04312932601282,-1.0,-1.0,-1.0,0.5934012,-37.18456208705902,1.0,154398
73807,12367,15.096435546875,95.93887114785936,0.9020369648933412,71.04197092547523,-1.0,0.13809955,-1.0,0.20997232,-20.0,1.0,160000
107005,45565,55.621337890625,95.93687541688206,0.901916205883026,71.04010907714223,-1.0,-1.0,-0.6234282,0.48721898,-26.97643280029297,1.0,160000
70122,8682,10.59814453125,95.93646453903524,0.9018913507461548,71.03972575781933,-1.0,-1.0,-1.0,0.31096387,-33.23136925697327,1.0,160000
128509,67069,81.871337890625,95.9356170486619,0.901840090751648,71.03893510516949,-0.11615896,-1.0,-1.0,0.42877835,-20.0,1.0,160000
140159,78719,96.092529296875,95.93538445411916,0.901826024055481,71.03871810852046,-0.9036623,-1.0,-1.0,-0.39588594,-46.52305781841278,1.0,160000
127094,65654,80.14404296875,95.93380525865736,0.9017305374145508,71.03724480010756,-1.0,-0.42466974,0.024109244,-0.8929385,-24.56983089447021,1.0,85434
116277,54837,66.939697265625,95.93153606108544,0.9015933871269226,71.03512771085722,-1.0,-0.36869216,-1.0,0.37927556,-32.81475901603699,1.0,156060
67839,6399,7.811279296875,95.93144530927584,0.9015879034996032,71.03504304121734,-0.6220939,-1.0,-1.0,-0.87486297,-56.55354857444763,1.0,160000
121307,59867,73.079833984375,95.927067362015,0.9013234972953796,71.03095840421646,-1.0,-1.0,-0.93081,-0.6961379,-20.0,1.0,160000
102968,41528,50.693359375,95.91897751445238,0.9008355736732484,71.02341004451844,-0.97097987,0.08184177,-0.76825637,0.8826766,-29.23929572105408,1.0,76532
84750,23310,28.45458984375,95.91648622468648,0.9006854891777039,71.02108537450384,-0.9477285,-1.0,0.17688054,0.47414047,-36.8000727891922,1.0,160000
117746,56306,68.73291015625,95.9154291461331,0.9006218314170837,71.02009897546179,-0.8908831,-1.0,-1.0,-0.23107624,-39.46782350540161,1.0,160000
83881,22441,27.393798828125,95.91250012685504,0.9004455208778381,71.01736574068828,-0.41804475,-1.0,0.025575876,-0.80640954,-34.41342890262604,1.0,160000
92497,31057,37.911376953125,95.91194441293194,0.9004120826721191,71.0168471626338,-1.0,-1.0,-1.0,0.5796621,-34.64743971824646,1.0,160000
83956,22516,27.4853515625,95.9118621893129,0.9004071354866028,71.01677043338694,-0.14777744,-1.0,0.55356455,1.0,-30.758519768714905,1.1754677295684814,160000
104715,43275,52.825927734375,95.9104324524867,0.9003211259841919,71.01543622402507,-1.0,-1.0,-1.0,-0.37622952,-20.0,1.0,135754
73077,11637,14.205322265625,95.90852544629384,0.900206446647644,71.01365660198151,-1.0,-1.0,-1.0,-0.705876,-20.0,1.0,160000
125405,63965,78.082275390625,95.90558012911475,0.9000294208526611,71.01090795435952,-1.0,-1.0,0.2665453,-0.14979541,-38.02185356616974,1.0,160000
85926,24486,29.89013671875,95.90555235286106,0.9000277519226074,71.01088203241366,-1.0,0.022825718,-1.0,1.0,-44.804731607437134,1.0,157542
72650,11210,13.68408203125,95.90372867426224,0.8999181985855103,71.00918008340017,-1.0,-0.2689957,-0.57954025,0.19461185,-20.0,1.0,160000
136548,75108,91.6845703125,95.9030369166147,0.8998766541481018,71.00853449150016,-0.32344836,-1.0,-0.5488539,1.0,-20.0,1.0,149035
138100,76660,93.5791015625,95.90294063796097,0.8998708724975586,71.00844463780375,-1.0,-0.3757223,-1.0,-0.8796003,-20.0,1.0,160000
94307,32867,40.120849609375,95.90230435429714,0.8998326659202576,71.00785081288544,-1.0,-0.24994367,0.35839164,-0.8281403,-60.0,1.0,160000
106492,45052,54.9951171875,95.90170968231052,0.8997969627380371,71.00729581926555,-1.0,-1.0,-0.48962763,-0.92257786,-60.0,1.0,160000
68843,7403,9.036865234375,95.90053202558474,0.8997262716293335,71.00619672902594,-1.0,-0.75234914,1.0,-0.08278167,-28.59208583831787,1.0,160000
81181,19741,24.097900390625,95.8986805312502,0.8996151685714722,71.00446872771546,-1.0,-1.0,-0.40690923,-0.1548068,-20.806586742401123,1.0,134542
97106,35666,43.53759765625,95.89374024556489,0.8993189334869385,70.9998577871535,-1.0,-0.37338006,0.3370781,-0.6852996,-26.30728483200073,1.0,160000
93179,31739,38.743896484375,95.89027293033392,0.8991112112998962,70.99662147582151,-0.6463871,-0.36437476,-1.0,-0.32830405,-23.338005542755127,1.0,160000
124358,62918,76.80419921875,95.88783679421032,0.8989653587341309,70.99434757146085,-0.82423514,-1.0,-1.0,0.4398995,-27.15665936470032,1.0,160000
125277,63837,77.926025390625,95.88577498307068,0.8988419771194458,70.99242301820449,-1.0,-1.0,0.23556411,-0.9223361,-56.71388030052185,1.0,160000
91099,29659,36.204833984375,95.88112108197636,0.8985636830329895,70.98807877907967,-1.0,-1.0,-1.0,-0.9137622,-53.718459606170654,1.0,160000
140829,79389,96.910400390625,95.87689872819556,0.8983114361763,70.98413718700056,-1.0,-0.46771675,0.16852176,0.08646846,-20.0,1.0,160000
132105,70665,86.260986328125,95.87285735649766,0.898070216178894,70.98036437738496,-1.0,-0.11900884,-1.0,1.0,-20.0,1.0,153399
106301,44861,54.76196289062501,95.87285735649766,0.898070216178894,70.98036437738496,-0.36028582,-0.60488665,-1.0,1.0,-20.0,1.0,160000
132109,70669,86.265869140625,95.87285735649766,0.898070216178894,70.98036437738496,-0.9190185,-1.0,-1.0,1.0,-41.8910026550293,1.0,152414
106304,44864,54.76562499999999,95.87285735649766,0.898070216178894,70.98036437738496,-1.0,-0.9921682,-1.0,1.0,-20.0,1.0,160000
106309,44869,54.77172851562499,95.87285735649766,0.898070216178894,70.98036437738496,-0.5007833,-1.0,-1.0,1.0,-39.726518988609314,1.0,160000
132101,70661,86.256103515625,95.87285735649766,0.898070216178894,70.98036437738496,-0.6697459,-0.48495123,-1.0,1.0,-20.0,1.0,160000
80510,19070,23.27880859375,95.87285535840944,0.8980700969696045,70.98036251203612,-1.0,-1.0,-1.0,1.0,-58.67567300796509,1.0,160000
78465,17025,20.782470703125,95.87179025507044,0.8980065584182739,70.97936816130238,-0.9094469,0.13912797,-0.13367027,-0.6642166,-30.579968094825745,1.0,160000
136530,75090,91.66259765625,95.87111869482752,0.8979665040969849,70.97874120564967,-1.0,-0.83378977,-1.0,0.46320593,-28.670201301574707,1.0,160000
104492,43052,52.5537109375,95.8709487906934,0.897956371307373,70.97858258573018,-0.1587559,-0.073895454,-1.0,-0.5773293,-55.73951959609985,1.0,160000
99704,38264,46.708984375,95.86324561570292,0.8974973559379578,70.97139071924289,-1.0,-1.0,-0.22346658,-0.650735,-45.93790054321289,1.0,160000
83711,22271,27.186279296875,95.86178276280428,0.8974102735519409,70.97002489906565,-1.0,-0.931596,0.7597612,-0.49331707,-49.18104529380798,1.0,160000
106526,45086,55.03662109375001,95.85923744513616,0.8972588181495667,70.96764836505048,-1.0,-1.0,-0.7462272,-0.078736424,-58.28026056289673,1.0,160000
112006,50566,61.72607421875001,95.85380057645474,0.8969355821609497,70.96257180960123,-0.3639139,-0.41074932,-0.49206823,0.9832124,-22.117921113967896,1.0,160000
88068,26628,32.5048828125,95.85248627521844,0.896857500076294,70.961344566438,-0.12690908,-1.0,-1.0,-0.24322379,-38.46006870269776,1.0,111435
75088,13648,16.66015625,95.85248527179364,0.8968574404716492,70.96134362947262,-1.0,-1.0,0.93035746,-0.5395851,-20.0,1.0,160000
99671,38231,46.668701171875,95.85135527852928,0.8967903256416321,70.96028847233971,-0.42008764,-1.0,-0.9218329,-0.3857038,-30.838546752929688,1.0,160000
90282,28842,35.20751953125,95.846917962041,0.8965269327163696,70.9561449052431,-1.0,-0.2801416,-1.0,-0.9563099,-60.0,1.0,160000
80604,19164,23.3935546875,95.84553740732407,0.8964450359344482,70.95485570363523,-1.0,-0.38114822,-0.47914344,-0.3177815,-20.0,1.0,160000
64816,3376,4.12109375,95.84549017589347,0.8964422345161438,70.95481159724025,-1.0,-1.0,-0.68943787,-0.49450797,-35.17811805009842,1.0,160000
61815,375,0.457763671875,95.8435572975639,0.8963276147842407,70.95300658778575,-1.0,-0.44900292,-1.0,-0.8522913,-60.0,1.0,160000
109452,48012,58.6083984375,95.84050508033006,0.8961467146873474,70.95015621455528,-0.86210364,-0.5602076,-1.0,0.2544278,-60.0,1.0,160000
100911,39471,48.182373046875,95.83837388474988,0.8960204720497131,70.94816590163228,-1.0,0.43999958,-0.7545677,1.0,-20.0,1.0,160000
131244,69804,85.2099609375,95.83593661229725,0.8958761692047119,70.94588969075187,-1.0,-1.0,0.08176696,-0.5311719,-60.0,1.0,160000
63272,1832,2.236328125,95.83083043852996,0.8955740928649902,70.94112075921637,-1.0,-0.8878706,-1.0,-0.3720284,-30.232821106910706,1.0,160000
103220,41780,51.0009765625,95.8303596408861,0.8955462574958801,70.94068104308981,-1.0,-0.93335325,-1.0,-0.027628362,-60.0,1.0,160000
70273,8833,10.782470703125,95.8301338025414,0.8955329060554504,70.94047011356733,-1.0,-0.62498254,0.22347742,1.0,-36.52381062507629,1.0,160000
79100,17660,21.5576171875,95.8248264970434,0.8952193260192871,70.9355130296504,-1.0,-0.0011161566,-1.0,0.29932553,-35.42413145303726,1.0,160000
94305,32865,40.118408203125,95.82406435906604,0.8951743245124817,70.934801161631,-1.0,-1.0,-0.8141984,-0.45903248,-60.0,1.0,160000
73096,11656,14.228515624999998,95.82229632835652,0.89506995677948,70.9331497270018,-1.0,-1.0,-1.0,-0.5160115,-41.66795492172241,1.0,99191
104274,42834,52.28759765624999,95.81188165086698,0.8944559693336487,70.92342125076844,-0.21838701,-0.889136,-1.0,-0.9935508,-20.0,1.0,160000
106302,44862,54.76318359375,95.808788499774,0.8942738771438599,70.92053169910729,-1.0,-1.0,-0.9629613,1.0,-42.47489392757416,1.0,160000
87697,26257,32.052001953125,95.80475878955312,0.8940368294715881,70.91676709681482,-0.83605033,-1.0,-0.16121891,1.0,-20.0,1.0540775060653689,160000
110748,49308,60.1904296875,95.80313458326404,0.893941342830658,70.91524970015283,-0.42103624,-1.0,-0.5920373,1.0,-20.0,1.0,160000
103360,41920,51.171875,95.80025891432145,0.8937723636627197,70.9125630762096,-1.0,-1.0,-0.15486526,-0.40563977,-20.0,1.0,130731
103934,42494,51.87255859374999,95.79815506683936,0.8936488032341003,70.9105974842556,-0.12161827,0.11011028,-1.0,-0.3654517,-20.0,1.0,160000
85450,24010,29.30908203125,95.7913692821906,0.8932506442070007,70.90425734195544,-1.0,-0.17981684,-0.67858005,1.0,-42.43888735771179,1.0,117718
104871,43431,53.01635742187501,95.7910236372467,0.8932303786277771,70.90393438471878,-0.6046239,-1.0,-0.31667176,-0.95485055,-20.0,1.0,160000
135265,73825,90.118408203125,95.78440475013332,0.8928425908088684,70.89774973274719,-0.93844223,-1.0,-1.0,-0.4283899,-60.0,1.0,160000
88505,27065,33.038330078125,95.78231420579458,0.8927202224731445,70.89579625257093,-1.0,-0.91990876,-1.0,-0.814131,-36.22363090515137,1.0,146884
112159,50719,61.91284179687499,95.78026961062056,0.8926005959510803,70.89388566862993,-1.0,-1.0,-0.82180667,-0.44682288,-58.44707369804382,1.0,160000
142073,80633,98.428955078125,95.77904772993948,0.8925291299819946,70.89274385604476,0.12903953,-1.0,0.41895276,1.0,-39.46800470352173,1.0,156439
110303,48863,59.647216796875,95.77233961529788,0.8921371102333069,70.88647506136755,-1.0,-0.6352441,1.0,-0.6045406,-20.0,1.0,160000
90478,29038,35.44677734375,95.77100236699474,0.8920590281486511,70.8852253394108,-1.0,-1.0,-0.14232522,0.7658329,-22.83141613006592,1.0,146789
91029,29589,36.119384765625,95.7639771656688,0.8916491866111755,70.87865967686014,-1.0,-0.62188727,-0.985894,0.23802525,-39.60719048976898,1.0,160000
109166,47726,58.25927734375001,95.7624002801138,0.8915572762489319,70.87718587568054,0.08189857,-0.5594218,-1.0,0.35245413,-20.0,1.0,160000
129325,67885,82.867431640625,95.76188783319496,0.8915274143218994,70.8767069234433,-1.0,-1.0,-0.286898,0.75423014,-57.61759042739868,1.0,156544
139504,78064,95.29296875,95.76121676137058,0.8914883136749268,70.87607971062289,-0.36070055,-0.80975354,0.077477396,0.010782361,-58.443379402160645,1.0,160000
104599,43159,52.68432617187499,95.75739312092244,0.8912656307220459,70.87250588923082,-1.0,-0.99813116,-1.0,1.0,-38.01643192768097,1.0,142702
135762,74322,90.72509765625,95.75316266294544,0.8910194635391235,70.86855166897244,-1.0,-0.23248005,-0.86507773,1.0,-26.456761360168457,1.0,160000
82818,21378,26.096191406250004,95.75287366659477,0.8910026550292969,70.86828153715734,-1.0,-1.0,-1.0,-0.5919724,-27.59778141975403,1.0,160000
81928,20488,25.009765625000004,95.75238786730192,0.8909744024276733,70.86782744714097,-0.31989312,-0.79463947,-0.2545477,-0.5398142,-21.9247043132782,1.0,101151
126684,65244,79.6435546875,95.75213777410666,0.8909598588943481,70.86759367725642,-1.0,-1.0,-1.0,-0.48604715,-60.0,1.0,160000
133984,72544,88.5546875,95.74831094319818,0.8907374143600464,70.86401654593332,-1.0,-1.0,-1.0,0.95565593,-46.88349843025208,1.0,160000
132802,71362,87.11181640625,95.74505900734503,0.8905485272407532,70.86097668958452,-1.0,-0.5044886,-1.0,0.29669505,-20.0,1.0,160000
112008,50568,61.728515625,95.74297266209692,0.8904274106025696,70.85902635587443,-0.48209614,-1.0,0.5698085,0.5290843,-20.0,1.0,160000
104448,43008,52.5,95.73069490559672,0.8897157311439514,70.84754817495782,-1.0,0.029381514,-1.0,1.0,-37.89347946643829,1.0,160000
106686,45246,55.23193359375001,95.71551301444389,0.8888382315635681,70.83335304009015,-1.0,-1.0,-0.35681784,0.19989079,-20.0,1.0,160000
92391,30951,37.781982421875,95.7153983644384,0.888831615447998,70.83324583366658,-1.0,-0.9645985,-0.72674054,-0.7478764,-20.0,1.0,122385
74323,12883,15.726318359375,95.7127296553659,0.8886776566505432,70.83075035440513,-0.2998464,-1.0,-0.42646724,-0.18491107,-48.83428871631622,1.0,160000
100070,38630,47.15576171875,95.70989091258744,0.88851398229599,70.82809580600532,-1.0,-1.0,-1.0,0.043025672,-23.04381847381592,1.0,149621
103283,41843,51.077880859375,95.70651035603832,0.888319194316864,70.8249345024308,-1.0,-1.0,-0.9944807,0.5165812,-43.08027982711792,1.0,89984
110048,48608,59.3359375,95.70573936436575,0.8882747888565063,70.82421350018829,-0.5475148,-1.0,-0.7439621,-0.7627474,-43.49033296108246,1.0,160000
84942,23502,28.68896484375,95.70483367959712,0.8882226347923279,70.82336653102874,-0.09872639,-0.9564482,-0.8049135,1.0,-20.0,1.0,160000
119313,57873,70.645751953125,95.70222332003776,0.8880723714828491,70.82092535880496,-1.0,-1.0,-1.0,-0.0249964,-27.74514079093933,1.0,160000
115185,53745,65.606689453125,95.70067776822796,0.8879834413528442,70.81947995039081,-1.0,-1.0,-1.0,-0.6351177,-24.720393419265747,1.0,160000
84950,23510,28.69873046875,95.69826729330325,0.8878448009490967,70.81722561714756,0.0132210255,-1.0,-0.5124272,1.0,-20.0,1.0,160000
134810,73370,89.56298828125,95.69439516264106,0.8876222372055054,70.81360419656866,-1.0,-1.0,-1.0,-0.92075586,-50.8723783493042,1.0,160000
133463,72023,87.918701171875,95.69188605643689,0.8874781131744385,70.81125747445864,-0.32600772,-1.0,-1.0,-0.5314702,-32.6323664188385,1.0,160000
130446,69006,84.23583984375,95.68397977126054,0.887024462223053,70.80386248858053,-1.0,0.043358862,-0.35007688,0.52640784,-20.0,1.0,160000
108186,46746,57.06298828125001,95.68181162197254,0.8869001865386963,70.80183445311813,-0.037928224,-0.46987593,-1.0,1.0,-20.0,1.0,109821
138066,76626,93.53759765625,95.6801586006947,0.8868054747581482,70.80028822721519,-0.968662,-1.0,-1.0,0.51542985,-60.0,1.0,160000
138186,76746,93.68408203125,95.67743909470852,0.8866497278213501,70.79774436359854,-0.8438387,-1.0,-0.32587272,-0.10189092,-37.05860257148743,1.0,160000
79099,17659,21.556396484375,95.67065188996378,0.8862614035606384,70.79139522284879,-1.0,0.06836367,-1.0,0.02096355,-45.50293803215027,1.0,160000
63705,2265,2.764892578125,95.66606058754874,0.8859990239143372,70.78710001647455,-1.0,-1.0,-1.0,-0.6444619,-60.0,1.0,160000
98446,37006,45.17333984375,95.66429780121038,0.8858983516693115,70.78545086227585,-1.0,-1.0,0.43626267,-0.5933509,-20.0,1.0,160000
72558,11118,13.57177734375,95.66052063501536,0.8856827616691589,70.78191708318779,-1.0,-1.0,1.0,-0.66050434,-47.1375846862793,1.0,160000
141548,80108,97.7880859375,95.65986661677276,0.8856454491615295,70.78130519435675,-1.0,-0.36026734,-1.0,0.12176496,-20.0,1.38161963224411,153199
91775,30335,37.030029296875,95.65871821540736,0.8855799436569214,70.78023075930285,-0.98129755,0.0394305,-1.0,0.5792585,-48.94477665424347,1.0,160000
77885,16445,20.074462890625,95.65441583198628,0.8853346705436707,70.77620537750859,-1.0,-1.0,-1.0,-0.069176316,-58.8338041305542,1.0,160000
142437,80997,98.873291015625,95.65370136230756,0.8852939605712891,70.77553689146713,-1.0,-1.0,0.72378564,-0.11623311,-20.0,1.0,146940
79693,18253,22.281494140625,95.65145266169932,0.8851658701896667,70.77343288816235,-1.0,-1.0,-0.25364003,1.0,-20.0,1.0,155383
116827,55387,67.611083984375,95.6483295472734,0.8849880695343018,70.77051066096072,-0.23602796,-1.0,-1.0,0.22652203,-20.0,1.0,160000
93172,31732,38.7353515625,95.6473093640137,0.8849300146102905,70.76955607952122,-1.0,-0.038356483,0.2875815,0.34384906,-38.92962753772736,1.0,160000
123402,61962,75.63720703125,95.64205633778307,0.8846312761306763,70.76464069458473,-1.0,-1.0,-1.0,-0.9595616,-20.0,1.0,111921
121593,60153,73.428955078125,95.63843504092476,0.8844255208969116,70.76125201347374,-1.0,-1.0,-0.3763973,-0.7772559,-20.0,1.0,160000
130392,68952,84.169921875,95.63251475794203,0.884089469909668,70.75571176797177,-1.0,-0.9078086,-0.9551518,1.0,-51.232560873031616,1.0,160000
82341,20901,25.513916015625,95.62996088080152,0.8839446306228638,70.7533217330184,-1.0,-0.90589356,-0.19954199,-0.8586181,-42.47326374053955,1.0,148200
64672,3232,3.9453125,95.6252626817372,0.8836783766746521,70.7489247904424,-1.0,-0.7078197,0.92624414,0.6571844,-31.087592840194706,1.0,160000
99038,37598,45.89599609375,95.62520691154322,0.883675217628479,70.74887259513707,-1.0,-0.8057773,-1.0,0.7117665,-34.23329949378967,1.0,160000
67180,5740,7.0068359375,95.62419978199875,0.883618175983429,70.74793001813971,-0.9993203,-1.0,-1.0,0.24081588,-59.91599082946777,1.0,160000
67092,5652,6.899414062500001,95.62275134150684,0.883536159992218,70.74657440031699,-1.0,-0.26064193,-1.0,0.4156053,-20.0,1.0,160000
79074,17634,21.52587890625,95.61519377702513,0.8831086158752441,70.73950085404955,-1.0,-1.0,-1.0,0.26755214,-21.42447829246521,1.0,160000
76070,14630,17.85888671875,95.6143860212646,0.8830629587173462,70.7387448001265,-1.0,-1.0,-0.22712123,-0.99234796,-60.0,1.0,160000
130480,69040,84.27734375,95.60713241495192,0.8826532959938049,70.73195521257034,-1.0,-0.98728794,-0.6489082,0.35446578,-37.70032525062561,1.0,160000
83079,21639,26.414794921875,95.60513798760746,0.882540762424469,70.73008828799966,-1.0,-0.8669614,-1.0,0.32562137,-20.417897701263428,1.0,160000
110868,49428,60.3369140625,95.60440677670894,0.8824995160102844,70.7294038141809,-0.39188492,-1.0,0.29125106,-0.6377361,-53.13842058181763,1.0,160000
91774,30334,37.02880859375,95.59928525619426,0.8822107911109924,70.72460951440084,-1.0,-1.0,-0.6081556,0.52608085,-27.835171222686768,1.0,160000
71064,9624,11.748046875,95.59843044592134,0.8821626305580139,70.72380929637278,-1.0,-1.0,-0.41180587,-0.301373,-22.183363437652588,1.0,160000
114916,53476,65.2783203125,95.59350075705588,0.8818850517272949,70.71919431423039,-1.0,-0.17618006,-1.0,0.6211889,-51.12935543060303,1.0,107389
84794,23354,28.50830078125,95.59202311338125,0.8818019032478333,70.71781095994103,-1.0,-0.19977039,-0.2661487,0.69665927,-44.632648229599,1.0,136993
82076,20636,25.1904296875,95.5895116927849,0.8816606402397156,70.71545975029875,-1.0,-0.8888929,-1.0,-0.6101906,-20.0,1.0,160000
137976,76536,93.427734375,95.5868197690656,0.8815093040466309,70.71293949034197,-0.8255167,-0.23123777,-1.0,-0.27721727,-27.283477783203125,1.0,160000
104443,43003,52.493896484375,95.57122359123656,0.8806341290473938,70.69833661992905,-1.0,-1.0,-1.0,0.094061494,-20.0,1.0593078136444092,149618
86372,24932,30.4345703125,95.56597061743544,0.8803399801254272,70.69341772136825,-0.29859245,-1.0,-1.0,-0.2716496,-38.795074820518494,1.0,160000
66648,5208,6.357421874999999,95.55529213255237,0.8797429800033569,70.68341761376378,-0.32254124,-1.0,-0.99948716,0.62418234,-40.83870053291321,1.0,160000
73233,11793,14.395751953125,95.55366851993068,0.8796523213386536,70.68189705776003,-1.0,-1.0,-0.3598506,0.27024412,-43.496965169906616,1.0,160000
65283,3843,4.691162109375,95.55282714980812,0.8796053528785706,70.68110908340857,-1.0,-1.0,-0.6546412,-0.3342721,-20.0,1.0,126674
85483,24043,29.349365234375004,95.55067716569158,0.8794853687286377,70.6790955153944,-1.0,-1.0,-1.0,-0.98706025,-20.0,1.0,160000
77728,16288,19.8828125,95.54927858986174,0.8794073462486267,70.67778565728942,-1.0,-0.44132888,-0.55817866,0.96723694,-20.0,1.0,160000
82692,21252,25.9423828125,95.54811263153664,0.8793423175811768,70.67669364771182,-1.0,-1.0,-0.40360695,-0.6693073,-20.0,1.0,160000
75657,14217,17.354736328125,95.54731201254464,0.87929767370224,70.67594379963272,-1.0,-0.989082,-0.7561222,0.18088442,-28.651199340820312,1.0,160000
132769,71329,87.071533203125,95.52992217020116,0.8783297538757324,70.65965535102951,-0.4829389,-0.61885166,-1.0,0.1724546,-28.18886637687683,1.0,160000
106285,44845,54.742431640625,95.52865939917884,0.8782595992088318,70.65847245600867,-1.0,-1.0,-1.0,0.10656047,-24.180221557617188,1.0,160000
104597,43157,52.681884765625,95.52519130710004,0.8780670166015625,70.6552236655177,-1.0,-0.66016465,-0.92589635,1.0,-58.7273383140564,1.0,160000
101317,39877,48.677978515625,95.52460822537186,0.8780346512794495,70.65467744420903,-1.0,-1.0,1.0,0.31426495,-56.93763017654419,1.0,160000
75858,14418,17.60009765625,95.51239193047576,0.8773574233055115,70.643232746743,-1.0,-1.0,0.33540475,-0.74262047,-20.0,1.0,160000
134412,72972,89.0771484375,95.51210772624736,0.8773416876792908,70.64296647792712,-0.54702556,-1.0,-1.0,-0.5381583,-20.0,1.0,160000
65590,4150,5.06591796875,95.51097828587814,0.8772791624069214,70.6419083068265,-0.883981,-1.0,-1.0,0.08169711,-21.93016529083252,1.0,160000
112003,50563,61.722412109375,95.51023523598386,0.8772380352020264,70.64121213843889,-1.0,-1.0,-0.46807986,1.0,-22.60071635246277,1.0,160000
80293,18853,23.013916015625,95.50733090153808,0.8770773410797119,70.63849100266394,-0.41403198,-1.0,0.48651576,-0.11785197,-47.63093411922455,1.0,160000
89389,27949,34.117431640625,95.4974494120625,0.8765313029289246,70.62923227262752,-1.0,-1.0,-0.8107226,-0.68037367,-20.0,1.0,160000
70755,9315,11.370849609375,95.4903236920708,0.8761382102966309,70.622555117109,-1.0,-0.29759902,-1.0,-0.55995095,-54.4469165802002,1.0,111020
69553,8113,9.903564453125,95.4900977082448,0.8761257529258728,70.62234335188363,-0.8312054,-0.2631657,-0.7221369,1.0,-20.0,1.0,160000
73568,12128,14.8046875,95.47984534274204,0.8755611777305603,70.61273559382109,-0.9870421,-1.0,-0.9228758,0.39250934,-20.0,1.0,160000
95965,34525,42.144775390625,95.47663828557708,0.8753848075866699,70.60972999363511,0.096375465,-1.0,-1.0,0.6974852,-20.0,1.0,160000
101967,40527,49.471435546875,95.47493367390578,0.875291109085083,70.60813242462166,-1.0,-1.0,-0.8890376,0.045462668,-20.0,1.0,160000
113281,51841,63.28247070312501,95.47412454115486,0.8752466440200806,70.60737409347715,-1.0,-0.88684905,-1.0,-0.76861596,-43.21025550365448,1.0,160000
80505,19065,23.272705078125,95.4733944751034,0.8752065300941467,70.60668986004374,-0.74998546,-0.68895036,-0.82098633,1.0,-38.24328243732453,1.0,160000
134394,72954,89.05517578125,95.47023976843349,0.8750332593917847,70.6037331499041,-0.5155177,-0.045623302,-0.58617514,0.4232254,-33.13529908657074,1.0,160000
89950,28510,34.80224609375,95.463644017891,0.8746713399887085,70.59755109137335,-1.0,-1.0,-0.41364473,1.0,-36.01651877164841,1.0,160000
95391,33951,41.444091796875,95.46023088626148,0.8744842410087585,70.59435189037697,-1.0,0.05934012,-0.52216816,1.0,-20.0,1.0,160000
85039,23599,28.807373046875,95.45513899488796,0.8742053508758545,70.58957896943281,-0.2949704,-1.0,-1.0,-0.23163456,-53.45967531204224,1.0,160000
137528,76088,92.880859375,95.45387475219462,0.8741361498832703,70.58839388861088,-1.0,-1.0,-0.4308257,1.0,-60.0,1.0,142682
130037,68597,83.736572265625,95.45376584489298,0.8741301894187927,70.58829180002368,-1.0,-1.0,-1.0,-0.63301396,-24.590675830841064,1.0,160000
134726,73286,89.46044921875,95.45363515304572,0.8741230368614197,70.58816929069513,-1.0,-1.0,-0.5444254,0.827458,-21.63097381591797,1.0,160000
132803,71363,87.113037109375,95.4525742463473,0.8740649819374084,70.58717480125084,-0.62352973,-0.38225734,-0.9038567,0.5919221,-60.0,1.0,160000
65368,3928,4.794921875,95.45160246166505,0.8740118145942688,70.58626384609643,-1.0,-1.0,-0.24704552,0.011092067,-20.0,1.0,159751
124644,63204,77.1533203125,95.44836437940614,0.8738347291946411,70.58322839650077,-0.7626407,0.15690196,1.0,-0.1323371,-20.0,1.0,160000
123404,61964,75.6396484375,95.44621832622346,0.8737174272537231,70.58121659045975,-1.0,-0.37436438,-1.0,0.17595893,-27.24910020828247,1.0,160000
89223,27783,33.914794921875,95.4422760828309,0.8735020756721497,70.57752085482659,-0.3498609,-1.0,0.55959725,0.024413109,-20.0,1.0,146810
140213,78773,96.158447265625,95.4407160179898,0.8734169006347656,70.57605830456804,-0.8928773,-1.0,-1.0,0.78638446,-41.9901168346405,1.0,149482
134683,73243,89.407958984375,95.43498585551464,0.8731042742729187,70.57068614103305,-1.0,-1.0,-1.0,-0.41943145,-50.41500687599182,1.0,160000
78793,17353,21.182861328125,95.42882899377685,0.872768759727478,70.56491363089776,-0.1959151,-0.35345882,-0.84255433,0.9869554,-36.840731501579285,1.0,160000
131295,69855,85.272216796875,95.42420619073174,0.8725171089172363,70.56057920560924,-1.0,-1.0,-1.0,0.42367047,-44.54357981681824,1.0,160000
136477,75037,91.597900390625,95.4239071301042,0.8725008368492126,70.56029879472459,-0.02096343,-1.0,-1.0,1.0,-32.695849537849426,1.0,160000
136479,75039,91.600341796875,95.4239071301042,0.8725008368492126,70.56029879472459,-0.2720145,-1.0,-1.0,1.0,-60.0,1.0,160000
84878,23438,28.610839843750004,95.4239071301042,0.8725008368492126,70.56029879472459,-0.69009435,-1.0,-1.0,1.0,-33.90734076499939,1.0,160000
110671,49231,60.09643554687501,95.4239071301042,0.8725008368492126,70.56029879472459,-0.5445809,-1.0,-1.0,1.0,-20.0,1.0,146234
117703,56263,68.680419921875,95.41303815323792,0.8719100952148438,70.55010711429736,-0.7536291,-1.0,-1.0,-0.6188651,-20.0,1.0,160000
108290,46850,57.18994140625,95.4073416670586,0.8716009855270386,70.54476521111336,-1.0,-1.0,-1.0,-0.7913326,-37.42376685142517,1.0,160000
111722,50282,61.37939453125,95.40650412503322,0.8715555667877197,70.54397978000047,-1.0,0.3443365,-1.0,1.0,-27.66224265098572,1.0,126102
110622,49182,60.03662109375,95.40619523311211,0.8715388178825378,70.54369010551856,-1.0,-1.0,-1.0,0.019033134,-35.7503354549408,1.0,160000
110678,49238,60.10498046875,95.39864302864687,0.8711296319961548,70.5366075094788,-0.48623097,-1.0,-0.9139342,1.0,-53.92569541931152,1.0,160000
84876,23436,28.6083984375,95.39296578491113,0.8708224296569824,70.5312829761864,-0.50623274,-1.0,0.70586824,0.21779376,-20.0,1.0,160000
95840,34400,41.9921875,95.39243893928531,0.8707939386367798,70.53078884846644,-1.0,-0.74194086,-0.46443295,-0.0629521,-25.26172161102295,1.0,160000
136544,75104,91.6796875,95.39078530719895,0.8707045316696167,70.52923789458356,-0.2956518,-1.0,1.0,0.18825305,-44.475157260894775,1.0,160000
71490,10050,12.26806640625,95.3901810475463,0.8706718683242798,70.52867114933078,-0.18735272,-1.0,-1.0,1.0,-20.0,1.0,160000
97290,35850,43.76220703125,95.3901810475463,0.8706718683242798,70.52867114933078,-1.0,-1.0,-1.0,1.0,-20.0,1.0,160000
71484,10044,12.2607421875,95.390178842089,0.8706717491149902,70.52866908078991,-1.0,-1.0,-1.0,1.0,-50.239018201828,1.0,160000
97282,35842,43.75244140625,95.390178842089,0.8706717491149902,70.52866908078991,-1.0,-1.0,-1.0,1.0,-60.0,1.0,133632
97451,36011,43.958740234375,95.38270573482647,0.8702681064605713,70.52165968013954,0.055940032,-0.7009235,-0.3827079,0.03010428,-21.939499378204346,1.0,130356
83130,21690,26.47705078125,95.38014746619672,0.8701300621032715,70.51926004688406,-1.0,-1.0,0.1775899,0.51508325,-60.0,1.0,160000
106307,44867,54.769287109375,95.37405154819912,0.86980140209198,70.51354191389879,-1.0,-1.0,-0.25532117,0.7680931,-20.0,1.0,160000
81981,20541,25.074462890625,95.36431343616928,0.8692771792411804,70.50440667614006,-1.0,-0.8686989,0.32462502,-0.77085704,-20.0,1.3117981553077698,160000
89973,28533,34.830322265625,95.36286582296286,0.8691993355751038,70.50304861682221,-0.22219098,-0.4223205,-1.0,-0.76322377,-20.0,1.0,160000
87555,26115,31.878662109375,95.35950349076892,0.8690186142921448,70.49989422320516,-1.0,-1.0,0.08352804,1.0,-20.0,1.0,154752
96618,35178,42.94189453125,95.35786256210378,0.868930459022522,70.49835474201157,-1.0,0.13169646,-0.8082806,-0.26900417,-41.08190953731537,1.0,160000
94455,33015,40.301513671875,95.35725776138248,0.8688979744911194,70.49778732648981,-0.60427487,-0.60363597,-0.74467266,-0.75095445,-30.302739143371586,1.0,79743
122480,61040,74.51171875,95.3555184266618,0.8688045740127563,70.49615549057945,-1.0,-1.0,-1.0,-0.54412794,-43.45018982887268,1.0,160000
88848,27408,33.45703125,95.34994017907135,0.8685052394866943,70.49092183843925,-1.0,-0.81918406,-0.8751681,-0.02810812,-53.544883728027344,1.0,160000
135798,74358,90.76904296875,95.34708764312349,0.8683522939682007,70.48824542000908,-1.0,-1.0,-0.9273857,1.0,-20.0,1.0,160000
107008,45568,55.625,95.34553954656238,0.8682693243026733,70.48679287640509,-1.0,-0.43035197,-0.91300464,0.19436848,-20.0,1.0,136691
123083,61643,75.247802734375,95.34168731886352,0.8680629730224609,70.48317833509988,-1.0,-1.0,-1.0,1.0,-20.0,1.0,118822
133989,72549,88.560791015625,95.34085129047506,0.8680182099342346,70.48239387467795,-1.0,-0.11580551,-1.0,1.0,-20.0,1.0,160000
108183,46743,57.059326171875,95.34085129047506,0.8680182099342346,70.48239387467795,-1.0,-0.45615035,-1.0,1.0,-60.0,1.0,160000
82387,20947,25.570068359375,95.34085129047506,0.8680182099342346,70.48239387467795,-1.0,-0.2292149,-1.0,1.0,-25.2297043800354,1.0,160000
82383,20943,25.565185546875004,95.34085129047506,0.8680182099342346,70.48239387467795,-1.0,-0.11942494,-1.0,1.0,-53.50740671157837,1.0,160000
133986,72546,88.55712890625,95.34085129047506,0.8680182099342346,70.48239387467795,-1.0,-1.0,-1.0,1.0,-20.0,1.0,160000
133981,72541,88.551025390625,95.34085129047506,0.8680182099342346,70.48239387467795,-0.33683676,-1.0,-1.0,1.0,-25.21848440170288,1.0,160000
143190,81750,99.79248046875,95.3368028311698,0.8678015470504761,70.47859505290994,-0.80572146,-1.0,-1.0,-0.6462008,-36.32301986217499,1.0,160000
126112,64672,78.9453125,95.33605404949256,0.867761492729187,70.4778924283821,-1.0,-1.0,-0.33443114,-0.08802366,-47.0633602142334,1.0,160000
75600,14160,17.28515625,95.3270702934119,0.8672813773155212,70.46946210580289,-1.0,-1.0,-0.21671689,0.5156268,-20.0,1.0,160000
69696,8256,10.078125,95.32693075836504,0.8672739267349243,70.46933116152344,-1.0,-0.76279783,-0.7811901,-0.107551455,-55.39241671562195,1.0,160000
132851,71411,87.171630859375,95.32359866704016,0.8670960664749146,70.46620417091077,0.05370927,0.5775777,-0.3948096,1.0,-26.48734927177429,1.0,145744
100318,38878,47.45849609375,95.32354505028827,0.8670932054519653,70.46615385370988,-0.6375927,-1.0,-1.0,0.6030201,-20.0,1.0,160000
93176,31736,38.740234375,95.31941825629754,0.8668730854988098,70.46228095156839,-1.0,-1.0,-0.9591959,0.25528353,-27.765955924987797,1.0,160000
118977,57537,70.235595703125,95.31670998374864,0.8667287230491638,70.45973922528069,-1.0,-0.33793604,-1.0,0.09627533,-60.0,1.0,111108
68509,7069,8.629150390625,95.31326502459156,0.8665452003479004,70.45650603034538,-1.0,-1.0,-1.0,-0.6767245,-33.757973313331604,1.0,95895
139558,78118,95.35888671875,95.30978867096304,0.8663601279258728,70.45324327456261,-0.5928499,-1.0,1.0,0.52734363,-40.08824825286865,1.0,160000
64288,2848,3.4765625,95.30735328561497,0.8662305474281311,70.45095746926212,-1.0,-1.0,-0.11437541,0.0056030154,-20.0,1.0,160000
85475,24035,29.339599609375,95.3071908115197,0.8662219047546387,70.45080497255293,-0.90511173,-0.11897272,-0.7732632,0.6550431,-20.0,1.0,160000
84138,22698,27.707519531250004,95.30687929533369,0.8662053346633911,70.45051258570273,-1.0,-1.0,1.0,-0.94615394,-22.138872146606445,1.0,160000
73304,11864,14.482421875000002,95.29864203848436,0.8657675385475159,70.44278087502155,-1.0,-1.0,-0.7113183,-0.81401336,-22.60374665260315,1.0,160000
96464,35024,42.75390625,95.29701997486656,0.8656814098358154,70.44125829884376,-0.5254457,-1.0,-0.5966585,-0.58503646,-41.05686783790589,1.0,160000
90321,28881,35.255126953125,95.29602403702768,0.8656285405158997,70.44032343536057,-1.0,-1.0,-0.92428935,-0.15232879,-24.482262134552,1.0,160000
112172,50732,61.9287109375,95.29014335980808,0.8653165698051453,70.43480322100245,-0.23294151,-1.0,-1.0,-0.26046503,-20.0,1.0,160000
67099,5659,6.907958984375,95.27707871011702,0.8646247386932373,70.42253840324165,-1.0,-1.0,-1.0,0.4882932,-21.071085929870605,1.0,160000
92443,31003,37.845458984375,95.27451532197584,0.8644891977310181,70.42013179015093,-1.0,-0.5565118,0.21556222,0.2887146,-36.33991301059723,1.0,160000
137856,76416,93.28125,95.27377335206172,0.8644499778747559,70.41943518893086,-1.0,-0.7026351,-1.0,-0.6826534,-20.0,1.0,160000
109208,47768,58.310546875,95.2708856646463,0.8642973899841309,70.41672403152054,-0.8146069,0.019392967,-0.34827292,1.0,-50.323119163513184,1.0,160000
77995,16555,20.208740234375,95.26853938021152,0.8641734719276428,70.41452113169154,-1.0,-1.0,-1.0,-0.4234839,-60.0,1.0,160000
105494,44054,53.77685546874999,95.26695767223782,0.8640899658203125,70.41303605957262,-1.0,-0.94003797,-1.0,-0.30169344,-20.0,1.7123029232025146,131265
79664,18224,22.24609375,95.2581530786237,0.8636255860328674,70.4047690310659,-1.0,-1.0,-1.0,-0.3664207,-26.017069816589355,1.0,160000
137849,76409,93.272705078125,95.2509320940317,0.8632453083992004,70.39798847041132,-0.90832317,-1.0,-0.9304364,-0.12805164,-20.0,1.0090909004211426,160000
137108,75668,92.3681640625,95.25016074402308,0.8632047176361084,70.39726414263032,-1.0,-1.0,-0.42620957,0.5949473,-43.68914723396301,1.0,160000
93565,32125,39.215087890625,95.24811119247153,0.8630968928337097,70.3953395110832,-1.0,-1.0,-1.0,0.34076566,-29.9392306804657,1.0,152974
72267,10827,13.216552734375,95.24650067774708,0.8630121946334839,70.393827134073,-0.9177275,-1.0,-0.4180028,-0.74845123,-20.0,1.0,144603
139294,77854,95.03662109375,95.24409475923588,0.8628857135772705,70.39156778397202,-1.0,-1.0,0.22244024,1.0,-60.0,1.0,156482
134745,73305,89.483642578125,95.243933720908,0.8628772497177124,70.39141655447621,-1.0,-1.0,-0.97926337,-0.35197258,-20.0,1.0,134870
90616,29176,35.615234375,95.22565357368056,0.8619181513786316,70.37424853734399,-1.0,-1.0,-1.0,-0.2636999,-36.56555950641632,1.0,160000
116787,55347,67.562255859375,95.22365144016128,0.8618133068084717,70.37236805220522,-0.9125763,-0.68560743,-0.20203781,0.8479065,-33.50507140159607,1.0,160000
89535,28095,34.295654296875,95.20929687961538,0.86106276512146,70.35888475773102,-1.0,-1.0,-1.0,0.025096178,-60.0,1.0,160000
105496,44056,53.77929687500001,95.20756263842723,0.8609722256660461,70.35725567056808,-1.0,-1.0,-0.2899422,1.0,-20.0,1.0,160000
85447,24007,29.305419921875,95.20341255457716,0.8607556819915771,70.3533571289906,-1.0,-1.0,-0.49706835,1.0,-37.92669534683228,1.0,160000
112175,50735,61.932373046875,95.19325162159106,0.8602262139320374,70.34381150529612,-1.0,-0.8936373,-1.0,-0.2554407,-20.0,1.0,160000
108080,46640,56.93359375,95.19169082441924,0.8601449728012085,70.34234515417342,-1.0,-1.0,-1.0,-0.8776039,-27.725099325180054,1.0,160000
102818,41378,50.51025390625,95.1850956367289,0.8598019480705261,70.33614884476317,-1.0,-0.8494976,0.093556345,1.0,-26.939514875411987,1.0,160000
84247,22807,27.840576171875,95.18436513938174,0.8597639799118042,70.33546250758232,-1.0,-0.60826904,-0.4590686,-0.76021296,-37.31621205806732,1.0,160000
71498,10058,12.27783203125,95.17914210472073,0.8594926595687866,70.33055509810339,-0.78682077,-1.0,-1.0,-0.87062705,-51.8198561668396,1.0,160000
116451,55011,67.152099609375,95.17402083831732,0.8592268824577332,70.32574310509379,0.033763885,-0.6603749,-0.5832574,-0.907536,-38.27792167663574,1.0,160000
83445,22005,26.861572265625,95.17071508819468,0.8590554594993591,70.32263688324952,-0.5459945,-1.0,-1.0,-0.94895285,-26.418182849884037,1.0,160000
141685,80245,97.955322265625,95.16935127527069,0.8589847683906555,70.32135536305361,-1.0,-1.0,-0.88844204,0.13047063,-20.0,1.0,160000
137280,75840,92.578125,95.1686002252744,0.8589458465576172,70.32064962551951,-0.9313615,-1.0,-1.0,-0.49122858,-30.25447249412537,1.0,160000
103902,42462,51.83349609375,95.16324551987044,0.8586685061454773,70.31561785688397,-0.34850562,0.15954006,-0.5856308,0.12492186,-20.0,1.0,160000
75817,14377,17.550048828125,95.15829114895612,0.8584121465682983,70.31096208531429,-0.9421711,-0.8940007,0.19400609,-0.35749173,-20.0,1.0,160000
95352,33912,41.396484375,95.15154282824804,0.8580633401870728,70.30462018623973,-1.0,-0.8711129,-0.22365245,1.0,-22.728171348571777,1.0,160000
104290,42850,52.30712890625,95.15050538319954,0.8580097556114197,70.3036451914164,-1.0,-1.0,-0.8442683,0.475165,-23.465760946273804,1.0,160000
85112,23672,28.896484375,95.14953238056192,0.857959508895874,70.30273075243319,-1.0,-0.5003097,0.012102127,-0.87873024,-42.98564791679382,1.0,122042
98892,37452,45.7177734375,95.1489505726311,0.8579294681549072,70.30218395928635,-1.0,-1.0,-1.0,-0.20244658,-24.5098090171814,1.0,136479
85105,23665,28.887939453125,95.14638247941446,0.8577969074249268,70.29977039039477,-1.0,-1.0,-1.0,-0.77278835,-49.82731580734253,1.0,96624
80210,18770,22.91259765625,95.13503082305095,0.857211709022522,70.28910117774477,-0.72697043,-1.0,-1.0,0.66587985,-32.35059857368469,1.0,157503
109350,47910,58.48388671875,95.12684510794809,0.8567904829978943,70.28140697430338,-1.0,-0.6799309,-0.008260012,-0.30482185,-39.54674899578095,1.0,160000
69559,8119,9.910888671875,95.12559768853238,0.856726348400116,70.28023441215966,-0.71835357,-0.25663668,-1.0,1.0,-25.75486779212952,1.0,109792
73012,11572,14.1259765625,95.12555942670166,0.8567243814468384,70.28019844622602,-1.0,-1.0,-0.36618394,-0.7578928,-36.20921701192856,1.0,160000
94668,33228,40.5615234375,95.12113314350388,0.8564969301223755,70.27603768777276,-1.0,-0.9937939,0.5733487,0.025425017,-50.14873027801514,1.0,140529
74516,13076,15.961914062499998,95.11835210791764,0.8563541173934937,70.27342340659202,-0.13117039,0.3555063,-1.0,1.0,-52.34392404556274,1.0,160000
97010,35570,43.42041015625,95.10553349940304,0.8556967973709106,70.26137267250034,-1.0,-1.0,-1.0,-0.15182966,-42.16292858123779,1.0,160000
86659,25219,30.784912109375,95.10514363169636,0.8556768298149109,70.26100613991541,-1.0,-1.0,-0.36024785,0.23614627,-20.0,1.0,108331
125219,63779,77.855224609375,95.10367584900187,0.8556016683578491,70.25962619968155,-1.0,-1.0,-0.6099423,-0.84973943,-36.30337715148926,1.0,160000
123836,62396,76.1669921875,95.10302272707467,0.8555682301521301,70.25901216002866,-1.0,-1.0,-1.0,-0.3902905,-25.34794569015503,1.0,160000
94409,32969,40.245361328125,95.10258726886258,0.8555459380149841,70.25860275751468,-1.0,-0.2517969,-0.81875557,-0.6353974,-22.642943859100345,1.0,160000
128602,67162,81.98486328125,95.09494361169791,0.8551549315452576,70.25141623050415,-1.0,-0.39898938,-0.7364179,0.8758487,-31.999353766441345,1.0,158066
113733,52293,63.834228515625,95.09167547059694,0.8549879193305969,70.24834340901043,-1.0,-1.0,-0.7385711,0.5228244,-20.0,1.0,160000
80220,18780,22.9248046875,95.09157863279924,0.8549829721450806,70.24825235749312,-0.9490849,-0.49413037,-1.0,0.34072953,-30.967612266540527,1.0,160000
132777,71337,87.081298828125,95.08940808124396,0.8548721075057983,70.2462114831726,-1.0,-1.0,-0.85637575,-0.61467016,-36.81674599647522,1.0,155736
105984,44544,54.37499999999999,95.08788467813052,0.8547943234443665,70.2447790733196,-0.94237614,-1.0,-1.0,1.0,-20.0,1.0,115199
115115,53675,65.521240234375,95.08675206434503,0.8547365069389343,70.24371409973617,-1.0,-1.0,-1.0,1.0,-20.0,1.0,160000
115117,53677,65.523681640625,95.08675206434503,0.8547365069389343,70.24371409973617,-1.0,-1.0,-1.0,1.0,-46.8624359369278,1.0,160000
115116,53676,65.5224609375,95.08675206434503,0.8547365069389343,70.24371409973617,-0.37105483,-0.36252928,-1.0,1.0,-29.04520034790039,1.0,156319
89314,27874,34.02587890625,95.08675206434503,0.8547365069389343,70.24371409973617,-1.0,-0.08002937,-1.0,1.0,-25.141212940216064,1.0,160000
73565,12125,14.801025390625,95.08650098923152,0.8547236919403076,70.243478017658,-1.0,-0.4988653,0.25210935,0.18775612,-32.19168782234192,1.0,160000
93322,31882,38.91845703125,95.08249039576656,0.8545190691947937,70.23970685506958,-1.0,-1.0,-1.0,-0.081355095,-50.21900653839111,1.0,160000
73234,11794,14.396972656250002,95.08059797990772,0.8544225692749023,70.23792737451258,-1.0,-1.0,-1.0,0.7852768,-20.60577154159546,1.0,133836
119039,57599,70.311279296875,95.07352162076768,0.854062020778656,70.23127308356477,-1.0,-1.0,-0.22719431,-0.26037085,-60.0,1.0,160000
80185,18745,22.882080078125,95.07130640214582,0.853949248790741,70.22918991557975,-1.0,-1.0,-1.0,1.0,-20.0,1.0,160000
62970,1530,1.86767578125,95.0705592074775,0.8539112210273743,70.22848725354628,-1.0,-1.0,-0.5349341,-0.92914456,-26.1520779132843,1.0,160000
137074,75634,92.32666015625,95.0691125453099,0.8538376092910767,70.22712680046862,-1.0,-0.5041325,-1.0,0.8621705,-42.43250727653504,1.0,160000
78137,16697,20.382080078125,95.06522750754982,0.8536400198936462,70.22347320281024,-1.0,-0.9506056,-0.9362718,0.44348797,-23.11383008956909,1.0,151617
82152,20712,25.283203125,95.06000561457272,0.8533746600151062,70.21856221504501,-1.0,-1.0,0.4022237,0.18264186,-29.97566699981689,1.0,160000
95353,33913,41.397705078125,95.05347007048871,0.8530429005622864,70.21241550832916,-1.0,-0.87752575,-1.0,1.0,-48.30483078956604,1.0,160000
95358,33918,41.40380859375,95.05347007048871,0.8530429005622864,70.21241550832916,-0.46094418,-1.0,-1.0,1.0,-20.0,1.0,160000
69556,8116,9.9072265625,95.05347007048871,0.8530429005622864,70.21241550832916,-0.34910333,-0.9886868,-1.0,1.0,-24.80296015739441,1.0,160000
121157,59717,72.896728515625,95.05347007048871,0.8530429005622864,70.21241550832916,-0.124854326,-1.0,-1.0,1.0,-21.55827283859253,1.0,160000
121155,59715,72.894287109375,95.05347007048871,0.8530429005622864,70.21241550832916,-1.0,-1.0,-1.0,1.0,-20.0,1.0,121058
69552,8112,9.90234375,95.05347007048871,0.8530429005622864,70.21241550832916,-1.0,-1.0,-1.0,1.0,-60.0,1.0,123034
71473,10033,12.247314453125,95.05304121882068,0.8530211448669434,70.21201216062198,-1.0,-1.0,-1.0,-0.81360865,-60.0,1.0,160000
110746,49306,60.18798828125001,95.0522080933703,0.8529788851737976,70.2112285776011,-1.0,-0.9828392,-0.34191078,1.0,-20.0,1.0,160000
64678,3238,3.95263671875,95.04542911176416,0.8526352643966675,70.20485252508823,-1.0,-0.015368879,-1.0,-0.45296544,-49.04452383518219,1.0,160000
99359,37919,46.287841796875,95.04529144649,0.8526282906532288,70.20472303889397,-0.82325536,-1.0,-1.0,-0.40605688,-26.45833134651184,1.0,156236
112386,50946,62.18994140625001,95.04364743318804,0.8525450229644775,70.20317669037253,0.10524416,-1.0,-1.0,-0.2180357,-24.376866817474365,1.0,99751
95269,33829,41.295166015625,95.04265984742834,0.852495014667511,70.20224776399422,-0.57944196,0.04962486,-0.85719514,-0.7659735,-45.38518190383911,1.0,160000
136661,75221,91.822509765625,95.04121522798198,0.8524218797683716,70.20088893746755,-1.0,-0.97742766,-0.4741879,-0.7204268,-60.0,1.0608313083648682,160000
111280,49840,60.83984375,95.0384556216658,0.8522822260856628,70.19829317622265,-1.0,-0.8342119,-1.0,1.0,-20.0,1.0,160000
85477,24037,29.342041015625,95.03845326545668,0.8522821068763733,70.1982909598842,-1.0,-0.48104054,-1.0,1.0,-34.33003306388855,1.0,160000
137072,75632,92.32421875,95.03845326545668,0.8522821068763733,70.1982909598842,-1.0,-1.0,-1.0,1.0,-48.36665749549866,1.0,160000
137076,75636,92.3291015625,95.03845326545668,0.8522821068763733,70.1982909598842,-1.0,-1.0,-1.0,1.0,-20.0,1.0,160000
85478,24038,29.343261718750004,95.03845326545668,0.8522821068763733,70.1982909598842,-1.0,-1.0,-1.0,1.0,-20.0,1.0,160000
62685,1245,1.519775390625,95.03780526966302,0.8522493243217468,70.19768142927106,-1.0,0.022868633,1.0,-0.055581093,-29.52368259429932,1.0,160000
139186,77746,94.90478515625,95.02391040964136,0.8515473008155823,70.18461063890031,-1.0,-1.0,-0.82021785,-0.7230109,-20.0,1.0,160000
103287,41847,51.082763671875,95.02167627489354,0.851434588432312,70.18250887477137,-1.0,-0.6769539,-1.0,0.45710522,-20.0,1.0,153148
109064,47624,58.13476562499999,95.01092065156706,0.8508926033973694,70.17239000923766,-1.0,-0.5296582,-0.4271224,0.59124315,-30.856226682662964,1.0,154681
123516,62076,75.7763671875,95.0080060653379,0.8507459163665771,70.16964782981438,-1.0,-1.0,-0.6478999,-0.3308403,-20.0,1.0854671001434326,147709
81547,20107,24.544677734375,95.00736988696428,0.8507139086723328,70.16904927524327,-0.42660344,-0.37878418,-1.0,-0.2691595,-44.3303108215332,1.0,160000
142034,80594,98.38134765625,94.9989956152628,0.8502929210662842,70.16116998993077,-1.0,-1.0,-1.0,-0.12964916,-39.1566014289856,1.0,160000
83858,22418,27.365722656250004,94.99443382829622,0.8500638604164124,70.15687762953806,-1.0,-1.0,-1.0,-0.5882893,-57.561410665512085,1.0,122002
73683,12243,14.945068359375,94.9890053679568,0.8497915267944336,70.1517695889544,-1.0,-0.77117276,-1.0,0.17921996,-35.77364444732666,1.0,160000
109738,48298,58.95751953125,94.98456503402969,0.8495689630508423,70.14759119326338,-0.7281822,-0.15238833,-0.10256106,0.18020904,-22.223129272460938,1.0,160000
68327,6887,8.406982421875,94.9785576881024,0.8492681384086609,70.14193800094472,-0.9959121,-0.4444329,-1.0,-0.9826445,-60.0,1.0,113970
74270,12830,15.66162109375,94.972230291185,0.8489516377449036,70.13598334808727,-0.9412178,-0.5528238,-1.0,0.09390581,-49.04181599617005,1.0,160000
123229,61789,75.426025390625,94.95415712344656,0.8480495810508728,70.11897329894646,-1.0,-0.22487772,-1.0,-0.8956443,-37.55403518676758,1.0,160000
132808,71368,87.119140625,94.95320969718524,0.8480023741722107,70.11808153946878,-1.0,-1.0,-0.96241087,-0.097548604,-20.0,1.0,160000
110839,49399,60.30151367187499,94.94518004118063,0.8476026058197021,70.11052341824279,-1.0,-1.0,0.5695995,-0.20019066,-20.0,1.0,96772
102086,40646,49.61669921875,94.94398065031903,0.847542941570282,70.1093944216308,-1.0,-1.0,-1.0,0.4124534,-42.27952659130096,1.0,160000
131492,70052,85.5126953125,94.94394470057487,0.8475411534309387,70.10936058168089,-0.41848361,-1.0,-1.0,-0.7959076,-21.74485921859741,1.0,160000
80206,18766,22.90771484375,94.93634214271098,0.8471632599830627,70.10220399356923,-1.0,0.07101995,-1.0,1.0,-42.39285886287689,1.0,160000
83401,21961,26.807861328125,94.92624023708332,0.8466619253158569,70.09269404357622,-1.0,-0.3531409,-0.19510967,0.9343228,-20.0,1.0,160000
138683,77243,94.290771484375,94.92497546903516,0.8465992212295532,70.09150333862974,-0.40624344,-1.0,-1.0,-0.22548378,-50.64273118972778,1.0,160000
100320,38880,47.4609375,94.92014701814595,0.8463599681854248,70.08695753252836,-1.0,-0.49576646,-1.0,0.7219312,-60.0,1.0,160000
68862,7422,9.06005859375,94.91749405740916,0.8462285995483398,70.08445979987204,-1.0,-0.6902472,-1.0,0.69839656,-26.00933074951172,1.0,160000
85900,24460,29.8583984375,94.91710876856868,0.8462095260620117,70.08409705068722,-1.0,-0.93037975,-1.0,-0.9030222,-60.0,1.0,158457
110630,49190,60.04638671875,94.91689684846608,0.8461990356445312,70.0838975276118,-1.0,-1.0,-1.0,0.055556953,-26.879258155822757,1.0,160000
108549,47109,57.50610351562499,94.91540475333856,0.8461251854896545,70.08249270908757,-0.8965525,-0.47798157,0.45612985,-0.47107708,-20.0,1.0,126792
116274,54834,66.93603515625,94.90609884809862,0.8456650376319885,70.07373078130084,-0.26337415,-1.0,-1.0,0.71376884,-20.0,1.0,160000
95578,34138,41.67236328125,94.90558247519752,0.8456395268440247,70.07324457539447,-0.7605636,-0.27419615,-0.71382016,0.5203613,-20.0,1.0,58977
108860,47420,57.8857421875,94.90461475197554,0.8455917239189148,70.07233338249623,-1.0,-0.033064306,-1.0,-0.181324,-24.49407935142517,1.0,160000
122287,60847,74.276123046875,94.90305059899764,0.8455144762992859,70.07086058702099,-1.0,-1.0,-1.0,-0.8629836,-60.0,1.0,160000
103778,42338,51.68212890625,94.88996766184157,0.8448691964149475,70.05854112140729,-1.0,-0.5656311,-0.548326,-0.9653597,-60.0,1.0,160000
127199,65759,80.272216796875,94.88646399463067,0.8446966409683228,70.05524171430064,-0.51585126,0.024641097,-1.0,1.0,-36.2948888540268,1.0,153527
139185,77745,94.903564453125,94.88516484778248,0.8446326851844788,70.05401828481887,-1.0,0.1052748,-1.0,1.0,-28.95562529563904,1.0,160000
85259,23819,29.075927734375,94.8787434388862,0.8443167805671692,70.04797096008203,-1.0,-0.9034323,0.87765205,0.46936437,-21.160693168640137,1.0,160000
86915,25475,31.097412109375,94.87796753092564,0.8442786335945129,70.04724023401914,-1.0,-1.0,-0.47130153,-0.50128543,-30.649644136428837,1.0,160000
127885,66445,81.109619140625,94.87354161413072,0.8440611362457275,70.04307196364545,-1.0,-1.0,0.19705653,0.5001459,-31.676394939422607,1.0,160000
79491,18051,22.034912109375,94.87344696927464,0.8440564870834351,70.04298282689167,-1.0,-1.0,-1.0,-0.32800454,-50.06310701370239,1.0,160000
135792,74352,90.76171875,94.87250286111124,0.8440101146697998,70.04209366017848,-0.21939468,-1.0,-1.0,1.0,-34.03808355331421,1.0,160000
84195,22755,27.777099609375,94.87250286111124,0.8440101146697998,70.04209366017848,-1.0,-1.0,-1.0,1.0,-20.0,1.0,160000
109998,48558,59.27490234375,94.87250286111124,0.8440101146697998,70.04209366017848,-0.9932471,-0.87622577,-1.0,1.0,-38.091716170310974,1.0,160000
136397,74957,91.500244140625,94.87223343383644,0.8439968824386597,70.04183991083765,-0.8329533,-1.0,-0.6172186,0.8578995,-60.0,1.0,160000
112010,50570,61.73095703125,94.86702199209374,0.8437410593032837,70.03693162414137,-1.0,-0.50207853,-0.3028549,1.0,-46.219406723976135,1.0,135814
92891,31451,38.392333984375,94.85977607569092,0.8433857560157776,70.0301069010823,-0.11154592,-1.0,-0.48066968,0.43598577,-20.0,1.0,160000
103619,42179,51.48803710937499,94.85852920229696,0.8433246612548828,70.02893247018969,-1.0,-1.0,-1.0,-0.26183987,-57.09105134010315,1.0,160000
61562,122,0.14892578125,94.85250143303662,0.8430294990539551,70.02325476049637,-1.0,-0.58061135,-0.011410475,-0.4797277,-20.0,1.0,120165
100138,38698,47.23876953125,94.85014312204756,0.8429141044616699,70.02103333972367,-1.0,-0.57636553,-0.04832971,1.0,-38.31841707229614,1.0,142115
62536,1096,1.337890625,94.84950952510526,0.8428831100463867,70.02043651400746,-0.90959436,-1.0,-0.63685566,0.35282692,-60.0,1.0597628951072693,160000
101573,40133,48.990478515625,94.84888073235976,0.8428523540496826,70.01984421096905,-0.2279861,-0.5716047,-1.0,-0.79692936,-20.0,1.0,160000
86462,25022,30.54443359375,94.84734014076446,0.8427770137786865,70.018393010639,-1.0,-1.0,-0.90389395,0.59681845,-20.0,1.0,156813
106803,45363,55.374755859375,94.84526748603685,0.8426756858825684,70.01644059410751,-1.0,-1.0,-1.0,-0.72028005,-20.0,1.0,130431
98028,36588,44.6630859375,94.83053362717972,0.8419564366340637,70.00256063003458,-1.0,-1.0,-1.0,-0.8752155,-20.0,1.0,160000
83131,21691,26.478271484375,94.83035635037888,0.8419477939605713,70.00239361827533,-0.5705248,-0.70779973,-0.16602015,-0.5715957,-33.218441009521484,1.0,160000
79650,18210,22.22900390625,94.82991130026949,0.841926097869873,70.00197433742427,-0.31793952,-0.7625988,-0.6965226,-0.65196115,-60.0,1.0,160000
64677,3237,3.951416015625,94.82367328952536,0.8416221737861633,69.99609737850356,-0.6101657,-1.0,-1.0,-0.47292668,-33.75964283943176,1.0,160000
101189,39749,48.521728515625,94.82140100946164,0.8415115475654602,69.99395655112163,-1.0,-0.15158468,0.9911326,-0.38849437,-45.571255683898926,1.0,160000
67037,5597,6.832275390625001,94.8107290855027,0.8409925699234009,69.9839015381735,-1.0,-0.86921835,-0.046153963,-0.29625875,-33.348060846328735,1.0,153904
86538,25098,30.637207031250004,94.8075053441768,0.8408359885215759,69.98086400060934,-1.0,-0.6385738,-1.0,0.12378323,-20.0,1.0,160000
94677,33237,40.572509765625,94.80400467116266,0.8406660556793213,69.97756544788784,-0.42110968,-1.0,0.4687823,-0.32173473,-20.0,1.0,127891
111725,50285,61.383056640625,94.8036177595214,0.840647280216217,69.97720087052856,-1.0,-0.8835605,0.6321754,0.35817748,-39.6716582775116,1.0,160000
123861,62421,76.197509765625,94.80147514879924,0.8405433297157288,69.97518192276274,-0.5241215,-0.8873219,-0.6914732,-0.83318096,-37.42747068405152,1.0,160000
80647,19207,23.446044921875,94.80070341680312,0.8405058979988098,69.97445472452122,-0.77864087,-1.0,-0.22102666,-0.78881747,-37.30170130729675,1.0,160000
61849,409,0.499267578125,94.79346646660734,0.8401551246643066,69.96763519739227,0.18851578,-0.8126552,-0.4589517,0.2718634,-20.0,1.0,160000
136480,75040,91.6015625,94.78951150758402,0.8399636149406433,69.96390821002328,-0.7371449,-1.0,-0.57775754,1.0,-60.0,1.0,160000
62531,1091,1.331787109375,94.789458559434,0.839961051940918,69.96385831320022,-1.0,-1.0,-1.0,0.45355758,-20.0,1.0,160000
69655,8215,10.028076171875,94.78276470677692,0.8396372199058533,69.95755006708265,-1.0,-0.5203665,-0.9144543,-0.0675773,-36.0098797082901,1.0,160000
89806,28366,34.62646484375,94.77482378888448,0.8392535448074341,69.95006620704378,-1.0,-1.0,-1.0,-0.47434258,-52.74663925170898,1.0,160000
81169,19729,24.083251953125,94.7746694761998,0.8392460942268372,69.94992077202629,-0.19981045,-1.0,-0.14680767,0.0010911822,-47.865771651268005,1.0,160000
106378,44938,54.85595703125,94.77026056583648,0.839033305644989,69.94576544111194,-0.99819523,-0.11488849,-1.0,0.56723374,-20.0,1.0,160000
112138,50698,61.88720703125,94.76736886678393,0.8388938307762146,69.943039988693,-0.108823895,-1.0,-1.0,-0.92002606,-20.0,1.0,160000
70607,9167,11.190185546875,94.76011596456024,0.8385443091392517,69.93620381914432,-1.0,-1.0,-0.29582232,0.2585945,-20.0,1.0,160000
142079,80639,98.436279296875,94.75633749447036,0.8383623957633972,69.93264231208028,-0.42695206,-1.0,-1.0,0.7710084,-32.27905750274658,1.0,160000
125179,63739,77.806396484375,94.75622603429642,0.8383570313453674,69.93253725061314,-1.0,-1.0,-1.0,-0.25110948,-60.0,1.0,160000
72629,11189,13.658447265625002,94.75245618054647,0.8381756544113159,69.92898376834953,-1.0,-1.0,1.0,-0.36262655,-20.0,1.0,160000
80460,19020,23.2177734375,94.749064564232,0.8380125761032104,69.92578673436832,-0.07875371,-0.9196846,0.08760315,-0.99610466,-20.0,1.0,160000
141804,80364,98.1005859375,94.74867395482664,0.8379938006401062,69.9254185299649,-1.0,-1.0,-1.0,-0.6730311,-60.0,1.0,160000
115587,54147,66.097412109375,94.74697108683962,0.8379119634628296,69.92381332519857,-1.0,-0.76800305,-0.6346609,-0.39888275,-21.86156630516052,1.0,160000
128605,67165,81.988525390625,94.74083016804845,0.837617039680481,69.91802444302924,-1.0,-1.0,-0.36410347,0.91888535,-20.0,1.0,124768
137079,75639,92.332763671875,94.7329446977938,0.8372387886047363,69.91059065473472,-1.0,0.623067,-1.0,0.783866,-20.0,1.0,160000
73144,11704,14.287109375000002,94.73293599376738,0.8372383713722229,69.91058244905194,-1.0,-1.0,-1.0,0.038307905,-20.0,1.0,160000
77018,15578,19.01611328125,94.73151208855982,0.8371701240539551,69.90924006196664,-0.33744133,-0.865639,0.21583194,1.0,-20.0,1.0,160000
96002,34562,42.18994140625,94.72229617179543,0.8367288112640381,69.90055143247187,-1.0,-1.0,-1.0,-0.89381987,-35.451178550720215,1.0,160000
64289,2849,3.477783203125,94.7220345677194,0.8367162942886353,69.90030478792494,-1.0,-1.0,-1.0,0.18242675,-24.52102780342102,1.0,160000
86501,25061,30.592041015625,94.72100173989703,0.8366668820381165,69.89933101681021,-0.91647583,-1.0,-1.0,0.022596002,-57.35761523246765,1.0,120598
141164,79724,97.3193359375,94.72069895836172,0.836652398109436,69.89904554688879,-1.0,-1.0,-1.0,-0.8704517,-56.26189947128296,1.0,124074
137095,75655,92.352294921875,94.71968832681914,0.8366040587425232,69.89809269413638,-1.0,0.55212826,-0.6070944,-0.31948447,-20.0,1.0,160000
88509,27069,33.043212890625,94.71879344157308,0.8365612626075745,69.89724896478552,-1.0,-1.0,-0.55618024,-0.7351326,-43.810333609580994,1.0,160000
126503,65063,79.422607421875,94.71697333521276,0.8364742398262024,69.89553288823355,-1.0,-0.5263702,-0.5875578,0.46289104,-20.0,1.0,79042
126600,65160,79.541015625,94.71572635950272,0.836414635181427,69.89435717206217,-1.0,-1.0,0.08135772,-0.25391132,-28.15688252449036,1.0,160000
111276,49836,60.83496093750001,94.71444918037278,0.836353600025177,69.8931529679624,-0.66955525,-0.7080631,-1.0,1.0,-51.7419970035553,1.0,119098
91609,30169,36.827392578125,94.71345618019691,0.8363061547279358,69.89221669814911,-0.53335327,-0.48344362,-0.8923769,-0.4213444,-42.13837087154389,1.0,70383
112390,50950,62.19482421875,94.71333141949528,0.8363001942634583,69.89209906460503,-0.54920423,-0.25362873,-1.0,0.1819349,-42.83576846122742,1.0,147611
86242,24802,30.27587890625,94.71302823988646,0.8362857103347778,69.8918132042007,-1.0,-1.0,-1.0,0.081594646,-32.74370729923248,1.0,155896
137730,76290,93.12744140625,94.7028932472588,0.8358019590377808,69.88225683112606,-1.0,-0.3446499,-1.0,0.50319505,-53.21439981460571,1.0,159760
130066,68626,83.77197265625,94.69749140653025,0.8355444669723511,69.87716311570671,-0.41506743,-1.0,-1.0,0.16747987,-42.907137870788574,1.0,115196
115799,54359,66.356201171875,94.69307620532132,0.8353341817855835,69.87299962061395,-1.0,-1.0,-0.24283487,-0.6562501,-34.107096791267395,1.0,160000
75816,14376,17.548828125,94.69271062577624,0.8353167772293091,69.87265487672715,-0.2944013,-1.0,-1.0,-0.46842957,-30.770223140716556,1.0,160000
99249,37809,46.153564453125,94.69137832114166,0.8352533578872681,69.87139849747955,-1.0,0.09967756,-1.0,-0.77250016,-20.0,1.0,102001
121980,60540,73.9013671875,94.6868306799952,0.8350369930267334,69.86710993088425,-1.0,-1.0,-0.88255966,-0.34768522,-35.33664286136627,1.0,158393
100339,38899,47.484130859375,94.68272475498632,0.834841787815094,69.86323780154311,-1.0,-1.0,0.31091595,-0.89250827,-42.12851405143738,1.0,160000
139932,78492,95.8154296875,94.6767745358476,0.8345591425895691,69.85762620115406,-1.0,-1.0,-1.0,0.4263627,-20.0,1.0,154202
74086,12646,15.437011718749998,94.67389262638852,0.8344223499298096,69.85490821521422,-1.0,-1.0,-1.0,-0.30314624,-20.0,1.0,160000
102704,41264,50.37109374999999,94.65977665196266,0.8337532877922058,69.84159438914439,-0.41747296,-1.0,-1.0,0.47833177,-22.41595268249512,1.0,160000
62448,1008,1.23046875,94.65911938853873,0.8337221741676331,69.8409744439602,-1.0,-1.0,-0.67929715,-0.87004024,-40.35514056682587,1.0,78907
126712,65272,79.677734375,94.65485043102754,0.8335201740264893,69.83694780292102,-1.0,-0.70470786,-0.5368433,0.6120081,-20.0,1.0,147523
99882,38442,46.92626953125,94.65255280934802,0.8334115147590637,69.83478055163182,-1.0,-1.0,-0.886995,0.16261905,-26.36025905609131,1.0,160000
78202,16762,20.46142578125,94.64425225164588,0.8330193161964417,69.82695069881837,-0.5079353,-1.0,-0.5848709,0.20483714,-60.0,1.0,160000
98973,37533,45.816650390625,94.64053340615246,0.8328437805175781,69.82344259774884,-1.0,-1.0,-0.60617864,-0.8874564,-43.57650339603424,1.0,151173
139715,78275,95.550537109375,94.63197434765117,0.832440197467804,69.81536824103115,-1.0,-1.0,-0.9607941,-0.2543429,-60.0,1.0,160000
86725,25285,30.865478515625,94.6316252002393,0.832423746585846,69.81503885605335,-0.5858668,0.3688864,-1.0,1.0,-20.0,1.0,153711
113868,52428,63.9990234375,94.62637032611322,0.8321762681007385,69.81008132481378,-0.8431195,-1.0,-1.0,-0.0447731,-20.0,1.0,160000
116049,54609,66.661376953125,94.62179003179222,0.8319607377052307,69.8057600601228,-1.0,-1.0,0.0735296,-0.9943162,-20.739896297454838,1.0,160000
90615,29175,35.614013671875,94.61571087476872,0.8316749334335327,69.8000244930801,-0.8304243,-1.0,-0.51805884,-0.7783015,-20.0,1.0,160000
134729,73289,89.464111328125,94.61497765940832,0.8316404819488525,69.79933270279679,-1.0,-0.8992244,-1.0,0.9574607,-43.74254941940308,1.0,160000
86509,25069,30.601806640625,94.6118293874888,0.8314926028251648,69.79636226285626,-1.0,-0.21353179,-1.0,-0.516057,-47.08204567432404,1.2072393894195557,160000
64929,3489,4.259033203125,94.60930677596492,0.8313741683959961,69.7939820974156,-1.0,-1.0,-1.0,0.15742028,-60.0,1.0,160000
76120,14680,17.919921875,94.6020961423643,0.8310359120368958,69.7871784107739,-0.88637745,-1.0,-1.0,0.12088525,-20.0,1.0,160000
69564,8124,9.9169921875,94.5991534757292,0.8308979868888855,69.78440172564777,-0.90466887,-1.0,-1.0,0.79129934,-20.0,1.3962767124176023,144379
98554,37114,45.30517578125,94.59832026170491,0.8308589458465576,69.78361549929238,-1.0,-1.0,-0.865051,0.5197909,-40.9011310338974,1.0,160000
112546,51106,62.38525390625001,94.57231523816822,0.829643189907074,69.7590747992625,-0.74668914,-1.0,-1.0,-0.70797396,-27.402591705322266,1.0,160000
104445,43005,52.496337890625,94.56723542773122,0.8294063210487366,69.75428053649374,-1.0,-0.35875225,-0.13135123,1.0,-36.97067141532898,1.0,160000
86522,25082,30.61767578125,94.5668863042906,0.8293900489807129,69.75395103217974,-1.0,-1.0,-1.0,-0.450534,-33.226163387298584,1.0,160000
86466,25026,30.54931640625,94.56504699609576,0.8293043375015259,69.75221507211204,-0.6770556,-0.16261399,-0.43415317,0.58061343,-25.26306390762329,1.0,160000
64676,3236,3.9501953125,94.5640209337592,0.829256534576416,69.7512466536351,0.051837325,-0.2900514,-0.46727544,0.9961346,-24.284560680389404,1.0,160000
95647,34207,41.756591796875,94.56062036813576,0.8290981650352478,69.74803708399281,-1.0,-1.0,-0.83652693,-0.4840606,-60.0,1.0,141008
68988,7548,9.2138671875,94.559957180493,0.8290672898292542,69.74741113654927,-0.9218673,-1.0,-1.0,-0.9392194,-38.0639511346817,1.0,160000
122954,61514,75.09033203125,94.55502963043148,0.8288379907608032,69.74276019947928,-1.0,-0.79883265,0.7995962,-0.2763555,-57.480727434158325,1.0,160000
116275,54835,66.937255859375,94.5486268752492,0.8285403251647949,69.73671664484401,-1.0,-0.86908513,-0.8399374,0.8528831,-33.911025524139404,1.0,160000
111247,49807,60.799560546875,94.53733301785888,0.8280160427093506,69.7260557661829,-1.0,0.36386204,-0.27251285,0.24046093,-46.34637117385864,1.0,160000
111303,49863,60.867919921875,94.52749464423246,0.8275601267814636,69.71676815663157,-1.0,-1.0,-1.0,0.48173428,-20.0,1.1086562871932983,160000
135141,73701,89.967041015625,94.52659219392623,0.8275183439254761,69.71591619680866,-0.558514,-1.0,0.20188761,-0.3182974,-37.25506782531738,1.0,160000
83204,21764,26.5673828125,94.52037179013628,0.8272305130958557,69.71004367763085,-1.0,-1.0,-1.0,-0.6186206,-27.699902057647705,1.0,160000
127292,65852,80.3857421875,94.50396119238415,0.8264725804328918,69.69454972896538,-0.8630634,-1.0,-1.0,-0.67232084,-20.0,1.0,160000
114505,53065,64.776611328125,94.49578966101816,0.8260959386825562,69.68683402348744,-1.0,-0.7868065,-1.0,-0.9424317,-20.0,1.0,160000
89974,28534,34.83154296875,94.49257312028983,0.8259478211402893,69.68379679706796,-1.0,-0.13294297,1.0,-0.6233257,-56.805481910705566,1.0,152831
119655,58215,71.063232421875,94.49196456881944,0.8259198069572449,69.68322216379116,-0.23961282,-1.0,-1.0,-0.49009907,-20.0,1.0,160000
80496,19056,23.26171875,94.4872235492519,0.8257016539573669,69.67874531250435,-1.0,-0.37746745,-1.0,-0.8856961,-45.7440710067749,1.0,160000
65178,3738,4.56298828125,94.4826577954814,0.825491726398468,69.67443383247583,-1.0,-1.0,-1.0,0.5782305,-45.29349982738495,1.0,160000
111721,50281,61.37817382812501,94.481063771179,0.8254184722900391,69.67292855207779,-1.0,-1.0,0.2786662,0.5325639,-28.4898042678833,1.0,160000
61747,307,0.374755859375,94.48080303259242,0.8254064917564392,69.67268232809312,-1.0,-1.0,-1.0,-0.8260341,-20.0,1.0,127903
124888,63448,77.451171875,94.47810548395842,0.8252825736999512,69.67013492046286,-1.0,-0.89209473,0.15366912,-0.09233928,-60.0,1.0,160000
73048,11608,14.169921875,94.47243011402124,0.8250220417976379,69.66477528848306,-1.0,-1.0,-0.3910458,0.1582303,-41.84172213077545,1.0,160000
132103,70663,86.258544921875,94.46069387766973,0.8244840502738953,69.65369135835184,-1.0,-1.0,-0.5422226,1.0,-20.0,1.0,160000
72760,11320,13.818359375,94.45098332532795,0.8240396976470947,69.64451989759137,-1.0,0.3200544,-0.80675256,-0.06507075,-32.99016714096069,1.0,160000
124745,63305,77.276611328125,94.4473008771042,0.823871374130249,69.64104173650435,-1.0,-1.0,-1.0,0.07434654,-24.640088081359863,1.0,160000
64671,3231,3.944091796875,94.4403211000561,0.8235526084899902,69.63444894622737,-1.0,-1.0,-0.14750332,1.0,-27.28933334350586,1.0,109779
115357,53917,65.816650390625,94.43516861148048,0.8233175277709961,69.62958194551764,-0.7398343,-1.0,-1.0,0.6109426,-36.812803745269775,1.0,96436
100376,38936,47.529296875,94.43477520360814,0.8232995867729187,69.62921032898696,-0.77660114,-0.74280703,-0.35631108,1.0,-20.0,1.0,160000
139353,77913,95.108642578125,94.43475036970636,0.823298454284668,69.62918687063431,-1.0,-0.39109188,-1.0,0.4137218,-37.62484669685364,1.0,160000
89553,28113,34.317626953125,94.41379925512136,0.8223446607589722,69.60939493038379,-1.0,-0.111745894,-1.0,0.50383353,-42.99157202243805,1.0,160000
116501,55061,67.213134765625,94.41308443832432,0.8223121762275696,69.60871961669844,-1.0,-1.0,0.08906245,-0.5918222,-20.0,1.0,160000
107610,46170,56.35986328125,94.4117634483517,0.8222521543502808,69.60747162098471,-1.0,-1.0,-1.0,0.3810873,-20.0,1.0,140826
77003,15563,18.997802734375,94.41001043628128,0.8221725225448608,69.60581545957155,-1.0,-0.3562581,-1.0,0.9296109,-33.47548604011536,1.0,160000
113495,52055,63.543701171875,94.39930572503616,0.8216867446899414,69.59570176956304,-1.0,-1.0,0.26789856,1.0,-20.0,1.0,160000
107089,45649,55.72387695312499,94.39803831847932,0.8216292858123779,69.59450429341086,-1.0,-0.9534365,-0.9220965,-0.7630317,-60.0,1.0,160000
62067,627,0.765380859375,94.39386876624056,0.8214403390884399,69.59056473352507,-1.0,-0.5177784,-0.9066609,-0.24008268,-20.0,1.0,155930
111294,49854,60.85693359374999,94.3916684231456,0.8213406801223755,69.58848572001072,-1.0,-1.0,-1.0,0.46749246,-37.32842743396759,1.0,160000
99922,38482,46.97509765625,94.39158155141772,0.8213367462158203,69.58840363791043,-1.0,-1.0,-0.67993087,-0.25528145,-28.69816303253174,1.0,160000
83496,22056,26.923828125,94.36806030758515,0.8202736377716064,69.56617759615737,-1.0,-1.0,-0.9405646,0.29942256,-21.640716791152958,1.0,146979
83142,21702,26.49169921875,94.36771412844364,0.8202580213546753,69.56585045525486,-0.9029651,-0.17840827,0.44990933,-0.44662815,-21.378300189971924,1.0,160000
96554,35114,42.86376953125,94.36614022326076,0.8201870322227478,69.56436309869697,-1.0,-1.0,-0.45895624,-0.8366433,-20.0,1.0,160000
74313,12873,15.714111328125,94.36256408537226,0.8200258016586304,69.56098355793429,-1.0,-0.9231923,-1.0,0.53984404,-24.652137756347656,1.0,157185
91463,30023,36.649169921875,94.34783993322418,0.8193629384040833,69.54706807705944,-0.033248663,-0.5834588,1.0,-0.28527176,-20.0,1.0,160000
128560,67120,81.93359375,94.34221833179048,0.8191102743148804,69.54175488968943,-1.0,-1.0,-0.5246641,0.24264836,-20.0,1.0,160000
78003,16563,20.218505859375,94.34063530511874,0.8190391659736633,69.54025867846862,-0.90715253,-0.053360462,1.0,-0.85949236,-32.84767270088196,1.0,102828
104713,43273,52.823486328125,94.31686689998595,0.8179736733436584,69.51779202583721,-1.0,0.13355571,-1.0,0.29363704,-32.691327929496765,1.0,160000
61957,517,0.631103515625,94.31650454241336,0.8179574608802795,69.51744948873628,-1.0,-1.0,-0.8811063,0.38767037,-26.991894245147705,1.0,132332
115775,54335,66.326904296875,94.31443124055576,0.817864716053009,69.51548957918814,-1.0,-0.32327497,-0.6904097,-0.64777243,-49.68918442726135,1.0,160000
105946,44506,54.32861328125001,94.31131733310124,0.8177254796028137,69.51254593009139,-1.0,-1.0,-0.5145582,-0.19413197,-27.02474474906921,1.0,109267
80578,19138,23.36181640625,94.309783804626,0.817656934261322,69.51109622952194,-0.9707951,-0.9544762,-0.18616867,0.29165483,-20.0,1.0,160000
90476,29036,35.4443359375,94.30829392229244,0.8175903558731079,69.50968777632583,-1.0,-1.0,-0.6184431,1.0,-24.1401469707489,1.0,160000
82642,21202,25.88134765625,94.3016378146327,0.817293107509613,69.50339530114884,-1.0,-1.0,-0.5943707,0.18014485,-29.14460062980652,1.0,160000
83376,21936,26.77734375,94.29756886641678,0.8171115517616272,69.49954852037168,-1.0,-1.0,-1.0,-0.51244897,-20.0,1.0,159406
99535,38095,46.502685546875,94.29464443461404,0.8169811367988586,69.49678370615219,-1.0,-0.9572755,0.47692,-0.859159,-22.502501010894772,1.0,160000
106017,44577,54.415283203125,94.2932298469228,0.8169180750846863,69.49544631014287,-1.0,-0.7683506,-0.16247475,0.14062291,-30.477806329727173,1.0,160000
116280,54840,66.943359375,94.29273105526904,0.8168958425521851,69.4949747339905,-0.27845192,-0.60260075,-0.2994211,1.0,-27.903329133987427,1.0,160000
116273,54833,66.934814453125,94.29123578030185,0.8168292045593262,69.49356103700109,-0.75153804,-0.5109784,0.061624467,1.0,-43.28586041927338,1.0,160000
139697,78257,95.528564453125,94.28444104158552,0.8165265917778015,69.48713683945566,-1.0,-1.0,0.27814722,-0.8488989,-20.0,1.0,160000
127719,66279,80.906982421875,94.2832679151812,0.8164743781089783,69.48602766116863,-1.0,-1.0,-1.0,0.053833842,-20.0,1.0,108539
139322,77882,95.07080078125,94.28286075169817,0.8164562582969666,69.48564269068213,-0.43224633,-1.0,-1.0,-0.92409503,-20.0,1.0,148819
111249,49809,60.80200195312499,94.27890560977168,0.8162803053855896,69.48190308004926,-1.0,-1.0,-0.27300665,0.96330374,-20.0,1.0,160000
110593,49153,60.001220703125,94.27282603509389,0.816010057926178,69.47615463207246,-1.0,-1.0,-1.0,1.0,-60.0,1.0,116627
93329,31889,38.927001953125,94.27051280879267,0.8159072995185852,69.47396734156959,-0.9313202,-1.0,-0.9832078,0.033679843,-23.58800768852234,1.0,160000
67898,6458,7.883300781249999,94.26977465198384,0.8158745169639587,69.47326936483172,-0.40037453,-1.0,-1.0,0.16673374,-42.73077428340912,1.0,160000
142260,80820,98.6572265625,94.25881965639532,0.8153884410858154,69.46291031962575,-1.0,-0.96214306,-1.0,-0.8820666,-36.48541152477264,1.0,160000
112382,50942,62.18505859375,94.25777622816123,0.8153421878814697,69.46192361836235,-1.0,-1.0,-1.0,0.24955243,-20.0,1.0,160000
76609,15169,18.516845703125,94.25483864434132,0.8152120113372803,69.45914570607543,-1.0,-1.0,-0.19807583,-0.77499795,-36.59040570259094,1.0,159307
67296,5856,7.1484375,94.25481442781332,0.8152109384536743,69.45912280562753,-1.0,-0.25870377,0.9170269,-0.6815838,-40.19797921180725,1.0,153377
126715,65275,79.681396484375,94.25130474155128,0.8150554895401001,69.45580382305806,-1.0,-1.0,-1.0,1.0,-60.0,1.0,160000
75118,13678,16.69677734375,94.25130474155128,0.8150554895401001,69.45580382305806,-1.0,-1.0,-1.0,1.0,-33.454569578170776,1.0,160000
100920,39480,48.193359375,94.25130474155128,0.8150554895401001,69.45580382305806,-1.0,-0.26353562,-1.0,1.0,-60.0,1.0,122423
100916,39476,48.1884765625,94.25130474155128,0.8150554895401001,69.45580382305806,-0.5315983,-1.0,-1.0,1.0,-34.8854660987854,1.0,160000
100919,39479,48.192138671875,94.25130474155128,0.8150554895401001,69.45580382305806,-0.127779,-1.0,-1.0,1.0,-37.24771618843079,1.0,160000
75112,13672,16.689453125,94.25130474155128,0.8150554895401001,69.45580382305806,-0.22571063,-1.0,-1.0,1.0,-21.754603385925293,1.0,160000
100915,39475,48.187255859375,94.25130474155128,0.8150554895401001,69.45580382305806,-1.0,-1.0,-1.0,1.0,-35.1125830411911,1.0,160000
126720,65280,79.6875,94.25130474155128,0.8150554895401001,69.45580382305806,-1.0,-1.0,-1.0,1.0,-20.0,1.0,160000
76137,14697,17.940673828125,94.24957071167964,0.8149787187576294,69.45416398848865,-1.0,-0.3683002,-1.0,-0.3504851,-20.0,1.0,160000
93279,31839,38.865966796875,94.24821735361716,0.8149188160896301,69.45288413525289,-1.0,-1.0,-0.8179556,-0.99010336,-20.0,1.0,159058
80239,18799,22.947998046875,94.24578192701452,0.8148110508918762,69.45058095780391,-1.0,-1.0,-0.372231,-0.6825096,-57.23317861557007,1.0,159430
67324,5884,7.1826171875,94.2434048665492,0.8147059082984924,69.44833294489811,-1.0,-0.57906437,-1.0,-0.88772076,-60.0,1.0,160000
131300,69860,85.2783203125,94.24304903924836,0.8146901726722717,69.44799643227022,-1.0,-1.0,1.0,0.91595817,-40.62910556793213,1.0,122516
132485,71045,86.724853515625,94.23327890167926,0.8142584562301636,69.43875635003131,-1.0,-1.0,0.57714933,0.1697185,-60.0,1.0,160000
82352,20912,25.52734375,94.2281943147932,0.8140340447425842,69.43394740341087,-0.59275,-1.0,-0.5294352,-0.09156251,-20.0,1.0,145058
62913,1473,1.7980957031250002,94.22742283050071,0.8140000104904175,69.43321772936433,-1.0,-0.5781626,-0.34430444,-0.23593885,-32.49979257583618,1.0,160000
111626,50186,61.26220703125001,94.22445086223176,0.8138689398765564,69.43040679446842,-1.0,-0.3562498,-1.0,0.371399,-27.99968123435974,1.0,133604
106367,44927,54.842529296875,94.22094867049232,0.8137145638465881,69.42709430240323,-1.0,-1.0,-1.0,0.71308964,-23.39054107666016,1.0,160000
120677,59237,72.310791015625,94.21178923800714,0.8133112192153931,69.41843067599952,-1.0,-0.5121959,-1.0,-0.61413944,-20.37761926651001,1.0,160000
106523,45083,55.032958984375,94.2108653894504,0.8132705688476562,69.4175568100111,-1.0,-1.0,-1.0,-0.08591592,-37.38338589668274,1.0,160000
131786,70346,85.87158203125,94.20314425718756,0.8129310607910156,69.41025322506219,-1.0,-1.0,-0.8887023,1.0,-20.0,1.0,160000
122267,60827,74.251708984375,94.18406030006284,0.8120936751365662,69.3921998808371,-1.0,-1.0,-1.0,0.018173099,-54.98875856399536,1.0,160000
101623,40183,49.051513671875,94.18175670168938,0.8119927644729614,69.39002055006559,-0.86261904,-1.0,-0.036357522,-0.94169426,-20.0,1.0,160000
125298,63858,77.95166015625,94.16927047744949,0.8114464282989502,69.37820738607506,-1.0,-0.3349073,-0.029378891,-0.6755468,-27.326291799545288,1.0,160000
116212,54772,66.8603515625,94.15685143110728,0.8109040856361389,69.36645692852139,-1.0,-0.9014193,-0.6325886,-0.92042243,-23.44177722930908,1.0,160000
99379,37939,46.312255859375,94.15518718285128,0.8108314871788025,69.36488221207132,-1.0,-1.0,-1.0,-0.6979835,-54.53318119049072,1.0,160000
82799,21359,26.072998046875,94.15374667271094,0.8107686638832092,69.36351918502139,-1.0,-1.0,-0.89844596,0.5260908,-50.06383895874024,1.0,160000
64053,2613,3.189697265625,94.14896771818316,0.8105603456497192,69.35899720268515,-1.0,-1.0,0.35310948,-0.63263696,-20.0,1.0,74899
69438,7998,9.76318359375,94.14545815691064,0.8104074597358704,69.35567627676194,-1.0,-1.0,-1.0,-0.17284769,-28.698887825012207,1.0,160000
91024,29584,36.11328125,94.13255966763694,0.8098462820053101,69.34347049102949,-1.0,-1.0,-0.65869814,0.22109866,-36.15964353084564,1.0,160000
92720,31280,38.18359375,94.13213178760468,0.8098276853561401,69.34306557444484,-1.0,-1.0,-1.0,0.19484735,-44.87662374973297,1.0,160000
94194,32754,39.98291015625,94.1273765702953,0.8096210956573486,69.33856549295955,-1.0,-1.0,-1.0,-0.5023377,-20.0,1.0,160000
121194,59754,72.94189453125,94.12145990290908,0.8093642592430115,69.33296610628916,-1.0,-0.9335393,0.13012302,0.99236494,-20.0,1.0,103495
129363,67923,82.913818359375,94.12085818374727,0.8093381524085999,69.33239664362392,-1.0,-1.0,-0.2721005,-0.6594008,-20.0,1.0,160000
114802,53362,65.13916015625,94.11787898633206,0.8092089295387268,69.32957712382505,-1.0,-0.870712,-0.04752612,-0.090441465,-60.0,1.0,160000
139665,78225,95.489501953125,94.1146605160018,0.8090693950653076,69.32653110154834,-1.0,-1.0,1.0,-0.4599687,-25.34701466560364,1.0,160000
139783,78343,95.633544921875,94.11174450051185,0.8089430332183838,69.32377127997236,-1.0,0.5378771,-1.0,0.9051623,-60.0,1.0,160000
106410,44970,54.89501953125,94.10293759413516,0.8085617423057556,69.3154358292909,-1.0,-1.0,-1.0,-0.2392987,-20.0,1.0,160000
93174,31734,38.73779296875,94.10086939599482,0.8084722757339478,69.31347828630163,-1.0,-0.95633894,-0.253649,0.7045259,-29.883129596710205,1.0,160000
61813,373,0.4553222656249999,94.09117273362918,0.808053195476532,69.30430011903397,-1.0,-1.0,0.21757305,-0.8385803,-20.0,1.0,160000
111245,49805,60.797119140625,94.08920432675563,0.8079681992530823,69.30243690411358,-1.0,-0.6123117,-0.57159114,1.0,-20.0,1.0,90172
119428,57988,70.7861328125,94.08661936954792,0.8078566193580627,69.299990055807,-0.7502936,-1.0,-0.43005866,-0.8967205,-20.0,1.0,160000
66180,4740,5.7861328125,94.08403200229962,0.8077449798583984,69.29754089032794,-1.0,-0.688715,-1.0,-0.3303607,-20.0,1.0,160000
61913,473,0.577392578125,94.0775155114354,0.8074640035629272,69.29137231270694,-0.59722716,-0.43263483,-1.0,-0.84634024,-60.0,1.0,160000
113496,52056,63.54492187500001,94.0768778885925,0.8074365258216858,69.29076872012251,-0.77633524,-1.0,0.29430872,1.0,-60.0,1.0,160000
111248,49808,60.80078125,94.0760202496314,0.807399570941925,69.28995685036338,-1.0,0.036848485,-0.2355459,1.0,-42.92409121990204,1.0,107631
134805,73365,89.556884765625,94.075116839989,0.8073606491088867,69.28910164829075,-1.0,-0.44591784,-0.5792981,-0.57583654,-50.88942289352417,1.0,160000
108834,47394,57.85400390624999,94.07414826779213,0.807318925857544,69.2881847560085,-1.0,-1.0,-0.32562816,1.0,-20.0,1.6121575832366943,103062
112009,50569,61.72973632812499,94.07381061734154,0.8073043823242188,69.28786512032737,-1.0,-1.0,-0.1450127,1.0,-20.0,1.0,142525
137449,76009,92.784423828125,94.06404301318372,0.8068839907646179,69.27861838668949,-1.0,-1.0,-1.0,-0.67306006,-20.0,1.0,160000
133817,72377,88.350830078125,94.0563771240774,0.8065544962882996,69.27136093519405,-1.0,-1.0,-1.0,0.27865642,-34.26832556724548,1.0,139605
109209,47769,58.31176757812499,94.05403867946046,0.806454062461853,69.26914702038933,-1.0,-0.09286749,-0.16071564,1.0,-32.84631967544556,1.0,160000
90728,29288,35.751953125,94.0526490943558,0.8063943982124329,69.26783142146603,-0.88071364,-1.0,-0.27955425,-0.05446881,-20.0,1.0,160000
108043,46603,56.888427734375,94.04656114703248,0.8061331510543823,69.26206749609217,-0.31209862,-0.57357854,-1.0,0.10453069,-20.0,1.0,160000
121442,60002,73.24462890625,94.04547019057796,0.8060863614082336,69.26103458340368,-1.0,0.20701337,-0.8715928,-0.84603906,-60.0,1.0,160000
84141,22701,27.711181640625,94.0358591427691,0.8056744933128357,69.25193461402516,-0.40845537,-0.6448392,-1.0,-0.62135464,-60.0,1.0,121912
142932,81492,99.4775390625,94.0349083989044,0.8056337833404541,69.25103440049402,-1.0,-1.0,-1.0,-0.51055217,-20.0,1.0,160000
93365,31925,38.970947265625,94.03260961822168,0.8055353760719299,69.24885777615714,-1.0,-1.0,-1.0,-0.9872993,-33.1707227230072,1.0,160000
131070,69630,84.99755859375,94.03100932480814,0.805466890335083,69.24734250526434,-0.13386166,-1.0,-1.0,-0.119192004,-29.9274742603302,1.0,160000
123608,62168,75.888671875,94.03079620144491,0.8054577708244324,69.24714070398322,-0.068496585,-1.0,-1.0,-0.055594265,-20.0,1.0,160000
85927,24487,29.891357421875,94.02395865191514,0.8051653504371643,69.24066626905953,-1.0,-1.0,-0.2629927,1.0,-28.60898494720459,1.0,160000
118777,57337,69.991455078125,94.02388614074816,0.805162250995636,69.24059760734717,-1.0,-1.0,-1.0,0.33649534,-20.0,1.0,149837
86359,24919,30.418701171875,94.01920468782076,0.8049622178077698,69.23616462364377,-1.0,-0.3951559,-1.0,-0.37897158,-34.0354722738266,1.0,160000
81259,19819,24.193115234375,94.01717539415247,0.8048755526542664,69.23424299940041,-1.0,-0.035773993,0.32080215,-0.73265415,-20.0,1.0,160000
100131,38691,47.230224609375,94.01521110006016,0.8047916889190674,69.23238290539742,-1.0,-1.0,0.020190239,1.0,-20.0,1.0,160000
90479,29039,35.447998046875,94.01233969012102,0.8046691417694092,69.2296637789403,-1.0,-0.8074759,-0.32651538,1.0,-33.86102557182312,1.0,95811
80498,19058,23.26416015625,94.00883252398656,0.804519534111023,69.22634255453025,-0.86616683,-1.0,-0.9800435,-0.744178,-34.61638271808624,1.0,160000
62382,942,1.14990234375,94.00664623684712,0.8044263124465942,69.22427214657296,-1.0,-1.0,-1.0,-0.5322922,-31.11155331134796,1.0,160000
99690,38250,46.69189453125,93.9950344618118,0.803931713104248,69.21327540792812,-1.0,-1.0,-1.0,0.15506047,-20.0,1.0,133805
139539,78099,95.335693359375,93.99023152874044,0.803727388381958,69.20872666397304,-0.09839797,-0.3257022,-0.9837973,0.58907104,-20.0,1.0,160000
69555,8115,9.906005859375,93.98216460787177,0.80338454246521,69.20108640401693,-0.120996416,-0.8827361,0.13036335,0.9376011,-20.0,1.0,160000
61735,295,0.360107421875,93.9744123841681,0.803055465221405,69.19374387783877,-1.0,-0.42014265,-0.77676535,-0.31189054,-60.0,1.0,160000
93632,32192,39.296875,93.97134184133468,0.8029252290725708,69.19083552394004,-1.0,-0.83927786,-0.6026954,-0.5948298,-56.6987681388855,1.0,160000
71654,10214,12.46826171875,93.97120409025334,0.8029193878173828,69.19070504785293,-1.0,-1.0,-1.0,0.29737735,-20.0,1.0,160000
77243,15803,19.290771484375,93.96981798624633,0.8028606176376343,69.18939214214146,-1.0,-1.0,0.40833545,-0.7992383,-29.15274381637573,1.0,160000
88630,27190,33.19091796875,93.96811940251382,0.8027886152267456,69.18778324476058,-0.26675713,-1.0,-0.009323895,-0.57069576,-60.0,1.0,133923
121156,59716,72.8955078125,93.96620094167298,0.802707314491272,69.18596606195344,-1.0,-0.8279713,-0.03730637,1.0,-20.0,1.0,160000
94747,33307,40.657958984375,93.9602042825566,0.802453339099884,69.18028585140266,-0.22560477,-0.86434275,-1.0,-0.59785336,-20.0,1.0,160000
121375,59935,73.162841796875,93.9573074507292,0.802330732345581,69.17754182113475,-1.0,0.39193594,-0.46341252,-0.26662362,-56.27197504043579,1.0,160000
99517,38077,46.480712890625,93.95710883694017,0.8023223280906677,69.17735368220177,0.050278783,0.27278507,-0.9371228,-0.36890924,-20.82977056503296,1.0,137816
115346,53906,65.80322265625,93.9558846250121,0.8022705316543579,69.1761940304965,-1.0,-1.0,-0.5421014,-0.76576036,-27.781412601470947,1.0,148182
91810,30370,37.07275390625,93.9438799095014,0.801763117313385,69.16482198794449,-0.49162185,-0.6933169,-1.0,-0.39410388,-54.58221197128296,1.0,140713
90528,29088,35.5078125,93.94293135627028,0.801723062992096,69.16392339376102,-1.0,-0.16056669,-1.0,-0.82925403,-28.5727322101593,1.0,160000
99885,38445,46.929931640625,93.93046056341998,0.8011969923973083,69.15210899124193,-1.0,-0.6282601,-0.2142049,0.19688123,-20.0,1.148460566997528,160000
128606,67166,81.98974609375,93.92600407855728,0.8010092377662659,69.1478868764973,-0.054032445,-0.43278012,-0.6202742,1.0,-20.0,1.0,159269
124458,63018,76.92626953125,93.92438627459548,0.8009411096572876,69.14635412899064,-1.0,-0.6005941,-0.50164115,0.25118697,-46.72140300273895,1.0,134033
101456,40016,48.84765625,93.9243395605173,0.80093914270401,69.14630987071808,-1.0,-1.0,-0.44391662,0.35972732,-60.0,1.0,160000
82423,20983,25.614013671875004,93.92382143699244,0.8009173274040222,69.14581898471464,-1.0,-1.0,-0.5011615,-0.70110613,-49.524738788604736,1.0,160000
87545,26105,31.866455078125,93.92017786445854,0.8007639646530151,69.14236691438789,-0.12215173,-1.0,-0.18214685,-0.25264823,-55.1371169090271,1.0,160000
132107,70667,86.263427734375,93.9083015783481,0.8002646565437317,69.13111436244215,-1.0,-0.7714014,-0.49413973,1.0,-46.27537131309509,1.0,160000
61658,218,0.26611328125,93.90535085673122,0.8001407384872437,69.12831849915925,-0.69404113,-1.0,-1.0,-0.58045644,-44.300497174263,1.0,160000
120197,58757,71.724853515625,93.9027325810466,0.8000308275222778,69.12583759745043,-0.82842284,0.397552,-1.0,0.44196016,-25.575196743011475,1.0,137935
116782,55342,67.55615234375,93.89719448110642,0.7997984886169434,69.12058995212857,-1.0,-0.7167949,0.09666264,0.9061496,-50.93596339225769,1.0,160000
89319,27879,34.031982421875,93.8963885319178,0.7997646927833557,69.11982625926834,-1.0,-1.0,-0.85888785,1.0,-20.0,1.0,160000
74609,13169,16.075439453125,93.89224354133596,0.7995909452438354,69.11589854061259,-0.20914125,-1.0,0.66587114,-0.8497889,-40.78143417835236,1.0,150921
83129,21689,26.475830078125,93.88815007126458,0.7994194626808167,69.11201955640398,-1.0,-0.019538462,-1.0,1.0,-44.53916311264038,1.0,160000
101946,40506,49.44580078125,93.8847803689688,0.7992783784866333,69.10882635299465,-1.0,-0.9497056,1.0,-0.5791112,-22.42197036743164,1.0,160000
101578,40138,48.99658203125,93.87493348995775,0.7988665103912354,69.09949490672925,-0.2430588,-1.0,-0.28338468,-0.7690947,-25.131982564926147,1.0,160000
132749,71309,87.047119140625,93.8721934646893,0.7987520098686218,69.09689822046346,-1.0,-0.971949,-1.0,-0.067472935,-20.0,1.0,160000
102804,41364,50.49316406249999,93.86835469708768,0.798591673374176,69.09326020677155,-1.0,0.075273514,0.8019481,1.0,-32.491586208343506,1.0,105649
81986,20546,25.08056640625,93.86637023770469,0.7985088229179382,69.09137949847546,-1.0,-0.7581285,-1.0,-0.119565904,-60.0,1.0,138612
77958,16518,20.16357421875,93.86331388313012,0.7983812689781189,69.08848289683642,-1.0,-0.94887275,-1.0,0.22129226,-55.23273587226868,1.0,160000
120273,58833,71.817626953125,93.86186377202505,0.7983207702636719,69.08710856532318,-1.0,-0.3275497,-1.0,-0.50966716,-20.0,1.0,160000
102645,41205,50.299072265625,93.8612764953958,0.7982962727546692,69.08655197546267,-1.0,-0.13712847,-0.99447656,-0.88394094,-20.0,1.0,122974
97229,35789,43.687744140625,93.84947440199198,0.7978044152259827,69.07536620601302,-1.0,-1.0,-1.0,-0.75187844,-60.0,1.0,160000
93561,32121,39.210205078125,93.84550379178287,0.7976391315460205,69.07160279044979,-1.0,-0.97047746,-1.0,0.53672117,-34.8698616027832,1.0,160000
116505,55065,67.218017578125,93.84398681210976,0.7975760102272034,69.07016494909115,-1.0,-1.0,-0.66903174,-0.70845675,-20.0,1.0,141896
127297,65857,80.391845703125,93.84216283423504,0.7975001335144043,69.06843610988808,0.058511257,-1.0,-1.0,0.33165473,-37.307223081588745,1.0,160000
136473,75033,91.593017578125,93.82806594816272,0.7969143986701965,69.05507395729694,-0.7504285,-1.0,-0.50635874,1.0,-20.0,1.0,160000
100971,39531,48.255615234375,93.82303664519534,0.7967057228088379,69.05030654342029,-0.24941939,-1.0,1.0,1.0,-29.91808295249939,1.0,160000
103063,41623,50.809326171875,93.8171421120338,0.7964613437652588,69.04471879421169,-1.0,0.10633564,-0.9040767,0.1231693,-44.66062307357788,1.0,160000
104307,42867,52.327880859375,93.81453106660624,0.7963531613349915,69.04224358686189,-1.0,-1.0,-0.88290167,-0.31665754,-43.68953704833984,1.0,160000
120601,59161,72.218017578125,93.80690941756237,0.7960376143455505,69.03501825635739,0.00023412704,-0.849083,-1.0,0.12417245,-20.0,1.0,154221
94541,33101,40.406494140625,93.79654588047543,0.7956091165542603,69.02519315257074,-1.0,-1.0,-0.6792865,0.3294372,-40.69314897060394,1.0,160000
135174,73734,90.00732421875,93.7828598543977,0.7950442433357239,69.0122173670216,-0.79538125,-1.0,-0.8927185,-0.34824908,-28.93122792243957,1.0,160000
127132,65692,80.1904296875,93.77854632264126,0.7948664426803589,69.00812749645249,0.15233552,-0.82512903,0.43816626,-0.12976015,-32.92479872703552,1.0,160000
72188,10748,13.1201171875,93.77430388112631,0.7946916818618774,69.0041049409754,-1.0,-1.0,-1.0,-0.5852345,-37.49897360801697,1.0,160000
124082,62642,76.46728515625,93.77423585326612,0.794688880443573,69.00404043828516,-1.0,-1.0,-1.0,-0.8986254,-23.57486724853516,1.046861171722412,160000
129210,67770,82.72705078125,93.77400715889716,0.7946794629096985,69.00382359457862,-0.6076529,-1.0,-1.0,-0.9311601,-56.73020601272583,1.0,160000
63484,2044,2.4951171875,93.77034411114384,0.7945286631584167,69.00035032656412,-1.0,-1.0,-1.0,-0.28034812,-20.0,1.0,115242
87791,26351,32.166748046875,93.7697372745626,0.7945036888122559,68.99977492338458,-0.54022795,-1.0,-0.11839768,-0.38997972,-29.145102500915527,1.0,143772
87951,26511,32.362060546875,93.7638717918952,0.7942624092102051,68.99421317278185,-0.9623131,-1.0,1.0,0.80159587,-25.04525303840637,1.0,131622
121064,59624,72.783203125,93.76333106812864,0.7942401766777039,68.99370044082679,-1.0,-1.0,-0.65394384,-0.61966217,-60.0,1.0,122509
142080,80640,98.4375,93.76003941490676,0.7941048741340637,68.99057915681244,-0.16561091,-1.0,-1.0,1.0,-55.27977347373962,1.0,160000
142078,80638,98.43505859375,93.7600379644904,0.794104814529419,68.990577781455,-0.67637813,-0.9827743,-1.0,1.0,-45.3576934337616,1.0,160000
142071,80631,98.426513671875,93.7600379644904,0.794104814529419,68.990577781455,-1.0,-1.0,-1.0,1.0,-20.0,1.0,130128
142076,80636,98.4326171875,93.7600379644904,0.794104814529419,68.990577781455,-1.0,-1.0,-1.0,1.0,-26.73557043075561,1.0,144737
142075,80635,98.431396484375,93.7600379644904,0.794104814529419,68.990577781455,-1.0,-1.0,-1.0,1.0,-23.63438367843628,1.0,160000
116272,54832,66.93359375,93.7600379644904,0.794104814529419,68.990577781455,-1.0,-1.0,-1.0,1.0,-30.720749497413635,1.0,160000
141153,79713,97.305908203125,93.75575209323156,0.7939287424087524,68.98651365881148,-1.0,-1.0,-0.6140904,0.12809378,-60.0,1.0,160000
113695,52255,63.787841796875,93.75494510931412,0.7938956022262573,68.98574841777645,-0.8847426,-1.0,-0.48345706,0.1259864,-20.0,1.0,160000
61714,274,0.33447265625,93.75015059484944,0.793698787689209,68.98120184389288,-1.0,-1.0,-1.0,-0.897559,-21.496039628982544,1.0,160000
78674,17234,21.03759765625,93.73549655284287,0.7930980920791626,68.96730491912754,-1.0,-0.98822844,-0.47512835,-0.30579132,-52.89088129997253,1.0,160000
100114,38674,47.20947265625,93.73321522556368,0.7930046916007996,68.96514136539908,-0.474002,0.30205327,-0.6171257,0.30267406,-38.265676498413086,1.0,160000
130474,69034,84.27001953125,93.71795879964056,0.7923808693885803,68.95067190544687,-0.6295,0.19220638,-1.0,1.0,-23.92977237701416,1.0,160000
108921,47481,57.96020507812501,93.7114047560264,0.7921133041381836,68.94445559138336,-1.0,-0.70755476,-1.0,1.0,-20.0,1.0,105778
118699,57259,69.896240234375,93.71066705443305,0.792083203792572,68.94375589056253,-1.0,-1.0,-1.0,0.65276974,-31.140973567962646,1.0,160000
67372,5932,7.241210937500001,93.70604037874456,0.7918944954872131,68.93936748629176,-1.0,-1.0,-0.76057667,0.62388784,-37.767794132232666,1.0,160000
93508,32068,39.1455078125,93.701811405087,0.7917221188545227,68.9353562125896,-1.0,-1.0,0.17553711,-0.6780851,-38.84509384632111,1.0,160000
83386,21946,26.78955078125,93.69295171248402,0.7913613319396973,68.92695232276876,-1.0,-1.0,-0.65072274,0.009633064,-38.48466515541077,1.0,160000
142158,80718,98.53271484375,93.68741175091066,0.7911359667778015,68.92169718337274,-0.30682755,-1.0,-1.0,-0.39790332,-23.22022080421448,1.0,128707
124399,62959,76.854248046875,93.68200377997096,0.7909161448478699,68.91656710711105,-1.0,-0.041743755,-1.0,0.2092607,-20.0,1.0,160000
135520,74080,90.4296875,93.6746181944928,0.7906162142753601,68.90956081273497,-1.0,-0.87884724,-1.0,-0.3472327,-20.0,1.0,160000
83541,22101,26.978759765625,93.67209484320998,0.790513813495636,68.90716699005249,-1.0,-1.0,-1.0,0.4129038,-30.578138828277588,1.0,160000
107055,45615,55.682373046875,93.6683389618884,0.7903614640235901,68.90360384939108,-1.0,-0.8254953,-1.0,-0.17952204,-20.0,1.0,160000
142072,80632,98.427734375,93.66243800949484,0.7901222705841064,68.89800558083509,-1.0,-0.07449663,-1.0,-0.55586874,-43.37489366531372,1.0,160000
109071,47631,58.14331054687501,93.64949072661948,0.7895981669425964,68.88572183771986,-1.0,-1.0,-1.0,-0.2747128,-20.0,1.0,160000
77558,16118,19.67529296875,93.64340854854224,0.789352297782898,68.87995109330295,-1.0,-0.89656335,0.05553019,-0.27922332,-20.0,1.0,160000
113902,52462,64.04052734375,93.64091368935355,0.7892515063285828,68.87758393107543,0.061008096,-1.0,-1.0,-0.19706547,-60.0,1.0,160000
83655,22215,27.117919921875,93.63680134691324,0.7890854477882385,68.8736820108017,-0.3825302,-1.0,-0.11002445,0.2919671,-20.0,1.0,160000
99040,37600,45.8984375,93.62902910638908,0.7887718677520752,68.8663072460655,-1.0,-0.5045082,-1.0,0.9339685,-45.097596645355225,1.0,160000
126961,65521,79.981689453125,93.62061038617092,0.7884325981140137,68.85831874228434,-0.93377423,-1.0,0.77256256,-0.31766325,-20.0,1.0,160000
136545,75105,91.680908203125,93.61937157079969,0.7883827090263367,68.85714320520245,-0.6397957,-1.0,0.095306754,1.0,-34.85483646392822,1.0,160000
88210,26770,32.67822265625,93.61734340670456,0.7883010506629944,68.85521862353193,-1.0,-0.2826078,-0.25192195,-0.41388142,-29.385826587677,1.0,160000
120893,59453,72.574462890625,93.60812043606526,0.7879300117492676,68.84646644544196,-1.0,-1.0,-0.6120992,0.072068155,-33.58444690704346,1.0,160000
141681,80241,97.950439453125,93.59197141602397,0.7872815132141113,68.83114080506833,-1.0,-0.56175506,-1.0,0.32688314,-60.0,1.0,89550
102312,40872,49.892578125,93.59119568455446,0.7872503995895386,68.83040459470892,-1.0,-1.0,-0.74612147,0.37841934,-20.643281936645508,1.0,114919
74518,13078,15.96435546875,93.5831033581974,0.7869260311126709,68.82272438032956,-0.3145305,-0.40236294,0.256886,-0.07544643,-20.0,1.0,160000
66646,5206,6.35498046875,93.57840756421749,0.7867379784584045,68.81826758610279,0.2239449,-0.8973171,0.31789625,-0.972668,-60.0,1.0,160000
119913,58473,71.378173828125,93.5748855239477,0.7865970134735107,68.81492473842177,-1.0,-1.0,-1.0,-0.48268533,-20.0,1.0,160000
140443,79003,96.439208984375,93.57340767854406,0.7865378856658936,68.81352206496632,-1.0,-1.0,-0.20872152,0.38503587,-26.34551763534546,1.0,114828
124244,62804,76.6650390625,93.57327507443522,0.7865325808525085,68.81339620539117,-1.0,-1.0,-1.0,0.28039294,-20.0,1.0,160000
73563,12123,14.798583984375,93.57026026512531,0.7864120006561279,68.81053471387501,0.16581607,-0.046119094,0.1909833,0.40461135,-56.57402396202088,1.0,160000
83088,21648,26.425781250000004,93.55730711576852,0.785894513130188,68.7982398172691,-1.0,-0.9642913,-1.0,-0.35301763,-42.84756302833557,1.0,89165
124779,63339,77.318115234375,93.5514389006202,0.7856603860855103,68.79266955804488,-1.0,-1.0,-1.0,-0.2849598,-25.849242210388184,1.0,160000
122875,61435,74.993896484375,93.53377501989944,0.7849568128585815,68.7759015968054,-1.0,-0.68492657,-1.0,-0.990551,-26.466944217681885,1.0,160000
110594,49154,60.00244140624999,93.52492653607216,0.7846050262451172,68.76750137390056,-1.0,-1.0,-1.0,1.0,-20.0,1.0,160000
110597,49157,60.006103515625,93.52492653607216,0.7846050262451172,68.76750137390056,-1.0,-1.0,-1.0,1.0,-32.845128774642944,1.0,160000
110599,49159,60.00854492187499,93.52492653607216,0.7846050262451172,68.76750137390056,-1.0,-1.0,-1.0,1.0,-35.588406920433044,1.0,160000
136395,74955,91.497802734375,93.52492653607216,0.7846050262451172,68.76750137390056,-0.38985914,-0.75255907,-1.0,1.0,-20.0,1.0,160000
84791,23351,28.504638671875,93.52492653607216,0.7846050262451172,68.76750137390056,-0.4451785,-0.5610629,-1.0,1.0,-39.21786606311798,1.0,160000
110749,49309,60.19165039062499,93.52399486920764,0.7845680117607117,68.76661688409486,-1.0,-1.0,0.03333831,1.0,-31.51300311088562,1.0,158371
69558,8118,9.90966796875,93.5171964526538,0.7842980623245239,68.76016260072481,-0.484199,-0.32477978,-1.0,1.0,-20.0,1.069858729839325,160000
76162,14722,17.97119140625,93.51271215269328,0.7841201424598694,68.7559051788567,-1.0,-0.53508353,-1.0,0.14339226,-55.0047504901886,1.0,138507
97841,36401,44.434814453125,93.51077784780362,0.7840434312820435,68.75406870965085,-0.76788986,-0.36226887,-0.7741989,-0.79289323,-27.359812259674072,1.0,160000
105497,44057,53.780517578125,93.50900088975897,0.783972978591919,68.75238161379083,-1.0,-0.38627887,-1.0,0.7609242,-41.14439070224762,1.0,99475
76288,14848,18.125,93.50544564165936,0.7838320732116699,68.74900611428981,-1.0,0.08317131,-0.40347114,1.0,-59.24573183059693,1.0,160000
111203,49763,60.745849609375,93.50465584675952,0.7838007807731628,68.74825624256253,-0.62977874,-1.0,-0.21562791,0.21203911,-26.161601543426517,1.0,103084
79103,17663,21.561279296875,93.48904055949734,0.7831827998161316,68.73342970764713,-1.0,-1.0,0.6458202,-0.23543936,-20.0,1.0,108312
137613,76173,92.984619140625,93.48821275419776,0.7831500768661499,68.73264368522835,-1.0,-1.0,-0.75340724,1.0,-20.0,1.25151789188385,90194
99915,38475,46.966552734375,93.48558394893648,0.7830461859703064,68.73014754647679,-1.0,-1.0,-1.0,-0.8688245,-20.0,1.0,160000
132321,70881,86.524658203125,93.47924549971746,0.7827958464622498,68.7241288479155,-1.0,-0.768587,-1.0,-0.049565315,-39.21414077281952,1.0,160000
113867,52427,63.997802734375,93.47708159389954,0.7827104330062866,68.72207406137363,-0.9271642,-1.0,-1.0,0.05348885,-20.0,1.0,137234
142936,81496,99.482421875,93.46062023442018,0.7820615172386169,68.70644210812684,-1.0,-1.0,1.0,-0.6588861,-28.528589010238647,1.0,146607
103615,42175,51.483154296875,93.45491866356927,0.7818371057510376,68.7010275270917,-0.9646418,0.021919847,-1.0,-0.29867065,-47.92421221733093,1.0,156346
80576,19136,23.359375,93.45353688354096,0.7817827463150024,68.69971527730874,-0.5086607,0.11098325,-1.0,0.67947346,-37.93063998222351,1.0,108349
132858,71418,87.18017578125,93.43967558760625,0.7812380194664001,68.68655099945833,-0.6341088,-1.0,-0.937685,1.0,-20.0,1.0,160000
77881,16441,20.069580078125,93.43423691615924,0.7810245752334595,68.68138557814831,-1.0,-1.0,0.34527725,-0.24979609,-33.53347182273865,1.0,160000
80509,19069,23.277587890625,93.43355774263549,0.7809979319572449,68.68074051844309,-1.0,-0.80609083,-0.43253672,1.0,-20.0,1.0,148421
134396,72956,89.0576171875,93.42727500849573,0.7807515859603882,68.67477325870655,-0.60846996,-1.0,-1.0,0.55870646,-20.0,1.0,160000
102338,40898,49.92431640625,93.42266550251291,0.7805709838867188,68.67039509771003,-1.0,-1.0,0.016058445,-0.66989934,-20.0,1.0,160000
84161,22721,27.735595703125,93.419724831698,0.7804558277130127,68.66760196590332,-1.0,-1.0,-0.5955519,1.0,-34.81203079223633,1.0,160000
127566,66126,80.72021484375,93.41308107729834,0.7801958322525024,68.66129139983677,-1.0,-1.0,-0.9117923,-0.40248752,-20.0,1.0,160000
131133,69693,85.074462890625,93.4078632252606,0.7799918055534363,68.65633508903295,-1.0,-1.0,-1.0,-0.34914875,-30.73923110961914,1.0,157730
97972,36532,44.5947265625,93.39936758075496,0.7796599268913269,68.6482650250076,-1.0,-0.65756375,1.0,0.036301196,-20.0,1.0,160000
93539,32099,39.183349609375,93.39576368219728,0.779519259929657,68.64484156364796,-0.0019794703,-1.0,-1.0,-0.73021984,-36.577579379081726,1.0,112358
93180,31740,38.7451171875,93.3896956107284,0.7792825698852539,68.63907717420128,-0.41439968,-0.9183967,0.11674434,0.6966509,-53.34270358085632,1.0,160000
73541,12101,14.771728515624998,93.38454346326674,0.7790817618370056,68.63418274317344,-0.6977047,-0.869583,-0.47713318,-0.10399538,-20.0,1.0,160000
134296,72856,88.935546875,93.37641707065326,0.7787653207778931,68.62646260489211,-1.0,-0.93835723,-0.43933123,-0.5452962,-49.690879583358765,1.0,160000
61782,342,0.41748046875,93.37555016711796,0.7787315845489502,68.62563902244307,-1.0,-0.51732695,-1.0,1.0,-38.24280858039856,1.0,160000
87585,26145,31.915283203125,93.37555016711796,0.7787315845489502,68.62563902244307,-1.0,-0.31632036,-1.0,1.0,-39.74770426750183,1.0,152016
113385,51945,63.409423828125,93.37555016711796,0.7787315845489502,68.62563902244307,-0.7037679,-1.0,-1.0,1.0,-37.88631081581116,1.0,133218
61789,349,0.426025390625,93.37555016711796,0.7787315845489502,68.62563902244307,-1.0,-1.0,-1.0,1.0,-20.0,1.0,160000
139182,77742,94.89990234375,93.37555016711796,0.7787315845489502,68.62563902244307,-1.0,-0.3435378,-1.0,1.0,-31.807427406311035,1.0,160000
111820,50380,61.4990234375,93.37377161858602,0.778662383556366,68.62394934158876,-1.0,-1.0,0.47703028,0.80023664,-41.46066904067993,1.0,160000
127196,65756,80.2685546875,93.3670640579252,0.7784015536308289,68.61757680882425,-1.0,-1.0,-1.0,1.0,-20.0,1.0,160000
127197,65757,80.269775390625,93.3670640579252,0.7784015536308289,68.61757680882425,-0.20204777,-1.0,-1.0,1.0,-43.53876829147339,1.0,160000
101394,39954,48.77197265625,93.3670640579252,0.7784015536308289,68.61757680882425,-1.0,-0.6492407,-1.0,1.0,-39.31595504283905,1.0,160000
101398,39958,48.77685546875,93.3670640579252,0.7784015536308289,68.61757680882425,-1.0,-0.23853564,-1.0,1.0,-29.96732473373413,1.0,143872
98598,37158,45.35888671875,93.36246359260112,0.7782227993011475,68.61320601269415,-1.0,-1.0,0.880219,-0.33986223,-47.58752346038818,1.0,125530
102810,41370,50.50048828125,93.36195872940954,0.7782031893730164,68.612726348167,-1.0,-1.0,0.14329183,1.0,-32.08837449550629,1.0,160000
138078,76638,93.55224609375,93.35815348086348,0.7780554294586182,68.6091109908291,-1.0,-1.0,-1.0,-0.6219089,-36.995519399642944,1.0,148550
100314,38874,47.45361328125,93.3498222676828,0.7777321934700012,68.60119530479116,-1.0,-0.2331022,-1.0,1.0,-34.04411792755127,1.0,125164
77001,15561,18.995361328125,93.34440486380356,0.7775222063064575,68.59604793668817,-0.7473015,-1.0,0.20008671,0.98360467,-20.0,1.0,160000
87643,26203,31.986083984375004,93.3440525854422,0.777508556842804,68.59571321355976,-1.0,0.41652,-0.28283268,1.0,-36.33093297481537,1.0,86395
78237,16797,20.504150390625,93.34254174896158,0.7774500250816345,68.59427766109222,-1.0,-1.0,-1.0,1.0,-60.0,1.0,160000
129836,68396,83.4912109375,93.34254174896158,0.7774500250816345,68.59427766109222,-1.0,-1.0,-1.0,1.0,-43.64621758460999,1.0,160000
78238,16798,20.50537109375,93.34254174896158,0.7774500250816345,68.59427766109222,-0.72279215,-0.44420645,-1.0,1.0,-49.33341324329376,1.0,160000
129837,68397,83.492431640625,93.34254174896158,0.7774500250816345,68.59427766109222,-0.38653892,-1.0,-1.0,1.0,-27.755439281463623,1.0,160000
78240,16800,20.5078125,93.34254174896158,0.7774500250816345,68.59427766109222,-1.0,-0.39887464,-1.0,1.0,-20.0,1.0,160000
136983,75543,92.215576171875,93.34144765870796,0.7774076461791992,68.59323808245489,-1.0,-1.0,-0.49640244,-0.14204514,-46.23733639717102,1.0,160000
141178,79738,97.33642578125,93.33400626329669,0.7771195769309998,68.58616730680099,-1.0,-0.86684024,0.20772886,-0.9567776,-20.0,1.0,160000
92444,31004,37.8466796875,93.32688881163467,0.776844322681427,68.57940411594541,-0.995288,-0.29266262,-1.0,0.818347,-55.52052974700928,1.0,99144
116845,55405,67.633056640625,93.32547621037052,0.7767897248268127,68.57806179874157,-0.9342725,-1.0,-0.25494206,-0.88356936,-30.553606748580933,1.0,160000
114645,53205,64.947509765625,93.31205060036766,0.7762713432312012,68.56530374988598,-1.0,-0.92760533,-1.0,0.26800394,-60.0,1.0,145171
81210,19770,24.13330078125,93.31144643258573,0.776248037815094,68.56472960480956,-1.0,-1.0,-1.0,1.0,-45.199421644210815,1.0,160000
81203,19763,24.124755859375,93.3001063470845,0.775810956954956,68.55395274644415,-0.06556833,0.031009316,-1.0,0.9236407,-32.804365158081055,1.0,160000
67226,5786,7.06298828125,93.2917009363719,0.7754874229431152,68.54596444957672,-1.0,-0.47232103,-1.0,-0.6893502,-40.86847484111786,1.0,160000
130891,69451,84.779052734375,93.29031407932814,0.7754340767860413,68.5446463853855,-0.16233861,-1.0,-0.06669688,-0.2167108,-29.416550397872925,1.0,160000
67768,6328,7.724609374999999,93.28505714268944,0.7752319574356079,68.53965013589269,-0.12263799,-1.0,-0.07058382,0.1976046,-20.0,1.0,160000
108236,46796,57.12402343750001,93.28234426545518,0.7751277089118958,68.53707174167675,-0.28877878,-1.0,-1.0,-0.506058,-60.0,1.0,156351
107006,45566,55.62255859375001,93.2818633194607,0.7751092314720154,68.53661463389614,-1.0,-1.0,-0.69172734,1.0,-56.68803691864014,1.0,160000
110598,49158,60.00732421875,93.27925325140728,0.7750089764595032,68.53413391728444,-1.0,-1.0,-0.48268133,1.0,-60.0,1.0,160000
113214,51774,63.20068359374999,93.27552896591015,0.774865984916687,68.5305941518894,-1.0,0.09631592,-1.0,1.0,-27.474286556243896,1.0,90310
81256,19816,24.189453125,93.27408003748768,0.7748103737831116,68.52921699475415,-1.0,-0.61927104,-0.9628648,0.7621438,-33.72263073921204,1.0,160000
126717,65277,79.683837890625,93.27091718445156,0.7746890187263489,68.52621077947786,-0.8177342,-1.0,1.0,-0.105035126,-49.02699708938599,1.0,160000
126225,64785,79.083251953125,93.2581541272413,0.7741998434066772,68.51407936905294,-1.0,-1.0,-0.71499443,-0.24065095,-23.464548587799072,1.0,160000
113386,51946,63.41064453125001,93.25116529991352,0.7739323377609253,68.50743612674862,-1.0,-1.0,-1.0,0.93546414,-20.0,1.0,160000
110596,49156,60.00488281250001,93.25036602210044,0.7739017605781555,68.5066763585739,-0.480707,-0.9189003,-0.40521944,1.0,-20.0,1.0,160000
81202,19762,24.12353515625,93.24772295999956,0.7738006711006165,68.50416392814418,-0.25099003,-0.122578084,-0.77856666,1.0,-47.0509684085846,1.0,160000
126704,65264,79.66796875,93.23878628214604,0.7734591364860535,68.49566872058284,-1.0,-1.0,0.93749416,0.34181648,-60.0,1.0,160000
133818,72378,88.35205078125,93.22894346119284,0.7730834484100342,68.48631174216199,-1.0,-1.0,-1.0,0.3711477,-20.0,1.0,115739
136348,74908,91.4404296875,93.22295767276334,0.7728552222251892,68.48062121277549,-1.0,-1.0,-1.0,0.5758271,-33.992828130722046,1.0,160000
84519,23079,28.172607421875,93.22255104551796,0.7728397250175476,68.4802346376208,-1.0,0.31329006,-0.7815154,-0.10089427,-51.53393626213074,1.0,129804
133528,72088,87.998046875,93.21442164823306,0.7725300788879395,68.47250598083511,-1.0,-0.44633192,0.19516635,-0.5008223,-20.0,1.0,160000
94294,32854,40.10498046875,93.2030537554104,0.772097647190094,68.46169800507373,-0.59846556,-1.0,-0.3320338,-0.45623046,-60.0,1.0,160000
107059,45619,55.68725585937499,93.19563921097884,0.7718159556388855,68.45464836649371,0.01225841,-0.6169362,-1.0,1.0,-20.08318305015564,1.0,160000
132804,71364,87.1142578125,93.18566516741744,0.7714374661445618,68.44516483148533,-0.6497418,-0.072285116,-1.0,0.98571324,-39.36075925827026,1.0,160000
78235,16795,20.501708984375,93.17939747491536,0.7711998820304871,68.43920516227325,-0.19146526,-0.30740827,-1.0,1.0,-21.72260999679565,1.0,110833
62996,1556,1.8994140625,93.1770878261718,0.7711123824119568,68.4370089790328,-0.8196427,-1.0,-1.0,-0.7720918,-21.68929934501648,1.0,160000
106015,44575,54.412841796875,93.17597994827412,0.7710704207420349,68.4359555196772,-1.0,0.19933069,-1.0,0.5562228,-20.0,1.0,160000
76098,14658,17.89306640625,93.16983170385708,0.770837664604187,68.43010918189326,-1.0,-0.80268544,-0.39379862,-0.97611165,-22.723829746246334,1.0,160000
105852,44412,54.2138671875,93.16873535245388,0.7707961797714233,68.42906664979725,-1.0,-1.0,-1.0,0.41392386,-32.312607765197754,1.0,154011
89705,28265,34.503173828125,93.16645549815198,0.7707099318504333,68.4268986963439,-1.0,-1.0,-0.25956285,0.048160672,-20.0,1.0,120759
104879,43439,53.02612304687499,93.16644604326648,0.7707095742225647,68.42688970548248,-0.4598512,-1.0,-0.22723526,0.37039113,-60.0,1.0,160000
100881,39441,48.145751953125,93.1597410981941,0.770456075668335,68.42051373031181,-0.78888726,-0.51346576,-1.0,-0.45807815,-20.0,1.0,102773
92895,31455,38.397216796875,93.15523202484393,0.7702857255935669,68.41622578431094,-0.2939285,-1.0,-1.0,0.68113023,-20.0,1.0,160000
74078,12638,15.42724609375,93.15426453972536,0.7702491879463196,68.41530573420586,-1.0,-1.0,-0.51637113,-0.3915733,-43.05261254310608,1.0,135349
72453,11013,13.443603515625,93.14060700626231,0.7697339057922363,68.40231740571622,-1.0,-1.0,-0.6891395,-0.6031028,-45.13933539390564,1.0,160000
132853,71413,87.174072265625,93.12945086277291,0.7693136930465698,68.39170733079011,-1.0,-1.0,-0.81983006,0.6409777,-39.78048920631409,1.0,160000
126120,64680,78.955078125,93.12848955214476,0.7692775130271912,68.39079305022322,-1.0,-0.6086223,-0.982612,1.0,-28.905688524246216,1.0,160000
104309,42869,52.33032226562499,93.12773720524648,0.7692492008209229,68.39007750763386,-1.0,-0.57777077,-1.0,-0.76042616,-41.59974217414856,1.0,126884
117413,55973,68.326416015625,93.1200875077856,0.768961489200592,68.38280189627858,-1.0,-0.79117984,-0.2249296,-0.07730132,-25.76106071472168,1.0,160000
106362,44922,54.83642578125,93.1113919380672,0.7686347961425781,68.37453126653388,-1.0,-1.0,-1.0,0.7821959,-20.0,1.0,160000
81142,19702,24.05029296875,93.09671477726856,0.7680842280387878,68.3605706558891,-1.0,-1.0,-1.0,-0.030929804,-52.1239709854126,1.0,160000
110750,49310,60.19287109375,93.0948186651582,0.7680131793022156,68.35876704928808,-1.0,-0.86835474,-0.88176644,1.0,-20.0,1.2468746900558472,135828
124831,63391,77.381591796875,93.08697306150644,0.7677193880081177,68.3513040530037,-1.0,-1.0,-1.0,1.0,-23.117926120758057,1.0,160000
135863,74423,90.848388671875,93.08622611915196,0.767691433429718,68.35059352380716,-1.0,0.1987263,-0.17233345,0.20165211,-20.0,1.3479301929473877,160000
111035,49595,60.540771484375,93.07878930735608,0.7674132585525513,68.3435191301334,-1.0,-1.0,-1.0,-0.46516597,-30.105560421943665,1.0,160000
77012,15572,19.0087890625,93.07376887806149,0.7672256231307983,68.33874323448731,0.17332852,-1.0,-0.62215036,0.900753,-20.0,1.0,160000
135305,73865,90.167236328125,93.07011629263944,0.7670891880989075,68.33526849396523,-0.7400839,-0.8221567,-1.0,0.042911053,-30.323343873023987,1.0,160000
72586,11146,13.605957031249998,93.0671166340328,0.7669771909713745,68.3324148487634,-1.0,-0.79683053,-0.1175347,-0.84962606,-32.838510274887085,1.0,151858
126118,64678,78.95263671875,93.05987681166306,0.7667070627212524,68.32552728697391,-1.0,-0.59970003,-0.93888235,0.91950786,-41.3433849811554,1.0,160000
65803,4363,5.325927734375,93.04996758852964,0.7663377523422241,68.31609986369664,-1.0,-1.0,-1.0,-0.2259571,-31.74768626689911,1.0,160000
82350,20910,25.52490234375,93.04922339575089,0.7663100361824036,68.31539183860102,-0.22265387,-1.0,-0.41307643,-0.34397858,-38.65005314350128,1.0,160000
77006,15566,19.00146484375,93.04684148953928,0.7662213444709778,68.31312567776666,-1.0,-0.59654385,-1.0,1.0,-46.03818655014038,1.0,160000
128610,67170,81.99462890625,93.04683668655576,0.7662211656570435,68.31312110815429,-0.5165512,-0.6057996,-1.0,1.0,-20.0,1.0,160000
110747,49307,60.189208984375,93.03898936868391,0.7659291625022888,68.30565495804721,-1.0,-1.0,0.20058179,1.0,-43.32564651966095,1.0,160000
73907,12467,15.218505859375,93.03090293658926,0.7656285762786865,68.29796104948522,-0.77942353,-0.56311715,-0.9680734,-0.39980662,-38.84344518184662,1.0,160000
98533,37093,45.279541015625,93.02445715666968,0.7653892040252686,68.29182796646327,-1.0,-0.45850027,-0.6770538,0.12852985,-43.51294457912445,1.0,160000
89554,28114,34.31884765625,93.00819174607037,0.7647860646247864,68.27635088311415,-1.0,-0.246562,-0.37610203,0.01401782,-20.0,1.0,160000
69587,8147,9.945068359375,93.00153190375836,0.7645394802093506,68.27001351552713,-1.0,-1.0,-0.5152788,0.30873555,-34.46781277656555,1.0,160000
129709,68269,83.336181640625,93.00023048941743,0.7644913196563721,68.26877509606237,-0.5266009,-1.0,-0.767193,-0.059174657,-47.4721622467041,1.0,147185
84181,22741,27.760009765625,92.99673425977568,0.7643619775772095,68.26544806784698,-1.0,-0.8518617,-1.0,-0.26106352,-45.57039260864258,1.0,160000
86536,25096,30.634765625,92.98584868615184,0.7639596462249756,68.2550889951307,-0.84991604,0.09921992,-1.0,-0.045183063,-40.62770426273346,1.4584282636642456,160000
130988,69548,84.8974609375,92.980453396741,0.7637604475021362,68.24995448480438,-0.9704558,-0.80006725,-1.0,1.0,-55.437562465667725,1.0,160000
130982,69542,84.89013671875,92.980453396741,0.7637604475021362,68.24995448480438,-0.48421037,-1.0,-1.0,1.0,-60.0,1.0,158883
130986,69546,84.89501953125,92.980453396741,0.7637604475021362,68.24995448480438,-1.0,-1.0,-1.0,1.0,-49.77908611297608,1.0,160000
130990,69550,84.89990234375,92.980450166827,0.7637603282928467,68.24995141097243,-1.0,-1.0,-1.0,1.0,-30.47693192958832,1.0,160000
83724,22284,27.2021484375,92.97772686611025,0.7636598348617554,68.24735969609372,-1.0,-1.0,-1.0,-0.6039503,-20.0,1.5545920133590698,160000
83658,22218,27.121582031250004,92.96664604268024,0.7632513046264648,68.23681397943442,-0.8292376,-0.95314926,-0.0011795759,0.2843135,-20.0,1.0,160000
89691,28251,34.486083984375,92.95650347615556,0.762877881526947,68.22716078577525,-1.0,-1.0,0.36715788,-0.94978344,-20.0,1.0,160000
137524,76084,92.8759765625,92.94311883825029,0.7623858451843262,68.2144213298807,-1.0,-1.0,1.0,0.2735598,-26.837825775146484,1.0,160000
137080,75640,92.333984375,92.94186755447868,0.7623398900032043,68.21323032604012,-0.13292968,0.2156424,-1.0,1.0,-20.0,1.0,160000
74901,13461,16.431884765625,92.9299905607611,0.7619040608406067,68.20192519507937,-1.0,0.33454406,-0.98901093,1.0,-51.96395397186279,1.0,160000
119918,58478,71.38427734375,92.92232060296422,0.761622965335846,68.19462424354592,-1.0,-1.0,-0.6161828,-0.9552525,-20.0,1.0,160000
79148,17708,21.6162109375,92.90667580292464,0.7610504627227783,68.17973141386157,-1.0,-0.78381276,-1.0,-0.84676236,-20.0,1.0,148426
132805,71365,87.115478515625,92.90635622572128,0.7610387802124023,68.1794271872829,-1.0,-0.46666008,-0.8424833,1.0,-20.0,1.0,160000
74625,13185,16.094970703125,92.9057202931622,0.7610155344009399,68.17882180003511,-0.5258374,0.30463684,-0.39855298,0.84350735,-20.0,1.0,160000
77443,16003,19.534912109375,92.90063258825836,0.7608296275138855,68.17397841287449,-0.89890194,0.011994004,0.031739593,-0.84198165,-32.10047781467438,1.0,160000
88433,26993,32.950439453125,92.8965995319734,0.7606823444366455,68.17013895753415,-1.0,-1.0,0.10683584,-0.72116256,-48.97458493709564,1.0,160000
142005,80565,98.345947265625,92.89606076217451,0.7606626749038696,68.16962604581808,-1.0,-0.6760743,-1.0,-0.38026798,-30.85348606109619,1.0,160000
72433,10993,13.419189453125,92.8950467940944,0.7606256604194641,68.16866073976148,-1.0,-1.0,-0.58224916,-0.4392321,-20.0,1.0,160000
103290,41850,51.08642578125,92.88368000229434,0.7602110505104065,68.15783918719163,-1.0,-0.89722043,-1.0,0.5534395,-60.0,1.0,160000
135455,74015,90.350341796875,92.87035897054872,0.7597259283065796,68.14515650062272,-0.83306366,-0.65020245,-1.0,-0.59193635,-20.0,1.0,118673
62690,1250,1.52587890625,92.85632266262569,0.7592156529426575,68.1317920755275,0.08682108,-1.0,-0.72914135,0.17859042,-32.56608009338379,1.0,160000
112050,50610,61.77978515625,92.8518594056745,0.7590535879135132,68.12754230512427,-1.0,-1.0,-1.0,0.26442033,-34.946985840797424,1.0,160000
61785,345,0.421142578125,92.84816737368556,0.7589195966720581,68.12402681280412,-1.0,-0.090330124,-0.7837252,1.0,-28.336570262908936,1.0,160000
114269,52829,64.488525390625,92.84770081860162,0.7589026689529419,68.12358256299198,-0.52811635,-1.0,-1.0,-0.86931825,-45.63837766647339,1.0,160000
130110,68670,83.82568359375,92.83658234196702,0.7584995627403259,68.11299539732181,-1.0,-0.86267704,-1.0,-0.016708136,-51.67501449584961,1.0,160000
73043,11603,14.163818359375,92.8319547219272,0.7583319544792175,68.10858877514453,-1.0,-0.97684795,-0.7273941,0.12072146,-57.492268085479736,1.0,160000
90082,28642,34.96337890625,92.81699668502743,0.7577908635139465,68.09434452077097,-1.0,-0.34421617,-0.6227664,0.22745293,-24.303436279296875,1.0,160000
110619,49179,60.03295898437499,92.81322549381387,0.75765460729599,68.09075315287772,-1.0,-0.69998103,-0.2863617,-0.374748,-20.76498031616211,1.0,160000
85332,23892,29.1650390625,92.80593203409856,0.7573912739753723,68.08380731738445,-1.0,-0.853397,-0.5699316,0.1583445,-20.0,1.0,160000
69463,8023,9.793701171875,92.79064967281978,0.7568402886390686,68.06925269864318,-1.0,-0.2587633,-1.0,0.35563618,-43.0280727148056,1.0,160000
127136,65696,80.1953125,92.78861563244314,0.7567670345306396,68.06731545233892,-1.0,-0.62768877,-1.0,0.27066457,-34.18894290924072,1.0,160000
139923,78483,95.804443359375,92.78100443251611,0.756493091583252,68.06006630906732,-1.0,-0.6738149,0.16792905,1.0,-30.08409738540649,1.0,160000
62106,666,0.8129882812499999,92.7809149622527,0.7564898729324341,68.05998109351248,-1.0,-1.0,-0.60463536,0.13629895,-20.0,1.0,160000
80299,18859,23.021240234375,92.77883200688152,0.7564149498939514,68.05799718341807,-1.0,-0.5458851,-1.0,-0.17472368,-35.31463444232941,1.0,102312
69299,7859,9.593505859375,92.77360480129782,0.7562270164489746,68.05301846154681,-1.0,-0.26175094,0.8621769,0.1738308,-31.0878849029541,1.0,160000
110591,49151,59.99877929687501,92.76738833403684,0.7560036778450012,68.0470973706542,-1.0,-1.0,-0.6676345,1.0,-20.0,1.0,95515
132856,71416,87.177734375,92.7541594039282,0.75552898645401,68.03449653336443,-1.0,-1.0,-0.8109429,1.0,-31.801981329917908,1.0,142920
107914,46474,56.73095703124999,92.75008195683942,0.7553828358650208,68.03061254639303,-0.83766973,-1.0,-1.0,-0.7738731,-26.14338755607605,1.0,159914
81709,20269,24.742431640625,92.74416992746166,0.7551710605621338,68.02498091125277,-0.8320548,-0.24807668,-0.6249341,-0.992652,-53.14316749572754,1.0,160000
94223,32783,40.018310546875,92.73530945006615,0.7548539638519287,68.0165404225453,-0.8563026,-1.0,-1.0,-0.48471063,-47.41824150085449,1.0,121315
138107,76667,93.587646484375,92.72915293094223,0.7546338438987732,68.0106755519571,-1.0,-1.0,-0.42525196,-0.5633588,-20.0,1.0,160000
102220,40780,49.7802734375,92.72552814168928,0.7545043230056763,68.00722241152476,-1.0,-1.0,-0.65131956,0.04416597,-30.15001356601715,1.0,160000
76076,14636,17.8662109375,92.72503091799923,0.7544865608215332,68.00674872963913,0.11444938,-0.8259806,-1.0,-0.29486406,-20.0,1.0,160000
117601,56161,68.555908203125,92.72375434578794,0.75444096326828,68.00553259446338,-1.0,-0.509387,-1.0,-0.4634995,-41.7845755815506,1.0,160000
81255,19815,24.188232421875,92.72123898285588,0.7543511390686035,68.0031362992273,-1.0,-1.0,-1.0,1.0,-20.0,1.0,116309
85677,24237,29.586181640625,92.7122041670798,0.7540287375450134,67.99452896399914,-1.0,-1.0,-1.0,-0.3372956,-27.02791452407837,1.0,160000
83500,22060,26.9287109375,92.70026230986304,0.7536031603813171,67.98315167055293,-1.0,-0.06849313,-0.630909,0.40946212,-60.0,1.0,160000
87583,26143,31.912841796875004,92.69899683105932,0.7535580992698669,67.9819459877546,-1.0,-0.025232911,-1.0,-0.4312191,-20.0,1.0,160000
89471,28031,34.217529296875,92.69588417230942,0.7534472942352295,67.9789803822736,-1.0,-0.4626147,-1.0,-0.13369358,-20.334038734436035,1.4245489835739136,160000
66696,5256,6.416015625,92.68758340455544,0.7531520128250122,67.97107159852257,-1.0,-0.7680375,-0.6866843,0.826342,-60.0,1.0,160000
95270,33830,41.29638671875,92.68664119038624,0.7531185150146484,67.97017386216754,-1.0,-1.0,-1.0,0.29223776,-59.342182874679565,1.0,160000
85680,24240,29.58984375,92.6836444799111,0.7530120015144348,67.96731859162617,-1.0,-1.0,-1.0,-0.39079267,-34.11261022090912,1.0,85674
99930,38490,46.98486328125,92.67395409199356,0.7526678442955017,67.9580853489981,-1.0,-1.0,-0.32248294,-0.15008926,-25.85127353668213,1.0,160000
137697,76257,93.087158203125,92.66135283595716,0.7522209286689758,67.9460780446837,-0.577896,-1.0,-0.74767846,1.0,-20.0,1.0,160000
136475,75035,91.595458984375,92.66108035764368,0.7522112727165222,67.94581840304366,-1.0,-0.16533971,-0.21189499,0.8917154,-31.261587142944336,1.0,148847
95741,34301,41.871337890625,92.63946122941442,0.7514461874961853,67.92521690722815,-0.25209725,-1.0,-0.30930856,-0.77348536,-22.814292907714844,1.0,160000
119018,57578,70.28564453125,92.63663243302972,0.751346230506897,67.92252113918204,-1.0,-1.0,0.4344424,-0.4142437,-20.0,1.0,160000
102497,41057,50.118408203125,92.62143406728548,0.7508097887039185,67.90803700261003,-0.1879189,-1.0,-1.0,0.11662936,-20.0,1.0,160000
111894,50454,61.58935546874999,92.62140533214044,0.7508087754249573,67.90800961704731,-0.72211397,-0.7944878,-0.83752877,0.88672197,-20.0,1.0,160000
130983,69543,84.891357421875,92.6186293728961,0.7507109045982361,67.9053640201659,-1.0,-1.0,-1.0,1.0,-21.086169481277462,1.0,116017
104034,42594,51.99462890624999,92.61680300824654,0.7506465315818787,67.90362340860186,-0.9280131,0.46696055,-1.0,1.0,-57.65713214874268,1.0,160000
67178,5738,7.004394531249999,92.61525703980548,0.750592052936554,67.90215001842498,-1.0,-0.7819077,-0.56014514,0.44004253,-51.4107346534729,1.0,160000
93323,31883,38.919677734375,92.60458619169168,0.7502163052558899,67.89197989738396,-1.0,-1.0,0.9906913,-0.17120743,-40.518399477005005,1.0,160000
141232,79792,97.40234375,92.60028950213533,0.7500651478767395,67.88788471319067,-1.0,-1.0,-1.0,-0.77617335,-34.25262928009033,1.0,134513
123339,61899,75.560302734375,92.59339241062196,0.7498226761817932,67.8813109414521,-1.0,-0.59861505,-0.38503852,0.53417045,-29.310903549194336,1.0,160000
122123,60683,74.075927734375,92.5883022945795,0.749643862247467,67.87645932881115,-0.8144156,-1.0,-0.32461917,-0.4846511,-60.0,1.0,160000
114417,52977,64.669189453125,92.58166167685472,0.7494107484817505,67.8701297254625,-1.0,-0.86823535,-1.0,1.0,-39.13554906845093,1.0,160000
114414,52974,64.66552734375,92.58166167685472,0.7494107484817505,67.8701297254625,-1.0,-0.5653328,-1.0,1.0,-45.58699369430542,1.0,157230
88613,27173,33.170166015625,92.58166167685472,0.7494107484817505,67.8701297254625,-1.0,-0.94538736,-1.0,1.0,-43.72374951839447,1.0,160000
114418,52978,64.67041015625,92.58166167685472,0.7494107484817505,67.8701297254625,-1.0,-0.20010364,-1.0,1.0,-53.44992399215698,1.0,160000
88620,27180,33.1787109375,92.58165827959648,0.7494106292724609,67.87012648727499,-0.2648903,-1.0,-1.0,1.0,-52.773919105529785,1.0,160000
130084,68644,83.7939453125,92.57957889069895,0.7493376731872559,67.86814445439788,0.39071476,0.03767103,-1.0,-0.07761276,-56.306777000427246,1.0,160000
67603,6163,7.523193359374999,92.5658337227566,0.7488558888435364,67.8550424401466,-1.0,-0.20049727,-1.0,-0.81842786,-31.301501393318176,1.0,158349
89094,27654,33.75732421875,92.53433971098728,0.7477550506591797,67.82501953666916,-1.0,0.1416663,-0.9248262,-0.46500218,-55.1425576210022,1.0,160000
113659,52219,63.74389648437499,92.52121788568095,0.7472976446151733,67.81250960425345,-1.0,-1.0,-0.26665902,0.0738076,-20.0,1.0,160000
78499,17059,20.823974609375,92.51613380422086,0.7471206188201904,67.80766243878925,-1.0,-1.0,-1.0,-0.9828864,-49.68095541000366,1.0,125367
123520,62080,75.78125,92.50347837037592,0.7466804385185242,67.79559634756346,-1.0,-0.25157487,-0.37041077,-0.24529624,-20.0,1.0,160000
121300,59860,73.0712890625,92.47480858009148,0.7456857562065125,67.76825958460367,-1.0,-1.0,-1.0,0.013900518,-45.207154750823975,1.0,135789
98595,37155,45.355224609375,92.4656650558442,0.7453692555427551,67.75954059287275,-1.0,0.4285847,-0.44051576,1.0,-57.14061141014099,1.0,141611
82220,20780,25.3662109375,92.4493865382661,0.7448066473007202,67.74401716503532,-1.0,-1.0,-1.0,0.5866568,-20.0,1.0,151693
88067,26627,32.503662109375,92.44247497722594,0.7445681095123291,67.73742592336275,-1.0,-0.6101711,-1.0,-0.42777634,-27.13404655456543,1.0,160000
95573,34133,41.666259765625,92.42708888718823,0.7440378069877625,67.72275231544057,-1.0,-1.0,-0.63601863,1.0,-20.0,1.0,160000
72646,11206,13.679199218749998,92.40452101972456,0.7432617545127869,67.70122802058924,-1.0,-1.0,0.1938715,0.63254493,-20.0,1.0,144737
108477,47037,57.418212890625,92.39562088179368,0.742956280708313,67.6927389580203,-1.0,-0.7796111,-1.0,-0.27867806,-22.21508741378784,1.0,160000
104756,43316,52.87597656250001,92.38447403342242,0.742574155330658,67.68210657286876,-1.0,-1.0,-1.0,0.9019845,-55.722336769104,1.0,160000
142425,80985,98.858642578125,92.37734795256878,0.7423301339149475,67.67530916157227,-1.0,-1.0,-0.122907996,-0.47315693,-20.0,1.0,160000
76170,14730,17.98095703125,92.37727829786786,0.7423277497291565,67.67524271863591,-0.4931345,-1.0,-1.0,0.20651394,-45.61332583427429,1.0,160000
81201,19761,24.122314453125,92.36630738877707,0.7419524788856506,67.66477746992348,-0.85715294,0.08799118,-0.4708737,1.0,-20.0,1.0,160000
108046,46606,56.89208984375001,92.365822635369,0.7419359087944031,67.66431504985444,-1.0,-1.0,0.020840645,0.048113167,-45.59762895107269,1.0,160000
64283,2843,3.470458984375,92.36287340295806,0.7418351173400879,67.66150167594533,-1.0,-0.9825466,-0.5578283,0.1910091,-31.592912673950195,1.0,93484
75596,14156,17.2802734375,92.353834350088,0.7415264248847961,67.65287882971208,-1.0,-0.84398925,-0.81442016,0.9762836,-46.95163369178772,1.0,160000
72729,11289,13.780517578125002,92.33872244242926,0.7410110831260681,67.6384621378924,-0.6271629,-1.0,-0.6615405,-0.74704814,-20.0,1.0,160000
61898,458,0.55908203125,92.32921415747565,0.7406873106956482,67.62939088173829,-1.0,0.24304432,-0.9408103,1.0,-59.35001850128174,1.0,113052
83871,22431,27.381591796875,92.3277918890876,0.7406389117240906,67.62803395880998,-0.99831384,-1.0,0.28062248,-0.3416075,-56.12710356712341,1.0,95498
113254,51814,63.24951171874999,92.32548982563875,0.7405605912208557,67.62583764816898,-0.21347618,-1.0,-0.09030068,-0.6378118,-60.0,1.0,152601
101399,39959,48.778076171875,92.31789765323732,0.7403024435043335,67.61859412073028,-0.8047615,-0.07146418,-0.8577515,1.0,-20.0,1.0,160000
137700,76260,93.0908203125,92.31134649896404,0.7400798797607422,67.61234365059983,-1.0,-0.55003333,-1.0,1.0,-36.846699714660645,1.0,155910
129809,68369,83.458251953125,92.29962626084436,0.739682137966156,67.60116098784547,-1.0,-1.0,-1.0,0.2529015,-60.0,1.0,160000
86093,24653,30.093994140625004,92.27669544553106,0.7389055490493774,67.57928061951473,-1.0,-1.0,-0.9005568,0.9709569,-20.0,1.0,160000
72459,11019,13.450927734375002,92.26206916704244,0.7384113073348999,67.56532344830683,-1.0,-0.7620492,-0.84262794,-0.18836975,-31.37284934520721,1.0,160000
137695,76255,93.084716796875,92.25304654947485,0.7381068468093872,67.55671323410662,-1.0,-1.0,-0.67964333,1.0,-48.08704495429993,1.0,140837
91573,30133,36.783447265625,92.23764812633914,0.7375879883766174,67.54201801659458,-1.0,-1.0,-0.06477678,-0.12512684,-35.917976796627045,1.0,160000
115358,53918,65.81787109375,92.23611648516244,0.7375364303588867,67.54055627869792,-0.9469631,-1.0,-1.0,0.8314661,-20.0,1.0,122398
82328,20888,25.498046875000004,92.23413822285728,0.7374698519706726,67.53866829178885,-0.13644028,-0.18636096,-1.0,-0.66523725,-25.62398195266724,1.0,160000
69466,8026,9.79736328125,92.23232071988248,0.7374086976051331,67.53693371681582,-1.0,-0.4594106,-1.0,-0.027659059,-26.31948232650757,1.0,160000
141151,79711,97.303466796875,92.23046384350188,0.7373462319374084,67.5351615537207,-0.18960726,-1.0,-1.0,0.8166873,-45.37459433078766,1.0,85643
93661,32221,39.332275390625,92.2180346565759,0.7369284629821777,67.52329911187591,-1.0,-0.10798788,-1.0,0.7236053,-20.0,1.0,87393
135308,73868,90.1708984375,92.20860090380542,0.7366117835044861,67.51429518039183,-1.0,-0.08068508,-1.0,0.6535566,-38.3326268196106,1.0,160000
73351,11911,14.539794921874998,92.1978724826024,0.7362520694732666,67.5040552144349,-1.0,-1.0,-1.0,-0.13209939,-38.609684109687805,1.0,124478
61745,305,0.372314453125,92.19175827047944,0.7360472679138184,67.4982192087273,-0.8856999,-1.0,-0.5047862,-0.12933522,-28.70155334472656,1.0,114143
109921,48481,59.18090820312501,92.1848629642566,0.735816478729248,67.49163750379624,-1.0,-0.5325311,-0.19005215,-0.9136274,-25.95558881759644,1.0,160000
129451,68011,83.021240234375,92.16300417100774,0.7350860834121704,67.47077183598603,-1.0,-1.0,-1.0,-0.5990592,-20.0,1.0,160000
134728,73288,89.462890625,92.1616448502704,0.7350407242774963,67.46947422303387,-1.0,-1.0,-0.6905314,1.0,-20.0,1.0,160000
122955,61515,75.091552734375,92.16110356268152,0.7350226640701294,67.46895750609617,-0.38297838,-1.0,-0.6121228,-0.30417037,-32.39856243133545,1.0,160000
109460,48020,58.6181640625,92.12329524819806,0.7337639927864075,67.43286308461988,-1.0,-1.0,-1.0,0.63507503,-20.0,1.0,160000
108852,47412,57.8759765625,92.1183862681102,0.7336009740829468,67.42817629697574,-1.0,-1.0,0.09020829,-0.2188667,-26.17116451263428,1.0,160000
97602,36162,44.14306640625,92.1016118392187,0.7330446243286133,67.41216053777359,-1.0,0.24877107,-0.8100877,0.29427874,-20.0,1.0,160000
109070,47630,58.14208984375,92.09552948583382,0.7328431606292725,67.4063530535873,-1.0,-1.0,-0.7781861,0.87535274,-20.0,1.0,160000
63767,2327,2.840576171875,92.06778440256912,0.7319259643554688,67.37986031292974,-1.0,-1.0,-1.0,-0.35920244,-27.55385637283325,1.0,160000
78501,17061,20.826416015625,92.0583704338597,0.731615424156189,67.37087071240826,-1.0,-0.31590712,-0.094391435,-0.37196213,-28.888810873031616,1.0,160000
99596,38156,46.5771484375,92.0537681501755,0.7314637303352356,67.36647579114984,-0.22822177,-1.0,-0.22132379,-0.3141315,-40.76004326343536,1.0,160000
90914,29474,35.97900390625,92.05324718805306,0.7314465641975403,67.36597829750355,-1.0,-1.0,-0.7780683,-0.9857843,-47.423545122146606,1.0,160000
86100,24660,30.1025390625,92.04575490501502,0.7311998009681702,67.35882343468853,-0.10569,-1.0,-0.95543337,1.0,-30.08554697036743,1.0,154696
65181,3741,4.566650390625,92.04418686192297,0.7311481833457947,67.3573259871358,-0.93220115,-0.7778015,-1.0,0.4803102,-36.90530329942703,1.2097159624099731,160000
123463,62023,75.711669921875,92.03615028143896,0.730883777141571,67.34965110354202,-1.0,-0.758866,-1.0,1.0,-23.23470115661621,1.0,45045
86136,24696,30.146484375,92.03473822223398,0.730837345123291,67.34830257494835,-0.3530969,-1.0,-1.0,-0.2877376,-20.0,1.0,160000
88482,27042,33.01025390625,92.02523939628854,0.7305251955986023,67.33923095241111,-1.0,-1.0,-1.0,0.32803452,-25.21231412887573,1.0,160000
138345,76905,93.878173828125,92.01885992675918,0.7303157448768616,67.33313823651397,-1.0,-0.15907907,-1.0,-0.25337327,-43.18393886089325,1.0,160000
80190,18750,22.88818359375,92.0155975878008,0.730208694934845,67.33002248865554,-1.0,-0.3479388,-0.79410803,1.0,-36.24577015638352,1.0,79665
122082,60642,74.02587890625,92.00067994210028,0.7297196984291077,67.31577473406143,-1.0,-1.0,-1.0,-0.87913084,-31.38465225696564,1.0,160000
74359,12919,15.770263671875002,91.98907955501188,0.7293400168418884,67.30469479393113,-1.0,-1.0,-1.0,0.2529865,-47.55295932292938,1.0,160000
63206,1766,2.15576171875,91.9809811406293,0.7290752530097961,67.29695946383616,-0.9143313,-0.22771704,-0.4873023,0.01707691,-20.0,1.0,160000
83488,22048,26.914062500000004,91.97130684572149,0.7287592887878418,67.28771863955537,-1.0,-1.0,-1.0,-0.9752349,-46.39926910400391,1.0,154384
100134,38694,47.23388671875,91.96859664261288,0.7286708354949951,67.28512981899726,-1.0,0.20702481,-0.2877652,1.0,-20.98428249359131,1.0,160000
69729,8289,10.118408203125,91.96711700092894,0.728622555732727,67.28371643680852,-1.0,-0.06716585,-1.0,-0.8177837,-27.423150539398197,1.0,160000
129999,68559,83.690185546875,91.96172424701126,0.7284466624259949,67.27856511727866,-1.0,-1.0,0.17549348,-0.5130348,-34.1221022605896,1.0,160000
79910,18470,22.54638671875,91.96024527584608,0.7283984422683716,67.2771523441704,-1.0,-0.4088099,-0.89361167,0.0956524,-32.68504559993744,1.0,159569
140919,79479,97.020263671875,91.95919211134532,0.728364109992981,67.27614631470244,-1.0,-1.0,-0.6878592,1.0,-44.00116801261902,1.0,152142
61975,535,0.653076171875,91.95274238517574,0.7281539440155029,67.26998517538294,-1.0,-0.49256933,-0.88179994,-0.18541819,-20.0,1.0,158080
85676,24236,29.5849609375,91.9518823083312,0.7281259298324585,67.26916357216356,-1.0,-1.0,-1.0,-0.32828242,-20.0,1.0,160000
83122,21682,26.46728515625,91.9470478449584,0.7279685139656067,67.26454532535271,-0.15539497,-0.55512977,-0.7300097,1.0,-60.0,1.0,160000
113869,52429,64.000244140625,91.94410303168604,0.7278726696968079,67.26173218065779,-1.0,-1.0,-1.0,0.11438882,-34.065279960632324,1.0,145202
76909,15469,18.883056640625,91.94366159111983,0.727858304977417,67.26131047549549,-1.0,-0.85556555,0.4593895,-0.078175664,-22.218434810638428,1.0,159445
74315,12875,15.716552734375,91.94334102912774,0.7278478741645813,67.26100424443494,-1.0,-1.0,-0.26358372,0.40537736,-20.0,1.0,123243
124196,62756,76.6064453125,91.94074862796538,0.7277635335922241,67.25852772663526,-1.0,-1.0,-1.0,-0.85122633,-20.0,1.0,160000
137696,76256,93.0859375,91.9391268444652,0.7277107834815979,67.25697842824864,-0.91882944,-1.0,-0.45112872,1.0,-20.0,1.0,160000
83410,21970,26.81884765625,91.93787502672784,0.7276700735092163,67.25578255459237,-1.0,-1.0,0.048130155,1.0,-20.0,1.0,160000
108020,46580,56.8603515625,91.9345934310098,0.7275633811950684,67.2526475914491,-1.0,-0.7570606,-1.0,1.0,-25.58856010437012,1.0,89736
78646,17206,21.00341796875,91.92587385735972,0.7272800803184509,67.2443174767165,-1.0,-1.0,0.034481525,1.0,-30.043933987617493,1.0,160000
133310,71870,87.73193359375,91.92010132415366,0.7270926833152771,67.23880264498649,-1.0,-0.9132099,-1.0,1.0,-60.0,1.0,160000
107502,46062,56.22802734375,91.92009030426183,0.7270923256874084,67.23879211695488,-1.0,-0.07869291,-1.0,1.0,-20.0,1.0,160000
107503,46063,56.229248046875,91.92009030426183,0.7270923256874084,67.23879211695488,-0.22995275,-1.0,-1.0,1.0,-41.931869983673096,1.0,160000
81706,20266,24.73876953125,91.92009030426183,0.7270923256874084,67.23879211695488,-0.10338235,-1.0,-1.0,1.0,-43.85627448558808,1.0,160000
80377,18937,23.116455078125,91.88916591072169,0.7260904908180237,67.20924653826904,-1.0,-1.0,-1.0,0.15553957,-23.084791898727417,1.0,160000
80457,19017,23.214111328125,91.87226171164863,0.7255443334579468,67.19309481134115,-0.5038115,0.21500504,-0.72189534,-0.39276832,-26.018896102905277,1.0,160000
91583,30143,36.795654296875,91.86552095373466,0.7253268361091614,67.1866538696406,-1.0,-1.0,-1.0,-0.4643259,-41.90370738506317,1.0,133661
86132,24692,30.1416015625,91.8629315438572,0.725243330001831,67.18417959532742,-1.0,-0.30157447,-1.0,0.07990861,-60.0,1.0,160000
78931,17491,21.351318359375,91.84944742319794,0.7248088717460632,67.17129470587881,-1.0,-1.0,-1.0,0.061783254,-20.0,1.0,160000
90834,29394,35.88134765625,91.84934745091849,0.7248056530952454,67.17119917429825,-1.0,-1.0,-1.0,0.06384575,-41.1682516336441,1.0,151954
128417,66977,81.759033203125,91.84682370517204,0.7247244119644165,67.16878752161253,0.2379489,-0.97709674,0.082137704,0.35660988,-20.0,1.0,160000
73560,12120,14.794921875,91.8464033200769,0.7247108817100525,67.16838580620814,-1.0,-1.0,-1.0,-0.33819056,-50.28047204017639,1.0,118493
91005,29565,36.090087890625,91.82997799047982,0.7241827249526978,67.15268952500713,-1.0,-1.0,-1.0,-0.83105826,-20.0,1.0,108861
77283,15843,19.339599609375,91.82112162696238,0.7238983511924744,67.14422592093966,-1.0,-1.0,-1.0,-0.79850006,-20.0,1.0,116058
75119,13679,16.697998046875,91.81886111626378,0.7238258123397827,67.14206562111615,-0.6291237,-0.63624537,-0.7978418,1.0,-46.10028564929962,1.0,160000
134704,73264,89.43359375,91.7913028130926,0.7229429483413696,67.1157277812709,-0.5661788,-0.8024442,0.38744944,-0.6545452,-20.0,1.0,160000
106447,45007,54.940185546875,91.78754541106314,0.7228227853775024,67.11213660667538,-1.0,-0.32479334,-1.0,-0.6913016,-20.0,1.0,160000
91780,30340,37.0361328125,91.77468641795816,0.7224119305610657,67.09984617841651,-1.0,-1.0,-1.0,1.0,-35.871813893318176,1.0,160000
117579,56139,68.529052734375,91.77467708370632,0.7224116325378418,67.09983725670394,-0.6618183,-0.67527694,-1.0,1.0,-20.0,1.0,160000
117575,56135,68.524169921875,91.77467708370632,0.7224116325378418,67.09983725670394,-0.7327736,-1.0,-1.0,1.0,-24.15268421173096,1.0,156154
65972,4532,5.5322265625,91.77467708370632,0.7224116325378418,67.09983725670394,-0.7166372,-1.0,-1.0,1.0,-55.18621444702149,1.0,160000
125295,63855,77.947998046875,91.76848073798078,0.722213864326477,67.09391470956878,-0.9396769,-1.0,-1.0,-0.18514746,-43.774821162223816,1.0,160000
73148,11708,14.2919921875,91.75976352863552,0.7219358682632446,67.08558249640501,-0.61589706,-0.61529624,-0.9884302,0.2092712,-42.201924324035645,1.0,160000
122204,60764,74.1748046875,91.7519475070628,0.721686840057373,67.0781114793914,-1.0,-1.0,-0.8912612,0.48026097,-20.000572204589844,1.0,160000
71745,10305,12.579345703125,91.73759052895709,0.7212299704551697,67.06438775971542,-1.0,-1.0,0.015253067,-0.55840755,-20.0,1.0,160000
80258,18818,22.97119140625,91.72058366131782,0.7206897139549255,67.04813024938171,-1.0,-1.0,-0.39327615,-0.23021406,-20.0,1.0,160000
91562,30122,36.77001953125,91.71940791094556,0.7206524014472961,67.0470062736814,-1.0,-0.08074528,-0.80422086,0.13857776,-20.0,1.0,157398
87132,25692,31.3623046875,91.68931622778813,0.7196990847587585,67.01823831856609,-1.0,-0.7501648,-1.0,-0.87361693,-20.0,1.0,144135
118499,57059,69.652099609375,91.66635787946537,0.7189738750457764,66.99628813511981,-1.0,-0.7423231,-1.0,-0.077646434,-38.97282361984253,1.0,160000
72692,11252,13.7353515625,91.66387120008172,0.718895435333252,66.99391056121875,-0.68602425,-1.0,-1.0,-0.020174444,-20.0,1.0,160000
111814,50374,61.49169921874999,91.65805622434291,0.7187120914459229,66.98835065354915,-1.0,-0.9783579,-0.9391979,1.0,-48.23272407054901,1.157630741596222,131435
69775,8335,10.174560546875,91.65261787327584,0.7185407280921936,66.98315076206549,-0.87925833,-0.6276015,-0.56127197,0.97137517,-20.0,1.0,160000
131292,69852,85.2685546875,91.64905044750157,0.718428373336792,66.97973971370442,-0.38644326,-1.0,-0.9137618,1.0,-20.0,1.0,159543
140703,79263,96.756591796875,91.64903909007512,0.7184280157089233,66.97972885407006,-1.0,-0.044979572,-1.0,-0.50587165,-29.83621120452881,1.0,127187
134173,72733,88.785400390625,91.64344573521302,0.7182519435882568,66.97438060894191,-1.0,-0.7623115,-1.0,-0.449916,-23.095877170562744,1.0,160000
97240,35800,43.701171875,91.63894243463284,0.7181102633476257,66.97007458484286,-1.0,0.16135144,-1.0,0.80160713,-46.10138058662415,1.0,160000
113270,51830,63.26904296875,91.62828824148023,0.7177753448486328,66.95988688916427,-0.9550154,-1.0,-0.9088061,-0.51992273,-46.50591969490051,1.0,160000
126625,65185,79.571533203125,91.62682727694492,0.7177294492721558,66.95848986809554,-1.0,-1.0,-1.0,-0.40300643,-35.55446684360504,1.0,160000
129082,67642,82.57080078125,91.61684474460688,0.7174160480499268,66.94894408760929,-1.0,-1.0,1.0,0.3585071,-28.16673755645752,1.0,160000
63449,2009,2.452392578125,91.5974866597074,0.7168092727661133,66.93043213938078,0.16841114,-0.64229345,0.25130582,-0.67129844,-34.37419533729553,1.0,139159
133813,72373,88.345947265625,91.59245791535588,0.7166518568992615,66.92562302549429,-1.0,-1.0,-0.99249494,0.89775294,-20.0,1.0,160000
70943,9503,11.600341796875,91.59009777982924,0.7165780067443848,66.92336594413462,-1.0,-1.0,-1.0,-0.39539003,-41.65717005729675,1.0,160000
134706,73266,89.43603515625,91.57245284562693,0.7160264849662781,66.90649096675958,-0.5465089,-1.0,0.055312634,-0.66540504,-37.20383405685425,1.0570964813232422,160000
72805,11365,13.873291015625,91.56156643810506,0.7156867384910583,66.89607916054132,-1.0,0.1474334,-1.0,0.46428457,-39.6976900100708,1.0,160000
142628,81188,99.1064453125,91.54394529687764,0.7151376605033875,66.87922551812682,-1.0,-0.94387203,-0.40902048,0.20180583,-20.0,1.0,160000
93178,31738,38.74267578125,91.5412222344295,0.7150529026985168,66.87662098226811,-1.0,-1.0,0.04981804,0.8023996,-20.0,1.0,160000
82214,20774,25.35888671875,91.53791403358412,0.7149499654769897,66.873456749276,-1.0,-0.3268873,-1.0,0.90609396,-41.25636696815491,1.0,160000
78497,17057,20.821533203125,91.53711697697123,0.7149251699447632,66.87269437475751,-1.0,-0.5889116,-0.42963547,-0.653817,-20.0,1.0,160000
112517,51077,62.349853515625,91.5244257269997,0.7145306468009949,66.86055511547866,-1.0,-1.0,-1.0,0.12546748,-20.0,1.0,160000
125404,63964,78.0810546875,91.5087558253768,0.7140442728996277,66.845566135679,-1.0,-0.4965104,-1.0,0.1517266,-25.31082391738892,1.0,114925
109508,48068,58.6767578125,91.50866549316405,0.7140414714813232,66.84547972678571,-1.0,-0.5939442,-1.0,1.0,-39.23980355262756,1.0,160000
83709,22269,27.183837890625,91.50866549316405,0.7140414714813232,66.84547972678571,-0.34026974,-1.0,-1.0,1.0,-44.56177949905396,1.0,156081
83708,22268,27.182617187500004,91.50866549316405,0.7140414714813232,66.84547972678571,-1.0,-1.0,-1.0,1.0,-20.0,1.0,160000
126383,64943,79.276123046875,91.49609691630562,0.7136519551277161,66.83345680819743,-1.0,-1.0,-0.4738484,-0.60103583,-27.44302034378052,1.0,160000
72286,10846,13.239746093749998,91.4950710631581,0.7136201858520508,66.83247547252448,-1.0,-1.0,-1.0,-0.2514683,-34.77230191230774,1.0,142208
89244,27804,33.9404296875,91.49126691318509,0.7135024070739746,66.82883638023993,-1.0,-0.9029101,-1.0,0.01803267,-30.41905879974365,1.0,160000
123085,61645,75.250244140625,91.48140662466604,0.7131973505020142,66.81940373120786,-1.0,-1.0,-0.67037416,1.0,-60.0,1.0,160000
78914,17474,21.33056640625,91.4811386830131,0.7131890654563904,66.81914740638682,-1.0,-0.9798236,-1.0,0.38382027,-40.47728180885315,1.0,159338
109507,48067,58.675537109375,91.4743913403086,0.7129805088043213,66.81269253472787,-0.9103452,-1.0,-1.0,0.7368143,-20.0,1.0,139351
103903,42463,51.834716796875,91.47008661227903,0.7128475308418274,66.80857433404802,-0.95436335,-0.6692257,0.4118693,-0.18513191,-20.0,1.0,160000
101799,40359,49.266357421875,91.46468890835362,0.7126808762550354,66.80341044459658,-1.0,-1.0,-0.031571507,-0.66382813,-20.0,1.0,160000
130674,69234,84.51416015625,91.45611683041508,0.712416410446167,66.79520952140517,-0.13365817,-1.0,-1.0,0.69370604,-30.4015851020813,1.0,160000
119919,58479,71.385498046875,91.453197786457,0.7123264074325562,66.79241682026836,-0.97247857,-1.0,-0.86460006,-0.43597925,-56.47429585456848,1.0,160000
105455,44015,53.729248046875,91.43582514786743,0.7117913365364075,66.77579562364747,-1.0,-1.0,-1.0,-0.52589023,-42.17546820640564,1.0,160000
133268,71828,87.6806640625,91.42649561983424,0.7115043997764587,66.76686929609625,-1.0,-1.0,-0.20085895,-0.99341714,-22.629196643829346,1.0,160000
130948,69508,84.8486328125,91.42600117109696,0.711489200592041,66.76639620962565,-1.0,-1.0,-0.14703101,0.08012599,-60.0,1.0,130554
130895,69455,84.783935546875,91.421200755607,0.7113416790962219,66.76180315749595,-0.9833344,-1.0,0.39763397,-0.045737147,-36.69199347496033,1.0,160000
80236,18796,22.9443359375,91.4198930654698,0.7113015055656433,66.76055194466939,-0.50717175,-0.03639424,-0.35474807,-0.62923783,-42.01001107692719,1.0,160000
84183,22743,27.762451171875004,91.39936721302432,0.7106716632843018,66.74091196311859,-1.0,-0.9854785,-1.0,-0.041449845,-60.0,1.0,160000
128012,66572,81.2646484375,91.39812260593663,0.7106335163116455,66.73972103482299,-1.0,-0.9709257,-0.90215003,0.07398534,-20.0,1.0,160000
86092,24652,30.0927734375,91.37747899987744,0.710001528263092,66.71996715493485,-1.0,-1.0,-1.0,0.62552226,-20.0,1.0,160000
65171,3731,4.554443359375,91.37661746180125,0.7099751830101013,66.7191427234573,-1.0,-1.0,-0.069007635,0.36551446,-20.0,1.0,160000
109502,48062,58.66943359375,91.3750832614814,0.7099282741546631,66.71767459644006,-1.0,-1.0,-0.98344636,1.0,-20.0,1.0,160000
139075,77635,94.769287109375,91.3729501721976,0.7098630666732788,66.71563336217673,-1.0,-0.18771452,-0.037651896,-0.4490446,-20.0,1.0,139143
86534,25094,30.63232421875,91.3725757594522,0.7098516225814819,66.71527507110967,0.17714202,-0.6117569,-0.3864113,0.30525464,-20.0,1.0,160000
111729,50289,61.38793945312499,91.34901449190971,0.7091323733329773,66.6927275560988,-0.36043084,-1.0,-0.08295792,1.0,-38.07411730289459,1.0,160000
110311,48871,59.65698242187501,91.34327295570526,0.7089573740959167,66.68723282971442,-1.0,-1.0,-0.30960336,-0.53454995,-27.16437101364136,1.0,160000
120994,59554,72.69775390625,91.34326121875614,0.7089570164680481,66.68722159720741,-1.0,-1.0,-1.0,-0.9223082,-57.80823469161987,1.0,160000
101489,40049,48.887939453125,91.34264305221794,0.7089381814002991,66.68662999831363,-1.0,-0.84116936,-0.18368506,-0.21917331,-20.0,1.0,160000
125418,63978,78.09814453125,91.33815622388816,0.7088015079498291,66.68233597470213,-1.0,-1.0,-1.0,-0.55150545,-39.12604808807373,1.0,160000
118512,57072,69.66796875,91.31643762757643,0.7081408500671387,66.661549890466,-1.0,-1.0,-1.0,0.25136018,-20.0,1.0,150326
115186,53746,65.60791015625,91.31130640388356,0.707984983921051,66.65663879713549,-1.0,-1.0,-0.72668684,-0.45466155,-39.549075961112976,1.0,160000
111054,49614,60.56396484374999,91.30077431150544,0.7076653242111206,66.64655831305792,0.080372095,-1.0,-0.54903674,-0.9785068,-36.2813538312912,2.0251086950302124,160000
109275,47835,58.392333984375,91.29204012114252,0.7074005007743835,66.63819841403154,-1.0,-0.57942605,-1.0,0.31849676,-20.417189598083496,1.0,160000
69689,8249,10.069580078125,91.26195482329597,0.706490159034729,66.6094008280145,-0.74136287,-1.0,-1.0,-0.5395769,-20.0,1.0,160000
109063,47623,58.133544921875,91.23825218510004,0.7057749629020691,66.58671102541395,-1.0,-1.0,-1.0,1.0,-20.0,1.0,160000
83262,21822,26.63818359375,91.23825218510004,0.7057749629020691,66.58671102541395,-1.0,-1.0,-1.0,1.0,-43.64704370498657,1.0,122874
83268,21828,26.645507812500004,91.23825218510004,0.7057749629020691,66.58671102541395,-0.55465496,-0.76175845,-1.0,1.0,-53.23485374450684,1.0,144361
82401,20961,25.587158203125,91.23387622721928,0.7056431174278259,66.58252189449294,-0.16493428,0.14611322,-1.0,0.42564288,-30.146186351776123,1.0,160000
101458,40018,48.85009765625,91.231222380111,0.7055631875991821,66.57998132611411,-0.21481586,-1.0,-0.6055553,0.5756602,-39.58019256591797,1.0,150309
75346,13906,16.97509765625,91.21742282796627,0.705147922039032,66.56677050623176,-1.0,0.25129712,-1.0,-0.3005141,-33.312543630599976,1.0,132748
97153,35713,43.594970703125,91.21412598843858,0.7050487995147705,66.56361424641575,-1.0,-0.71232504,-1.0,-0.25266117,-41.029930114746094,1.0,160000
69461,8021,9.791259765625,91.19990670617116,0.7046216726303101,66.55000095952862,-1.0,-0.5879754,-0.8545987,0.6678959,-35.44529169797897,1.0,115759
92660,31220,38.1103515625,91.1911217757228,0.7043581008911133,66.54159016041535,-0.4955448,-1.0,0.45644832,-0.9882046,-20.45916318893433,1.0,140884
117371,55931,68.275146484375,91.18262723358797,0.7041034698486328,66.53345719157464,-1.0,-0.14597034,0.848981,-0.58961815,-31.020585894584656,1.0,160000
114140,52700,64.3310546875,91.1775392571855,0.7039510607719421,66.52858569695434,-1.0,-1.0,-0.24919742,0.5425638,-20.0,1.0,160000
102751,41311,50.42846679687501,91.17293846982524,0.7038133144378662,66.5241806047498,-0.06256199,0.12733757,1.0,-0.14241064,-25.112974643707275,1.0,119916
124138,62698,76.53564453125,91.16183660076628,0.7034811973571777,66.51355072941156,-0.37285268,-1.0,-1.0,0.07123208,-20.0,1.0,160000
96406,34966,42.68310546875,91.16127439405967,0.7034643888473511,66.5130124163224,-1.0,-1.0,0.32650125,0.25952137,-20.0,1.0,106955
68872,7432,9.072265625,91.14476845607976,0.702971339225769,66.49720761189766,-1.0,-0.003286004,-0.60108495,-0.43572217,-33.86405825614929,1.0,160000
67770,6330,7.72705078125,91.1433464169362,0.702928900718689,66.49584594475752,-1.0,-1.0,-1.0,0.6499414,-49.92715418338776,1.0,160000
143211,81771,99.818115234375,91.1216784982204,0.7022830247879028,66.47509728379013,0.3791144,-1.0,-1.0,1.0,-47.6534503698349,1.0,160000
76820,15380,18.7744140625,91.11787022279532,0.70216965675354,66.4714504492394,0.09656799,-1.0,0.5326216,0.04093772,-43.03138554096222,1.0,160000
130448,69008,84.23828125,91.11416863965266,0.7020595073699951,66.46790574844391,-1.0,-1.0,-1.0,0.852076,-20.53769826889038,1.0,160000
103458,42018,51.29150390625,91.11409651690028,0.7020573616027832,66.46783668208558,-1.0,0.391649,-1.0,0.11983132,-22.40631103515625,1.0,160000
111927,50487,61.629638671875,91.1029892462924,0.7017270922660828,66.45719995286517,-1.0,-1.0,-1.0,0.60289377,-20.0,1.0,160000
93327,31887,38.924560546875,91.09455762898828,0.7014766335487366,66.44912531682476,-1.0,-1.0,-1.0,0.32488787,-33.26038718223572,1.0,89659
75656,14216,17.353515625,91.08472625418936,0.701184868812561,66.43970995792058,-1.0,-0.4643041,-1.0,0.5202184,-20.0,1.0,136303
64020,2580,3.1494140625,91.08264221690078,0.701123058795929,66.43771407533094,-1.0,-0.0021340847,-1.0,-0.95408493,-35.92122822999954,1.0,160000
74358,12918,15.76904296875,91.07572774529758,0.7009180784225464,66.43109200652408,-1.0,-1.0,-1.0,0.2612899,-26.551661491394043,1.0,160000
77649,16209,19.786376953125,91.07398780114808,0.7008665204048157,66.42942562291695,-1.0,-0.44274473,-1.0,-0.52569604,-60.0,1.0,160000
64632,3192,3.896484375,91.05510610745702,0.7003076076507568,66.41134170699199,-1.0,-0.49307,-1.0,-0.03857982,-60.0,1.0,160000
90354,28914,35.29541015625,91.02930322837278,0.6995455622673035,66.38662757846247,-1.0,0.0877676,-0.5510899,-0.21056592,-20.0,1.0,160000
121061,59621,72.779541015625,91.00250029850848,0.6987560987472534,66.36095382354634,-1.0,-1.0,-0.88504213,-0.07154834,-20.0,1.0,100095
81206,19766,24.12841796875,90.9988298335122,0.6986481547355652,66.35743785072579,-1.0,-1.0,0.013746619,1.0,-20.0,1.0,160000
100913,39473,48.184814453125,90.98423174324928,0.6982192397117615,66.34345387034672,-1.0,-1.0,-0.7651216,1.0,-20.0,1.0,160000
81257,19817,24.190673828125,90.97013454180242,0.697805643081665,66.32994920367013,-0.08565587,-1.0,-0.5237027,0.8969531,-55.73348760604858,1.0,160000
100117,38677,47.213134765625,90.96169382858912,0.6975582838058472,66.32186303492122,-0.56945896,-0.3638298,-1.0,0.6015591,-39.85117673873901,1.0,148243
98360,36920,45.068359375,90.95504195145472,0.6973634958267212,66.31549043936799,-0.602314,-1.0,-1.0,-0.6241597,-20.0,1.0,160000
76462,15022,18.33740234375,90.95502769845145,0.6973630785942078,66.3154767846648,-1.0,-1.0,-0.89040476,-0.5903685,-22.670207023620605,1.0,160000
89796,28356,34.6142578125,90.94688180806796,0.697124719619751,66.30767275310107,-1.0,-1.0,-0.8811219,-0.6308105,-23.47756147384644,1.0,96135
100311,38871,47.449951171875,90.92393186352685,0.6964542269706726,66.28568506864791,-1.0,-1.0,-0.85905087,1.0,-23.918159008026123,1.0,160000
76424,14984,18.291015625,90.92053454685356,0.6963551044464111,66.28243008663891,-1.0,-0.26356947,-1.0,-0.96508443,-29.52371120452881,1.0,160000
63479,2039,2.489013671875,90.91648607766264,0.6962370276451111,66.27855119588907,-0.24274457,-1.0,-0.24991876,-0.20670849,-20.0,1.0,148777
104757,43317,52.877197265625,90.91617946315986,0.6962280869483948,66.27825742292409,-1.0,-1.0,-0.8727308,0.90866417,-20.0,1.0,160000
64441,3001,3.663330078125,90.91603841731548,0.6962239742279053,66.27812228424247,-0.746348,-1.0,-1.0,-0.9697374,-31.29267632961273,1.0,160000
108922,47482,57.96142578125,90.91177952670998,0.6960998177528381,66.2740417378927,-1.0,0.19864398,-1.0,0.030015767,-20.0,1.208434760570526,160000
71240,9800,11.962890625,90.90953791912376,0.6960344910621643,66.27189398143882,-1.0,-1.0,-1.0,-0.69285595,-48.99360418319702,1.0,160000
141729,80289,98.009033203125,90.90241091872846,0.6958268880844116,66.26506529089264,-1.0,-1.0,-0.1087662,-0.15644467,-20.0,1.0,160000
92383,30943,37.772216796875,90.89854551486542,0.6957143545150757,66.26136162649657,-1.0,-0.025697708,-1.0,-0.7718208,-20.0,1.0,160000
135304,73864,90.166015625,90.88772957565138,0.6953997015953064,66.25099806273413,-1.0,-1.0,-0.87950015,0.8082967,-20.0,1.0,160000
109393,47953,58.536376953125,90.88682959722289,0.69537353515625,66.25013571292592,-1.0,-1.0,-1.0,-0.76606476,-25.58297753334045,1.0,160000
124221,62781,76.636962890625,90.8821705531972,0.6952381134033203,66.24567143463993,-0.5563879,-0.119351566,-1.0,-0.14903003,-20.0,1.0,154822
93026,31586,38.55712890625,90.87818444339224,0.6951223015785217,66.24185191735822,-1.0,-1.0,-1.0,-0.66453993,-37.07759082317352,1.0,160000
71812,10372,12.6611328125,90.87623696954984,0.6950657367706299,66.23998582071991,0.117877126,-1.0,-1.0,-0.12285733,-38.49392473697662,1.0,160000
139074,77634,94.76806640625,90.87397299032637,0.6949999928474426,66.23781643259632,-1.0,0.41000783,-1.0,0.8540471,-20.0,1.0,160000
99619,38179,46.605224609375,90.8493131631374,0.6942848563194275,66.21418610859466,-0.5262792,-1.0,-1.0,-0.55575967,-34.250707030296326,1.0,122958
97614,36174,44.15771484375,90.84391394115563,0.6941285133361816,66.20901209761576,-1.0,-1.0,-0.5659635,0.20117468,-24.87614393234253,1.0,133975
75439,13999,17.088623046875,90.84287410790844,0.6940984129905701,66.20801562953457,-1.0,-1.0,0.07886475,-0.50417006,-60.0,1.0,160000
79460,18020,21.9970703125,90.82911345841768,0.69370037317276,66.1948286076217,-0.9897908,-0.89381,-1.0,-0.19140118,-20.0,1.0,160000
125410,63970,78.08837890625,90.81684115229336,0.693345844745636,66.18306750066257,-1.0,-0.86384577,0.41683865,-0.057812452,-20.0,1.0,124603
72604,11164,13.627929687500002,90.8148631424369,0.6932887434959412,66.18117185028298,-0.9080845,-1.0,-1.0,-0.5438349,-42.76713192462921,1.0,160000
125753,64313,78.507080078125,90.8141094142465,0.6932669878005981,66.1804495030098,-1.0,-1.0,-0.5212292,-0.87220585,-20.0,1.0,157338
81207,19767,24.129638671875,90.74874672038352,0.6913865208625793,66.11780296604763,-1.0,-1.0,0.2715307,-0.759806,-20.0,2.5968436002731323,160000
85678,24238,29.587402343750004,90.72831535467174,0.690801203250885,66.09821854411291,-1.0,-0.7195016,-0.6545096,-0.34912533,-20.0,1.0,155602
108062,46622,56.91162109375,90.71822600167916,0.6905125975608826,66.08854706241594,-1.0,-1.0,-1.0,-0.20254838,-41.31168186664581,1.0,160000
108011,46571,56.84936523437501,90.7086107613856,0.690237820148468,66.07932983382979,-1.0,-0.6401322,-1.0,1.0,-20.0,1.0,160000
108013,46573,56.851806640625,90.7086107613856,0.690237820148468,66.07932983382979,-1.0,-0.74540704,-1.0,1.0,-20.0,1.0,140502
133812,72372,88.3447265625,90.7086107613856,0.690237820148468,66.07932983382979,-0.28702295,-1.0,-1.0,1.0,-43.85810673236847,1.0,160000
108017,46577,56.856689453125,90.7086107613856,0.690237820148468,66.07932983382979,-1.0,-1.0,-1.0,1.0,-20.0,1.0,160000
82216,20776,25.361328125,90.7086107613856,0.690237820148468,66.07932983382979,-1.0,-1.0,-1.0,1.0,-54.126152992248535,1.0,160000
88622,27182,33.18115234375,90.68385307126564,0.6895315051078796,66.05559595992075,-0.942315,-0.11107916,0.2932163,0.20647264,-58.00553798675537,1.0,159725
123826,62386,76.15478515625,90.683675267227,0.6895264387130737,66.05542550349912,-0.27539885,-1.0,-0.766448,-0.6141826,-46.07297420501709,1.0,160000
134397,72957,89.058837890625,90.6342347945636,0.6881210803985596,66.00802526069201,-1.0,0.0073152184,-1.0,0.57782066,-28.33198428153992,1.0,160000
137009,75569,92.247314453125,90.62834973149135,0.6879542469978333,66.00238267475453,-0.55039054,-0.46913975,-1.0,0.36769032,-20.0,1.0,160000
112318,50878,62.10693359375,90.62016306896528,0.6877223253250122,65.99453318693845,-1.0,-1.0,-0.82254285,-0.91579103,-20.0,1.0,147490
104595,43155,52.679443359375,90.616405247024,0.6876159310340881,65.99093008226836,-0.34494734,-0.087864876,0.2696225,0.5568092,-25.92594146728516,1.0,160000
86533,25093,30.631103515625004,90.61439419572788,0.6875590085983276,65.98900181670963,-0.45793182,0.14069974,-0.14382756,-0.9031956,-60.0,1.0,106675
127118,65678,80.17333984375,90.6073302910306,0.6873591542243958,65.98222862658788,-1.0,-1.0,-1.0,0.8588767,-27.190598249435425,1.0,78838
84167,22727,27.742919921875,90.57331031659484,0.6863985657691956,65.9496071354456,-0.6982014,-1.0,-0.21361858,0.9829868,-30.09798765182495,1.0,89214
103284,41844,51.07910156249999,90.57083402621062,0.6863287687301636,65.94723253610701,-0.8830713,-0.6917603,-1.0,0.6565968,-23.8535737991333,1.0,160000
63535,2095,2.557373046875,90.55734041176018,0.6859487295150757,65.93429280266785,-1.0,-1.0,-0.23135912,-0.64848024,-28.22179079055786,1.0,137417
95496,34056,41.572265625,90.55556986821362,0.6858989000320435,65.93259490491944,-1.0,-1.0,-0.43124658,0.110548735,-53.39489459991455,1.0,160000
100912,39472,48.18359375,90.55364649460888,0.6858447790145874,65.93075043966796,0.26370716,-1.0,-0.20437214,0.5630558,-21.29162907600403,1.0,160000
105096,43656,53.29101562500001,90.51022709600856,0.6846256852149963,65.88911012956488,-1.0,-1.0,-0.5377711,0.05956924,-20.0,1.0,160000
122272,60832,74.2578125,90.50918252508644,0.6845964193344116,65.88810830682867,-0.60631716,-1.0,-0.9474343,-0.8791417,-20.0,1.0,160000
77957,16517,20.162353515625,90.50826125842164,0.6845706105232239,65.88722474018236,-1.0,-1.0,-0.22090214,0.27746248,-20.0,1.0,160000
89559,28119,34.324951171875,90.50609713121406,0.6845099925994873,65.88514916572112,-1.0,-1.0,-1.0,1.0,-20.0,1.0,160000
115351,53911,65.809326171875,90.50609713121406,0.6845099925994873,65.88514916572112,-1.0,-1.0,-1.0,1.0,-30.357885360717773,1.0,160000
89552,28112,34.31640625,90.50609713121406,0.6845099925994873,65.88514916572112,-0.018926978,-0.9945205,-1.0,1.0,-30.806673169136047,1.0,160000
63756,2316,2.8271484375,90.50609713121406,0.6845099925994873,65.88514916572112,-1.0,-1.0,-1.0,1.0,-34.2662513256073,1.0,160000
78873,17433,21.280517578125,90.494583736559,0.6841877102851868,65.87410670386458,-1.0,-1.0,-1.0,1.0,-20.0,1.0,118831
110751,49311,60.19409179687501,90.46492944423156,0.6833592653274536,65.84566398974636,-1.0,-0.6256456,-1.0,-0.99401283,-20.0,4.07167112827301,158431
73238,11798,14.40185546875,90.44392495373042,0.6827738881111145,65.82551648342694,-1.0,-1.0,-0.67449427,1.0,-44.505600929260254,1.0,129452
72936,11496,14.033203124999998,90.41225857781252,0.6818935871124268,65.79514024028568,-1.0,-1.0,-1.0,0.2623878,-38.42621445655823,1.0,160000
140827,79387,96.907958984375,90.40422658446404,0.6816707253456116,65.78743512813588,-0.058823228,-1.0,-0.8640836,0.43804216,-20.0,1.0,160000
113903,52463,64.041748046875,90.3948420780635,0.681410551071167,65.77843236606964,-1.0,-1.0,-0.9464996,0.042719483,-20.0,1.0,160000
141993,80553,98.331298828125,90.38890821905498,0.6812461614608765,65.77273978516048,-1.0,-1.0,-1.0,-0.559031,-45.19505739212036,1.0,160000
83877,22437,27.388916015625,90.35291091460432,0.680250883102417,65.73820451625116,-1.0,-1.0,-1.0,-0.34805375,-53.88639688491821,1.0,108437
129261,67821,82.789306640625,90.3517361027898,0.6802184581756592,65.73707737170224,-1.0,-1.0,-0.19432965,0.21377498,-20.0,1.0,118712
104672,43232,52.7734375,90.35110545148429,0.6802010536193848,65.73647230743967,-0.8722645,-1.0,-1.0,1.0,-20.0,1.0,160000
78874,17434,21.28173828125,90.35110545148429,0.6802010536193848,65.73647230743967,-1.0,-1.0,-1.0,1.0,-34.6366810798645,1.0,160000
104674,43234,52.77587890624999,90.35110545148429,0.6802010536193848,65.73647230743967,-1.0,-0.9982549,-1.0,1.0,-20.0,1.0,154033
136389,74949,91.490478515625,90.34870992999971,0.6801349520683289,65.73417397010776,-1.0,-0.25711095,-1.0,0.78572667,-20.0,1.0,160000
64910,3470,4.23583984375,90.34415716166174,0.6800093650817871,65.72980586891889,-0.91209376,-1.0,-0.71943724,-0.5232119,-52.89734363555908,1.0,160000
61613,173,0.211181640625,90.3405126727466,0.6799088716506958,65.72630917334665,-1.0,-1.0,-0.6629219,0.31926078,-38.34319174289704,1.0,160000
97155,35715,43.597412109375,90.33755033195538,0.6798272132873535,65.72346694169164,-1.0,-0.5904996,-1.0,0.13170546,-54.0020751953125,1.0,160000
100315,38875,47.454833984375,90.33458932627802,0.679745614528656,65.72062597189172,-1.0,-1.0,-0.2548973,0.509125,-20.0,1.334329605102539,125680
105332,43892,53.5791015625,90.32929465735148,0.6795997619628906,65.71554589532506,-1.0,-1.0,-1.0,-0.21883976,-21.30213737487793,1.0,160000
98785,37345,45.587158203125,90.31726310707924,0.6792685985565186,65.70400175563952,-1.0,0.0119018555,-1.0,-0.112680316,-20.757603645324707,1.0,160000
77724,16284,19.8779296875,90.31589364350232,0.6792309284210205,65.70268775050735,-1.0,-1.0,-1.0,1.0,-20.0,1.2616435289382937,160000
84198,22758,27.780761718750004,90.3085297516905,0.6790284514427185,65.69562200054162,-1.0,0.21089804,-1.0,-0.026444614,-32.639100551605225,1.0,160000
106176,44736,54.60937500000001,90.29736037823731,0.6787216067314148,65.68490461707617,-1.0,-1.0,0.78560376,-0.19855464,-20.0,1.0,160000
102806,41366,50.49560546875001,90.2749581477252,0.6781071424484253,65.66340812256715,-1.0,0.28908795,-1.0,0.25611085,-56.552913188934326,1.0,160000
83370,21930,26.77001953125,90.26702601597518,0.677889883518219,65.65579643242222,-1.0,-1.0,-0.23553586,0.07501286,-27.56431221961975,1.0,160000
105959,44519,54.34448242187499,90.25347445607665,0.6775190830230713,65.6427920144019,-0.89950407,-1.0,0.02058822,-0.8319638,-60.0,1.0,160000
118293,56853,69.400634765625,90.24394257456072,0.6772585511207581,65.63364474494124,-1.0,-0.113345206,-1.0,1.0,-36.54653072357178,1.0,105639
115360,53920,65.8203125,90.23419693640372,0.6769924163818359,65.62429214285855,-1.0,-1.0,1.0,-0.28495842,-56.16347074508667,1.0,160000
134730,73290,89.46533203125,90.22536473446378,0.676751434803009,65.61581596333868,-0.8973272,-1.0,-0.56637365,1.0,-30.55571496486664,1.0,102144
132213,70773,86.392822265625,90.21808903663286,0.6765530705451965,65.60883342090354,-1.0,-1.0,-0.00024592876,-0.75032127,-20.0,1.0,160000
83703,22263,27.176513671875004,90.21325041657448,0.6764212250709534,65.60418969807994,-0.8051529,-1.0,-0.7645261,0.57689,-48.91540169715881,1.0,160000
81003,19563,23.880615234375,90.19759967291672,0.6759951710700989,65.58916901778953,-1.0,-1.0,-0.7837261,-0.54537755,-53.83246064186096,1.0,160000
120043,58603,71.536865234375,90.18350372490605,0.6756119728088379,65.57564009588951,-1.0,-0.20037901,-1.0,-0.78788507,-60.0,1.0,160000
90408,28968,35.361328125,90.18069943776815,0.6755357980728149,65.57294856434747,-1.0,-1.0,0.22833085,-0.5073929,-20.0,1.0,160000
98445,37005,45.172119140625,90.18014419892592,0.6755207180976868,65.57241564873884,-1.0,-1.0,-0.99027526,0.5035155,-46.17125868797302,1.0,129871
95362,33922,41.40869140625,90.1738875558605,0.6753508448600769,65.56641050736005,-1.0,0.43403685,-0.28105676,0.472336,-20.0,1.0,160000
70126,8686,10.60302734375,90.1629681591181,0.6750546097755432,65.55592984564767,-1.0,0.13803893,0.49350595,-0.40051687,-20.0,2.5365782380104065,160000
84927,23487,28.670654296875,90.15911187455036,0.6749500632286072,65.55222844431712,-1.0,-0.6177769,-1.0,0.6829681,-20.0,1.0,160000
84187,22747,27.767333984375,90.15728438554292,0.6749005317687988,65.55047434337193,-1.0,-0.7182437,-0.93482393,0.046774566,-40.45812726020813,1.0,160000
135917,74477,90.914306640625,90.15297283789474,0.6747837066650391,65.54633591044283,-1.0,-1.0,0.19772124,-0.84634054,-54.763455390930176,1.0,160000
132616,71176,86.884765625,90.1524733791294,0.674770176410675,65.54585650312488,-1.0,-0.9116663,-1.0,0.07037318,-49.27018523216248,1.0,160000
89913,28473,34.757080078125,90.15135336346871,0.6747398376464844,65.54478145010077,0.103372216,-1.0,-1.0,1.0,-26.239702701568604,1.0,160000
68601,7161,8.741455078125,90.13770582461242,0.6743704080581665,65.53168157530408,-0.9355292,-0.22878629,-1.0,-0.44689405,-20.0,1.0,160000
120195,58755,71.722412109375,90.13620085566694,0.6743296980857849,65.53023697555727,-1.0,-1.0,-0.9851331,0.5511951,-28.72905135154724,1.0,124501
125923,64483,78.714599609375,90.1292484022778,0.6741417050361633,65.52356334610184,-0.8591887,-0.8951587,-1.0,-0.07812452,-24.171245098114014,1.0,160000
131213,69773,85.172119140625,90.122772481244,0.6739667057991028,65.51734704697436,-0.38691455,-0.47831583,1.0,1.0,-35.66492795944214,1.0,160000
111205,49765,60.748291015625,90.11513580835933,0.6737604737281799,65.51001641833273,-1.0,-0.450064,-1.0,-0.23958576,-20.0,1.0,160000
127195,65755,80.267333984375,90.10760864925872,0.6735573410987854,65.5027907955562,-1.0,-1.0,-0.72096694,1.0,-20.0,1.0,132598
133304,71864,87.724609375,90.10576582065016,0.6735076308250427,65.50102177225729,-1.0,-1.0,-0.043304265,0.8326419,-20.0,1.0,149939
61868,428,0.5224609375,90.09748691385808,0.6732844114303589,65.49307434855898,-1.0,-1.0,-0.6533716,-0.93542236,-38.63376498222351,1.0,160000
115954,54514,66.54541015625,90.0819378203788,0.672865629196167,65.4781474476057,-0.6066426,-1.0,1.0,-0.8153242,-60.0,1.0,160000
77858,16418,20.04150390625,90.05860577527206,0.6722383499145508,65.45574808775733,-1.0,-0.9607395,-1.0,-0.98180455,-38.12031269073486,1.0,160000
128013,66573,81.265869140625,90.04009135408054,0.6717415452003479,65.4379729703871,-0.069685936,-0.60092735,-0.83712876,0.08695942,-20.0,1.0,155979
141619,80179,97.874755859375,90.01907113241238,0.6711785197257996,65.41779125805601,-1.0,-1.0,-0.61129385,-0.51897836,-20.0,1.0,155183
118009,56569,69.053955078125,89.98753430299432,0.6703358292579651,65.38751075597885,0.05604756,-0.5831094,-0.571892,0.10714197,-29.928205013275143,1.0,160000
122939,61499,75.072021484375,89.97042760894819,0.6698797345161438,65.37108469088686,-0.42211008,-0.42713258,0.37556374,-0.11271256,-20.717419385910038,1.0,141225
117834,56394,68.84033203125,89.96234119726321,0.6696643829345703,65.36331980886307,-1.0,-1.0,0.07059574,-0.9093268,-40.95742821693421,1.0,160000
76227,14787,18.050537109375,89.93650916147367,0.6689774990081787,65.33851401316792,-1.0,-1.0,-0.12719488,-0.73407996,-21.6749107837677,1.0,160000
130898,69458,84.78759765625,89.93442858388238,0.6689222455024719,65.33651603295493,-1.0,-0.031443596,-1.0,0.08241224,-20.0,1.0,160000
115120,53680,65.52734375,89.92248518882265,0.6686052680015564,65.32504661320138,-1.0,-1.0,0.09842038,0.6134923,-20.0,1.0,160000
68912,7472,9.12109375,89.91213041133807,0.668330729007721,65.31510253450553,-1.0,-0.52620804,-1.0,-0.85894173,-54.90795969963074,1.0,160000
108889,47449,57.92114257812499,89.90872691409851,0.6682405471801758,65.31183398229906,-0.37347722,-0.023443699,0.7299775,-0.4244851,-20.0,1.0,160000
64005,2565,3.131103515625,89.90224770980171,0.6680689454078674,65.30561160738789,-1.0,-0.86160445,-1.0,-0.23131126,-35.016941130161285,1.0,160000
88120,26680,32.568359375,89.88324966080242,0.6675663590431213,65.28736613865664,-1.0,-1.0,-1.0,-0.17397428,-20.0,1.0,160000
130797,69357,84.664306640625,89.87127584175407,0.6672500371932983,65.27586627521171,-0.6368692,-1.0,-1.0,-0.6842027,-20.0,1.0,160000
137740,76300,93.1396484375,89.84021528087678,0.6664310693740845,65.24603384588235,-1.0,-1.0,-0.4866367,0.06009078,-25.351930856704712,1.0,160000
123731,62291,76.038818359375,89.834266839854,0.6662744879722595,65.24032038760042,-1.0,-0.8722485,-1.0,-0.8663662,-20.0,1.0,160000
134439,72999,89.110107421875,89.8178043872427,0.6658415794372559,65.22450789119067,-1.0,-0.60581887,-0.8607538,-0.97427297,-60.0,1.0,132213
109988,48548,59.2626953125,89.81520235870808,0.6657732129096985,65.22200854479492,-0.77973735,-1.0,-0.8554359,-0.56849027,-60.0,1.0,160000
111728,50288,61.38671875,89.77504736121918,0.6647201776504517,65.18343647208417,-1.0,-1.0,-0.039895415,1.0,-60.0,1.0,158515
120450,59010,72.03369140625,89.746894084376,0.6639841198921204,65.15639112848675,-1.0,-1.0,-0.9843073,0.34190142,-27.05641269683838,1.0,160000
97618,36178,44.16259765625,89.73747648589799,0.6637383103370667,65.14734380251736,0.02938664,-1.0,-0.44787437,0.1722498,-39.82359826564789,1.0,160000
87003,25563,31.204833984375004,89.73182992216272,0.6635910272598267,65.14191916272131,-0.15945655,-1.0,-1.0,-0.024136841,-20.0,1.0,155303
88181,26741,32.642822265625,89.7154226513638,0.6631634831428528,65.12615638813894,-0.37827218,-1.0,-0.61351454,-0.31744266,-32.08677351474762,1.0,106675
143351,81911,99.989013671875,89.71519832455013,0.6631576418876648,65.12594086953177,-1.0,0.31938577,-1.0,0.9123191,-20.0,1.0,160000
63210,1770,2.16064453125,89.70717915301964,0.6629489064216614,65.11823650749783,-1.0,-1.0,-1.0,0.09628677,-20.0,1.0,160000
130081,68641,83.790283203125,89.70667060729026,0.6629356741905212,65.11774792162214,-0.767174,-0.069547236,-0.94815135,0.715182,-26.986353397369385,1.0,160000
134862,73422,89.62646484375,89.705472456522,0.6629045009613037,65.11659679496698,-1.0,-1.0,-0.43858457,0.7683945,-22.37161636352539,1.0,160000
99590,38150,46.56982421875,89.69502048934604,0.6626327037811279,65.1065549214234,-1.0,-0.7772155,-1.0,0.061663747,-23.302769660949707,1.0,160000
118495,57055,69.647216796875,89.67515123994326,0.6621167063713074,65.08746468340372,-1.0,-1.0,-0.7439734,-0.05158037,-26.12146615982056,1.0,160000
122095,60655,74.041748046875,89.64426051552829,0.6613162755966187,65.05778358710289,-1.0,-1.0,-1.0,-0.2796042,-60.0,1.0,160000
73830,12390,15.12451171875,89.64136243785832,0.6612412929534912,65.05499889979849,-1.0,-1.0,-0.03315389,-0.48534775,-20.0,1.0,160000
140217,78777,96.163330078125,89.62937988969372,0.6609314680099487,65.043485011945,-0.8148957,-1.0,-0.89786524,0.8106264,-20.0,1.1798427104949951,160000
87609,26169,31.944580078125,89.62853339679614,0.6609095931053162,65.04267161667957,-1.0,-1.0,-0.13319385,-0.79935896,-20.0,1.0,160000
111899,50459,61.59545898437499,89.6136737995658,0.6605258584022522,65.02839280409948,-1.0,-1.0,-0.94911504,0.45128942,-60.0,1.0,157928
102334,40894,49.91943359375,89.60128757961017,0.6602063775062561,65.01649037774419,-1.0,-0.73154527,-1.0,-0.6912072,-20.0,1.0,147546
87002,25562,31.20361328125,89.5908251058374,0.659936785697937,65.00643633211644,-0.46458614,-1.0,-1.0,-0.02598077,-20.0,1.0,158741
70606,9166,11.18896484375,89.58248158703583,0.6597219705581665,64.9984183749653,-1.0,-1.0,1.0,0.16443807,-60.0,1.0,160000
136818,75378,92.01416015625,89.56851970148948,0.6593628525733948,64.98500098509777,-0.48516917,0.059057713,-1.0,-0.10131633,-53.77267241477966,1.0,160000
92893,31453,38.394775390625,89.5564489731814,0.6590527296066284,64.97340070476712,-0.30638695,-0.17240971,-0.6157773,0.765659,-51.08142971992493,1.0,160000
92050,30610,37.36572265625,89.55195429946103,0.6589373350143433,64.96908113796978,-1.0,0.052960396,-0.7584115,-0.041499257,-20.0,1.0,85692
82211,20771,25.355224609375,89.51943406005334,0.6581037640571594,64.93782672248787,-0.10869986,-1.0,-0.5040113,1.0,-20.0,1.0,123279
142040,80600,98.388671875,89.51577982774134,0.6580102443695068,64.93431460504901,-0.8714046,-1.0,1.0,-0.3075099,-27.13804602622986,1.0,142603
142200,80760,98.583984375,89.51026018542908,0.6578690409660339,64.92900957726161,-1.0,-1.0,-1.0,-0.93123794,-20.0,1.0,160000
79343,17903,21.854248046875,89.48481571537666,0.6572189927101135,64.90455370765451,0.07968533,-1.0,-1.0,0.25947732,-23.80880355834961,1.0,158187
96091,34651,42.298583984375,89.48035611988387,0.6571052074432373,64.90026725858478,-1.0,-0.79974544,-1.0,0.25751376,-51.76700949668884,1.0,160000
95396,33956,41.4501953125,89.47262426524075,0.6569080352783203,64.89283551075899,-1.0,-0.5744959,0.5889672,1.0,-43.2721334695816,1.0,160000
69582,8142,9.93896484375,89.46742316312749,0.6567754745483398,64.88783622396765,-1.0,0.4589064,-1.0,0.010668993,-36.69967532157898,1.0,160000
83940,22500,27.4658203125,89.46326574847862,0.656669557094574,64.88384009121683,-1.0,0.0402745,-1.0,0.6556743,-31.434918642044067,1.0,160000
100051,38611,47.132568359375,89.46308322791776,0.6566649079322815,64.88366465059244,-1.0,-0.88673955,-0.18439749,-0.99519455,-49.12312090396881,1.0,160000
132919,71479,87.254638671875,89.44551271969003,0.6562176942825317,64.86677541221412,-0.6478272,-1.0,-1.0,-0.7291213,-20.0,1.0,160000
98404,36964,45.1220703125,89.4322757285541,0.6558812260627747,64.85405129129157,-1.0,-1.0,-1.0,-0.5912659,-20.0,1.0,160000
79273,17833,21.768798828125,89.4319449039102,0.6558728218078613,64.85373328041396,-1.0,-1.0,-1.0,-0.6324381,-34.659870862960815,1.0,160000
90831,29391,35.877685546875,89.41424028759828,0.6554234027862549,64.836714121789,-1.0,-0.2519201,1.0,-0.09988254,-51.45860314369202,1.0,158792
67946,6506,7.94189453125,89.40484874257606,0.6551852822303772,64.8276859507637,-1.0,-1.0,-0.83100384,-0.4735344,-20.0,1.0,160000
65975,4535,5.535888671875,89.40276723886628,0.655132532119751,64.82568496204043,-1.0,-1.0,-0.5885798,0.72144496,-22.356228828430176,1.0,160000
138255,76815,93.768310546875,89.40009013789435,0.6550647020339966,64.82311140286197,-1.0,-1.0,-1.0,0.2920218,-57.91427731513977,1.0,160000
86097,24657,30.098876953125,89.39931606365754,0.6550450921058655,64.82236726493765,-1.0,-1.0,-0.7712487,0.46468833,-32.98261284828186,1.0,113677
136857,75417,92.061767578125,89.38360939329088,0.6546474695205688,64.80726779447204,-0.7432676,-1.0,-1.0,0.50771314,-20.0,1.0,156803
62867,1427,1.7419433593749998,89.38183279384253,0.6546025276184082,64.80555984791994,-1.0,-0.64146376,-1.0,0.1127128,-57.19410300254822,1.0,160000
128615,67175,82.000732421875,89.38165370517778,0.6545979976654053,64.80538767943726,-1.0,0.13482165,0.40712047,1.0,-20.44485330581665,1.0,160000
98030,36590,44.66552734375,89.36638102557598,0.6542119383811951,64.79070493926696,-1.0,-1.0,-1.0,-0.55733603,-35.02766489982605,1.0,160000
73883,12443,15.189208984375,89.360693186711,0.6540682911872864,64.78523669738286,-1.0,-1.0,-1.0,0.23527825,-52.50451683998108,1.0,160000
86135,24695,30.145263671875,89.34225127920024,0.6536030173301697,64.76750639663904,-1.0,-1.0,-0.2691862,-0.036001563,-60.0,1.0,122114
75594,14154,17.27783203125,89.32902453766741,0.6532697677612305,64.75478965053874,-0.3309523,-1.0,0.8330721,0.120382965,-20.0,1.0,160000
130246,68806,83.99169921875,89.32623108356627,0.6531994342803955,64.75210386599565,-1.0,-0.8524243,-0.84000385,1.0,-20.0,1.0,82339
119657,58217,71.065673828125,89.32098801424358,0.6530674695968628,64.74706284524878,-1.0,-0.7043237,-0.16314185,-0.23311877,-60.0,1.0,116852
122380,60940,74.3896484375,89.31287251600256,0.6528633236885071,64.73925999130829,-1.0,-1.0,-1.0,-0.96991587,-22.987849712371823,1.0,160000
120049,58609,71.544189453125,89.30243143106671,0.652600884437561,64.72922096910605,-0.97126746,-1.0,-1.0,-0.95143855,-20.0,1.0,160000
93758,32318,39.45068359375,89.28906007276215,0.6522651314735413,64.7163642275772,-0.14174926,-1.0,0.8977165,-0.6802658,-38.99904131889343,1.0,160000
91103,29663,36.209716796875,89.28352241374364,0.6521261930465698,64.71103960037617,-1.0,-0.42851394,-1.0,-0.74989593,-35.39414823055267,1.0,87738
74913,13473,16.446533203125,89.2802475344925,0.6520440578460693,64.70789067891378,-1.0,-0.18914962,-0.37323737,-0.75084794,-20.0,1.0,125520
114137,52697,64.327392578125,89.27398280800249,0.6518869996070862,64.70186685203055,-0.5671105,-1.0,-0.66209686,0.69100606,-36.20705246925354,1.0,160000
110672,49232,60.09765625,89.26042203539305,0.6515473127365112,64.68882729767435,-0.8098968,-1.0,-0.30949613,1.0,-31.71400666236877,1.0,160000
124354,62914,76.79931640625,89.24069919240684,0.6510539650917053,64.66986193539391,-1.0,-1.0,-0.4967999,0.52685565,-20.0,1.0,156836
79532,18092,22.0849609375,89.22822949515252,0.6507424712181091,64.65787079818227,-1.0,-1.0,-1.0,-0.19407004,-60.0,1.0,160000
114541,53101,64.820556640625,89.20304738663272,0.6501144170761108,64.63365429040685,0.30738163,-1.0,-0.37831146,1.0,-20.0,1.0,142286
112805,51365,62.701416015625,89.20049919937948,0.650050938129425,64.63120375065111,-1.0,-0.6359097,-1.0,-0.01331234,-20.0,1.0,160000
62535,1095,1.336669921875,89.18589582527511,0.6496874094009399,64.61715976411594,-0.8915873,-1.0,-0.2990421,0.608016,-20.0,1.0,141009
92897,31457,38.399658203125,89.17430142946753,0.6493991017341614,64.60600923046626,-1.0,-0.43296355,-0.44575718,0.75135076,-55.511980056762695,1.0,160000
135785,74345,90.753173828125,89.16349750100397,0.6491307020187378,64.59561869215834,-1.0,-1.0,-1.0,0.10695267,-20.0,1.0,157884
83362,21922,26.76025390625,89.16318545019297,0.649122953414917,64.59531857831169,-1.0,-0.2747792,-1.0,0.21953863,-31.027881503105164,1.0,160000
109986,48546,59.26025390625001,89.15545839285056,0.6489311456680298,64.58788705217731,0.118438125,-0.04309833,-1.0,0.5020053,-60.0,1.0,125743
78915,17475,21.331787109375,89.15088175389204,0.6488175988197327,64.58348540371504,0.07227445,-1.0,0.41511834,-0.5378861,-32.394046783447266,1.0,160000
92496,31056,37.91015625,89.12434361111553,0.6481600403785706,64.55796124680323,-1.0,-0.9036663,-1.0,1.0,-35.328576266765594,1.0,160000
92494,31054,37.90771484375,89.12434361111553,0.6481600403785706,64.55796124680323,-0.75251305,-0.25466752,-1.0,1.0,-50.63141465187073,1.0,160000
79340,17900,21.8505859375,89.11986828927854,0.6480492949485779,64.55365680080716,-1.0,-1.0,-1.0,-0.7230856,-60.0,1.0,160000
130700,69260,84.5458984375,89.11426094133616,0.6479105949401855,64.54826350271276,-1.0,-1.0,-1.0,0.81991136,-37.65125036239624,1.0,160000
87412,25972,31.7041015625,89.10359083085164,0.6476468443870544,64.5380005537301,-1.0,-1.0,-1.0,0.3830861,-54.83496189117432,1.0,160000
134346,72906,88.99658203125,89.06482635115827,0.6466906070709229,64.50071364464638,-0.47373295,-1.0,-1.0,-0.25066602,-20.0,1.0,160000
120633,59193,72.257080078125,89.05173333485955,0.6463683247566223,64.48811910883072,-0.7463151,-0.26395482,-1.0,0.48944312,-32.51675605773926,1.0,139137
95221,33781,41.236572265625,89.04968346532084,0.6463178992271423,64.48614725594986,-1.0,-1.0,0.02374196,-0.538292,-30.87630033493042,1.0,160000
105336,43896,53.58398437500001,89.04374754245198,0.6461719274520874,64.48043720994663,-0.3930341,-0.19731843,-0.2946929,-0.23363245,-37.57284700870514,1.0,154646
84025,22585,27.569580078125,89.02781836990438,0.6457805633544922,64.46511388647126,-1.0,-1.0,-0.3928455,-0.6465402,-20.0,1.0,153708
91586,30146,36.79931640625,88.9999708525221,0.6450976133346558,64.43832448610549,-0.98426014,-0.37486112,-1.0,-0.7946446,-24.550440311431885,1.0,160000
79294,17854,21.79443359375,88.99972023098803,0.6450914740562439,64.43808338143752,-0.755567,-0.51434684,-0.36272582,0.38624635,-20.0,1.0,160000
119465,58025,70.831298828125,88.99615500488856,0.645004153251648,64.43465352639544,0.03153038,-1.0,-1.0,1.0,-58.95964860916138,1.0,160000
88183,26743,32.645263671875,88.99173413034352,0.6448959112167358,64.43040048196062,-1.0,-0.49547338,-0.09429026,-0.31212902,-42.83416211605072,1.0,159772
124405,62965,76.861572265625,88.98789133591978,0.6448018550872803,64.42670354516638,-1.0,-1.0,-1.0,-0.48333406,-20.0,1.0,160000
62519,1079,1.317138671875,88.94164616812856,0.6436722874641418,64.38221171936853,-1.0,0.14679158,-1.0,1.0,-47.85941302776337,1.0,160000
114642,53202,64.94384765625,88.91658481388545,0.6430619359016418,64.358099048383,-0.85454124,-1.0,-1.0,0.49066073,-60.0,1.0,160000
77638,16198,19.77294921875,88.91622222188933,0.6430531144142151,64.35775017442464,-1.0,-0.52874,-0.22401887,-0.6325718,-60.0,1.0,160000
73046,11606,14.167480468749998,88.90562390871366,0.6427953839302063,64.34755273349387,-0.7670534,0.094025195,-1.0,-0.107700706,-20.0,1.0,160000
98134,36694,44.79248046875,88.90043170045759,0.6426692008972168,64.34255684808431,-1.0,-0.9836962,-0.48076975,-0.5173269,-57.48873949050903,1.0,160000
127763,66323,80.960693359375,88.89620420107887,0.6425665020942688,64.33848916188659,-1.0,-1.0,-0.97261846,0.2625296,-26.94563388824463,1.0,160000
100312,38872,47.451171875,88.8813018656596,0.642204761505127,64.32414994709178,-1.0,-1.0,-0.77951217,1.0,-20.0,1.0,160000
69172,7732,9.4384765625,88.8677367728606,0.6418758630752563,64.3110971249871,-1.0,-0.7633971,-1.0,-0.4606784,-20.0,1.0,160000
95550,34110,41.63818359375,88.8556512777956,0.6415831446647644,64.29946776979622,0.3946885,-1.0,-0.54611266,0.80934036,-20.0,1.0,160000
137003,75563,92.239990234375,88.85110045107882,0.6414729952812195,64.29508864154253,-1.0,-1.0,-1.0,-0.37261653,-43.56497287750244,1.0,160000
109968,48528,59.23828125,88.84623501674788,0.6413552761077881,64.29040673789329,-1.0,-0.96095407,-0.3315062,1.0,-20.0,1.0,159938
73686,12246,14.948730468749998,88.81084064785858,0.6405003070831299,64.25634632449994,-1.0,-1.0,-0.6069808,0.33744928,-43.77466261386871,1.0,160000
88850,27410,33.45947265625,88.78554550516185,0.6398907899856567,64.2320032614357,-1.0,-0.16582394,-1.0,0.49545798,-28.29474687576294,1.0,160000
114914,53474,65.27587890625,88.78390866745636,0.6398513913154602,64.23042799655435,-1.0,-1.0,-0.1871872,0.67325354,-37.41899490356445,1.0,160000
62036,596,0.7275390625,88.77340894339073,0.6395987868309021,64.22032313661359,-1.0,-1.0,-0.22586274,-0.17899543,-37.897488474845886,1.0,160000
62270,830,1.01318359375,88.76716633581808,0.6394487023353577,64.21431521070407,-1.0,-0.67123723,-1.0,0.1942882,-34.204391837120056,1.0,127353
139508,78068,95.2978515625,88.76388758432846,0.6393699049949646,64.21115969379974,-1.0,-1.0,-0.8759851,0.18348694,-22.647762298583984,1.0,149084
108859,47419,57.88452148437499,88.72629126389711,0.6384678483009338,64.1749752221577,-1.0,-0.9301981,-0.5323853,-0.1427412,-46.22811198234558,1.0,143875
134545,73105,89.239501953125,88.71851885109622,0.6382817029953003,64.1674944018723,-1.0,-0.6395246,-1.0,0.02173376,-29.24853801727295,1.0,160000
142858,81418,99.38720703125,88.7044425054871,0.6379448771476746,64.15394590274461,-1.0,-1.0,-0.39860183,-0.6732296,-29.66436743736267,1.0,152044
74809,13369,16.319580078125,88.69945929422154,0.6378257274627686,64.1491494800516,-0.108086586,-1.0,0.42047215,-0.7618034,-49.0630304813385,1.0,160000
126706,65266,79.67041015625,88.65438311042573,0.6367501020431519,64.10576111372161,-1.0,-1.0,-1.0,0.7026309,-20.0,1.0,107974
137101,75661,92.359619140625,88.65377252149106,0.6367355585098267,64.10517336530059,0.082728386,-0.69932455,-0.19785652,0.5365832,-60.0,1.0,160000
69396,7956,9.7119140625,88.63987859492718,0.636404812335968,64.09179901409281,-0.3740403,-1.0,-1.0,-0.92436594,-34.24003303050995,1.0,160000
99680,38240,46.6796875,88.6287603908064,0.6361404061317444,64.08109636488321,-1.0,-1.0,-0.9741956,-0.25359762,-60.0,1.0,160000
70061,8621,10.523681640625,88.62543254033345,0.6360613107681274,64.0778928584707,-1.0,-1.0,0.73385996,-0.28818333,-20.0,1.0,160000
91204,29764,36.3330078125,88.62444178913027,0.6360377669334412,64.07693912299227,-1.0,-0.31031764,-1.0,-0.04722631,-20.0,1.0,160000
119564,58124,70.9521484375,88.62232708924394,0.6359875202178955,64.07490342580502,-1.0,-0.5136535,-1.0,-0.8530289,-29.50417995452881,1.0,160000
99604,38164,46.5869140625,88.60032115017589,0.635465145111084,64.05371918486169,0.14228332,-0.51291823,-1.0,1.0,-40.78358054161072,1.0,160000
97157,35717,43.599853515625,88.58815920937738,0.6351768374443054,64.04201104249772,-1.0,-1.0,-0.7307631,0.13651448,-20.0,1.0,128111
98891,37451,45.716552734375,88.58013450596738,0.6349867582321167,64.03428563787719,-1.0,-1.0,-1.0,-0.7169868,-31.736493706703182,1.0,101689
118975,57535,70.233154296875,88.57654199270543,0.6349017024040222,64.03082708256623,-0.6062157,-0.8640407,-0.22487837,0.9372327,-37.801106572151184,1.0,146622
106140,44700,54.5654296875,88.55992812431656,0.6345086693763733,64.01483245134183,-1.0,-1.0,1.0,-0.76292515,-60.0,1.0,160000
91802,30362,37.06298828125,88.5510957973141,0.6342999339103699,64.00632915027288,-1.0,-1.0,-0.94456464,-0.16295576,-20.0,1.0,160000
129024,67584,82.5,88.51520127501828,0.6334531307220459,63.97177054005103,-1.0,-1.0,-1.0,0.6802845,-57.21906065940857,1.0,160000
104244,42804,52.25097656249999,88.49818496639956,0.6330525279045105,63.955386842629146,-1.0,0.21235394,-1.0,0.63616,-60.0,1.0,160000
137699,76259,93.089599609375,88.46657570643416,0.6323097944259644,63.924951528733686,-1.0,-1.0,-0.8846279,0.31812483,-51.056647300720215,1.0,160000
108597,47157,57.564697265625,88.46527780019301,0.6322793364524841,63.92370179303693,0.24967515,-0.83518684,-1.0,-0.7541033,-20.0,1.0,160000
86246,24806,30.28076171875,88.42406233417957,0.6313137412071228,63.88401465991618,-1.0,-1.0,-1.0,0.4401858,-40.91439664363861,1.0,160000
138134,76694,93.62060546875,88.31181643709023,0.6286997199058533,63.77591796460606,-0.23358238,-1.0,-1.0,0.33700585,-55.05492448806763,1.0,160000
86138,24698,30.148925781250004,88.31173931897831,0.62869793176651,63.775843690684816,-1.0,-0.31861758,-0.8942463,0.17261964,-20.0,1.0,160000
118296,56856,69.404296875,88.30712424833328,0.6285909414291382,63.77139881217262,-1.0,-1.0,-0.81323934,1.0,-25.59510946273804,1.0,142729
135309,73869,90.172119140625,88.27623423806999,0.627875804901123,63.74164713144521,-1.0,-0.2437377,-0.56823176,0.4781757,-60.0,1.0,160000
112495,51055,62.322998046875,88.25732101650156,0.6274387836456299,63.72343018358609,-1.0,-0.42450297,-1.0,-0.8563738,-60.0,1.0,160000
135143,73703,89.969482421875,88.21397910416036,0.6264396905899048,63.68168187586623,-1.0,-0.19268382,-1.0,0.58297455,-33.92314434051514,1.0,160000
70161,8721,10.645751953125,88.21306220159518,0.6264185905456543,63.6807986563513,-1.0,-1.0,-0.38146758,0.8368714,-24.012458324432373,1.5144229531288147,160000
106058,44618,54.46533203125,88.20945872031652,0.6263356804847717,63.67732753951599,-1.0,-0.6253961,-1.0,-0.26541245,-60.0,1.0,160000
95092,33652,41.0791015625,88.1977165454386,0.6260656714439392,63.66601655076568,-1.0,-0.8905951,-1.0,0.017313063,-29.91819858551025,1.0,160000
109985,48545,59.259033203125,88.1944564148322,0.6259907484054565,63.66287610013101,-1.0,-1.0,-1.0,0.1982696,-20.0,1.0,160000
88102,26662,32.54638671875,88.18960231951134,0.6258792281150818,63.65820017074204,-1.0,-1.0,-1.0,0.12934965,-60.0,1.0,140448
100127,38687,47.225341796875,88.18529153478357,0.6257802248001099,63.6540475813042,-1.0,-1.0,0.094623744,0.13290602,-20.0,1.0,156752
129474,68034,83.04931640625,88.17356399849464,0.6255110502243042,63.64275027990126,-1.0,-0.4773469,-0.5540564,-0.8910285,-20.0,1.0,160000
90503,29063,35.477294921875,88.17281833710385,0.6254939436912537,63.64203196697527,-0.69263875,0.021385312,0.42879486,-0.4863906,-20.0,1.128476619720459,160000
103340,41900,51.1474609375,88.17059928865613,0.6254430413246155,63.63989430131054,-1.0,-1.0,-1.0,0.31376415,-20.0,1.0,160000
113552,52112,63.61328125,88.16004977208603,0.6252011656761169,63.62973158643794,-0.90519357,-0.34098822,-1.0,0.5803841,-55.51800489425659,1.0,128123
82217,20777,25.362548828125,88.15434513018442,0.6250704526901245,63.62423603987905,-1.0,-1.0,0.033189,0.50899106,-36.37710571289063,1.0,160000
113955,52515,64.105224609375,88.15233373692504,0.6250243782997131,63.62229836005199,-0.9406625,-1.0,-0.7663164,-0.70687735,-20.0,1.0,122060
135251,73811,90.101318359375,88.14588635387213,0.6248767375946045,63.61608722081657,-1.0,-0.88470674,0.19715542,0.29862005,-43.95150423049927,1.0,160000
128870,67430,82.31201171875,88.13437366550104,0.6246132850646973,63.60499622854328,-0.13605547,-0.30309665,-0.24057955,0.04272592,-20.0,1.0,160000
83164,21724,26.5185546875,88.12663991626411,0.6244364380836487,63.597545649749705,-1.0,-0.33231717,-1.0,-0.2388311,-22.86556363105774,1.0,93759
67384,5944,7.255859375,88.12463992241366,0.624390721321106,63.59561887141535,-1.0,-1.0,-0.48257583,-0.6393989,-23.772034645080566,1.0,160000
90000,28560,34.86328125,88.10762116291555,0.6240019798278809,63.57922289912964,-1.0,-0.8231953,-1.0,-0.5323498,-32.82860040664673,1.0,160000
69468,8028,9.7998046875,88.10502022477908,0.6239426136016846,63.57671710340008,-0.5150629,-0.58165914,-1.0,1.0,-22.615809440612797,1.0,160000
95264,33824,41.2890625,88.10502022477908,0.6239426136016846,63.57671710340008,-0.5483585,-0.03254682,-1.0,1.0,-60.0,1.0,160000
138102,76662,93.58154296875,88.09205488563649,0.6236468553543091,63.56422589178067,-1.0,-0.37176,0.12803006,-0.7410388,-32.76220977306366,1.0,160000
77534,16094,19.64599609375,88.0915764763422,0.6236359477043152,63.563764972745936,-0.34812903,-1.0,-1.0,0.31381232,-20.0,1.0,160000
86209,24769,30.235595703125,88.0876230536584,0.6235458254814148,63.559956071454046,-1.0,-1.0,0.21275175,1.0,-20.0,1.0,129795
84518,23078,28.171386718750004,88.08169593076767,0.6234107613563538,63.55424557859968,-0.586636,-0.180632,-1.0,-0.39657813,-44.179887771606445,1.0,160000
98733,37293,45.523681640625,88.06912927253131,0.6231245994567871,63.54213805199026,-1.0,-0.08635783,-1.0,0.3037678,-20.0,1.0,160000
92441,31001,37.843017578125,88.05164015283107,0.6227267980575562,63.52528753399309,-1.0,-1.0,-1.0,1.0,-30.53432047367096,1.0,160000
92450,31010,37.85400390625,88.05163753061288,0.6227267384529114,63.52528500749048,-1.0,-0.39003742,-1.0,1.0,-20.0,1.0,160000
118250,56810,69.34814453125,88.05163753061288,0.6227267384529114,63.52528500749048,-1.0,-0.92040443,-1.0,1.0,-20.0,1.0,160000
104735,43295,52.850341796875,88.01474668979289,0.6218893527984619,63.48973977964357,-1.0,-0.11671138,-0.90520626,0.061495185,-24.68187928199768,1.0,160000
139494,78054,95.28076171875,87.99296691943152,0.6213960647583008,63.46875353272949,-1.0,-0.07871711,-1.0,0.19723964,-43.35153043270111,1.0,160000
62920,1480,1.806640625,87.98036596199826,0.6211110353469849,63.45661137253906,-1.0,-1.0,-1.0,0.20890361,-45.51092743873596,1.0,160000
92900,31460,38.4033203125,87.97403199710178,0.6209678649902344,63.45050794107666,-1.0,-1.0,-0.6751861,0.81656694,-60.0,1.0,160000
68879,7439,9.080810546875,87.92574561601991,0.6198786497116089,63.403977160778176,-0.88542086,-1.0,-0.6691057,-0.09326941,-20.0,1.0,133980
93560,32120,39.208984375,87.91592380286548,0.619657576084137,63.39451205140514,-1.0,-1.0,-1.0,-0.56049013,-20.0,1.0,160000
125389,63949,78.062744140625,87.8856823436662,0.6189779043197632,63.36536804475304,-1.0,-1.0,-0.058757067,-0.1358689,-23.149139881134037,1.0,160000
79297,17857,21.798095703125,87.85762637200256,0.6183487176895142,63.338329082943176,-1.0,-0.7452806,-1.0,0.23750186,-27.84511923789978,1.0,160000
98970,37530,45.81298828125,87.84368829137213,0.6180366277694702,63.32489584479945,0.02420175,-0.58606493,-1.0,0.19036663,-44.75405156612396,1.0,160000
87183,25743,31.424560546875004,87.83606363512163,0.617866039276123,63.31754724344989,-1.0,-1.0,0.73469734,-0.70170236,-20.0,1.0,160000
81782,20342,24.83154296875,87.83563192191676,0.6178563833236694,63.31713115827321,-1.0,-0.46880776,-1.0,-0.6177891,-60.0,1.0,160000
135765,74325,90.728759765625,87.81552331599335,0.617406964302063,63.29775020130267,-1.0,-0.7351052,-0.1297147,1.0,-21.414003372192383,1.0,160000
81135,19695,24.041748046875,87.77820057422879,0.6165745854377747,63.261776554246,0.0023134947,-1.0,0.026501179,-0.69985,-50.30961990356445,1.0,155050
103452,42012,51.2841796875,87.74986940493763,0.6159442663192749,63.23446819961041,-0.056624055,0.11400235,-0.86513066,0.41649312,-28.06824207305908,1.0,160000
128607,67167,81.990966796875,87.74476217317564,0.6158307790756226,63.22954523403277,-1.0,-1.0,0.9231031,1.0,-20.0,1.0,120435
89929,28489,34.776611328125,87.74061918591883,0.6157387495040894,63.2255516976505,-1.0,-1.0,-1.0,-0.4717369,-56.52922511100769,1.0,140860
64680,3240,3.955078125,87.73502522540221,0.6156145334243774,63.220159492522285,-1.0,0.04214096,0.34975237,1.0,-20.0,1.0,142628
85626,24186,29.52392578125,87.71555730437015,0.615182638168335,63.20139338537645,-0.72251976,-1.0,-0.6565734,-0.86346465,-32.90744364261627,1.687893033027649,160000
132854,71414,87.17529296875,87.71521315505255,0.6151750087738037,63.20106163797228,-1.0,-1.0,-0.39348644,1.0,-20.0,1.0,160000
142438,80998,98.87451171875,87.68052790937675,0.6144070625305176,63.16762550995981,-1.0,-1.0,-0.9611454,0.111469984,-35.39863705635071,1.0,139392
101267,39827,48.616943359375,87.67738185539855,0.6143375039100647,63.16459267498955,-1.0,-1.0,-0.71987677,-0.028444111,-20.0,1.0,160000
86463,25023,30.545654296875004,87.65101232515045,0.6137551069259644,63.1391716025722,-1.0,0.6740106,-0.54385704,0.3252914,-20.0,1.0,131398
64282,2842,3.46923828125,87.64184357106524,0.6135528683662415,63.13033241297332,-1.0,-1.0,-1.0,0.4951248,-35.89539110660553,1.0,146749
84546,23106,28.20556640625,87.63568168898833,0.6134170293807983,63.12439195276832,-0.3337226,-0.9376911,-1.0,-0.056983292,-37.36239016056061,1.0,160000
116297,54857,66.964111328125,87.6276960600857,0.6132410764694214,63.11669320561614,-1.0,-1.0,-0.9949779,-0.83047456,-20.0,1.0,160000
70297,8857,10.811767578125,87.6259316705224,0.6132022142410278,63.11499218992204,-1.0,-1.0,-0.28668112,0.2555648,-60.0,1.0,160000
123950,62510,76.30615234375,87.61906138302537,0.6130509376525879,63.108368632211146,-1.0,-1.0,-1.0,-0.46943414,-38.77327024936676,1.0,148622
106368,44928,54.84375,87.6006912879327,0.6126468181610107,63.09065794846788,-1.0,-1.0,-1.0,1.0,-22.48077630996704,1.0,160000
106365,44925,54.840087890625,87.6006912879327,0.6126468181610107,63.09065794846788,-1.0,-0.9087379,-1.0,1.0,-51.4519727230072,1.0,154189
132164,70724,86.3330078125,87.6006912879327,0.6126468181610107,63.09065794846788,-0.9387601,-1.0,-1.0,1.0,-20.0,1.0,121463
132167,70727,86.336669921875,87.6006912879327,0.6126468181610107,63.09065794846788,-1.0,-1.0,-1.0,1.0,-38.56410205364227,1.0,160000
132169,70729,86.339111328125,87.6006912879327,0.6126468181610107,63.09065794846788,-1.0,-0.4621892,-1.0,1.0,-31.844502687454224,1.0,160000
130774,69334,84.63623046875,87.59302441657275,0.6124783158302307,63.08326615485614,-1.0,-1.0,0.5809405,-0.40350914,-44.13994073867798,1.0,160000
76118,14678,17.91748046875,87.579016690123,0.6121706962585449,63.06976080839382,-0.099773765,-1.0,-1.0,0.26277804,-20.513181686401367,1.0,160000
121083,59643,72.806396484375,87.56679683640037,0.6119025945663452,63.05797900310843,-1.0,-1.0,-1.0,-0.69021535,-38.76365065574646,1.0,160000
117650,56210,68.61572265625,87.54500630802875,0.6114251017570496,63.03696912056735,-0.73054355,-1.0,-1.0,-0.28665328,-24.05381679534912,1.0,154465
125413,63973,78.092041015625,87.53574494087506,0.6112223863601685,63.02803935414139,-1.0,-1.0,-1.0,-0.19673693,-20.0,1.0,160000
64285,2845,3.472900390625,87.52722424331452,0.6110360026359558,63.0198236391067,-1.0,-0.68241537,-1.0,0.286474,-60.0,1.0,76405
130557,69117,84.371337890625,87.52088277480607,0.6108973622322083,63.013709090343774,-0.1731373,-1.0,-1.0,1.0,-20.0,1.0,160000
130551,69111,84.364013671875,87.52088277480607,0.6108973622322083,63.013709090343774,-1.0,-1.0,-1.0,1.0,-20.0,1.0,121876
104755,43315,52.874755859375,87.52088277480607,0.6108973622322083,63.013709090343774,-0.8130563,-1.0,-1.0,1.0,-34.73894476890564,1.0,160000
104753,43313,52.872314453125,87.52088277480607,0.6108973622322083,63.013709090343774,-0.3818751,-0.8424012,-1.0,1.0,-56.32176637649536,1.0,160000
95263,33823,41.287841796875,87.50459596941965,0.610541582107544,62.99800484397237,-1.0,-1.0,-0.9124701,1.0,-20.0,1.0,160000
121068,59628,72.7880859375,87.4958184415064,0.6103500127792358,62.98954113479677,-1.0,-1.0,-0.86037743,1.0,-24.604852199554443,1.0,160000
115356,53916,65.8154296875,87.49044103791184,0.6102327108383179,62.98435593766035,-1.0,0.037469983,-1.0,0.64236355,-31.243199110031128,1.0,160000
84279,22839,27.879638671875,87.47970733915304,0.6099987030029297,62.97400578555544,-1.0,-0.8024816,-1.0,-0.15991026,-20.0,1.0,160000
71854,10414,12.712402343750002,87.47548103190493,0.6099066138267517,62.9699304558872,-1.0,-1.0,-0.8704738,-0.21758223,-20.0,1.0,160000
74266,12826,15.656738281249998,87.46869163576224,0.609758734703064,62.96338355105469,-0.5416885,-0.82413054,-0.7162353,0.31032202,-29.018913507461548,1.0,160000
89807,28367,34.627685546875,87.46401841170699,0.6096569895744324,62.95887720221135,-0.27141303,-1.0,0.27051944,-0.2639364,-40.506556034088135,1.0,160000
89277,27837,33.980712890625,87.45818494939058,0.6095300316810608,62.9532520063732,-1.0,-1.0,-1.0,-0.06405926,-34.30124759674072,1.0,114668
139069,77629,94.761962890625,87.42490129430288,0.6088066697120667,62.92115580964897,-1.0,-1.0,-0.86492133,-0.4456644,-42.21057713031769,1.0,160000
75595,14155,17.279052734375,87.41705152232282,0.6086363196372986,62.913585886626265,-0.72218585,-1.0,-0.6164207,1.0,-60.0,1.0,160000
137985,76545,93.438720703125,87.40881798926534,0.6084577441215515,62.90564579928026,-1.0,-1.0,-1.0,0.005151868,-56.803908348083496,1.0,151485
62814,1374,1.67724609375,87.39641458272973,0.6081889271736145,62.89368429088684,-1.0,-0.60221493,-0.7740485,1.0,-20.0,1.0,160000
131184,69744,85.13671875,87.37470284930467,0.6077189445495605,62.872745613805286,-1.0,-0.40715587,-1.0,-0.41600657,-45.67671418190002,1.0,113013
68512,7072,8.6328125,87.34168964039111,0.6070057153701782,62.84090671094428,-1.0,-0.19722164,-1.0,-0.98588175,-53.50520133972168,1.0,149644
106085,44645,54.498291015625,87.32703982987498,0.6066897511482239,62.8267775651868,-1.0,-0.60330045,-0.25917378,-0.061282516,-46.899073123931885,1.0,139676
66357,4917,6.002197265625,87.31994850864467,0.6065369248390198,62.81993817760218,-1.0,-0.5251697,-0.71431774,-0.6845123,-20.0,1.0,160000
85409,23969,29.259033203125,87.26901551736547,0.6054415106773376,62.77081283310292,-1.0,-1.0,-1.0,0.42694002,-56.12163543701172,1.0,160000
121728,60288,73.59375,87.26731347854843,0.6054049730300903,62.76917114487149,-0.59285504,-1.0,-0.28315127,0.6027917,-20.866756439208984,1.0,160000
98735,37295,45.526123046875,87.26012267730195,0.6052506566047668,62.762235273965445,-1.0,-1.0,-1.0,0.31506783,-31.65052056312561,1.0,160000
91752,30312,37.001953125,87.25029018201413,0.6050397753715515,62.75275125905792,-0.7798417,0.08769953,-0.69895077,1.0,-27.141778469085693,1.0,160000
101856,40416,49.3359375,87.23236963754866,0.6046558022499084,62.73546554064456,-1.0,-1.0,0.4346093,-0.36404967,-20.0,1.0,160000
110448,49008,59.82421875,87.22163486634895,0.6044260263442993,62.72511085274868,-1.0,-1.0,-1.0,-0.9600911,-31.15540623664856,1.0,160000
139710,78270,95.54443359375,87.20588144675088,0.6040891408920288,62.70991495277398,-1.0,-0.28017277,-0.15421283,0.11522341,-46.650270223617554,1.0,160000
112511,51071,62.34252929687501,87.15266177024066,0.6029537916183472,62.65857648458875,-1.0,-0.1735236,-0.97957915,0.1447187,-32.881426215171814,1.0,160000
121070,59630,72.79052734375,87.12622424277222,0.6023913621902466,62.63307218270505,-1.0,-1.0,-0.8667383,1.0,-20.0,1.0,160000
83620,22180,27.0751953125,87.12545582780429,0.6023750305175781,62.63233087950374,-1.0,-0.62490565,-0.26269644,-0.505593,-20.991612672805783,1.0,142300
104302,42862,52.32177734375,87.12396094642145,0.6023432612419128,62.63088873953911,-1.0,-0.20053184,-1.0,0.38905478,-20.0,1.0,160000
133403,71963,87.845458984375,87.1146235283073,0.6021448969841003,62.621880696617104,-1.0,-1.0,0.13662815,0.23935801,-31.359223127365112,1.0,107762
110555,49115,59.954833984375,87.06470245507298,0.6010865569114685,62.57371878674304,-1.0,-0.7063705,0.911021,-0.37889457,-60.0,1.0,148227
72758,11318,13.81591796875,87.04454276312089,0.6006602048873901,62.55426864867504,-1.0,-0.792657,-1.0,0.8727089,-59.00134086608887,1.0,160000
108016,46576,56.85546875000001,87.03365220509382,0.6004301309585571,62.54376119910266,-1.0,0.2562241,-0.77089727,1.0,-26.78969502449036,1.0,134505
119994,58554,71.47705078125,87.02533769339658,0.6002545952796936,62.53573908003104,-0.5949975,-1.0,-1.0,-0.26917028,-20.0,1.0,160000
62057,617,0.753173828125,87.00630785780915,0.5998532176017761,62.51737814716703,-0.6111931,-1.0,-1.0,0.058790147,-20.0,1.0,117863
84786,23346,28.49853515625,87.00503812366885,0.599826455116272,62.51615302907896,-0.64848685,-1.0,-0.43501723,0.6967182,-21.72200322151184,1.0,154434
75308,13868,16.9287109375,87.00119996546763,0.5997455716133118,62.51244972481088,-1.0,-0.21815407,-1.0,-0.49432254,-45.31263947486877,1.0,160000
65957,4517,5.513916015625,86.98958596359527,0.5995009541511536,62.50124367486482,-1.0,-1.0,-0.96910214,1.0,-25.48429608345032,1.0,155388
142088,80648,98.447265625,86.9879891599893,0.5994673371315002,62.49970294783709,-1.0,-1.0,-1.0,-0.6944245,-24.6664822101593,1.0,160000
109364,47924,58.50097656249999,86.98379246576872,0.5993790030479431,62.4956536187635,-1.0,-0.67880803,1.0,0.26806432,-56.42521381378174,1.0,160000
124298,62858,76.73095703125,86.97739881139731,0.5992444753646851,62.48948443468827,-0.012395024,-1.0,-1.0,0.016850233,-20.0,1.0,160000
67376,5936,7.24609375,86.95111193635711,0.598691999912262,62.4641199382584,-0.3350773,-0.03462696,-0.27125537,1.0,-54.60225820541382,1.0,160000
81148,19708,24.0576171875,86.95000485414593,0.5986687541007996,62.4630516844644,-0.4309491,-1.0,-0.9695218,0.062161565,-38.20536673069,1.0,160000
130512,69072,84.31640625,86.93499700519097,0.5983538031578064,62.44857005942697,-1.0,-1.0,-0.6641077,0.6242647,-20.0,1.0,160000
139248,77808,94.98046875,86.93315262000124,0.5983151197433472,62.44679032606143,-0.9787224,-0.059023023,-1.0,0.85492426,-49.74345862865448,1.0,160000
73578,12138,14.81689453125,86.91180159199055,0.5978676676750183,62.42618743135137,-1.0,-1.0,-1.0,0.16406924,-20.0,1.0,160000
76911,15471,18.885498046875,86.90799853136232,0.5977880358695984,62.42251757262261,-0.39184278,-0.23132974,-0.6583525,-0.62712216,-20.0,1.0,122317
65952,4512,5.5078125,86.90467288818286,0.5977184176445007,62.41930839594125,-1.0,-0.1556803,-1.0,1.0,-44.65464174747467,1.0,120255
143353,81913,99.991455078125,86.90467288818286,0.5977184176445007,62.41930839594125,-1.0,-1.0,-1.0,1.0,-28.230509757995605,1.0,160000
99884,38444,46.9287109375,86.90376446868825,0.5976994037628174,62.41843178772019,-1.0,-1.0,0.42487997,0.19029063,-39.297378063201904,1.0,160000
141106,79666,97.24853515625,86.8991474576759,0.5976027846336365,62.413976441482085,-1.0,-1.0,-1.0,-0.4254579,-20.0,1.0,160000
68817,7377,9.005126953125,86.8867731715794,0.5973439812660217,62.402035318399406,-0.9719325,-0.9742298,-1.0,1.0,-20.0,1.0,160000
94619,33179,40.501708984375,86.8867731715794,0.5973439812660217,62.402035318399406,-0.4535222,-1.0,-1.0,1.0,-27.28886604309082,1.0,160000
67606,6166,7.52685546875,86.87867662775665,0.5971747636795044,62.39422209802901,-1.0,-1.0,-0.6857154,-0.50983495,-40.2266013622284,1.0,160000
87680,26240,32.03125,86.872108264352,0.5970375537872314,62.38788352607876,-1.0,-1.0,-0.21666831,-0.363356,-34.52255606651306,1.0,160000
88339,26899,32.835693359375,86.86547413799425,0.5968990325927734,62.38148144084688,-1.0,0.03220433,-0.8839274,0.9575962,-40.2987939119339,1.0,160000
123654,62214,75.94482421875,86.85770005358032,0.5967367887496948,62.37397920458109,-1.0,-1.0,-1.0,0.29882973,-33.249748945236206,1.0,160000
89108,27668,33.7744140625,86.83385803099704,0.5962397456169128,62.35097046437411,-0.3500303,-0.6710007,-1.0,-0.4035517,-20.0,1.0,113435
108473,47033,57.413330078125,86.8197874115511,0.5959467887878418,62.33739130633295,-0.9779249,-1.0,-1.0,-0.17560601,-49.61464464664459,1.0,160000
112266,50826,62.04345703125001,86.81956114103696,0.5959420800209045,62.337172937171104,-1.0,-1.0,-1.0,0.80719846,-58.53896737098694,1.0,136613
120498,59058,72.09228515625,86.80773294638136,0.5956960320472717,62.32575770006399,-0.7075138,-1.0,0.29088175,-0.8429297,-20.0,1.0,134248
111208,49768,60.751953125,86.80423539007482,0.5956233143806458,62.3223822229746,-1.0,-1.0,-1.0,0.44243723,-20.0,1.0,160000
122324,60884,74.3212890625,86.79687347405998,0.5954703092575073,62.315277222320034,-1.0,-1.0,-1.0,-0.49263716,-47.588613629341125,1.0,160000
77060,15620,19.0673828125,86.79660955836333,0.595464825630188,62.31502251556709,-1.0,-1.0,-0.5116925,-0.7149068,-29.308927059173584,1.0,134492
117451,56011,68.372802734375,86.79365452731082,0.5954034328460693,62.31217059043522,-1.0,-1.0,0.040979028,-0.716337,-20.0,1.6424230337142944,118884
131788,70348,85.8740234375,86.77242976683203,0.5949628353118896,62.291686102199264,-0.90982,-0.82516074,-0.6050411,1.0,-23.282253742218018,1.0,113912
131642,70202,85.69580078125,86.77031193319121,0.5949189066886902,62.28964210551482,-1.0,-1.0,-0.16649866,-0.64985824,-20.0,1.0,108875
92669,31229,38.121337890625,86.769142253077,0.5948946475982666,62.28851320337008,-0.84556544,-1.0,-1.0,-0.12750769,-24.571183919906616,1.0,160000
84747,23307,28.450927734375,86.76885772228431,0.5948887467384338,62.28823859179437,-0.033070207,-1.0,-1.0,0.6753682,-28.73127222061157,1.0,118381
116092,54652,66.7138671875,86.76155001360456,0.5947372317314148,62.281185610247896,-1.0,-1.0,-1.0,-0.51230264,-28.949978351593018,1.0,160000
138167,76727,93.660888671875,86.75751513906211,0.5946536064147949,62.27729135443888,-0.8731808,-1.0,-1.0,-0.039645553,-46.796863079071045,1.0,98375
121236,59796,72.9931640625,86.71162488230867,0.593704104423523,62.23299910505826,-1.0,-0.6028025,-0.28605062,-0.50944686,-29.432142972946167,1.0,160000
65184,3744,4.5703125,86.69475991466196,0.5933558940887451,62.21672081431855,-1.0,-0.60643077,0.58952594,1.0,-27.72713661193848,1.0,160000
105147,43707,53.353271484375,86.69351492419341,0.5933302044868469,62.2155191202228,-1.0,-0.89629376,-1.0,0.37033147,-60.0,1.0,138452
98444,37004,45.1708984375,86.6904496655855,0.5932669639587402,62.212560453017176,-1.0,0.008978128,-1.0,0.6879943,-52.65219926834106,1.0,134055
125933,64493,78.726806640625,86.68487511098996,0.5931519865989685,62.2071797209493,-1.0,-0.29010773,-1.0,0.28122985,-20.0,2.240506172180176,160000
130672,69232,84.51171875,86.68214920511221,0.5930957794189453,62.20454857972626,-0.60750103,-1.0,-1.0,1.0,-60.0,1.0,160000
130680,69240,84.521484375,86.682140532292,0.593095600605011,62.2045402083986,-0.8423043,-1.0,-1.0,1.0,-20.0,1.0,160000
105650,44210,53.96728515625,86.67436186799688,0.5929352641105652,62.19703191901517,-1.0,-1.0,-0.5448786,-0.33628333,-24.753451347351078,1.0,160000
90745,29305,35.772705078125,86.67318459318354,0.5929110050201416,62.195895558595225,-1.0,-1.0,-0.3847081,-0.73519504,-48.72663617134094,1.0,160000
77428,15988,19.5166015625,86.662718086229,0.592695415019989,62.185792730511736,-1.0,-0.056364596,-1.0,0.6964071,-20.0,1.0,160000
73570,12130,14.80712890625,86.64232824503645,0.592275857925415,62.16611101975403,-0.82966554,-0.8910129,-1.0,0.79551226,-41.05078935623169,1.0,160000
93731,32291,39.417724609375,86.64204707074134,0.5922700762748718,62.16583960725939,-0.0478549,-1.0,-0.9893191,-0.7639692,-20.0,1.0,160000
76818,15378,18.77197265625,86.63539879919368,0.5921334028244019,62.15942212438004,-1.0,-1.0,-1.0,0.8911943,-53.49555969238281,1.0,160000
139183,77743,94.901123046875,86.6227058075615,0.5918726325035095,62.14716962091582,-1.0,-1.0,-0.40954298,1.0,-20.0,1.1806789636611938,160000
86942,25502,31.13037109375,86.6159414803787,0.5917337536811829,62.14063996435383,-1.0,-1.0,-1.0,-0.63696957,-32.598063945770264,1.0,160000
137556,76116,92.9150390625,86.6041299613521,0.5914914011955261,62.12923809261649,0.38341522,-1.0,-0.48782757,0.42673385,-35.6100994348526,1.0,160000
110592,49152,60.0,86.58333986542412,0.5910652875900269,62.10916866171415,-1.0,-1.0,0.2946902,1.0,-23.785228729248047,1.0,138264
131335,69895,85.321044921875,86.56206919854348,0.5906299352645874,62.08863482161589,-0.8673602,-0.10990095,-1.0,-0.49916005,-20.29026985168457,1.0,160000
70522,9082,11.08642578125,86.55018889892243,0.5903870463371277,62.077165843651095,-0.7563984,-1.0,-0.66215277,-0.27988422,-46.3463568687439,1.0,160000
83918,22478,27.438964843750004,86.54859928774567,0.5903545618057251,62.07563125642053,-0.8309164,-1.0,0.07938033,-0.5881291,-48.64989161491394,1.0,160000
120413,58973,71.988525390625,86.52910779498998,0.589956521987915,62.056814229638576,-0.5260361,-1.0,-0.900102,1.0,-25.39442777633667,1.0,160000
62693,1253,1.529541015625,86.49851505686712,0.5893328189849854,62.02727925238637,-1.0,-0.7636231,-1.0,-0.20788902,-40.32201111316681,1.0,160000
85922,24482,29.88525390625,86.48980888449346,0.5891555547714233,62.01887391321316,-1.0,-0.31614184,0.114527285,1.0,-37.72100329399109,1.0,95291
105365,43925,53.619384765625,86.466250154189,0.588676393032074,61.99612881640856,-1.0,-1.0,-0.11052883,-0.90905166,-43.58351469039917,1.0,160000
95926,34486,42.09716796875,86.46182972166481,0.5885865688323975,61.99186098224619,-0.44154543,-1.0,-0.34103662,0.6512321,-42.157195806503296,1.0,160000
82971,21531,26.282958984375,86.46084690203672,0.5885666012763977,61.990912087780046,-1.0,0.057858586,-1.0,-0.055662513,-20.0,1.0,150882
68815,7375,9.002685546875,86.45009920230383,0.5883483290672302,61.98053531071229,-1.0,-1.0,-0.9478241,1.0,-47.93870449066162,1.0,149775
135628,74188,90.5615234375,86.43996966704036,0.5881427526473999,61.97075524927785,-1.0,-1.0,-1.0,-0.91619396,-41.76231324672699,1.0,110863
75288,13848,16.904296875,86.4210611280283,0.5877593755722046,61.95249876638326,-1.0,-1.0,0.026920617,-0.63172114,-20.0,1.0,160000
86249,24809,30.284423828125,86.4172601160019,0.5876823663711548,61.948828784587086,-0.020602942,-0.26827836,-0.35252446,0.16248083,-20.0,1.0,160000
137705,76265,93.096923828125,86.40539201815972,0.5874420404434204,61.93736970885231,-1.0,-1.0,-1.0,-0.09107506,-43.255539536476135,1.0,160000
122303,60863,74.295654296875,86.40435547458542,0.5874210596084595,61.93636888149879,-0.66093034,-1.0,-1.0,-0.9821234,-22.100579738616943,1.0,160000
66692,5252,6.411132812500001,86.35543409849377,0.5864324569702148,61.889131877190046,-1.0,-0.3966293,-0.57928145,1.0,-20.0,1.0,160000
98850,37410,45.66650390625,86.35049371922223,0.5863327980041504,61.8843614534415,-0.94574225,-1.0,-1.0,0.42151183,-21.40442371368408,1.0,139690
106321,44881,54.78637695312501,86.3467548702613,0.5862573981285095,61.88075120844786,-1.0,-1.0,-0.33228996,-0.31886005,-46.38510584831238,1.0,147345
130517,69077,84.322509765625,86.34015867020126,0.5861244201660156,61.87438185933478,-1.0,-0.8561525,-0.8906677,0.694883,-43.34860563278198,1.0,88866
132162,70722,86.33056640625,86.3312399629591,0.5859447121620178,61.865769802955,-0.8298966,-1.0,-0.7569116,1.0,-21.88158869743347,1.0,160000
110548,49108,59.9462890625,86.3301303073118,0.585922360420227,61.86469829453836,-0.97381186,-0.03749609,-0.9933009,0.66891444,-49.049506187438965,1.0,160000
130934,69494,84.83154296875,86.3086463237509,0.5854899287223816,61.84395261929258,-1.0,-0.77846676,-1.0,-0.608315,-32.71535813808441,1.0,129915
85033,23593,28.800048828125004,86.30223527162178,0.5853610038757324,61.83776179134975,-1.0,-1.0,-1.0,0.015227854,-29.71340298652649,1.0,160000
135970,74530,90.97900390625,86.30160973188525,0.5853484272956848,61.8371577370129,0.031014442,-0.90167755,-1.0,0.34717828,-46.32106423377991,1.0,160000
84743,23303,28.446044921875004,86.29921406414331,0.5853002667427063,61.834844349383125,0.16790581,-1.0,-0.81198776,0.79780835,-60.0,1.0,160000
119497,58057,70.870361328125,86.29405083978835,0.5851964950561523,61.82985843724301,-1.0,-0.4102276,-1.0,-0.22654772,-20.0,1.7686343789100647,155865
78920,17480,21.337890625,86.2862419073466,0.5850396156311035,61.82231762065289,-0.8672713,-0.79108584,-1.0,1.0,-20.0,1.0,160000
104711,43271,52.82104492187501,86.28623597199672,0.585039496421814,61.8223118890658,-0.33332366,-1.0,-1.0,1.0,-37.00240612030029,1.0,160000
130514,69074,84.31884765625,86.28623597199672,0.585039496421814,61.8223118890658,-0.98440456,-0.8923033,-1.0,1.0,-24.01411175727844,1.0,159875
130516,69076,84.3212890625,86.28623597199672,0.585039496421814,61.8223118890658,-1.0,-1.0,-1.0,1.0,-20.0,1.0,160000
104714,43274,52.82470703124999,86.28623597199672,0.585039496421814,61.8223118890658,-0.6005461,-0.82105964,-1.0,1.0,-27.58727788925171,1.0,160000
92493,31053,37.906494140625,86.27045467278369,0.5847226977348328,61.807072236173305,-1.0,-1.0,-0.6591392,1.0,-55.1737117767334,1.0,78884
126111,64671,78.944091796875,86.25785660932536,0.5844700336456299,61.794906375355175,-0.012713671,-1.0,-0.20162618,0.72863936,-20.0,1.0,160000
74365,12925,15.777587890625,86.25219764654632,0.5843566060066223,61.78944150062192,-0.2165575,-1.0,-1.0,-0.5496031,-20.0,1.0,160000
115681,54241,66.212158203125,86.22948438745232,0.5839017629623413,61.76750691014876,-1.0,-0.76467896,-1.0,-0.59855646,-52.14314222335816,1.0,160000
84185,22745,27.764892578125,86.20947879407358,0.5835016965866089,61.74818671201609,-0.3494568,-1.0,-0.34410974,-0.028249502,-35.59162586927414,1.0,160000
79769,18329,22.374267578125,86.19561885444679,0.5832248330116272,61.73480137131662,-0.59834325,-0.5117033,-1.0,0.36585265,-20.0,1.0,160000
124245,62805,76.666259765625,86.18404098554103,0.582993745803833,61.72361980412414,-1.0,-1.0,0.34686798,0.72094285,-33.859854340553284,1.0,160000
75768,14328,17.490234375,86.17923946787151,0.582897961139679,61.71898259788017,-1.0,-1.0,-1.0,-0.6214199,-41.731117963790894,1.0,129461
106551,45111,55.06713867187501,86.17331843476454,0.5827798843383789,61.71326415385381,-1.0,-1.0,-0.14933962,-0.35584128,-41.65617883205414,1.0,144301
73580,12140,14.8193359375,86.16548401027264,0.5826237201690674,61.705697729511165,-0.33812183,-1.0,-1.0,0.17626256,-60.0,1.0,160000
128766,67326,82.18505859375,86.15964748201728,0.5825074315071106,61.70006081597211,-1.0,-0.6147251,-0.23058873,0.45436937,-51.595447063446045,1.0,146314
67307,5867,7.161865234375001,86.15333282289387,0.5823816657066345,61.693962084358105,-1.0,-0.7726611,0.077789545,-0.5106986,-60.0,1.0,113391
141820,80380,98.1201171875,86.13870646836068,0.5820905566215515,61.67983571442749,-1.0,-1.0,-1.0,-0.2744354,-20.0,1.0,160000
68497,7057,8.614501953125,86.1303479305003,0.581924319267273,61.671762804111175,-1.0,-1.0,-1.0,-0.32488936,-20.0,1.0,160000
134340,72900,88.9892578125,86.12934664241683,0.581904411315918,61.67079572716342,-1.0,-0.6332733,-1.0,0.5862795,-34.584805369377136,1.0,160000
79251,17811,21.741943359375,86.11739215987586,0.5816668272018433,61.65924961517872,-1.0,-1.0,-0.17064437,-0.64355594,-29.90805387496948,1.0,160000
65290,3850,4.69970703125,86.11110232254735,0.581541895866394,61.65317458252496,-1.0,-1.0,0.03773415,-0.1475578,-20.0,1.0,140466
139188,77748,94.9072265625,86.11062207786351,0.58153235912323,61.65271073704024,-1.0,-1.0,-1.0,0.4613403,-36.54541969299317,1.0,160000
103455,42015,51.287841796875,86.09065781674138,0.581136167049408,61.6334279979161,-1.0,-1.0,-1.0,0.37349236,-20.0,1.0,160000
121063,59623,72.781982421875,86.0882262391139,0.5810879468917847,61.631079399392185,-1.0,-1.0,-0.75010186,1.0,-29.1701877117157,1.0,160000
133279,71839,87.694091796875,86.08557481639188,0.5810353755950928,61.6285184512276,-1.0,-0.049467206,1.0,-0.42127573,-54.26309466362,1.0,160000
130354,68914,84.12353515625,86.04509829904089,0.5802339315414429,61.58942222383102,-0.72556204,-0.76525486,-1.0,-0.72834027,-60.0,1.0,160000
139150,77710,94.86083984375,86.04309674065662,0.580194354057312,61.58748887730366,-0.8352225,-1.0,-1.0,-0.103675604,-38.17663311958313,1.0,137951
87157,25717,31.392822265625,86.02526132863336,0.5798419117927551,61.57026110537782,-0.5472896,-0.84031343,-1.0,-0.5183649,-42.08296060562134,1.0,160000
90505,29065,35.479736328125,86.0214249522509,0.5797661542892456,61.56655538952747,-1.0,-0.7854395,-1.0,-0.27136803,-20.0,1.0,160000
64150,2710,3.30810546875,86.01980983166594,0.5797342658042908,61.56499527277754,-1.0,-1.0,-1.0,-0.59769773,-20.0,4.177326917648315,143762
132770,71330,87.07275390625,86.0163646915482,0.579666256904602,61.56166745001188,-0.6518457,-1.0,0.3981247,0.005449295,-53.45529794692993,1.0,87835
135668,74228,90.6103515625,85.99586239658541,0.579261839389801,61.54186307156661,-0.9576422,-0.98678386,-1.0,-0.0012727976,-47.968148589134216,1.0,160000
132166,70726,86.33544921875,85.99242409316338,0.5791940689086914,61.53854176954374,-0.8469578,-0.54163694,-1.0,1.0,-20.0,1.0,103925
98216,36776,44.892578125,85.98494613488145,0.5790467262268066,61.53131823621912,-1.0,0.25245976,-1.0,0.8266237,-20.0,1.0,134343
118246,56806,69.34326171875,85.97652917836223,0.5788809657096863,61.523187585173226,-0.1289308,-0.36372042,-0.82368,1.0,-49.57421958446503,1.0,160000
99926,38486,46.97998046875,85.97010977383914,0.5787546038627625,61.51698649088617,-1.0,-0.3499952,-0.21851927,0.14657295,-26.73334240913391,1.0,160000
88325,26885,32.818603515625,85.92953439194568,0.5779570937156677,61.4777900356064,-1.0,-1.0,1.0,0.572808,-20.0,1.0,160000
63932,2492,3.0419921875,85.92388255945826,0.5778461694717407,61.47233014624219,-1.0,-0.74932563,-1.0,-0.9173116,-20.0,1.0,160000
121066,59626,72.78564453125,85.87697739832532,0.576927125453949,61.42701671608238,-1.0,-1.0,-0.70706344,0.3217404,-20.0,1.2403640747070312,160000
138230,76790,93.73779296875,85.87397017203362,0.5768682956695557,61.4241114659006,-1.0,-0.541383,-1.0,0.23912764,-60.0,1.0,159689
98689,37249,45.469970703125,85.85767187798497,0.5765496492385864,61.40836569739558,-1.0,-1.0,-1.0,-0.9579767,-41.07923090457916,1.0,160000
73175,11735,14.324951171875,85.85534436259684,0.5765041708946228,61.4061170653052,-1.0,-1.0,-1.0,-0.14991748,-20.0,1.0,160000
71835,10395,12.689208984375,85.8420071961463,0.5762436985969543,61.393231814331656,-1.0,-1.0,-1.0,-0.43292415,-31.497530937194824,1.0,144390
79291,17851,21.790771484375,85.80834601741793,0.575587272644043,61.36071043135323,-1.0,-0.51800525,-0.69634527,0.73768973,-51.73741102218628,1.0,160000
99036,37596,45.8935546875,85.76940327538281,0.5748295783996582,61.32308494115069,-0.93714607,-0.8809382,0.033701956,0.7024659,-20.0,1.0,160000
81208,19768,24.130859375,85.76633578019153,0.5747699737548828,61.32012114231978,-1.0,-1.0,0.7443573,0.74192774,-20.39419174194336,1.0,142883
98146,36706,44.80712890625,85.76222134531594,0.574690043926239,61.31614578114384,-0.7438341,-0.78412044,-0.7996395,-0.3867374,-21.62916898727417,1.0,160000
99034,37594,45.89111328125,85.7600455750065,0.5746477842330933,61.31404354829581,-1.0,-1.0,-0.40498936,1.0,-20.0,1.0,124748
65182,3742,4.56787109375,85.75670922835552,0.5745829939842224,61.31081995575837,-1.0,-1.0,0.6425719,1.0,-27.756175994873047,1.0,160000
131884,70444,85.9912109375,85.75580366006892,0.5745654106140137,61.30994498990764,-1.0,-1.0,-1.0,-0.080325246,-23.249778747558597,1.0,160000
94001,32561,39.747314453125,85.75117985860959,0.5744756460189819,61.305477431072624,0.03857124,-1.0,-0.23435575,-0.5459789,-30.46396553516388,1.0,160000
95340,33900,41.3818359375,85.7502555522035,0.5744577050209045,61.304584355369386,-0.47875267,0.4196427,-1.0,0.73410386,-20.0,1.0,160000
114305,52865,64.532470703125,85.71788657697269,0.5738300681114197,61.27330855030999,-1.0,-1.0,-1.0,-0.58348787,-20.0,1.0,160000
115883,54443,66.458740234375,85.67142324104992,0.5729313492774963,61.228412618038455,-1.0,-0.32178152,-1.0,0.58281064,-20.0,1.0,160000
104041,42601,52.00317382812501,85.65928766212026,0.5726970434188843,61.21668608250011,-0.45108348,-1.0,-1.0,0.24667096,-20.0,1.0,160000
109674,48234,58.87939453124999,85.6591888358799,0.5726951360702515,61.216590586732345,-0.40079772,-0.18030614,-0.5173094,-0.17405725,-20.0,1.0,160000
118979,57539,70.238037109375,85.64701004385064,0.5724601745605469,61.204822152163615,-1.0,-1.0,-1.0,1.0,-39.21385824680328,1.0,160000
67373,5933,7.242431640624999,85.64701004385064,0.5724601745605469,61.204822152163615,-1.0,-1.0,-1.0,1.0,-26.848849058151245,1.0,160000
118972,57532,70.2294921875,85.64701004385064,0.5724601745605469,61.204822152163615,-1.0,-1.0,-1.0,1.0,-40.25601863861084,1.0,160000
118973,57533,70.230712890625,85.64701004385064,0.5724601745605469,61.204822152163615,-1.0,-0.7478157,-1.0,1.0,-55.974282026290894,1.0,160000
132489,71049,86.729736328125,85.63691278388309,0.5722655057907104,61.19506500646922,-1.0,-0.8273796,-1.0,0.4853456,-20.0,1.0,160000
119370,57930,70.71533203125,85.60486648474345,0.5716484785079956,61.16409750757148,-1.0,-1.0,-1.0,0.88941956,-34.79904294013977,1.0,160000
98240,36800,44.921875,85.59870193561729,0.5715299248695374,61.15814036900926,-1.0,-0.49725384,-0.9966163,-0.37469953,-39.12697374820709,1.0,137972
124645,63205,77.154541015625,85.5426424837048,0.5704538822174072,61.10396543237978,-1.0,-1.0,0.37797678,0.68725854,-49.40031290054321,1.0,117969
97283,35843,43.753662109375,85.52310841781315,0.5700798034667969,61.08508733793039,-1.0,0.10949963,-0.3842309,1.0,-60.0,1.0,108369
120639,59199,72.264404296875,85.47978609527505,0.5692517757415771,61.04321854812088,-1.0,0.021421432,-0.8100076,1.0,-27.79414415359497,1.0,117056
90070,28630,34.94873046875,85.47766567849081,0.5692113041877747,61.04116922991587,-0.6602792,-1.0,-1.0,-0.91240287,-20.0,1.0,160000
142623,81183,99.100341796875,85.45991397237553,0.5688726902008057,61.02401258356427,-1.0,-1.0,-1.0,0.5982265,-20.0,1.0,160000
142329,80889,98.741455078125,85.4544605423744,0.5687687397003174,61.01874190095237,-0.3018564,-0.3509158,0.113661945,-0.06919974,-20.0,1.0,160000
74580,13140,16.0400390625,85.45124829764946,0.5687075257301331,61.01563728743169,-1.0,-0.18137491,-0.04198444,1.0,-20.0,1.0,160000
129520,68080,83.10546875,85.44940887097096,0.5686724781990051,61.01385948928712,-1.0,-0.9161633,0.21957958,-0.4131527,-20.0,1.0,160000
100765,39325,48.004150390625,85.44776635117202,0.568641185760498,61.01227199817454,-1.0,-1.0,-1.0,-0.68512857,-20.0,1.0,160000
93171,31731,38.734130859375,85.43862467642477,0.5684670805931091,61.00343654786271,-1.0,-1.0,-0.9948517,1.0,-48.18927705287933,1.0,160000
91587,30147,36.800537109375,85.4356692071102,0.5684108138084412,61.00058006329381,-1.0,-1.0,0.17954838,-0.45418942,-20.0,1.0,141878
70125,8685,10.601806640625,85.41381227004607,0.567995011806488,60.97945491061586,-1.0,-1.0,0.35739625,0.44758722,-20.0,1.0,160000
121069,59629,72.789306640625,85.3930124157767,0.5675998330116272,60.95935104191198,-0.3058101,-1.0,-0.78990215,1.0,-32.83938825130463,1.0,160000
69464,8024,9.794921875,85.38866088424018,0.5675172209739685,60.95514506723652,-1.0,0.010212004,-0.84656256,1.0,-45.799702405929565,1.0,160000
99362,37922,46.29150390625,85.38319001095307,0.5674133896827698,60.94985716776356,-1.0,-1.0,-1.0,0.86657846,-60.0,1.0,160000
73024,11584,14.140625000000002,85.36915591582454,0.5671471953392029,60.93629231923409,-0.67146564,-1.0,-1.0,-0.5431632,-43.92282009124756,1.0,119815
107788,46348,56.5771484375,85.36110904624677,0.5669946670532227,60.92851442533157,-1.0,-1.0,-0.3674655,0.06875718,-38.59032571315765,1.0,160000
130519,69079,84.324951171875,85.30785188974511,0.5659870505332947,60.877035967935406,-1.0,0.17337584,-1.0,1.0,-20.0,1.0,160000
127200,65760,80.2734375,85.29884692072021,0.5658169984817505,60.868331496249546,-0.3743989,-1.0,-0.4847914,1.0,-56.75774812698364,1.0,160000
104878,43438,53.02490234375,85.2926577041952,0.5657001733779907,60.86234877257656,-1.0,-1.0,-0.7211042,1.0,-58.75949263572693,1.0,157985
104288,42848,52.3046875,85.28962540778589,0.5656429529190063,60.85941763108234,-0.98759556,-0.04528582,-0.9487636,1.0,-49.23521280288696,1.0,160000
101918,40478,49.41162109375,85.28211808871472,0.56550133228302,60.85216071443698,-0.39125037,-1.0,-0.15830767,0.3548262,-60.0,1.0,160000
140825,79385,96.905517578125,85.28045881608114,0.5654700398445129,60.85055677908112,-1.0,-1.0,-1.0,0.5748336,-37.85466074943543,1.0,160000
121730,60290,73.59619140625,85.27348489659752,0.5653385519981384,60.843815415040886,-1.0,-1.0,-0.98681766,0.8477715,-20.0,1.0,160000
124246,62806,76.66748046875,85.25865479314463,0.5650591254234314,60.82947969791856,-1.0,-1.0,0.40325356,0.8012669,-22.82761931419373,1.0,160000
127660,66220,80.8349609375,85.24753619106207,0.5648497939109802,60.818731623957135,-1.0,-1.0,-0.89076364,-0.23372126,-37.65509605407715,1.0,160000
63378,1938,2.36572265625,85.23978803284177,0.5647040009498596,60.811241608310205,-0.23495972,-1.0,-1.0,-0.20445865,-21.05619430541992,1.0,160000
64674,3234,3.94775390625,85.22394789008727,0.564406156539917,60.79592903926381,-1.0,-0.9715054,-1.0,-0.69626945,-25.491185188293457,1.0,142552
74120,12680,15.478515625,85.22233354973031,0.5643758177757263,60.79436845377683,-0.8975583,-1.0,-0.34759158,-0.52027965,-33.484896421432495,1.0,160000
141045,79605,97.174072265625,85.21510040018904,0.5642399191856384,60.78737612772589,-1.0,-1.0,-1.0,-0.20824844,-26.021127700805664,1.0,160000
78487,17047,20.809326171875,85.212276082067,0.5641868710517883,60.78464583100472,-0.4856431,-0.42577153,-0.68820775,1.0,-42.48834550380707,1.0,160000
98509,37069,45.250244140625,85.2121237456954,0.5641840100288391,60.78449856570148,-1.0,-1.0,-1.0,0.50117815,-20.0,1.0,160000
93962,32522,39.69970703125,85.19254329469882,0.563816487789154,60.76556974961598,-1.0,-1.0,-1.0,-0.23175097,-37.477352023124695,1.0,140856
79077,17637,21.529541015625,85.18911769027684,0.5637522339820862,60.76225811395844,-0.78181744,-0.7309845,-1.0,1.0,-60.0,1.0,116611
140720,79280,96.77734375,85.16953887102129,0.5633852481842041,60.74333047668558,-0.12273234,-0.724242,-1.0,1.0,-33.40872645378113,1.0,108472
101033,39593,48.331298828125,85.15427204064963,0.5630993843078613,60.72857117899342,-1.0,-1.0,-1.0,-0.3824718,-60.0,1.153399109840393,160000
104636,43196,52.72949218750001,85.15197253358892,0.5630563497543335,60.72634809929026,-1.0,-1.0,-1.0,-0.17331016,-25.257116556167603,1.0,147486
61788,348,0.4248046874999999,85.14067424910363,0.56284499168396,60.71542526168419,-1.0,-1.0,-1.0,1.0,-20.0,2.4413687586784363,160000
97971,36531,44.593505859375,85.1301337908059,0.5626479387283325,60.70523496632747,-0.05588281,-0.922171,-1.0,0.9162545,-35.020404160022736,1.0,160000
103899,42459,51.82983398437499,85.12664754196786,0.562582790851593,60.7018645121882,-1.0,-0.49065137,-1.0,-0.096069455,-55.17760157585144,1.0,160000
94227,32787,40.023193359375,85.12280002611116,0.5625109076499939,60.69814477804723,-1.0,-1.0,-1.0,-0.25359756,-20.0,1.0,160000
123890,62450,76.23291015625,85.11753458296282,0.5624125599861145,60.69305418708533,-1.0,-1.0,-0.70821875,-0.2965467,-52.09968686103821,1.0,160000
91768,30328,37.021484375,85.11255163443053,0.5623195171356201,60.6882366874674,-0.2958591,-0.62629926,-0.022375107,-0.5571904,-20.0,1.0,160000
77536,16096,19.6484375,85.10762788526328,0.5622276067733765,60.68347640030245,-1.0,-1.0,-0.57334954,0.23480994,-47.4869841337204,1.0,160000
63730,2290,2.79541015625,85.09896152149553,0.5620658993721008,60.67509769700986,-1.0,-1.0,-1.0,-0.10055351,-20.0,1.0,160000
76886,15446,18.85498046875,85.09296944038765,0.561954140663147,60.669304471269584,-0.5180331,-1.0,-0.5741137,0.31474015,-26.55033230781555,1.0,160000
136964,75524,92.1923828125,85.07218676092215,0.5615668296813965,60.649211251113925,-0.48292875,-1.0,-1.0,-0.37865663,-20.0,1.0,160000
100705,39265,47.930908203125,85.0696391346668,0.5615193843841553,60.64674811578473,-1.0,-1.0,0.74391943,0.86156815,-59.495553970336914,1.0,160000
128519,67079,81.883544921875,85.0513143320805,0.5611783266067505,60.629030881529495,-1.0,-1.0,-1.0,-0.5104593,-21.51484966278076,1.0,160000
69002,7562,9.23095703125,85.05009987492235,0.5611557364463806,60.627856680051146,-1.0,-0.90184104,-1.0,0.23092538,-40.80189824104309,1.0,160000
112269,50829,62.04711914062499,85.04327293573616,0.561028778553009,60.62125601006043,-1.0,-0.9130695,-0.5494631,0.6962776,-20.0,1.0,139316
114901,53461,65.260009765625,85.02401122745898,0.5606708526611328,60.60263248671873,-0.48057222,-1.0,-0.5450765,-0.190296,-20.0,1.0,115826
118971,57531,70.228271484375,85.00659747485098,0.5603476166725159,60.58579541684315,-1.0,-1.0,-0.5821338,1.0,-30.65395295619965,1.0,109396
117959,56519,68.992919921875,84.9476505035617,0.5592558979988098,60.528798634175935,-1.0,-1.0,-1.0,0.4836566,-28.02423596382141,1.0,160000
116808,55368,67.587890625,84.9335432099856,0.5589951872825623,60.51515762357319,-1.0,-1.0,-1.0,-0.29384494,-20.775095224380493,1.0,126208
107508,46068,56.2353515625,84.92986771738434,0.5589272975921631,60.51160358785518,-1.0,-1.0,-0.33143,0.9726325,-30.498927235603333,1.0,160000
106682,45242,55.22705078125,84.9258847692527,0.5588537454605103,60.50775224355076,-1.0,-1.0,-0.45830676,0.42000377,-20.0,1.0,160000
120194,58754,71.72119140625,84.88988954497992,0.5581898093223572,60.472945757554655,-0.56958735,-1.0,-1.0,0.60487854,-42.79418587684631,1.0,160000
110433,48993,59.805908203125,84.87647898110296,0.557942807674408,60.45997779637164,-0.664398,-0.189551,-0.9050919,-0.32351685,-46.41445338726044,1.0,160000
98955,37515,45.794677734375,84.84205011942674,0.5573095679283142,60.42668453382412,-0.7108374,-1.0,-0.7649267,-0.2644652,-20.0,1.0,159953
73235,11795,14.398193359375,84.81419135324983,0.5567981004714966,60.39974393293111,-1.0,0.1120649,-0.40998805,1.0,-35.797638297080994,1.0,160000
142102,80662,98.46435546875,84.8097848719151,0.5567172765731812,60.39548262049118,-0.43342346,-0.23190796,-0.39381713,-0.25970733,-44.46481227874756,1.0,160000
101857,40417,49.337158203125,84.80620621136933,0.5566516518592834,60.39202184488396,-1.0,-1.0,-1.0,-0.31863272,-20.0,1.0,97617
68816,7376,9.00390625,84.78714973472819,0.5563024282455444,60.37359292984814,-1.0,-0.878399,-0.73278064,0.58384913,-20.358344316482544,1.0,160000
102198,40758,49.75341796875,84.78360216453017,0.5562374591827393,60.37016215377767,-1.0,-1.0,-1.0,-0.28703249,-22.674696445465088,1.0,125790
92717,31277,38.179931640625,84.78353380966666,0.556236207485199,60.37009604921021,-1.0,0.09366655,-1.0,1.0,-32.50328838825226,1.0,160000
120349,58909,71.910400390625,84.77842921291696,0.5561427474021912,60.36515948887047,-0.48356432,0.113019586,-1.0,0.48687676,-24.716475009918213,1.0,127062
129553,68113,83.145751953125,84.77694768496225,0.5561156272888184,60.3637267267672,-1.0,-0.913681,-1.0,0.57469404,-20.0,1.0,160000
73544,12104,14.775390625000002,84.75543326833589,0.5557220578193665,60.34292027226599,-1.0,-0.45839506,-1.0,0.10395789,-35.563159584999084,1.0,140148
92468,31028,37.8759765625,84.7209242424208,0.5550917983055115,60.3095460171802,-1.0,-1.0,-1.0,0.17848027,-31.344399452209476,1.0,160000
137773,76333,93.179931640625,84.72092097558522,0.5550917387008667,60.309542857722604,-1.0,-1.0,-1.0,-0.23222864,-44.6043187379837,1.0,160000
135769,74329,90.733642578125,84.71242838406478,0.5549368262290955,60.30132938059146,-1.0,-0.2637915,0.42765152,0.83147323,-20.0,1.0,160000
94838,33398,40.76904296875,84.70909425356534,0.5548760294914246,60.298104812235415,-1.0,-1.0,-0.6913828,-0.88233596,-20.0,1.0,160000
101455,40015,48.846435546875,84.6669799721563,0.5541090965270996,60.257373656834496,-0.97354215,-0.5839288,-1.0,1.0,-48.65706145763397,1.0,96147
71814,10374,12.663574218750002,84.65025582246506,0.5538050532341003,60.24119836429097,-1.0,-0.42162943,-1.0,0.33164144,-21.898173093795776,1.0,124646
124971,63531,77.552490234375,84.64433080598906,0.553697407245636,60.23546774194493,-1.0,-0.18385541,-1.0,-0.56732696,-23.715288639068604,1.0,86203
74361,12921,15.772705078124998,84.61703853209315,0.5532020330429077,60.209070534424285,-0.12506247,-0.15327358,-1.0,-0.2594092,-38.24755311012268,1.0,120662
104876,43436,53.02246093750001,84.59341267700196,0.5527738332748413,60.18621901772824,-1.0,-1.0,-0.9419687,1.0,-37.68889129161835,1.0,160000
94243,32803,40.042724609375,84.5922608220597,0.5527529716491699,60.1851049033917,0.054043055,-1.0,-1.0,-0.75467163,-58.07937383651733,1.0,160000
99777,38337,46.798095703125,84.55031121044208,0.5519941449165344,60.14452904842702,-1.0,-1.0,-1.0,-0.8583642,-20.0,1.0,160000
84340,22900,27.9541015625,84.52592759851076,0.5515539050102234,60.12094329922384,-1.0,-1.0,0.69535506,-0.70660514,-26.459851264953613,1.0,160000
121050,59610,72.76611328125,84.52237584066162,0.5514898300170898,60.11750771989247,-1.0,-1.0,-1.0,-0.35397446,-20.0,1.0,160000
119713,58273,71.134033203125,84.48777883991463,0.5508663654327393,60.08404186831898,-1.0,-1.0,-1.0,-0.17470837,-20.0,1.0,160000
111995,50555,61.712646484375,84.45108662105909,0.5502064824104309,60.04854826788621,-0.8735946,-1.0,-1.0,-0.47533393,-32.004841566085815,1.0,160000
141892,80452,98.2080078125,84.42167044063024,0.5496784448623657,60.02009225624335,-0.49985814,-1.0,0.11394197,-0.8195243,-20.0,1.0,160000
106556,45116,55.07324218750001,84.40988890421073,0.5494672060012817,60.00869508901665,-1.0,-1.0,-1.0,-0.4561149,-58.689125776290894,1.0,117513
109995,48555,59.271240234375,84.40044204845702,0.5492979288101196,59.99955635587591,0.19481015,-0.87338644,-1.0,1.0,-60.0,1.0,160000
131488,70048,85.5078125,84.37946131555384,0.5489223003387451,59.97925969065855,-1.0,-1.0,-1.0,-0.5080309,-34.23121094703674,1.0,160000
86724,25284,30.8642578125,84.36308428079191,0.5486294031143188,59.96341638424842,-0.15813291,-1.0,-1.0,1.0,-45.599077343940735,1.0,160000
86722,25282,30.86181640625,84.36308428079191,0.5486294031143188,59.96341638424842,-1.0,-0.42221677,-1.0,1.0,-22.551393508911133,1.0,160000
138328,76888,93.857421875,84.36308428079191,0.5486294031143188,59.96341638424842,-1.0,-1.0,-1.0,1.0,-21.766111850738525,1.0,160000
86729,25289,30.870361328125,84.36308428079191,0.5486294031143188,59.96341638424842,-0.3915534,-0.77175355,-1.0,1.0,-24.376436471939087,1.0,160000
109505,48065,58.673095703125,84.36166715975087,0.5486040711402893,59.96204543747125,-1.0,-0.93254495,0.26570618,-0.03669405,-47.295159101486206,1.0,160000
97109,35669,43.541259765625,84.32399031548252,0.5479313135147095,59.925595653848966,-1.0,-1.0,0.1443026,-0.45736474,-46.256916522979736,1.0,160000
74770,13330,16.27197265625,84.32094918615176,0.5478770732879639,59.92265352034147,-0.12886262,-1.0,-1.0,-0.56134045,-41.15541815757752,1.0,160000
137749,76309,93.150634765625,84.3191710543708,0.5478453636169434,59.92093326758151,-1.0,-1.0,0.49095798,-0.7318553,-45.508737564086914,1.0,160000
96747,35307,43.099365234375,84.31416325501387,0.5477560758590698,59.916088461361845,-0.9446446,-1.0,-1.0,-0.2790143,-39.64483201503754,1.0,160000
112809,51369,62.70629882812499,84.30945504013275,0.5476721525192261,59.9115334711972,-1.0,-1.0,-1.0,0.3432948,-55.61055302619934,1.0,160000
121295,59855,73.065185546875,84.28703382923513,0.547272801399231,59.88984170543844,-1.0,-1.0,-0.9300558,0.21098346,-20.0,1.0,160000
89399,27959,34.129638671875,84.28567761303081,0.5472486615180969,59.88852959961827,-1.0,-1.0,0.8621656,-0.9885752,-20.0,1.0,160000
94310,32870,40.12451171875,84.23437727118989,0.5463368892669678,59.83889674956173,-1.0,-0.46067142,-1.0,-0.17162222,-20.0,1.0,160000
98976,37536,45.8203125,84.2079470409315,0.5458681583404541,59.81332483973587,-0.69998956,-0.39784062,-1.0,-0.12525284,-20.0,1.0,146979
128138,66698,81.41845703125,84.20357746093252,0.5457907319068909,59.80909711070195,-1.0,-1.0,-1.0,-0.5752703,-30.43261587619781,1.0,160000
84943,23503,28.690185546875004,84.2020904173445,0.5457643866539001,59.8076583381586,-1.0,-1.0,1.0,0.7630083,-40.1806378364563,1.0,160000
83726,22286,27.20458984375,84.19463652118968,0.5456323623657227,59.80044637838246,-1.0,0.3275832,-0.59719336,-0.40995973,-20.992566347122192,1.0,160000
117402,55962,68.31298828125,84.1914521078969,0.5455759763717651,59.79736531106295,-1.0,-1.0,-1.0,-0.12829232,-36.11089766025543,1.0,113626
68660,7220,8.8134765625,84.19129388236192,0.5455731749534607,59.79721222033157,-0.05593407,-1.0,-1.0,-0.41094357,-60.0,1.0,160000
141772,80332,98.0615234375,84.1819089521093,0.5454070568084717,59.78813182015408,-1.0,-1.0,-0.7428458,-0.16897523,-36.98375940322876,1.0,160000
104147,42707,52.132568359375,84.17984744968484,0.5453705787658691,59.7861372022006,-1.0,-0.5910818,-0.42018986,-0.34909725,-47.760066986083984,1.0,160000
95574,34134,41.66748046875,84.17415014075117,0.545269787311554,59.78062472312936,-0.014320254,-0.7787922,-0.4315779,1.0,-27.282660007476807,1.0,160000
114358,52918,64.59716796875,84.1661452529028,0.5451282262802124,59.77287948548232,-0.32809126,-0.9094194,-1.0,-0.20925307,-50.002312660217285,1.0,160000
69317,7877,9.615478515625,84.15598487126427,0.5449486374855042,59.76304860133515,-1.0,-0.020999193,-1.0,-0.85808927,-30.774099230766296,1.0,160000
106177,44737,54.610595703125,84.15256418936983,0.5448881983757019,59.759738833492726,-1.0,-0.33905488,-1.0,0.2825204,-20.0,1.0,160000
138611,77171,94.202880859375,84.14604825317454,0.5447731018066406,59.75343414930622,-1.0,-1.0,-1.0,0.26982206,-20.377843379974365,1.0,160000
130089,68649,83.800048828125,84.13797683318828,0.5446305871009827,59.74562436732921,-1.0,-1.0,-0.34886724,1.0,-37.17113614082336,1.0,160000
123776,62336,76.09375,84.13705839994932,0.5446143746376038,59.74473570234976,-1.0,-1.0,-0.6796458,0.7580062,-20.0,1.0,160000
66867,5427,6.624755859375001,84.09917622008146,0.543946385383606,59.70808081150637,-0.30478525,-1.0,-0.25700372,-0.104445815,-30.480465292930603,1.0,160000
104897,43457,53.048095703125,84.0987633950981,0.5439391136169434,59.707681355148026,-1.0,-0.59515196,-1.0,0.94900274,-20.0,1.0,160000
93234,31794,38.81103515625,84.0976602263417,0.5439196825027466,59.7066139099878,-1.0,-1.0,-0.13616127,-0.038158238,-20.0,1.0,160000
74126,12686,15.485839843749998,84.09751809540991,0.543917179107666,59.70647638157531,-0.07136893,-1.0,-1.0,0.06849241,-33.230334520339966,1.0,160000
124649,63209,77.159423828125,84.07798816281579,0.5435733795166016,59.68757872960037,-0.6491637,-1.0,-0.08819145,1.0,-20.0,1.0,94375
89801,28361,34.620361328125,84.07435275423813,0.5435094237327576,59.68406098599471,-0.52779967,-1.0,-0.9526777,-0.15322834,-20.0,1.0,160000
90614,29174,35.61279296875,84.06902876542557,0.5434157848358154,59.67890929771628,-1.0,-0.16041768,-0.38925064,-0.080880284,-37.968886494636536,1.0,160000
118907,57467,70.150146484375,84.04878604378771,0.5430600047111511,59.659321501186106,-0.9173687,-1.0,-1.0,-0.20816827,-25.790488719940186,1.0,160000
94375,32935,40.203857421875,84.03551376854413,0.5428269505500793,59.64647846797935,-1.0,-1.0,-0.5465883,-0.3029464,-39.51498329639435,1.0,160000
70770,9330,11.38916015625,84.03523532022339,0.5428220629692078,59.64620902363836,-1.0,-1.0,-0.8918776,-0.69363403,-35.89863419532776,1.0,160000
112513,51073,62.344970703125,84.02450841454733,0.5426338315010071,59.63582894268488,-1.0,-1.0,-1.0,0.17125702,-33.15190434455872,1.0,160000
123784,62344,76.103515625,84.0058656333753,0.5423069596290588,59.61778872320821,-1.0,-1.0,-0.30101323,-0.34651947,-20.0,1.0,160000
110914,49474,60.39306640624999,83.98355691221508,0.5419162511825562,59.596200717964784,-1.0,-1.0,-0.44193155,-0.6619793,-25.428539514541622,1.0,160000
64121,2681,3.2727050781250004,83.97790307309337,0.541817307472229,59.5907294766959,-0.74936676,-0.6349782,-1.0,-0.56986564,-38.87743413448334,1.0,116168
66642,5202,6.350097656250001,83.96391761804303,0.5415726900100708,59.577195599501046,-1.0,-1.0,0.07606155,0.6215392,-22.81953454017639,1.0,160000
76661,15221,18.580322265625,83.95072998659117,0.5413421988487244,59.56443365462304,-1.0,-0.6743539,-0.53463703,-0.6895932,-20.17371654510498,1.0,160000
67095,5655,6.903076171875,83.93085382771648,0.5409951210021973,59.545198844524585,-1.0,-0.5267013,-1.0,0.9291512,-20.0,1.0,139557
130558,69118,84.37255859375,83.91742015575186,0.5407607555389404,59.53219847820973,-0.28716427,-1.0,-0.7221024,1.0,-20.0,1.0,160000
70690,9250,11.29150390625,83.90377824219935,0.5405229330062866,59.51899645390844,-0.8523449,-1.0,-1.0,-0.3845104,-60.0,1.0,102274
102088,40648,49.619140625,83.90263924709942,0.5405030846595764,59.5178941801202,-1.0,-0.9285155,-1.0,0.74270487,-20.0,1.0,160000
90525,29085,35.504150390625,83.89829126060596,0.5404273271560669,59.5136863645437,-0.8808131,-0.9208877,-1.0,-0.3737297,-48.89086902141571,1.0,149352
110845,49405,60.308837890625,83.88943473645953,0.5402730703353882,59.505115316042136,-0.70465225,-1.0,-1.0,-0.92762136,-47.31094658374786,1.0,160000
136281,74841,91.358642578125,83.86793955191663,0.5398989915847778,59.48431275960556,-1.0,-0.43469363,-0.98233926,-0.23909068,-43.84675204753876,1.0,160000
120895,59455,72.576904296875,83.86270236893242,0.539807915687561,59.47924428147384,-1.0,-0.40594292,-1.0,0.05120766,-44.503493309021,1.0,144862
72699,11259,13.743896484375002,83.83605464207349,0.5393449068069458,59.453454651630494,-0.15862799,-1.0,-1.0,0.058125675,-20.0,1.0,160000
109391,47951,58.53393554687501,83.82283653526798,0.5391154885292053,59.440662000004906,-0.6303115,-1.0,-0.27407447,-0.64356446,-34.115281105041504,1.0,160000
107052,45612,55.6787109375,83.8228262290685,0.539115309715271,59.44065202548568,-1.0,-0.845888,0.32408512,0.4387884,-20.0,1.0,160000
65776,4336,5.29296875,83.81105622420986,0.5389111638069153,59.42926076069593,-0.77182204,-1.0,-1.0,0.3380954,-27.568390369415283,1.0,160000
81131,19691,24.036865234375,83.79396002111766,0.5386148691177368,59.41271451126988,-1.0,-1.0,-1.0,-0.6860252,-53.58261704444885,1.0,132826
101569,40129,48.985595703125,83.79195737783095,0.5385801792144775,59.41077627582327,-1.0,-1.0,-1.0,-0.54864144,-34.84646201133728,1.0,160000
100136,38696,47.236328125,83.78744547325687,0.538502037525177,59.40640947008765,-1.0,-1.0,0.49982154,1.0,-24.42714214324951,1.0,160000
96075,34635,42.279052734375,83.78562112572114,0.538470447063446,59.40464378786071,-1.0,-1.0,0.8495408,1.0,-20.0,1.0,160000
103795,42355,51.702880859375,83.78315624935144,0.5384277701377869,59.40225817046817,-1.0,-1.0,-1.0,0.2641297,-36.90528154373169,1.0,160000
120417,58977,71.993408203125,83.77713726465554,0.5383235812187195,59.39643271033867,-1.0,-1.0,-1.0,1.0,-22.8770124912262,1.0,107709
76380,14940,18.2373046875,83.76518990559615,0.5381168723106384,59.38486941137208,-1.0,-1.0,-1.0,-0.70911527,-20.0,1.0,125020
98843,37403,45.657958984375,83.73852859594918,0.5376560688018799,59.35906479465441,-1.0,-1.0,0.06362373,0.83698213,-31.185755133628845,1.0,139530
115072,53632,65.46875,83.73255721962812,0.5375529527664185,59.35328522482589,-1.0,0.32307863,-1.0,0.42805302,-39.78705286979675,1.0,160000
115621,54181,66.138916015625,83.70986226797986,0.5371613502502441,59.33131902970702,-0.8195337,-1.0,0.6296065,-0.7539224,-47.42052614688873,1.0,113873
95832,34392,41.982421875,83.69384858009187,0.5368853211402893,59.315819340182166,-0.32026303,0.1079973,-1.0,0.8698208,-20.0,1.0,160000
66542,5102,6.22802734375,83.65749260193613,0.5362595319747925,59.280629633724885,-1.0,0.09831488,-1.0,0.24792796,-31.4345920085907,1.0,160000
117377,55937,68.282470703125,83.65648044809365,0.5362421274185181,59.27964993588112,-1.0,-0.418068,-1.0,0.34560764,-29.405863285064697,1.0,160000
109202,47762,58.30322265625,83.65134257328279,0.5361537933349609,59.27467680262118,-1.0,0.10347378,0.26764625,1.0,-45.27290880680084,1.0,152208
93569,32129,39.219970703125,83.64540902809753,0.5360518097877502,59.26893348876288,-0.035562158,-1.0,-1.0,0.9395853,-39.933098554611206,1.0,160000
84402,22962,28.02978515625,83.64203046830531,0.535993754863739,59.26566323579245,-1.0,-0.03713274,-1.0,0.396208,-25.190916061401367,1.0,160000
93379,31939,38.988037109375,83.6095665400354,0.5354364514350891,59.234239605760536,-1.0,-1.0,0.7821579,-0.088213444,-28.389360904693604,1.0,160000
62696,1256,1.533203125,83.59277429327958,0.535148561000824,59.21798517793047,-1.0,-1.0,-1.0,-0.53560513,-25.44875860214233,1.0,160000
126220,64780,79.0771484375,83.58919834586483,0.5350872874259949,59.214523735323,-1.0,-0.5924795,-0.50496954,0.94851774,-47.44118332862854,1.0,114583
88627,27187,33.187255859375,83.58500930557705,0.5350155234336853,59.210468820451126,-1.0,-0.97001946,-0.10052866,0.27392453,-54.97703909873962,1.0,160000
124759,63319,77.293701171875,83.57967074891533,0.5349240899085999,59.2053011772204,-1.0,-0.7297744,-1.0,-0.23907799,-60.0,1.0,158881
99494,38054,46.45263671875,83.57148943567522,0.5347840189933777,59.19738175021747,-0.7105833,-0.4899305,-0.17411959,-0.20508337,-52.85877704620361,1.0,145074
103352,41912,51.162109375,83.55463861341164,0.5344957113265991,59.18107018380071,-1.0,-0.8240733,-1.0,0.3883266,-55.111223459243774,1.0,127585
76551,15111,18.446044921875,83.5376784621857,0.5342057943344116,59.164652591927805,-0.047495127,-1.0,1.0,-0.5910711,-30.61684548854828,1.0,119869
130043,68603,83.743896484375,83.527220675672,0.5340271592140198,59.15452925516336,0.12663686,-1.0,-0.9501927,1.0,-20.0,1.0,143233
84404,22964,28.0322265625,83.49783659507578,0.5335257649421692,59.12608450843328,-1.0,-1.0,-1.0,0.38812745,-27.711026668548584,1.0,135133
64520,3080,3.759765625,83.49137866958205,0.533415675163269,59.11983294811564,-1.0,-0.77359885,-0.9434937,-0.72377676,-34.85498785972595,1.0,131720
124648,63208,77.158203125,83.45740583509426,0.5328371524810791,59.08694526477189,-1.0,-1.0,-1.0,0.6944884,-39.53278183937073,1.0,159462
78912,17472,21.328125,83.45313127701803,0.5327644348144531,59.08280718859934,-1.0,-1.0,-0.75907975,1.0,-21.814627647399902,1.0,160000
80111,18671,22.791748046875,83.40902946840944,0.5320151448249817,59.04011278885936,-0.8999259,-0.8888623,0.50242263,-0.13844967,-27.9187536239624,1.0,91558
119303,57863,70.633544921875,83.40226356023473,0.5319003462791443,59.03356268456573,-1.0,-1.0,-0.9828123,-0.70281875,-29.55250382423401,1.0,160000
87014,25574,31.21826171875,83.37899656646235,0.5315058827400208,59.01103757765787,-0.5928507,-1.0,-1.0,0.27336866,-20.0,1.0,160000
98823,37383,45.633544921875,83.36973175938772,0.5313489437103271,59.0020680866069,-0.32581222,-0.55097,-0.7293126,-0.50710225,-25.189226865768436,1.0,160000
127120,65680,80.17578125,83.36047651957688,0.5311922430992126,58.99310780122023,-1.0,-1.0,-1.0,1.0,-35.46517848968506,1.0,129351
117033,55593,67.862548828125,83.36005395912325,0.5311850905418396,58.99269870595855,-1.0,-0.9228201,-0.6425363,-0.9005605,-22.248942852020264,1.0,155073
137552,76112,92.91015625,83.35398918261834,0.5310824513435364,58.98682717492972,-1.0,-0.46468735,0.45008355,1.0,-20.0,1.0,160000
121994,60554,73.91845703125,83.33592428415771,0.5307769179344177,58.96933774517204,-1.0,-0.7667779,-1.0,-0.36912608,-26.391732692718502,1.0,160000
86638,25198,30.759277343750004,83.32722757209478,0.5306299328804016,58.96091799581114,-1.0,-1.0,-0.694821,-0.18933582,-20.0,1.0,160000
105493,44053,53.775634765625,83.28628993741876,0.5299389362335205,58.92128342925918,-1.0,-1.0,-1.0,1.0,-20.34740447998047,1.0,160000
131291,69851,85.267333984375,83.28628993741876,0.5299389362335205,58.92128342925918,-1.0,-1.0,-1.0,1.0,-53.275755643844604,1.0,160000
79699,18259,22.288818359375,83.28628993741876,0.5299389362335205,58.92128342925918,-1.0,-0.10374999,-1.0,1.0,-43.64107966423035,1.0,129566
79700,18260,22.2900390625,83.28628640239376,0.5299388766288757,58.92128000670872,-1.0,-1.0,-1.0,1.0,-42.5184291601181,1.0,160000
120748,59308,72.3974609375,83.26098363712583,0.5295125246047974,58.89678209581316,-1.0,-1.0,1.0,-0.7497442,-59.55966711044312,1.0,160000
104286,42846,52.30224609375001,83.25887031750004,0.5294769406318665,58.89473597982639,-0.6334149,-0.68668735,-0.4005154,1.0,-60.0,1.0,143868
116886,55446,67.68310546875,83.25843134078869,0.5294695496559143,58.89431096222629,-1.0,-1.0,-1.0,-0.18045008,-60.0,1.0,146675
128507,67067,81.868896484375,83.25834283620065,0.5294680595397949,58.89422527199882,-1.0,-1.0,1.0,-0.27087033,-60.0,1.0,139785
68607,7167,8.748779296875,83.25615487276262,0.5294312238693237,58.89210688207168,-1.0,-1.0,0.75347483,-0.51614124,-20.0,1.0,160000
111241,49801,60.79223632812501,83.23823107644071,0.5291296243667603,58.87475291508109,-1.0,-1.0,0.2755453,0.9221021,-43.72919857501984,1.0,160000
135307,73867,90.169677734375,83.23201759817377,0.529025137424469,58.8687369257755,-1.0,-0.5397722,-0.5665987,1.0,-27.45787739753723,1.0,160000
129927,68487,83.602294921875,83.23059952303444,0.5290012955665588,58.8673639191848,-0.37333894,-1.0,-1.0,-0.0010418892,-55.52952527999878,1.0,160000
125064,63624,77.666015625,83.2265397035196,0.528933048248291,58.86343311962027,-1.0,-1.0,-1.0,-0.045292675,-60.0,1.0,160000
130945,69505,84.844970703125,83.21846360591974,0.5287973284721375,58.85561364654331,-1.0,-1.0,-0.55859554,0.32650584,-20.0,1.0,160000
143360,81920,100.0,83.21507893450986,0.5287404656410217,58.8523365132874,-1.0,-1.0,-1.0,1.0,-45.08066177368164,1.021742582321167,160000
108015,46575,56.854248046875,83.21041960098867,0.5286622047424316,58.84782520454575,-0.7677605,-1.0,-0.19583154,1.0,-40.45629024505615,1.0,160000
76519,15079,18.406982421875,83.1998724891076,0.528485119342804,58.83761311768327,-1.0,-1.0,-0.51738787,0.47071406,-55.91464042663574,1.0,160000
104444,43004,52.49511718749999,83.18605770983315,0.5282533168792725,58.824237051450496,-1.0,-1.0,0.4106807,1.0,-31.09816968441009,1.0,103007
129503,68063,83.084716796875,83.16352926877447,0.5278756618499756,58.802423778808325,-1.0,-1.0,-1.0,0.030990362,-20.0,1.0,112159
83702,22262,27.17529296875,83.15173542805016,0.5276781320571899,58.79100420568812,-1.0,-1.0,-0.4582156,0.661065,-60.0,1.0,160000
140151,78711,96.082763671875,83.13379596839137,0.5273779034614563,58.77363386955104,-1.0,0.068255484,-1.0,-0.3095531,-56.78996682167053,1.0,160000
108221,46781,57.10571289062501,83.10205751500754,0.5268474221229553,58.742901807058026,-0.22260505,-1.0,-1.0,-0.5910609,-54.145861864089966,1.0,129107
100226,38786,47.34619140625,83.08391112239218,0.5265445113182068,58.72533052955965,-0.45232534,-1.0,-0.6336079,-0.6580061,-39.532477259635925,1.0,160000
102499,41059,50.12084960937499,83.07925930997328,0.5264669060707092,58.72082611392337,-1.0,-0.9441054,-1.0,0.22148281,-28.41241717338562,1.0,160000
123519,62079,75.780029296875,83.06509692509118,0.5262307524681091,58.70711239272776,-0.56045526,-0.7735781,-1.0,0.07079446,-53.38956594467163,1.0,84214
74088,12648,15.439453125,83.06086264511157,0.5261601805686951,58.703012230018,-0.53018266,-1.0,-0.83256996,0.61433554,-53.45297574996948,1.0,96730
69032,7592,9.267578125,83.04830099822534,0.5259509086608887,58.69084839646597,0.038604736,-1.0,-0.55643475,0.21191859,-36.42362833023071,1.0,151929
97535,36095,44.061279296875,83.03623617500395,0.5257500410079956,58.6791655595022,-0.39300817,-0.99411917,-1.0,0.90503335,-20.304489135742188,1.0,160000
142089,80649,98.448486328125,83.02649651386511,0.5255879759788513,58.66973420078847,-0.74138093,-1.0,-0.991526,-0.6381031,-46.44523739814758,1.0,89241
71352,9912,12.099609375,83.02340774696259,0.5255365967750549,58.66674319433236,-1.0,-0.93863225,-0.7974237,0.46474287,-30.95271706581116,1.0,160000
101375,39935,48.748779296875,83.01341785529493,0.5253704786300659,58.65706944507147,-1.0,-1.0,0.61860293,-0.21557653,-55.8627188205719,1.0,160000
131485,70045,85.504150390625,83.00826856799668,0.5252848863601685,58.65208308897365,-1.0,0.0596385,-1.0,0.013521552,-20.0,1.0,136954
88846,27406,33.45458984375,83.00146052635088,0.5251717567443848,58.64549043863743,-1.0,-1.0,-1.0,0.567829,-60.0,1.0,116283
140227,78787,96.175537109375,82.97926587492739,0.5248032212257385,58.623997776386645,-0.9653096,-1.0,0.5776377,0.43038297,-25.52825808525085,1.0,160000
142590,81150,99.06005859375,82.9701624650557,0.5246521830558777,58.61518220756089,-1.0,-0.42820966,-0.50471485,0.9732097,-36.33614659309387,1.0,129959
67820,6380,7.7880859375,82.91152467726732,0.5236809849739075,58.55839726271898,0.10848808,-1.0,-1.0,1.0,-41.13888680934906,1.0,160000
130536,69096,84.345703125,82.90450257439313,0.523564875125885,58.55159690309096,-1.0,-0.31371272,-1.0,0.20947564,-35.25988340377808,1.0,156854
99267,37827,46.175537109375,82.90009986102405,0.5234920978546143,58.54733320273287,-0.28188503,-0.10540259,-1.0,-0.5008342,-53.51442337036133,1.0,160000
88937,27497,33.565673828125,82.89722548469793,0.5234445929527283,58.54454957669231,-1.0,-1.0,0.32565176,-0.972329,-28.91502857208252,1.0,160000
65768,4328,5.283203125,82.88311437876403,0.5232114791870117,58.53088391559045,-1.0,-0.2737214,0.56695646,0.061315775,-20.0,1.0,160000
89507,28067,34.261474609375,82.87882238948607,0.5231406092643738,58.526727387259896,-1.0,-1.0,-1.0,-0.38209474,-22.253479957580566,1.0,160000
83033,21593,26.358642578125004,82.85322426536796,0.5227182507514954,58.50193694102486,-1.0,-0.64268667,0.9572398,0.92120266,-57.91434407234192,1.0,58709
79644,18204,22.2216796875,82.8506322509006,0.5226755142211914,58.49942668815142,-1.0,-1.0,-1.0,-0.35575908,-20.0,1.0,160000
131185,69745,85.137939453125,82.83664322029239,0.5224449634552002,58.48587885216949,-1.0,-1.0,-1.0,-0.3753878,-20.0,1.0,133883
66773,5333,6.510009765624999,82.8305099413885,0.5223439335823059,58.47993897094299,-1.0,-1.0,0.8169244,-0.7787942,-24.326577186584476,1.0,160000
97609,36169,44.151611328125,82.8270172806899,0.5222864151000977,58.4765564324177,-0.76033306,-0.06749457,-1.0,0.5094526,-20.0,1.0,160000
78843,17403,21.243896484375,82.82001561856065,0.522171139717102,58.469775507613214,-0.38770097,-0.2192679,-1.0,0.96258104,-26.07329368591309,1.0,160000
137843,76403,93.265380859375,82.79589988518734,0.521774411201477,58.44641983022868,-1.0,-1.0,-1.0,0.5918498,-20.0,1.0,160000
68507,7067,8.626708984375,82.79300300143483,0.5217267870903015,58.443614224016045,-1.0,-1.0,-1.0,-0.16435999,-20.0,1.0,154944
77488,16048,19.58984375,82.78841932892816,0.5216514468193054,58.439174967539024,-1.0,0.17683321,-1.0,1.0,-56.091930866241455,1.0,160000
135072,73632,89.8828125,82.77627325984031,0.5214518904685974,58.42741151893685,-1.0,-1.0,-1.0,0.37911922,-32.66188681125641,1.0,160000
96064,34624,42.265625,82.77227009793987,0.5213861465454102,58.42353444358257,-1.0,-1.0,-1.0,-0.82137007,-20.0,1.0,160000
71009,9569,11.680908203125,82.7538879862953,0.5210844278335571,58.40573118514905,-0.48214287,-1.0,0.02509439,-0.50259936,-56.81361198425293,1.0,160000
107601,46161,56.34887695312501,82.75247466801883,0.5210612416267395,58.404362363927945,-0.71524113,-0.45263952,-1.0,0.6694421,-20.0,1.0,133150
127115,65675,80.169677734375,82.73375049817531,0.5207542181015015,58.386227595078,-0.92532635,-1.0,-0.9608308,1.0,-20.0,1.0,160000
73045,11605,14.166259765625,82.7251513046199,0.5206133127212524,58.37789901756671,-0.44952816,-1.0,-0.66936135,1.0,-39.78901028633118,1.0,145347
136471,75031,91.590576171875,82.72093400995341,0.5205442309379578,58.373814424783205,-1.0,-1.0,-0.1025238,1.0,-38.3584213256836,1.0,152906
109823,48383,59.061279296875,82.71049062202378,0.5203732252120972,58.363699604169,-1.0,-1.0,-1.0,-0.83506787,-29.236170053482056,1.0,160000
101796,40356,49.2626953125,82.70388832550711,0.5202651619911194,58.35730499405422,-1.0,-1.0,0.17254841,-0.48451746,-46.34088337421417,1.0,160000
62752,1312,1.6015624999999998,82.6986063657552,0.5201787352561951,58.35218916865167,-1.0,-1.0,-1.0,-0.9940949,-23.32207202911377,1.9729039669036863,160000
107049,45609,55.67504882812499,82.69635108781412,0.5201418399810791,58.35000482129861,-1.0,-1.0,-1.0,-0.92780983,-47.023282051086426,1.0,160000
75894,14454,17.64404296875,82.69062612384754,0.520048201084137,58.34445989923459,-1.0,-1.0,-0.9163291,-0.5837815,-20.0,1.0,155365
68677,7237,8.834228515625,82.65683681415288,0.5194960832595825,58.311732820141785,-1.0,-1.0,0.21057522,-0.3340971,-37.57140398025513,1.0,160000
108978,47538,58.02978515625,82.6542335757404,0.5194535851478577,58.30921139148961,-0.962438,-1.0,-0.51432776,-0.4759978,-38.74110162258148,1.0,160000
137001,75561,92.237548828125,82.64836865458652,0.5193578600883484,58.3035307676113,0.03975165,-1.0,0.021342576,0.20070004,-39.78068888187408,1.0,110206
105185,43745,53.399658203125,82.62330463726789,0.5189490914344788,58.279254125689896,-0.6923568,-1.0,-0.57223505,1.0,-57.374444007873535,1.0,160000
136854,75414,92.05810546875,82.61425149400958,0.5188015699386597,58.27048529253037,-0.5934765,-1.0,-1.0,0.66998863,-39.88212764263153,1.0,160000
64256,2816,3.4375000000000004,82.58412166530317,0.518311083316803,58.241301333409,-1.0,-0.9641875,-0.3121884,-0.86650974,-20.0,1.0,160000
121009,59569,72.716064453125,82.57002427989606,0.5180818438529968,58.22764632745295,-1.0,-1.0,-0.059563458,-0.07521665,-20.0,1.0,160000
94976,33536,40.9375,82.53097568726783,0.5174477100372314,58.18982248768943,-0.9925379,-0.5805097,-0.16840374,-0.4814604,-35.7344663143158,1.0,160000
135791,74351,90.760498046875,82.52520684246427,0.5173541307449341,58.18423450706428,-0.1435985,0.15933478,-0.086293936,1.0,-40.592429637908936,1.0,160000
83080,21640,26.416015625,82.52468131764846,0.5173456072807312,58.183725457490254,-1.0,-0.3443101,-0.25789055,0.3064981,-20.0,1.0,160000
70661,9221,11.256103515625,82.5121418250481,0.5171422958374023,58.17157903172991,-1.0,-1.0,0.36190104,0.32420176,-56.80891036987305,1.0,160000
69034,7594,9.27001953125,82.50596662659413,0.5170422196388245,58.16559736972364,-0.61932087,-1.0,-1.0,0.88398707,-40.00402688980103,1.0,160000
87673,26233,32.022705078125,82.50427078197154,0.517014741897583,58.16395467060893,-1.0,-1.0,-0.7270562,-0.32024324,-42.4723607301712,1.0,160000
87352,25912,31.630859375,82.49994407577968,0.5169446468353271,58.15976355013347,-1.0,-0.69147414,-1.0,-0.68221736,-31.086080074310303,1.0,160000
98849,37409,45.665283203125,82.491560277202,0.5168088674545288,58.15164244354075,-1.0,-1.0,-0.56384194,1.0,-35.56687355041504,1.0,160000
66147,4707,5.745849609375,82.45711628434839,0.5162516236305237,58.11827727207618,-0.9776182,-1.0,-1.0,-0.001478374,-25.54750084877014,1.0,160000
103286,41846,51.08154296875001,82.43856388744942,0.5159518718719482,58.10030567492788,-1.0,-1.0,-0.98226166,1.0,-39.83331859111786,1.0,94349
98845,37405,45.660400390625,82.43522345899508,0.5158979296684265,58.09706980084452,-1.0,-1.0,-0.53681415,1.0,-44.22299325466156,1.0,155856
67356,5916,7.2216796875,82.4196361154044,0.5156463384628296,58.08197025252908,-1.0,-0.85526884,-1.0,-0.23992318,-34.77291226387024,1.0,151778
134129,72689,88.731689453125,82.41265651077899,0.5155337452888489,58.0752090252288,-1.0,-1.0,-1.0,-0.28216016,-48.58604431152344,1.0,142508
95382,33942,41.43310546875,82.3965931788306,0.5152747631072998,58.0596481768831,-0.92992604,-1.0,-1.0,0.4777822,-56.847662925720215,1.0,160000
130896,69456,84.78515625,82.38646063510876,0.51511150598526,58.04983251844591,-0.9042738,-1.0,-0.76861227,0.8177977,-27.15688824653625,1.0,160000
131976,70536,86.103515625,82.38092425663312,0.515022337436676,58.044469260287016,-1.0,-1.0,-1.0,0.31146938,-32.03647971153259,1.0,160000
99009,37569,45.860595703125,82.36940256507378,0.514836847782135,58.03330779206471,-1.0,-0.98629606,-0.45835996,-0.20204747,-20.0,1.0,160000
129558,68118,83.15185546875,82.3603086986504,0.5146905183792114,58.02449819084581,-1.0,-1.0,-1.0,0.6370169,-49.625113010406494,1.0,160000
123340,61900,75.5615234375,82.35392018577747,0.5145877599716187,58.018309348771126,-0.7732979,-1.0,-1.0,0.91721815,-56.392085552215576,1.0,160000
77165,15725,19.195556640625,82.3457500440813,0.5144563913345337,58.01039452874872,-1.0,-0.95683664,-0.3292075,0.6050179,-23.70155930519104,1.0,160000
102967,41527,50.692138671875,82.33006411333784,0.5142043232917786,57.99519868777679,-1.0,-1.0,-0.04499322,0.52137494,-35.10705441236496,1.0,160000
113012,51572,62.9541015625,82.31150655264693,0.5139063596725464,57.97722076045015,-1.0,-1.0,-1.0,-0.92823493,-20.0,1.0,160000
81243,19803,24.173583984375,82.29038927327538,0.5135676264762878,57.95676283248298,-1.0,-0.38423312,-1.0,-0.7668169,-20.0,1.0,160000
103277,41837,51.070556640625,82.28578612833725,0.5134938359260559,57.95230338011422,-0.91880345,-1.0,-1.0,-0.8245915,-20.0,1.0,160000
95397,33957,41.451416015625,82.27409512946542,0.5133064985275269,57.94097727672198,-0.9309843,-1.0,0.8122882,1.0,-60.0,1.0,160000
104899,43459,53.05053710937499,82.25075265374221,0.5129327774047852,57.91836313238757,-1.0,-1.0,-1.0,1.0,-20.0,1.0,160000
104895,43455,53.045654296875,82.25075265374221,0.5129327774047852,57.91836313238757,-1.0,-0.79184586,-1.0,1.0,-25.777233839035038,1.0,160000
79091,17651,21.546630859375,82.25075265374221,0.5129327774047852,57.91836313238757,-1.0,-1.0,-1.0,1.0,-31.53231739997864,1.0,131347
79097,17657,21.553955078125,82.25075265374221,0.5129327774047852,57.91836313238757,-0.96405137,-1.0,-1.0,1.0,-20.0,1.0,160000
95491,34051,41.566162109375,82.23726741060315,0.512717068195343,57.90529851859511,-1.0,-0.13092518,-1.0,0.30436182,-25.476949214935303,1.0,148118
115882,54442,66.45751953125,82.2088295242294,0.5122626423835754,57.87774733434037,-0.67537373,-1.0,-1.0,0.65123886,-44.01709258556366,1.0,160000
119363,57923,70.706787109375,82.18958623979009,0.5119554996490479,57.85910381030469,-1.0,-0.91588676,-1.0,1.0,-60.0,1.0,145093
93567,32127,39.217529296875,82.18958623979009,0.5119554996490479,57.85910381030469,-1.0,-0.48525557,-1.0,1.0,-60.0,1.0,160000
67763,6323,7.718505859374999,82.18958623979009,0.5119554996490479,57.85910381030469,-1.0,-1.0,-1.0,1.0,-26.724932193756104,1.0,160000
67761,6321,7.716064453125,82.18958623979009,0.5119554996490479,57.85910381030469,-1.0,-1.0,-1.0,1.0,-37.43212401866913,1.0,160000
93563,32123,39.212646484375,82.18958623979009,0.5119554996490479,57.85910381030469,-1.0,-0.77889746,-1.0,1.0,-57.19028949737549,1.0,160000
93570,32130,39.22119140625,82.18956382297011,0.5119551420211792,57.8590820920376,-1.0,-1.0,-1.0,1.0,-60.0,1.0,160000
111446,50006,61.04248046875001,82.17949993785817,0.5117946267127991,57.84933179001848,-1.0,0.21487057,-0.74294865,0.012905836,-20.0,1.0,152129
88185,26745,32.647705078125,82.17127850211617,0.511663556098938,57.84136648709465,-1.0,0.09273815,-1.0,1.0,-25.360409021377563,1.0,148901
86589,25149,30.699462890625,82.16546281534414,0.5115708708763123,57.83573196158979,-1.0,-0.6766819,-0.6079527,0.6271701,-22.753769159317017,1.0,160000
101634,40194,49.06494140625,82.10259360440998,0.5105705857276917,57.77481998555597,-0.7487976,-0.70906585,-1.0,-0.7639091,-59.50523376464844,1.0,160000
68760,7320,8.935546875,82.08949517938598,0.5103625655174255,57.76212907048988,-1.0,-1.0,-1.0,0.26695198,-20.0,1.0,160000
135229,73789,90.074462890625,82.06246520341304,0.5099337100982666,57.7359397433634,-1.0,-1.0,-0.11575925,-0.5117028,-24.07167911529541,1.0,131557
130697,69257,84.542236328125,82.0602321030696,0.50989830493927,57.73377607633529,-1.0,-1.0,-0.9796115,1.0,-60.0,1.0,160000
141684,80244,97.9541015625,82.04574118081925,0.5096686482429504,57.71973565260107,-0.08047366,-1.0,-1.0,0.670855,-55.0429368019104,1.0,160000
68757,7317,8.931884765625,82.03369845371945,0.5094779133796692,57.708067228613935,-0.4707495,-1.0,-1.0,0.26433867,-21.79178476333618,1.0,160000
129413,67973,82.974853515625,82.01708684484875,0.5092149972915649,57.69197180296325,-0.8424964,-1.0,-0.84011805,0.2498396,-20.0,1.0,160000
124352,62912,76.796875,82.01415555634149,0.5091686248779297,57.6891315850753,-1.0,-1.0,-1.0,1.0,-38.10015797615051,1.0,160000
98552,37112,45.302734375,82.01415555634149,0.5091686248779297,57.6891315850753,-1.0,-0.98977214,-1.0,1.0,-26.02735280990601,1.0,160000
72754,11314,13.811035156250002,82.01415555634149,0.5091686248779297,57.6891315850753,-1.0,-1.0,-1.0,1.0,-24.9713134765625,1.0,160000
127762,66322,80.95947265625,82.00619604006877,0.5090427398681641,57.68141933575425,-1.0,-0.2130146,-1.0,0.33702403,-20.0,1.0,160000
113533,52093,63.590087890625,82.00613949851211,0.5090418457984924,57.68136455057359,-1.0,-1.0,-0.2893728,-0.71051204,-20.0,1.0,160000
115152,53712,65.56640625,81.9952957558951,0.5088704228401184,57.67085762079388,0.10968566,-0.415385,-0.9589176,-0.3482178,-26.479684114456177,1.0,130671
95503,34063,41.580810546875,81.98688758872271,0.5087375640869141,57.66271057333636,-1.0,-0.12312353,-1.0,-0.22480112,-59.41576361656189,1.0,160000
73042,11602,14.16259765625,81.96862236183424,0.508449137210846,57.64501245351458,-1.0,-0.45229286,-0.88970184,0.90978366,-29.979076385498047,1.0,160000
98867,37427,45.687255859375,81.93837161163731,0.507972002029419,57.6157005567065,-1.0,-1.0,-0.9703168,0.007756889,-26.653753519058228,1.0,160000
127807,66367,81.014404296875,81.92855195210227,0.507817268371582,57.60618555417708,-1.0,-1.0,-1.0,-0.31615698,-35.91567933559418,1.0,110475
111206,49766,60.74951171875001,81.925445467078,0.5077683329582214,57.60317543801279,-0.3645782,-1.0,-1.0,0.5165899,-44.48351323604584,1.0,107858
104720,43280,52.83203125,81.92169133915768,0.5077092051506042,57.599537763298656,-0.5494707,-0.31258887,-0.07832438,0.31861103,-20.0,1.0,160000
130694,69254,84.53857421875,81.91781918843154,0.507648229598999,57.595785719146754,-1.0,-0.4962225,-0.9720496,1.0,-57.36096262931824,1.0,160000
68044,6604,8.0615234375,81.8967008948289,0.5073158740997314,57.57532233641098,-1.0,-1.0,-1.0,0.05723113,-45.87855279445648,1.0,160000
140058,78618,95.96923828125,81.88687681046238,0.5071613788604736,57.5658028330288,-1.0,-1.0,-0.04442334,-0.8284074,-23.70067358016968,1.0,160000
62571,1131,1.380615234375,81.86416752530815,0.5068045258522034,57.543797423657054,-1.0,-1.0,-0.86487335,-0.57671314,-39.19099807739258,1.1335489749908447,160000
80482,19042,23.24462890625,81.8623875226011,0.5067765712738037,57.54207258097309,-0.68039346,-1.0,-1.0,0.4382822,-26.712090969085693,1.0,160000
69640,8200,10.009765625,81.86018603106645,0.506742000579834,57.539939308600616,-1.0,-1.0,-1.0,-0.45066547,-20.0,1.0,123143
64748,3308,4.0380859375,81.84543767578944,0.5065104961395264,57.52564790644166,-0.842794,-1.0,-0.32416904,-0.48110658,-41.74895942211151,1.0,160000
135742,74302,90.70068359375,81.82799132973,0.5062368512153625,57.50874196156125,-1.0,-1.0,-1.0,-0.20054686,-37.981499433517456,1.0,160000
136706,75266,91.87744140625,81.82351625688169,0.5061666965484619,57.504405479035015,-1.0,-1.0,-1.0,-0.50790274,-56.57285451889038,1.0,160000
134693,73253,89.420166015625,81.80551890849323,0.5058847069740295,57.48696539400332,-1.0,-1.0,-0.47396737,-0.08295643,-28.87434959411621,1.0,151129
113297,51857,63.302001953125,81.80234847280548,0.5058350563049316,57.4838931093468,-0.58362365,-1.0,-1.0,-0.84481895,-23.909595012664795,1.0,160000
137097,75657,92.354736328125,81.74569893613038,0.504949152469635,57.428996477105095,-0.75206465,-1.0,-1.0,0.746724,-31.36569917201996,1.0,160000
135636,74196,90.5712890625,81.74089715164641,0.5048741698265076,57.42434319908055,-1.0,-1.0,-0.9069424,0.28258026,-60.0,1.0,160000
109207,47767,58.309326171875,81.73659828590557,0.5048070549964905,57.42017727595235,-1.0,-0.05689466,-0.9357575,1.0,-24.195650815963745,1.0,60722
104396,42956,52.43652343750001,81.72391803423042,0.5046091675758362,57.407889107182896,-1.0,-0.62826896,0.29737437,-0.59512365,-20.0,1.0,160000
97650,36210,44.20166015625,81.72370408528766,0.5046058297157288,57.407681773005294,-1.0,-0.75750214,-1.0,0.263099,-20.0,1.0,160000
71305,9865,12.042236328125,81.71070645295899,0.5044031143188477,57.395085951583056,-1.0,-1.0,-1.0,-0.42605555,-22.38142251968384,1.0,131991
113922,52482,64.06494140625,81.70030566147419,0.5042409896850586,57.38500663054402,-1.0,-1.0,-1.0,-0.5386261,-60.0,1.0,160000
112541,51101,62.37915039062501,81.68845324628022,0.5040563344955444,57.37352048666067,-1.0,0.21863401,-0.57150304,-0.32702756,-39.97788429260254,1.0,160000
101202,39762,48.53759765625,81.67446515397705,0.5038385391235352,57.35996457311081,-1.0,-0.42581517,-1.0,-0.4397986,-52.8596818447113,1.0,160000
108769,47329,57.77465820312499,81.6508398139638,0.5034710168838501,57.33706894374721,-1.0,-0.6842009,-1.0,-0.6902288,-20.0,1.0,158133
104083,42643,52.054443359375,81.64842062371618,0.5034334063529968,57.33472445876441,-0.048021197,-0.5671926,-1.0,-0.61790454,-20.0,1.0,160000
103281,41841,51.07543945312501,81.64758476977337,0.5034204125404358,57.333914415544655,-0.20480472,-0.8676437,-0.7794558,1.0,-31.17328643798828,1.0,97020
103676,42236,51.55761718750001,81.60447465025567,0.5027509331703186,57.292135042465794,-1.0,-1.0,-1.0,-0.872141,-59.328463077545166,1.0,160000
126707,65267,79.671630859375,81.59431003993879,0.5025932788848877,57.28228406460339,-1.0,-0.29249555,-1.0,0.8222971,-20.0,1.0,84226
100701,39261,47.926025390625,81.59009289955469,0.5025278925895691,57.27819703051321,-1.0,-1.0,-0.34723696,0.8620919,-32.64647424221039,1.0,145627
77135,15695,19.158935546875,81.58644403561448,0.5024713277816772,57.27466073344209,-1.0,-1.0,-1.0,-0.36091185,-29.33419704437256,1.0,160000
83156,21716,26.5087890625,81.58579032709616,0.5024611949920654,57.27402719103317,-1.0,-1.0,-0.28564847,0.3411982,-20.0,1.0,160000
78696,17256,21.064453125,81.58548269263213,0.5024564266204834,57.27372904664368,-1.0,-0.92993605,-0.7440663,-0.06827259,-20.0,1.0,160000
140718,79278,96.77490234375,81.57861744571667,0.5023500323295593,57.2670755704432,-1.0,-0.69139725,-1.0,0.9800124,-22.948505878448486,1.0,160000
75512,14072,17.177734375,81.54398068326338,0.5018137693405151,57.233506886799496,-1.0,-0.4345141,-1.0,1.0,-53.59901189804077,1.0,100811
140082,78642,95.99853515625,81.54206569088714,0.5017841458320618,57.23165092903853,0.05030024,-0.6467035,-0.42807096,0.5166274,-20.0,1.0,160000
111896,50456,61.59179687500001,81.52593365758077,0.5015347003936768,57.21601613635304,-1.0,-1.0,0.18558419,0.9871452,-32.56914973258972,1.0,114508
73691,12251,14.954833984374998,81.5054591426028,0.5012183785438538,57.19617252815828,-0.63723475,0.1011368,-1.0,-0.34322822,-48.37009072303772,1.0,160000
80566,19126,23.34716796875,81.47697763338755,0.50077885389328,57.16856831613239,-1.0,-1.0,-0.5159111,1.0,-20.202364921569824,1.0,142281
141689,80249,97.960205078125,81.47468170984354,0.5007434487342834,57.166343095275366,-1.0,-0.26075268,-1.0,0.6740438,-40.76217651367188,1.0,160000
96469,35029,42.760009765625,81.46541435515677,0.5006005764007568,57.15736110172448,-1.0,-0.5353466,-0.83502567,0.3677947,-37.88457453250885,1.0,133456
87931,26491,32.337646484375,81.45722235490537,0.5004743337631226,57.14942131564162,-0.008276224,-1.0,-1.0,0.7868883,-58.30501794815064,1.0,160000
102286,40846,49.86083984375,81.45136072443827,0.5003840327262878,57.143740132358495,-1.0,-1.0,-0.8036667,0.39505565,-20.0,1.0,160000
75109,13669,16.685791015625,81.43165162806318,0.5000805854797363,57.12463764865063,-1.0,-1.0,-0.3883266,1.0,-20.0,1.0,160000
86719,25279,30.858154296875,81.43016429423093,0.5000576972961426,57.12319608485628,-1.0,-1.0,-1.0,0.20117617,-20.0,1.0,160000
