step,reward,score,bonus,dsp_jitter,dsp_shimmer,dsp_tilt,dsp_harmonics,dsp_threshold,dsp_ratio,dsp_bitrate
45112,73.69510899756263,0.974420428276062,48.7210214138031,-1.0,-0.627147,0.22936228,-0.10423362,-31.125710010528564,1.0,160000
44138,73.68925125120083,0.9743056297302246,48.71528148651123,-0.24299467,-1.0,0.17155626,0.060958028,-44.873313903808594,1.0,160000
31010,73.68723175494844,0.9742660522460938,48.71330261230469,-0.6936028,-0.41837883,-0.84031725,1.0,-20.0,1.0,160000
26933,73.6840899751185,0.9742044806480408,48.71022403240204,-1.0,-0.40326482,-0.32319304,-0.41664654,-20.0,1.0,143446
60647,73.68402306398477,0.9742031693458556,48.71015846729279,-0.95849955,-1.0,0.8371449,-0.9313662,-60.0,1.0,160000
15568,73.68060451092373,0.9741361737251282,48.70680868625641,-0.56350464,0.36286634,-0.7229636,0.92276525,-22.58989453315735,1.0,160000
74569,73.67789764615884,0.974083125591278,48.704156279563904,-1.0,-0.1711449,-1.0,-0.33472276,-21.519194841384888,1.0,160000
28421,73.67467069451318,0.9740198850631714,48.70099425315857,-1.0,0.09577598,-1.0,0.060570512,-51.12349510192871,1.0,89062
45124,73.67425097758972,0.9740116596221924,48.70058298110962,-0.28484443,-0.53453654,-1.0,-0.34698302,-28.9941668510437,1.0,160000
79533,73.67328076210961,0.973992645740509,48.69963228702545,-0.592721,-1.0,-0.10062513,-0.41519982,-20.0,1.0,160000
52733,73.67298574353384,0.9739868640899658,48.69934320449829,-0.3872627,-1.0,-0.820339,-0.32193148,-60.0,1.0,144395
34564,73.67279413351214,0.973983108997345,48.69915544986725,-1.0,-0.9976493,0.9281446,-0.4641813,-24.813385009765625,1.0,160000
45113,73.6718391246109,0.9739643931388856,48.69821965694428,-0.16677348,-0.6119506,-1.0,0.2361572,-20.0,1.0,123891
67978,73.67160797590414,0.9739598631858826,48.69799315929413,-1.0,-1.0,-1.0,0.24545607,-20.0,1.0,160000
33863,73.66950634653831,0.9739186763763428,48.69593381881714,-0.9707141,-1.0,0.12627175,-0.7930584,-45.81048667430878,1.0,160000
66759,73.66870340807401,0.973902940750122,48.6951470375061,-0.50505567,-0.33198106,-1.0,-0.08455521,-44.04078722000122,1.0,160000
31646,73.66852092202299,0.9738993644714355,48.69496822357178,-1.0,-1.0,-1.0,-0.5345113,-48.16479325294495,1.0,160000
57446,73.6656528478163,0.9738431572914124,48.69215786457062,-0.006707132,-0.858552,1.0,-0.5234018,-20.19641399383545,1.0,160000
74066,73.66543994715913,0.973838984966278,48.691949248313904,-1.0,-1.0,-0.777086,-0.5362066,-39.1160774230957,1.0,141698
62304,73.66423857882106,0.9738154411315918,48.69077205657959,-0.52860224,-0.9948471,-1.0,-0.4901523,-52.68800973892212,1.0,160000
65624,73.66322882067719,0.9737956523895264,48.68978261947632,-0.6858201,-1.0,-0.8458688,-0.5989802,-28.84547472000122,1.0,106542
67169,73.66295813242988,0.9737903475761414,48.68951737880707,-1.0,-1.0,-0.9668408,-0.5921997,-25.111912488937374,1.0,146493
74564,73.66288513784126,0.9737889170646667,48.68944585323334,-1.0,-1.0,-0.1313533,-0.29288262,-58.747419118881226,1.0,115737
70914,73.66276956307152,0.9737866520881652,48.68933260440826,-1.0,-0.07335132,0.92556334,-0.10416138,-43.00361216068268,1.0,160000
68785,73.66275739730597,0.9737864136695862,48.68932068347931,-0.34754324,-1.0,-0.6879395,-0.96234655,-60.0,1.0,160000
15534,73.66267527838694,0.9737848043441772,48.68924021720886,0.05117473,0.022659795,-0.73816085,-0.7106152,-28.639966249465942,1.0,133308
40903,73.6623863414279,0.9737791419029236,48.68895709514618,0.09159848,-1.0,0.33044687,-0.44137365,-20.0,1.0,117924
77813,73.66090515880164,0.973750114440918,48.6875057220459,-0.39327264,-1.0,0.010453641,-0.7747201,-41.1528754234314,1.0,160000
62118,73.65998360119559,0.973732054233551,48.68660271167755,-1.0,-0.2836067,-0.25067708,-0.4434213,-25.810946226119995,1.0,160000
25927,73.65935402203922,0.9737197160720824,48.685985803604126,-1.0,-0.2406371,0.9851025,-0.7878407,-20.0,1.0,155052
32123,73.6593023174637,0.9737187027931212,48.68593513965607,-1.0,-0.4513758,-1.0,-0.37389132,-45.11327862739563,1.0,90438
59013,73.6588400176814,0.9737096428871156,48.685482144355774,-0.7046993,-0.5638041,1.0,-0.7017294,-20.07380247116089,1.0,160000
57112,73.65840204938674,0.9737010598182678,48.68505299091339,-1.0,-0.34019464,-1.0,-0.7374885,-47.87422180175781,1.0,160000
39576,73.65739837175173,0.973681390285492,48.6840695142746,-1.0,-0.18034297,0.8885469,-0.78046936,-29.880268573760983,1.0,160000
5205,73.65634907196969,0.9736608266830444,48.68304133415222,0.049669944,0.013352665,1.0,-0.24697241,-41.622377187013626,1.0,113950
31002,73.65564649708371,0.9736470580101012,48.682352900505066,-0.6161986,-1.0,-1.0,0.55084026,-30.176515579223636,1.0,160000
76505,73.65509295309332,0.9736362099647522,48.68181049823761,-1.0,0.11219525,-1.0,-0.7586163,-40.922348499298096,1.0,147965
25242,73.65470060590405,0.9736285209655762,48.68142604827881,-1.0,-0.86421406,-0.32983223,-0.7801585,-59.2309319972992,1.0,133044
34567,73.65467627429337,0.973628044128418,48.6814022064209,-0.12887295,-1.0,-1.0,-0.451511,-58.73699903488159,1.0,147184
81684,73.65425655397121,0.973619818687439,48.68099093437195,0.0323039,-0.60553414,0.29519582,-0.6867489,-40.59158205986023,1.0,155225
45119,73.65425047106746,0.9736196994781494,48.68098497390747,-1.0,-1.0,0.8250383,0.048716098,-21.23758196830749,1.0,121046
31008,73.65358743446946,0.9736067056655884,48.68033528327942,-0.4764318,0.21621458,-0.66918045,1.0,-46.410863399505615,1.0,137576
46577,73.65356918575324,0.9736063480377196,48.68031740188599,0.027660698,-0.5327293,-0.09174505,-0.59282947,-36.77164375782013,1.0,160000
56804,73.65340190584821,0.9736030697822572,48.68015348911285,-1.0,-1.0,-1.0,0.36024502,-47.49807298183441,1.0,124075
42628,73.65337453277176,0.973602533340454,48.68012666702271,-0.6136427,-0.29003584,-0.9896492,-0.21899202,-31.08156383037567,1.0,90991
76455,73.65253205015935,0.9735860228538512,48.679301142692566,-1.0,-1.0,-0.98671174,-0.6149359,-35.57174623012543,1.0,98026
15566,73.6524164749049,0.97358375787735,48.67918789386749,-0.74759364,-0.43485627,0.16757885,-0.5441051,-39.50110286474228,1.0,117538
19322,73.65237693600082,0.9735829830169678,48.67914915084839,-1.0,0.03634167,-0.45772603,-0.9419627,-20.0,7.200263202190399,160000
81685,73.6521974901974,0.973579466342926,48.6789733171463,-1.0,-0.495936,-1.0,-0.49926382,-39.556169509887695,1.0,160000
57333,73.65123030750684,0.9735605120658876,48.67802560329437,-0.05658114,-1.0,0.3994141,-0.7918062,-20.0,1.0,160000
74952,73.65031178774538,0.9735425114631652,48.67712557315826,-1.0,-0.75533503,-0.13018319,-0.84547293,-36.17050886154175,1.0,160000
70446,73.64973086944163,0.9735311269760132,48.67655634880066,0.035863936,-0.5069384,-0.52587736,-0.55474734,-25.36996603012085,1.0,160000
42956,73.64938414326846,0.9735243320465088,48.67621660232544,-0.1550914,-1.0,-1.0,-0.43009788,-21.79940104484558,1.0,115933
81686,73.64846866427885,0.9735063910484314,48.67531955242157,-0.6954776,-0.7433189,-1.0,-0.44261092,-31.73577606678009,1.0,156850
2132,73.6481918914942,0.9735009670257568,48.67504835128784,-0.7775908,-0.5182777,-0.811774,-0.1800594,-23.594093322753903,1.0,85719
33217,73.64814018668484,0.9734999537467957,48.67499768733978,-0.37271747,-0.52445084,0.67374516,-0.61708474,-58.72269153594971,1.0,140506
21673,73.64705438543791,0.9734786748886108,48.67393374443054,-1.0,-1.0,-0.5567797,-0.6645262,-50.29994010925293,1.0,158967
56802,73.64622406651495,0.9734624028205872,48.67312014102936,0.0018330216,-1.0,-1.0,-0.010093927,-52.63455867767334,1.0,160000
41338,73.64619061043527,0.9734617471694946,48.67308735847473,-1.0,-0.5248044,-1.0,-0.7521053,-20.0,1.0,160000
76547,73.64555494483524,0.9734492897987366,48.67246448993683,-0.95681065,-0.72055155,0.31694216,-0.91843295,-60.0,1.0,154325
36428,73.6447367912621,0.973433256149292,48.6716628074646,-1.0,-0.37522998,0.32390177,-0.7993045,-60.0,1.0,127735
59516,73.64413153993118,0.9734213948249816,48.671069741249084,-0.6043879,-1.0,-0.765343,0.80921096,-20.0,1.0,134282
48266,73.64349283233554,0.9734088778495787,48.67044389247894,-0.57142395,-1.0,-0.33248007,-0.4321667,-20.0,1.0,112289
63158,73.64307311011122,0.9734006524086,48.67003262042999,-1.0,-1.0,-0.6546547,0.5690231,-24.13989543914795,1.0,160000
66406,73.64306094424857,0.9734004139900208,48.67002069950104,-1.0,-1.0,-1.0,-0.44412863,-31.589052081108093,1.0,160000
15564,73.64268684394312,0.9733930826187134,48.66965413093567,-1.0,-0.45724478,-0.26642418,-0.20767438,-50.12303471565247,1.0,116255
29574,73.642063343308,0.9733808636665344,48.66904318332672,-0.8061926,-0.48425978,1.0,-0.87321764,-38.82648766040802,1.0,160000
73925,73.64163145497078,0.9733723998069764,48.668619990348816,-0.23516758,-1.0,-0.42975873,-0.02384156,-20.0,1.0,160000
45115,73.64161928910103,0.9733721613883972,48.66860806941986,0.09791049,-1.0,-0.5100614,1.0,-20.0,1.0,134813
9935,73.64152196214089,0.9733702540397644,48.66851270198822,-0.72656417,-0.09582261,-0.87461716,-0.24303705,-60.0,1.0,88254
74069,73.64146417425648,0.9733691215515136,48.66845607757568,-1.0,-0.10379189,-1.0,-0.3475523,-34.41487193107605,1.0,127506
20897,73.64102011994167,0.9733604192733764,48.66802096366882,0.17305079,-1.0,-0.45589316,-0.10498887,-26.93009853363037,1.0,160000
61260,73.64051219470275,0.973350465297699,48.66752326488495,-0.40912557,-1.0,0.46158972,-0.8572543,-20.0,1.0,106636
63156,73.64022021367975,0.9733447432518004,48.66723716259003,-0.32698902,-0.012042373,0.11764023,0.7190998,-44.53201174736023,1.0,160000
8766,73.63992519115266,0.9733389616012572,48.66694808006287,-0.5293689,-0.35796386,-1.0,-0.4271366,-30.152480602264404,1.0,119525
37922,73.63894583776852,0.9733197689056396,48.66598844528198,-1.0,-1.0,-0.96955186,-0.9313563,-48.43327462673187,1.0,127879
32114,73.63845616093063,0.9733101725578308,48.66550862789154,-0.99466646,-1.0,-0.23237973,-0.04747197,-32.2453635931015,1.0,160000
69416,73.63798473282716,0.9733009338378906,48.66504669189453,-0.68960506,-1.0,-0.117412835,-0.8275865,-50.48776388168335,1.0,125832
35727,73.63775966389437,0.9732965230941772,48.66482615470886,-0.35155445,0.012683198,1.0,-0.57493746,-29.321742057800293,1.0,160000
37372,73.6370662081345,0.9732829332351683,48.66414666175842,-0.89402616,-0.988456,0.4375957,-0.9123379,-20.0,1.0,127835
59513,73.63484897327822,0.9732394814491272,48.66197407245636,-0.6059754,-1.0,-0.8294816,-0.12373459,-60.0,1.0,160000
60788,73.6347972681892,0.973238468170166,48.6619234085083,-1.0,-0.45383048,-1.0,-0.39153743,-20.0,1.0,160000
42949,73.63408252125936,0.9732244610786438,48.66122305393219,-0.79619855,-0.57228327,-1.0,-0.8191208,-38.00462067127228,1.0,160000
53732,73.631530720956,0.9731744527816772,48.65872263908386,-0.006690383,-1.0,-1.0,-0.011014819,-32.798139452934265,1.0,160000
30237,73.63079164123316,0.9731599688529968,48.65799844264984,-0.13211885,-1.0,0.022069737,-0.85473746,-60.0,1.0,160000
61097,73.63046316128523,0.9731535315513612,48.65767657756805,-0.7843679,0.10680702,-0.23871103,-0.58083916,-60.0,1.0,160000
18842,73.62910970177897,0.973127007484436,48.6563503742218,-1.0,-0.1768977,-0.54224527,-0.51926243,-54.904054403305054,1.0,87364
62619,73.62692287462477,0.9730841517448424,48.65420758724213,-0.049778342,-0.45949727,-1.0,-0.9625607,-50.64687967300415,1.0,160000
29573,73.62664001645065,0.9730786085128784,48.65393042564392,-1.0,-0.3641646,-1.0,-0.7727968,-55.19579291343689,1.0,96775
37354,73.62507365070543,0.9730479121208192,48.65239560604096,-0.9651932,-0.78881186,-0.49023896,1.0,-52.14689731597901,1.0,160000
16842,73.6245140168775,0.9730369448661804,48.65184724330902,-1.0,-1.0,-1.0,-0.26639923,-34.69494879245758,1.0,129665
73695,73.62202607799591,0.9729881882667542,48.64940941333771,-0.9074605,-1.0,-0.16223219,-0.7525214,-23.925668001174927,1.0,160000
7920,73.62190441832851,0.9729858040809632,48.64929020404816,-0.10059486,-1.0,-1.0,0.004369475,-51.99504017829895,1.0,113995
74130,73.62145123601458,0.9729769229888916,48.64884614944458,-0.16844386,-1.0,-1.0,-0.9156102,-25.37338256835937,1.05337655544281,160000
49072,73.61952597062455,0.9729391932487488,48.64695966243744,-1.0,-1.0,0.36467892,-0.92791754,-20.0,1.0,160000
35738,73.61933739794625,0.9729354977607728,48.64677488803864,-1.0,-1.0,-0.72406566,0.107391775,-52.49173164367676,1.0,160000
31642,73.61853140165864,0.9729197025299072,48.64598512649536,-1.0,-1.0,-0.31415802,-0.05390799,-60.0,1.0,160000
69931,73.61847361323544,0.9729185700416564,48.645928502082825,-0.48850214,-1.0,0.6323917,0.17882055,-20.0,1.0,160000
44284,73.61812688266778,0.972911775112152,48.645588755607605,-0.8892256,-0.69872636,0.23037472,-0.5092698,-29.93234872817993,1.0,160000
62652,73.61757028875981,0.9729008674621582,48.64504337310791,-0.49056345,-0.8479956,-1.0,-0.44819522,-32.54522442817688,1.0,160000
54445,73.61709885666293,0.972891628742218,48.6445814371109,-1.0,-0.54238576,-1.0,-0.9756994,-21.338335275650024,1.0,149620
70082,73.61548990385968,0.9728600978851318,48.64300489425659,-0.5760189,-0.66546816,-0.41023564,-0.5208849,-20.110135078430176,1.0,160000
52486,73.61534695337079,0.9728572964668274,48.64286482334137,-1.0,-1.0,0.08835828,-0.8372429,-33.61148118972778,1.0,160000
64595,73.61410906262006,0.9728330373764038,48.64165186882019,-0.14142522,-0.0021122694,0.34699017,-0.7736047,-20.0,1.0,160000
77842,73.61370758440519,0.9728251695632936,48.64125847816467,-0.24030083,-0.64945984,-1.0,-0.2756157,-35.52393138408661,1.0,160000
60604,73.6132574420865,0.9728163480758668,48.640817403793335,-0.43102223,-0.3519012,-0.56333965,-0.090762556,-27.540346384048465,1.0,150186
38651,73.61311449146811,0.9728135466575624,48.64067733287811,-0.27378678,-0.9396582,-1.0,-0.79102564,-20.0,1.0,149868
44922,73.61263697551246,0.9728041887283324,48.64020943641663,-1.0,-1.0,-0.049803942,-0.088661015,-36.32115453481674,1.0,160000
57943,73.6124453608036,0.9728004336357116,48.64002168178558,-0.179656,-0.978521,0.15019456,-0.29945034,-28.125507831573486,1.0,160000
45142,73.61161807173085,0.9727842211723328,48.63921105861664,-0.92183036,-0.17840654,-0.614234,-0.820524,-34.0663743019104,1.0,160000
62117,73.61122571762496,0.9727765321731568,48.63882660865784,0.09321767,-1.0,-1.0,-0.3185584,-33.811434507369995,1.0,135942
59542,73.61070866173111,0.9727663993835448,48.638319969177246,-0.06839353,-1.0,0.04899627,-0.4495412,-37.01821058988571,1.0,160000
77909,73.61070866173111,0.9727663993835448,48.638319969177246,-0.29812562,-0.8366256,-0.3822568,-0.63948685,-60.0,1.0,160000
34562,73.61044100922578,0.9727611541748048,48.63805770874024,-0.340525,-0.32261005,-0.16489616,-0.1295614,-54.43069934844971,1.0,160000
78284,73.6101551076539,0.9727555513381958,48.63777756690979,-1.0,-1.0,-0.20624787,-0.54460144,-23.17360281944275,1.0,160000
26497,73.60938864795705,0.9727405309677124,48.63702654838562,-1.0,-0.4511847,-0.7696071,-0.40063998,-57.46820688247681,1.0,160000
65651,73.60927915369518,0.9727383852005004,48.636919260025024,-1.0,-1.0,-1.0,-0.7137829,-35.30663192272186,1.0,160000
79248,73.60888984072469,0.9727307558059692,48.63653779029846,-0.16829872,-0.8657547,0.0388816,-0.5972982,-36.58725917339325,1.0,160000
25181,73.608150754213,0.9727162718772888,48.63581359386444,-1.0,-0.8249796,0.8135502,-0.9887478,-20.0,1.0,160000
69501,73.607679320314,0.9727070331573486,48.63535165786743,-0.5378207,-1.0,1.0,-0.5813285,-37.77642905712128,1.0,160000
52490,73.60741470898924,0.9727018475532532,48.63509237766266,-0.07922971,-0.37088418,0.15625018,-0.5557912,-55.81692337989807,1.0,160000
53733,73.6070071466633,0.9726938605308532,48.63469302654266,-1.0,-1.0,-1.0,-0.03234294,-41.4643132686615,1.0,91178
16652,73.60635626340596,0.9726811051368712,48.63405525684357,-0.9058449,-1.0,-0.21666491,-0.82205534,-39.01124328374863,1.0,160000
10703,73.60458306188386,0.9726463556289672,48.63231778144837,0.080130324,-0.5707857,0.820658,-0.3116016,-34.5464164018631,1.0,103238
49698,73.6030410142395,0.9726161360740662,48.63080680370331,-0.5534682,-1.0,0.54427904,-0.6632111,-45.11551380157471,1.0,160000
44133,73.60269123998465,0.972609281539917,48.63046407699585,-1.0,-1.0,-1.0,-0.33245325,-25.860533714294437,1.0,84204
65654,73.5965504125846,0.9724889397621156,48.624446988105774,-0.682042,-1.0,0.33013135,-0.93739986,-21.53078317642212,5.272952377796173,160000
55887,73.59600293837313,0.972478210926056,48.6239105463028,-1.0,0.028588653,-0.6652591,0.05104029,-20.0,1.0,160000
37355,73.59483803450705,0.9724553823471068,48.62276911735535,-1.0,-1.0,-0.7766814,-0.055051506,-47.11708843708038,1.2203723788261414,160000
48126,73.59328989770684,0.9724250435829164,48.62125217914581,0.058404237,-0.9423279,-0.020038873,-0.48771226,-55.95709681510925,1.0,160000
20370,73.59230140120539,0.9724056720733644,48.62028360366821,0.011936009,0.04943219,-0.6284162,-0.67691016,-23.326849937438965,1.0,160000
63153,73.59191512708007,0.9723981022834778,48.61990511417389,0.119030416,-1.0,-0.48735645,1.0,-27.340824604034424,1.0,160000
27980,73.5915227698356,0.9723904132843018,48.61952066421509,-1.0,-0.23547706,-1.0,0.6789917,-20.0,1.0,160000
40833,73.59008412607098,0.972362220287323,48.61811101436615,-0.4072613,-0.9063834,-0.65241027,-0.94283587,-28.636860847473145,3.1158313751220703,123684
60610,73.58938457383091,0.9723485112190248,48.61742556095123,-0.054405153,-1.0,-0.6487333,-0.06626451,-50.17369270324707,1.1633527874946594,105727
21579,73.58725550057278,0.972306787967682,48.615339398384094,-0.09942723,-0.42099112,-1.0,-0.44130445,-20.0,1.0,132310
72585,73.58540928841398,0.9722706079483032,48.61353039741516,-1.0,-0.41831866,-0.18336606,-0.6810671,-44.141297340393066,1.0,160000
74470,73.58402843030933,0.9722435474395752,48.61217737197876,-1.0,-1.0,-1.0,0.06587088,-27.05348491668701,1.0,160000
57913,73.58343837176406,0.9722319841384888,48.61159920692444,-0.308925,-0.74684846,-0.024597317,-0.054653823,-43.89909565448761,1.0830167531967163,160000
33712,73.58239208203699,0.972211480140686,48.6105740070343,-1.0,-1.0,-1.0,1.0,-20.0,1.0,147322
74539,73.58185068775941,0.972200870513916,48.6100435256958,-1.0,0.11527866,-0.21405172,-0.41431212,-44.285807609558105,1.0,160000
39228,73.58107509462616,0.9721856713294984,48.60928356647492,-0.9660882,-1.0,-0.13277718,-0.6080867,-31.45506381988525,1.0,118940
72714,73.5806888187392,0.9721781015396118,48.60890507698059,-1.0,-1.0,-1.0,-0.7614862,-25.3541898727417,1.0,104251
49582,73.57787843172065,0.9721230268478394,48.60615134239197,-0.27860346,-1.0,-1.0,0.10082245,-20.0,1.0,160000
74304,73.57770506358517,0.9721196293830872,48.60598146915436,-1.0,-1.0,-0.23778495,-0.8864138,-28.843190670013428,1.0,105069
58900,73.5721481521409,0.9720107316970824,48.600536584854126,-0.6123388,-0.16542053,1.0,-0.49126923,-37.53737092018128,1.0,160000
63154,73.57133605729908,0.9719948172569276,48.599740862846375,-0.44197562,-0.2705504,0.18832105,1.0,-20.0,1.0,160000
48613,73.57083115924729,0.9719849228858948,48.59924614429474,-0.67330134,-1.0,-1.0,-0.79496217,-28.21774005889893,1.0,114382
75871,73.56941075272653,0.9719570875167848,48.59785437583923,-0.46827036,-1.0,0.6731752,-0.8239571,-34.77546811103821,1.0,141491
45118,73.56860169853866,0.9719412326812744,48.59706163406372,-0.81854635,-1.0,-0.28150654,1.0,-46.74358308315277,1.0,160000
76746,73.56851045180903,0.9719394445419312,48.59697222709656,-0.66003716,-0.7941379,-1.0,-0.8846338,-38.65695118904114,1.0,142833
31175,73.56820933757729,0.9719335436820984,48.59667718410492,0.008307219,-1.0,0.09102382,-0.78086567,-20.0,1.0,95995
68443,73.56752802847242,0.9719201922416688,48.59600961208344,-1.0,-1.0,-1.0,-0.18380308,-20.0,1.0,160000
65409,73.56749152976505,0.9719194769859314,48.59597384929657,0.0373345,-0.19257051,-0.091147035,0.07922989,-49.60671246051788,1.0,160000
81690,73.56699271404338,0.9719097018241882,48.59548509120941,-1.0,-0.8485684,-1.0,0.35495937,-40.750812292099,1.0,160000
16826,73.56622319934749,0.97189462184906,48.594731092453,-1.0,-1.0,-0.79319274,0.023535311,-52.48982906341553,1.0,160000
52726,73.56594641732292,0.9718891978263856,48.59445989131928,-1.0,-0.46336654,-1.0,-0.4505344,-32.56338655948639,1.0,139233
35460,73.56400590071544,0.9718511700630188,48.59255850315094,-0.18736945,-0.48216563,-0.19650835,-0.44269195,-31.59643828868866,1.0,160000
44379,73.56185551453598,0.9718090295791626,48.59045147895813,-0.34546492,-1.0,-0.0018986762,-0.67966634,-33.04287493228912,1.0,106696
3203,73.5599362856789,0.9717714190483092,48.588570952415466,-1.0,-0.48268095,-1.0,-0.44327804,-20.808238983154297,1.0,147574
67439,73.55987849588026,0.9717702865600586,48.58851432800293,-1.0,-0.19607775,-0.9206484,-0.95642203,-20.0,1.0,160000
46394,73.55643847963016,0.9717028737068176,48.58514368534088,-0.8873837,-1.0,-1.0,-0.6962001,-20.0,1.0,130503
6754,73.55532526379169,0.9716810584068298,48.58405292034149,-0.06721478,0.019051798,0.30431452,-0.6896358,-44.070833921432495,1.0,131641
53958,73.55529180647727,0.9716804027557372,48.58402013778687,-0.65911925,-1.0,-0.81705666,-0.45107174,-43.93375754356384,1.0,160000
56216,73.55525530758828,0.9716796875,48.583984375,-0.5307601,-0.1897754,0.9198803,-0.979794,-20.0,1.0,160000
45148,73.55390484831509,0.9716532230377196,48.58266115188599,-0.87699986,-0.7412741,0.7105858,-0.024680078,-30.705214142799377,1.0,160000
35345,73.553482069246,0.971644937992096,48.5822468996048,-1.0,-1.0,-0.9089606,-0.8984796,-24.17487144470215,1.0,139214
72529,73.55168449699663,0.9716097116470336,48.580485582351685,-1.0,-1.0,-1.0,0.10904682,-51.59380197525024,1.0,160000
49402,73.55006333510974,0.9715779423713684,48.57889711856842,-0.5712697,-1.0,-0.14662546,-0.4220094,-30.667333602905277,1.0,160000
76107,73.54716470715732,0.9715211391448976,48.57605695724487,-0.9627192,-1.0,-0.17860395,-0.91139174,-20.0,1.0,123844
56237,73.54463410787079,0.9714715480804444,48.57357740402222,-0.28025463,-1.0,0.16848096,-0.5509164,-20.0,1.0,141985
14808,73.54432386595202,0.9714654684066772,48.57327342033386,-1.0,-0.57001185,-0.8894656,-0.221672,-20.0,1.0,160000
34036,73.54376117217589,0.9714544415473938,48.57272207736969,-0.3187023,-0.8559437,-1.0,-0.554031,-20.0,1.0,135398
70728,73.53930524123635,0.971367120742798,48.56835603713989,-1.0,0.03345728,-0.2672021,0.12544817,-20.0,1.0,160000
25930,73.53885812690078,0.971358358860016,48.56791794300079,-1.0,-0.1986307,-1.0,-0.4681042,-29.46468472480774,1.0,160000
45313,73.5374985338294,0.9713317155838012,48.56658577919006,-0.3585728,-0.49036872,-1.0,-0.011208177,-40.14602303504944,1.0,160000
21572,73.53586823778986,0.9712997674942015,48.56498837471008,-0.2947545,-0.55586195,0.9524738,-0.69297934,-24.88433837890625,1.0,160000
32482,73.53391553103492,0.971261501312256,48.56307506561279,-0.9082095,-1.0,-0.19421424,-0.23091257,-28.36565852165222,1.0,145124
75407,73.53168299524194,0.9712177515029908,48.560887575149536,-1.0,-0.5555006,-1.0,-0.9051323,-54.32666659355164,1.0,149940
53771,73.53166170401889,0.9712173342704772,48.560866713523865,-1.0,-0.50014496,-0.5964701,1.0,-41.540688276290894,1.0,160000
2042,73.53087088703191,0.9712018370628356,48.560091853141785,0.087858945,-0.27349573,0.25477087,-0.63093776,-32.746997475624084,1.020429790019989,107689
63564,73.53041464634669,0.9711928963661194,48.55964481830597,-0.62053835,-0.45372033,-1.0,-0.1152249,-52.7405309677124,1.0,160000
60521,73.52830985488814,0.9711516499519348,48.55758249759674,-0.02488567,-0.45903155,0.08772923,-0.22357982,-27.013593912124637,1.0,143160
42075,73.52812735843392,0.9711480736732484,48.557403683662415,-0.4245604,-0.31502008,-0.43503326,-0.3433792,-20.0,1.0,160000
37803,73.52769545010491,0.9711396098136902,48.55698049068451,-1.0,-0.42365235,0.4489565,-0.4875291,-32.234452962875366,1.0,160000
78285,73.52757682738155,0.971137285232544,48.5568642616272,-0.25466204,0.16365841,-0.11096023,-0.69613963,-59.58436131477356,1.0,151223
42175,73.52615335425413,0.9711093902587892,48.55546951293945,-0.8986496,0.03646481,-0.4437825,0.5421352,-20.0,1.0,158413
75101,73.52509791531287,0.971088707447052,48.5544353723526,-1.0,-0.035368025,1.0,-0.7558192,-54.3315851688385,1.0,136199
36486,73.52447134327724,0.9710764288902284,48.55382144451141,-0.60674745,-0.7759638,-0.540409,-0.9686937,-39.12059962749481,1.0,160000
47259,73.52149664473255,0.971018135547638,48.5509067773819,-0.974115,-1.0,0.18239924,-0.6309159,-60.0,1.0905093550682068,160000
76504,73.51902989300146,0.9709697961807252,48.548489809036255,-1.0,-1.0,-1.0,-0.24278271,-24.560370445251465,1.0,160000
66757,73.51659659663372,0.9709221124649048,48.54610562324524,-1.0,-0.41234666,-1.0,0.4630373,-60.0,1.0,158079
74535,73.51390780134221,0.9708694219589232,48.54347109794617,-0.22757277,-0.86187196,-0.5487274,-0.79429793,-20.0,1.0,160000
80092,73.51179691247714,0.9708280563354492,48.54140281677246,-1.0,-1.0,-1.0,-0.7271166,-20.0,1.0,124249
79848,73.50999930972125,0.970792829990387,48.53964149951935,-0.87926996,-1.0,-1.0,-0.55581564,-20.0,1.0,160000
17897,73.50558285878027,0.9707062840461732,48.535314202308655,-0.08403916,-1.0,0.3800062,-0.74946725,-59.48639273643494,1.0,91683
64334,73.50085006919628,0.9706135392189026,48.53067696094513,-1.0,-1.0,-1.0,0.018607318,-51.89055919647217,1.0,112737
77414,73.49877566882725,0.9705728888511658,48.52864444255829,-1.0,-0.8716749,-0.6065141,-0.67877316,-21.298398971557617,1.0,160000
12074,73.49650660131212,0.9705284237861632,48.52642118930817,-0.7324205,-0.2719831,-0.8283801,0.12358999,-33.10763478279114,1.0,141829
76522,73.49074875702978,0.9704155921936036,48.520779609680176,-1.0,-0.57167065,-0.97065675,-0.32810163,-20.0,1.0,96493
59520,73.49042025837467,0.9704091548919678,48.52045774459839,-0.0627017,-0.17679128,-0.54978585,1.0,-20.0,1.0,141566
58091,73.48879905603415,0.9703773856163024,48.518869280815125,-1.0,-0.1418457,-0.9316949,-0.41947562,-20.0,1.0,94014
20724,73.48575739771904,0.9703177809715272,48.51588904857636,-0.11114562,-0.13300368,-1.0,-0.6722679,-27.42394208908081,1.0,89878
48122,73.48486619111796,0.970300316810608,48.5150158405304,-0.25931615,-1.0,1.0,-0.844499,-33.232632875442505,1.0,160000
79866,73.48432173368349,0.9702896475791932,48.514482378959656,-1.0,-0.014898479,-0.43246415,-0.2502905,-33.56259346008301,1.0,160000
9755,73.48236898591281,0.9702513813972472,48.512569069862366,-0.6326301,-0.69971776,0.92005414,-0.72592527,-32.21988499164581,1.0,99020
42294,73.48225340266268,0.9702491164207458,48.51245582103729,-0.9726826,-1.0,1.0,-0.7388454,-20.0,1.0,160000
73930,73.47899577776619,0.9701852798461914,48.50926399230957,-0.35997698,-0.5308491,-1.0,-0.32575637,-41.80996060371399,1.2095556259155271,153653
51270,73.4786064441556,0.9701776504516602,48.50888252258301,-1.0,-0.2609361,-0.17823535,-0.6905025,-60.0,1.0,160000
39860,73.47843306901224,0.970174252986908,48.5087126493454,-0.50539947,-0.21302381,-1.0,0.71887714,-55.99980473518372,1.0,160000
46080,73.47610314922915,0.97012859582901,48.5064297914505,-1.0,-1.0,1.0,-0.646262,-53.771493434906006,1.0,160000
68363,73.47568035675955,0.9701203107833862,48.50601553916931,-1.0,-0.21917123,-0.8586563,-0.41906655,-20.0,1.0,143878
65467,73.47530318931504,0.970112919807434,48.5056459903717,0.052277207,-0.19231829,-0.9587329,-0.50769186,-20.0,1.0,160000
73055,73.47222197245318,0.9700525403022766,48.50262701511383,-1.0,-1.0,-0.62363356,-0.3583176,-36.20155394077301,1.0,160000
15152,73.47192997144398,0.9700468182563782,48.50234091281891,-1.0,0.170378,-0.077928856,-0.6279363,-52.861878871917725,1.0,129557
79579,73.4686784161884,0.9699831008911132,48.499155044555664,-1.0,-0.77775097,-0.24294794,1.0,-27.61342763900757,1.0,160000
40955,73.46362617817937,0.9698840975761414,48.49420487880707,-0.23591967,0.3179882,-0.763651,-0.93860304,-35.7814022898674,3.024090886116028,160000
74095,73.46349842729393,0.9698815941810608,48.49407970905304,-0.37705794,-0.60936505,-0.11648442,-0.8891597,-55.32305121421814,1.0,89664
53738,73.46300263212781,0.9698718786239624,48.49359393119812,-0.83017504,-1.0,-0.08469409,0.12863976,-20.0,1.0,160000
52367,73.46207491697687,0.969853699207306,48.492684960365295,-0.45028776,-1.0,-1.0,0.0875386,-20.0,1.0,160000
54047,73.45956856346794,0.969804584980011,48.49022924900055,-1.0,-0.24267942,-1.0,-0.30792898,-32.701040506362915,1.0,160000
10406,73.45911230951927,0.9697956442832948,48.489782214164734,-1.0,-0.6514296,-0.29515353,-0.19921787,-20.0,1.0,114544
71417,73.45709870774382,0.9697561860084534,48.48780930042267,-0.6177841,-1.0,0.17692173,-0.59426147,-25.471279621124268,1.0,160000
39606,73.45597632174555,0.9697341918945312,48.48670959472656,-1.0,-1.0,-0.22588482,-0.926896,-20.27904987335205,1.0,158921
35294,73.45586073725039,0.9697319269180298,48.48659634590149,-1.0,-1.0,-0.2580361,-0.7999629,-20.0,1.0,130918
69935,73.45157802368888,0.969648003578186,48.4824001789093,-0.12601763,-0.3935966,-1.0,0.63781047,-27.035531997680664,1.0,160000
26897,73.44900778361522,0.9695976376533508,48.47988188266754,0.0021844804,-0.85765713,0.54611045,-0.66180634,-20.0,1.0,160000
67652,73.44889524049708,0.969595432281494,48.47977161407471,-1.0,-0.25001425,-1.0,-0.3103932,-50.066014528274536,1.0,99862
73769,73.43812149425824,0.9693843126296996,48.469215631484985,-1.0,-0.7743565,-0.61626416,-0.09824002,-53.924853801727295,1.0,160000
58284,73.43628733680055,0.9693483710289,48.46741855144501,-0.5924018,-0.007121742,0.69754195,-0.31853384,-20.0,1.0,150235
30183,73.43584020367956,0.9693396091461182,48.46698045730591,-1.0,-1.0,-1.0,-0.77553034,-26.037784814834595,1.0,160000
70889,73.43289277310285,0.9692818522453308,48.46409261226654,-1.0,-0.29563642,-0.7704959,-0.5642616,-20.0,1.0,121037
77610,73.4325277659732,0.9692746996879578,48.46373498439789,-1.0,-0.0068097115,0.013441026,-0.7463684,-49.8577344417572,1.0,124256
30492,73.431143780112,0.969247579574585,48.46237897872925,-1.0,-1.0,-1.0,-0.6371356,-20.0,1.132168531417847,160000
47276,73.42783437777929,0.9691827297210692,48.45913648605347,-0.44277918,-1.0,-1.0,-0.96357006,-20.0,2.281890571117401,129670
79870,73.42652643260828,0.969157099723816,48.4578549861908,-0.6946989,-1.0,-1.0,-0.19375533,-38.609023690223694,1.0,160000
34804,73.42605192209429,0.969147801399231,48.45739006996155,-0.9489049,-0.38289705,0.9663301,0.11203727,-60.0,1.0,160000
47936,73.42372195246547,0.969102144241333,48.45510721206665,-0.9649665,-1.0,-1.0,0.61881757,-50.70472478866577,1.0,114046
78031,73.42292197543614,0.9690864682197572,48.454323410987854,-1.0,-0.32178253,-1.0,-0.5803432,-29.76008653640747,1.0,136997
5210,73.4226056346375,0.9690802693367004,48.45401346683502,-1.0,0.14999685,-0.77800083,-0.13175102,-20.0,11.0,128337
79572,73.42179957376376,0.969064474105835,48.45322370529175,-0.5263722,-0.59031713,-0.17998716,1.0,-20.0,1.0,109007
73763,73.42115472487347,0.9690518379211426,48.45259189605713,-1.0,-0.152637,1.0,-0.2375657,-44.07945513725281,1.0,92294
78533,73.42040037312563,0.9690370559692384,48.45185279846192,0.03717494,-0.9501379,0.94974685,-0.18824792,-60.0,1.0,143725
58279,73.41679590692458,0.9689664244651794,48.44832122325897,-1.0,-1.0,-1.0,-0.9439068,-20.838959217071533,1.0,160000
29779,73.41669552930875,0.968964457511902,48.44822287559509,-0.74878615,-1.0,1.0,-0.6992731,-43.77097010612488,1.0,141650
48294,73.41383324465085,0.9689083695411682,48.44541847705841,-1.0,-0.59109485,-0.236011,-0.9452898,-20.450645685195923,1.0,155400
20364,73.4130728071433,0.9688934683799744,48.44467341899872,-0.3069204,-1.0,-0.039655168,-0.93182766,-51.292325258255005,1.0,160000
54060,73.41100137417294,0.9688528776168824,48.44264388084412,-0.1948632,-0.2438483,0.038475215,0.18275952,-20.0,1.0,160000
5817,73.40813908284828,0.9687967896461488,48.43983948230744,-0.59029305,-1.0,-1.0,-0.58038557,-20.0,1.0,160000
34015,73.40091794191159,0.968655288219452,48.4327644109726,0.15540767,-0.66533154,-0.7992497,-0.5691235,-27.43241786956787,1.0,160000
23159,73.39813776654427,0.9686008095741272,48.43004047870636,-1.0,-0.56946224,0.47788495,-0.7719832,-60.0,1.0,89332
58033,73.39688759912809,0.9685763120651244,48.42881560325623,-0.7069409,-0.47905108,-0.75457454,-0.92825145,-53.7301516532898,1.0,104465
51809,73.39224281093439,0.9684852957725524,48.424264788627625,-0.65436924,0.09701228,-1.0,-0.49393553,-35.32794713973999,1.0,160000
35605,73.38750067687603,0.9683923721313475,48.41961860656738,-0.7744094,-1.0,-1.0,-0.8973881,-20.0,1.0,136417
35730,73.38460185658937,0.9683355689048768,48.41677844524384,-0.23507497,0.09328073,-0.1675843,-0.09562206,-52.44912266731262,1.0,136786
22329,73.38037681225434,0.9682527780532836,48.412638902664185,0.07061368,0.06401317,-1.0,1.0,-45.245561003685,1.0,147161
71120,73.37995400323956,0.96824449300766,48.412224650383,-0.29306263,-1.0,-0.511791,-0.7433803,-34.59630012512207,1.0,149749
80609,73.37983537335896,0.9682421684265136,48.41210842132568,-0.8690333,-1.0,-1.0,-0.37423432,-20.0,1.0,160000
50612,73.37898975506867,0.968225598335266,48.411279916763306,-1.0,-1.0,-0.8835414,-0.97029495,-26.97460412979126,1.0,138654
45141,73.37723463991266,0.9681912064552308,48.409560322761536,-1.0,-0.736194,0.4134394,0.26593998,-24.79593515396118,1.0,122818
81698,73.37669928391203,0.9681807160377502,48.40903580188751,-0.9989798,-0.16068321,-0.2366901,-0.1524325,-22.753441333770752,1.0,160000
63610,73.37531830823201,0.9681536555290222,48.40768277645111,-1.0,-1.0,-1.0,-0.26242793,-20.0,1.0,152108
52215,73.37400120955382,0.9681278467178344,48.40639233589173,-0.38798395,-1.0,-0.31736237,-0.48742986,-20.0,1.0,160000
74534,73.37297916482423,0.96810781955719,48.4053909778595,-1.0,0.17689091,-0.43030673,-0.30110323,-36.51546120643616,1.0,126552
43698,73.37262023234743,0.9681007862091064,48.40503931045532,0.10697785,-0.6637207,-0.65986526,-0.62002665,-42.19472825527191,1.0,155973
32185,73.37223392360579,0.96809321641922,48.404660820961,-0.6733808,-0.8502563,0.1230171,-0.70152843,-40.60896694660187,1.0,119675
72417,73.36812444651422,0.9680126905441284,48.40063452720642,-1.0,-1.0,0.041551173,-0.8705683,-30.45431971549988,1.0,160000
72728,73.36586438325472,0.9679684042930604,48.398420214653015,-1.0,-1.0,-0.33663452,-0.52819943,-31.865676045417786,1.0,160000
58048,73.36543244629662,0.9679599404335022,48.39799702167511,0.063611984,-0.45928484,-0.7875943,-0.38648415,-60.0,1.0,160000
61265,73.36506134546875,0.9679526686668396,48.39763343334198,-1.0,-0.66113836,-0.0691939,-0.9681824,-22.887582778930664,1.0,160000
51788,73.36376249212671,0.9679272174835204,48.396360874176025,-0.4434029,-0.16331632,-0.32761183,-0.867569,-45.53267061710358,1.0,121518
73175,73.36294120277144,0.9679111242294312,48.39555621147156,-1.0,-1.0,0.02298963,-0.18084228,-34.01240408420563,1.0,160000
71110,73.35851840274944,0.9678244590759276,48.39122295379639,-1.0,-1.0,-1.0,-0.37840247,-20.056841373443604,1.0,160000
78378,73.35642867257698,0.967783510684967,48.38917553424835,-1.0,-1.0,-0.163557,-0.45325434,-46.366329193115234,1.0,132929
22965,73.35415338936363,0.967738926410675,48.38694632053375,0.068674386,-0.102502696,0.18989342,-0.0073983073,-45.26300251483917,1.293869972229004,160000
49609,73.34913133293998,0.9676405191421508,48.38202595710754,0.014593601,-0.49991548,-1.0,-0.56382006,-20.0,1.0,160000
79440,73.34845300471989,0.967627227306366,48.3813613653183,-0.6591643,-0.76717985,-1.0,-0.48034847,-29.71324920654297,1.0,160000
71115,73.34795110255219,0.967617392539978,48.3808696269989,-0.06596106,0.041593194,-1.0,0.526003,-52.7647876739502,1.0,126381
75432,73.34777467631112,0.967613935470581,48.38069677352905,-0.50585085,-1.0,0.36838266,-0.34133732,-20.0,1.0,124728
29488,73.34526820557639,0.967564821243286,48.37824106216431,-1.0,-1.0,-0.199121,-0.1919679,-20.0,1.0,73620
41116,73.34497314756553,0.9675590395927428,48.377951979637146,-0.5695805,-1.0,-1.0,-0.49347162,-29.962501525878903,1.0,160000
59511,73.34369557638487,0.9675340056419371,48.37670028209686,-0.9769664,-1.0,-1.0,0.9548974,-20.0,1.0,81301
51803,73.34360432127491,0.967532217502594,48.3766108751297,-0.014091492,-0.4372162,-0.7207092,-0.69324124,-38.94705891609192,1.0,145556
51679,73.34037084634087,0.9674688577651978,48.37344288825989,-1.0,-0.6350081,-0.06534597,-0.47406542,-40.84066152572632,1.0,153865
62615,73.3381837616162,0.9674260020256042,48.37130010128021,-0.8874958,-0.5321769,-0.36531448,-0.48291785,-46.9514387845993,1.0,160000
76216,73.33617006017622,0.9673865437507628,48.36932718753815,-0.16910297,-0.25884652,-0.08499026,-0.7784343,-43.06293249130249,1.0,138826
22759,73.3361274743272,0.967385709285736,48.3692854642868,-0.5267163,-0.6846895,-0.13216753,-0.8612951,-20.0,1.0570785999298096,111621
48297,73.33579287120187,0.9673791527748108,48.36895763874054,-0.916062,-0.5495121,0.9234427,-0.48663372,-20.0,1.0,160000
78015,73.33528184088543,0.9673691391944884,48.368456959724426,-1.0,-0.5493082,-1.0,-0.4423803,-20.0,1.0,147943
20559,73.33076469324996,0.9672806262969972,48.36403131484985,-0.15526533,-0.7934256,-0.24191737,-0.76637864,-45.19325911998749,1.0,140132
45144,73.32771979641566,0.9672209620475768,48.361048102378845,0.114153266,-1.0,0.05561003,0.4598326,-51.7276668548584,1.0,160000
47020,73.32640571388916,0.967195212841034,48.3597606420517,-0.15277728,-0.5398215,0.93126553,-0.95860255,-20.0,1.0,160000
75158,73.32583688627942,0.9671840667724608,48.35920333862305,-0.833477,-1.0,-0.508287,-0.8889402,-60.0,1.0,151996
61405,73.32546882128469,0.9671768546104432,48.35884273052216,-1.0,-0.79146564,-0.45500028,0.14750564,-20.0,1.0,123583
76663,73.32500037484735,0.9671676754951476,48.358383774757385,-0.002354145,-1.0,-0.08686733,-0.6635004,-34.3910676240921,1.0,156856
79649,73.32345206747529,0.967137336730957,48.35686683654785,-0.7069891,-0.7573694,-0.74198675,-0.30380237,-20.0,1.0,145597
39825,73.32085127389873,0.967086374759674,48.3543187379837,-1.0,-0.5924534,-0.21551535,-0.032030523,-20.0,1.0,160000
62454,73.31842994779218,0.9670389294624328,48.35194647312164,-0.25483155,-0.43248466,0.6987897,-0.4583761,-45.66632926464081,1.0,160000
37046,73.31498046649308,0.9669713377952576,48.34856688976288,-1.0,0.09785983,-0.36099994,-0.7069904,-27.96932101249695,1.0,160000
23782,73.31184125175209,0.9669098258018494,48.34549129009247,0.18723276,-0.15353198,1.0,-0.5828614,-37.41574347019196,1.0,139847
32421,73.30657575747392,0.9668066501617432,48.34033250808716,-0.25040436,-0.4678219,-1.0,-0.81105006,-57.85503268241882,1.0,160000
35728,73.30555672635906,0.9667866826057434,48.33933413028717,-1.0,0.10079166,-1.0,0.15540653,-25.313308238983154,1.0,83908
79858,73.30045243871302,0.9666866660118104,48.33433330059052,-1.0,-1.0,-1.0,1.0,-34.89196956157684,1.0,160000
79852,73.30045243871302,0.9666866660118104,48.33433330059052,-0.4384688,-0.5875441,-1.0,1.0,-20.39381742477417,1.0,160000
63912,73.29833223980405,0.966645121574402,48.33225607872009,-0.36085355,-0.6956335,0.576477,-0.19895029,-20.0,1.0,160000
39572,73.29223627741364,0.966525673866272,48.3262836933136,-1.0,-0.10237062,-0.37629527,-0.3143679,-56.2287163734436,1.0,160000
73739,73.28849777795331,0.966452419757843,48.32262098789215,-0.5102946,-0.9047249,-1.0,0.8610953,-27.70484447479248,1.0,86355
66863,73.28613421593238,0.9664061069488524,48.32030534744263,-0.043995142,-0.07171315,-1.0,-0.6841151,-41.001816391944885,1.0,160000
27647,73.2828915389468,0.966342568397522,48.3171284198761,-1.0,-0.37720788,-0.9130548,-0.40139678,-45.60536146163941,1.0,160000
79849,73.27135961981531,0.9661166071891784,48.30583035945892,0.038750857,-0.09077957,-1.0,-0.3204841,-29.28336262702942,1.0,160000
53649,73.27067214414328,0.9661031365394592,48.30515682697296,-1.0,0.021909237,-0.31839705,-0.066265285,-50.42307615280152,1.0,160000
47899,73.26462782532997,0.9659847021102904,48.299235105514526,-0.059981942,-1.0,0.6222198,-0.5799327,-20.0,1.0,157315
38501,73.2634505959109,0.9659616351127625,48.29808175563812,-1.0,-0.7444492,-1.0,-0.09319481,-20.0,1.0,109666
46167,73.26176536210662,0.9659286141395568,48.29643070697784,-0.3787145,-0.89878273,-1.0,-0.95709354,-20.0,1.0,160000
77838,73.25814545160819,0.9658576846122742,48.29288423061371,-1.0,-1.0,-1.0,-0.30019236,-35.40637135505676,1.0,160000
30081,73.25664577282183,0.9658282995224,48.29141497612,-0.5474417,-0.86248654,-0.6994672,0.5932405,-26.79189801216125,1.0,160000
32149,73.25557804963293,0.9658073782920836,48.29036891460419,-1.0,-0.87179065,-0.39152616,0.31780717,-39.02557194232941,1.0,155641
10980,73.25005082550896,0.9656990766525269,48.28495383262634,-0.16660114,-0.20883174,-0.22719467,-0.2832241,-60.0,1.0,149740
42178,73.24896180573398,0.9656777381896972,48.28388690948486,-1.0,-1.0,-1.0,0.74980515,-24.651334285736084,1.0,104760
70532,73.2479914217801,0.965658724308014,48.282936215400696,-1.0,0.00060909986,0.16853133,-0.682015,-44.72974181175232,1.0245937705039978,160000
49074,73.24710317029749,0.9656413197517396,48.282065987586975,-0.7560684,-1.0,-1.0,0.31491208,-60.0,1.0,138164
49638,73.24523540755857,0.9656047224998474,48.28023612499237,-0.6361393,-1.0,-0.93482107,-0.5524662,-27.70001173019409,1.0,156728
21571,73.23858263186436,0.9654743671417236,48.27371835708618,-0.5014872,-1.0,0.7942314,0.035598986,-49.06294345855713,1.0,96020
72716,73.2351452051816,0.9654070138931274,48.27035069465637,-1.0,-0.60159725,-0.63027465,-0.72764474,-60.0,1.0,89229
66639,73.23457939819916,0.9653959274291992,48.26979637145996,-1.0,-0.48614773,-0.6915652,0.047765195,-29.466378688812256,1.0,114194
63155,73.23186899840586,0.9653428196907043,48.26714098453522,-0.23355919,-0.28987813,0.11546919,1.0,-20.0,1.3375086188316343,129626
61268,73.22980045331741,0.9653022885322572,48.26511442661285,-0.1752432,-1.0,-1.0,-0.31785595,-60.0,1.0,157386
57590,73.22489069365182,0.9652060866355896,48.26030433177948,-0.44771394,-1.0,-1.0,-0.93083596,-39.801408648490906,1.0,125590
61081,73.22456215919321,0.965199649333954,48.25998246669769,-0.13184443,-0.20439875,-1.0,0.07769343,-39.82453942298889,1.0,160000
68553,73.22305941767664,0.9651702046394348,48.25851023197174,-1.0,-1.0,-0.86294377,-0.288862,-60.0,1.0,160000
71949,73.22263353934478,0.9651618599891664,48.25809299945831,-1.0,-1.0,-0.6862184,-0.617182,-29.66043591499329,1.0,140390
14060,73.22124639225993,0.9651346802711488,48.25673401355744,0.0050112605,-0.7466266,0.6952594,0.23952195,-44.42020624876022,1.0,152129
53845,73.21925084593973,0.965095579624176,48.2547789812088,0.09497899,-0.86237043,-1.0,-0.4301988,-29.568002223968502,1.0,160000
45774,73.21917175413103,0.965094029903412,48.25470149517059,-1.0,-0.78236604,0.07172181,-0.9907389,-29.21126961708069,1.0,120298
46525,73.21713666016646,0.9650541543960572,48.252707719802856,-1.0,-0.5307131,-0.6497895,-0.43372548,-29.509153366088867,1.0,145168
27757,73.21664081489104,0.9650444388389589,48.25222194194794,-0.33215165,-1.0,0.9487082,-0.753104,-47.67291963100433,1.0,160000
34986,73.21614496951423,0.9650347232818604,48.25173616409302,0.014184892,-0.92340803,-0.8911679,0.39815968,-31.277871131896973,1.0,160000
81147,73.2142072169777,0.9649967551231384,48.24983775615692,-0.055983186,-0.37915924,-1.0,-0.7752103,-20.0,1.0,160000
56509,73.21392126906258,0.9649911522865297,48.24955761432648,-0.93978083,-0.35288396,-0.13077675,-0.811294,-20.0,1.0,106380
73981,73.21305429911389,0.9649741649627686,48.24870824813843,-0.3990836,-0.6736421,0.21546963,-0.482077,-55.523178577423096,1.0595933198928833,139502
74566,73.21222079087103,0.9649578332901,48.247891664505005,-1.0,-0.2071827,-1.0,0.6940822,-60.0,1.0,81311
37245,73.20778554876105,0.9648709297180176,48.24354648590088,-0.25144514,-1.0,-1.0,-0.5559275,-20.0,1.0,84047
56667,73.20763649041481,0.9648680090904236,48.24340045452118,-0.2700391,-0.36043677,0.7897111,-0.896551,-20.0,1.0,123883
73982,73.20687903051382,0.9648531675338744,48.242658376693726,-0.5558975,0.10936004,-0.8045087,-0.54870987,-35.50002574920654,1.0,160000
48228,73.20658395570922,0.9648473858833312,48.242369294166565,-1.0,0.0059086084,-0.022969037,-0.7379901,-60.0,1.0,86215
68033,73.20486217829833,0.9648136496543884,48.24068248271942,-0.87093425,0.10187113,-1.0,-0.54543614,-60.0,1.0,160000
79540,73.20336246658901,0.9647842645645142,48.23921322822571,-1.0,-0.2143563,-1.0,0.4689052,-20.0,1.0,160000
62001,73.20309476947233,0.964779019355774,48.238950967788696,-0.11712524,-0.42702624,-1.0,-0.4277138,-49.41449522972107,1.2782806754112244,160000
28258,73.20291833272019,0.964775562286377,48.23877811431885,-0.035465747,-0.37764612,0.33970004,0.25774133,-46.64242029190064,1.0,115103
31937,73.20128781316163,0.9647436141967772,48.23718070983887,-1.0,-0.32654583,-0.013595328,-0.81522083,-20.0,1.0,130613
57152,73.19644187822433,0.96464866399765,48.23243319988251,-0.3646646,-0.50880694,-1.0,-0.38659537,-26.498018503189087,1.0,160000
66139,73.19403563825594,0.9646015167236328,48.23007583618164,-1.0,-0.2994802,0.17632961,0.21647316,-36.16614758968353,1.0,112995
56202,73.19379227630563,0.9645967483520508,48.22983741760254,-0.29933956,-0.62276065,-0.58651584,-0.72579587,-20.0,1.0,160000
66951,73.1903517441182,0.9645293354988098,48.22646677494049,0.08934972,-1.0,-1.0,1.0,-49.55368280410767,1.0,160000
39221,73.18993802815923,0.9645212292671204,48.22606146335602,-0.78268355,-0.037894808,-0.82009816,0.4124673,-20.0,1.0,122413
36916,73.18904367135949,0.9645037055015564,48.22518527507782,-0.43456087,-0.37245303,-1.0,-0.8082254,-37.84482717514038,1.0,160000
74920,73.18795158216658,0.964482307434082,48.2241153717041,-0.30272818,-0.065133214,-0.28293937,-0.50730586,-46.13755345344544,1.0,160000
65748,73.18693250127798,0.9644623398780824,48.223116993904114,-1.0,-0.19407266,-0.03868994,-0.79520893,-43.00625860691071,1.0,160000
40259,73.1811830518156,0.9643496870994568,48.21748435497284,-1.0,-0.94452906,0.6802896,-0.752216,-24.943385124206543,1.0,160000
62368,73.18105832815753,0.964347243309021,48.21736216545105,-1.0,-1.0,0.20516646,-0.4069795,-24.61363434791565,1.0,133605
49837,73.17597811516316,0.964247703552246,48.21238517761231,-0.6557177,-0.8874893,-0.61516047,-0.9795916,-31.96986675262451,1.0,160000
45202,73.17569520478499,0.964242160320282,48.2121080160141,-1.0,-0.8546878,0.38330087,-0.5237374,-39.44803774356842,1.0,160000
18339,73.17408900330175,0.9642106890678406,48.21053445339203,-0.693695,-0.27109587,0.0599825,0.6759026,-36.10813349485397,1.0,103418
77355,73.173371079567,0.9641966223716736,48.20983111858368,-1.0,-1.0,-1.0,-0.17150164,-20.0,1.0,101626
60529,73.1657933207252,0.964048147201538,48.2024073600769,-0.5620478,-1.0,-0.046245158,1.0,-20.0,1.0,108395
73525,73.16472859959777,0.9640272855758668,48.201364278793335,-1.0,-0.7690247,-1.0,-0.4195149,-37.05270826816559,1.0,154634
53646,73.16448219264156,0.96402245759964,48.201122879982,-0.33823365,-0.8938885,-0.24187562,-0.042517006,-20.0,1.0,160000
33137,73.16235579082907,0.963980793952942,48.199039697647095,-0.59305054,-0.23726794,0.3296135,-0.9051157,-46.730419993400574,1.0,123036
62310,73.161105502196,0.9639562964439392,48.19781482219696,0.09831911,-0.26625487,0.81027687,-0.06780547,-22.811717987060547,1.0,120015
21254,73.15673709207172,0.9638707041740416,48.19353520870209,-0.92695093,-0.35476413,-0.37425122,-0.76646465,-60.0,1.0,100796
69937,73.1560678363422,0.9638575911521912,48.19287955760956,0.23265779,-0.91751266,-0.4583962,0.446173,-31.74468278884888,1.0,110052
77849,73.15224699099609,0.9637827277183532,48.189136385917664,-0.91013855,-0.8012752,-0.64832807,0.49853867,-24.72530603408813,1.0,160000
37808,73.15202187730819,0.96377831697464,48.188915848732,-1.0,-1.0,-0.33192262,-0.22002327,-20.0,1.0,160000
21282,73.13929987782151,0.9635290503501892,48.17645251750946,-0.7061236,-1.0,-0.75602406,-0.33344224,-31.04828357696533,1.0,160000
42071,73.13470631302198,0.9634390473365784,48.17195236682892,-0.62296927,-0.77835923,-1.0,-0.22795597,-28.582987785339355,1.0,153614
28212,73.1324186536547,0.9633942246437072,48.16971123218536,-0.4598097,-0.3273499,0.10086015,-0.9365071,-36.20572209358215,1.0,160000
23801,73.13145430723561,0.9633753299713136,48.16876649856568,-1.0,-0.9285855,0.016677259,-0.33994648,-20.0,1.0,107569
41559,73.12294553051863,0.9632086157798768,48.16043078899384,-0.8776028,-0.8007895,-0.7258315,-0.06374985,-38.43496561050415,1.0,160000
78261,73.12152486305742,0.9631807804107666,48.15903902053833,-0.09929982,-0.28295308,-1.0,-0.4104812,-20.0,1.0,160000
10099,73.11910333800792,0.9631333351135254,48.15666675567627,-1.0,-1.0,-1.0,-0.23675095,-20.0,1.0,160000
58162,73.11504514862688,0.963053822517395,48.15269112586975,-1.0,-1.0,1.0,-0.90063876,-28.65403652191162,1.0,160000
29617,73.11350279150477,0.963023602962494,48.151180148124695,-1.0,-0.18395182,0.27160573,-0.3425827,-32.70600736141205,1.0,121344
73777,73.11268141748764,0.9630075097084044,48.15037548542023,-0.7416643,-0.78426385,0.14413488,-0.35227668,-48.92577528953552,1.0,115402
38069,73.1101473247785,0.9629578590393066,48.14789295196533,-0.042091496,-0.46316618,-0.8600521,-0.83298767,-29.98785734176636,1.238933563232422,92706
56544,73.10862930158224,0.9629281163215636,48.146405816078186,-0.23536563,-1.0,0.11324671,-0.9487885,-60.0,1.0,160000
61453,73.10707781396296,0.9628977179527284,48.144885897636414,-0.3542328,-0.2629984,0.49306953,-0.4460113,-22.947020530700684,1.0,160000
74615,73.1019183499273,0.9627966284751892,48.13983142375946,-0.15117335,-1.0,-1.0,0.23329443,-36.65529251098633,1.0,124618
46148,73.10014478161906,0.9627618789672852,48.13809394836426,-1.0,-1.0,-0.95880723,-0.71092206,-26.72332644462585,1.0,155324
71080,73.09975538737355,0.962754249572754,48.137712478637695,-1.0,-1.0,-1.0,-0.45224512,-49.18524384498596,1.0,160000
39858,73.09911349515988,0.9627416729927064,48.13708364963532,-1.0,-0.02240786,-1.0,1.0,-20.0,1.0,136247
75964,73.09906177871818,0.9627406597137452,48.137032985687256,-0.009583056,-1.0,-0.9609512,-0.43263233,-20.0,1.0,160000
17801,73.09856590925031,0.9627309441566468,48.136547207832336,-0.20536944,-0.59730065,0.2933986,-0.77779204,-41.0206925868988,1.0,106304
32210,73.09540816141526,0.96266907453537,48.133453726768494,-1.0,-0.35222808,-0.68915284,-0.3105989,-22.89609313011169,1.0,160000
14801,73.09524692755178,0.9626659154891968,48.13329577445984,-0.25259563,0.15547001,0.92288905,-0.9339688,-20.0,3.842152565717697,160000
49377,73.09283754476174,0.9626187086105348,48.13093543052673,-0.87816143,-0.25936866,-1.0,-0.38165307,-20.0,1.0,160000
81763,73.08107960055132,0.9623883366584778,48.11941683292389,-0.19634831,-0.23370671,0.7392922,-0.5016899,-20.03202199935913,1.0,155907
60526,73.0791812880161,0.962351143360138,48.1175571680069,-1.0,-0.3941027,0.17716283,1.0,-23.865903615951535,1.0,160000
50195,73.0726284476905,0.9622227549552916,48.11113774776459,-1.0,-0.19045368,0.44103703,-0.29547495,-32.914453744888306,1.0,160000
62102,73.07130510033883,0.9621968269348145,48.10984134674072,-0.2368882,-1.0,0.7755139,-0.84346575,-38.436285853385925,1.0,160000
72499,73.06189866559312,0.962012529373169,48.10062646865845,-1.0,-1.0,-0.01745534,-0.005649686,-44.01273787021637,1.0,109487
63276,73.06102555675523,0.9619954228401184,48.09977114200592,0.11022031,-0.24059448,-1.0,-0.7994449,-20.0,2.8452411890029907,160000
34773,73.05943449001097,0.9619642496109008,48.09821248054504,-1.0,-0.025551826,-1.0,0.02591014,-25.19187808036804,1.0,160000
52196,73.05629798633629,0.9619027972221376,48.09513986110687,-1.0,0.018673658,-0.8482288,-0.4909233,-22.14941620826721,1.0,91039
41605,73.05275078133604,0.9618332982063292,48.09166491031647,-0.5593186,-0.59354675,0.39652792,-0.7128482,-56.05801582336426,1.0,143470
28170,73.05108365402644,0.9618006348609924,48.09003174304962,-1.0,-0.78011966,0.97623414,-0.58845544,-56.283897161483765,1.0,88637
78097,73.04636214852587,0.961708128452301,48.08540642261505,-0.73461854,-1.0,-1.0,-0.23976135,-24.580533504486084,1.0,136771
65653,73.04300354619798,0.961642324924469,48.08211624622345,-0.090489805,-1.0,-0.5421959,0.9005485,-20.0,1.0,160000
39762,73.04020166513001,0.9615874290466307,48.07937145233154,-1.0,-1.0,1.0,-0.9285558,-20.0,1.0,160000
80027,73.03863796461539,0.9615567922592164,48.077839612960815,-1.0,-0.28316545,-0.5597794,0.24136871,-20.289151668548584,1.0,160000
58426,73.0360855407773,0.9615067839622498,48.07533919811249,-1.0,-0.1979447,-0.2879898,-0.52206326,-20.0,1.0,126171
59396,73.03404725043,0.9614668488502502,48.07334244251251,0.038995504,-0.008736134,-0.31624645,-0.072710276,-49.21810865402222,1.0,160000
36105,73.02454331862981,0.961280643939972,48.0640321969986,-1.0,-0.61130965,1.0,-0.86569273,-47.51027286052704,1.0,160000
18765,73.02210344276207,0.961232841014862,48.0616420507431,-0.6048349,-0.54334414,-0.34545153,-0.8705884,-25.941498279571533,1.0,142439
25030,73.02173837384098,0.961225688457489,48.06128442287445,-1.0,-0.19921485,1.0,-0.8679013,-53.40049743652344,1.0,101116
11061,73.02033285797782,0.9611981511116028,48.05990755558014,-0.53709835,-0.7202595,1.0,-0.30398434,-60.0,1.0,119779
12078,73.01177197090334,0.9610304236412048,48.05152118206024,-0.06142173,-0.07998436,-0.51047164,0.50150776,-57.47301459312439,1.0,98990
70474,73.01133388631065,0.9610218405723572,48.05109202861786,-0.7738513,-0.0043670535,0.34366363,-0.33970106,-41.30064010620117,1.0,150256
7337,73.00670965518941,0.9609312415122986,48.04656207561493,-0.79100096,-0.880896,0.63403714,-0.8413325,-20.0,1.0,141278
35946,73.00532238411972,0.960904061794281,48.04520308971405,-0.37002075,-1.0,1.0,-0.015185028,-58.092079162597656,1.0,160000
67123,73.0011879465152,0.9608230590820312,48.04115295410156,-0.884072,-0.32702565,-0.08149907,-0.36182356,-20.0,1.0,160000
46320,72.98515818707843,0.9605090022087096,48.025450110435486,-0.7651377,-1.0,-0.2124408,0.30802384,-31.661351323127747,1.0,124886
74094,72.98470792848507,0.960500180721283,48.02500903606415,-0.94314873,0.2120251,-1.0,1.0,-28.018274307250977,1.0,156391
58043,72.98468663246842,0.9604997634887696,48.02498817443848,-0.22867376,-0.41438133,0.10828033,-0.39138258,-26.50738477706909,1.0,160000
78537,72.9827304404209,0.960461437702179,48.02307188510895,-1.0,-1.0,-1.0,1.0,-41.13643407821655,1.0,160000
78535,72.9827304404209,0.960461437702179,48.02307188510895,-1.0,-1.0,-1.0,1.0,-40.10172247886658,1.0,144060
70286,72.96587609148763,0.9601312279701232,48.006561398506165,-1.0,-1.0,0.36992878,-0.90228856,-40.19705653190613,1.0,160000
81308,72.96447966990839,0.9601038694381714,48.00519347190857,-1.0,-0.37087303,-1.0,-0.55968857,-29.13269519805908,1.0,119156
66953,72.9622192297704,0.9600595831871032,48.00297915935517,-0.5748115,0.21723112,-1.0,1.0,-60.0,1.0,126013
60572,72.95612850429823,0.9599402546882628,47.99701273441315,-1.0,-0.13584667,-1.0,0.34789306,-60.0,1.0,156757
32698,72.95431832067236,0.9599047899246216,47.99523949623108,-1.0,-0.057424545,-0.43391907,-0.96737176,-30.207661390304565,1.0,126418
57035,72.95412361176406,0.959900975227356,47.9950487613678,-0.26228106,-1.0,-1.0,-0.14093608,-60.0,1.0,126239
41631,72.95328697174402,0.9598845839500428,47.994229197502136,-1.0,-1.0,-0.3648674,0.004251182,-48.36080551147461,1.0,124197
60021,72.94967268350646,0.9598137736320496,47.99068868160248,-0.33515546,-0.81234777,0.78880876,-0.7062926,-54.39758896827698,1.277407467365265,120087
65657,72.94928326492038,0.9598061442375184,47.99030721187592,-1.0,-0.0779292,-0.5175755,1.0,-20.0,1.0,96995
41147,72.94851051222655,0.9597910046577454,47.98955023288727,-0.54950434,-0.24319941,-1.0,-0.5037943,-54.36656475067139,1.0,160000
47379,72.94511526515882,0.959724485874176,47.9862242937088,-0.80636436,-1.0,-0.06304783,1.0,-60.0,1.0,138334
67310,72.94422385989057,0.9597070217132568,47.98535108566284,-0.73962545,-1.0,-0.09921464,-0.023661613,-33.05530786514282,1.0,126964
38068,72.94330507322658,0.9596890211105348,47.98445105552673,-1.0,-0.86310494,-0.5986595,-0.98519844,-20.0,2.044088900089264,111821
74121,72.9378866586253,0.9595828652381896,47.979143261909485,0.041715413,-0.51326036,-0.8879585,-0.5349277,-20.85802316665649,1.0,160000
72153,72.93593651314902,0.9595446586608888,47.977232933044434,-1.0,-0.97474885,-1.0,-0.6321471,-37.42148220539093,1.0,160000
28138,72.93505118917241,0.959527313709259,47.97636568546295,-0.3330351,-0.19687834,1.0,-0.9166287,-28.76763343811035,1.0,102473
74618,72.93101702835854,0.9594482779502868,47.97241389751434,-0.83212465,-0.2684495,0.5797925,-0.1261723,-20.0,1.0,160000
56641,72.92865311649324,0.9594019651412964,47.97009825706482,-1.0,-0.06600721,0.17077577,-0.773242,-38.09814274311066,1.0,160000
4604,72.92574157705506,0.9593449234962464,47.96724617481232,-1.0,-1.0,-0.16082248,-0.61512905,-21.090201139450077,1.0,93672
53683,72.92511485023502,0.9593326449394226,47.96663224697113,-0.9920163,-1.0,-1.0,-0.8865541,-32.21666872501373,1.0,160000
25811,72.9218716884422,0.959269106388092,47.9634553194046,-0.89436615,-0.7341487,-0.78268015,-0.2606566,-20.0,1.0,130821
30189,72.92138490955806,0.959259569644928,47.9629784822464,-0.07419835,-0.5334383,0.50009835,-0.56055146,-38.561623096466064,1.0,160000
23985,72.91990023335094,0.9592304825782776,47.96152412891388,-1.0,-1.0,-0.3716371,-0.92422897,-20.0,1.0,160000
58351,72.91746633594019,0.9591827988624572,47.959139943122864,-0.51108074,-0.336636,-1.0,-0.53278506,-41.07488751411438,1.0,160000
5663,72.91441483356982,0.9591230154037476,47.95615077018738,-0.7343464,-1.0,-0.82981575,-0.88243663,-53.52234840393066,1.0,107519
22325,72.91368770531318,0.9591087698936462,47.95543849468231,-0.48901808,-1.0,-1.0,-0.73068035,-20.0,1.0,160000
76109,72.91274152553595,0.9590902328491212,47.954511642456055,-0.097108066,0.0431419,-0.310832,-0.62664604,-20.0,1.0,157959
52232,72.90936143974378,0.9590240120887756,47.95120060443878,0.106398165,-0.3898423,-1.0,-0.6943555,-49.73088502883911,1.0,160000
32077,72.9005537230421,0.9588514566421508,47.94257283210754,-0.9071014,-1.0,-0.11033665,-0.5635886,-20.0,1.0,86715
37977,72.898490978492,0.9588110446929932,47.94055223464966,-0.08827904,-0.7433313,0.72220993,-0.7511507,-20.0,1.0,160000
46781,72.89492832848502,0.9587412476539612,47.93706238269806,-0.62321806,-0.6796934,-0.45374832,-0.385647,-28.609102964401245,1.0,116075
12316,72.89375700345657,0.9587182998657228,47.93591499328613,-1.0,-1.0,-0.11561884,0.12995431,-20.0,1.0,134876
58858,72.89258263545028,0.9586952924728394,47.93476462364197,-0.38682237,-0.19002256,-0.24397896,-0.62458944,-20.0,1.0,160000
10092,72.89253395697128,0.958694338798523,47.93471693992615,-0.12134865,-0.19324973,-0.29783913,-0.3846097,-46.252890825271606,1.0,148813
67129,72.88090281452206,0.9584664702415466,47.92332351207733,-1.0,-0.983014,-0.7659775,-0.19114292,-20.0,1.1873382925987244,122167
51667,72.87216801147859,0.9582953453063964,47.914767265319824,-1.0,-1.0,-1.0,-0.88814366,-33.53235960006714,1.0,150743
57945,72.87206761125826,0.9582933783531188,47.914668917655945,0.13313639,-0.23916349,-1.0,-0.19662082,-25.52912473678589,1.0,160000
73732,72.87173294382673,0.9582868218421936,47.91434109210968,-0.8629108,-1.0,-0.59101415,1.0,-45.73953986167908,1.0,160000
62111,72.8666703326065,0.9581876397132874,47.90938198566437,-1.0,-0.9805779,-1.0,1.0,-26.693602800369263,1.0,160000
69507,72.86617441518607,0.958177924156189,47.90889620780945,-0.4194749,-0.6705545,-1.0,0.09095681,-33.01254630088806,1.0,128279
65152,72.8638378212941,0.9581321477890016,47.90660738945007,-0.77189565,-1.0,0.90786886,-0.6994265,-60.0,1.0,160000
73173,72.85959969659994,0.9580491185188292,47.90245592594147,-1.0,-1.0,0.43917584,0.9794485,-33.73845815658569,1.0,160000
73736,72.85869913216547,0.9580314755439758,47.90157377719879,-1.0,-1.0,-0.56795055,1.0,-31.54638111591339,1.0,131736
70942,72.85611304997848,0.9579808115959167,47.89904057979584,-0.9190592,-1.0,-1.0,1.0,-60.0,1.0,160000
45170,72.85261422845,0.957912266254425,47.89561331272125,-0.5310879,-1.0,-1.0,-0.8083031,-31.466575860977173,1.0,146682
67060,72.85154024133637,0.9578912258148192,47.89456129074097,-1.0,-1.0,-1.0,-0.75395477,-31.837733387947083,1.0,160000
13868,72.84809617742285,0.9578237533569336,47.89118766784668,-0.86402524,0.06793115,-1.0,-0.5145944,-38.27870383858681,1.0,92165
66760,72.84378196315176,0.957739233970642,47.8869616985321,-1.0,0.120367825,-1.0,1.0,-20.0,1.0,96759
57921,72.84313391759909,0.9577265381813048,47.88632690906525,-0.21704242,0.22273234,0.22514476,-0.54144603,-20.0,1.0,106101
39416,72.84084598072134,0.9576817154884338,47.88408577442169,-0.48594072,0.011482686,-0.09979923,-0.49907815,-30.490337014198303,1.0,160000
63984,72.83407038884636,0.957548975944519,47.87744879722595,-1.0,-1.0,-0.12878317,-0.7737312,-20.0,1.0,160000
45307,72.83030075397417,0.9574751257896424,47.87375628948212,-1.0,-0.9958288,-0.4341855,-0.274441,-37.18920052051544,1.0,160000
26425,72.82992652839593,0.957467794418335,47.87338972091675,-0.31038845,-1.0,-1.0,0.4450257,-60.0,1.0,160000
19174,72.82589219039018,0.9573887586593628,47.86943793296814,-0.6715256,-0.14874801,0.2557084,-0.9695296,-48.97739291191101,1.0,132270
73274,72.81881230623873,0.9572500586509703,47.86250293254852,-1.0,-0.56927776,-0.95151716,0.24615443,-20.0,1.0,86900
39283,72.81847154635169,0.9572433829307556,47.86216914653778,-1.0,-0.003683865,-0.61911976,-0.108382314,-20.0,1.0,160000
60247,72.81157419068221,0.9571082592010498,47.85541296005249,-0.4236443,-0.17454523,0.91002584,-0.8025456,-20.0,1.0,102924
48295,72.80878116670468,0.957053542137146,47.8526771068573,-1.0,-0.05421257,-1.0,-0.81575227,-24.939849376678467,5.9971842765808105,138009
52106,72.8078501579858,0.9570353031158448,47.85176515579224,-1.0,-0.5515736,-0.13551253,-0.3363223,-52.89032697677612,1.0,123190
49406,72.80655708971817,0.9570099711418152,47.85049855709076,-1.0,-1.0,0.87128127,-0.021204889,-45.01906991004944,1.0,160000
41554,72.80522142552489,0.9569838047027588,47.84919023513794,-1.0,-1.0,-0.59566736,-0.36343044,-49.21345055103302,1.0,71472
62575,72.79773682418434,0.9568371772766112,47.841858863830566,-1.0,-1.0,-0.5213817,-0.109475315,-53.17644715309143,1.0,160000
44676,72.79662934459334,0.9568154811859132,47.84077405929565,-0.60303557,-0.6440873,-0.7443389,-0.48330897,-20.0,1.0,146590
59674,72.79383934565212,0.956760823726654,47.8380411863327,-1.0,-0.8797274,-0.66206574,-0.3735329,-60.0,1.0,160000
37722,72.79258582270978,0.9567362666130066,47.83681333065033,-1.0,-1.0,1.0,-0.63169396,-45.52616477012634,1.0,110584
10853,72.79143878778967,0.9567137956619264,47.83568978309631,0.042524777,-0.9042952,0.49318048,0.07481112,-60.0,1.0,89835
67052,72.781608341219,0.956521213054657,47.82606065273285,-1.0,-1.0,-1.0,-0.8732245,-20.0,1.0,160000
71574,72.78066819425172,0.9565027952194214,47.82513976097107,-0.14027739,-0.57389563,-1.0,-0.84975135,-20.0,1.0,160000
45146,72.77303138799485,0.9563531875610352,47.81765937805176,-1.0,-0.61698866,-0.43120432,1.0,-60.0,1.0,116881
74323,72.76943204014691,0.956282675266266,47.81413376331329,-0.5195824,-1.0,-1.0,0.09046513,-20.0,1.0,160000
75068,72.76881744259141,0.9562706351280212,47.81353175640106,0.036456585,-0.20577297,-1.0,-0.5388502,-39.20564711093903,1.0,160000
45479,72.7652850248543,0.956201434135437,47.81007170677185,-0.44964695,0.18038651,-1.0,-0.9047406,-38.80526959896088,1.0,160000
35333,72.76308829042475,0.9561583995819092,47.80791997909546,-0.7562349,-0.38475883,-0.2971686,-0.6085455,-20.0,1.0,97922
68557,72.76086417081531,0.9561148285865784,47.80574142932892,-0.062000394,-1.0,-1.0,-0.06175649,-29.14851546287537,1.0,160000
60524,72.75938243744685,0.9560858011245728,47.80429005622864,-1.0,-1.0,0.66694736,1.0,-60.0,1.2185142040252686,142660
31537,72.75905383936757,0.956079363822937,47.80396819114685,-1.0,-1.0,-1.0,0.4347343,-46.04491949081421,1.0,160000
34629,72.7558743463515,0.9560170769691468,47.800853848457336,0.18447003,-0.6359359,0.54073584,-0.53689826,-25.880451202392575,1.0,160000
6445,72.75246969792745,0.9559503793716432,47.79751896858215,-1.0,0.05654654,1.0,-0.9471706,-20.0,8.064488381147385,150285
68430,72.75225975966154,0.9559462666511536,47.79731333255768,-0.78283525,-0.3309326,0.7680557,-0.06429899,-60.0,1.0,160000
47939,72.74952143275871,0.9558926224708556,47.79463112354279,-0.19212806,-0.8410934,-0.3411888,1.0,-37.62280404567719,1.0,160000
54048,72.74499710129759,0.9558039903640748,47.790199518203735,-0.2360305,-1.0,-0.78169894,-0.05444795,-20.0,1.0,92309
49586,72.74278513517386,0.955760657787323,47.78803288936615,-0.73403406,-0.84963095,-0.26889277,0.55514437,-41.45113825798035,1.0,160000
37923,72.73691596062619,0.9556456804275512,47.78228402137756,-0.25656247,0.09177558,-0.17199805,-0.67041683,-42.78554558753967,1.3675228357315063,145788
73174,72.7334930294407,0.955578625202179,47.77893126010895,-1.0,-1.0,-1.0,1.0,-43.40486526489258,1.0,160000
73776,72.73280235739558,0.9555650949478148,47.77825474739075,-1.0,-0.71872,-0.18424675,-0.15702444,-37.12731122970581,1.0,107227
76000,72.73044129197388,0.9555188417434692,47.77594208717346,-1.0,-0.31685677,-0.73880714,-0.15068805,-59.95027303695679,1.0,160000
53552,72.72650719193608,0.9554417729377748,47.77208864688873,-0.31637752,-1.0,-1.0,-0.59349996,-20.0,1.0,160000
75498,72.72417046122341,0.9553959965705872,47.76979982852936,-0.9064572,0.08070505,-1.0,-0.34570158,-26.563671827316284,1.0977003574371338,105817
57971,72.72105481670206,0.9553349614143372,47.76674807071686,-0.49741268,-1.0,-1.0,-0.8123002,-43.713340759277344,1.0,121643
27886,72.72020592456731,0.9553183317184448,47.76591658592224,-1.0,-0.17258053,-1.0,-0.607075,-51.283814907073975,1.0,85894
74165,72.71874850689807,0.9552897810935974,47.76448905467987,-0.5125393,0.3589844,-1.0,0.2865282,-20.0,1.0,137162
55040,72.71404155897167,0.95519757270813,47.759878635406494,-0.5827429,-0.9818472,-0.20668365,0.23884743,-49.4718736410141,1.0,116412
61523,72.70953237322698,0.9551092386245728,47.75546193122864,-0.5609396,-0.4093282,-0.2775922,0.09455758,-57.89572954177856,1.0,158847
73179,72.70194402109142,0.9549605846405028,47.74802923202515,-0.7301967,-0.88682413,-1.0,1.0,-33.469005823135376,1.0,119468
13673,72.69215884479652,0.9547688961029052,47.738444805145264,-0.70106274,0.05827653,0.69492185,0.43648112,-29.51497793197632,1.0,160000
67972,72.69102088946458,0.9547466039657592,47.73733019828797,-1.0,-1.0,0.66551095,1.0,-41.21585011482239,1.0,160000
42474,72.69070445259091,0.9547404050827026,47.73702025413513,-0.2161318,-0.3267181,-1.0,-0.8287059,-26.298518180847168,1.0,160000
59012,72.67041589270691,0.9543429613113404,47.71714806556702,-1.0,-1.0,0.7552364,-0.07715571,-20.0,1.0,160000
58423,72.6550076683742,0.9540411233901978,47.70205616950989,-1.0,-1.0,-0.6048843,-0.25775397,-52.60185718536377,1.0,112390
45317,72.65482510587464,0.9540375471115112,47.70187735557556,-0.27262366,-1.0,-0.204744,0.29228798,-20.0,1.0,160000
49471,72.65383926813419,0.954018235206604,47.7009117603302,-1.0,-1.0,0.49308175,-0.92338014,-42.098954916000366,1.0,99682
52034,72.64857841721451,0.9539151787757874,47.69575893878937,0.14940286,-0.7523498,-1.0,-0.7469595,-43.49203169345856,1.0,160000
67977,72.64625986614033,0.9538697600364684,47.69348800182343,-1.0,-1.0,0.8770264,1.0,-20.0,1.0,139900
52740,72.63582940097952,0.9536654353141784,47.68327176570892,-0.5182358,0.064591646,-0.5658579,1.0,-39.77216362953186,1.0,117201
2626,72.63474314511357,0.9536441564559937,47.68220782279968,-0.72625464,0.026015032,-0.56901896,-0.906897,-27.72367477416992,5.877267759293318,156120
66959,72.63095493798775,0.9535699486732484,47.678497433662415,-1.0,-0.08033174,-0.8516048,0.8610003,-52.13653802871704,1.0,155256
46487,72.62108427185345,0.9533765912055968,47.668829560279846,-1.0,-1.0,-0.4759971,0.28069884,-20.0,1.0,160000
47733,72.61110706782816,0.9531811475753784,47.65905737876892,-0.5106234,-0.9089345,1.0,-0.85786134,-43.29148769378662,1.0,160000
34723,72.60226782023412,0.953007996082306,47.650399804115295,-0.06640871,-0.14693908,1.0,1.0,-20.0,1.0,148571
57420,72.5896128812744,0.9527601003646852,47.63800501823425,-0.44284177,-1.0,0.18753931,-0.37074494,-20.850389003753666,1.0,160000
26040,72.5893055592412,0.9527540802955629,47.63770401477814,-0.604513,-0.794662,0.20022675,-0.88856137,-20.0,1.0,160000
79575,72.58532254036724,0.9526760578155518,47.63380289077759,-0.8789998,-0.18450952,1.0,0.6367419,-43.03127646446228,1.0,160000
71879,72.58511867291061,0.9526720643043518,47.63360321521759,-1.0,-1.0,-1.0,-0.33288217,-24.37019824981689,1.0,120580
33723,72.57953513200543,0.952562689781189,47.62813448905945,-1.0,-0.23985247,-0.7992359,-0.28166983,-23.96688222885132,1.0,160000
81042,72.57174553792544,0.952410101890564,47.6205050945282,-1.0,-1.0,0.9309363,-0.92437494,-24.19119119644165,1.0,129236
71533,72.57056188251622,0.9523869156837464,47.61934578418732,-1.0,-1.0,-0.80876493,-0.16687417,-51.1201274394989,1.0,92458
77907,72.56615892261601,0.9523006677627563,47.61503338813782,-0.39601356,-0.290921,-1.0,-0.114616156,-23.133175373077396,1.0,159757
2622,72.5653982168956,0.9522857666015624,47.614288330078125,-1.0,-0.07954372,-0.27934015,0.338922,-20.0,1.0157055258750916,127212
38250,72.56429367175366,0.952264130115509,47.61320650577545,-1.0,-0.8962238,0.14590716,-0.89166063,-20.0,1.0,160000
61003,72.53804916213215,0.9517500400543212,47.587502002716064,-0.23374963,-1.0,0.7232863,-0.794822,-46.75106823444367,1.0,136559
28312,72.52607852603316,0.9515155553817748,47.575777769088745,-0.14152823,-1.0,1.0,-0.6922225,-53.864959478378296,1.0,91959
52027,72.520184471663,0.951400101184845,47.57000505924225,-0.202961,-1.0,1.0,-0.66126627,-36.18240416049957,1.0,126792
57949,72.50550860786426,0.9511126279830932,47.55563139915466,-0.664548,-0.7045972,-1.0,0.8267716,-30.81809401512146,1.0,160000
63774,72.49632207313255,0.9509326815605164,47.54663407802582,-1.0,-0.1610389,-1.0,-0.7691565,-41.53198719024658,1.0,160000
30146,72.49163294040892,0.9508408308029176,47.542041540145874,-1.0,-0.0066776425,-0.35649973,-0.8519647,-52.58748412132263,1.3433510661125183,107819
7612,72.4902757983727,0.9508142471313475,47.54071235656738,-0.8371767,-0.90558153,-1.0,-0.4928212,-60.0,1.0,96758
79397,72.48490503802753,0.9507090449333192,47.53545224666596,0.059271216,-1.0,-1.0,0.88869107,-20.0,1.0,147657
81688,72.48306710929572,0.9506730437278748,47.53365218639374,-0.5685308,-1.0,-1.0,0.98075444,-36.54194891452789,1.0,160000
50865,72.48295452089963,0.950670838356018,47.5335419178009,-1.0,-0.9945959,0.1200245,-0.23540133,-36.22896105051041,1.0,160000
44510,72.48227594747956,0.9506575465202332,47.53287732601166,-0.31507593,0.2625431,-1.0,0.110308886,-44.03787434101105,1.0,160000
54536,72.47938820459544,0.9506009817123412,47.530049085617065,-0.2482684,-0.48066935,-0.20920438,-0.92706406,-20.242016315460205,1.0,160000
28468,72.4743734435233,0.9505027532577516,47.52513766288757,-0.6340097,-1.0,0.21122414,-0.549127,-49.29372131824493,1.0,160000
81908,72.46472121557154,0.950313687324524,47.5156843662262,0.10959154,-0.5151408,-0.09943521,-0.40719122,-60.0,1.0,109471
73882,72.46441387727225,0.9503076672554016,47.51538336277008,-0.905499,-1.0,-0.075347304,-0.8343327,-20.0,1.0,139368
58359,72.46193995464888,0.9502592086791992,47.51296043395996,-0.15807122,-1.0,-0.52481544,-0.09699625,-37.47507721185684,1.0,155940
42756,72.45965469294083,0.9502144455909728,47.510722279548645,-1.0,-0.2013258,-0.7721147,-0.049874127,-20.0,1.0,129164
47932,72.45686429714027,0.950159788131714,47.50798940658569,-1.0,-1.0,-0.09446028,1.0,-42.33375906944275,1.0,148465
32426,72.45458207346938,0.9501150846481324,47.505754232406616,-0.6951549,-1.0,0.62810564,-0.93275434,-20.0,2.3366517424583435,134199
59432,72.45306058979226,0.9500852823257446,47.50426411628723,-1.0,-0.11322564,-1.0,-0.5759304,-56.59406900405884,1.0,160000
19475,72.45165473799997,0.9500577449798584,47.50288724899292,-0.46267807,-0.0053664334,0.23945533,-0.45653382,-20.0,1.0,160000
18885,72.4464573392309,0.949955940246582,47.4977970123291,-1.0,0.06874447,-0.846002,-0.55139244,-60.0,1.0,160000
53157,72.44475022858165,0.949922502040863,47.49612510204315,-0.28964412,0.048022985,-0.46266568,-0.23570204,-20.0,1.0,160000
70395,72.44130861671405,0.949855089187622,47.4927544593811,-1.0,-1.0,-1.0,-0.5003314,-29.312955141067505,1.0,160000
71276,72.43962888919893,0.949822187423706,47.4911093711853,-1.0,0.0748083,-0.6765854,-0.26515388,-29.278559684753414,1.0,160000
70964,72.43696323220098,0.9497699737548828,47.48849868774414,-0.54128337,-1.0,-1.0,-0.7383809,-20.0,1.0,160000
48764,72.41964856007822,0.9494308233261108,47.47154116630554,-1.0,-0.7682888,1.0,0.060275733,-46.58968448638916,1.0,160000
72017,72.41141111328031,0.949269473552704,47.46347367763519,-0.55181897,-1.0,-1.0,-0.96507967,-20.0,1.0,160000
31149,72.410479948286,0.9492512345314026,47.46256172657013,-1.0,-1.0,-0.1027751,-0.9346249,-59.766093492507935,1.0,160000
47306,72.41034605524992,0.9492486119270324,47.46243059635162,-0.9270121,-1.0,-0.7104259,-0.15864766,-38.49917888641357,1.0,160000
18282,72.40626840004043,0.9491687417030334,47.45843708515167,-1.0,-1.0,-0.07130291,-0.79382944,-32.22742557525635,1.0,146558
76416,72.40403481575254,0.9491249918937684,47.456249594688416,-0.6553544,-1.0,-1.0,-0.8464215,-25.059057474136356,1.0,160000
81681,72.39533781472433,0.9489546418190002,47.44773209095001,-1.0,-0.09320223,-0.93086123,1.0,-23.314151763916016,1.0,149313
39710,72.38882265043495,0.948827028274536,47.44135141372681,-0.022907346,-1.0,-0.1327,-0.93476325,-52.15176820755005,1.0,160000
11292,72.3857582955398,0.9487670063972472,47.438350319862366,-1.0,0.004000483,-0.47967198,-0.505082,-26.720353364944454,1.0,160000
81178,72.3780076203588,0.9486151933670044,47.43075966835022,-1.0,-1.0,-1.0,-0.050285816,-57.27635622024536,1.0,117559
49647,72.3588575305843,0.9482401013374328,47.41200506687164,-0.19545537,-0.0138555765,1.0,-0.5762116,-42.51499831676483,1.0,160000
79776,72.35837063606711,0.9482305645942688,47.41152822971344,-1.0,-0.5353044,-0.7827281,-0.84276766,-20.0,1.0,160000
80598,72.35739076054462,0.9482113718986512,47.41056859493256,-1.0,-1.0,-0.9763881,-0.5141882,-28.31390857696533,1.0,160000
52444,72.35518147447827,0.9481680989265442,47.40840494632721,-0.5426086,-0.01832804,0.12034026,-0.3558944,-20.0,1.0,137650
60372,72.35295392774063,0.9481244683265686,47.40622341632843,-1.0,-0.17949668,-1.0,-0.44397235,-20.0,1.0,106098
72286,72.34289038076798,0.9479273557662964,47.39636778831482,-1.0,-0.34873688,-0.6659099,0.3278436,-33.286235332489014,1.0,160000
57919,72.33831658023608,0.947837769985199,47.39188849925995,-0.016831398,-0.948245,0.38465586,0.16599917,-51.28831744194031,1.0,160000
57200,72.33210557000181,0.9477161169052124,47.38580584526062,-1.0,-1.0,-0.106713325,-0.85165495,-35.598998069763184,1.0,124292
39476,72.32854206771545,0.9476463198661804,47.38231599330902,-1.0,-1.0,0.043933064,-0.2280094,-20.0,1.0,160000
25218,72.32840208374034,0.9476435780525208,47.38217890262604,-1.0,-1.0,0.9148266,-0.64970446,-33.370075821876526,1.0,134362
36776,72.32781171644893,0.9476320147514344,47.38160073757172,-1.0,-1.0,-1.0,0.06027299,-41.81329607963562,1.0,160000
46749,72.327489144567,0.947625696659088,47.38128483295441,-1.0,-0.28815174,-1.0,-0.92276365,-39.557929039001465,1.0,160000
15836,72.32328049037338,0.9475432634353638,47.37716317176819,0.1093338,-1.0,-0.11666331,0.052717566,-46.964850425720215,1.0,126052
50653,72.31980522574639,0.9474751949310304,47.37375974655152,-1.0,-0.30779853,-1.0,0.0552032,-20.0,1.0,79557
35828,72.31971088836845,0.9474733471870422,47.37366735935211,-0.3128094,-0.8773886,-1.0,-0.5152072,-60.0,1.0,116868
59632,72.31479925317922,0.9473771452903748,47.36885726451874,-0.5594733,-1.0,-1.0,0.28599977,-49.62735831737518,1.0,160000
72882,72.31027104505898,0.947288453578949,47.36442267894745,-1.0,-1.0,-1.0,-0.24454129,-60.0,1.0,160000
50062,72.30802215349419,0.94724440574646,47.362220287323,-0.7341332,-1.0,0.9747338,-0.8490131,-20.0,1.0,160000
40864,72.30609887780192,0.947206735610962,47.360336780548096,-1.0,-0.3626289,-0.60760915,-0.45752078,-37.4468594789505,1.0,115986
58875,72.3022614511643,0.9471315741539,47.35657870769501,-0.14270261,-0.15858099,-0.9363413,-0.84067065,-23.69150400161743,1.0,112706
73109,72.3017319405708,0.9471212029457092,47.35606014728546,-1.0,-0.6507751,-1.0,0.044861197,-20.0,1.0,160000
61408,72.29704241910386,0.9470293521881104,47.35146760940552,-0.39839506,-1.0,-0.45680338,0.7148329,-58.33101511001587,1.0,160000
75889,72.29095606962325,0.9469101428985596,47.34550714492798,-1.0,-0.40441495,-1.0,-0.73211694,-51.32149338722229,1.0,138622
65625,72.28838762538729,0.9468598365783693,47.34299182891846,0.21256,-0.31135145,-1.0,1.0,-21.945390701293945,1.0,129148
71073,72.28348809715615,0.9467638731002808,47.33819365501404,-1.0,-1.0,-1.0,-0.06255138,-60.0,1.0,160000
54065,72.2826086155352,0.9467466473579408,47.33733236789704,0.008746922,-1.0,-0.1395006,0.46808788,-51.314330101013184,1.0,119778
34622,72.27256606836076,0.946549952030182,47.32749760150909,-0.09098393,-0.32554492,-0.19015788,-0.026902646,-20.0,1.0,160000
73922,72.27098664564862,0.9465190172195436,47.32595086097717,-0.54936194,-0.69086903,-0.01949948,1.0,-27.95180320739746,1.0,160000
52738,72.26303778140846,0.94636332988739,47.31816649436951,-1.0,-0.6838203,-0.39816958,0.59472406,-41.92913234233856,1.0,160000
46494,72.2494467433255,0.9460971355438232,47.30485677719116,-1.0,-0.35111845,1.0,-0.85603577,-20.0,1.0,160000
23571,72.24795251554528,0.9460678696632384,47.303393483161926,0.21016717,0.31519803,-0.1759977,-0.36808214,-60.0,1.0,160000
77603,72.23533523018102,0.9458207488059998,47.29103744029999,-0.6490119,-0.60434663,-1.0,0.3329531,-24.40785527229309,1.0,160000
76323,72.2338257770954,0.9457911849021912,47.28955924510956,0.12850767,-0.19420213,0.67341757,-0.25439644,-20.0,1.0,160000
35892,72.22762057561746,0.945669651031494,47.28348255157471,-0.7501583,-0.79384065,-1.0,0.07162699,-20.0,1.0,160000
13668,72.2172034690033,0.945465624332428,47.2732812166214,-1.0,-0.0021332689,-0.8626946,-0.8750136,-20.0,1.0,102793
73924,72.21418453837244,0.9454064965248108,47.27032482624054,-0.14212684,-0.07647577,-1.0,-0.94287753,-37.71391034126282,1.4359543323516846,160000
53739,72.21215467051724,0.9453667402267456,47.26833701133728,-1.0,0.13559595,-0.8965298,0.6464638,-31.55792891979217,1.0,160000
41637,72.1979577192039,0.9450886845588684,47.25443422794342,-0.1544432,-0.6161512,-1.0,0.29270235,-20.0,1.0,160000
8653,72.19757730667055,0.9450812339782716,47.25406169891357,-0.6467665,-1.0,-0.5163524,-0.2800572,-60.0,1.0,115304
2412,72.19725167349263,0.9450748562812804,47.253742814064026,-0.37946942,-0.0060506337,0.8870019,-0.584599,-20.0,1.0,99866
67976,72.18586361351824,0.944851815700531,47.24259078502655,-0.99352604,-1.0,-0.5384907,1.0,-36.66244983673096,1.0,160000
68665,72.17704102420568,0.9446790218353271,47.23395109176636,-0.32195842,-1.0,-0.5543675,-0.5149207,-39.46318209171295,1.0,152203
77885,72.17618280572968,0.9446622133255004,47.233110666275024,-1.0,-1.0,-1.0,0.03393227,-43.84490609169006,1.0,128635
62305,72.17507503389544,0.9446405172348022,47.23202586174011,-0.83028454,-0.9765002,-0.32057518,0.3698903,-20.0,1.0,129443
44374,72.16039700728214,0.9443530440330504,47.21765220165253,-0.62354845,-1.0,-1.0,0.32001793,-20.0,1.0,160000
68142,72.15300470044998,0.9442082643508912,47.21041321754456,0.05187249,-1.0,-1.0,-0.5484569,-30.541834831237797,1.0,93517
61665,72.14450458370601,0.9440417885780334,47.20208942890167,-1.0,-0.42094573,-1.0,0.5795275,-43.65049839019776,1.0,160000
57274,72.14082210313933,0.9439696669578552,47.19848334789276,-1.0,-1.0,0.41436076,-0.84688514,-29.49821710586548,1.0,160000
52695,72.1322154233132,0.9438011050224304,47.19005525112152,-0.39888194,-0.30932206,1.0,-0.2744757,-55.255534648895264,1.0,111669
66754,72.11494718660083,0.9434629082679749,47.17314541339874,-0.76950395,-0.74731314,1.0,0.033252597,-32.01165497303009,1.0,116629
50636,72.11229333269983,0.9434109330177308,47.170546650886536,-1.0,-0.45664158,-1.0,-0.65962195,-39.3133670091629,1.1264837384223938,112968
54116,72.11054945686695,0.9433767795562744,47.16883897781372,-1.0,-1.0,0.65050495,-0.59724987,-20.0,1.0,126695
42889,72.10681518431372,0.943303644657135,47.16518223285675,-1.0,-1.0,-0.9310586,-0.037227273,-38.40143918991089,1.0,140605
44086,72.10085311811952,0.94318687915802,47.159343957901,-0.12818661,-0.6775925,-0.7208036,-0.084433556,-20.0,1.0,136008
80482,72.1004483422685,0.9431789517402648,47.158947587013245,-0.3783189,-0.27956665,-0.23851961,0.25583905,-20.0,1.0,160000
75991,72.08990588469345,0.9429724812507628,47.14862406253815,0.07492557,-1.0,-0.46960074,-0.9549905,-38.55001449584961,1.0,146757
79811,72.08896546106256,0.9429540634155272,47.14770317077637,-1.0,-1.0,1.0,-0.32242578,-45.51149606704712,1.0,139279
29767,72.0884450322873,0.9429438710212708,47.14719355106354,-0.08215456,-0.6241032,-0.554077,-0.81082034,-21.60954236984253,1.0,160000
25147,72.08747113017176,0.9429247975349426,47.14623987674713,-0.5766603,-0.05633185,-0.8737098,-0.41688073,-20.0,1.083807408809662,160000
3683,72.08669200818474,0.94290953874588,47.145476937294006,-0.89135927,-1.0,-0.49340224,0.20797692,-22.890563011169437,1.0,87685
22967,72.08214205228781,0.9428204298019408,47.141021490097046,-0.712752,-0.4342627,0.39265573,0.49237108,-60.0,1.0,145105
13675,72.0784564292904,0.942748248577118,47.137412428855896,-0.013056386,-1.0,0.042643897,-0.36091357,-25.659492015838623,1.0,113659
19288,72.07760730474669,0.9427316188812256,47.13658094406128,-1.0,-0.17851274,1.0,-0.6370976,-22.0096218585968,1.0,160000
40957,72.07515732000012,0.9426836371421814,47.13418185710907,-1.0,-1.0,-0.9641919,1.0,-32.84770607948303,1.0,160000
34454,72.07110646997202,0.9426043033599854,47.13021516799927,-1.0,0.11991325,0.45783564,-0.64501584,-45.14653623104096,1.0,160000
27797,72.06414300874047,0.9424679279327391,47.12339639663696,-1.0,-0.07932921,0.31573716,0.2744057,-58.11012387275696,1.0,160000
68256,72.06338518324357,0.9424530863761902,47.12265431880951,-0.8344576,-1.0,-0.50412184,-0.31342673,-23.407652378082275,1.0,123135
34982,72.06120605312364,0.942410409450531,47.12052047252655,0.15534243,-1.0,0.22523135,0.25618336,-35.19754886627197,1.0,154164
15070,72.03575633970698,0.9419119954109192,47.09559977054596,0.110232756,-1.0,0.86925423,-0.6763402,-27.36181855201721,1.0,120761
37877,72.02706405104409,0.9417417645454408,47.087088227272034,-1.0,-1.0,-0.35646984,0.46953472,-60.0,1.0,88214
42078,72.02468401392682,0.9416951537132264,47.08475768566132,-0.2830158,-0.67283744,0.61041605,-0.85727197,-56.438660621643066,1.0,79779
11765,72.01141419684873,0.9414352774620056,47.07176387310028,-0.8584773,-0.2774518,1.0,-0.7108137,-20.0,1.253617763519287,160000
69569,71.98768660001606,0.9409705996513368,47.04852998256683,0.11171174,-0.6492055,1.0,-0.72891426,-20.0,1.0,147789
64273,71.98400691366385,0.9408985376358032,47.04492688179016,-0.09498322,0.10046047,-0.8786917,-0.5268969,-60.0,1.0,160000
16675,71.97816018738652,0.9407840371131896,47.039201855659485,-1.0,-0.03205683,0.28935888,-0.75500226,-28.40449810028076,1.0,160000
43553,71.9773018952443,0.940767228603363,47.03836143016815,-0.9509555,-1.0,0.34932774,-0.8938939,-20.0,1.0,160000
73593,71.96732194296021,0.9405717849731444,47.02858924865723,-0.115356684,-0.9181224,0.38523418,-0.7839403,-20.0,1.0,160000
78529,71.94397739064685,0.9401146173477172,47.00573086738586,-1.0,-1.0,0.09064174,0.29039598,-55.64409255981445,1.0,160000
16565,71.94149074056864,0.9400659203529358,47.00329601764679,-1.0,-0.48883152,-0.3059966,-0.49363035,-33.25726270675659,1.0,160000
70918,71.91475527810607,0.9395423531532288,46.97711765766144,-1.0,-1.0,0.60265505,1.0,-20.0,1.0,160000
59882,71.91224120339541,0.9394931197166444,46.97465598583221,-1.0,-1.0,0.642833,-0.5827196,-27.76906728744507,1.0,160000
71280,71.89933293877607,0.939240336418152,46.96201682090759,-1.0,-0.6455351,-1.0,-0.12230337,-60.0,1.0,146408
61531,71.87474281380867,0.9387587904930116,46.937939524650574,-0.23774807,-1.0,-1.0,0.8534969,-39.15343642234802,1.0,150091
57992,71.87343401156825,0.938733160495758,46.9366580247879,-1.0,-0.9166348,-0.96424353,-0.9805333,-20.0,1.0,158863
41363,71.87163212447346,0.938697874546051,46.93489372730255,-0.2127817,-1.0,-0.7103452,0.8554405,-20.0,1.0,160000
78263,71.86838141918108,0.9386342167854308,46.931710839271545,-1.0,-1.0,-0.0809468,-0.28094208,-22.66817331314087,1.0,160000
57788,71.86738916178047,0.938614785671234,46.93073928356171,-0.4305314,-1.0,-0.48182502,0.026079953,-60.0,1.0,105163
75412,71.84427187799567,0.938162088394165,46.90810441970825,-1.0,-1.0,-1.0,-0.7712432,-20.0,1.0,160000
50086,71.83018224351275,0.9378861784934998,46.89430892467499,-0.5365607,-1.0,-0.1447665,-0.7057876,-37.06511378288269,1.0,160000
19897,71.82162310595635,0.9377185702323914,46.88592851161957,-1.0,0.0016474947,-0.34491086,-0.23256332,-20.0,1.0,86344
5555,71.81538636007019,0.9375964403152466,46.87982201576233,-0.12967439,-0.63931227,-0.27779087,-0.05776637,-60.0,1.0,123770
46521,71.81271085480442,0.937544047832489,46.87720239162445,-1.0,0.08910471,0.3184595,-0.5348607,-20.0,1.0,160000
48365,71.81208991798228,0.9375318884849548,46.87659442424774,-0.1324814,-1.0,-0.18889162,-0.18762463,-46.70629620552063,1.0,160000
79012,71.80998664543779,0.937490701675415,46.87453508377075,-1.0,-0.10100126,-0.0024927855,-0.5624583,-27.3030698299408,1.0,119200
75435,71.80090998259256,0.9373129606246948,46.86564803123474,-0.003128171,-1.0,-1.0,0.04630494,-21.332790851593018,1.0,160000
24398,71.79592723857358,0.9372153878211976,46.86076939105988,0.02608347,-0.22779721,-0.61231923,0.06093213,-20.0,1.0,160000
73177,71.79247248910686,0.9371477365493774,46.85738682746887,-1.0,-1.0,0.12321472,1.0,-20.0,1.0,80160
60789,71.78078717893585,0.9369189143180848,46.84594571590424,-1.0,-0.6829034,-1.0,0.79535836,-26.56920909881592,1.0,156844
58287,71.77958485788659,0.9368953704833984,46.84476852416992,-0.38626203,-0.78711903,-1.0,-0.70769644,-20.0,4.544187545776367,160000
31238,71.7755395755928,0.936816155910492,46.8408077955246,-0.19456655,-0.4791041,0.42915064,-0.1938375,-60.0,1.0,160000
79856,71.76019544133055,0.9365156888961792,46.82578444480896,-1.0,-0.116090894,0.68554586,0.6024822,-24.389724731445312,1.0,96610
43890,71.75901137273513,0.9364925026893616,46.82462513446808,-0.9911006,-1.0,0.4064627,-0.73044395,-46.7268043756485,1.0,122291
75527,71.73035611695877,0.935931384563446,46.7965692281723,-1.0,-1.0,-1.0,-0.4101262,-20.0,1.0,160000
48845,71.72296243039764,0.9357866048812866,46.78933024406433,0.12649632,-0.75650024,-0.5664702,-0.26601005,-46.59299969673157,1.0,160000
32488,71.72283458546275,0.935784101486206,46.7892050743103,-0.1556237,0.17178674,-1.0,0.75551003,-35.58373510837555,1.0,160000
46454,71.72152569643181,0.9357584714889526,46.78792357444763,-0.5798202,-0.42364478,-0.8002718,-0.4774893,-47.58280456066132,1.0,108195
57137,71.71911794744118,0.9357113242149352,46.785566210746765,-0.07949448,-0.44474542,-0.20315604,-0.71072555,-20.0,1.386740267276764,95677
62851,71.71844219442372,0.9356980919837952,46.78490459918976,-0.47124588,-0.2274905,-0.30830276,-0.9318538,-51.97378993034363,1.0,160000
54141,71.71672845952328,0.9356645345687866,46.78322672843933,-0.670078,-1.0,0.18020582,-0.9203397,-36.18661165237427,1.0,138767
59814,71.69911009432745,0.9353195428848268,46.76597714424133,-0.30404907,0.31966498,-0.8689484,-0.73580724,-33.88201713562012,1.0,160000
66942,71.69578913292193,0.9352545142173768,46.76272571086884,-1.0,-0.6594354,-1.0,-0.13102293,-20.0,1.0,160000
69940,71.6946628662696,0.9352324604988098,46.76162302494049,-0.5797329,-1.0,-0.7674191,1.0,-55.75678467750549,1.0,160000
21924,71.68667853294819,0.935076117515564,46.7538058757782,0.009197772,-0.89984816,0.65669376,-0.5108305,-20.0,1.0,112999
9187,71.64163334081677,0.9341940879821776,46.70970439910889,-1.0,0.12873632,-0.33570895,-0.72726285,-31.948171854019165,1.9449577331542969,160000
33413,71.63993476836487,0.9341608285903932,46.70804142951965,-0.89445704,-1.0,-1.0,-0.4410229,-55.28903484344482,1.0,160000
28402,71.62839783590455,0.9339349269866944,46.69674634933472,-1.0,-0.7677389,1.0,-0.2881382,-20.30251383781433,1.0,160000
54117,71.62105861174828,0.9337912201881408,46.68956100940704,-0.8095789,-0.10582182,1.0,-0.5956959,-43.26742887496948,1.0,160000
51676,71.61516225398961,0.9336757659912108,46.68378829956055,0.09649959,-0.72695327,1.0,-0.36279157,-60.0,1.0,122147
17533,71.61148805740088,0.933603823184967,46.68019115924835,-0.5867352,-0.24550208,-0.23465751,-0.9710915,-52.41892457008362,1.0,160000
60736,71.61077878761589,0.9335899353027344,46.67949676513672,-0.9652417,-0.28603867,-0.7498368,0.43781814,-20.0,1.0,160000
64867,71.60995079857406,0.9335737228393556,46.67868614196777,-1.0,-0.6728162,0.53478146,-0.10731083,-60.0,1.0,160000
61662,71.60423705714831,0.933461844921112,46.6730922460556,-0.89787966,-0.2419869,-0.22912914,0.34334576,-54.64490652084351,1.0,160000
73105,71.59802102592106,0.9333401322364808,46.66700661182404,-0.87860006,-0.07826781,-0.80902135,0.1949628,-51.319040060043335,1.0,160000
31583,71.58022213919847,0.932991623878479,46.64958119392395,0.081190765,-1.0,1.0,-0.5231856,-26.215227842330933,1.0,99624
69936,71.57795427034378,0.9329472184181212,46.64736092090607,0.136547,-1.0,-0.13978605,1.0,-38.86526823043823,1.0,160000
63271,71.57001214531319,0.9327917098999025,46.63958549499512,0.22364563,0.044109553,0.31574154,-0.08622593,-60.0,1.0,99772
34841,71.55301365168206,0.9324588775634766,46.62294387817383,-1.0,0.12265837,-1.0,0.16772754,-53.298237323760986,1.0,160000
56927,71.54211250911831,0.932245433330536,46.6122716665268,-1.0,-0.7462053,-0.0312244,-0.5578379,-60.0,1.0,114987
59470,71.53880958347384,0.9321807622909546,46.60903811454773,-0.5264319,-0.09408492,-0.10226542,-0.92095447,-20.0,1.0,135465
23362,71.5369526369887,0.9321444034576416,46.60722017288208,-0.33973813,-0.056029014,-1.0,-0.17243224,-30.40660262107849,1.1947575807571411,160000
47934,71.5329799840711,0.9320666193962096,46.603330969810486,-1.0,-0.04500705,0.642257,0.63393134,-46.64954423904419,1.0,117911
79847,71.48986788029313,0.9312224984169006,46.56112492084503,-0.7411403,-0.61266077,1.0,-0.15498924,-38.58379662036896,1.0,160000
47897,71.4738459930695,0.9309087991714478,46.54543995857239,0.069585055,-0.24173528,-0.12215485,-0.34221435,-20.0,1.0,160000
63314,71.45893819932505,0.9306169152259828,46.53084576129913,-1.0,-1.0,-1.0,-0.71207196,-58.55510950088501,1.0,160000
42172,71.4511844029015,0.9304651021957396,46.52325510978699,-1.0,-1.0,-1.0,1.0,-37.84530580043793,1.0,160000
67980,71.4511844029015,0.9304651021957396,46.52325510978699,-0.5037298,-0.8039161,-1.0,1.0,-25.619676113128666,1.0,149380
60128,71.44503797056774,0.9303447604179382,46.51723802089691,-1.0,-1.0,-1.0,-0.94917774,-30.242138504981995,1.0,150600
40254,71.44340013684044,0.9303126931190492,46.51563465595245,-1.0,0.25137308,-0.15162447,0.3526186,-60.0,1.0,160000
70039,71.44224939049982,0.930290162563324,46.5145081281662,0.051928937,-1.0,-1.0,-0.78291166,-43.33001494407654,1.0,113179
55385,71.44065417502576,0.9302589297294616,46.51294648647308,-0.059719235,-0.1834768,-0.654223,0.023762703,-55.59961915016174,1.0,106844
49659,71.43739676588106,0.930195152759552,46.5097576379776,-1.0,-1.0,-1.0,-0.17102104,-28.54985356330872,1.0,160000
55023,71.42770061831257,0.9300053119659424,46.50026559829712,-0.92721456,-0.07653144,0.9722824,-0.38386202,-39.97293472290039,1.0,160000
62183,71.42700651258723,0.9299917221069336,46.49958610534668,-0.3600828,-0.8385037,-0.2877199,-0.9028962,-47.03604638576508,1.0,160000
36561,71.42173982622239,0.9298886060714722,46.49443030357361,-1.0,-0.20173687,1.0,-0.18457255,-20.0,1.0,140159
29074,71.41843063607162,0.9298238158226012,46.49119079113007,-1.0,-0.6577219,1.0,-0.6145442,-60.0,1.0,160000
11782,71.40433227476838,0.9295477867126464,46.47738933563232,-0.8255216,-0.9986451,-0.8936573,-0.9943625,-20.0,1.0818529725074768,160000
74091,71.38417855829397,0.9291532039642334,46.45766019821167,-1.0,0.36028767,-0.7533345,0.6255204,-20.0,1.0,160000
51664,71.36950154645598,0.9288658499717712,46.44329249858856,-0.08473238,-1.0,0.47262067,-0.7652773,-38.84216904640198,1.0,160000
39166,71.35761617157615,0.928633153438568,46.431657671928406,-0.3843681,-1.0,-0.0955842,-0.9388628,-25.271801948547363,1.0,149596
42982,71.3345515456509,0.9281815886497498,46.40907943248749,-0.530413,-1.0,-0.82385767,-0.07937032,-53.59548330307007,1.0,160000
64002,71.33344945490929,0.9281600117683412,46.40800058841705,-0.95053864,-0.64080685,-0.22293714,-0.49039108,-60.0,1.0,147137
54069,71.32840479508559,0.9280612468719482,46.40306234359741,-1.0,-0.89239526,-0.050439447,0.8149149,-60.0,1.0,160000
41373,71.30136376397537,0.9275318384170532,46.37659192085266,-0.41448525,-1.0,0.22529814,-0.26527524,-20.0,1.0,160000
62928,71.29413612405443,0.9273903369903564,46.36951684951782,-0.6091853,-1.0,0.13534972,-0.94626766,-20.0,11.0,160000
20351,71.29001386238545,0.9273096323013306,46.36548161506653,-0.04500722,-0.7534667,0.18098131,-0.9110593,-20.0,5.054960459470749,140103
22037,71.28958458654726,0.9273012280464172,46.36506140232086,-0.24415067,-0.7523855,1.0,-0.67960507,-37.160031497478485,1.0,160000
21675,71.27567113369132,0.9270288348197936,46.351441740989685,-0.7738082,-0.19049767,-0.08856204,0.049675405,-31.544992327690125,1.0,134299
66637,71.27412755712486,0.9269986152648926,46.34993076324463,-1.0,0.005222738,-1.0,0.45645916,-20.0,1.0,160000
75387,71.27336337977262,0.926983654499054,46.3491827249527,-0.97786,-1.0,-1.0,1.0,-20.0,1.0,127788
75384,71.27336337977262,0.926983654499054,46.3491827249527,-1.0,-1.0,-1.0,1.0,-20.0,1.0,160000
75382,71.27336337977262,0.926983654499054,46.3491827249527,-1.0,-0.5456183,-1.0,1.0,-20.0,1.0,139906
67915,71.27188373682826,0.9269546866416932,46.347734332084656,0.16623098,-1.0,-1.0,-0.62534106,-21.75766348838806,1.0,160000
79573,71.26881180010707,0.9268945455551147,46.34472727775574,-1.0,-0.06895217,1.0,-0.76773185,-20.0,4.14944714307785,156394
52083,71.26725908519732,0.9268641471862792,46.343207359313965,-0.5133222,-0.041551113,0.21844424,-0.024239212,-42.73715555667877,1.0,160000
31209,71.26515530700554,0.9268229603767396,46.341148018836975,-0.0805698,-1.0,0.79962337,-0.6350314,-20.0,1.0,113283
65273,71.25170143131564,0.926559567451477,46.32797837257385,0.07889819,-0.8998073,-0.68956655,0.09286541,-42.40737497806549,1.0,108765
44187,71.24427573415944,0.92641419172287,46.32070958614349,-1.0,-1.0,-1.0,-0.23220477,-23.024582862854004,1.0,111529
79441,71.23974236286386,0.9263254404067992,46.316272020339966,-0.775203,-0.35027808,-1.0,-0.041840494,-20.0,1.0,79891
81695,71.22600518706886,0.9260565042495728,46.30282521247864,-1.0,-1.0,-1.0,0.46662593,-52.85239934921265,1.0,125852
70919,71.22532624201813,0.9260432124137878,46.30216062068939,-0.3756845,0.18099675,0.18617776,-0.20586056,-44.40269947052002,1.0,127330
33868,71.2184819772639,0.9259092211723328,46.29546105861664,-0.7266706,-0.40530497,-0.13742146,-0.085015416,-26.1916446685791,1.0,132035
74562,71.21755337211414,0.9258910417556764,46.29455208778381,0.028885722,-1.0,-1.0,1.0,-58.54809165000916,1.0,160000
39888,71.19497140292228,0.9254489541053772,46.27244770526886,-0.7869054,-1.0,-1.0,0.8345246,-20.0,1.0,149569
74879,71.17164935079076,0.9249923825263976,46.249619126319885,-0.7441889,-1.0,-1.0,1.0,-20.0,1.0,126213
72084,71.16117870533589,0.9247874021530152,46.23937010765076,-1.0,-0.6286106,-1.0,-0.52421856,-23.42423677444458,1.0,96578
14504,71.1611269456987,0.924786388874054,46.2393194437027,-0.060929477,-0.46229386,0.0021836534,-0.34152472,-45.21383285522461,1.0,160000
30015,71.15889823547569,0.9247427582740784,46.23713791370392,-0.5089065,-0.5721713,0.83139634,-0.61369133,-40.19893229007721,1.0,120909
79336,71.1581279293755,0.9247276782989502,46.23638391494751,-1.0,-1.0,-0.82782596,-0.7453346,-20.0,1.0,90955
48310,71.14747149358445,0.9245190620422364,46.225953102111816,-0.7718683,-1.0,0.351009,-0.35905308,-44.24546957015991,1.0,89508
29875,71.14085229897586,0.9243894815444946,46.21947407722473,-1.0,-0.44746578,-1.0,-0.81550384,-50.72641849517822,1.0,113964
65024,71.14026466943406,0.924377977848053,46.21889889240265,-1.0,-0.57976425,-1.0,1.0,-45.583264231681824,1.0,102431
16642,71.1185192227364,0.9239522814750672,46.19761407375336,-0.20965236,-0.6334915,-0.9055343,-0.72921896,-44.49026882648468,1.0,160000
32119,71.09633207170683,0.9235179424285888,46.17589712142944,-1.0,0.05445537,-0.5792551,1.0,-60.0,1.0,89463
46086,71.08778537719846,0.9233506321907043,46.16753160953522,-1.0,-0.9395489,-0.4207983,-0.7201814,-60.0,1.0,160000
66598,71.08150397729572,0.9232276678085328,46.16138339042664,-0.7676926,-1.0,-0.87655354,-0.9914961,-20.0,1.0,160000
10405,71.08145221580743,0.9232266545295716,46.16133272647858,-1.0,-1.0,-0.68398666,0.27335742,-24.550256729125977,1.0,130846
60963,71.05423768526273,0.9226939082145692,46.134695410728455,-0.080287695,-1.0,-0.6613622,-0.7924125,-20.0,1.0,160000
12964,71.04978004858532,0.922606647014618,46.130332350730896,-0.2960448,-1.0,-1.0,-0.50417733,-22.18936562538147,1.0,116833
12007,71.03581333803182,0.9223332405090332,46.11666202545166,-1.0,-0.17311876,1.0,-0.086341664,-37.23224312067032,1.0,91325
69688,71.02973884199687,0.9222143292427064,46.11071646213532,-1.0,-1.0,-1.0,0.06600189,-20.0,1.0,160000
78960,71.01943804204616,0.9220126867294312,46.10063433647156,-0.8543236,-1.0,-1.0,-0.43939054,-37.00979173183441,1.0,160000
79212,71.01259009979862,0.9218786358833312,46.093931794166565,-1.0,-1.0,-0.40501672,-0.970147,-20.0,1.0,160000
60019,70.99924736101126,0.9216174483299256,46.08087241649628,-1.0,-0.45700628,-0.2473056,-0.8361528,-20.0,1.0,160000
48815,70.99218316738573,0.9214791655540466,46.07395827770233,-0.050236613,-0.78038156,-0.53077805,0.80830836,-60.0,1.0,160000
60028,70.9856457233077,0.921351194381714,46.06755971908569,-0.048777103,-1.0,1.0,0.0677312,-32.62818694114685,1.0,160000
63569,70.98197658578549,0.9212793707847596,46.063968539237976,-1.0,-0.90824515,0.8990858,0.14697847,-46.77345275878906,1.0,160000
42795,70.97683064823235,0.9211786389350892,46.058931946754456,-1.0,-0.076649696,0.31339312,-0.8305943,-20.0,1.0,129522
75390,70.95804026226111,0.9208108186721802,46.04054093360901,-0.013219357,-1.0,-0.90320945,1.0,-26.150989532470703,1.0,122840
35296,70.9440942884653,0.9205378293991088,46.02689146995544,-1.0,-0.6254763,-1.0,0.37246647,-20.0,1.0,153563
18100,70.93667365477428,0.9203925728797911,46.01962864398956,-0.84349704,-1.0,-0.7515577,-0.9738437,-21.38989925384521,1.0,148116
79574,70.92171660217676,0.9200997948646544,46.00498974323273,-1.0,-1.0,-0.23980017,0.20267197,-32.64645218849182,1.377552509307861,136392
52119,70.91146097502853,0.919899046421051,45.99495232105255,-1.0,-0.910213,-0.69339335,-0.6089947,-33.1177681684494,1.0,160000
6462,70.88744167134746,0.9194288849830629,45.97144424915314,0.118298374,-1.0,-0.8887997,-0.9021206,-60.0,1.0,128577
54434,70.85460349831322,0.9187861084938048,45.93930542469025,-0.6241802,-1.0,-1.0,-0.90088755,-51.404995918273926,1.0,150611
35457,70.85393052989652,0.9187729358673096,45.93864679336548,-1.0,-1.0,1.0,-0.19046435,-20.0,1.0,160000
62459,70.84894873015585,0.918675422668457,45.93377113342285,-1.0,-0.6424157,-0.5652624,0.23723108,-49.41414892673493,1.0,160000
66134,70.84403086667153,0.9185791611671448,45.92895805835724,-1.0,-1.0,-0.2868585,0.7194109,-60.0,1.0,160000
63529,70.83288569887024,0.9183610081672668,45.91805040836334,-1.0,-0.18288907,-0.6188638,-0.46545172,-37.722375988960266,1.0,160000
4284,70.82323259809712,0.9181720614433287,45.90860307216644,-0.60108405,-1.0,-0.4111747,1.0,-25.49249291419983,1.0,104559
50868,70.81693826636243,0.918048858642578,45.902442932128906,0.0911088,0.101160824,-1.0,0.20436579,-35.802633464336395,1.0,160000
65689,70.81288211271273,0.9179694652557372,45.89847326278687,-1.0,-1.0,-0.33039153,-0.06897855,-23.799755573272705,1.0,160000
77076,70.8123948865459,0.9179599285125732,45.89799642562866,-0.20378044,-1.0,0.80015314,-0.9095273,-30.967804789543152,1.0,160000
15001,70.79378276614091,0.917595624923706,45.8797812461853,-0.90757084,-0.03197101,1.0,-0.8530616,-30.081710815429688,1.0,116254
65685,70.78307280800995,0.917385995388031,45.86929976940155,-0.021346599,-0.68217325,-1.0,1.0,-50.78850626945496,1.0,105018
6102,70.77413511461117,0.9172110557556152,45.86055278778076,-1.0,-1.0,-0.9851559,-0.89811206,-47.627922892570496,1.0,95329
66887,70.77215267751795,0.9171722531318665,45.85861265659332,-1.0,-0.69093674,0.8786692,-0.6628655,-57.87662982940674,1.0,160000
68107,70.76219478669948,0.9169773459434508,45.84886729717255,-1.0,-0.04367861,0.6392567,-0.056079566,-26.520276069641117,1.0,160000
33487,70.75897901781282,0.916914403438568,45.845720171928406,-0.04343751,-0.62836206,0.35871965,-0.527212,-50.83271861076355,1.0,160000
22865,70.75569320363797,0.9168500900268556,45.84250450134277,-1.0,-0.42570207,-0.8012841,1.0,-60.0,1.0,92750
74125,70.72242672250466,0.9161989688873292,45.809948444366455,-1.0,-0.22129017,-0.3718932,-0.4594767,-20.0,1.0,160000
32849,70.68986320856979,0.9155616164207458,45.77808082103729,0.022582501,-0.48516864,-0.11022529,-0.6770114,-20.0,1.0,160000
39890,70.68100735946751,0.915388286113739,45.76941430568695,-0.20464246,-0.5079473,-1.0,0.22225693,-59.314467906951904,1.0,126122
77888,70.6691487488429,0.9151561856269836,45.75780928134918,-1.0,-0.72047937,-0.78329915,-0.8145765,-59.06227707862854,1.0,101244
48387,70.66354222872131,0.915046453475952,45.75232267379761,-1.0,-0.21504371,-0.20864856,-0.7219663,-20.0,1.0636720657348633,111649
31063,70.63862790963915,0.9145588278770448,45.72794139385224,-0.11777173,0.00021292269,1.0,-0.89841205,-20.0,1.0,127955
40268,70.6362707646255,0.9145126938819884,45.72563469409943,-0.05849123,-1.0,-0.7323144,-0.6470977,-43.20268929004669,1.0,140120
66947,70.60342273983761,0.9138697981834412,45.69348990917206,0.04405856,-1.0,-0.71651447,-0.63478255,-42.10484325885773,1.0,160000
42452,70.60136705708837,0.9138295650482178,45.69147825241089,-0.35464108,-0.05525115,0.8035737,-0.47905785,-22.92764902114868,1.0,131414
46552,70.57669566736367,0.9133467078208924,45.66733539104462,-0.72757375,-0.77033705,-0.4389083,0.21448159,-38.02796483039856,1.0,118025
39675,70.55374471986305,0.912897527217865,45.64487636089325,-1.0,0.044130385,0.10392219,-0.71479213,-23.82948517799377,1.0,139823
12720,70.54787294175729,0.912782609462738,45.6391304731369,-0.6343055,-1.0,-0.24222791,-0.9278258,-21.436744928359985,1.0,160000
67113,70.53308378723764,0.9124931693077089,45.62465846538544,-1.0,-1.0,0.23521161,-0.43544167,-60.0,1.0,130884
46464,70.48716245548026,0.9115944504737854,45.57972252368927,-1.0,-0.43225083,-1.0,-0.3243519,-20.0,1.0,160000
12946,70.47298506069238,0.911316990852356,45.5658495426178,-0.09758231,-0.65865797,-0.12012092,-0.7316008,-21.62656664848328,1.0,160000
66415,70.47247948485966,0.9113070964813232,45.56535482406616,-1.0,-1.0,-1.0,-0.36255252,-20.0,1.0,160000
50706,70.46836482415031,0.9112265706062316,45.561328530311584,-0.19405648,-0.7077082,-1.0,0.21893722,-20.52849769592285,1.0,160000
77913,70.43743609184997,0.9106212854385376,45.53106427192688,-0.5439156,-1.0,-0.72774816,-0.36148477,-32.451680302619934,1.0,160000
61682,70.43065029022225,0.910488486289978,45.5244243144989,0.26577032,-0.71553695,-0.8676722,-0.7931219,-33.4220427274704,1.0,160000
64111,70.41853752052046,0.9102514386177064,45.51257193088532,-1.0,-0.42344975,0.3957505,0.02712822,-29.78454828262329,1.0,152403
76353,70.4163872455405,0.9102093577384948,45.51046788692474,-1.0,-1.0,-0.5155725,-0.94395006,-44.86488342285156,1.0,106239
64112,70.40423480143693,0.9099715352058412,45.49857676029205,-0.2302104,-1.0,-0.72114277,-0.013148785,-24.79673266410828,1.0,150733
64276,70.39089140005147,0.90971040725708,45.485520362854,-0.0572623,0.1121673,-1.0,-0.41218132,-20.0,1.0,160000
61350,70.37081979652022,0.9093176126480104,45.46588063240051,-0.24097395,0.038063645,-1.0,-0.48473954,-44.93355095386505,1.0,160000
41374,70.34109886085744,0.908735990524292,45.4367995262146,-0.7526872,-1.0,0.7002829,-0.28846368,-37.56222665309906,1.08531391620636,158072
16337,70.34072117877791,0.9087285995483398,45.43642997741699,-1.0,-0.0723409,0.61682826,-0.8081651,-20.0,1.4382532835006714,160000
76459,70.30933678505906,0.9081144332885742,45.40572166442871,-0.05533129,-0.37267575,-0.5227813,0.35722828,-46.8484365940094,1.0,117991
72548,70.30787476799539,0.908085823059082,45.4042911529541,-0.6528192,-1.0,-1.0,-0.82403183,-60.0,1.0,152156
40775,70.30472533619839,0.9080241918563844,45.401209592819214,-0.21284519,-0.7369648,-0.5587589,0.37510046,-22.25013017654419,1.0,160000
35332,70.2928128885708,0.9077910780906676,45.389553904533386,-1.0,-0.07305701,-0.56297183,-0.35333213,-35.878038108348846,1.0,160000
29792,70.25360581933151,0.9070238471031188,45.351192355155945,-1.0,-0.5619106,0.61363465,-0.2829171,-43.75355124473572,1.0,137348
81546,70.20585702684345,0.90608948469162,45.304474234580994,-1.0,-1.0,-0.70014274,-0.6298444,-20.0,1.0,160000
23016,70.1832463417098,0.905647039413452,45.28235197067261,-1.0,-1.0,-0.48944506,0.8732158,-20.0,1.0,160000
74465,70.1788295694846,0.9055606126785278,45.27803063392639,-1.0,-1.0,-0.81739837,1.0,-60.0,1.0,140385
37872,70.12121270225711,0.9044331908226012,45.22165954113007,-1.0,-1.0,-1.0,1.0,-20.0,1.0,160000
59788,70.1075537892456,0.9041659235954284,45.20829617977142,-1.0,-0.59248,-0.13011912,-0.7948202,-49.923152923583984,1.2505522966384888,160000
25327,70.09331296954939,0.9038872718811036,45.194363594055176,0.036569476,-1.0,-0.15607944,-0.6149684,-25.1360547542572,1.0,96687
50638,70.07782616064014,0.9035842418670654,45.17921209335327,-1.0,-0.8573751,-1.0,-0.7025877,-48.833266496658325,1.0,160000
46719,70.05020611425007,0.903043806552887,45.15219032764435,-0.44759434,-0.9393035,-1.0,-0.5775613,-40.75002193450928,1.0,160000
35434,70.04079931548728,0.9028597474098206,45.14298737049103,-1.0,-1.0,0.12030168,-0.84250903,-30.66027402877808,1.0,106934
36771,70.03835926795841,0.9028120040893556,45.14060020446777,-0.73522156,-0.64521194,-1.0,-0.7547343,-20.0,2.4012932777404785,160000
49580,70.0333298977494,0.9027135968208312,45.135679841041565,-1.0,-0.52100503,-0.8269148,-0.8061858,-27.410675287246704,1.0,153453
70722,69.89583552516278,0.9000234007835388,45.00117003917694,-1.0,-0.22235554,-1.0,0.8452059,-50.56969404220581,1.0,125352
54058,69.87807460105253,0.8996759057044983,44.98379528522492,-1.0,0.22994602,-0.5481321,0.5701034,-20.0,1.0,160000
77100,69.85729138859024,0.8992692828178406,44.96346414089203,-0.9606974,-1.0,-1.0,-0.96644926,-20.0,1.0,128069
12513,69.8198798721726,0.8985373377799988,44.92686688899994,-0.37166247,-0.004476242,1.0,0.032188177,-49.459757804870605,1.0,124479
76022,69.81362830654436,0.8984150290489197,44.920751452445984,-1.0,-1.0,-1.0,0.34703118,-20.0,1.0,160000
66419,69.8112824413659,0.8983691334724426,44.91845667362213,-1.0,-1.0,-1.0,-0.99081385,-21.471136808395386,1.0,113072
45139,69.80023856048771,0.8981530666351318,44.90765333175659,-1.0,-1.0,-1.0,-0.11100799,-28.73924732208252,1.0,160000
18821,69.77820546438352,0.8977220058441162,44.88610029220581,-0.5384655,-0.122859634,-1.0,-0.60604256,-59.077268838882446,1.0,129083
42324,69.74281858641713,0.89702969789505,44.8514848947525,-1.0,-0.43624496,-0.7960385,-0.80310065,-37.90908008813858,1.0,160000
75550,69.73157631114569,0.8968097567558289,44.84048783779144,-1.0,-1.0,-1.0,-0.8088335,-39.13598537445069,1.0,160000
47169,69.70662677587158,0.8963216543197632,44.81608271598816,-1.0,-0.0064280927,-1.0,-0.9121682,-49.90443766117096,1.0,96595
10173,69.6907075438911,0.8960102200508118,44.80051100254059,-1.0,-0.3269689,-0.65810376,-0.16964185,-59.4024658203125,1.0,160000
61410,69.67708546018943,0.895743727684021,44.78718638420105,0.1275515,-0.05724266,-0.352598,1.0,-41.47147953510285,1.0,160000
54055,69.66485262563151,0.8955044150352478,44.77522075176239,-1.0,-0.0019125044,0.6275704,0.84610724,-20.0,1.0,160000
10408,69.65483170246709,0.8953083753585815,44.76541876792908,-1.0,-0.49667388,-0.4491408,-0.9752667,-20.0,10.312486052513124,157229
54265,69.64265967445067,0.8950702548027039,44.75351274013519,-0.2611196,-0.8038987,-1.0,0.142631,-27.813377380371094,1.0,160000
71877,69.54451915751162,0.8931503891944885,44.657519459724426,-0.5187818,-1.0,-0.4227105,-0.056977034,-23.034818172454838,1.0,91986
54284,69.53023797180484,0.8928710222244263,44.64355111122131,-0.8621542,-1.0,-0.7265153,0.42117175,-20.0,1.0,155785
49080,69.50177585863102,0.8923142552375793,44.61571276187897,-0.6803401,-1.0,-0.87232935,1.0,-20.696122646331787,1.0,160000
62009,69.48097977454572,0.8919074535369873,44.595372676849365,0.056693316,-0.5056706,-1.0,1.0,-42.7549546957016,1.0,160000
38112,69.44816876779393,0.8912656307220459,44.563281536102295,-1.0,-0.9835855,-1.0,1.0,-20.0,1.0,160000
63680,69.39751301517974,0.8902747631072998,44.51373815536499,-0.12693878,-0.7309847,-0.57035065,1.0,-20.0,1.0,160000
39961,69.3968609178979,0.8902620077133179,44.51310038566589,-1.0,-1.0,0.04676617,-0.48665562,-32.24567115306854,1.0,160000
39089,69.38992856260643,0.8901264071464539,44.50632035732269,-0.72394896,-1.0,0.44050932,-0.90936255,-20.0,1.0,160000
12733,69.3871220948105,0.8900715112686157,44.50357556343079,-0.26938987,-0.3664609,-0.20343247,0.60438657,-20.0,1.0,93544
15519,69.37694138002763,0.8898723721504211,44.49361860752106,-0.70795304,-1.0,-1.0,-0.55013967,-20.0,1.0,101899
976,69.37125222487414,0.8897610902786255,44.48805451393128,-0.24456921,0.27785084,0.099587,-0.8602707,-33.243688344955444,2.0079658031463623,160000
59394,69.35423342149336,0.8894281983375549,44.47140991687775,0.25332958,-1.0,0.58730984,-0.541589,-24.285593032836918,1.0,160000
23018,69.3488672129061,0.8893232345581055,44.46616172790527,-0.89854056,-0.56540394,-0.7647375,1.0,-20.0,1.0,160000
29486,69.26981686519164,0.8877770304679871,44.38885152339935,-0.31717414,-0.50788236,0.23022567,-0.8474851,-21.37185215950012,8.180010974407196,160000
67174,69.25064576220967,0.8874020576477051,44.37010288238525,-1.0,-0.8037566,-0.6404822,0.043513417,-20.0,1.0,160000
79868,69.24533413747982,0.8872981667518616,44.36490833759308,-1.0,-1.0,-0.193605,1.0,-20.0,1.0,160000
47375,69.22908224814361,0.8869802951812744,44.34901475906372,-0.0026599169,0.24872231,0.45471108,-0.6372505,-60.0,1.0751984119415283,160000
72113,69.22658944745903,0.8869315385818481,44.34657692909241,-1.0,-1.0,-0.22614959,0.54919285,-38.806928396224976,1.0,160000
65643,69.22640050645265,0.8869278430938721,44.3463921546936,-1.0,-0.33017874,-1.0,-0.64235437,-22.70606517791748,1.0,160000
50987,69.21016675224108,0.8866103291511536,44.33051645755768,-1.0,-1.0,-1.0,-0.24905753,-20.0,1.5551466345787048,129616
78953,69.20492816217745,0.8865078687667847,44.32539343833923,-1.0,-0.7693005,-0.6461765,-0.46062338,-31.206388473510746,1.0,160000
62217,69.20348670951407,0.8864796757698059,44.323983788490295,-0.33322087,-0.81221145,-1.0,-0.4638486,-60.0,1.0,160000
35526,69.20000954364099,0.8864116668701172,44.32058334350586,-0.98959625,-0.9469788,-1.0,-0.9376273,-25.051963329315186,2.0918089747428894,160000
75174,69.17174706725723,0.8858588933944702,44.29294466972351,-1.0,-0.7508121,-1.0,0.08181703,-20.0,1.0,100293
26526,69.13715441202939,0.8851823210716248,44.25911605358124,-0.8333281,-0.829224,0.781216,-0.74535096,-20.0,1.0,160000
37346,69.12900215074245,0.8850228786468506,44.25114393234253,-1.0,-0.960361,-1.0,-0.84983015,-47.18277156352997,1.0,156956
48360,69.12561323855681,0.8849565982818604,44.24782991409302,-1.0,-0.55484307,0.8012527,-0.00736326,-20.0,1.0,160000
64335,69.11880187380521,0.8848233819007874,44.24116909503937,-1.0,-0.25382426,-1.0,0.804603,-20.0,1.0,116715
63171,69.10019926592622,0.8844595551490784,44.22297775745392,-1.0,-0.6029448,-0.517518,-0.4661671,-26.02282285690308,1.0,151841
42009,69.05830315938728,0.8836401700973511,44.182008504867554,-0.084768295,-1.0,-1.0,-0.9860255,-20.0,1.0,160000
48916,69.036009216249,0.8832041621208191,44.16020810604096,-1.0,-0.85682106,1.0,-0.70384854,-34.580615758895874,1.0,140153
39065,68.97649248920101,0.8820402026176453,44.10201013088226,-0.48474813,-0.8603748,-1.0,0.02493018,-60.0,1.0,160000
62270,68.9662609716045,0.8818401098251343,44.09200549125672,-0.51779205,-0.83596194,-0.77112854,-0.40619296,-20.0,1.0,160000
65097,68.92039680665789,0.8809431791305542,44.04715895652771,-0.64680064,-1.0,0.41412482,-0.9600603,-60.0,1.0,160000
75798,68.89951254131194,0.8805347681045532,44.02673840522766,-1.0,-1.0,-0.9852611,-0.5836394,-47.44793772697449,1.1033902168273926,131554
42477,68.85918811011695,0.8797461986541748,43.98730993270874,-1.0,-0.36950913,0.034800917,-0.56985813,-20.0,1.0,124849
66958,68.85715205556032,0.8797063827514648,43.98531913757324,-0.7990977,0.20033544,-0.34841424,1.0,-60.0,1.0,160000
33546,68.85030321628984,0.8795724511146545,43.97862255573273,-0.20380598,-1.0,0.25527835,-0.10526034,-60.0,1.0,109110
53310,68.69743729492009,0.8765832185745239,43.8291609287262,-1.0,0.11381817,-1.0,0.10651815,-31.323551535606384,1.0,160000
71713,68.63678881876976,0.8753973245620728,43.76986622810364,-0.0928607,-1.0,-1.0,-0.8296733,-44.06792879104614,1.0,160000
65687,68.63221633218184,0.8753079175949097,43.76539587974548,-1.0,-1.0,-1.0,0.111665845,-28.1903076171875,1.0,160000
45191,68.6099664635022,0.8748728632926941,43.74364316463471,-1.0,-1.0,0.45964584,-0.92313004,-48.2367479801178,1.0,160000
32193,68.60474766141454,0.8747708201408386,43.73854100704193,-1.0,-0.10481025,1.0,-0.8220258,-57.98733353614807,1.0,160000
50657,68.60301923506007,0.874737024307251,43.73685121536255,-0.26395935,-0.72692513,0.66667354,0.05060041,-25.13247013092041,1.0,124849
57587,68.59379179079778,0.8745566010475159,43.72783005237579,-0.87844026,-1.0,-0.35352755,-0.06556785,-44.21986818313599,1.0,138391
80393,68.55786013781868,0.8738540410995483,43.69270205497742,-1.0,-0.20521033,0.1197356,-0.8395863,-29.693561792373657,1.0,140281
48129,68.53734097492045,0.8734528422355652,43.67264211177826,-1.0,-0.33790237,-0.9384918,1.0,-47.934624552726746,1.0,160000
74029,68.490204936179,0.8725312352180481,43.626561760902405,-0.51787215,-1.0,-1.0,-0.7264199,-21.32192015647888,1.0,74597
56611,68.4827573278618,0.8723856210708618,43.61928105354309,-0.45406014,-0.53398514,1.0,-0.18644196,-26.617348194122314,1.0,132187
56346,68.43441273983038,0.8714404106140137,43.57202053070069,-1.0,-0.53842473,-0.7724216,-0.5524763,-20.0,1.3076207637786863,160000
44508,68.41984938053803,0.8711556792259216,43.55778396129608,-1.0,-0.33311325,0.5561663,-0.066927165,-20.033657550811768,1.0,138486
52149,68.41889210344186,0.8711369633674622,43.55684816837311,-0.5855042,-0.86984646,-0.51442957,-0.9848782,-46.99257075786591,1.0,160000
51620,68.4123313893916,0.8710086941719055,43.55043470859528,-1.0,-0.24436606,-1.0,-0.13786131,-43.39806616306305,1.0,160000
59342,68.39713069254715,0.8707115054130554,43.53557527065277,-1.0,-0.5689025,0.5145353,-0.13122284,-40.65955281257629,1.0,160000
30625,68.38156708259723,0.870407223701477,43.52036118507385,-0.1331618,-1.0,-0.47922945,-0.53672755,-45.31269073486328,1.0047299265861511,160000
25362,68.37857934329926,0.8703488111495972,43.51744055747986,-1.0,-1.0,1.0,-0.82391477,-20.0,1.0,130149
52216,68.35134802601003,0.8698164224624634,43.49082112312317,-0.9889196,-0.03885223,-0.88806653,-0.14625451,-20.0,1.0,112725
47474,68.34812853517167,0.8697534799575806,43.48767399787903,-0.3010411,-1.0,-0.46106786,0.4833658,-24.827173948287964,1.0,160000
65064,68.32832062447918,0.8693662285804749,43.46831142902374,-1.0,-1.0,-0.92219687,-0.711718,-22.706260681152344,1.0,160000
35322,68.28293576670322,0.8684789538383484,43.42394769191742,-1.0,-1.0,-1.0,-0.8770323,-42.98083007335663,1.0,158696
69347,68.27886552998099,0.8683993816375732,43.41996908187866,-1.0,-0.33463985,0.8810829,0.19549406,-56.90973997116089,1.0,144725
59671,68.2534743804943,0.8679029941558838,43.39514970779419,-0.4858613,-1.0,-1.0,0.08930415,-54.56898808479309,1.0,145871
66324,68.24907175118369,0.8678169250488281,43.390846252441406,-1.0,-1.0,-1.0,-0.21145856,-20.0,1.731498301029205,160000
51123,68.22306127986792,0.8673084378242493,43.36542189121246,-1.0,-0.80224717,-1.0,-0.36208326,-20.0,1.0,111511
31031,68.18911391155626,0.8666447997093201,43.332239985466,-0.93928427,-0.9341026,-0.20129734,-0.5629432,-40.11434257030487,1.0,105712
20757,68.11839698235538,0.8652623891830444,43.26311945915222,-0.44941822,-0.62802434,-0.3304935,0.3493634,-60.0,1.0,160000
45574,68.10976795814689,0.8650937080383301,43.2546854019165,-0.6487421,-0.006445259,-0.36633837,-0.4798226,-23.40906143188477,1.0,160000
79070,68.08518265344327,0.8646131157875061,43.230655789375305,-0.22571522,-0.5812513,-0.71720356,-0.27352548,-27.783241271972656,1.0,160000
65684,68.03479141765516,0.863628089427948,43.1814044713974,-1.0,-1.0,-0.25504798,1.0,-20.0,1.0,159474
14571,68.03004373149261,0.8635352849960327,43.17676424980164,-0.11597849,-0.19317609,0.097908266,-0.5838136,-24.705848693847656,1.0,156355
73634,68.00041388376317,0.8629561066627502,43.14780533313751,-0.88876814,-0.771247,1.0,-0.43282628,-30.698047280311584,1.0,160000
58831,67.99076281730223,0.8627674579620361,43.13837289810181,-0.99320996,-1.0,-0.7299018,-0.9875435,-20.0,1.0,160000
77112,67.9760345573679,0.862479567527771,43.12397837638855,-1.0,-1.0,0.58263373,-0.73931146,-20.0,1.0,160000
59518,67.94793163047173,0.861930251121521,43.09651255607605,-0.67274994,-1.0,0.090289205,1.0,-53.3066201210022,1.0,160000
81085,67.94736749421043,0.8619192242622375,43.09596121311188,-1.0,-1.0,0.11895448,0.21795893,-58.61570119857788,1.0,160000
63671,67.92409139427053,0.861464262008667,43.07321310043335,0.16994396,-1.0,-1.0,0.15432766,-60.0,1.0,147675
32892,67.90466037904962,0.8610844612121582,43.05422306060791,-1.0,-0.24533802,-0.93234915,-0.21833044,-37.77281999588013,1.0,160000
36314,67.86649915284656,0.860338568687439,43.01692843437195,-0.008478403,-0.14202908,0.22649564,-0.8410852,-25.721852779388428,7.130536198616028,160000
19100,67.78730778702021,0.8587907552719116,42.93953776359558,-1.0,-1.0,-0.1020382,-0.38465562,-20.0,1.0020739436149595,160000
14353,67.76652744484878,0.8583846092224121,42.919230461120605,-1.0,-0.5992957,-0.37773943,-0.98612016,-60.0,1.0,121520
67063,67.74413358510215,0.8579469323158264,42.89734661579132,-1.0,-0.2276882,-0.94944865,-0.65379333,-56.15353226661682,1.0,160000
47011,67.72807986678514,0.8576331734657288,42.88165867328644,-1.0,-0.40389115,0.8030876,-0.7416966,-45.91788172721863,1.0,160000
55030,67.7202664395071,0.8574804663658142,42.87402331829071,-0.63386023,-1.0,1.0,-0.33412993,-20.0,1.0,160000
8767,67.71652745020731,0.8574073910713196,42.87036955356598,-0.9627655,-0.104374275,-1.0,0.30333966,-52.638179063797,1.0,134653
58542,67.7076313102469,0.8572335243225098,42.86167621612549,-0.39493516,-1.0,-1.0,-0.73036504,-20.0,1.0,135003
9994,67.59780923183894,0.8550872206687927,42.75436103343964,-1.0,-1.0,-0.17705686,-0.8218774,-60.0,1.0,145559
70929,67.57986331155558,0.8547365069389343,42.73682534694672,-0.48883048,-1.0,-1.0,1.0,-34.89774286746979,1.0,140868
35638,67.54345856166105,0.8540250658988953,42.70125329494476,0.0022917837,-1.0,0.18694201,-0.70914507,-57.4946665763855,1.0,147888
79535,67.53957892610312,0.853949248790741,42.69746243953705,-0.1922425,-1.0,-1.0,1.0,-37.01485514640808,1.0,160000
25705,67.53937762404303,0.8539453148841858,42.69726574420929,-1.0,-0.7469225,-0.41209188,-0.6860833,-21.357955932617188,1.0,134987
61535,67.49319959027386,0.8530429005622864,42.65214502811432,-1.0,-1.0,-1.0,1.0,-20.0,1.0,160000
61538,67.49319959027386,0.8530429005622864,42.65214502811432,-1.0,-1.0,-1.0,1.0,-20.0,1.0,160000
70046,67.47165962547582,0.8526219725608826,42.63109862804413,-0.55454016,-1.0,-1.0,-0.68694115,-36.346983313560486,1.0,160000
50715,67.44262512408139,0.8520545959472656,42.60272979736328,-1.0,-1.0,-0.01825118,-0.9914702,-36.52611792087555,1.0,160000
29834,67.40127329897976,0.8512465357780457,42.56232678890228,-0.18775985,0.067863956,-0.0047644675,-0.14665389,-20.0,1.0,160000
70177,67.40080966051814,0.8512374758720398,42.56187379360199,-1.0,-0.022940904,-0.9488195,0.5443343,-35.67162752151489,1.0,142483
39679,67.37053260352914,0.8506458401679993,42.53229200839996,-1.0,-1.0,-1.0,-0.67455816,-31.02414011955261,1.0,156369
43284,67.36401714702006,0.850518524646759,42.52592623233795,-0.50829244,-0.34924304,-0.20031902,-0.68466085,-42.14398443698883,1.0,105639
60436,67.18310664706931,0.8469836115837097,42.349180579185486,-0.35572994,0.17447805,0.22737357,-0.39652205,-20.0,1.0,160000
30095,67.17027270765641,0.8467328548431396,42.33664274215698,-1.0,-0.027388543,-0.7172282,0.65338784,-52.86555051803589,1.0,160000
19597,67.16714581348275,0.8466717600822449,42.33358800411224,-0.64388466,-0.18251108,-0.9912771,-0.050016195,-37.67177686095238,1.0,100335
53638,67.13801511199227,0.8461025953292847,42.30512976646423,-0.24935243,0.011108696,-0.32644886,-0.766366,-20.0,2.377538740634918,160000
54045,67.11453999504383,0.845643937587738,42.2821968793869,-1.0,-0.7030507,-0.06784016,0.18673605,-60.0,1.0,160000
63568,67.06307369905633,0.8446384072303772,42.23192036151886,-1.0,-1.0,-1.0,0.5367576,-35.75172275304794,1.0,147929
30017,67.06143541848192,0.8446063995361328,42.23031997680664,-1.0,-0.40449345,0.50492346,-0.5173871,-39.316872358322144,1.0,160000
38203,67.0600747597809,0.844579815864563,42.22899079322815,-0.687322,-0.52708167,-0.2194388,-0.81096816,-60.0,1.0,160000
34780,66.99183004701094,0.8432465195655823,42.16232597827912,-0.73203576,-0.095869675,-1.0,1.0,-20.0,1.0,116693
64660,66.96237321078489,0.8426710367202759,42.133551836013794,0.091872215,-0.9501984,-1.0,-0.72844815,-33.99510324001312,1.0,160000
80022,66.94519619721561,0.8423354625701904,42.11677312850952,-0.021320939,-0.5585724,-0.35784748,0.63875675,-21.506385803222656,1.0,139107
75454,66.92176747113118,0.8418777585029602,42.09388792514801,-0.28874302,-0.12203109,0.47893667,-0.73427045,-46.25253915786743,1.0,160000
77917,66.85914703602904,0.8406544327735901,42.032721638679504,-0.24846059,-0.88200593,-0.432239,-0.15877187,-20.0,1.0,160000
74531,66.82913888094498,0.8400682210922241,42.003411054611206,-0.6594539,-1.0,-0.017291427,0.2124367,-20.0,1.0,160000
69690,66.79195372276077,0.8393418192863464,41.96709096431732,-0.12074548,-1.0,-1.0,0.47040135,-53.13468456268311,1.0,160000
66424,66.77861667922116,0.8390812873840332,41.95406436920166,-1.0,-0.7520531,0.3293715,-0.5839497,-31.466376781463623,1.0,114941
41060,66.74676116782946,0.8384590148925781,41.922950744628906,-0.20099829,-0.84154123,0.7139522,-0.9807251,-20.0,1.0,160000
56106,66.7150881880255,0.8378403186798096,41.89201593399048,-1.0,-0.5115525,1.0,-0.1551671,-20.0,1.0,160000
79815,66.68729302080456,0.8372973799705505,41.86486899852753,-0.30920523,-0.87703866,1.0,-0.0908128,-28.315584659576416,1.0,146976
35549,66.6399832082333,0.8363732695579529,41.81866347789765,-0.811674,-0.58438265,-1.0,-0.5001333,-20.0,1.6514006853103638,116088
62421,66.60531176176428,0.8356960415840149,41.784802079200745,-1.0,-1.0,-1.0,-0.94029766,-28.70919823646545,1.0,160000
49583,66.5876645306844,0.8353513479232788,41.76756739616394,-1.0,-0.39151376,-0.25856724,1.0,-60.0,1.0,131353
36655,66.55834466667886,0.8347786664962769,41.73893332481384,-0.4160018,-1.0,-0.070418,0.31855354,-20.0,1.0,160000
79584,66.53917420143213,0.8344042301177979,41.72021150588989,-0.82202834,-1.0,-0.77932465,-0.644513,-20.0,1.0,160000
11441,66.47827413740728,0.8332147598266602,41.66073799133301,-0.6585399,-0.24338995,0.5474769,-0.24702108,-20.0,1.0,96350
7761,66.4737147903171,0.8331257104873657,41.656285524368286,-0.52163595,-0.13499615,-0.87254936,-0.89823544,-42.36817270517349,1.0,83635
54875,66.46986649716877,0.833050549030304,41.6525274515152,-0.11257297,-1.0,0.09805086,-0.47932512,-20.0,1.0,157540
36652,66.42296000127418,0.8321344256401062,41.60672128200531,-1.0,-1.0,-1.0,0.4848171,-20.0,1.0,146919
70531,66.40224995528158,0.8317299485206604,41.58649742603302,-1.0,-0.76130915,-1.0,-0.34618866,-20.0,1.0,134368
30114,66.37604618944802,0.8312181830406189,41.56090915203095,-1.0,-0.20801352,0.45922682,-0.9213952,-20.0,6.475139319896698,160000
54627,66.35259188004117,0.83076012134552,41.538006067276,-0.0009368062,-0.6212984,-0.20238654,-0.6831517,-45.11521935462952,1.0,160000
30472,66.32497125596576,0.8302206993103027,41.51103496551514,-0.46269095,-0.6439842,-1.0,-0.26778847,-22.38361120223999,1.0,160000
19479,66.31873595614401,0.8300989270210266,41.50494635105133,-1.0,-0.38647795,0.8948301,-0.26566997,-30.144035816192627,1.054521560668945,160000
39951,66.2516875727938,0.8287895321846008,41.43947660923004,-0.28094926,-0.10433935,1.0,-0.9090977,-60.0,1.0,121906
6608,66.17971338521485,0.8273839950561523,41.36919975280762,-1.0,-0.178635,0.0781278,-0.96153533,-38.36198106408119,1.0,160000
45842,66.16826122368485,0.8271603584289551,41.35801792144776,-0.81597805,-0.37223837,-0.06866807,-0.22413284,-23.046034574508667,1.0,152595
58025,66.11507730601748,0.8261218070983887,41.30609035491944,-0.18935099,-1.0,0.25815004,-0.9132389,-20.0,1.0,87676
70924,66.08219063805848,0.8254796266555786,41.27398133277893,-0.064922094,-1.0,-0.96538234,1.0,-36.596993803977966,1.0,113127
67871,66.08141531855833,0.8254644870758057,41.27322435379028,-0.27691776,0.23045698,-0.50879073,0.03714806,-45.71720242500305,1.0,158446
67166,66.0612629983969,0.8250709772109985,41.25354886054993,-1.0,-0.6020683,-0.010077834,1.0,-60.0,1.0,160000
81827,66.05716962596578,0.8249910473823547,41.24955236911774,-0.8034114,-0.5093867,-1.0,-0.85314435,-59.30734872817993,1.0,160000
78500,66.0165162197614,0.8241972327232361,41.20986163616181,-0.3184539,-1.0,-0.79405165,-0.10768914,-31.95509076118469,1.0,160000
74468,65.99564275601924,0.823789656162262,41.1894828081131,-0.05765289,-0.04907304,-0.3984332,1.0,-21.348952054977417,1.0,160000
56590,65.91820000386349,0.8222775459289551,41.11387729644776,-0.10597324,0.25964394,-1.0,0.14607877,-35.88214695453644,1.0,154769
78479,65.87891717408081,0.8215105533599854,41.07552766799927,0.12976682,-0.9702872,0.17950875,-0.57916605,-56.83332443237305,1.1132482290267944,160000
59645,65.78944382351166,0.8197636604309082,40.98818302154541,-0.54375243,-0.27230197,-0.2560532,-0.82705295,-24.99869108200073,1.0,118522
72213,65.75090001188012,0.8190111517906189,40.95055758953095,-1.0,-1.0,-1.0,-0.70229304,-21.951050758361816,1.0,160000
77183,65.72428368161937,0.818491518497467,40.92457592487335,-1.0,-1.0,0.110722065,-0.27797604,-42.91836738586426,1.0,160000
13801,65.72314183875511,0.818469226360321,40.92346131801605,-0.06930062,0.18467167,0.1701688,0.30860484,-20.0,1.0,121403
56031,65.71975599552627,0.8184031248092651,40.92015624046326,-0.030213997,-1.0,-0.3139176,-0.11940703,-32.54329442977905,1.0,160000
68163,65.67545855068803,0.817538321018219,40.87691605091095,-1.0,-1.0,-0.6460179,-0.21681643,-20.0,1.0,141057
62221,65.65580843344493,0.8171547055244446,40.85773527622223,-0.28862956,-1.0,-0.3775246,-0.22981465,-36.90538704395294,1.0,140085
61687,65.61859290096316,0.8164281845092773,40.82140922546387,-0.13919228,-0.31896573,-0.15537795,-0.26667923,-24.622600078582764,1.0,160000
39883,65.60006880281429,0.816066563129425,40.80332815647125,-1.0,-0.2762997,0.38019112,0.5644846,-45.53594946861267,1.0,160000
73279,65.54827539549822,0.8150554895401001,40.752774477005005,-0.20762527,-1.0,-1.0,1.0,-24.42617416381836,1.0,160000
12179,65.46912435205202,0.8135104179382324,40.67552089691162,-0.9329032,-0.038634025,-1.0,-0.10460599,-47.78580188751221,1.0,160000
37875,65.44891311338185,0.8131158947944641,40.655794739723206,-1.0,-0.022957623,0.0026792586,1.0,-20.0,1.0,160000
39479,65.42351361300828,0.8126201033592224,40.63100516796112,-0.16182515,-0.56475985,-0.33407387,1.0,-33.52308750152588,1.0,160000
32558,65.3983671913124,0.8121292591094971,40.60646295547485,-1.0,0.08103067,0.31114686,0.051322103,-31.68888032436371,1.0,127745
58893,65.39170111446718,0.8119991421699524,40.59995710849762,-0.44315577,-1.0,-0.005717784,0.070611954,-28.04246425628662,1.0,154793
57585,65.37264631433274,0.811627209186554,40.5813604593277,-0.55668634,-0.5838544,0.2385523,-0.08043474,-42.40726709365845,1.0,160000
42454,65.28528163938265,0.8099219799041748,40.49609899520874,-1.0,-0.34707475,-0.96865076,-0.95498675,-36.308743953704834,1.596548318862915,119734
65271,65.27344497179651,0.8096909523010254,40.48454761505127,-1.0,-1.0,-0.582446,1.0,-25.96357822418213,1.0,160000
78040,65.26749301505154,0.8095747828483582,40.47873914241791,-0.36084187,-1.0,-0.85091484,0.18551046,-22.371385097503666,1.0,160000
74873,65.25931476691423,0.8094151616096497,40.47075808048248,-1.0,-0.12343675,-0.62418324,1.0,-38.531413078308105,1.0,160000
38114,65.25919871979752,0.8094128966331482,40.47064483165741,-0.5276108,-0.32630253,-0.6847627,1.0,-29.32116389274597,1.0,131286
78523,65.2079173428115,0.8084120154380798,40.42060077190399,0.021347523,-1.0,-0.44252056,0.56197935,-29.346895217895508,1.0,152916
33229,65.20410599304493,0.8083376288414001,40.41688144207001,-1.0,-1.0,-0.58412874,-0.73112047,-39.51501190662384,1.0,88472
56270,65.16971795101752,0.8076664805412292,40.38332402706146,-1.0,-0.7932391,0.45739338,-0.43784654,-30.0338751077652,1.0,160000
38451,65.14166644804916,0.8071190118789673,40.35595059394837,-0.49715075,-1.0,-0.2682171,-0.38455525,-35.33308297395706,1.0,110587
78210,65.06218214383033,0.8055678009986877,40.27839004993439,-1.0,-0.55446154,-0.2973138,0.18475243,-31.54146015644073,1.0,113190
54685,65.02107791342169,0.8047656416893005,40.23828208446503,-1.0,-0.20519146,1.0,-0.14943057,-21.79806232452393,1.0,119220
79434,65.01690573882277,0.8046842217445374,40.23421108722687,-1.0,-0.9724766,-1.0,-0.055932283,-20.0,1.0,154729
19962,64.97152733337937,0.8037986755371094,40.18993377685547,0.022229597,-0.026783757,-0.5397259,-0.1222398,-49.56609606742859,1.140034258365631,129710
65404,64.94951423107261,0.8033691048622131,40.16845524311066,0.12539428,0.28052008,-0.6635948,0.3545642,-60.0,1.0,160000
42986,64.9479320378794,0.8033382296562195,40.166911482810974,-0.11266184,-0.87765193,-0.75993836,0.03088507,-20.0,1.0,117268
49561,64.86923896870786,0.8018026351928711,40.09013175964356,-0.513432,0.07763219,-0.23571087,-0.81024194,-26.94257378578186,1.0,160000
26216,64.8334023666163,0.8011033535003662,40.05516767501831,0.122112244,-0.6346242,-1.0,0.774845,-45.15293538570404,1.0,160000
66708,64.81739294628707,0.8007909655570984,40.03954827785492,-0.31456357,-0.10417944,-0.6654175,0.64744985,-24.394655227661133,1.0,160000
52625,64.8046671660897,0.8005426526069641,40.027132630348206,-0.9971826,-1.0,-0.21951564,-0.6648429,-20.0,1.0,160000
60023,64.73409629351772,0.799165666103363,39.95828330516815,0.22544044,-1.0,0.4323815,0.46571252,-50.2039098739624,1.0,154720
70450,64.71484473366556,0.7987900376319885,39.93950188159943,-1.0,-0.6890575,-0.6234251,0.011255741,-44.41665053367615,1.0,160000
80484,64.69590760591052,0.7984205484390259,39.921027421951294,-0.2958076,-1.0,-0.72750926,0.6025076,-26.238898038864136,1.0,92645
78675,64.67970136024302,0.7981043457984924,39.90521728992462,-0.053461373,-1.0,-1.0,0.8132442,-55.09801626205444,1.0,160000
15157,64.66248682558174,0.7977684736251831,39.88842368125916,-1.0,-0.80967623,0.7758772,0.5885358,-38.95933732390404,1.0,160000
25962,64.66229436394411,0.7977647185325623,39.88823592662811,-1.0,-0.24161378,0.36467764,-0.8233949,-55.62896728515625,1.0,160000
65279,64.6411814932207,0.7973527908325195,39.86763954162598,-1.0,-1.0,-0.7612962,1.0,-60.0,1.0,160000
46662,64.63872222816002,0.7973048090934753,39.86524045467377,-0.4815223,-0.952726,0.36537042,-0.5772407,-20.0,1.813755989074707,109732
57814,64.63122526610964,0.7971585392951965,39.85792696475983,-0.52737296,-1.0,-1.0,-0.6211303,-41.58632755279541,1.0,160000
76847,64.61137984459923,0.7967713475227356,39.83856737613678,-1.0,-0.7693066,-1.0,-0.36157155,-32.33986794948578,1.0,158975
73923,64.54587544521999,0.7954933643341064,39.77466821670532,0.08695671,0.15589485,-1.0,-0.72264326,-24.4986093044281,1.6651699542999268,160000
34588,64.52687529573612,0.7951226830482483,39.756134152412415,-1.0,-1.0,-0.9453112,-0.98877907,-47.41402208805084,1.0,134120
54946,64.49646055026244,0.7945293188095093,39.72646594047546,-1.0,-1.0,-0.061249852,-0.8733798,-46.25787317752838,1.0,160000
70393,64.45953437479595,0.7938089370727539,39.690446853637695,-1.0,-0.5443567,-1.0,-0.59955275,-20.46228408813477,1.0,77712
56693,64.3409806849165,0.791496217250824,39.5748108625412,-1.0,-0.7424488,0.946334,-0.4735539,-60.0,1.0,74995
26780,64.32593514442809,0.79120272397995,39.5601361989975,0.031992283,-0.14846928,-1.0,0.027364679,-60.0,1.0,153044
45190,64.32498180741489,0.79118412733078,39.559206366539,-0.75448096,-0.91428584,-0.4115384,-0.08197856,-46.149762868881226,1.0,160000
76984,64.31019890185497,0.7908957600593567,39.54478800296784,-0.87375915,-0.35691792,-1.0,0.13471258,-30.938381552696228,1.0,131911
53072,64.3092302777316,0.7908768653869629,39.54384326934815,-1.0,-1.0,-0.11823487,-0.9675105,-32.81936287879944,1.0,128191
42610,64.30843582218859,0.7908613681793213,39.543068408966064,-0.7754985,-0.69594413,0.91227937,-0.81384546,-20.0,1.0,160000
56345,64.30381880564391,0.7907713055610657,39.53856527805328,-0.1890611,-0.6283896,-0.71045005,-0.236696,-20.0,1.0,160000
73762,64.2994767815583,0.7906866073608398,39.53433036804199,-1.0,-1.0,0.18671834,0.7846687,-51.78158760070801,1.0,124042
40791,64.26951925259839,0.7901022434234619,39.505112171173096,0.17881201,-0.11720526,-0.62279534,-0.19348323,-30.058472156524655,1.2840432524681091,160000
49860,64.24988644639745,0.78971928358078,39.485964179039,-0.9640286,-1.0,-1.0,-0.45358407,-30.4594087600708,1.0,160000
66007,64.20575837310182,0.7888585329055786,39.44292664527893,-1.0,-0.8233596,-0.74716544,-0.030091286,-30.214486718177795,1.0,160000
67786,64.17759902270734,0.7883092761039734,39.41546380519867,0.06691384,-1.0,0.033064753,-0.7725116,-33.57208728790283,1.0,144446
16763,64.16555284527215,0.7880743145942688,39.40371572971344,-1.0,0.29479727,-0.5955512,0.0073919296,-40.87446689605713,1.0,111271
63679,64.16250003276502,0.7880147695541382,39.40073847770691,-1.0,-0.9429723,0.05461675,1.0,-33.73562932014465,1.0,160000
45666,64.14578127560112,0.787688672542572,39.3844336271286,-0.34709963,-0.3048266,0.7790433,-0.7865857,-34.834145307540894,1.2658167481422424,160000
78161,64.11986090413222,0.7871831059455872,39.35915529727936,-1.0,-0.6246796,-0.28497633,0.63393205,-56.78480625152588,1.0,135970
25668,64.09873803280455,0.7867711186408997,39.33855593204498,-0.036580503,0.2129647,0.47936457,-0.70569026,-31.35541260242462,1.0,136929
28152,64.09757064390178,0.7867483496665955,39.33741748332977,-0.45180982,-0.7804664,0.56642735,0.18207987,-36.06527507305145,1.0,151019
30784,64.08964643478463,0.7865937948226929,39.32968974113464,0.055413127,-0.8877048,-1.0,0.6012305,-50.347687005996704,1.0,160000
45742,64.08000775738493,0.7864058017730713,39.320290088653564,0.085164815,-0.62778914,-1.0,0.21760622,-20.0,1.0,160000
61780,64.04990562257504,0.7858186960220337,39.290934801101685,0.012404025,0.38810927,-1.0,1.0,-48.698150515556335,1.0,93274
55286,64.04198118100713,0.7856641411781311,39.28320705890656,-0.94162846,0.4100324,-0.63853204,-0.14931083,-35.09878754615784,1.0,160000
80836,64.030792769345,0.7854459285736084,39.27229642868042,-1.0,-1.0,-0.15820575,0.43100268,-37.22260534763336,1.0,145288
42308,63.992600005051706,0.7847010493278503,39.23505246639252,-1.0,0.242107,-0.6065325,1.0,-50.27148246765137,1.0,160000
79391,63.9770500323252,0.7843977808952332,39.21988904476166,-1.0,-1.0,-1.0,0.74995625,-60.0,1.0,159681
46133,63.952141647340106,0.7839120030403137,39.195600152015686,-0.9402621,-1.0,-0.6554476,-0.44816476,-37.74466753005981,1.0,146109
36298,63.90041655419,0.782903254032135,39.14516270160675,-1.0,-0.3380329,-0.48589236,-0.41810036,-43.666603565216064,1.0,160000
67698,63.86093394622211,0.7821332812309265,39.106664061546326,-1.0,-0.5096356,-0.4289077,-0.89263785,-20.0,1.0,160000
19752,63.84347546603803,0.7817928194999695,39.08964097499848,-0.9168059,-0.19307461,-0.13862789,-0.8965618,-46.04288995265961,1.0,104687
48123,63.726075090499,0.7795034646987915,38.975173234939575,-0.6435171,-0.687742,1.0,0.84517944,-32.90591895580292,1.0,160000
47479,63.70124840350972,0.7790193557739258,38.95096778869629,0.08208865,0.26716745,0.27870455,-0.31810194,-20.0,1.0,160000
66329,63.635236636391696,0.7777321934700012,38.88660967350006,-0.53895426,-0.9909781,-1.0,1.0,-20.0,1.0,160000
49057,63.60621749260943,0.7771663665771484,38.85831832885742,-0.39196318,-0.38839197,-1.0,-0.59497124,-21.83545470237732,1.0,89564
40780,63.55911871853087,0.776248037815094,38.8124018907547,-0.34157687,-1.0,-1.0,1.0,-20.0,1.0,160000
61795,63.5075796167405,0.7752431631088257,38.76215815544128,0.19998163,-0.99029696,-1.0,-0.8548087,-42.12380468845368,1.0,114915
19763,63.49563541418903,0.7750102877616882,38.75051438808441,-0.5928083,-1.0,1.0,-0.75975704,-30.68753302097321,1.0,128120
45990,63.488808804845306,0.7748771905899048,38.74385952949524,-0.31823057,-1.0,-0.21265626,-0.82757777,-52.31462121009827,1.0,157426
77160,63.48688585403083,0.7748396992683411,38.74198496341705,-1.0,-0.32827377,-1.0,-0.25334907,-36.351277232170105,1.0,112628
65268,63.47351073389708,0.7745789289474487,38.72894644737244,-0.93718016,-0.0011735559,-0.22197285,-0.7897153,-60.0,1.0,160000
56666,63.38721020205719,0.772896409034729,38.64482045173645,-0.025651217,-1.0,0.4811747,-0.96235573,-32.76346147060394,1.173792839050293,160000
62896,63.37364467808474,0.7726319432258606,38.63159716129303,-1.0,-1.0,-0.53277206,0.059799552,-35.79068899154663,1.0,152729
47072,63.36357058796915,0.7724355459213257,38.62177729606629,-1.0,-0.42760748,-1.0,-0.84622943,-22.83525586128235,1.2677232027053833,160000
62306,63.30955768623373,0.7713825702667236,38.56912851333618,-0.32765123,0.08477414,-1.0,0.1776647,-20.0,1.0,160000
21575,63.27974064144397,0.770801305770874,38.5400652885437,0.13477425,-0.5703087,0.2281636,1.0,-39.792001247406006,1.0,77623
70180,63.25344845842344,0.7702887654304504,38.51443827152252,-1.0,-1.0,-1.0,0.67125005,-24.60430860519409,1.0,105033
78996,63.22230331334199,0.7696816325187683,38.484081625938416,-1.0,-1.0,-0.88078344,-0.3598773,-60.0,1.0,160000
2182,63.21912333029593,0.7696196436882019,38.480982184410095,-0.5200027,-0.52215785,-0.2826539,-0.5498553,-20.0,1.0,111464
62326,63.2110479788072,0.7694622278213501,38.47311139106751,-1.0,-0.10826123,-0.6995058,-0.39838046,-25.465991497039795,1.0,125308
41962,63.19085788807549,0.7690686583518982,38.45343291759491,-0.551919,-0.05891207,0.14156333,-0.72095996,-27.263158559799194,1.0,160000
76974,63.18095996966833,0.7688757181167603,38.44378590583801,-1.0,-1.0,-1.0,-0.44783318,-20.0,1.0,157008
66572,63.154464305043376,0.7683592438697815,38.41796219348908,-0.82221043,-1.0,-0.82982963,1.0,-31.16196572780609,1.0,160000
60438,63.1484434730345,0.7682418823242188,38.41209411621094,0.12237233,-1.0,0.2507125,-0.2818874,-35.80988109111786,1.0,160000
68951,63.062387971251255,0.7665644884109497,38.328224420547485,-1.0,0.08585483,-0.37414515,-0.9365551,-48.59453797340393,1.0,106393
41506,63.04478303532149,0.7662213444709778,38.31106722354889,-1.0,-1.0,-1.0,1.0,-60.0,1.0,124256
67308,63.04478303532149,0.7662213444709778,38.31106722354889,-1.0,-1.0,-1.0,1.0,-20.0,1.0,160000
67303,63.04478303532149,0.7662213444709778,38.31106722354889,-0.38624337,-1.0,-1.0,1.0,-36.92898333072662,1.0,153891
60426,63.04385951221658,0.7662033438682556,38.31016719341278,-0.6374782,0.072939634,0.20180655,-0.03353393,-20.0,1.0,160000
61085,63.03127569039833,0.7659580707550049,38.29790353775024,-0.75499845,0.013454199,-0.76305395,0.6581958,-26.056690216064453,1.0,160000
45182,62.95681039122309,0.7645066976547241,38.225334882736206,-0.29683423,-1.0,-0.70223725,-0.08549094,-60.0,1.0,84545
53954,62.94077006389604,0.7641940712928772,38.20970356464386,-1.0,-0.7010932,-0.36366758,0.39833415,-29.251399040222168,1.0,150167
77905,62.94052234732898,0.7641892433166504,38.20946216583252,-0.35636604,0.33984774,-0.68996096,0.98281395,-29.803913831710812,1.0,145226
52043,62.92534122126976,0.7638933658599854,38.19466829299927,-1.0,-1.0,-0.4435223,1.0,-60.0,1.0,160000
64544,62.86580798366835,0.7627331018447876,38.13665509223938,-0.84310216,-0.50565135,-0.80283296,1.0,-50.89811086654663,1.0,160000
59212,62.857360719300544,0.762568473815918,38.1284236907959,-0.1670047,-0.9500401,-1.0,-0.32672256,-60.0,1.0,160000
48813,62.82362624788878,0.7619110345840454,38.09555172920227,-0.42316192,-0.20295656,-1.0,1.0,-36.13597214221954,1.1571959257125854,160000
61772,62.7948886621612,0.7613509893417358,38.06754946708679,-1.0,-0.28308043,0.58623767,-0.6345839,-20.0,1.0,160000
42932,62.77789237054558,0.761019766330719,38.05098831653595,-1.0,0.0170573,0.9560647,-0.7493165,-38.73032331466675,1.0,160000
31812,62.75534760001444,0.7605804204940796,38.02902102470398,-0.68955004,0.17940444,-1.0,0.75746834,-26.790385246276852,1.0,160000
42497,62.69063237451324,0.7593193054199219,37.965965270996094,-0.8738698,-1.0,0.664863,-0.71343553,-49.3535852432251,1.0,127419
22938,62.66163228106067,0.7587541937828064,37.93770968914032,-1.0,-1.0,0.010225311,0.28309053,-27.0485782623291,1.0,160000
45120,62.62849300762227,0.7581084370613098,37.90542185306549,-0.7174292,0.08071014,0.7196255,1.0,-25.355712175369263,1.0,117698
50226,62.61089225308896,0.7577654719352722,37.88827359676361,-1.0,-1.0,-1.0,0.54260856,-20.0,1.0,135513
69203,62.58085058926498,0.7571800947189331,37.859004735946655,-0.662475,-0.15447259,-0.2975785,0.47349387,-20.0,1.0,160000
48666,62.53294358954162,0.7562466263771057,37.812331318855286,-1.0,-1.0,-0.072509035,1.0,-48.48552942276001,1.0,102491
70726,62.47714244865851,0.7551593780517578,37.75796890258789,-0.83152884,0.043612957,-1.0,0.46330434,-20.0,1.0,160000
31080,62.37365354133849,0.7531430721282959,37.6571536064148,-1.0,-0.7845054,-0.40569437,-0.6041409,-24.21877145767212,1.0,122201
81214,62.3556979707363,0.7527932524681091,37.63966262340546,-0.712603,-1.0,-1.0,0.22227329,-20.0,1.0,132983
56855,62.31134810110415,0.7519292235374451,37.59646117687225,-1.0,0.20697907,0.31734332,-0.74266154,-26.58360004425049,1.0,81870
45323,62.28409075547633,0.7513982057571411,37.569910287857056,-1.0,-1.0,-1.0,-0.8978927,-31.520802974700928,1.0,90065
5722,62.27438580832951,0.7512091398239136,37.56045699119568,-0.21456066,-1.0,-0.19765258,-0.31661844,-60.0,1.0,160000
7518,62.23183259957971,0.7503801584243774,37.51900792121887,-0.7165756,-0.48247007,0.6715973,-0.8883264,-20.0,1.0,139984
55600,62.21350509398431,0.7500231266021729,37.50115633010864,-0.76687884,0.13332638,-1.0,0.7491338,-26.228235960006717,1.0,160000
74563,62.208551427119694,0.7499266266822815,37.49633133411408,0.28015774,-0.46160778,-0.757048,0.69272536,-55.412830114364624,1.0,146580
44924,62.18679364909412,0.7495027780532837,37.475138902664185,-0.32885545,-1.0,-0.73767686,1.0,-28.961849212646484,1.0,132689
27900,62.161792156726136,0.749015748500824,37.4507874250412,-0.31796175,-0.0291965,-0.76852626,-0.7611964,-27.633931636810303,1.0,120438
78092,62.15135510957175,0.7488124370574951,37.44062185287476,-1.0,-0.8905034,-1.0,-0.06516832,-20.0,1.0,126355
47533,62.09499194409477,0.7477145195007324,37.38572597503662,0.02132684,-1.0,0.20018938,-0.41107547,-57.526021003723145,1.0,65788
73771,62.06171769344584,0.7470663785934448,37.35331892967224,-0.31644115,-0.8162333,0.037205935,-0.018885076,-49.84436392784119,1.0,152521
49845,61.98636895825365,0.7455987334251404,37.27993667125702,-0.106107414,-0.49819514,-1.0,0.47720876,-35.55735617876053,1.0,160000
61488,61.9762213853771,0.7454010844230652,37.27005422115326,-0.23627713,-0.33890867,0.7643159,-0.27163333,-50.94709396362305,1.0,160000
66129,61.94966782886766,0.7448838949203491,37.244194746017456,-1.0,-1.0,-0.41810146,-0.77931106,-20.0,1.0,160000
75493,61.94568949722977,0.7448064088821411,37.240320444107056,-0.2645523,-0.98526835,-1.0,0.1709863,-45.06539225578308,1.0,160000
74880,61.931762190960384,0.7445351481437683,37.226757407188416,-1.0,-0.79318357,0.8402893,-0.18428189,-20.0,1.0,69934
41082,61.92641585730033,0.7444310188293457,37.221550941467285,-0.29926053,-1.0,-0.4829337,-0.3557607,-20.0,1.0,97041
43612,61.87186193667805,0.7433685064315796,37.16842532157898,-1.0,-0.7391205,-0.07830472,0.21407732,-22.683887481689453,1.0,157707
67015,61.86470973144849,0.7432292103767395,37.161460518836975,-1.0,-0.47361,-1.0,0.18195313,-58.045055866241455,1.0,109613
50198,61.79976903699158,0.7419644594192505,37.09822297096253,-0.7135323,-0.18797863,0.07850969,0.35948327,-20.0,1.0,160000
67165,61.79242978165425,0.7418215274810791,37.09107637405396,-1.0,-0.31469342,0.40091473,1.0,-20.0,1.0,160000
78056,61.77245323010736,0.7414324879646301,37.07162439823151,-1.0,-0.855681,-1.0,-0.9835237,-24.65286374092102,1.0,160000
6469,61.711000728723846,0.7402357459068298,37.01178729534149,-0.09481655,-0.47522774,0.88205487,-0.71886706,-39.25024077296257,1.0,114835
41376,61.6880387741645,0.7397885918617249,36.98942959308624,-1.0,-1.0,-1.0,-0.061444283,-28.66220474243164,1.2114221453666687,160000
41601,61.66158401926714,0.7392734289169312,36.96367144584656,0.22434577,-0.97514874,-1.0,1.0,-39.504294991493225,1.0,124260
46252,61.63850802434665,0.7388240694999695,36.94120347499848,-1.0,-0.3745769,-0.72851235,-0.7097493,-21.83809995651245,1.0,79408
51950,61.61469702979549,0.7383604049682617,36.918020248413086,-0.34611192,-1.0,0.5992485,-0.9712609,-54.00149345397949,1.0,160000
81087,61.56551883814312,0.7374027967453003,36.870139837265015,-0.7792085,0.3865536,-1.0,1.0,-20.0,1.0,96297
40913,61.54200050012521,0.736944854259491,36.84724271297455,0.05815801,-0.30754423,-1.0,-0.4771431,-40.496153831481934,1.0,85627
79943,61.477473844688255,0.7356884479522705,36.784422397613525,-1.0,-0.33971924,-0.3107479,-0.64025986,-20.0,1.0,160000
75336,61.33302750851111,0.7328761219978333,36.64380609989166,-1.0,-0.6462444,0.17429495,-0.19198453,-31.137211322784424,1.0,160000
62099,61.29763234783972,0.732187032699585,36.60935163497925,-1.0,-1.0,-1.0,-0.45153028,-42.38237261772156,1.0,160000
70206,61.2696303243619,0.7316418886184692,36.58209443092346,-0.26423672,-0.9186528,-1.0,-0.39332926,-53.27304601669312,1.0,160000
50916,61.26143719352388,0.7314823865890503,36.57411932945252,-1.0,-1.0,-0.24848083,-0.005817175,-31.86833798885345,1.0,93318
11428,61.2380179261129,0.7310264706611633,36.55132353305817,-1.0,-0.34978226,0.69930845,-0.8705045,-40.10045252740383,1.0,150334
25874,61.207727531885496,0.7304368019104004,36.52184009552002,-1.0,-0.85785496,0.04614228,0.41553724,-44.05911028385162,1.0,141183
47879,61.12225997233381,0.7287730574607849,36.438652873039246,-1.0,-1.0,-0.11443015,-0.45554316,-20.0,1.0,109626
13146,61.08968888799828,0.7281390428543091,36.406952142715454,-0.2779055,-0.4340931,-1.0,0.15329663,-60.0,1.0,103169
66132,61.03591447167739,0.7270923256874084,36.35461628437042,-1.0,-1.0,-1.0,1.0,-60.0,1.0,130919
54113,60.87038916955828,0.7238706350326538,36.19353175163269,-0.5943963,-1.0,-0.248414,-0.3751254,-38.70735764503479,1.0,160000
34845,60.82657529428548,0.7230179309844971,36.15089654922485,-0.39092672,-0.018878222,-1.0,0.8680126,-28.321293592453003,1.0,160000
53700,60.81388965302399,0.7227710485458374,36.13855242729187,-0.9790261,-0.2830791,-1.0,-0.20479709,-34.75286602973938,1.0,160000
37832,60.77914901958958,0.7220949530601501,36.10474765300751,-1.0,-0.51209944,-1.0,0.72134477,-20.0,1.0,160000
34204,60.7748672516738,0.7220116257667542,36.10058128833771,-0.5949416,-1.0,-0.9933981,-0.71155095,-20.0,1.0,160000
38536,60.766432313679694,0.7218474745750427,36.092373728752136,-0.025847852,-1.0,-0.1488671,1.0,-23.744218349456787,1.0,160000
26606,60.75278132587506,0.7215818166732788,36.07909083366394,-1.0,-0.33810306,-1.0,0.51229,-20.0,1.0,160000
48347,60.7435805387678,0.7214027643203735,36.07013821601868,-0.13551179,-1.0,-1.0,-0.7242315,-20.0,1.0,160000
71871,60.7267439189465,0.7210751175880432,36.05375587940216,-1.0,-0.020084113,-0.031702965,0.09807336,-37.91500687599182,1.0,160000
57782,60.72464583561313,0.7210342884063721,36.0517144203186,0.0659644,-1.0,0.9375074,0.078888,-60.0,1.0,160000
26010,60.70623463393593,0.7206760048866272,36.03380024433136,-0.40088123,-0.7635427,-0.11202033,-0.93290734,-39.05400812625885,1.0,96104
47673,60.56524948505484,0.7179325819015503,35.896629095077515,-1.0,-1.0,1.0,-0.535013,-36.93724513053894,1.0,160000
53162,60.559300631118106,0.7178168296813965,35.890841484069824,-1.0,-0.22725612,-1.0,-0.8652112,-60.0,1.0,160000
22503,60.47515004691195,0.7161794900894165,35.808974504470825,-1.0,-0.23580852,-0.5480423,0.06632161,-50.461392402648926,1.0,142173
38276,60.46421345739785,0.7159667015075684,35.79833507537842,0.05053988,-0.7661736,0.9778489,-0.24969423,-39.69491899013519,1.0,160000
46182,60.46148695494222,0.7159136533737183,35.79568266868591,-0.3105937,-0.83356583,-0.5806377,-0.50661993,-25.08490204811096,1.0,96780
38624,60.435535890892446,0.7154087424278259,35.770437121391296,-0.79169136,-1.0,1.0,-0.9104874,-20.0,1.0,102179
8062,60.43300233452983,0.7153594493865967,35.767972469329834,-1.0,-0.45295945,-1.0,0.25608075,-28.90435814857483,1.0,95879
18333,60.38409488118694,0.7144079208374023,35.72039604187012,-0.47684664,-0.99385154,-0.94615924,0.33002415,-45.71961045265198,1.2402004599571228,146372
40220,60.37014594470103,0.71413654088974,35.706827044487,-0.86451197,-1.0,-1.0,-0.7816963,-42.52142131328583,1.0,160000
63640,60.36526240415178,0.714041531085968,35.7020765542984,-0.46880266,-0.9912865,-1.0,1.0,-28.590633869171143,1.0,156816
45353,60.19752314740223,0.7107783555984497,35.538917779922485,-1.0,-0.602702,-1.0,-0.58372957,-60.0,1.0,160000
74172,60.16698607195338,0.7101843357086182,35.50921678543091,-1.0,0.19493133,-0.96969306,0.27344418,-30.9332275390625,1.0,136753
33988,60.14878483336826,0.7098302841186523,35.49151420593262,-1.0,-1.0,1.0,-0.61446834,-30.91180443763733,1.0,160000
71986,59.97800584332842,0.7065085172653198,35.32542586326599,-0.72577536,-0.17150724,-1.0,-0.20487827,-22.98884391784668,1.0,160000
57613,59.95428258217234,0.7060471177101135,35.30235588550568,-0.094022244,-0.8929949,-0.8878285,1.0,-20.0,1.0,160000
66322,59.920034645799305,0.7053810358047485,35.26905179023743,-0.230533,-1.0,-0.8836292,1.0,-20.0,1.0,160000
74186,59.86634863592855,0.704336941242218,35.2168470621109,-1.0,-0.59993935,-0.14692295,-0.4042374,-58.70624303817749,1.0,160000
59159,59.8479593624304,0.7039793133735657,35.198965668678284,0.06968862,-1.0,-0.15384299,-0.60008264,-20.0,1.0,160000
78024,59.8186616516668,0.7034095525741577,35.170477628707886,-1.0,-0.573164,-1.0,1.0,-60.0,1.0,116962
59289,59.79749786950536,0.7029979825019836,35.14989912509918,-0.7073863,-1.0,-0.48538756,-0.18462211,-23.30690622329712,1.0,139912
49972,59.77673833354162,0.7025942802429199,35.129714012146,-1.0,-1.0,0.16089675,-0.9859647,-20.0,1.6711271405220032,124062
80066,59.77525790518528,0.7025654911994934,35.12827455997467,-0.8012596,-1.0,-1.0,0.38998955,-26.033244132995605,1.0,137938
80591,59.72833389216117,0.701653003692627,35.08265018463135,-1.0,0.2926483,0.2587914,-0.6061243,-41.3411808013916,1.0,160000
51653,59.66730470394545,0.7004662752151489,35.023313760757446,-1.0,-0.30128336,-1.0,-0.2712826,-20.0,1.0,154744
26774,59.65993870694126,0.7003230452537537,35.01615226268768,-1.0,-1.0,-1.0,0.25683558,-20.0,1.0,106958
72112,59.65212206013046,0.7001710534095764,35.00855267047882,-1.0,-0.22017442,-0.20332062,0.7633135,-23.269859552383423,1.0,104517
78691,59.6052671710458,0.6992599964141846,34.96299982070923,-1.0,-1.0,0.12947044,-0.15889323,-27.24786162376404,1.0,138049
70922,59.60329607114928,0.699221670627594,34.9610835313797,-1.0,-1.0,-0.6723464,1.0,-58.76707077026367,1.0,160000
49996,59.58529240221942,0.6988716125488281,34.943580627441406,-1.0,-1.0,-0.36821866,-0.46889704,-47.4319452047348,1.0,127702
23393,59.546810366038514,0.6981233954429626,34.90616977214813,-1.0,-1.0,-1.0,-0.106790245,-60.0,1.0,160000
37860,59.53958163593092,0.6979828476905823,34.899142384529114,-1.0,-0.020465702,-0.38834897,-0.4556771,-24.88795518875122,1.867145657539368,160000
48530,59.51459959265623,0.6974971294403076,34.87485647201538,-0.8538904,-0.98790073,0.5849725,-0.63136774,-60.0,1.627380907535553,160000
23819,59.458671043203495,0.6964097619056702,34.82048809528351,-1.0,-1.0,0.6795665,-0.5486491,-20.0,1.0,95387
80477,59.41834260340191,0.6956257224082947,34.781286120414734,-1.0,-1.0,-0.70315945,-0.8753828,-20.235546827316284,1.0,146791
28991,59.40514069597016,0.6953690648078918,34.76845324039459,-1.0,0.21249062,0.215199,0.058666617,-36.328811049461365,1.0,160000
45272,59.36676670490293,0.6946230530738831,34.73115265369415,-0.38742068,-1.0,-1.0,0.30182064,-31.130542755126957,1.0,111395
62658,59.24828324458688,0.6923198103904724,34.61599051952362,-1.0,-1.0,-0.69701976,0.055160463,-41.370819211006165,1.0,155403
80951,59.20729806426219,0.6915231347084045,34.57615673542023,-1.0,-0.7249466,-0.7688641,-0.640925,-20.0,1.0,142632
64116,59.14027649154389,0.6902204155921936,34.51102077960968,-1.0,-1.0,-1.0,0.76511663,-37.54925489425659,1.0,147039
58357,59.10790517081112,0.6895912289619446,34.47956144809723,-1.0,-0.28597265,-0.27972743,0.33791775,-48.19576799869537,1.0,157593
51147,58.98196004279609,0.6871434450149536,34.35717225074768,-0.642194,-0.14361665,-0.41586506,-0.9622578,-20.0,1.0,160000
45155,58.97452874054551,0.6869990229606628,34.34995114803314,-0.7617562,-1.0,-1.0,-0.8582098,-50.479910373687744,1.0,130598
76025,58.91396642510964,0.685822069644928,34.2911034822464,-1.0,-1.0,-1.0,0.6119826,-20.0,1.0,160000
58652,58.86210610713798,0.6848142743110657,34.240713715553284,-1.0,-0.49327645,0.41132373,-0.32846034,-31.21231496334076,1.0,134202
47889,58.8528275809714,0.6846339702606201,34.231698513031006,-1.0,-0.725271,-0.73601615,-0.71791536,-57.42711067199707,1.0,119604
7645,58.81461772555979,0.6838914752006531,34.194573760032654,-0.51732755,-1.0,1.0,-0.9880526,-23.378654718399048,1.0,114344
8831,58.80693389638599,0.6837421655654907,34.187108278274536,-0.1807575,0.053086195,0.7756925,-0.2240475,-20.85929036140442,1.1298412680625916,148079
52037,58.76793427685677,0.6829843521118164,34.14921760559082,-0.019613922,-0.67834836,-0.7076113,0.16522896,-20.0,1.0,160000
54894,58.62468582501384,0.6802010536193848,34.01005268096924,-0.42392382,-1.0,-1.0,1.0,-59.7085702419281,1.0,160000
80700,58.62468582501384,0.6802010536193848,34.01005268096924,-1.0,-1.0,-1.0,1.0,-60.0,1.0,160000
62230,58.49607742943083,0.6777024865150452,33.88512432575226,-1.0,0.13542333,-1.0,0.3744793,-60.0,1.0,160000
35302,58.47768966802533,0.6773452758789062,33.86726379394531,-0.68085384,-0.005101651,-0.713542,-0.652709,-48.04124295711517,1.1658833026885986,160000
32804,58.43687539132887,0.676552414894104,33.8276207447052,-0.39596638,-0.21394789,-0.747291,-0.5183389,-20.0,1.0,156988
11956,58.385596328691136,0.6755563020706177,33.777815103530884,-0.23584308,-0.23117949,0.8061625,-0.7156298,-20.0,1.0,135851
44671,58.33082916520454,0.6744924783706665,33.724623918533325,-0.17408325,-1.0,-0.5938179,0.11766145,-34.901310205459595,1.0,160000
48490,58.21392509814535,0.672221839427948,33.6110919713974,-0.6622833,-0.7045336,-0.25251618,-0.7734018,-20.0,1.0,160000
72590,58.1307550068932,0.6706065535545349,33.530327677726746,-0.57973826,-0.61587864,-1.0,0.11634815,-25.985584259033203,1.0,142097
58660,58.06315585394215,0.6692937612533569,33.46468806266785,-0.5951732,-1.0,-0.22618337,-0.13140345,-51.367350816726685,1.0,160000
80083,57.970220301828775,0.6674890518188477,33.37445259094238,-0.4449259,-0.2184264,0.075476825,0.39671952,-24.413692951202396,1.0,160000
49848,57.96515556803867,0.6673907041549683,33.36953520774841,-0.8866483,-0.99999523,-1.0,-0.62677586,-24.858670234680176,1.0,85148
26779,57.916714128281015,0.6664500832557678,33.32250416278839,-1.0,-1.0,-0.2655701,0.3475224,-59.77663278579712,1.0,160000
40456,57.90817428021938,0.6662842631340027,33.314213156700134,-0.421297,-0.32648823,0.26857507,-0.8834776,-26.22976541519165,1.0,160000
66445,57.8798284165882,0.6657338738441467,33.286693692207336,-1.0,-0.065087676,-0.88532674,0.23878288,-52.14961290359497,1.0,160000
51595,57.755772673234894,0.6633252501487732,33.16626250743866,-0.9793838,-1.0,-0.08588478,-0.6499707,-58.246798515319824,1.0,160000
23577,57.72620733594924,0.6627512574195862,33.13756287097931,-0.1541305,-0.1283182,0.0014475882,0.15098958,-48.6490136384964,1.0,160000
32188,57.69241658328513,0.6620952486991882,33.10476243495941,-1.0,0.2299471,-1.0,-0.7305414,-52.216559648513794,1.0,100206
80856,57.53550357907693,0.6590492129325867,32.95246064662933,-1.0,-1.0,-1.0,-0.43655455,-20.0,1.0,160000
59818,57.50643008413539,0.6584848761558533,32.924243807792664,-1.0,-0.7571575,-1.0,0.115143,-22.415008544921875,1.0,131526
78525,57.47605996466548,0.6578953862190247,32.89476931095123,-1.0,0.1766845,0.15699261,0.36460787,-20.0,1.0,160000
60781,57.456919314233126,0.6575238704681396,32.87619352340698,-1.0,0.50742745,-0.47576404,-0.91756743,-20.0,3.426094710826874,153627
19327,57.31693993484046,0.6548070907592773,32.74035453796387,0.035858408,-0.8674843,-0.38780612,1.0,-31.197320818901066,1.0,151286
33090,57.29917256569245,0.6544622778892517,32.723113894462585,-0.8011459,-0.87638336,0.8548572,-0.7960024,-58.26765298843384,1.0,107482
77845,57.272356672643554,0.6539418697357178,32.69709348678589,-0.84171176,-1.0,0.17199385,0.731977,-60.0,1.0,160000
39267,57.26495155386791,0.6537981629371643,32.689908146858215,-0.24520238,-0.5390034,-1.0,-0.18996686,-43.81969153881073,1.0,160000
78586,57.22547417578731,0.6530320644378662,32.65160322189331,-1.0,-0.29805428,-1.0,-0.6368366,-20.32417297363281,1.0,141373
26248,57.20199226941283,0.6525763869285583,32.62881934642792,-0.37182683,-1.0,-0.3017514,1.0,-20.0,1.0,160000
24779,57.10417389525886,0.650678277015686,32.5339138507843,-0.7111865,-0.29873478,-0.28214812,0.39825627,-52.89559483528137,1.0,160000
25554,57.09130590017985,0.6504285931587219,32.521429657936096,-1.0,-0.1783922,-0.31119746,-0.020047814,-20.0,1.0,160000
30092,57.075230682816375,0.6501166820526123,32.505834102630615,-0.65052336,-0.41216975,-0.5875546,0.8483163,-60.0,1.0,160000
2082,57.07288373712424,0.6500711441040039,32.503557205200195,-0.2783568,-0.2783521,-1.0,-0.11691217,-37.9594461619854,1.0,76842
75716,57.06487520879251,0.6499157547950745,32.49578773975372,-1.0,-1.0,1.0,-0.70083666,-60.0,1.0,160000
61913,57.0648014821442,0.6499143242835999,32.49571621417999,-0.68812984,-1.0,-0.3931762,-0.8552143,-35.931101739406586,1.0,135582
23806,57.06004917505014,0.6498221158981323,32.491105794906616,-0.44906914,-0.72242594,-1.0,0.38265434,-40.0907164812088,1.0,122228
40337,57.05166884560419,0.6496595144271851,32.48297572135925,-1.0,-0.849427,-1.0,1.0,-42.57787048816681,1.0,107670
49001,57.05165348570533,0.6496592164039612,32.48296082019806,-0.3208027,0.22997788,-0.72188747,1.0,-20.0,1.0,160000
60864,57.00435935832746,0.648741602897644,32.4370801448822,-1.0,-0.5185298,-1.0,0.70766497,-29.761791229248047,1.0,158199
76665,56.992371922521656,0.6485090255737305,32.42545127868652,-1.0,0.16176367,1.0,-0.84616065,-37.91924238204956,1.0,160000
58028,56.932156304650334,0.6473407745361328,32.36703872680664,-1.0,-1.0,0.17301762,-0.08756769,-20.0,1.0,160000
56929,56.91258860051867,0.6469611525535583,32.34805762767792,-1.0,-0.2710295,-1.0,0.027538419,-20.561633110046387,1.0,122147
50078,56.906591332912726,0.6468448042869568,32.34224021434784,-0.8693658,-1.0,-1.0,-0.2691967,-20.0,1.0,126963
38678,56.879400446186594,0.6463173031806946,32.31586515903473,-0.4233507,-0.66647494,1.0,-0.61849916,-40.51758408546448,1.0,138560
27074,56.8529125023734,0.6458034515380859,32.2901725769043,-0.022440657,-0.31275302,-0.2906977,1.0,-21.74840211868286,1.0,107430
56699,56.852817254014575,0.6458016037940979,32.290080189704895,-1.0,0.021487176,-0.7098138,-0.60706776,-20.0,1.0,160000
70693,56.81707396089739,0.6451082229614258,32.25541114807129,-1.0,-0.6234521,-1.0,-0.037458003,-20.0,1.0,160000
15516,56.81702172623652,0.6451072096824646,32.25536048412323,-0.6440592,0.006439604,-0.91171855,-0.024745196,-20.0,1.0,160000
51626,56.72718059717593,0.6433644890785217,32.168224453926086,-0.72057414,-1.0,-0.4948208,-0.5918015,-56.06676459312439,1.0,149600
56173,56.71173620662617,0.6430649161338806,32.15324580669403,-1.0,-0.9638703,-0.9726238,-0.02997744,-58.45752000808716,1.0,134850
10690,56.65106585847124,0.6418881416320801,32.094407081604004,0.00096924603,-0.91608137,0.2786728,-0.64513785,-24.29926872253418,1.0,160000
62002,56.63994121419355,0.6416723728179932,32.08361864089966,-0.5550459,-1.0,-0.9068394,0.8310743,-43.19157838821411,1.0,160000
62545,56.58121842638889,0.640533447265625,32.02667236328125,-1.0,-1.0,-0.83423245,-0.8529286,-26.073766946792603,1.0,160000
44334,56.56393412368243,0.6401982307434082,32.00991153717041,0.24264207,-0.86681974,-0.60402536,-0.6990761,-32.105557918548584,1.0,160000
38746,56.53893225112983,0.6397133469581604,31.98566734790802,-0.6337357,0.07803282,-1.0,1.0,-47.59754180908203,1.0,149701
43394,56.52327928058175,0.6394097805023193,31.970489025115967,-0.5880431,-0.13543075,-0.74618065,-0.40588552,-20.0,1.0,160000
54267,56.515700125312925,0.6392627954483032,31.96313977241516,-1.0,-0.4560958,1.0,-0.8718176,-60.0,1.0,160000
23737,56.50450340948987,0.6390456557273865,31.952282786369324,0.27910697,-0.4924261,0.8834872,-0.9074464,-29.201059341430664,1.0,148594
43088,56.44504485298557,0.6378926038742065,31.894630193710327,-1.0,-0.44466776,-1.0,0.08068949,-20.0,1.0,93214
20756,56.41072983234224,0.6372271776199341,31.861358880996704,-0.614368,-0.94766164,1.0,0.19051842,-20.0,1.0,160000
2681,56.400862986357055,0.6370358467102051,31.85179233551025,-1.0,-0.07092862,-0.56279224,-0.9932238,-20.0,9.12531441450119,160000
65159,56.384261276469246,0.6367139220237732,31.83569610118866,-0.12788776,-0.32373992,-0.47100872,0.26553383,-35.21061569452286,1.0,160000
74969,56.37401917576855,0.6365153193473816,31.82576596736908,0.079909265,-1.0,-1.0,1.0,-30.840067863464355,1.0,160000
10174,56.307108072398,0.6352179050445557,31.760895252227783,-0.48042753,-0.8100565,0.047706507,0.14034067,-60.0,1.0,160000
29483,56.27462392907925,0.6345880627632141,31.729403138160706,-0.86222255,1.0,-0.7004025,0.105358124,-27.779345512390137,1.0,160000
79589,56.16373019635395,0.632438063621521,31.62190318107605,-1.0,-1.0,-0.49366108,-0.43289608,-37.67520904541016,1.0,118875
81435,56.140071824581895,0.6319794058799744,31.59897029399872,-1.0,-0.2710857,-0.34619188,0.23701346,-20.0,1.0,160000
45850,56.13791041622329,0.6319375038146973,31.596875190734863,-1.0,-1.0,-0.2600541,-0.9437294,-28.348487615585327,1.0,160000
80379,56.1274784076497,0.6317352652549744,31.58676326274872,-1.0,-1.0,1.0,-0.9383318,-28.73537302017212,1.0,160000
38540,56.10894773472316,0.6313760280609131,31.56880140304565,-1.0,-0.51217943,0.08269274,1.0,-20.0,1.0,160000
75414,56.07565197217383,0.6307305693626404,31.53652846813202,-0.59665954,-1.0,-0.8167138,0.6604701,-25.00871777534485,1.0,160000
35752,56.0549987877264,0.6303302049636841,31.516510248184204,-1.0,-0.61648047,1.0,-0.786201,-33.56453716754913,1.1093974709510803,160000
56810,56.05380576728273,0.6303070783615112,31.51535391807556,0.14756507,-0.6938804,-0.5076245,0.39147127,-20.0,8.631316184997559,160000
15158,56.04707194107833,0.6301765441894531,31.508827209472656,-0.742917,-1.0,-0.3942328,0.14802104,-20.0,1.9250622987747192,160000
29037,56.043542046092576,0.630108118057251,31.50540590286255,-1.0,-0.19458215,-1.0,-0.8526757,-28.27812433242798,1.0,106208
44696,56.024665517209954,0.6297422051429749,31.487110257148743,-0.4728598,-0.11080291,-0.40493107,-0.42267635,-39.45360958576202,1.0,117997
55765,55.95987577247898,0.6284863352775574,31.42431676387787,-0.9818203,-0.18178114,-0.46685874,0.3534175,-60.0,1.0,160000
54018,55.92327871925936,0.6277769804000854,31.388849020004272,-1.0,-0.07120192,-1.0,0.41991585,-20.0,1.0,160000
80086,55.91136233754448,0.6275460124015808,31.37730062007904,-0.5812252,-1.0,-1.0,0.7685256,-27.86031484603882,1.0,156587
68448,55.908935991872085,0.627498984336853,31.37494921684265,-1.0,-1.0,-1.0,0.8286773,-20.0,1.0,110055
79771,55.87693168971829,0.6268786787986755,31.343933939933777,-1.0,-0.40247375,-0.69004583,-0.6750326,-27.986533641815186,1.0,160000
73458,55.83600768700104,0.6260855197906494,31.30427598953247,-1.0,-1.0,0.31744522,-0.7486961,-28.906630277633667,1.0,94764
78029,55.82763939665768,0.6259233355522156,31.29616677761078,-1.0,-0.32491383,0.34085083,0.42127597,-20.0,1.0,160000
58429,55.80206356598832,0.6254276633262634,31.27138316631317,-1.0,-1.0,-0.32026002,0.14078116,-24.35846328735352,1.0,160000
76615,55.78456055225117,0.6250884532928467,31.25442266464233,-0.8889408,-1.0,-0.39667082,-0.1321522,-20.0,1.0,160000
26574,55.74511233548064,0.6243239641189575,31.21619820594788,-0.52766204,-1.0,-0.04683642,-0.43458733,-31.983187794685364,1.0,149879
75644,55.72543380146324,0.6239426136016846,31.19713068008423,-0.93883723,-0.2575252,-1.0,1.0,-28.192522525787357,1.0,160000
39502,55.71724609257516,0.6237839460372925,31.189197301864624,-0.17349845,-0.8529129,-0.3216215,-0.2628337,-24.4943106174469,1.0,160000
38207,55.684168566048456,0.6231429576873779,31.157147884368896,-1.0,0.10450241,-0.4330594,-0.3584851,-50.352091789245605,1.0,160000
78786,55.66794622719563,0.6228286027908325,31.141430139541622,-1.0,-0.078793705,-0.25801077,-0.39913946,-39.09967124462128,1.0,145927
81694,55.66269252171578,0.6227267980575562,31.136339902877808,-1.0,-1.0,-1.0,1.0,-42.30644941329956,1.0,160000
60603,55.63459335608992,0.622182309627533,31.109115481376648,-1.0,-1.0,0.467546,1.0,-25.499496459960938,1.0,160000
69209,55.60338346717504,0.6215775609016418,31.07887804508209,-1.0,-1.0,-1.0,0.43579692,-55.205076932907104,1.0,160000
32526,55.60157162809135,0.6215424537658691,31.077122688293457,-0.64248574,-1.0,0.9247052,-0.6031485,-29.25201177597046,1.0,160000
34808,55.598347838607125,0.6214799880981445,31.073999404907227,-0.06837368,-1.0,0.4988061,1.0,-32.32972323894501,1.0,132217
74593,55.54815631562292,0.6205074787139893,31.025373935699463,-1.0,-1.0,-0.08391976,-0.77658856,-34.70343589782715,1.0,156014
55334,55.47885438308432,0.619164764881134,30.9582382440567,-1.0,-1.0,-0.11238584,-0.9582505,-24.02043104171753,6.1924532651901245,160000
52082,55.4650869597132,0.6188980340957642,30.944901704788208,-0.18752117,-0.43914574,-0.38009647,0.3960278,-42.96478092670441,1.0,160000
23681,55.45450668401266,0.6186930537223816,30.93465268611908,-1.0,-0.6991837,-0.5547864,-0.6575876,-54.17034149169922,1.0,128478
56582,55.44951339568415,0.6185963153839111,30.92981576919556,-1.0,-1.0,-1.0,0.38678938,-51.37551784515381,1.0,144483
19570,55.44846120241791,0.618575930595398,30.928796529769897,-1.0,-0.35209203,0.1158143,-0.9178033,-20.0,3.201259136199951,160000
79577,55.43924369684348,0.6183973550796509,30.919867753982544,-1.0,0.1328246,0.16030431,0.963899,-60.0,1.0,160000
69835,55.41170759424325,0.6178638935089111,30.89319467544556,-1.0,-1.0,-0.005305469,-0.53120685,-20.0,1.0,160000
51481,55.37182968857972,0.6170913577079773,30.854567885398865,-0.8693856,-0.12336479,1.0,-0.89916927,-54.15985465049744,1.0,160000
50817,55.36117459838862,0.6168849468231201,30.84424734115601,0.1811207,-0.5514815,0.114678174,-0.40886474,-44.68846380710602,1.0,160000
78521,55.34124561770954,0.6164988875389099,30.824944376945496,-0.9370506,-1.0,0.32121462,0.67484903,-26.35812759399414,1.0,98142
72044,55.32438706158297,0.6161723136901855,30.80861568450928,-1.0,-1.0,-1.0,-0.58669174,-38.02187502384186,1.0,160000
32625,55.28340104409124,0.6153783798217773,30.768918991088867,-0.3609112,-0.64591634,0.8595077,0.14472307,-20.87478399276733,1.2525049448013306,89560
9557,55.22515926468521,0.6142502427101135,30.71251213550568,-0.7466054,0.092113845,0.4011827,0.009227753,-20.0,1.0,96312
4825,55.19233965856503,0.613614559173584,30.6807279586792,-1.0,-0.554003,-0.9318495,-0.28510055,-58.324575424194336,1.0,160000
52722,55.16326425311124,0.6130514144897461,30.652570724487305,-0.021476895,-0.98495936,-1.0,0.7148956,-57.67754793167114,1.0,145128
53270,55.15614298902753,0.6129134893417358,30.645674467086792,-0.58762527,-1.0,-0.873947,0.13152158,-40.14746248722077,1.0,80205
6185,55.15463502254824,0.6128842830657959,30.644214153289795,-0.13252294,-0.7177618,-0.53043866,-0.9574204,-20.0,10.034874141216278,160000
6540,55.07594986902144,0.6113603711128235,30.56801855564117,-1.0,-0.25354862,0.8495336,-0.8664418,-32.53201484680176,1.3658503293991089,160000
38613,55.06614725920387,0.6111705303192139,30.558526515960693,-1.0,-0.48014796,-0.64166355,-0.6619716,-60.0,1.0,160000
60740,55.0520233292651,0.6108970046043396,30.54485023021698,-0.46629688,-0.97049963,-1.0,1.0,-53.63861083984375,1.0,160000
51132,55.033473247886896,0.6105377674102783,30.52688837051392,0.17803347,-0.89256,-0.4114759,-0.18610102,-24.724942445755005,1.0,160000
49843,55.02754219646458,0.6104229092597961,30.521145462989807,-0.6052127,-1.0,0.2265062,-0.37916797,-20.0,1.0,124924
53154,55.02234672637784,0.6103222966194153,30.516114830970764,-0.62924725,-0.10651925,1.0,-0.49838382,-44.10277843475342,1.0,160000
7329,54.962218261094606,0.609157919883728,30.4578959941864,-0.9709267,-1.0,-0.1421885,-0.6333431,-22.31068730354309,1.0,155465
38754,54.93210186934114,0.6085747480392456,30.42873740196228,-1.0,-0.31897265,-1.0,-0.65163326,-20.0,1.0,160000
70303,54.922039268548026,0.6083799004554749,30.418995022773743,-1.0,-0.5492026,-1.0,0.2912001,-20.0,1.0,160000
35545,54.88701175222857,0.6077016592025757,30.385082960128784,-0.8422582,-0.9104887,-1.0,1.0,-46.61352872848511,1.0,98241
79532,54.818880140156736,0.6063824892044067,30.319124460220337,-1.0,-1.0,-0.6428296,1.0,-41.17958188056946,1.0,160000
69932,54.77426510120939,0.6055186986923218,30.27593493461609,-1.0,0.0864754,0.28620157,1.0,-20.81258535385132,1.0,154488
45862,54.773421545836,0.6055023670196533,30.275118350982662,-0.51684684,-0.59732956,-0.5463179,0.40401173,-20.0,1.0,130919
36201,54.74359800905147,0.6049249768257141,30.246248841285706,-1.0,0.26464164,0.5414392,0.13894922,-24.528555870056152,1.0,132079
66687,54.675650386935786,0.603609561920166,30.1804780960083,-1.0,-0.12704688,1.0,-0.46144378,-20.0,1.0,160000
79756,54.674541953771225,0.6035881042480469,30.179405212402344,-0.14101583,-0.1614871,-1.0,0.7037457,-53.57473373413086,1.0,106070
81218,54.60937617546506,0.6023266315460205,30.116331577301025,-1.0,-0.65157497,0.95277935,-0.026176095,-25.33867120742798,1.0,120397
51313,54.58335667367514,0.6018229722976685,30.091148614883423,-0.1794276,-1.0,0.15135911,-0.54351586,-60.0,1.0,152334
15698,54.54876966687223,0.6011534929275513,30.057674646377563,-1.0,0.062173486,1.0,-0.96061397,-20.0,11.0,157807
61771,54.53208850651029,0.600830614566803,30.04153072834015,-1.0,-0.20534542,-0.5290488,0.4205346,-20.0,1.0,138467
6907,54.52650239344903,0.6007224917411804,30.03612458705902,-0.12433255,-1.0,-0.64398706,-0.34341326,-41.18935778737068,1.0,85156
77471,54.44772365822997,0.5991977453231812,29.959887266159058,-0.41281068,-0.6173738,-1.0,-0.9370537,-40.78773617744446,1.0,118898
64940,54.3981853006546,0.598239004611969,29.91195023059845,-0.28839773,-0.6226148,-0.87292004,-0.61403054,-20.0,1.0,145012
60870,54.35192767643598,0.5973438024520874,29.86719012260437,-0.6690216,-1.0,-1.0,1.0,-60.0,1.0,128258
51995,54.29619009188031,0.5962651968002319,29.8132598400116,-0.11659801,-0.66022885,-0.58842874,-0.6952509,-30.844160318374637,1.0,89832
74680,54.28898856736415,0.5961258411407471,29.806292057037357,-0.13633943,-1.0,-1.0,-0.55980575,-27.40526556968689,1.0,160000
30443,54.26846484668036,0.5957286953926086,29.786434769630432,-0.4067646,-0.2824032,1.0,-0.688184,-20.0,1.0,146740
30416,54.24891715274968,0.595350444316864,29.7675222158432,-0.53884244,-0.09628542,-1.0,-0.41974863,-39.442312717437744,1.0,120592
44879,54.2263687283374,0.5949141383171082,29.745706915855408,-1.0,-1.0,-0.38217387,-0.13374251,-42.108314633369446,1.0,160000
44163,54.20190369553856,0.594440758228302,29.7220379114151,-0.19634932,-1.0,0.63527834,-0.32127362,-51.97375774383545,1.0,160000
27738,54.15490638037368,0.5935314297676086,29.676571488380432,-1.0,0.17589432,-0.5605337,-0.071372524,-58.97272348403931,1.0,97871
56635,54.13346785112413,0.5931166410446167,29.655832052230835,0.14751339,-0.020520985,0.5723798,-0.8952204,-43.29862654209137,1.0,160000
63386,54.103655190456784,0.5925398468971252,29.626992344856266,-0.88735837,0.44510233,-1.0,-0.3078249,-20.0,1.0,158610
56583,53.995354878895455,0.5904446840286255,29.522234201431274,-1.0,-1.0,-0.15715142,0.91807294,-20.0,1.0,96322
53126,53.99166053558078,0.5903732180595398,29.51866090297699,-0.785173,-1.0,-0.19583017,-0.6835303,-20.0,1.0,103003
76157,53.974180762500296,0.590035080909729,29.50175404548645,-1.0,-1.0,-0.22503906,-0.96046686,-20.0,1.0,160000
47965,53.93357206785975,0.5892495512962341,29.462477564811707,-0.52954674,-0.22984949,0.2709995,1.0,-59.876978397369385,1.0,102221
54973,53.85956038955146,0.5878179669380188,29.39089834690094,-0.44994992,-1.0,-1.0,-0.6786141,-37.1942675113678,1.0,105278
74100,53.78169350423427,0.586311936378479,29.31559681892395,-1.0,0.6030761,-0.84771335,1.0,-47.18771755695343,1.0,160000
78673,53.77808768289501,0.5862421989440918,29.31210994720459,-1.0,-0.8864541,-0.35265422,1.0,-31.694811582565308,1.0,125286
35793,53.77643269861958,0.5862101912498474,29.31050956249237,-0.046249837,-0.5426254,-0.9819863,-0.41711155,-20.0,1.0,160000
39136,53.77497187203339,0.5861819386482239,29.309096932411197,0.20687895,-0.9895595,-0.8888261,-0.04885322,-41.954564452171326,1.0,160000
49847,53.74717874116742,0.5856444239616394,29.28222119808197,0.15069604,-1.0,-1.0,-0.23359698,-43.934213519096375,1.0,131948
71987,53.74663322551734,0.5856338739395142,29.281693696975708,-0.6101625,-0.9920518,0.21619132,-0.24796635,-20.0,1.0,160000
61536,53.7382778576859,0.5854722857475281,29.273614287376404,-1.0,-0.06639093,0.2920943,1.0,-39.99693632125855,1.0,159152
22712,53.735719762302125,0.5854228138923645,29.271140694618225,0.09031233,-0.113606475,0.30465418,-0.92412627,-20.0,1.0,143632
81431,53.73350376787785,0.585379958152771,29.26899790763855,-1.0,-1.0,-1.0,0.18619505,-60.0,1.0,149673
39374,53.70480322763376,0.5848249197006226,29.241245985031128,-0.5881575,-1.0,-1.0,0.8709563,-20.0,1.0,97094
78127,53.7032713972925,0.5847952961921692,29.23976480960846,-1.0,-1.0,-0.20321241,-0.715461,-20.0,1.0,85527
54290,53.673398651299394,0.5842176079750061,29.210880398750305,-1.0,-1.0,-0.09914398,0.5713501,-20.0,1.0,160000
16043,53.667132401364825,0.5840964317321777,29.204821586608887,-0.141929,0.22361808,-0.31385547,-0.2707655,-35.033974051475525,1.0,160000
35182,53.65500355625509,0.5838618874549866,29.19309437274933,0.3328133,-1.0,-1.0,1.0,-44.10467147827149,1.0,160000
10748,53.65264866139847,0.5838163495063782,29.19081747531891,-0.39624685,-0.19337884,0.3548659,-0.48849237,-55.94554662704468,1.0,150623
69896,53.61501883488602,0.5830886960029602,29.15443480014801,-0.20350087,-0.9172248,-1.0,-0.452649,-35.712631940841675,1.0,160000
27098,53.591117168399045,0.5826265215873718,29.13132607936859,-1.0,-0.11328478,1.0,-0.13236845,-23.048412799835205,1.0,160000
19070,53.570920170478814,0.5822359919548035,29.111799597740173,-1.0,-0.05563572,-0.6970637,-0.38969466,-42.5967413187027,1.0,148956
8092,53.53742089129662,0.5815882682800293,29.079413414001465,-0.799241,-0.8831401,-0.6833144,-0.78570485,-51.74674868583679,1.0082078576087952,124987
12002,53.51541309813544,0.5811627507209778,29.05813753604889,-0.8308001,-0.0010025203,-0.78786033,0.14273565,-20.0,1.0,102100
73272,53.46665123995322,0.5802199840545654,29.01099920272827,-0.62946165,-0.03664559,0.24200413,0.33605972,-23.26426863670349,1.0,160000
40552,53.43675836433261,0.5796420574188232,28.98210287094116,-1.0,-0.9706205,-1.0,-0.14565647,-45.35852670669556,1.0,160000
65277,53.428776280519855,0.5794877409934998,28.974387049674988,-0.72537583,-0.61028016,0.8851222,1.0,-32.15211033821106,1.0,95627
37070,53.38073429089316,0.5785589814186096,28.92794907093048,-0.67061394,-0.6058592,0.41553816,-0.4185412,-60.0,1.0,120225
34017,53.378924418480096,0.5785239934921265,28.926199674606323,-0.51662636,-1.0,-1.0,0.23314013,-20.0,1.0,158930
60734,53.36001457868606,0.578158438205719,28.90792191028595,-1.0,-1.0,-0.84220296,1.0,-44.931570291519165,1.0,123074
75388,53.31185172544217,0.5772274136543274,28.86137068271637,-0.21174206,-0.7368655,0.32337138,1.0,-20.0,1.0,157092
40258,53.25028766998226,0.5760374069213867,28.801870346069336,-0.19151369,-0.63052124,0.2091363,-0.43912107,-35.34311383962631,1.0,93758
51662,53.24175501502541,0.5758724808692932,28.79362404346466,-1.0,-0.9066964,-0.21466748,0.086227536,-24.85115528106689,1.0,160000
74176,53.22100123279904,0.5754713416099548,28.77356708049774,-0.8614969,0.08248156,-1.0,0.45128196,-20.0,1.0,160000
60930,53.21567239727,0.575368344783783,28.768417239189148,-0.76454854,-1.0,-0.7049054,-0.5855329,-20.0,1.0,160000
64835,53.206701501646734,0.5751949548721313,28.759747743606567,-1.0,-0.24280605,-0.5652598,-0.20895988,-20.0,1.0,90887
65085,53.17827096407214,0.574645459651947,28.73227298259735,-0.48823977,-0.71137774,1.0,-0.108798325,-33.489972949028015,1.0,160000
72560,53.14662592019654,0.5740338563919067,28.701692819595337,-0.59942585,0.07285786,-1.0,-0.48411763,-29.56450581550598,1.0,160000
32936,53.14188569654465,0.573942244052887,28.697112202644348,-1.0,-0.25599232,-1.0,0.323911,-22.203168869018555,1.0,160000
74822,53.13387629523422,0.5737874507904053,28.689372539520264,-0.13610488,0.030173898,-1.0,-0.51577735,-28.39944839477539,1.0,117199
79332,53.1145171143631,0.5734133124351501,28.670665621757507,-0.7380041,-1.0,-1.0,0.1830461,-33.95274996757507,1.0914877653121948,160000
77059,53.11278688805983,0.5733798742294312,28.66899371147156,-1.0,-1.0,-1.0,-0.14913762,-59.42680358886719,1.0,160000
35555,53.090049979575504,0.572940468788147,28.64702343940735,-0.9566132,0.13155976,-1.0,-0.5364443,-54.50610160827637,1.0,160000
48879,53.06631315457224,0.5724817514419556,28.62408757209778,-1.0,-0.6676804,0.012600899,-0.6076184,-60.0,1.0,148664
64118,53.06519661971437,0.5724601745605469,28.623008728027344,-0.30694553,-1.0,-1.0,1.0,-20.0,1.0,160000
54595,53.05945970549843,0.5723493099212646,28.617465496063232,-0.64678264,-1.0,-0.45392942,-0.52963924,-24.101665019989014,1.0,160000
43407,53.03231989119875,0.571824848651886,28.5912424325943,-0.57676214,-0.7849437,0.5696832,0.45997354,-20.0,1.0,160000
80336,53.031292762725386,0.5718050003051758,28.59025001525879,-1.0,-0.7170856,-0.58923274,-0.46769524,-39.375022649765015,1.0,160000
32142,52.97324724787683,0.5706833600997925,28.534168004989624,-0.39205235,-0.21669932,-0.69996125,1.0,-50.22662162780762,1.2167382836341858,160000
77060,52.9158827136832,0.5695749521255493,28.478747606277462,-1.0,-1.0,-0.9355489,-0.71639943,-28.7019944190979,1.0,160000
23267,52.89684571166907,0.5692071318626404,28.46035659313202,-1.0,-0.7078542,-0.17444909,-0.59458387,-33.53272497653961,1.0,110410
62510,52.89570119541071,0.5691850185394287,28.45925092697144,-0.53774154,-0.103930116,-1.0,-0.82992524,-41.51226937770844,1.0,160000
25142,52.81107684188135,0.5675500631332397,28.377503156661987,-1.0,-0.72461736,1.0,-0.9575304,-28.56690526008606,5.1343264281749725,129379
78931,52.80054680850719,0.5673466324806213,28.367331624031067,-1.0,-1.0,-0.3043794,-0.69652057,-20.0,1.0,160000
60365,52.76694733627096,0.5666975378990173,28.334876894950867,-0.89813215,0.16575468,0.7384134,-0.36622512,-36.0432356595993,1.0,160000
25910,52.69289427664791,0.565267026424408,28.2633513212204,0.0030568987,-0.59485805,-0.6320194,-0.7987021,-60.0,1.0,160000
26237,52.68085079323864,0.5650343894958496,28.25171947479248,0.17705199,-1.0,0.3822416,-0.10802898,-36.51404887437821,1.0,114463
39489,52.64165506960029,0.5642772912979126,28.21386456489563,-1.0,-1.0,-0.5586237,-0.5678245,-20.0,1.0,160000
22496,52.62607440858004,0.5639763474464417,28.198817372322083,-1.0,-0.18091705,-0.42091426,0.7930313,-25.618667602539062,1.0,76900
75406,52.61228949842837,0.56371009349823,28.1855046749115,-1.0,0.19466448,0.18163711,-0.36418355,-45.75325965881348,1.0,160000
63273,52.54429980711588,0.5623969435691833,28.119847178459167,-0.2986265,-1.0,-0.66337866,1.0,-47.05011069774628,1.0,160000
44340,52.51630119786418,0.561856210231781,28.09281051158905,-1.0,0.35168132,-1.0,0.8953392,-50.86690902709961,1.0,101760
51675,52.51155134195223,0.5617644786834717,28.088223934173584,-0.94001895,-1.0,-0.27284294,0.7112466,-20.0,1.0,105402
26465,52.49768123968652,0.5614966154098511,28.074830770492557,-1.0,-1.0,0.09987949,-0.6939503,-20.0,1.0,114760
63496,52.4772552941791,0.5611021518707275,28.055107593536377,-0.43214202,-0.7661425,0.026749134,-0.3748601,-20.0,1.0,160000
72413,52.47598984461655,0.5610777139663696,28.05388569831848,-0.5390406,-0.28210413,-1.0,0.45857173,-42.01056957244873,1.0,108635
76379,52.46949281149843,0.5609522461891174,28.04761230945587,-0.7077805,-0.82999194,-0.23583505,0.54356486,-47.65236735343933,1.0,160000
70160,52.41247418192349,0.5598511695861816,27.99255847930908,-1.0,-0.35513932,-1.0,-0.7839596,-28.69209051132202,1.0,160000
36972,52.41241862136847,0.5598500967025757,27.992504835128784,-1.0,-0.11047506,1.0,-0.8742556,-30.579232573509216,1.1838231086730957,105912
397,52.34555500133115,0.558559000492096,27.9279500246048,-1.0,-0.8202146,0.06491759,-0.16389985,-22.53539443016052,1.0,144315
53631,52.29667490575396,0.5576152205467224,27.88076102733612,-0.11563842,-0.29529163,-0.91575235,0.10373014,-30.613113045692444,1.0,97345
33149,52.28637928263142,0.5574164390563965,27.870821952819824,-0.57806695,-1.0,-0.3035332,-0.88980436,-21.52739763259888,1.0,150267
66593,52.27000481222463,0.5571002960205078,27.85501480102539,-1.0,-0.8908495,0.43486005,0.46608478,-40.55487513542175,1.0,160000
28890,52.25827945627909,0.5568739175796509,27.843695878982544,0.18612683,-1.0,1.0,0.1112161,-60.0,1.0,160000
35886,52.17784300422649,0.5553210377693176,27.76605188846588,-0.46618816,-0.6327168,-1.0,-0.14331332,-44.62905943393707,1.0,154989
58036,52.17607691464229,0.5552869439125061,27.764347195625305,-0.3883526,-0.60716087,-1.0,-0.103501916,-20.0,1.0,108702
53850,52.144246517055976,0.5546724796295166,27.73362398147583,-0.9818396,-0.638026,-1.0,0.24479353,-39.48428750038147,1.0,160000
24246,52.1206315152544,0.5542166233062744,27.71083116531372,-0.5249447,-0.40541103,-0.43873346,-0.24868108,-20.0,1.0,160000
55761,52.11717937021196,0.5541499853134155,27.707499265670776,0.23857431,-0.46580744,0.40907308,0.14492032,-58.59329104423523,1.0,148011
34443,52.05294459895774,0.5529100894927979,27.645504474639893,-0.33146778,-1.0,-1.0,-0.018111855,-43.43960285186768,1.0,148354
32689,51.9766233729993,0.5514370203018188,27.571851015090942,-0.80911535,-1.0,-1.0,-0.4074072,-20.0,1.0,160000
55816,51.929732033361255,0.5505320429801941,27.526602149009705,0.055765092,-0.75992465,-1.0,1.0,-47.92907893657684,1.0,160000
52721,51.9027473647897,0.5500112771987915,27.50056385993957,0.08396068,-1.0,1.0,0.41898078,-20.0,1.0,87805
72522,51.83113805225943,0.5486294031143188,27.431470155715942,-1.0,-0.29799083,-1.0,1.0,-20.0,1.0,160000
58022,51.76431983018763,0.5473400950431824,27.36700475215912,-1.0,-0.72790426,-1.0,0.10150993,-36.70613348484039,1.0,160000
21837,51.76413139317609,0.5473364591598511,27.366822957992557,-0.98756015,-1.0,0.17094395,-0.6779418,-20.0,1.0,141473
65961,51.6442981170062,0.5450244545936584,27.25122272968292,-0.33357492,-1.0,0.1798453,-0.43940836,-20.0,1.2346420288085938,160000
44336,51.57977861077714,0.5437797904014587,27.188989520072937,-0.8405129,0.009219438,-0.4823267,0.12897226,-24.64153289794922,1.0,156388
9052,51.53278687272011,0.5428733229637146,27.14366614818573,-0.6788303,-0.4911961,-0.3071865,-0.62772125,-20.0,1.0,160000
69506,51.489216292523054,0.5420328974723816,27.10164487361908,-0.4562825,-1.0,-0.6647918,0.7806406,-20.0,1.0,157672
78703,51.47813167723314,0.5418190956115723,27.090954780578613,-0.40439874,-1.0,0.35390645,-0.9490656,-42.90740430355072,1.0,160000
46867,51.4536874950701,0.5413476228713989,27.067381143569943,-1.0,-1.0,-1.0,-0.7295262,-29.185307025909424,1.0,90028
59435,51.44782201467838,0.5412344932556152,27.06172466278076,0.11191857,-0.8886409,-1.0,-0.6599847,-32.35313355922699,1.0,88780
58656,51.37014817313768,0.5397364497184753,26.986822485923767,-0.7943629,-0.6634388,-1.0,0.10870898,-20.0,1.0,95530
28459,51.36064741096308,0.5395532250404358,26.97766125202179,-0.33849207,-0.2911379,0.7622908,-0.78178513,-20.0,1.0,160000
11677,51.35318332856804,0.5394092798233032,26.97046399116516,0.18907292,-0.71576977,-0.3624271,-0.57277524,-20.0,2.923026442527771,108004
3933,51.29803035869438,0.5383456945419312,26.91728472709656,-1.0,-0.47665778,0.78341454,-0.6725254,-27.00636863708496,1.0,98916
46415,51.29481885461304,0.5382837653160095,26.91418826580048,-0.5172907,-1.0,-1.0,0.48466513,-34.53068196773529,1.0,146598
74109,51.25044372298427,0.537428081035614,26.8714040517807,-1.0,-1.0,0.2706483,0.42597628,-20.0,1.0,160000
42000,51.23991832186539,0.5372251272201538,26.86125636100769,-1.0,-1.0,-0.98398995,-0.6632373,-23.736664056777958,1.0,160000
1125,51.15277611010325,0.5355449318885803,26.777246594429016,-0.7134924,-0.25349453,-1.0,1.0,-39.679992869496346,1.0,91993
68439,51.150343072608514,0.5354980230331421,26.774901151657104,-1.0,-0.70165616,-1.0,-0.1362685,-33.93205225467682,1.0,90783
14317,51.11991245190031,0.5349113345146179,26.745566725730896,-1.0,-0.5543694,-1.0,-0.72179353,-20.0,1.0,110141
64337,51.091811829531984,0.5343695878982544,26.71847939491272,-0.7601435,-0.9865514,0.5096793,1.0,-20.0,1.0,160000
68927,51.02365991474651,0.5330557823181152,26.65278911590576,-0.33048058,-1.0,-0.121429145,-0.5483706,-60.0,1.0,118771
52330,51.022556052407495,0.5330345034599304,26.65172517299652,-1.0,-1.0,-1.0,-0.54602927,-22.648543119430546,1.0,160000
80025,50.92699324308285,0.5311924815177917,26.559624075889587,-1.0,-0.8009794,-1.0,1.0,-60.0,1.0,159477
65223,50.91775297206249,0.5310143828392029,26.550719141960144,-1.0,-1.0,-1.0,-0.6517759,-20.45552015304565,1.0,160000
32146,50.90583137187079,0.5307846069335938,26.539230346679688,-1.0,-0.46983245,-0.7784713,1.0,-26.750118732452396,1.0,63193
72221,50.90260895127403,0.5307224988937378,26.53612494468689,-1.0,-1.0,1.0,-0.66594225,-45.2595317363739,1.0,160000
34936,50.90112143772234,0.5306938290596008,26.53469145298004,-0.52468634,-0.0017839968,0.47704613,0.3835845,-34.24264907836914,1.0,88580
2178,50.87828572806471,0.5302537083625793,26.512685418128967,0.26477835,-0.20633467,0.3989705,0.050446734,-52.26840376853943,1.0,124118
74842,50.86818200566045,0.5300589799880981,26.502948999404907,-1.0,-1.0,-0.7949873,-0.5315101,-34.98639523983002,1.0,117934
79862,50.861953319835614,0.5299389362335205,26.496946811676025,-1.0,-0.61976016,-1.0,1.0,-24.455708265304565,1.0,160000
54068,50.861953319835614,0.5299389362335205,26.496946811676025,-0.29942152,-1.0,-1.0,1.0,-43.52480590343475,1.0,160000
45746,50.84412674765173,0.5295953750610352,26.47976875305176,-0.410964,-0.9410491,-1.0,-0.25292987,-23.822176456451416,1.377711057662964,160000
79498,50.80632275359235,0.5288668274879456,26.44334137439728,-1.0,-1.0,0.5670152,-0.43457866,-48.99999380111694,1.0,160000
75852,50.769178782875706,0.5281510353088379,26.40755176544189,-1.0,-0.2543469,-1.0,-0.44318688,-36.55782282352448,1.0,143398
5543,50.74469350261575,0.5276792049407959,26.383960247039795,-0.9585449,-0.29118234,-0.0034737326,-0.80087614,-34.03407275676727,1.0,160000
76440,50.7281571347534,0.5273605585098267,26.368027925491333,-1.0,-0.60133684,-1.0,-0.043923616,-20.0,1.0,160000
64142,50.72484734276766,0.527296781539917,26.36483907699585,-1.0,-0.8176285,0.6483887,-0.5998326,-20.0,1.0,160000
48303,50.67332096331576,0.5263039469718933,26.315197348594666,-0.8721237,-0.6143828,-1.0,-0.5604404,-22.20542907714844,1.626111924648285,104226
34013,50.64268865933465,0.5257137417793274,26.28568708896637,-0.59731984,-0.76946676,-0.6534772,0.44400582,-20.0,1.0,131409
6197,50.61112387917788,0.5251055955886841,26.255279779434204,-0.23050493,-0.17058781,1.0,-0.89073324,-36.11657321453095,1.0,143709
16765,50.60356273508467,0.524959921836853,26.24799609184265,0.13414462,-0.083366215,1.0,-0.84481394,-20.0,5.40271720290184,160000
59815,50.58612911629472,0.5246240496635437,26.231202483177185,-0.7019317,0.4245985,-1.0,0.9397805,-20.0,1.0,160000
60868,50.55108119701073,0.5239488482475281,26.197442412376404,0.004946053,-0.34181836,-0.7966373,0.4283008,-60.0,1.0,160000
66960,50.551003847190046,0.5239473581314087,26.197367906570435,-1.0,-0.612171,0.2742723,1.0,-56.4085865020752,1.0,74254
76880,50.4711899840679,0.5224098563194275,26.12049281597137,-0.8037423,0.5697541,-0.73357666,1.0,-52.66510486602783,1.0,160000
57742,50.468596932802114,0.5223599076271057,26.11799538135529,-0.96997535,-0.5384557,-1.0,-0.7018661,-34.01756703853607,1.0,160000
68147,50.43190644266555,0.5216531753540039,26.082658767700195,-1.0,-1.0,-0.44448805,-0.23332208,-20.0,1.0,122469
40698,50.42673862064927,0.521553635597229,26.07768177986145,-1.0,-1.0,-0.30250314,-0.8238868,-20.0,1.0,160000
80275,50.41617077538629,0.521350085735321,26.06750428676605,-0.2942946,-1.0,-1.0,0.39161032,-30.39008498191833,1.0,160000
30305,50.3939638780771,0.5209223628044128,26.04611814022064,-1.0,-0.099745356,1.0,-0.5239818,-26.223814487457275,1.7003715634346008,108357
28267,50.38425279061205,0.5207353234291077,26.036766171455383,0.08622979,-0.83103657,-0.012204811,0.018919528,-20.0,2.0139000415802,159329
77662,50.36950951635089,0.5204513669013977,26.022568345069885,-0.092362285,-0.90779227,-1.0,-0.36806238,-30.209162831306458,1.0,160000
64259,50.36156213674335,0.5202983021736145,26.014915108680725,-1.0,-1.0,-1.0,0.07866675,-28.13328981399536,1.0,160000
36990,50.27329954338856,0.5185984969139099,25.929924845695496,-1.0,-1.0,-0.7526787,0.6328232,-27.007166147232056,1.0,152076
73112,50.27250408520664,0.5185831785202026,25.92915892601013,0.06796473,0.62299,-1.0,1.0,-20.0,1.0,160000
40553,50.24813849959845,0.5181139707565308,25.905698537826535,-0.18393281,-0.4743489,-0.40793747,-0.24321505,-31.18746280670166,1.0,107866
58381,50.23685923394541,0.5178967714309692,25.894838571548465,-1.0,-1.0,-0.72805375,-0.51333773,-20.0,1.0,157975
63635,50.22011953849284,0.5175744295120239,25.8787214756012,-1.0,0.09888935,-0.73784727,0.5709845,-20.0,1.0,160000
71196,50.21773608138665,0.5175285339355469,25.876426696777344,-1.0,-0.82647395,-0.880319,0.056720197,-45.07104396820069,1.0,160000
59966,50.21639267482493,0.5175026655197144,25.87513327598572,-0.8104302,-1.0,0.6095998,-0.30838513,-43.63948106765747,1.0,160000
13803,50.18497358246772,0.5168976783752441,25.844883918762207,-1.0,-0.61671674,0.8450918,0.62254214,-20.0,1.0,119443
56502,50.15606990336295,0.5163411498069763,25.817057490348816,-1.0,-1.0,-1.0,0.04992646,-28.701324462890625,1.0226902961730957,160000
30379,50.14352304825032,0.5160995721817017,25.804978609085083,0.21002749,0.066636994,1.0,-0.022263825,-60.0,1.0,160000
45315,50.13593539152315,0.5159534811973572,25.79767405986786,-0.91359174,-1.0,-0.48044062,0.72248083,-38.80001783370972,1.0,160000
70675,50.13007819816903,0.5158407092094421,25.792035460472107,-0.7449156,-0.5069364,-0.28930756,-0.09576374,-42.62557804584503,1.0,110885
34603,50.10560253775334,0.5153694748878479,25.768473744392395,-0.023472458,-1.0,-0.7035516,-0.7051226,-20.0,1.0,160000
80030,50.0638254270761,0.5145651698112488,25.72825849056244,-0.56471634,-1.0,-0.9215668,1.0,-20.0,1.0,138551
81795,50.063404361810655,0.5145570635795593,25.727853178977966,0.32646322,-0.39152062,-1.0,-0.4111603,-42.70341336727142,1.0,160000
13287,50.05548766939925,0.5144046545028687,25.720232725143436,0.035349246,-0.9037236,-1.0,-0.9040718,-37.88673743605614,1.0,105289
56807,50.04757398534224,0.5142523050308228,25.712615251541138,-1.0,-0.46426567,-1.0,0.8877276,-20.0,2.1386340856552124,160000
10179,50.008456308578985,0.5134992599487305,25.674962997436523,-0.49582767,-0.16860074,-0.7374489,0.59494084,-40.981357246637344,1.0,126700
69250,50.00431343686364,0.513419508934021,25.67097544670105,-1.0,-0.33028883,-1.0,-0.7365658,-45.44074296951294,1.0,149133
25654,49.98320237486203,0.5130131244659424,25.65065622329712,-0.06704846,-0.98622024,-1.0,-0.68292445,-44.63485896587372,1.0428205728530884,160000
57088,49.92953013709924,0.5119799971580505,25.598999857902527,-1.0,-0.99286276,-1.0,0.13848001,-42.125244140625,1.0,160000
16657,49.92133634816349,0.5118222832679749,25.591114163398743,-0.521733,-0.056951247,-0.31855968,-0.7847471,-20.0,4.840202242136002,160000
50197,49.84764681111315,0.5104039907455444,25.52019953727722,-0.59252197,-0.2516795,-0.19984676,0.7700192,-37.32364118099213,1.0,160000
69223,49.84550986987253,0.5103628635406494,25.51814317703247,-0.13328362,-0.19146734,-1.0,-0.89875424,-46.08461022377014,1.0,160000
48847,49.82847604800602,0.5100350379943848,25.50175189971924,-0.2334665,-1.0,0.7269279,-0.16917199,-46.89567804336548,1.0,160000
44897,49.77716767823395,0.5090476274490356,25.452381372451782,-0.4091277,-0.6506499,-0.0155956745,-0.43172735,-38.488689661026,1.0,86600
48797,49.77040309265435,0.5089174509048462,25.44587254524231,-0.863921,-0.3570832,-1.0,-0.7913349,-20.0,1.0,121683
38538,49.768798662117305,0.5088865756988525,25.444328784942627,-1.0,0.40756172,-0.3417956,0.3378755,-20.0,1.0,154523
67178,49.76792830347125,0.5088698267936707,25.443491339683533,-1.0,-0.67030585,-0.56336,1.0,-44.014312624931335,1.0,82268
76055,49.74189137952442,0.5083687901496887,25.41843950748444,-1.0,-0.920653,-1.0,-0.6339134,-21.935811042785645,1.0,131650
66710,49.73456890051443,0.5082278847694397,25.411394238471985,-1.0,-0.6492862,-1.0,0.9146594,-20.0,1.0,160000
40522,49.69709419759208,0.507506787776947,25.37533938884735,-0.46177608,-0.086723566,-0.074374855,0.89032185,-60.0,1.0,92234
1623,49.67503528089772,0.5070823431015015,25.354117155075077,-0.49401605,-0.19636084,-1.0,-0.93945533,-20.0,1.0,116760
57947,49.67445289866218,0.5070711374282837,25.353556871414185,-1.0,-0.7354751,0.41880062,1.0,-20.0,1.0,160000
47967,49.634992265790046,0.5063118934631348,25.31559467315674,-0.11866936,-0.9643497,0.11477941,1.0,-38.71545672416687,1.0,160000
71947,49.63345567819901,0.5062823295593262,25.31411647796631,-0.67848855,0.040009856,-1.0,0.01710248,-20.0,1.0,160000
74169,49.599454706600376,0.5056281685829163,25.281408429145813,-0.8300719,-0.58736575,-1.0,0.3427211,-28.26408624649048,1.0,79710
56565,49.585376730322125,0.5053573250770569,25.267866253852844,-0.062249213,-0.08324447,-1.0,-0.45453477,-30.225709676742557,1.0,124589
52004,49.56830865772963,0.5050289630889893,25.251448154449463,-0.80754364,-0.76330876,1.0,-0.7156233,-55.85134983062744,1.0,160000
54043,49.56213690718658,0.5049102306365967,25.245511531829838,-1.0,-1.0,-1.0,0.4278652,-23.75017642974853,1.0,156794
8427,49.55589384021194,0.5047901272773743,25.239506363868717,-1.0,-0.8039203,0.5831921,0.8060122,-60.0,1.0,141830
69373,49.552882276003714,0.5047321915626526,25.23660957813263,-0.33571622,-0.767914,-0.68132406,-0.8528534,-32.56220757961273,1.0,115373
64124,49.54305122416483,0.5045430660247803,25.227153301239014,-0.3257661,-1.0,-1.0,-0.2247994,-23.19354057312012,1.0,160000
52702,49.52470864016713,0.50419020652771,25.209510326385494,-1.0,-0.55598354,-1.0,-0.82028097,-20.2474045753479,1.0,160000
56584,49.481146137550205,0.5033522248268127,25.16761124134064,-1.0,-0.68210304,0.4717756,0.35988006,-35.47522246837616,1.0,131667
67436,49.46395152594094,0.5030214786529541,25.151073932647705,-0.032020986,-1.0,-1.0,0.7472772,-31.32967472076416,1.0,156383
31638,49.44368556088588,0.502631664276123,25.131583213806152,-0.18973964,-0.468691,1.0,-0.99482083,-20.68347692489624,1.0,160000
39827,49.42285809152294,0.5022310614585876,25.111553072929382,-0.7736187,-1.0,-0.027858227,1.0,-23.340044021606445,1.0,160000
51030,49.41523162651717,0.5020843744277954,25.10421872138977,-0.4879585,-0.08400661,-1.0,0.023396552,-20.0,1.0,160000
72981,49.37838415387189,0.501375675201416,25.0687837600708,-1.0,-0.9626386,-1.0,-0.42223632,-40.9815526008606,1.0,99508
