step,reward,score,bonus,dsp_jitter,dsp_shimmer,dsp_tilt,dsp_harmonics,dsp_threshold,dsp_ratio,dsp_bitrate
15157,73.70009993249931,0.9745182394981384,48.72591197490692,-1.0,0.10910392,-1.0,0.34123486,-58.71692776679993,1.0596845149993896,150284
52736,73.69640159289142,0.9744457602500916,48.72228801250458,-1.0,-0.2826646,0.34930813,-0.5074101,-40.11254198849201,1.0,160000
57356,73.69549525553168,0.9744279980659484,48.721399903297424,-1.0,-1.0,0.18738937,-0.29534227,-59.6891176700592,1.0,160000
24907,73.69413879027181,0.9744014143943788,48.72007071971893,-1.0,-1.0,-0.083060205,-0.58557105,-20.0,1.0,160000
5251,73.68767580095269,0.974274754524231,48.71373772621155,-1.0,-0.8586421,-0.84420156,-0.6694797,-60.0,1.0,160000
57357,73.68475604494174,0.9742175340652466,48.71087670326233,-0.12939125,-1.0,-0.056922615,-0.55243635,-20.0,1.0,160000
41153,73.683454319275,0.9741920232772828,48.709601163864136,-1.0,-0.5926441,-0.60382235,-0.73139703,-54.299232959747314,1.0,114594
46665,73.68237765780822,0.9741709232330322,48.70854616165161,-0.2745828,-1.0,-1.0,-0.58995104,-20.0,1.0,160000
59670,73.68230162237616,0.9741694331169128,48.70847165584564,-0.5763957,-1.0,-1.0,-0.8303566,-20.0,1.0,160000
57914,73.68177545712221,0.9741591215133668,48.707956075668335,-0.7521397,-1.0,-0.9869746,-0.21810022,-46.403706073760986,1.0,137296
26425,73.68169029741739,0.974157452583313,48.70787262916565,-1.0,-1.0,-0.66961086,-0.2619743,-28.67343544960022,1.0,102961
37769,73.67974987191944,0.9741194248199464,48.705971240997314,0.0660522,-1.0,-0.20148993,-0.51191545,-30.52210032939911,1.0,152286
48296,73.67796759888111,0.974084496498108,48.7042248249054,-1.0,-1.0,-0.5474125,-0.3267832,-41.78116828203201,1.0,147358
53643,73.67762695951923,0.9740778207778932,48.70389103889465,-1.0,-0.6806354,-0.6658849,-0.91463673,-60.0,1.0,160000
1131,73.67742318416423,0.9740738272666932,48.703691363334656,-1.0,-1.0,-1.0,-0.44968024,-60.0,1.0,155207
35299,73.67666282821362,0.9740589261054992,48.70294630527496,-0.07145649,-1.0,-1.0,-0.49450895,-30.00382661819458,1.0,130040
42645,73.67516644701932,0.9740296006202698,48.70148003101349,-1.0,-1.0,-0.5951119,-0.71094406,-20.0,1.0,137424
15030,73.67509953564394,0.9740282893180848,48.70141446590424,-0.30671793,-1.0,-0.8820114,-0.90240073,-58.13989281654358,1.0,109852
57615,73.67504174854555,0.974027156829834,48.7013578414917,-1.0,-1.0,-1.0,-0.13040668,-58.286370038986206,1.0,135063
26935,73.67488967722755,0.9740241765975952,48.70120882987976,-1.0,-0.24246997,-1.0,-0.34658706,-57.39417791366577,1.0,111688
5754,73.67475889588658,0.97402161359787,48.70108067989349,-1.0,-1.0,-0.21510887,-0.6011132,-50.31410098075867,1.0,135615
18337,73.67449733318388,0.9740164875984192,48.70082437992096,-1.0,-1.0,0.7178518,-0.84794056,-34.26513373851776,1.0,160000
48766,73.6733385492492,0.9739937782287598,48.69968891143799,-1.0,-1.0,-0.5845804,-0.26942134,-56.23238444328308,1.0,160000
44134,73.67329292782333,0.973992884159088,48.69964420795441,-0.09870362,-0.85536784,-1.0,0.059918642,-27.682756185531616,1.0,118154
52221,73.6728002163702,0.9739832282066344,48.699161410331726,-0.800449,-1.0,0.08127606,-0.6165501,-28.22795867919922,1.0,153156
40954,73.67248999059004,0.9739771485328674,48.69885742664337,-0.45955288,-1.0,-1.0,-0.66225386,-35.72339862585068,1.0,160000
4749,73.67217672334111,0.9739710092544556,48.69855046272278,-1.0,-0.36002362,-1.0,-0.82175976,-42.42270305752754,1.0,160000
45611,73.67216151619209,0.9739707112312316,48.698535561561584,-0.9536154,0.28832984,-1.0,-0.7149472,-33.00657272338867,1.0,160000
27935,73.67197598896655,0.9739670753479004,48.69835376739502,-1.0,-0.8071623,0.055466294,-0.38046187,-41.24155230820179,1.0,137429
42175,73.6718421660411,0.9739644527435304,48.698222637176514,-0.4792353,-0.76023173,-1.0,-0.012709677,-21.320102214813232,1.0,133555
22965,73.67167488737411,0.9739611744880676,48.69805872440338,-1.0,-0.8207745,-1.0,0.08452767,-20.0,1.0,144575
44136,73.67141028291408,0.9739559888839722,48.69779944419861,-0.084991455,-1.0,-1.0,-0.5105538,-60.0,1.0,115237
16841,73.67122171420114,0.973952293395996,48.697614669799805,-1.0,-0.75407434,-1.0,-0.7226077,-60.0,1.0,160000
44929,73.67075941665041,0.9739432334899902,48.69716167449951,-0.9959078,-0.95781,-0.42407805,-0.13435236,-40.36752492189407,1.0,111656
48291,73.67068338086077,0.9739417433738708,48.69708716869354,-0.9858815,-1.0,-0.40421146,-0.4903425,-44.12177175283432,1.0,73820
57913,73.67059822077357,0.9739400744438172,48.69700372219086,-1.0,-1.0,-1.0,-0.02534531,-20.0,1.0,135528
11020,73.67053435070625,0.9739388227462769,48.69694113731384,-1.0,-0.5006101,0.705521,-0.942133,-60.0,1.0,160000
45119,73.670446149182,0.9739370942115784,48.69685471057892,-1.0,-0.1743958,-0.6607687,-0.21805605,-60.0,1.0,160000
45117,73.67013592310614,0.9739310145378112,48.69655072689056,-0.24109322,-1.0,-1.0,0.59269595,-20.0,1.0,160000
28428,73.66972532971054,0.9739229679107666,48.69614839553833,-1.0,-1.0,-1.0,-0.5506333,-27.4981689453125,1.0,118177
52739,73.66942118641055,0.9739170074462892,48.69585037231445,-1.0,-0.5471001,-0.86722624,-0.35886228,-26.42543911933899,1.0844454765319824,125646
31820,73.66920220321134,0.9739127159118652,48.69563579559326,-1.0,-1.0,-1.0,-0.03663464,-28.624216318130493,1.0,160000
22962,73.66919612034442,0.9739125967025756,48.695629835128784,-1.0,-1.0,-0.5438477,-0.2785133,-60.0,1.0278005003929138,129230
39830,73.66899234429388,0.9739086031913756,48.69543015956879,-0.56558144,-1.0,-0.5795573,-0.5560577,-60.0,1.0,153985
22966,73.66894672278774,0.973907709121704,48.695385456085205,0.008553505,-0.42267603,-0.39906654,-0.19434631,-52.069246768951416,1.0,122128
19124,73.66893455705261,0.973907470703125,48.69537353515625,-1.0,-0.13086241,-0.605387,-0.22790813,-40.44221788644791,1.0,92848
55375,73.6688676455084,0.97390615940094,48.695307970047,-1.0,-1.0,-0.8964797,-0.7379286,-32.55266010761261,1.0,160000
14843,73.66881289969815,0.973905086517334,48.6952543258667,-1.0,0.08763468,-0.9024019,-0.88760716,-50.43673157691956,1.0,160000
1999,73.66861824791854,0.9739012718200684,48.69506359100342,0.08522928,-1.0,-1.0,-0.53472096,-60.0,1.0,151055
8069,73.66859999931341,0.9739009141921996,48.69504570960999,-0.9091259,-0.0551818,0.11607486,-0.91273534,-56.37650966644287,1.0,150572
52222,73.66819244709717,0.9738929271697998,48.69464635848999,-1.0,-0.9778672,0.6757486,-0.68380594,-20.0,1.0,160000
46481,73.66809207975001,0.9738909602165222,48.69454801082611,-0.948936,-1.0,0.11299324,-0.7502146,-50.17513275146485,1.0,160000
28422,73.66808599688035,0.9738908410072328,48.69454205036163,-1.0,-1.0,-1.0,-0.7508462,-46.597604751586914,1.0,160000
14023,73.66808295544553,0.973890781402588,48.6945390701294,-0.86141,-1.0,-1.0,-0.9429092,-52.069398164749146,1.0,128176
40827,73.66789134504346,0.973887026309967,48.69435131549835,-0.5016914,-0.08011961,-0.3929139,-0.9652109,-43.71269375085831,1.0,135891
12736,73.66782139203582,0.9738856554031372,48.69428277015686,-1.0,-1.0,-1.0,-0.44338903,-49.653499126434326,1.0,108676
11677,73.6671249032865,0.9738720059394836,48.69360029697418,-0.6905709,-0.3298874,-0.6068143,-0.9181659,-34.83677327632904,1.0,160000
35863,73.66681163535705,0.9738658666610718,48.69329333305359,-1.0,-1.0,-0.5062925,-0.4194395,-60.0,1.0,132220
59011,73.66666868784206,0.9738630652427672,48.69315326213837,-1.0,-1.0,-1.0,-0.5666663,-20.0,1.0,139487
9005,73.66657136186967,0.9738611578941344,48.693057894706726,0.039788604,-1.0,-0.78637695,-0.5486989,-35.164388716220856,1.0,132710
10087,73.66645578727247,0.9738588929176332,48.69294464588165,-1.0,-0.17376965,-0.7167449,-0.8149705,-20.0,1.0,120905
2139,73.66620638943904,0.9738540053367616,48.69270026683808,-0.13619787,-0.95700276,-1.0,-0.3751143,-33.68898689746857,1.0,160000
20865,73.66601173745399,0.9738501906394958,48.69250953197479,-0.4255039,-1.0,-0.237095,-0.56663704,-60.0,1.0,160000
40960,73.6656771793188,0.9738436341285706,48.69218170642853,-0.11338985,0.2153213,-1.0,-0.5682315,-37.523626536130905,1.0,160000
34806,73.66495331701667,0.973829448223114,48.6914724111557,-0.2080425,-1.0,-0.4360882,-0.8718319,-20.0,1.866926908493042,151715
42642,73.66481645227182,0.9738267660140992,48.69133830070496,-0.59417075,0.056327343,-1.0,-0.7687236,-20.0,1.0,94103
21245,73.66453359844176,0.973821222782135,48.69106113910675,-0.64624107,-1.0,-1.0,-0.71675897,-20.0,1.0,160000
27679,73.66450622548875,0.973820686340332,48.6910343170166,-1.0,-0.13208914,0.3051194,-0.91733974,-43.78571480512619,1.0,160000
18334,73.66445756246041,0.9738197326660156,48.69098663330078,-1.0,-0.7575425,-1.0,-0.55895364,-60.0,1.0,160000
53739,73.6643024490512,0.973816692829132,48.69083464145661,-1.0,-0.71692437,-1.0,-0.7929069,-20.31669020652771,1.0,155284
33798,73.66417470858924,0.9738141894340516,48.690709471702576,-1.0,-1.0,-0.37182462,-0.59239113,-33.65442395210266,1.0,145747
36312,73.66405000956048,0.9738117456436156,48.69058728218079,-1.0,-1.0,-1.0,-0.7175246,-60.0,1.0,160000
54227,73.66399222220356,0.973810613155365,48.69053065776825,-1.0,-1.0,-0.44170707,-0.29440042,-60.0,1.0,160000
41559,73.66396789068445,0.9738101363182068,48.69050681591034,-1.0,-0.8795459,-1.0,-0.6045263,-20.0,1.0,160000
1136,73.66392226908546,0.9738092422485352,48.69046211242676,-1.0,-1.0,-1.0,-0.89019716,-60.0,1.0,160000
9652,73.66317103330104,0.9737945199012756,48.68972599506378,-1.0,-0.553511,0.07202083,-0.852826,-60.0,1.0,160000
46722,73.66306154142674,0.9737923741340636,48.68961870670319,-1.0,-0.33257538,-1.0,-0.37802148,-20.0,1.0,100540
50710,73.66295204954758,0.9737902283668518,48.68951141834259,-1.0,-0.56796753,0.30485684,-0.7050221,-37.372356951236725,1.0,138805
8765,73.66276956307152,0.9737866520881652,48.68933260440826,0.0680356,-0.27522993,-0.6001787,-0.55074453,-56.99324607849121,1.0,160000
59773,73.66240459007895,0.9737794995307922,48.68897497653961,-1.0,-0.6288293,-0.41293117,-0.9204742,-46.21112585067749,1.0,109907
57441,73.66229509817066,0.9737773537635804,48.688867688179016,0.031134605,-1.0,0.18774194,-0.4146496,-29.78171229362488,1.0,138905
5209,73.66228293240276,0.9737771153450012,48.68885576725006,-1.0,-1.0,-1.0,0.72513545,-20.0,1.0,160000
59818,73.66228293240276,0.9737771153450012,48.68885576725006,-1.0,-1.0,-1.0,-0.89531815,-29.02807831764221,1.0,115053
15563,73.6622738080768,0.9737769365310668,48.68884682655335,-0.474383,-0.10116482,-1.0,-0.4695989,-20.0,1.0,151527
50273,73.66221602067831,0.9737758040428162,48.68879020214081,-1.0,-0.682817,-1.0,-0.88353854,-39.58834648132324,1.0,127030
27792,73.66215215039418,0.973774552345276,48.688727617263794,-1.0,-0.25667334,-1.0,-0.06940611,-50.3533935546875,1.0,148218
9491,73.66213390174127,0.9737741947174072,48.68870973587036,-0.06639075,-0.8660438,-1.0,-0.36466444,-37.41728961467743,1.0,160000
4286,73.66195445664714,0.9737706780433656,48.688533902168274,-1.0,-1.0,-1.0,-0.6765029,-20.0,1.0,160000
54450,73.66195445664714,0.9737706780433656,48.688533902168274,-1.0,-0.98366773,-0.40057018,-0.8386279,-54.250569343566895,1.0,160000
57618,73.66189666924116,0.9737695455551147,48.68847727775574,-1.0,-0.2920894,-1.0,0.105083786,-32.75888681411743,1.0,92611
15359,73.66174155567107,0.9737665057182312,48.68832528591156,-1.0,-1.0,-1.0,-0.38613522,-60.0,1.0,160000
4750,73.66147695014666,0.9737613201141356,48.68806600570679,-1.0,-1.0,0.3237391,-0.98934674,-60.0,1.0,137468
38112,73.66110589407614,0.9737540483474731,48.68770241737366,-0.9023782,-1.0,-1.0,-0.5972154,-60.0,1.0,160000
35729,73.6610602724243,0.9737531542778016,48.68765771389008,-1.0,-0.6488222,-0.63088924,-0.64165837,-20.0,1.0,160000
52731,73.66104810665031,0.9737529158592224,48.68764579296112,-1.0,-1.0,-0.33920473,-0.692114,-20.0,1.0,160000
30087,73.66092340746364,0.9737504720687866,48.68752360343933,-0.7850579,-1.0,-1.0,-0.57819486,-60.0,1.0,160000
4167,73.6607165892865,0.973746418952942,48.687320947647095,-0.4561237,-0.09907532,-0.34871116,-0.9341235,-45.544477701187134,1.0,160000
18847,73.66060101441523,0.9737441539764404,48.68720769882202,-1.0,-1.0,0.18652189,-0.67805886,-44.93602991104126,1.0,160000
19341,73.66046719087335,0.9737415313720704,48.68707656860352,-0.46520412,-1.0,1.0,-0.7597597,-41.36290743947029,1.0,133666
48124,73.66035161599042,0.9737392663955688,48.68696331977844,-0.7950294,-1.0,0.1578185,-0.50835335,-20.0,1.0,160000
51049,73.66029382854694,0.973738133907318,48.68690669536591,-1.0,-1.0,-0.20127004,-0.86201215,-36.57627820968628,1.0,160000
15416,73.66013871487614,0.9737350940704346,48.68675470352173,-1.0,-0.0022425652,-1.0,-0.89496124,-55.00880599021912,1.0,156312
12127,73.66003530575686,0.9737330675125122,48.68665337562561,-1.0,-0.37052977,-1.0,-0.6105617,-60.0,1.0,117352
56344,73.65999272553002,0.9737322330474854,48.68661165237427,-0.3810023,-1.0,-1.0,-0.7254369,-20.0,1.0,130570
1139,73.65999272553002,0.9737322330474854,48.68661165237427,-0.7860363,-0.3525182,-0.9205048,-0.09188375,-60.0,1.0,160000
22567,73.65986802629004,0.9737297892570496,48.68648946285248,-1.0,-1.0,-1.0,-0.9648216,-28.739984035491943,4.247739970684052,160000
34569,73.65984369473028,0.9737293124198914,48.68646562099457,-0.93279815,-0.97073567,0.67834103,-0.30954254,-53.83405208587647,1.0,160000
50704,73.65982544606031,0.9737289547920228,48.686447739601135,-1.0,-0.8003124,-0.9185967,-0.8461081,-25.719536542892456,1.0,160000
14995,73.65974636848887,0.9737274050712584,48.68637025356293,-0.40347672,-1.0,-0.05847758,-0.18813337,-49.70219612121582,1.0,160000
59774,73.65967641525047,0.9737260341644288,48.68630170822144,-1.0,-1.0,-0.6060831,-0.95982826,-45.59658706188202,1.0,160000
55286,73.65949088708687,0.9737223982810974,48.68611991405487,-1.0,-0.6281602,-0.7735384,-0.4797088,-39.57372792065144,1.0404033064842224,127123
53771,73.65944526540517,0.9737215042114258,48.68607521057129,-1.0,-1.0,-1.0,-0.23911837,-57.67850637435913,1.0,158947
52223,73.65943918251422,0.9737213850021362,48.68606925010681,-0.3841859,0.038379192,-0.39136738,-0.36858702,-38.093682527542114,1.0,160000
44711,73.65938139504937,0.9737202525138856,48.68601262569428,-1.0,-1.0,-0.3001531,-0.9493317,-20.0,1.0,160000
45120,73.65912287216375,0.9737151861190796,48.68575930595398,-1.0,-0.929031,-1.0,0.8618591,-57.36159086227417,1.0,125916
10513,73.658922136728,0.9737112522125244,48.68556261062622,-1.0,-0.8278985,-0.25051162,-0.083344236,-44.26756978034973,1.0,87393
42077,73.65875485718574,0.9737079739570618,48.68539869785309,-1.0,-1.0,-0.23034519,-0.69845927,-54.86297845840454,1.0,119181
56809,73.65862711643675,0.9737054705619812,48.68527352809906,-0.7645967,-1.0,-0.57564276,-0.21222922,-28.440394401550293,1.467846393585205,134973
52211,73.6583959664932,0.9737009406089784,48.685047030448914,-0.9183066,-0.39601105,-0.8977703,-0.9146974,-60.0,1.0,152221
40799,73.65831688887597,0.973699390888214,48.68496954441071,-1.0,-1.0,-0.706477,-0.43129182,-21.232712268829346,1.0,148016
2848,73.65826518427872,0.9736983776092528,48.68491888046265,-1.0,-1.0,0.5046913,-0.8242335,-32.40690886974335,1.0,160000
3687,73.65825910138486,0.9736982583999634,48.68491291999817,-0.54591763,-0.39631867,-0.25492236,-0.5141227,-42.681673765182495,1.0,160000
42174,73.65821652112737,0.9736974239349364,48.684871196746826,-1.0,-0.6888227,-1.0,-0.43930086,-60.0,1.0,99172
59020,73.65820131389238,0.9736971259117126,48.68485629558563,-0.5340727,-1.0,-1.0,-0.4947966,-33.77572000026703,1.0,130710
41154,73.65810094613909,0.9736951589584352,48.68475794792175,-1.0,-0.9067553,-1.0,-0.054692015,-60.0,1.0,160000
19346,73.65795191522514,0.9736922383308412,48.68461191654205,-1.0,-0.88584435,-1.0,-0.3795125,-43.99111807346344,1.0,133260
5204,73.65742270333558,0.97368186712265,48.68409335613251,-1.0,-1.0,-0.6347351,0.49876797,-35.73320746421814,1.0,160000
41160,73.65719155327926,0.9736773371696472,48.68386685848236,-1.0,-1.0,-1.0,-0.12830833,-34.915651679039,1.0,160000
5518,73.65698473478946,0.9736732840538024,48.683664202690125,-0.033251345,-0.50714594,-0.17307621,-0.83796513,-57.03101515769959,1.0,160000
3084,73.65696648609836,0.9736729264259338,48.68364632129669,-0.114429355,-0.9832977,-1.0,-0.37002963,-30.99251508712769,1.0,140051
7999,73.65694823740711,0.9736725687980652,48.68362843990326,-1.0,-0.91868484,-1.0,-0.52997446,-57.26321578025818,1.0,160000
45123,73.6562152481973,0.9736582040786744,48.68291020393372,-1.0,-0.7607967,-1.0,0.08546877,-60.0,1.0,135898
47387,73.65614225340931,0.9736567735671996,48.68283867835999,-1.0,0.09659052,-1.0,-0.9246751,-25.53510069847107,1.0,160000
18484,73.65560087533096,0.9736461639404296,48.68230819702149,-0.9080946,0.045113802,0.25783676,-0.90512055,-42.75712311267853,1.0,160000
42180,73.65553700487568,0.9736449122428894,48.68224561214447,-0.07978654,-0.18318826,0.79895765,-0.42847195,-32.52426624298096,1.0,160000
42171,73.65551267327324,0.9736444354057312,48.68222177028656,-1.0,-1.0,-0.58410084,-0.342874,-26.529442071914676,1.0,160000
31057,73.65542142976193,0.973642647266388,48.6821323633194,-0.72966945,-0.42461652,-0.81958425,-0.5730243,-20.0,1.0,160000
6349,73.65517203081382,0.9736377596855164,48.68188798427582,-0.44629657,-1.0,0.085927844,-0.7607006,-34.91359353065491,1.0,150352
10516,73.6551264090523,0.9736368656158448,48.68184328079224,-1.0,-1.0,-0.35349506,-0.11189691,-43.28788220882416,1.0,119293
27796,73.65481618105156,0.9736307859420776,48.68153929710388,-1.0,-0.026790023,-0.49701607,-0.7924865,-20.0,1.0,116961
22969,73.65457286494525,0.9736260175704956,48.68130087852478,-1.0,-1.0,0.965137,-0.8335476,-32.380534410476685,1.0,145037
46723,73.65452724317265,0.973625123500824,48.6812561750412,-0.9622347,-0.6732521,-1.0,-0.6431834,-34.08549785614014,1.5157747864723206,137851
5206,73.65451507736648,0.9736248850822448,48.68124425411224,-1.0,-1.0,-1.0,0.47874308,-37.16947078704834,1.0,160000
31006,73.65419876638504,0.9736186861991882,48.68093430995941,-1.0,-1.0,-1.0,0.39859596,-36.43498241901398,1.0,160000
34011,73.65397978183566,0.9736143946647644,48.68071973323822,-0.075115025,-0.9076457,-0.49671608,-0.9665641,-20.0,1.0,160000
13807,73.65351748105653,0.9736053347587584,48.68026673793793,-0.02236855,-0.26771432,0.29387486,-0.32814133,-51.911587715148926,1.0,109114
21584,73.65345969345304,0.9736042022705078,48.68021011352539,-0.2737893,-1.0,-0.8431752,-0.8176311,-45.729618072509766,1.0,160000
52738,73.65331066225889,0.9736012816429138,48.68006408214569,-0.5018535,-0.64072686,-0.5982283,-0.7203167,-35.05999654531479,1.0,156406
56810,73.65328633063449,0.9736008048057556,48.68004024028778,-0.74951947,-1.0,-1.0,-0.78323054,-60.0,1.0,160000
40833,73.65317683832176,0.9735986590385436,48.67993295192719,-0.25599056,-1.0,0.26445013,-0.7956947,-20.0,1.0,83226
37473,73.65315554814927,0.9735982418060304,48.67991209030152,-1.0,-1.0,-1.0,-0.3357872,-52.63285994529724,1.0,160000
10514,73.65278144937423,0.9735909104347228,48.67954552173615,-0.16028333,-1.0,-1.0,-0.7039503,-60.0,1.0,160000
44927,73.65277536646684,0.9735907912254332,48.67953956127167,-0.42918754,-1.0,-1.0,-0.64866424,-41.46600484848023,1.0,99286
35459,73.6526415425007,0.9735881686210632,48.67940843105316,-0.9363876,-1.0,-0.81275797,-0.66416025,-53.01419258117676,1.0,160000
37471,73.65239822618001,0.9735834002494812,48.67917001247406,-1.0,-1.0,-0.9132493,-0.6339046,-36.09191983938217,1.0,113192
42078,73.65210624656353,0.9735776782035828,48.67888391017914,0.09113622,-1.0,-0.9814594,-0.9590688,-32.90295600891113,1.0,160000
42305,73.65174735490429,0.9735706448554992,48.67853224277496,-0.514079,-0.40465468,-1.0,-0.54749686,-60.0,1.0,160000
11018,73.6514432093895,0.9735646843910216,48.678234219551086,-1.0,-1.0,-1.0,-0.9526726,-22.4716854095459,1.0,160000
50814,73.65126376351819,0.97356116771698,48.678058385849,-1.0,-1.0,-0.36418122,-0.9362333,-52.128461599349976,1.0,160000
51729,73.6512394318736,0.9735606908798218,48.67803454399109,-0.1465553,-1.0,-0.27853358,-0.8131095,-41.42746865749359,1.0,160000
9467,73.65113602238151,0.9735586643218994,48.67793321609497,-1.0,-1.0,-1.0,-0.97181576,-60.0,1.0,160000
25012,73.65109040054537,0.9735577702522278,48.67788851261139,-1.0,-0.28628242,-0.5536616,-0.8401493,-36.16495043039322,1.0,158937
30301,73.6504273630984,0.9735447764396667,48.67723882198334,-0.5459272,-1.0,-0.13108402,-0.866855,-20.0,1.0,160000
45111,73.65027224880758,0.9735417366027832,48.67708683013916,-1.0,-0.94926107,-0.560259,-0.83669853,-24.7503125667572,1.0,120420
54802,73.65020229530069,0.9735403656959534,48.67701828479767,-0.5937557,-1.0,-1.0,-0.9512544,-20.0,1.0,160000
30542,73.65015059053344,0.9735393524169922,48.67696762084961,-0.9718451,-0.46553463,-0.4707615,-0.6696159,-60.0,1.0,160000
57949,73.6500806370231,0.9735379815101624,48.67689907550812,-0.82202315,-1.0,-1.0,-0.5082184,-43.55897754430771,1.0,91043
4191,73.64994377145364,0.9735352993011476,48.67676496505737,-1.0,-1.0,-0.99525523,-0.96312785,-22.657899856567383,1.0,160000
42625,73.64971262069687,0.9735307693481444,48.67653846740723,-0.60084254,-1.0,-0.21019089,-0.13586238,-54.72691774368286,1.0,160000
47390,73.64931418973639,0.973522961139679,48.67614805698395,-1.0,-0.7439985,-0.6249222,-0.8127173,-31.105682849884037,1.0,160000
56801,73.64913170225208,0.9735193848609924,48.67596924304962,-0.47943276,-1.0,0.15864426,-0.26506355,-60.0,1.0,156377
11557,73.64890663433619,0.973514974117279,48.67574870586395,-1.0,-0.7932825,-0.06997365,-0.08242595,-56.32318377494812,1.0,140106
57114,73.64887013683438,0.9735142588615416,48.67571294307709,-0.3187977,-1.0,0.41720462,-0.81802446,-21.715805530548096,1.0,160000
50815,73.64880322474633,0.9735129475593568,48.67564737796784,-1.0,-1.0,-0.5866338,-0.84500605,-23.975380659103397,1.082606077194214,160000
37360,73.64876672724299,0.9735122323036194,48.67561161518097,-1.0,-0.018004537,0.21134669,0.09081903,-60.0,1.0,160000
52219,73.64873327119778,0.9735115766525269,48.67557883262634,-0.009625435,-1.0,-0.796366,-0.7013066,-34.214699268341064,1.0,160000
53480,73.64845041552478,0.9735060334205629,48.67530167102814,-0.6765633,-0.1974451,-0.6228646,-0.8082938,-56.555137634277344,1.0,160000
25244,73.64831050840571,0.9735032916069032,48.675164580345154,-1.0,-1.0,-1.0,-0.8509991,-32.89014399051666,1.0,139774
48769,73.64807023311751,0.9734985828399658,48.67492914199829,-0.96965265,-1.0,-0.119469225,-0.0016067022,-60.0,1.0,160000
19316,73.64794249181551,0.9734960794448853,48.67480397224426,-1.0,-0.7456323,0.46432102,0.40264958,-24.41938042640686,1.0,117252
50724,73.64770221649147,0.973491370677948,48.6745685338974,-0.5679348,-0.31661737,-0.055249035,-0.66182244,-47.38853693008423,1.0,160000
20362,73.64757447517043,0.9734888672828674,48.67444336414337,-1.0,-1.0,-1.0,-0.73195577,-60.0,1.0,160000
41333,73.64741327777968,0.9734857082366944,48.67428541183472,-0.39299273,-0.15681535,-1.0,-0.7656519,-54.29275751113892,1.0,134960
20868,73.6471760438647,0.973481059074402,48.67405295372009,-0.99418694,-0.609935,-1.0,-0.72540426,-31.820383667945865,1.0,160000
14727,73.64699659768308,0.97347754240036,48.673877120018005,-1.0,-1.0,-1.0,-0.6185834,-44.27154809236527,1.0,160000
39602,73.64648563221313,0.9734675288200378,48.67337644100189,-1.0,-0.16046631,-0.016279995,-0.84241986,-42.62781947851181,1.0,160000
31003,73.64591383739509,0.97345632314682,48.672816157341,-0.9380504,-1.0,-0.8510791,-0.111612745,-60.0,1.0,160000
27675,73.64588038131122,0.9734556674957277,48.67278337478638,-1.0,-0.57966566,-0.80114365,-0.52462876,-31.99330985546112,1.0,160000
57619,73.64583780084016,0.9734548330307008,48.67274165153504,-1.0,-1.0,-1.0,0.20710087,-41.01569838821888,1.0,160000
41337,73.64579826183066,0.9734540581703186,48.67270290851593,-1.0,-1.0,-1.0,-0.7665086,-23.945751190185547,1.0,160000
46670,73.64555190337265,0.9734492301940918,48.67246150970459,-1.0,-1.0,-1.0,-0.6915027,-38.88512790203095,1.0,160000
37355,73.64508960101465,0.973440170288086,48.6720085144043,-1.0,-0.52397394,-0.046218455,-0.20235178,-24.50050115585327,1.0,160000
7919,73.64501964736083,0.973438799381256,48.671939969062805,-0.5492499,0.08959353,-0.80499315,-0.34630215,-60.0,1.0,160000
58893,73.64492840346156,0.9734370112419128,48.67185056209564,-1.0,-1.0,-1.0,-0.5444063,-32.75727450847626,1.0,160000
3203,73.64492232053482,0.9734368920326232,48.671844601631165,-1.0,-1.0,-1.0,-0.71434176,-48.74647617340088,1.0,160000
20688,73.64456951075836,0.9734299778938292,48.67149889469147,-0.7195394,-0.09292334,-0.1959672,-0.55742884,-47.40756034851074,1.0,98178
33717,73.64453605465624,0.9734293222427368,48.67146611213684,-1.0,-1.0,-1.0,-0.14405195,-20.0,1.0,86863
20923,73.64450259855369,0.9734286665916444,48.67143332958221,-0.30548048,-1.0,-1.0,-0.76749426,-20.0,1.0,95508
35270,73.64428969607219,0.97342449426651,48.6712247133255,-1.0,-1.0,-0.7581585,-0.9408568,-60.0,1.0232753157615662,160000
57630,73.6438273934777,0.9734154343605042,48.67077171802521,-1.0,-0.97696817,-0.50684905,-0.7298447,-42.26637423038483,1.0,160000
56808,73.6435262884518,0.9734095335006714,48.67047667503357,-1.0,-1.0,-1.0,-0.17638303,-43.11001926660538,1.0,160000
33720,73.64346545914917,0.973408341407776,48.6704170703888,-1.0,-0.16679847,-0.2386849,-0.8402376,-39.94015317410231,1.0,160000
4392,73.64336509079656,0.9734063744544984,48.67031872272492,-1.0,-0.27466208,-0.46186844,-0.8855851,-55.84298491477966,1.0,160000
5511,73.64313089795793,0.9734017848968506,48.67008924484253,-1.0,-1.0,-1.0,-0.9504081,-60.0,1.0,126513
35941,73.64250131450231,0.973389446735382,48.669472336769104,-1.0,-1.0,-1.0,-0.79183483,-54.00997996330261,1.0,160000
42623,73.64199947250232,0.973379611968994,48.66898059844971,-0.84479094,-0.81535333,-1.0,-0.46151465,-36.769832372665405,1.0,160000
40259,73.64197209929938,0.9733790755271912,48.66895377635956,-1.0,-0.16491646,1.0,-0.90615845,-50.0876772403717,1.0,152869
38447,73.64196601636536,0.9733789563179016,48.66894781589508,-1.0,-0.4111812,-1.0,-0.74503744,-50.97549080848694,1.0,107331
25923,73.6415097962706,0.9733700156211852,48.66850078105927,0.015571833,-1.0,-1.0,-0.731589,-42.34796434640885,1.0,156285
19835,73.64143984251527,0.9733686447143556,48.66843223571777,-0.9629843,-1.0,0.090563595,-0.68388456,-60.0,1.0,160000
26240,73.64107182490025,0.9733614325523376,48.66807162761688,-0.9582163,-0.93601876,-0.75076556,-0.8655118,-49.69280540943146,1.0,160000
54685,73.64103228581438,0.9733606576919556,48.66803288459778,-1.0,-1.0,-0.8265545,-0.5411595,-22.71198034286499,1.0,141514
39573,73.64085892212269,0.9733572602272034,48.66786301136017,-1.0,-1.0,0.12424922,-0.7598423,-20.332486629486084,1.0,160000
6325,73.6406733925444,0.973353624343872,48.6676812171936,-0.8734784,-0.820134,-1.0,-0.7800241,-60.0,1.0,160000
39576,73.6406733925444,0.973353624343872,48.6676812171936,-1.0,-0.36460167,0.9687927,-0.8699837,-47.5882625579834,1.091443657875061,142671
60602,73.64064601932675,0.9733530879020692,48.667654395103455,-0.26445818,-1.0,-0.98636997,-0.13540336,-37.88152486085892,1.0,137071
57332,73.64062777051481,0.9733527302742004,48.66763651371002,-1.0,-0.10440886,0.08117753,-0.82315993,-39.41031724214554,1.0,160000
53734,73.64051219470275,0.973350465297699,48.66752326488495,-1.0,-1.0,0.25614798,-0.0751056,-25.09006261825561,1.0,160000
42950,73.64002251817581,0.97334086894989,48.66704344749451,-1.0,-0.8855196,-1.0,-0.83577543,-20.0,1.0,160000
6014,73.639681873578,0.9733341932296752,48.666709661483765,-1.0,-0.41699922,0.2350601,-0.9630063,-26.292160749435425,3.289218306541443,160000
12735,73.63952675861162,0.9733311533927916,48.66655766963959,-0.84891045,-1.0,-1.0,-0.27582657,-60.0,1.0,154110
11553,73.63951763420152,0.9733309745788574,48.66654872894287,-1.0,-1.0,-1.0,-0.11592828,-22.258936166763306,1.0,92111
6347,73.63908270394806,0.9733224511146544,48.66612255573273,-1.0,-0.40124148,-0.26879278,-0.63807386,-31.405115723609924,1.0,110518
25183,73.63895800365145,0.9733200073242188,48.66600036621094,-1.0,-1.0,-0.29617742,-0.97437394,-29.546587467193604,1.0,160000
2176,73.63869947862621,0.9733149409294128,48.66574704647064,-1.0,-0.92701954,-1.0,-0.11410813,-48.811134696006775,1.0,160000
60789,73.638687312742,0.9733147025108336,48.66573512554169,-1.0,0.33612704,-0.6518839,-0.22568406,-22.951669692993164,1.0,160000
55991,73.63862952479118,0.973313570022583,48.66567850112915,-1.0,-1.0,0.24817723,-0.9346634,-54.48280572891235,1.0,107331
36569,73.63853523918432,0.973311722278595,48.66558611392975,-1.0,-1.0,-0.6881473,-0.74006104,-46.96523904800415,1.0,160000
36853,73.63832233618784,0.9733075499534608,48.66537749767304,-1.0,-0.81226546,0.3955528,-0.50271404,-20.0,1.0,133820
640,73.63830712883023,0.9733072519302368,48.66536259651184,-1.0,-1.0,-1.0,-0.91445416,-39.46656409651041,1.0,160000
4163,73.63825542381372,0.9733062386512756,48.66531193256378,-1.0,-0.16845334,-0.89668393,-0.8157046,-57.66188383102417,1.0,160000
52481,73.63817938702275,0.9733047485351562,48.66523742675781,-0.4443137,-1.0,0.64187235,-0.7749333,-20.0,1.0,160000
20685,73.6380577281523,0.9733023643493652,48.66511821746826,0.016974568,-1.0,-0.53074145,-0.9012512,-60.0,1.0,160000
47973,73.63805164520862,0.9733022451400756,48.66511225700378,-1.0,-1.0,-1.0,-0.7981506,-28.92065048217773,1.2659305930137634,160000
39907,73.63747680696324,0.9732909798622132,48.66454899311066,-0.5833706,-1.0,-0.21320802,-0.726714,-20.0,1.0,160000
21096,73.6373156089127,0.97328782081604,48.664391040802,0.039301753,-1.0,-0.9765574,-0.66543376,-20.0,1.0,160000
35460,73.63703883487682,0.9732823967933656,48.664119839668274,-1.0,-1.0,-1.0,-0.5263448,-31.891895532608032,1.0,160000
16042,73.63685330501121,0.9732787609100342,48.66393804550171,-1.0,-1.0,0.072398126,-0.95984155,-39.11595918238163,1.0,160000
45121,73.63674381196923,0.9732766151428224,48.66383075714111,-0.2771675,-1.0,-0.79849005,0.16760927,-29.55081820487976,1.0,105008
60604,73.63655524060775,0.9732729196548462,48.66364598274231,-0.1156289,-1.0,-0.49469352,-0.06489717,-30.0301456451416,1.095238983631134,160000
20774,73.6362267614275,0.9732664823532104,48.66332411766052,-1.0,-1.0,0.14179522,-0.73938054,-52.04115271568298,1.0,141897
5517,73.63582832828904,0.9732586741447448,48.66293370723725,-1.0,-0.94180286,-1.0,-0.6049831,-52.833006381988525,1.0,125001
12078,73.63559717620974,0.973254144191742,48.6627072095871,-0.14402062,-1.0,-1.0,-0.45704114,-34.33371305465698,1.10514497756958,105632
698,73.63540252181038,0.9732503294944764,48.662516474723816,-0.48863858,-0.91433775,-1.0,-0.7315384,-24.689674377441406,1.0,160000
27846,73.63533256788185,0.9732489585876464,48.66244792938232,-1.0,-1.0,0.4892882,-0.9763292,-33.9026665687561,1.0,160000
12317,73.63516528674037,0.9732456803321838,48.66228401660919,-0.60105133,-0.12866133,-1.0,-0.7128216,-34.004908204078674,1.0,160000
26500,73.63499800558756,0.9732424020767212,48.66212010383606,-0.82080245,-0.5824401,-1.0,-0.49180835,-22.585335969924927,1.0,160000
60603,73.63456611601327,0.9732339382171632,48.66169691085816,-1.0,-1.0,0.36627698,-0.1458117,-20.0,1.0,160000
55886,73.63454786715636,0.9732335805892944,48.66167902946472,-1.0,-1.0,-0.06234151,-0.32476985,-41.39467537403107,1.0,160000
18713,73.63452657682312,0.973233163356781,48.66165816783905,-1.0,-1.0,-1.0,-0.63988227,-20.0,1.0,159999
40607,73.6342437195212,0.9732276201248168,48.661381006240845,-1.0,-1.0,0.035571575,-0.40057853,-52.556906938552856,1.0,91891
49370,73.63403689910785,0.9732235670089722,48.66117835044861,-1.0,-1.0,0.12528175,-0.9591123,-60.0,1.0,160000
56341,73.63374187584117,0.973217785358429,48.66088926792145,-1.0,-1.0,0.84365857,-0.8681631,-20.0,1.0,160000
59511,73.6337145025466,0.973217248916626,48.6608624458313,-1.0,-0.2636758,-1.0,-0.024020806,-28.1325900554657,1.0,160000
9009,73.63344381106168,0.973211944103241,48.66059720516205,-0.31904423,-0.25337,-1.0,-0.84897316,-60.0,1.0,120391
9658,73.63327652979208,0.9732086658477784,48.66043329238892,0.009887695,-0.87016684,-1.0,-0.47970524,-39.873115960508585,1.0,142913
34566,73.63282030809009,0.973199725151062,48.6599862575531,-0.15796423,-0.038454056,0.7283784,-0.8983245,-20.0,6.314992070198059,160000
46395,73.63258307277171,0.9731950759887696,48.65975379943848,-1.0,-1.0,-0.93666685,-0.81303656,-39.25147965550423,1.0,160000
46337,73.63241883292253,0.9731918573379515,48.65959286689758,-1.0,-0.8996886,-1.0,-0.92188376,-60.0,1.0,160000
11183,73.63240058404972,0.973191499710083,48.65957498550415,-1.0,-1.0,0.7705362,-0.856016,-26.34543776512146,1.0,110876
47168,73.63240058404972,0.973191499710083,48.65957498550415,-0.95329404,-1.0,-1.0,-0.842283,-58.43019247055054,1.0,137471
31406,73.63226675897835,0.9731888771057128,48.659443855285645,-0.8302636,-1.0,1.0,-0.8363142,-51.39036536216736,1.0,158991
58096,73.6322150538352,0.9731878638267516,48.65939319133759,-0.59378207,-1.0,-1.0,-0.5774248,-46.51579260826111,1.0,160000
40338,73.63212989242058,0.973186194896698,48.6593097448349,-1.0,-1.0,-1.0,-0.07148141,-26.59719467163086,1.0,160000
56105,73.63200215029313,0.9731836915016174,48.65918457508087,-0.3763861,-1.0,-1.0,-0.7313673,-60.0,1.0,160000
30086,73.63197477697923,0.9731831550598145,48.65915775299072,-1.0,-1.0,-1.0,-0.20118672,-27.525925636291504,1.0,143721
24927,73.63155809427481,0.9731749892234802,48.65874946117401,-1.0,-1.0,-1.0,-0.7561247,-36.73393070697784,1.0,131396
27978,73.6314212276777,0.9731723070144652,48.65861535072327,-1.0,-1.0,-0.20916265,0.24529284,-46.31642818450928,1.0,160000
37032,73.63131781735484,0.973170280456543,48.65851402282715,-1.0,-1.0,-1.0,-0.963663,-22.76114821434021,1.0,160000
46898,73.63117182630344,0.9731674194335938,48.65837097167969,-1.0,-0.53969806,-1.0,-0.74446,-49.72288489341736,1.0,160000
6021,73.63109274781365,0.9731658697128296,48.65829348564148,-0.11718124,-1.0,-0.71268195,-0.94641745,-20.0,4.937225937843323,160000
10069,73.63091330046203,0.9731623530387878,48.65811765193939,0.042273283,-0.14431798,-1.0,-0.85218966,-20.0,1.0,160000
9940,73.63075818494417,0.9731593132019044,48.657965660095215,-1.0,-0.76392305,-1.0,0.105979234,-47.58927643299103,1.0,109817
31825,73.63055744720069,0.9731553792953492,48.657768964767456,-1.0,0.11926985,-1.0,-0.5573616,-39.87851951271296,1.0,160000
27980,73.63053311535188,0.9731549024581908,48.657745122909546,-1.0,-1.0,-1.0,0.38400736,-60.0,1.0,160000
24428,73.63052094942739,0.9731546640396118,48.65773320198059,-1.0,-1.0,-0.2103799,-0.6676573,-42.23032847046852,1.0,156652
32893,73.63052094942739,0.9731546640396118,48.65773320198059,-1.0,-1.0,-1.0,-0.80189115,-20.0,1.0,160000
439,73.63032629462737,0.9731508493423462,48.65754246711731,-0.9097418,-0.0035574436,-1.0,-0.58224607,-25.325196981430054,1.0,160000
59518,73.62991873609,0.9731428623199464,48.657143115997314,-1.0,-0.32870555,-1.0,-0.12788568,-44.48025971651077,1.0,160000
24565,73.62957809009666,0.9731361865997314,48.65680932998657,-0.7233536,-1.0,-1.0,-0.675937,-45.0083863735199,1.0,96042
46662,73.62935910336181,0.9731318950653076,48.65659475326538,-0.877513,-0.33106077,0.85508394,-0.52125955,-40.31916409730911,1.0,160000
40333,73.62910057733035,0.9731268286705016,48.656341433525085,-0.10960668,-1.0,-1.0,-0.1631728,-24.9507999420166,1.0,160000
31823,73.62900020839318,0.973124861717224,48.656243085861206,-0.4136517,-0.94324493,0.5563526,-0.9074979,-60.0,1.0,125962
50274,73.62884509275497,0.9731218218803406,48.65609109401703,-1.0,-0.04035449,0.45335037,-0.5451174,-60.0,1.0,121510
41556,73.62862002298807,0.9731174111366272,48.65587055683136,-1.0,-1.0,0.07141304,-0.6052129,-38.37378680706024,1.0,160000
11556,73.62860481557065,0.9731171131134032,48.655855655670166,-0.80880016,-1.0,-0.8542465,-0.24108826,-20.0,1.0,160000
48509,73.62823983752435,0.9731099605560304,48.65549802780152,-1.0,-1.0,-1.0,-0.80202043,-31.50765061378479,1.0,160000
51870,73.6278839838772,0.9731029868125916,48.65514934062958,-0.93011904,-0.91747665,-0.85681075,-0.89433694,-47.20854163169861,1.0,160000
19511,73.62784444457989,0.9731022119522096,48.65511059761048,-1.0,-0.8940759,0.6267251,-0.9540004,-34.09522593021393,1.0,115657
41365,73.6269806628499,0.9730852842330932,48.65426421165466,-0.7972005,-1.0,-0.59552336,-0.070452094,-53.23715686798096,1.0,84284
16829,73.62693199908146,0.9730843305587769,48.65421652793884,-1.0,-1.0,-0.033649147,-0.09183912,-20.0,1.0,153327
18459,73.62674950994126,0.9730807542800904,48.65403771400452,-1.0,-1.0,-0.93276143,-0.9031874,-54.37414288520813,1.1839861273765564,160000
48523,73.62665826536609,0.9730789661407472,48.65394830703735,-1.0,-0.597435,-0.6839502,-0.69124675,-20.0,1.0,160000
19323,73.62652443998306,0.973076343536377,48.65381717681885,-1.0,-1.0,-1.0,0.25646344,-32.02534377574921,1.0,160000
19126,73.62642711242722,0.973074436187744,48.65372180938721,-1.0,-1.0,-0.18136734,-0.06689928,-43.03637623786926,1.0,122284
14808,73.62632978486752,0.9730725288391112,48.653626441955566,-1.0,-0.97561973,-1.0,-0.38898396,-20.0,1.0,160000
53597,73.62627199662714,0.9730713963508606,48.65356981754303,-0.82798463,-0.69649535,-0.9879226,-0.646929,-20.0,1.0,83052
14058,73.62625983068162,0.9730711579322816,48.65355789661408,-1.0,-1.0,0.4427424,-0.39404923,-28.50633144378662,1.0,160000
42081,73.62615033716926,0.9730690121650696,48.65345060825348,-1.0,-1.0,-0.2607777,-0.6611054,-21.587682962417603,1.0,113474
47936,73.62592526715638,0.9730646014213562,48.65323007106781,-1.0,-1.0,-0.9364199,-0.07072321,-53.78628611564636,1.0,155926
58891,73.62573973645462,0.9730609655380248,48.653048276901245,-1.0,-0.918695,1.0,-0.55574954,-20.0,1.0,160000
2180,73.62541429732111,0.973054587841034,48.6527293920517,-1.0,-1.0,-1.0,0.08639136,-20.0,1.0,149109
28642,73.62536563352175,0.9730536341667176,48.65268170833588,-0.9249965,-0.29759938,-0.1281833,-0.7483893,-53.098227977752686,1.0,160000
55794,73.6249641571404,0.9730457663536072,48.65228831768036,-1.0,-1.0,-1.0,-0.92897534,-20.0,1.0,160000
55419,73.62349511800586,0.9730169773101808,48.65084886550903,-0.3415705,-0.87785834,-0.59861547,-0.8424325,-48.229066133499146,1.0,160000
52017,73.62297198170518,0.9730067253112792,48.650336265563965,-1.0,-0.16306412,-1.0,-0.9468138,-46.51192903518677,1.0,160000
44379,73.62290202742399,0.9730053544044496,48.65026772022247,-0.1869005,-0.6905664,-1.0,-0.61149824,-20.0,1.0,160000
59664,73.62276211885566,0.9730026125907898,48.65013062953949,-0.49298406,-1.0,-0.8238889,-0.40854025,-60.0,1.0,160000
50946,73.62248230169521,0.9729971289634703,48.64985644817352,-0.25320792,0.004925132,-1.0,-0.85483205,-21.7412269115448,1.0,115508
12319,73.62231501968193,0.9729938507080078,48.64969253540039,-0.92988974,-1.0,0.13134879,-0.8584099,-46.7259007692337,1.0,160000
23452,73.62214165467438,0.9729904532432556,48.64952266216278,-1.0,-0.044992566,1.0,-0.9566694,-59.671568870544434,1.0,160000
35732,73.62201391202944,0.972987949848175,48.64939749240875,-1.0,-1.0,0.32971412,-0.50682396,-20.0,1.0,145388
38537,73.62156681272,0.9729791879653932,48.64895939826965,-1.0,-1.0,-0.41199365,-0.32099134,-35.76924562454224,1.0,95750
36318,73.6211805431833,0.9729716181755066,48.64858090877533,-0.038954616,-1.0,-1.0,-0.81988,-32.65901446342468,1.3460514545440674,160000
6757,73.62108929840201,0.9729698300361632,48.64849150180817,-0.852223,-1.0,-1.0,-0.7232265,-60.0,1.0322720408439636,160000
33719,73.62096763868837,0.9729674458503724,48.648372292518616,-0.78981483,-0.66991496,0.439259,-0.3561701,-59.582557678222656,1.0,160000
13729,73.62085206195485,0.9729651808738708,48.64825904369354,-1.0,-1.0,-1.0,-0.6310667,-31.212799549102783,1.0,160000
57985,73.62081860553097,0.9729645252227784,48.64822626113892,-0.5164458,-1.0,-0.5140147,-0.84454894,-60.0,1.0,160000
52012,73.6208003565723,0.9729641675949096,48.64820837974548,-0.46873784,-0.5981944,-1.0,-0.3735085,-20.0,1.0,160000
6500,73.62032892509325,0.9729549288749696,48.64774644374848,-0.2115869,-1.0,-0.7471774,-0.50473183,-47.06912457942963,1.0,90433
1724,73.62023463878661,0.9729530811309814,48.64765405654907,-1.0,-0.210729,-0.5643362,-0.62088704,-51.520739793777466,1.0,160000
637,73.62022855579896,0.972952961921692,48.6476480960846,-0.7664318,-0.107697845,-0.13873154,-0.90101045,-60.0,1.0,137824
48521,73.62021943131745,0.9729527831077576,48.64763915538788,-1.0,-1.0,-1.0,-0.423639,-45.32018840312958,1.0,141507
42983,73.6200582321387,0.9729496240615844,48.64748120307922,-0.5303074,-1.0,-1.0,-0.66179115,-58.80415678024292,1.0,160000
7912,73.61968716983812,0.972942352294922,48.647117614746094,-0.81635153,-1.0,-1.0,-0.63309985,-20.0,2.2054818868637085,113382
55889,73.61933739794625,0.9729354977607728,48.64677488803864,-0.042311788,-1.0,-1.0,-0.73037845,-47.83575475215912,1.0,97511
55176,73.61878384580726,0.9729246497154236,48.64623248577118,-1.0,-1.0,0.7192958,-0.8827349,-20.68592071533203,1.0,160000
21476,73.61839149284225,0.9729169607162476,48.64584803581238,-0.82837915,-1.0,-0.7784444,-0.84044707,-20.0,1.0,160000
21472,73.61835195339269,0.9729161858558656,48.64580929279328,-0.31758237,-1.0,-0.9524842,-0.8104392,-25.621278285980225,1.0,160000
53329,73.61817554661005,0.9729127287864684,48.64563643932343,-0.29411042,-1.0,-1.0,-0.6042605,-52.00779438018799,1.0,160000
12992,73.61806605273861,0.9729105830192566,48.64552915096283,-1.0,-1.0,0.63359106,-0.7953416,-20.650885105133057,1.0,160000
20725,73.61800826430449,0.972909450531006,48.64547252655029,-1.0,-1.0,0.15234238,-0.77525246,-39.917638301849365,1.0,146203
32144,73.61794439287574,0.9729081988334656,48.64540994167328,-0.86967266,-0.71724427,-1.0,-0.06934038,-20.0,1.0,144755
43792,73.61764936768336,0.9729024171829224,48.64512085914612,-0.64533985,-1.0,1.0,-0.6511055,-59.58058834075928,1.0,160000
12198,73.61745471186698,0.9728986024856568,48.64493012428284,-1.0,-1.0,-0.054853737,-0.70863944,-49.63258743286133,1.0,160000
29007,73.61730567849719,0.9728956818580629,48.64478409290314,-1.0,-0.028826475,-0.07273787,-0.5997431,-60.0,1.0,160000
14030,73.61689507630928,0.972887635231018,48.6443817615509,-1.0,-1.0,-0.027243197,-0.3334074,-47.64955520629883,1.0,160000
37358,73.6167764578867,0.9728853106498718,48.64426553249359,-1.0,-1.0,-1.0,0.60461867,-20.0,1.0,160000
58093,73.61668217144417,0.9728834629058838,48.64417314529419,-0.33668447,-1.0,-0.5242612,-0.8639777,-32.911426424980164,1.0,160000
36778,73.61623811266634,0.9728747606277466,48.64373803138733,-0.7832693,-0.4573549,-0.7054881,-0.8884447,-40.81229209899902,1.0,160000
6012,73.6159217967758,0.97286856174469,48.6434280872345,-1.0,-0.7340064,-0.0363003,-0.10882458,-60.0,1.0,160000
32293,73.61585488379374,0.9728672504425048,48.64336252212525,-1.0,-1.0,-0.36228833,-0.8655616,-58.83306384086609,1.0,160000
54805,73.61559027334694,0.9728620648384094,48.64310324192047,-1.0,-1.0,-0.906304,-0.4765175,-20.0,1.0,145472
54891,73.61528308187306,0.9728560447692872,48.64280223846436,-1.0,-0.6722311,-1.0,-0.5792616,-42.42777839303017,1.0,160000
31136,73.6143736732259,0.9728382229804992,48.64191114902496,-1.0,-1.0,-1.0,-0.72772586,-20.0,1.0,145494
9495,73.6141790171508,0.9728344082832336,48.64172041416168,-1.0,-0.10599047,0.5956623,-0.78471327,-20.0,1.0,131015
30090,73.61368325239008,0.9728246927261353,48.64123463630676,-0.6128668,-1.0,-1.0,0.101693004,-42.670585215091705,1.0,160000
52049,73.61339126818984,0.9728189706802368,48.64094853401184,-1.0,-0.026825905,-1.0,-0.29764473,-20.0,1.0,160000
14999,73.61311449146811,0.9728135466575624,48.64067733287811,-1.0,-0.7527116,-0.38452557,-0.9494744,-60.0,1.0,160000
22722,73.61295937483024,0.9728105068206788,48.640525341033936,0.002532959,-0.75340724,-1.0,-0.4467917,-57.05891489982605,1.0,143473
55372,73.61280121667961,0.9728074073791504,48.64037036895752,-0.12866044,-1.0,-1.0,-0.85447407,-39.23523932695389,1.0,160000
37853,73.61253052289827,0.9728021025657654,48.64010512828827,0.07048309,-1.0,-1.0,0.002822321,-60.0,1.0,144957
40793,73.61205300682946,0.9727927446365356,48.63963723182678,-1.0,-0.948236,-0.019001842,-0.07309251,-33.915414810180664,1.0,160000
50990,73.61186443357934,0.9727890491485596,48.63945245742798,-1.0,-1.0,-1.0,-0.7003561,-40.30980497598648,1.0,135778
6494,73.61167890181918,0.9727854132652284,48.63927066326141,-1.0,-1.0,-0.34314173,-0.8660713,-33.0179762840271,1.0043201446533203,153435
42982,73.61161198872193,0.9727841019630432,48.63920509815216,-1.0,-1.0,-1.0,-0.53334415,-20.0,1.0,92775
51555,73.61141429092396,0.9727802276611328,48.63901138305664,-1.0,-0.77398086,-1.0,-0.85962594,-20.0,1.0,140103
443,73.61125309116926,0.9727770686149596,48.63885343074799,-1.0,-1.0,0.4490114,-0.64202976,-45.28822898864746,1.0,160000
57445,73.61106451785793,0.9727733731269836,48.63866865634918,-1.0,-0.3633145,-0.18192655,-0.024765313,-25.70280909538269,1.0,110637
44146,73.61101281227005,0.9727723598480223,48.63861799240112,-0.24595064,-1.0,-1.0,-0.75266254,-23.35849642753601,1.0,135986
37356,73.61027068488909,0.9727578163146972,48.63789081573486,-1.0,-0.12298632,-0.90413666,-0.22802943,-46.00749671459198,1.0,160000
54067,73.60933085931944,0.9727393984794616,48.63696992397308,-1.0,-0.44817454,-1.0,-0.40974468,-53.1384539604187,1.0,160000
27506,73.60903279158819,0.9727335572242736,48.63667786121368,-1.0,-1.0,0.039954543,-0.79783857,-27.074949741363525,1.0,160000
21590,73.6088472596148,0.9727299213409424,48.63649606704712,-0.9486581,-1.0,-0.44246215,-0.7060944,-37.223399579524994,1.0,160000
14024,73.60880772001211,0.9727291464805604,48.636457324028015,0.10343802,-0.33468825,-0.3361765,-0.5380933,-48.74642908573151,1.0,143021
54446,73.60850965221755,0.9727233052253724,48.636165261268616,-0.815086,-1.0,-0.9524833,-0.6374178,-38.15497815608978,1.0,100675
49077,73.60845186355934,0.9727221727371216,48.63610863685608,-1.0,-0.18388188,-1.0,-0.75565255,-49.730544090271,1.0,111146
11552,73.6081963768436,0.9727171659469604,48.63585829734802,-0.054972053,-1.0,-1.0,0.49690586,-33.548582792282104,1.0,125418
19290,73.60782227124776,0.9727098345756532,48.635491728782654,-0.9359689,-0.90011454,-0.5714024,-0.6994733,-20.0,1.0,160000
18918,73.60769756936985,0.9727073907852172,48.635369539260864,-0.42348838,0.019155145,-0.09466243,-0.7082213,-60.0,1.0,124112
59394,73.60755765993834,0.9727046489715576,48.63523244857788,-0.07671672,-1.0,-1.0,-0.29792213,-20.0,1.0,155218
60790,73.60740862596995,0.9727017283439636,48.63508641719818,-1.0,-1.0,-1.0,-0.46439043,-50.064677000045776,1.0,160000
15151,73.606395803048,0.9726818799972534,48.63409399986267,-1.0,-0.67011005,-1.0,0.16834557,-36.89933717250824,1.0,100960
42309,73.60596999148501,0.9726735353469848,48.63367676734924,-1.0,-1.0,-0.23321074,-0.2317355,-20.0,1.0,148969
34805,73.60563542520532,0.9726669788360596,48.63334894180298,-0.19414467,-0.20020407,-1.0,-0.07415025,-60.0,1.0,160000
35943,73.60545901751227,0.9726635217666626,48.63317608833313,-0.6972272,-0.47721648,0.8322679,-0.5031234,-60.0,1.0,160000
16822,73.60487200561515,0.972652018070221,48.63260090351105,-0.47698313,-0.78739345,-1.0,-0.5947793,-60.0,1.0234079360961914,143315
23833,73.60451006556742,0.9726449251174928,48.63224625587464,-0.23610449,-0.9963227,0.6545028,-0.9355707,-59.63084220886231,1.0,160000
14993,73.60405383854074,0.9726359844207764,48.63179922103882,-0.74133754,0.13200366,-1.0,-0.39851606,-60.0,1.0,144666
30548,73.60386526467836,0.9726322889328004,48.631614446640015,-1.0,-1.0,-0.6707343,-0.55935407,-60.0,1.0,116411
25719,73.60384701559414,0.9726319313049316,48.63159656524658,-1.0,-1.0,-1.0,-0.8097873,-20.0,1.0,137894
37359,73.60369798140127,0.9726290106773376,48.63145053386688,-0.025951624,-0.39485228,-1.0,0.27464503,-33.49674463272095,1.0,160000
48663,73.60346682630876,0.9726244807243348,48.631224036216736,-1.0,-1.0,-1.0,0.026445847,-20.0,1.0,160000
2360,73.60343945267796,0.9726239442825316,48.63119721412659,-0.07724255,-0.5938406,-0.12961161,-0.68749136,-60.0,1.0,143624
18890,73.60323567119457,0.9726199507713318,48.63099753856659,-0.69731945,-1.0,-1.0,-0.8421753,-60.0,1.0,160000
11246,73.60316875786799,0.9726186394691468,48.630931973457336,-1.0,-1.0,-0.858604,-0.4963555,-23.52283835411072,1.0,160000
60362,73.60279465150865,0.9726113080978394,48.63056540489197,-0.805718,-0.5943763,-1.0,-0.2536639,-50.05913734436035,1.0,160000
47257,73.6026973230156,0.9726094007492064,48.63047003746033,-0.22188896,-1.0,-1.0,-0.897172,-27.19842553138733,1.0,160000
7791,73.60232625810056,0.972602128982544,48.6301064491272,-1.0,-0.70456755,-1.0,-0.26503742,-20.0,1.0,133088
57443,73.60209814439555,0.9725976586341858,48.62988293170929,-1.0,-1.0,-0.9997627,-0.04126505,-20.0,1.0,154053
10404,73.60137122191463,0.9725834131240844,48.629170656204224,-1.0,-0.9565422,0.15749979,-0.5070553,-28.53301286697388,1.0,160000
51866,73.60109748535994,0.9725780487060548,48.628902435302734,-1.0,-1.0,-1.0,-0.8791765,-53.0562949180603,1.0,160000
5331,73.60102753045776,0.9725766777992249,48.62883388996124,-0.9955302,-0.85408646,-0.35105512,-0.9142868,-60.0,1.2521094679832458,160000
48293,73.60098799072955,0.9725759029388428,48.62879514694214,-1.0,-1.0,-1.0,0.49730435,-20.44977903366089,1.0,154581
41064,73.600723378686,0.9725707173347472,48.628535866737366,0.031763077,-1.0,-1.0,-0.8712663,-59.25762057304382,1.0,157976
46170,73.60029148310556,0.9725622534751892,48.62811267375946,-1.0,-0.4806127,-1.0,-0.57694113,-20.0,1.0,160000
22551,73.60019719603217,0.9725604057312012,48.62802028656006,-0.013602614,-0.19767374,-0.48667878,-0.35678697,-36.524796187877655,1.0,118107
35946,73.59964668111216,0.9725496172904968,48.62748086452484,-1.0,-1.0,-1.0,-0.3602059,-60.0,1.0,152174
6682,73.59933644613065,0.9725435376167296,48.62717688083649,-0.21955943,-1.0,-1.0,-0.6435101,-35.72813004255295,1.0,160000
11060,73.59887413510532,0.972534477710724,48.626723885536194,-1.0,0.06476593,-0.96652126,-0.81812763,-33.672521114349365,1.0774005055427551,90662
53959,73.59853044329996,0.9725277423858644,48.62638711929321,-1.0,-1.0,0.6174402,-0.70086694,-33.04620385169983,1.0,126332
6317,73.59812287950403,0.9725197553634644,48.62598776817322,-0.62372684,-1.0,1.0,-0.73944414,-34.45279598236084,1.0,156950
5556,73.59794342975161,0.9725162386894226,48.62581193447113,-0.3593889,-1.0,-0.19097656,-0.987098,-35.258671045303345,1.0,160000
7797,73.59676940223511,0.9724932312965392,48.624661564826965,-0.47027755,-1.0,-1.0,-0.5627794,-20.0,1.0,160000
509,73.59671769634716,0.972492218017578,48.624610900878906,-1.0,-0.9474509,-0.11945373,-0.7172912,-20.0,1.0,159853
15913,73.59653520496926,0.9724886417388916,48.62443208694458,-1.0,-0.29333985,-0.17854881,-0.84800005,-20.0,1.0,160000
42643,73.59576874103439,0.9724736213684082,48.62368106842041,-1.0,-0.5325315,-1.0,-0.21906668,-20.613160133361816,1.0,160000
33218,73.59574440884208,0.97247314453125,48.6236572265625,-1.0,-0.7701361,-0.9039637,-0.96506673,-26.360225677490234,1.0,160000
6019,73.59526384799459,0.9724637269973756,48.62318634986877,-1.0,-1.0,-0.63882375,0.1333906,-47.16261923313141,1.0,160000
22133,73.59491103111014,0.9724568128585817,48.62284064292908,-1.0,-1.0,-0.5769508,-0.625846,-50.91957449913025,1.2460098266601562,157409
42460,73.59467987519292,0.9724522829055786,48.62261414527893,-1.0,-0.71431494,-0.34982044,-0.80181926,-27.74336576461792,1.0,160000
32115,73.59433009975061,0.9724454283714294,48.62227141857147,-0.65831196,-1.0,-0.8340666,0.21436614,-60.0,1.0,160000
45309,73.59378262504552,0.97243469953537,48.621734976768494,-1.0,-1.0,-0.7996955,-0.6030139,-58.46528291702271,1.0,160000
45544,73.59334160366677,0.9724260568618774,48.62130284309387,-0.3529898,-0.2854873,-0.9997583,-0.81900465,-31.20893955230713,1.0,119773
27845,73.59322602563721,0.972423791885376,48.6211895942688,-1.0,-1.0,-0.99223477,-0.55654806,-60.0,1.0,111065
23871,73.59276067193696,0.9724146723747252,48.62073361873627,-0.014082551,-1.0,0.5332566,-0.8354614,-47.701746225357056,1.0,95513
55892,73.59272113207602,0.9724138975143432,48.62069487571716,-1.0,-1.0,0.4263751,-0.488141,-20.0,1.0,146922
59632,73.59267855068661,0.9724130630493164,48.62065315246582,-1.0,-0.16755569,-1.0,-0.63251424,-20.0,1.0,160000
27975,73.5924656437285,0.972408890724182,48.62044453620911,-1.0,-1.0,-1.0,0.5971522,-39.246846437454224,1.0,160000
40636,73.59228315203549,0.9724053144454956,48.62026572227478,-0.9984276,-0.5193303,-1.0,-0.8012295,-60.0,1.0,160000
21095,73.591367651838,0.9723873734474182,48.61936867237091,-1.0,-1.0,-0.17446536,-0.5680373,-54.10840272903442,1.0,160000
22529,73.59127032289332,0.9723854660987854,48.61927330493927,-0.038903832,-1.0,-0.5893901,-0.9884708,-20.0,1.1915428042411804,160000
52110,73.59107566499245,0.9723816514015198,48.61908257007599,-0.51245785,-0.940306,-0.20997226,-0.7590311,-50.401787757873535,1.0,132647
60770,73.59086884095589,0.972377598285675,48.61887991428375,-0.24007958,-1.0,-1.0,-0.5506003,-20.0,1.0,160000
53600,73.59063768465919,0.972373068332672,48.618653416633606,-1.0,-1.0,-1.0,0.09009661,-24.716405868530277,1.0,160000
13426,73.59026965945782,0.9723658561706544,48.61829280853272,-1.0,-0.19889003,-0.97831184,-0.75442505,-42.7755942940712,1.0,115754
53477,73.59019362118622,0.9723643660545348,48.618218302726746,-1.0,-1.0,-1.0,-0.37819326,-60.0,1.0,154680
55289,73.59018449659347,0.9723641872406006,48.61820936203003,-1.0,-1.0,0.36873806,-0.759052,-28.538739681243896,1.0,160000
15837,73.59009020913307,0.9723623394966124,48.61811697483063,-1.0,-1.0,-1.0,-0.4063146,-20.211950540542603,1.0,160000
55900,73.58977997294755,0.9723562598228456,48.61781299114227,-1.0,-1.0,-1.0,-0.5641284,-43.08936417102814,1.0,89152
4298,73.58913212666938,0.9723435640335084,48.617178201675415,-1.0,-1.0,-0.2268064,-0.31654853,-51.7933988571167,1.0,160000
31818,73.58910779441148,0.97234308719635,48.61715435981751,-1.0,-1.0,0.82878894,-0.28552747,-55.227943658828735,1.0,152271
14055,73.58908042062106,0.9723425507545472,48.61712753772736,-1.0,-1.0,-1.0,0.15748079,-58.822317123413086,1.0,160000
50073,73.58881884883053,0.9723374247550964,48.61687123775482,-0.8585469,-1.0,-0.5200101,-0.7758709,-60.0,1.0,160000
41363,73.5870425931457,0.9723026156425476,48.61513078212738,-0.54545707,-0.099763215,-0.21652943,0.09573978,-56.57803297042847,1.0,115494
58781,73.58629437547016,0.9722879528999328,48.61439764499664,-1.0,-0.9703755,-0.28935316,-0.79673684,-52.19218730926514,1.0,159990
39852,73.58618183864562,0.9722857475280762,48.61428737640381,-1.0,-1.0,-1.0,0.24554113,-32.76203155517578,1.0,107363
54291,73.58569823439515,0.9722762703895568,48.61381351947784,-0.019364953,-1.0,0.4656406,-0.8489676,-39.78436686098576,1.0,160000
11016,73.58531195923375,0.9722687005996704,48.61343502998352,-1.0,-1.0,0.043084025,-0.57334554,-60.0,1.0,160000
50198,73.58462761332653,0.972255289554596,48.6127644777298,0.103818655,-0.58777183,-0.7915096,-0.58967537,-31.865394115448,1.0,160000
42628,73.58460023948629,0.972254753112793,48.61273765563965,-1.0,-0.63231957,-0.7607763,0.017264858,-39.55516576766968,1.0,160000
15561,73.58442078874825,0.9722512364387512,48.61256182193756,-1.0,-1.0,-0.5457176,-0.79040504,-20.073633193969727,1.0,148101
41557,73.58403451338638,0.9722436666488647,48.61218333244324,-0.9028047,-1.0,-0.22718894,-0.38856852,-38.00648972392082,1.0,120214
46694,73.58388547799433,0.9722407460212708,48.61203730106354,-1.0,-0.6114025,-1.0,-0.13681965,-20.0,1.0,160000
4699,73.58373035951549,0.9722377061843872,48.61188530921936,-1.0,-0.71010506,-1.0,-0.9492998,-46.989575028419495,1.0,113320
57152,73.58365127950289,0.972236156463623,48.61180782318115,-0.89782083,-0.69384265,-0.5221678,-0.910606,-26.35622978210449,1.1953497529029846,145755
46790,73.58361478103468,0.9722354412078856,48.61177206039429,-0.58534217,-1.0,1.0,-0.7783524,-59.85049486160278,1.0,151441
31360,73.583426205607,0.9722317457199096,48.61158728599548,-0.91817534,-0.39068848,1.0,-0.53215456,-26.947991847991943,1.0,142894
18540,73.5824194559018,0.972212016582489,48.61060082912445,-0.28877014,-1.0,-0.53668326,-0.48145127,-20.0,1.0,121455
22931,73.58134579186515,0.9721909761428832,48.609548807144165,-0.49792433,-0.57080144,-0.25151122,-0.9302399,-44.065642058849335,1.0,160000
58243,73.58060365554337,0.972176432609558,48.60882163047791,-1.0,-0.90011543,-1.0,-0.52641183,-60.0,1.0,160000
31646,73.57962123703551,0.9721571803092957,48.60785901546478,-1.0,-0.98160356,-1.0,-0.8787384,-20.0,1.0,135944
46782,73.57953911534682,0.9721555709838868,48.607778549194336,-1.0,-0.22706282,-0.94315183,-0.7383385,-20.0,1.0,160000
51721,73.57870573212871,0.9721392393112184,48.60696196556091,-1.0,-1.0,-1.0,-0.49897993,-60.0,1.0,160000
34964,73.57601700478556,0.9720865488052368,48.60432744026184,-0.95600736,-1.0,0.27262038,-0.48708373,-28.28136920928955,1.0,160000
10511,73.57560031261536,0.9720783829689026,48.60391914844513,-1.0,-0.053984046,0.07527971,-0.05155161,-31.83488249778748,1.0,85165
41367,73.57550298304719,0.9720764756202698,48.60382378101349,-1.0,-0.9766921,0.01601082,0.018831164,-50.315083265304565,1.0,160000
45312,73.57516537107777,0.9720698595046996,48.603492975234985,-0.82481885,-1.0,-0.9705906,-0.28675315,-52.43066549301148,1.0,160000
30308,73.57508933233953,0.9720683693885804,48.603418469429016,-1.0,-1.0,-1.0,-0.7548164,-60.0,1.227036476135254,160000
25332,73.57453272870404,0.9720574617385864,48.60287308692932,-0.43287688,-0.72133756,-0.8396317,-0.59186506,-54.78208065032959,1.0,125751
21123,73.5744992716509,0.972056806087494,48.602840304374695,-0.9095101,-1.0,0.9800308,-0.76489973,-27.065720558166504,1.0,160000
37767,73.57431982017629,0.972053289413452,48.60266447067261,-1.0,-0.9122749,-1.0,-0.1511716,-28.9658260345459,1.0,160000
2842,73.57382708894141,0.9720436334609984,48.60218167304993,-0.34642208,-0.42466688,-1.0,-0.5624136,-60.0,1.0,145275
49587,73.573306983642,0.972033441066742,48.6016720533371,-1.0,-0.99870133,-1.0,0.11830016,-49.56031799316406,1.0,142148
59040,73.5732735265722,0.9720327854156494,48.60163927078247,-1.0,-0.31677544,0.3081296,-0.4811166,-40.79887092113495,1.0,84749
59837,73.57298153758002,0.972027063369751,48.60135316848755,-1.0,-1.0,-1.0,-0.6228703,-31.24611616134644,1.0,160000
31539,73.57205690554282,0.9720089435577391,48.60044717788696,-1.0,-1.0,-0.22736633,-0.39620405,-37.26904720067978,1.0,109220
20193,73.57200824068913,0.9720079898834229,48.60039949417114,-1.0,-0.59018373,-1.0,-0.90048295,-44.02886390686035,1.0,160000
61087,73.57198086670851,0.97200745344162,48.600372672080994,-1.0,-0.08128393,-1.0,-0.4912185,-23.91066551208496,1.0750255584716797,97846
10512,73.57169800222424,0.9720019102096558,48.60009551048279,-1.0,-0.8072385,-1.0,0.3461016,-23.40885281562805,1.0,160000
60364,73.57033842731371,0.9719752669334412,48.59876334667206,-1.0,-0.115003765,-1.0,-0.20656759,-20.0,1.0,160000
10143,73.57010118597717,0.9719706177711488,48.59853088855744,-0.9694757,-0.82590747,-0.35291836,-0.19358179,-60.0,1.0,138947
37994,73.56961149545374,0.9719610214233398,48.59805107116699,-1.0,-1.0,-1.0,-0.5955862,-53.60062837600708,1.0,160000
8031,73.56935904626383,0.9719560742378236,48.59780371189117,-1.0,-0.17547399,-1.0,-0.68357545,-43.554675579071045,1.0,160000
52725,73.56916438662982,0.971952259540558,48.59761297702789,-1.0,-1.0,-0.5581787,-0.47119847,-36.42098367214203,1.0,111299
39857,73.56906097369298,0.9719502329826356,48.597511649131775,-0.48869658,-0.4554798,0.7386161,-0.95858383,-42.51535713672638,1.0,160000
59839,73.56887239714993,0.9719465374946594,48.59732687473297,-1.0,-0.039345384,-1.0,-0.7595494,-36.138350665569305,1.0,160000
29614,73.56831275054992,0.9719355702400208,48.59677851200104,-1.0,-0.23802447,-0.11722946,-0.50805914,-44.78162437677384,1.0,160000
32149,73.56807855057626,0.971930980682373,48.59654903411865,-0.48176843,-0.05048418,-0.6635121,0.10031077,-20.0,1.0,114571
15159,73.56797513759378,0.9719289541244508,48.59644770622253,-1.0,-1.0,0.9995367,-0.75565004,-20.0,1.0,160000
34034,73.56672809834507,0.9719045162200928,48.59522581100464,-0.88324237,-1.0,-1.0,-0.6432816,-27.640221118927,1.0,160000
2131,73.56633269552444,0.971896767616272,48.5948383808136,-0.48016787,-0.6980629,-1.0,0.24313092,-20.0,1.0,160000
48820,73.56580954707947,0.9718865156173706,48.59432578086853,-0.9236556,-0.10036147,-0.14105755,-0.33894646,-30.657970905303955,1.0,160000
44345,73.5657912977131,0.971886157989502,48.5943078994751,-0.45435637,-0.7317997,-1.0,-0.67206943,-20.0,1.0,143723
15152,73.5650917385669,0.9718724489212036,48.59362244606018,-1.0,-1.0,0.91652703,-0.65284294,-26.1293363571167,1.0,160000
30200,73.56480279016586,0.97186678647995,48.5933393239975,-1.0,-1.0,0.02760017,-0.38285482,-20.0,1.0,114360
49583,73.5647297926697,0.9718653559684752,48.59326779842377,-1.0,-0.82522446,-1.0,0.1512906,-28.54066491127014,1.0,160000
51885,73.56406673198032,0.9718523621559144,48.59261810779572,-0.8461374,-0.7333784,0.7735553,-0.52453196,-25.879430770874023,1.0,123458
46316,73.56361962214848,0.9718436002731324,48.592180013656616,-0.77104014,-1.0,-0.48709756,0.035908684,-54.89553332328797,1.0,96417
6314,73.56354966618105,0.9718422293663024,48.592111468315125,-0.13109708,-0.49424767,-1.0,-0.92457503,-35.71597456932068,1.0,160000
10627,73.56296568585353,0.9718307852745056,48.59153926372528,-1.0,-1.0,0.058865905,-0.87794065,-60.0,1.4070797562599182,160000
34721,73.56219616989767,0.9718157052993774,48.59078526496887,-1.0,-0.95844716,0.5158479,-0.6652142,-52.283387184143066,1.0,88641
60768,73.56205017474845,0.9718128442764282,48.59064221382141,-1.0,-0.46770185,-0.14119303,-0.47162998,-60.0,1.0,130356
44516,73.56184334827219,0.9718087911605836,48.590439558029175,-0.37557876,-1.0,-1.0,-0.4982564,-20.0,1.0,160000
16288,73.56173993502755,0.9718067646026612,48.59033823013306,-1.0,-1.0,-1.0,-0.9156978,-54.94664788246155,1.0,144841
32114,73.56172472719709,0.9718064665794371,48.59032332897186,-0.3254668,-1.0,-1.0,-0.9008974,-22.656949758529663,1.4189765453338623,160000
5198,73.5614753187641,0.9718015789985656,48.59007894992829,-0.1237815,-1.0,-1.0,-0.8887834,-60.0,1.0,117840
39419,73.5607514258519,0.9717873930931092,48.58936965465546,-0.7686169,-1.0,0.46029496,-0.6924838,-21.402390003204346,1.0,160000
31534,73.56069059450503,0.9717862010002136,48.58931005001068,-1.0,-1.0,-1.0,-0.27393377,-25.88210821151733,1.055149793624878,160000
5601,73.56049593418496,0.971782386302948,48.5891193151474,-0.29874766,-1.0,-1.0,-0.79806036,-60.0,1.0,104000
26564,73.55947700882061,0.9717624187469482,48.58812093734741,-0.5410056,-1.0,-1.0,-0.54559416,-52.77918577194214,1.0,84341
29482,73.55909985425033,0.971755027770996,48.587751388549805,-1.0,-0.7332219,-0.020227432,-0.9191713,-20.0,1.0,160000
53965,73.55868620078415,0.9717469215393066,48.58734607696533,-1.0,-1.0,-0.59249914,-0.8404543,-41.48963361978531,1.23348867893219,160000
29579,73.55852499757628,0.9717437624931335,48.58718812465668,-1.0,-0.53787625,-1.0,-0.33085346,-20.0,1.0,160000
24950,73.55851891443615,0.971743643283844,48.5871821641922,-1.0,-0.86978626,-1.0,-0.668186,-45.941203236579895,1.0,160000
22936,73.55790451720586,0.9717316031455994,48.58658015727997,-1.0,-0.49835485,-0.10631001,-0.9802679,-30.947609543800358,1.0364190340042114,160000
6788,73.55667572228468,0.97170752286911,48.58537614345551,-1.0,-1.0,0.8046995,-0.8506185,-60.0,1.0,98515
48743,73.55659968297482,0.9717060327529908,48.585301637649536,-0.57311314,-1.0,0.6908806,-0.9073616,-25.747791528701782,1.0,91732
41953,73.5562681515564,0.9716995358467102,48.58497679233551,-1.0,-0.94794524,-0.41321278,-0.84970677,-27.864410877227783,1.0,160000
27843,73.55584233132033,0.9716911911964417,48.58455955982208,-0.8261284,-1.0,0.20325732,-0.30742145,-20.0,1.0,160000
16762,73.55584233132033,0.9716911911964417,48.58455955982208,-1.0,-1.0,0.80641735,-0.84603006,-29.595149755477905,1.0,160000
57622,73.55476257253402,0.9716700315475464,48.58350157737732,-1.0,0.21852505,-1.0,-0.5279094,-22.60697364807129,1.0,160000
761,73.55471086576334,0.9716690182685852,48.58345091342926,-1.0,-1.0,-1.0,-0.60528183,-40.79782389104366,1.0,130079
1138,73.5545101218198,0.97166508436203,48.5832542181015,-0.50156087,0.09948349,-1.0,-0.9350046,-20.134410858154297,1.0,102647
6424,73.55446753976906,0.9716642498970032,48.58321249485016,-0.34728312,-1.0,-0.4433219,-0.8643443,-42.48082682490349,1.0,130629
54896,73.55416034066691,0.9716582298278807,48.58291149139404,-1.0,-1.0,-0.13919067,-0.6081853,-26.721529960632324,1.0,140805
22164,73.55402651134307,0.9716556072235109,48.58278036117554,-1.0,-0.41529614,-0.809974,-0.7255702,-40.03602979704738,1.0,89432
49684,73.5528494212946,0.9716325402259828,48.58162701129913,-1.0,-1.0,-0.388657,-0.70491624,-39.169088304042816,1.0,115680
32145,73.55237797680186,0.9716233015060424,48.58116507530213,-0.8209236,-1.0,-0.71173155,0.16430905,-60.0,1.0,160000
42567,73.55234451944733,0.97162264585495,48.5811322927475,-1.0,-1.0,0.532222,-0.8542973,-55.87780833244324,1.0,160000
37872,73.5513347154417,0.9716028571128844,48.58014285564423,-0.85826063,-0.538029,-1.0,0.114390835,-60.0,1.0,110285
59476,73.55131038280993,0.9716023802757264,48.58011901378632,-1.0,-1.0,-0.22026289,-0.9867095,-37.962127178907394,1.0,160000
14534,73.55114917911844,0.9715992212295532,48.57996106147766,-1.0,-0.9700866,-1.0,0.24499044,-20.0,1.0,160000
53780,73.55086327065847,0.9715936183929444,48.57968091964722,-0.4211238,-1.0,-0.7809676,1.0,-29.65166211128235,1.0,160000
7792,73.55007550143182,0.9715781807899476,48.578909039497375,-1.0,-0.11421484,-0.8192735,-0.6553216,-23.24881911277771,1.0,158282
45303,73.5485090869685,0.9715474843978882,48.57737421989441,-1.0,-0.36687493,-1.0,-0.9223,-48.35513234138489,1.0,103596
16659,73.5483022593531,0.9715434312820436,48.57717156410217,-1.0,-1.0,-0.9942335,-0.7472629,-37.53910571336746,1.0,160000
29543,73.54808326538841,0.9715391397476196,48.57695698738098,-1.0,-0.6642496,-1.0,-0.926987,-52.71365523338318,1.0,160000
22162,73.54783689715482,0.9715343117713928,48.57671558856964,-1.0,-0.99975836,-0.08567405,-0.5776285,-35.65697908401489,1.0,160000
50744,73.54700350319393,0.9715179800987244,48.57589900493622,-1.0,-1.0,-0.099463105,-0.74952996,-34.430219531059265,1.0,133331
12080,73.54691833883166,0.9715163111686708,48.57581555843353,-1.0,-0.9252451,-1.0,0.011104628,-45.38511633872986,1.0,146018
10626,73.54687879823388,0.9715155363082886,48.57577681541443,-1.0,-1.0,-1.0,-0.5244416,-54.898860454559326,1.0,160000
9721,73.54662026354043,0.9715104699134828,48.57552349567413,-1.0,-0.2441693,-1.0,-0.91688395,-30.818675756454468,1.0,160000
31533,73.54638301991545,0.9715058207511902,48.57529103755951,-1.0,-1.0,-1.0,-0.14319138,-44.75930839776993,1.0,160000
22324,73.54624006541242,0.9715030193328856,48.57515096664429,-1.0,-0.7399293,-0.8720511,-0.5576544,-28.053253889083862,1.0,120506
26003,73.5462218159008,0.9715026617050172,48.57513308525085,-1.0,-0.6802877,0.9289194,-0.80751324,-32.72291302680969,1.0,160000
45082,73.546021071264,0.971498727798462,48.574936389923096,-1.0,-1.0,-0.29882282,-0.9186156,-45.631176233291626,1.0,160000
16953,73.545303256974,0.9714846611022948,48.574233055114746,-1.0,-1.0,-1.0,-0.6585451,-38.40581715106964,1.0,141329
400,73.54509338750215,0.9714805483818054,48.57402741909027,-0.9961344,-1.0,-0.17786705,-0.85914564,-28.6579704284668,1.0,160000
42499,73.54485614372977,0.9714758992195128,48.57379496097565,-0.53328997,-0.5127527,1.0,-0.9906419,-41.151129603385925,1.0,120566
32313,73.54453981866433,0.9714697003364564,48.573485016822815,-0.6149003,-0.651385,0.64708596,-0.90065706,-20.0,1.0,131484
58285,73.54359996798925,0.9714512825012208,48.57256412506104,-0.88164276,-1.0,-1.0,-0.45389438,-37.201701402664185,1.0,160000
41810,73.54359996798925,0.9714512825012208,48.57256412506104,-0.46938962,-1.0,-0.8320591,-0.8978324,-28.830240964889526,1.0,160000
6618,73.54356346892666,0.9714505672454834,48.57252836227417,-1.0,-1.0,1.0,-0.7129492,-48.04616093635559,1.0,110436
54897,73.54265707536506,0.9714328050613404,48.57164025306702,-1.0,-0.26920652,-1.0,-0.27172637,-57.81830549240112,1.0,107296
15320,73.5418480123733,0.97141695022583,48.570847511291504,-1.0,-0.98684096,-1.0,-0.6717432,-20.0,1.0,160000
60764,73.54174459828748,0.9714149236679076,48.570746183395386,-1.0,-1.0,0.013389826,-0.40819922,-28.283132314682007,1.0,132819
58697,73.54157426919548,0.9714115858078004,48.570579290390015,-1.0,-1.0,-0.30658352,-0.66670084,-31.06894314289093,1.0,148318
26310,73.54049450414111,0.971390426158905,48.56952130794525,-0.2878685,-1.0,-1.0,-0.39560524,-60.0,1.0,160000
53649,73.54036675725823,0.9713879227638244,48.56939613819122,-1.0,-0.5974863,-0.63607085,-0.24608898,-32.2300660610199,1.0,106373
17158,73.539667190877,0.971374213695526,48.56871068477631,-0.5089292,-1.0,-0.107085526,-0.37057424,-60.0,1.0,160000
13804,73.53931740761169,0.971367359161377,48.56836795806885,-1.0,-0.94500077,-0.9181845,0.08124456,-35.4852819442749,1.0,160000
40649,73.53930524123635,0.971367120742798,48.56835603713989,-0.80304575,-1.0,-0.44898957,-0.31927532,-20.0,1.0,160000
23604,73.53929915804866,0.9713670015335084,48.568350076675415,-1.0,-0.9385152,0.09441334,-0.27840987,-45.57533621788025,1.0,160000
60524,73.53925353414049,0.9713661074638368,48.56830537319183,-1.0,-1.0,-1.0,-0.5811025,-60.0,1.0,160000
51673,73.53912882878714,0.9713636636734008,48.56818318367005,-0.14264613,-1.0,-0.67115647,-0.6704335,-27.249523401260376,1.0,130113
32444,73.53903149777526,0.971361756324768,48.5680878162384,-1.0,-1.0,0.15530342,-0.8924222,-36.71415060758591,1.0,160000
35862,73.53884596052316,0.9713581204414368,48.56790602207184,-0.7798803,-1.0,-1.0,0.031431407,-60.0,1.0,116526
50749,73.53737078679075,0.9713292121887208,48.56646060943604,-0.5790559,-1.0,-1.0,-0.6477167,-20.0,1.0,160000
8921,73.53702708639184,0.9713224768638612,48.566123843193054,-1.0,-1.0,-0.25337636,0.1475665,-54.315032958984375,1.0,96024
25185,73.53694800487733,0.9713209271430968,48.566046357154846,-0.9870051,-1.0,-0.74531937,-0.5119508,-44.498581290245056,1.0,160000
23790,73.53694800487733,0.9713209271430968,48.566046357154846,-1.0,-0.5752853,-0.8939037,0.25309813,-57.81447887420654,1.0,120755
60557,73.53663167879381,0.9713147282600404,48.565736413002014,-0.67735195,-0.40573096,0.5928877,-0.8048744,-60.0,1.1364633440971377,160000
41114,73.53597165212301,0.971301794052124,48.5650897026062,-0.47877508,-1.0,-1.0,-0.89550734,-52.564412355422974,1.0,158944
61083,73.53386382382561,0.9712604880332948,48.563024401664734,-1.0,-1.0,-0.72088045,-0.62806195,-28.417081832885746,1.0,160000
46080,73.53188069944719,0.9712216258049012,48.561081290245056,-1.0,-0.7027715,-1.0,-0.7679733,-26.594905853271484,1.0,160000
48121,73.53182290898883,0.9712204933166504,48.56102466583252,-0.10532981,-1.0,-0.93658227,-0.6120142,-20.0,1.6571489572525024,160000
39528,73.53067318274537,0.9711979627609252,48.559898138046265,-1.0,-1.0,-0.6566974,-0.95602334,-27.34918594360352,1.3251105546951294,160000
28247,73.53034164782918,0.9711914658546448,48.55957329273224,-0.89076793,-1.0,0.09086096,-0.35196638,-60.0,1.0,123966
49540,73.5296877026798,0.971178650856018,48.5589325428009,-1.0,-1.0,-1.0,-0.9508346,-22.60885715484619,1.0,160000
40335,73.52906721502823,0.971166491508484,48.558324575424194,-1.0,-1.0,0.27594984,-0.079119846,-29.285807609558105,1.0,160000
56238,73.52883301131507,0.9711619019508362,48.55809509754181,-0.515608,-0.5165312,-0.8664076,-0.48740685,-20.0,1.0,137698
623,73.52844672721992,0.9711543321609496,48.557716608047485,-1.0,-1.0,-1.0,0.054367125,-40.80694958567619,1.0,78786
56397,73.52745516304392,0.9711349010467528,48.55674505233765,-1.0,-1.0,-0.84418523,-0.8979174,-47.71274209022522,1.0,156571
20191,73.52696850563319,0.9711253643035888,48.55626821517944,-0.80829304,-1.0,-0.46239856,-0.9522249,-21.25931978225708,2.735401153564453,158315
56791,73.5265274722714,0.9711167216300964,48.55583608150482,-1.0,-1.0,-1.0,-0.60135365,-58.54467034339905,1.0,160000
48749,73.5264301407602,0.9711148142814636,48.55574071407318,-0.64696836,-0.06427777,-1.0,-0.84811294,-36.48129820823669,1.0,160000
9724,73.52537774354897,0.9710941910743712,48.55470955371857,-1.0,-0.24548435,0.065904975,-0.92866504,-48.03423464298248,1.2131080627441406,160000
46207,73.52469642257057,0.9710808396339417,48.55404198169708,-1.0,-1.0,-0.9758679,-0.7069347,-25.71563005447388,1.0,145967
61263,73.52364706622957,0.971060276031494,48.55301380157471,-0.5763529,-0.8544122,-0.7529495,-0.7598889,-33.12803864479065,1.0,160000
47683,73.5233550713419,0.9710545539855956,48.552727699279785,-0.6681761,-1.0,0.28489256,-0.71591353,-40.97098529338837,1.0,126945
13802,73.52059632626217,0.9710004925727844,48.55002462863922,-0.77817607,-1.0,-1.0,-0.8239419,-41.59494459629059,1.0,160000
48356,73.52053853553826,0.9709993600845336,48.549968004226685,-1.0,-0.9848899,-1.0,-0.65931165,-51.35560154914856,1.0,140259
2443,73.51948309418351,0.9709786772727966,48.54893386363983,-1.0,-1.0,0.97293013,-0.9146836,-40.21943312138319,1.0,158645
6438,73.51904510109617,0.970970094203949,48.54850471019745,-0.25036955,-1.0,-1.0,-0.85614246,-22.54385590553284,1.0,160000
60430,73.51884131261917,0.970966100692749,48.54830503463745,-0.6647985,-1.0,-0.3551871,-0.6308348,-25.715436935424805,1.0,143764
49693,73.51873181432603,0.9709639549255372,48.548197746276855,-0.07342142,-0.55648065,-0.7122889,-0.50435424,-20.0,1.0,160000
48228,73.5186162327891,0.9709616899490356,48.54808449745178,-0.6128448,-1.0,-0.539697,-0.8939266,-20.0,1.1651692390441897,160000
51269,73.51859798307224,0.970961332321167,48.54806661605835,-1.0,-1.0,-0.5016762,-0.6791388,-42.263043224811554,1.0,127653
15538,73.51800182558033,0.970949649810791,48.54748249053955,0.05777335,-1.0,0.562467,-0.6179446,-56.97007775306702,1.0,160000
55883,73.51754862412481,0.9709407687187196,48.54703843593597,-0.6148312,-1.0,-0.16683018,0.30402628,-34.37142312526703,1.0,96345
31644,73.51726271175414,0.9709351658821106,48.54675829410553,-1.0,0.096785426,-1.0,-0.25659662,-20.0,1.0,160000
8174,73.51690684205477,0.970928192138672,48.5464096069336,-0.19425523,-0.084043026,-1.0,-0.78751737,-58.23750972747803,1.0,142278
47966,73.5163167673968,0.9709166288375854,48.54583144187927,-1.0,-0.70016265,-0.09330422,-0.69398725,-60.0,1.0,160000
56107,73.51531911507513,0.9708970785140992,48.54485392570496,-0.773101,-0.14351517,-1.0,-0.62548566,-20.0,1.0,160000
56636,73.51507882680292,0.970892369747162,48.54461848735809,-0.48713952,-1.0,-0.78417593,-0.96956223,-60.0,1.0,160000
57377,73.51486591312434,0.9708881974220276,48.54440987110138,-0.032466054,-0.5630491,0.3756863,-0.74951756,-20.0,1.0,160000
9932,73.51439141971709,0.9708788990974426,48.54394495487213,-0.42303693,-1.0,-0.08476871,0.25439882,-26.652592420578003,1.0,97980
56176,73.51417242272895,0.9708746075630188,48.54373037815094,-1.0,-1.0,0.08558023,-0.60258937,-26.681671142578125,1.0,122280
34223,73.51334510059743,0.97085839509964,48.542919754982,-0.11728871,-0.2781633,-0.48472497,-0.2761863,-20.0,1.0,117482
54686,73.5127611083367,0.970846951007843,48.54234755039215,-1.0,-1.0,0.6262877,-0.40606678,-40.71770504117012,1.0,160000
38800,73.51246911215424,0.9708412289619446,48.54206144809723,-1.0,-1.0,-1.0,-0.8609642,-60.0,1.0,135919
55349,73.51079621668922,0.970808446407318,48.54042232036591,-1.0,-1.0,-1.0,-0.8898593,-60.0,1.0,160000
6348,73.51036430531121,0.97079998254776,48.539999127388,-1.0,-1.0,0.068003,0.019421875,-60.0,1.0,160000
39285,73.50901686298859,0.9707735776901244,48.53867888450623,-0.77276945,-0.09659386,-1.0,-0.5382495,-27.08443522453308,1.0,160000
32449,73.50862145087991,0.9707658290863036,48.53829145431519,-1.0,-1.0,-0.3852774,-0.9025142,-20.0,1.0,149446
61143,73.50733179863654,0.970740556716919,48.53702783584595,-0.4684052,-1.0,-0.7607003,-0.8400451,-21.56035661697388,1.0,106724
33976,73.5072527161656,0.9707390069961548,48.53695034980774,-1.0,0.030148983,-0.9491775,-0.806242,-37.57616177201271,1.1166069507598877,134773
20157,73.50667784735793,0.9707277417182922,48.53638708591461,-0.5057057,-1.0,-0.23680115,-0.82775056,-60.0,1.0,118102
13423,73.5060756037007,0.9707159399986268,48.535796999931335,-0.9025203,-1.0,-0.26907033,-0.20098357,-29.64362859725952,1.0,160000
26896,73.50571060747285,0.9707087874412536,48.53543937206268,-0.47687298,-1.0,0.35739022,-0.75631464,-47.6271778345108,1.0,160000
58250,73.50396166646107,0.9706745147705078,48.53372573852539,-1.0,-1.0,0.7430204,-0.63208485,-27.431029081344604,1.0,101449
34986,73.50332596411482,0.9706620573997498,48.53310286998749,-0.023825884,-0.48493457,-0.5908096,-0.5158153,-22.090998888015747,1.0,160000
49307,73.50313129924858,0.970658242702484,48.53291213512421,-1.0,-0.32960755,-0.57195234,-0.63262796,-55.85685253143311,1.0,160000
22560,73.50216709960527,0.9706393480300904,48.53196740150452,-1.0,-0.75668633,-1.0,-0.67528915,-20.0,1.0,160000
10037,73.50206368384815,0.970637321472168,48.5318660736084,-1.0,-1.0,-1.0,-0.6233921,-44.503933787345886,1.0,160000
41473,73.50138843967984,0.9706240892410278,48.53120446205139,-0.43072504,-0.69748604,-1.0,-0.5643219,-35.07396250963211,1.0,160000
28675,73.50116031660801,0.9706196188926696,48.53098094463349,-0.024787068,-1.0,-0.4543167,-0.47236902,-38.86186942458153,1.0,160000
45076,73.50076794487484,0.9706119298934937,48.53059649467468,-0.06935966,-0.7442515,0.18586999,-0.990788,-20.0,1.143510103225708,143147
24504,73.50064323756665,0.970609486103058,48.53047430515289,-0.7656683,-0.56217897,0.428033,-0.83797765,-60.0,1.0,94000
34755,73.50057936308927,0.9706082344055176,48.53041172027588,-1.0,-0.64379144,1.0,-0.59650266,-32.96604633331299,1.0,160000
9806,73.49917108252264,0.9705806374549866,48.52903187274933,-0.76532805,-0.6299832,-1.0,0.0785051,-20.0,1.0,160000
41501,73.49902812527088,0.970577836036682,48.528891801834106,-1.0,-0.39055753,-1.0,-0.21239862,-60.0,1.0,160000
56179,73.49877566882725,0.9705728888511658,48.52864444255829,-1.0,-0.500666,-0.07454914,-0.52983326,-36.59568130970001,1.0,156157
19342,73.49854146222377,0.970568299293518,48.5284149646759,0.17338121,-0.05880153,0.27359682,-0.33240038,-57.211060523986816,1.0,123449
15752,73.49659785071651,0.9705302119255066,48.52651059627533,-0.20865417,-1.0,-1.0,-0.17858799,-43.97849351167679,1.0,160000
11187,73.49412803230692,0.970481812953949,48.52409064769745,-0.1468724,-1.0,0.19660383,-0.6552891,-20.0,1.0,160000
51886,73.49410978240793,0.9704814553260804,48.524072766304016,-1.0,-1.0,-1.0,-0.9031372,-20.0,1.0,160000
2351,73.49385428380792,0.9704764485359192,48.52382242679596,-1.0,-1.0,-0.1454559,-0.4663033,-60.0,1.0,160000
45749,73.49374478439977,0.9704743027687072,48.52371513843536,-0.49234098,-1.0,-0.47364393,-0.3685159,-30.51175832748413,1.0,160000
18577,73.4935501187732,0.9704704880714417,48.52352440357208,-0.6474391,-1.0,-0.056127608,-0.2926254,-58.78738045692444,1.0,127783
40298,73.49320641223856,0.970463752746582,48.5231876373291,-0.23004907,-1.0,-0.23860198,-0.7450268,-53.98687362670898,1.0,160000
17746,73.49228175017178,0.9704456329345704,48.52228164672852,-0.22210413,-1.0,0.07980698,-0.5000851,-32.17768609523773,1.0,160000
6689,73.49227870851968,0.9704455733299256,48.52227866649628,-1.0,-1.0,-0.41816628,-0.1924558,-60.0,1.0,160000
61085,73.49129321303717,0.9704262614250184,48.52131307125092,-1.0,-0.29885423,1.0,-0.70449084,-60.0,1.0,160000
15025,73.49063317417466,0.970413327217102,48.5206663608551,-0.8980187,-1.0,-0.5542788,-0.40532172,-28.15271496772766,1.0,122465
7690,73.48958380326715,0.9703927636146544,48.51963818073273,-1.0,-1.0,-1.0,-0.976468,-60.0,1.0,160000
55986,73.48909105503391,0.9703831076622008,48.519155383110046,-1.0,-1.0,0.0032808185,-0.777438,-24.07191514968872,1.0,153355
16317,73.48893288891335,0.9703800082206726,48.51900041103363,-1.0,-1.0,0.28536862,-0.8303897,-52.10069537162781,1.0,94763
36205,73.488604390015,0.9703735709190368,48.51867854595184,-1.0,-1.0,-1.0,-0.23918934,-31.683212518692017,1.0,122690
3426,73.48798085031837,0.970361351966858,48.518067598342896,-1.0,-1.0,-1.0,-0.61478305,-23.667709827423096,1.0,160000
37871,73.4878774339631,0.9703593254089355,48.51796627044678,-1.0,0.1172173,-1.0,-0.6416098,-44.34732645750046,1.0,129241
24859,73.48780443418029,0.9703578948974608,48.51789474487305,0.13664103,0.151901,0.062409043,-0.6441986,-28.70373845100403,1.0,144072
34934,73.487661476266,0.9703550934791564,48.51775467395783,-0.6104506,-1.0,-1.0,-0.6477747,-49.82566714286804,1.0,160000
33977,73.48734514383027,0.9703488945961,48.51744472980499,-1.0,-0.25614512,-0.8450448,-0.82713246,-56.803345680236816,1.1372799277305603,153162
32589,73.48698318647394,0.9703418016433716,48.51709008216858,-0.9033762,-0.46571827,-0.9235887,-0.86178184,-50.665212869644165,1.0,160000
8927,73.4857999809615,0.970318615436554,48.5159307718277,-1.0,-1.0,0.18177146,-0.25946915,-54.77660655975342,1.0,160000
39418,73.48578781432087,0.9703183770179749,48.51591885089874,-1.0,-0.84326476,-1.0,-0.98479617,-34.93264019489288,1.0,158043
48373,73.48426394210513,0.9702885150909424,48.51442575454712,-0.95281386,-0.4015249,-1.0,-0.37832558,-37.67549753189087,1.0,160000
24337,73.48414835894434,0.9702862501144408,48.514312505722046,-1.0,-1.0,-1.0,-0.9570172,-53.55671048164368,1.0,160000
42576,73.48392023426888,0.9702817797660828,48.51408898830414,-0.59651524,-0.84279245,0.07603109,-0.6992353,-60.0,1.0,160000
6190,73.48373165118781,0.9702780842781068,48.51390421390533,-1.0,-1.0,-1.0,-0.7168907,-43.02518159151077,1.0,160000
33862,73.48372556786236,0.9702779650688172,48.51389825344086,-0.45543844,-0.17007327,-0.4474367,-0.2777121,-28.88540387153625,1.0,136454
49672,73.48364648463031,0.970276415348053,48.51382076740265,-1.0,-0.5697185,-0.29497868,-0.72337234,-40.01906484365463,1.0,160000
21677,73.48308377694393,0.9702653884887696,48.51326942443848,-1.0,-1.0,-0.35381907,-0.8463807,-22.488566637039185,1.0,160000
39859,73.48145344475577,0.97023344039917,48.511672019958496,-1.0,-1.0,0.6040344,0.12791066,-25.5956768989563,1.0,99208
23454,73.4813561114565,0.9702315330505372,48.511576652526855,-1.0,-0.2476809,0.49917358,-0.7402165,-41.87313124537468,1.0,160000
30145,73.47948244469245,0.9701948165893556,48.50974082946777,-0.5206801,-1.0,-1.0,-0.9625947,-20.0,7.723312139511108,160000
57781,73.47834181893185,0.9701724648475648,48.50862324237824,-1.0,-0.8305658,-1.0,-0.5805821,-22.088170051574707,1.0,148270
51888,73.4783083605682,0.9701718091964722,48.50859045982361,-1.0,-1.0,-1.0,-0.90576005,-45.147693157196045,1.0,160000
12072,73.4782961938904,0.9701715707778932,48.50857853889465,-1.0,-0.3541925,-0.10501909,-0.03418468,-33.9552766084671,1.0,160000
21241,73.47798898525576,0.9701655507087708,48.50827753543854,-1.0,-1.0,-0.44226092,-0.5048333,-47.4946129322052,1.0,160000
48737,73.47675710866079,0.9701414108276368,48.50707054138184,-0.05683124,0.042492628,0.087002754,-0.42166182,-48.782944679260254,1.0,160000
9168,73.47654419165569,0.9701372385025024,48.50686192512512,-1.0,-0.8050222,-1.0,-0.81687045,-46.81824803352356,1.0,122654
11249,73.47627044119339,0.9701318740844728,48.50659370422363,-1.0,0.08934057,0.7537941,-0.76948106,-20.0,1.0,147357
20405,73.47579594031964,0.9701225757598876,48.50612878799439,-0.8245015,-1.0,-0.82594746,-0.51997215,-39.17010210454464,1.0672376155853271,160000
55950,73.47509635553051,0.9701088666915894,48.50544333457947,0.03373468,0.06987476,-1.0,-0.7197116,-34.72060978412628,1.0,160000
32223,73.4746157710814,0.9700994491577148,48.50497245788574,-0.08059013,-0.7391468,-0.96167016,-0.78150094,-33.73357534408569,1.0,160000
55382,73.47346601802957,0.9700769186019896,48.50384593009949,-1.0,-1.0,-0.64461565,-0.38791975,-54.21743631362915,1.0,160000
15038,73.47153455335524,0.9700390696525574,48.50195348262787,-0.47051245,-1.0,-0.80136144,-0.036873832,-31.57874345779419,1.0,159211
39604,73.47139159449206,0.9700362682342528,48.50181341171265,-1.0,-1.0,-1.0,0.09833953,-38.19618701934815,1.0,131332
5031,73.47087146749396,0.9700260758399964,48.50130379199982,-0.25548857,-0.91499794,-1.0,-0.9463868,-26.077197790145878,1.0,133255
52229,73.47063117486691,0.9700213670730592,48.50106835365296,-0.94680125,-1.0,-0.53736514,0.12227155,-45.05513608455658,1.0,119808
43795,73.4705003826676,0.9700188040733336,48.50094020366669,-1.0,-1.0,-0.8414117,-0.5758554,-25.98111867904663,1.0,121279
48969,73.47041825732958,0.9700171947479248,48.50085973739624,-1.0,-0.20902634,0.05020517,-0.5476288,-60.0,1.0,153992
23017,73.46981904644664,0.970005452632904,48.5002726316452,-0.8677667,-1.0,-1.0,-0.0012185574,-45.529664754867554,1.0,160000
14052,73.46956050363465,0.970000386238098,48.50001931190491,-1.0,-1.0,0.3479374,0.279496,-20.0,1.0,106757
7917,73.46933846096258,0.9699960350990297,48.49980175495148,-1.0,-1.0,-1.0,-0.007054597,-26.127195358276367,1.5587852001190186,160000
19328,73.4688274585723,0.9699860215187072,48.49930107593536,-1.0,-1.0,-0.7458586,0.41807002,-60.0,1.0,160000
19552,73.467270117297,0.9699555039405824,48.49777519702912,-1.0,-1.0,0.1458568,-0.9816245,-51.82536244392395,1.0,160000
7765,73.46675607279158,0.9699454307556152,48.49727153778076,-1.0,-0.81646204,-0.06837273,-0.9568026,-60.0,1.0,160000
36852,73.46632111197198,0.9699369072914124,48.49684536457062,-1.0,-1.0,-1.0,-0.26179102,-20.0,1.0,160000
14500,73.46630894523466,0.9699366688728333,48.49683344364166,-1.0,0.16768551,-0.8583182,-0.90922844,-20.58159589767456,2.431472599506378,160000
15838,73.46620552796497,0.9699346423149108,48.49673211574554,-0.36645085,-0.68568575,0.12950855,-0.3319311,-60.0,1.0,160000
2457,73.4654846486403,0.9699205160140992,48.49602580070496,-0.6316912,-1.0,-1.0,-0.054877013,-60.0,1.0,160000
55888,73.46493106184192,0.96990966796875,48.4954833984375,-0.5802579,-1.0,0.7949634,-0.012340806,-55.24434804916382,1.0,160000
19978,73.4648732698063,0.9699085354804992,48.49542677402496,-0.87588644,-1.0,-1.0,-0.9748499,-41.6723482310772,1.0,136541
14532,73.46379042930799,0.9698873162269592,48.49436581134796,-1.0,-0.35136026,-0.14879417,-0.55544674,-32.74067580699921,1.0,160000
24473,73.46351667742081,0.9698819518089294,48.49409759044647,-0.64767236,-1.0,1.0,-0.5631064,-60.0,1.0,117908
6789,73.46348321885473,0.9698812961578368,48.494064807891846,-1.0,-1.0,-0.6584494,-0.7909014,-24.272910356521606,1.0,160000
44145,73.46248250334875,0.9698616862297058,48.49308431148529,-0.49901414,-1.0,-1.0,-0.25722304,-44.98021960258484,1.0,160000
52579,73.4617950815181,0.9698482155799866,48.49241077899933,-1.0,-1.0,-1.0,-0.43319,-39.61818903684616,1.0,117119
486,73.46082782392529,0.969829261302948,48.4914630651474,-0.9535699,-0.08577132,0.5322369,-0.72350705,-56.59043669700623,1.0,118068
8928,73.46038069528629,0.969820499420166,48.4910249710083,-0.044790983,-1.0,-1.0,0.59938776,-59.273144006729126,1.0,100905
29838,73.46026206930715,0.9698181748390198,48.49090874195099,-0.40498823,-0.84671104,-0.32431772,-0.6900859,-37.22747474908829,1.0,160000
6431,73.45864693040406,0.969786524772644,48.4893262386322,-1.0,-1.0,-0.753913,-0.9707482,-57.61516213417053,1.0,160000
57946,73.45713824978857,0.9697569608688354,48.48784804344177,-1.0,-1.0,-0.35390565,-0.33740422,-60.0,1.3635451197624209,160000
28251,73.45630178332104,0.9697405695915222,48.48702847957611,-1.0,-0.1729123,-1.0,-0.7439091,-26.915467977523804,1.0,160000
42958,73.45577556972415,0.969730257987976,48.4865128993988,-1.0,-0.058682084,-1.0,-0.20257524,-60.0,1.0,160000
36325,73.45543185789172,0.9697235226631165,48.48617613315582,-1.0,-1.0,-0.19008535,-0.7148669,-47.701035141944885,1.0,152408
23788,73.45534060695466,0.9697217345237732,48.48608672618866,-1.0,-1.0,-0.64716613,0.28505105,-33.723570704460144,1.0,160000
6447,73.45529498148485,0.9697208404541016,48.48604202270508,-0.37222493,-1.0,-0.82435155,-0.48607624,-30.726071000099186,1.0,160000
4633,73.45468360010742,0.9697088599205016,48.485442996025085,-1.0,-1.0,0.4373144,-0.6516546,-46.22755765914917,1.0,80185
33674,73.45467751670985,0.9697087407112122,48.48543703556061,-1.0,-0.880505,-0.27153862,-0.8547138,-25.82672953605652,1.0,160000
52198,73.45422126184997,0.9696998000144958,48.48499000072479,-1.0,-1.0,-1.0,-0.8401555,-20.0,1.0,160000
56669,73.45406613517825,0.9696967601776124,48.484838008880615,-1.0,-0.9813791,-0.5882298,-0.689798,-50.32897353172302,1.0,160000
23048,73.45395055059294,0.9696944952011108,48.48472476005554,-0.009243488,-1.0,-0.7147011,-0.40650302,-37.526849806308746,1.0,160000
10702,73.4521711556304,0.9696596264839172,48.48298132419586,-0.37180436,-1.0,-1.0,-0.930851,-29.250675439834595,1.868537425994873,160000
9134,73.45145027217497,0.9696455001831056,48.48227500915527,-0.5605478,-1.0,0.36437273,-0.61096734,-20.0,1.0,126512
51557,73.45129210362471,0.9696424007415771,48.48212003707886,-1.0,-1.0,-1.0,-0.5869552,-25.358262062072757,1.0,121079
19513,73.45048909390424,0.9696266651153564,48.48133325576782,-0.73678726,-1.0,-1.0,-0.59945863,-57.82615661621094,1.0,140657
59663,73.4477728507385,0.969573438167572,48.4786719083786,-1.0,-1.0,-0.13724327,-0.31721947,-39.1770339012146,1.0,141778
54056,73.44692117252954,0.9695567488670348,48.47783744335175,-1.0,-1.0,-1.0,0.072967626,-45.73998153209686,1.0,160000
48223,73.44544594350218,0.9695278406143188,48.47639203071594,-1.0,-1.0,-0.78807175,-0.726542,-33.17534923553467,1.0,160000
17743,73.44533644193069,0.9695256948471068,48.47628474235535,-1.0,-1.0,-1.0,-0.6173058,-38.43552589416504,1.0,160000
5069,73.44530298311619,0.9695250391960144,48.47625195980072,-1.0,-1.0,-1.0,-0.5772135,-60.0,1.0,159851
7614,73.44484672650934,0.969516098499298,48.475804924964905,-1.0,-0.64962465,1.0,-0.83707696,-33.974244594573975,1.0,160000
30373,73.4438064611277,0.9694957137107848,48.474785685539246,-0.381059,-0.6298822,-0.13794786,-0.50791526,-29.539482593536377,1.0,160000
14510,73.44289698898447,0.9694778919219972,48.47389459609985,-0.87164223,-1.0,-1.0,-0.64178014,-20.51786184310913,1.0,141978
24271,73.4413365895033,0.9694473147392272,48.472365736961365,-1.0,-1.0,-1.0,-0.53370357,-23.050450086593628,1.0,140120
59038,73.44030544777976,0.9694271087646484,48.47135543823242,-1.0,-1.0,0.30226707,-0.40451038,-20.0,1.0,160000
23157,73.43981573135183,0.9694175124168396,48.47087562084198,-0.46178818,-0.58317363,-0.9587815,-0.5747912,-20.0,1.0,104689
3202,73.43975793872343,0.9694163799285888,48.47081899642944,-1.0,-1.0,-1.0,-0.3971171,-60.0,1.0,135793
55025,73.43920738782661,0.9694055914878844,48.47027957439423,-0.5726404,-0.56860375,-1.0,-0.5769221,-28.376855850219727,1.0,160000
48294,73.43888800741534,0.9693993330001832,48.46996665000916,-1.0,-1.0,-1.0,0.7093326,-60.0,1.0,160000
52238,73.43841958273676,0.9693901538848876,48.46950769424439,-0.15318751,-1.0,-1.0,-0.43408132,-60.0,1.0,160000
50193,73.43696259891004,0.9693616032600404,48.468080163002014,-1.0,-1.0,-1.0,-0.45215514,-20.0,1.0,124118
57843,73.43691088965599,0.9693605899810792,48.46802949905396,-1.0,-1.0,-1.0,-0.9103582,-20.0,1.0,160000
60553,73.43601358183821,0.9693430066108704,48.46715033054352,-1.0,-1.0,-0.13591999,-0.7762166,-33.20284128189087,1.0,160000
54058,73.43580674473525,0.9693389534950256,48.46694767475128,-1.0,-1.0,-0.6246481,0.32203266,-35.03606200218201,1.0,125922
34634,73.43565161689655,0.969335913658142,48.466795682907104,-1.0,-0.053976297,-1.0,-0.5442059,-60.0,1.0,160000
445,73.43546303009902,0.969332218170166,48.4666109085083,-0.8960645,-1.0,-1.0,0.3503539,-60.0,1.0,160000
49261,73.4342341738365,0.9693081378936768,48.46540689468384,-1.0,0.064281344,0.17287779,-0.96001357,-32.44145154953003,1.0,118813
56056,73.43360149512405,0.9692957401275636,48.464787006378174,-0.25147283,-1.0,-1.0,-0.7019745,-20.0,1.0,156593
23572,73.43354370234889,0.9692946076393129,48.46473038196564,-1.0,-1.0,-0.72449857,-0.56784487,-20.0,1.0,160000
49362,73.43325169672723,0.9692888855934144,48.46444427967072,-1.0,-0.28532672,-1.0,-0.86622304,-20.0,1.0,160000
58289,73.43323040464928,0.9692884683609008,48.46442341804504,-1.0,-1.0,-1.0,-0.23118064,-37.41169631481171,1.0,160000
12054,73.43297794142526,0.9692835211753844,48.464176058769226,-1.0,0.09488845,-1.0,0.22501755,-38.36606308817864,1.0,160000
14060,73.43251559906795,0.9692744612693788,48.46372306346893,-1.0,0.21852171,-0.48281565,-0.637259,-45.12053847312927,1.1187574863433838,160000
22134,73.43184033573121,0.9692612290382384,48.463061451911926,-0.7228663,-1.0,-0.951506,0.5771549,-59.22878980636597,1.0,160000
15023,73.4313536593369,0.9692516922950744,48.46258461475372,-0.6099783,-1.0,-1.0,-0.44951406,-29.667189121246334,1.0,160000
45471,73.43082439864821,0.9692413210868835,48.46206605434418,-0.25221932,-1.0,-0.6234106,-0.59887636,-44.80329751968384,1.0,160000
36851,73.43045634948112,0.9692341089248656,48.461705446243286,-1.0,-0.9957811,-0.038769364,-0.35493207,-60.0,1.0,160000
46927,73.43035901415494,0.9692322015762328,48.461610078811646,-0.7298931,-1.0,-1.0,-0.8417486,-30.39039671421051,1.0,160000
23019,73.42889594206675,0.969203531742096,48.4601765871048,-1.0,-1.0,-0.12537551,-0.17967297,-30.353440642356876,1.0,148616
36501,73.42843968240079,0.9691945910453796,48.45972955226898,-1.0,-0.6108247,0.63770044,-0.133966,-20.0,1.0,160000
45148,73.42783437777929,0.9691827297210692,48.45913648605347,-0.7884029,-0.9319114,0.34334326,0.3097093,-32.06032991409302,1.0,106904
13799,73.42725036513819,0.9691712856292723,48.45856428146362,-0.67578286,-1.0,-1.0,-0.76114786,-20.0,1.0,157232
15528,73.42725036513819,0.9691712856292723,48.45856428146362,-1.0,-1.0,-1.0,-0.7346353,-20.0,1.0,79019
2453,73.42683973116644,0.9691632390022278,48.45816195011139,-1.0,-0.8752678,-0.082708895,0.13033631,-20.0,1.0,111213
1124,73.42681235556586,0.9691627025604248,48.45813512802124,-1.0,-1.0,-0.5157854,-0.8477212,-20.59041857719421,1.0,131371
60525,73.42598196220302,0.9691464304924012,48.457321524620056,-1.0,-0.57025754,-0.57042396,-0.2885591,-33.810203075408936,1.0,160000
19520,73.42402308443533,0.9691080451011658,48.45540225505829,-0.22103107,-0.53028727,-1.0,0.15729624,-22.1246874332428,1.0,137550
52023,73.42259955116022,0.9690801501274108,48.454007506370544,-1.0,-0.9874754,-1.0,-0.9026085,-60.0,1.0,160000
60365,73.4225022155214,0.969078242778778,48.4539121389389,-1.0,-1.0,-1.0,-0.04736355,-39.76616442203522,1.0,160000
56504,73.42217674945097,0.9690718650817872,48.45359325408936,-1.0,-1.0,-0.05863756,-0.7176046,-45.66979289054871,1.0,139958
37241,73.42171440505214,0.9690628051757812,48.45314025878906,-1.0,0.052665353,-1.0,-0.5404895,-60.0,1.0,160000
28260,73.4210756396205,0.9690502882003784,48.45251441001892,-0.10306656,-1.0,-1.0,0.71440375,-20.0,1.0,160000
23847,73.41821944357804,0.9689943194389344,48.44971597194672,-1.0,-1.0,0.4404099,-0.6241734,-47.75007724761963,1.0,160000
5558,73.41809473206673,0.9689918756484984,48.44959378242493,-1.0,-0.64190376,-1.0,-0.56119883,-20.0,1.0,145644
12315,73.4171000814928,0.968972384929657,48.44861924648285,0.18534136,-1.0,-0.9176908,-0.3187158,-27.83225655555725,1.0,158646
9752,73.41622101688729,0.9689551591873168,48.447757959365845,-0.88923395,-1.0,-0.8337984,-0.71336424,-58.40762257575989,1.0,111867
9489,73.41599592762952,0.9689507484436036,48.447537422180176,-1.0,-0.7575232,-1.0,-0.27095684,-55.94021916389465,1.0,97938
36864,73.41401574961748,0.9689119458198548,48.44559729099274,-1.0,-1.0,-0.6370655,-0.3112285,-20.0,1.0,90310
45479,73.41385453689766,0.9689087867736816,48.44543933868408,-1.0,-1.0,-1.0,-0.57850707,-47.71854281425476,1.0,160000
4897,73.4138210776526,0.9689081311225892,48.445406556129456,-1.0,-0.9594929,1.0,-0.6896641,-31.424649357795715,1.0,160000
52237,73.41294809536947,0.9688910245895386,48.44455122947693,-0.11751509,-1.0,-0.92630625,-0.4763907,-45.74853897094727,1.0,157102
32291,73.41290855261059,0.9688902497291564,48.44451248645783,-1.0,-0.44600046,1.0,-0.9369892,-20.0,1.5400526523590088,160000
6648,73.41275950682137,0.9688873291015624,48.444366455078125,-0.6938746,-1.0,0.57309294,-0.5151333,-31.10509395599365,1.0,98690
4287,73.41238841318425,0.9688800573349,48.444002866745,-0.19059676,-1.0,-1.0,0.5780567,-31.94668471813202,1.0,110187
32227,73.41102266644442,0.9688532948493958,48.44266474246979,-0.20689994,-1.0,-1.0,-0.72990763,-43.89586538076401,1.0,146149
26420,73.40939532801877,0.9688214063644408,48.441070318222046,-0.46579868,-1.0,0.17396659,-0.5160083,-60.0,1.0,160000
30199,73.40830637945788,0.9688000679016112,48.440003395080566,-1.0,0.21309066,-0.983377,-0.8954605,-33.65005314350128,1.0,160000
7436,73.40812691582167,0.9687965512275696,48.43982756137848,-0.30214626,-0.57632494,-0.35705966,-0.587608,-22.185020446777344,1.22752583026886,146471
20684,73.40724176447407,0.96877920627594,48.438960313797,-1.0,-1.0,0.9475813,-0.15630592,-32.75699973106384,1.0,160000
4909,73.40723263920077,0.9687790274620056,48.43895137310028,-1.0,-1.0,-0.8816717,-0.6812991,-20.0,1.0,160000
56303,73.40694063043736,0.9687733054161072,48.43866527080536,-1.0,-1.0,-1.0,-0.919951,-44.39407736063004,1.0,160000
1730,73.404050958502,0.9687166810035706,48.43583405017853,-0.67060935,-0.051826477,-1.0,-0.9487772,-59.72545266151428,1.0,160000
32486,73.4038562857435,0.9687128663063048,48.43564331531525,-1.0,-1.0,0.44526237,-0.9545064,-24.44109439849853,7.081017851829529,160000
26248,73.40228065253382,0.9686819911003112,48.43409955501557,-0.15315157,-1.0,-0.7612046,0.35151693,-60.0,1.0,139835
34987,73.40152933672672,0.9686672687530518,48.43336343765259,-1.0,-1.0,-0.26689595,-0.668428,-35.52412658929825,1.0,160000
59215,73.40072935243526,0.9686515927314758,48.43257963657379,-0.70867956,-0.56436193,-1.0,-0.6789666,-24.828592538833615,1.0,160000
5542,73.39991415904755,0.968635618686676,48.4317809343338,-1.0,-0.92841166,-1.0,-0.97753406,-57.42975473403931,1.0,160000
54894,73.39792788446798,0.9685966968536376,48.429834842681885,-1.0,-1.0,-0.55267847,-0.24614632,-20.0,1.0,160000
53639,73.39758416450701,0.968589961528778,48.4294980764389,-1.0,-0.539679,-0.6780808,-0.5349871,-20.094505548477173,1.0,160000
45261,73.39682980548511,0.9685751795768738,48.42875897884369,-0.9937832,-0.10265213,0.116791666,-0.8553276,-41.13376669585705,1.0,95923
35016,73.39506861960392,0.9685406684875488,48.42703342437744,-1.0,-0.668671,-0.6117495,-0.972291,-20.257232189178467,1.0,160000
38794,73.39283595726633,0.9684969186782836,48.424845933914185,-0.84960985,-1.0,-1.0,-0.60083544,-32.07836031913757,1.0,160000
5039,73.39258957342287,0.9684920907020568,48.42460453510285,-0.49287695,-1.0,-0.26498747,-0.379513,-60.0,1.0,136853
11238,73.39190517372728,0.9684786796569824,48.42393398284912,-1.0,-1.0,-0.6640535,-0.46879265,-35.213490426540375,1.0,123115
46726,73.39017136030692,0.9684447050094604,48.42223525047302,-0.7703873,-0.6795009,-1.0,0.19779271,-20.0,1.0,138647
9485,73.38955083731007,0.9684325456619264,48.42162728309631,-0.5716185,-1.0,-1.0,-0.19393161,-32.15333700180054,1.0,142820
16054,73.38768318380937,0.9683959484100342,48.41979742050171,-1.0,-1.0,-0.18559432,-0.31209663,-26.988216638565063,1.0,93282
11067,73.38618966833732,0.9683666825294496,48.41833412647247,-1.0,-0.6447399,-1.0,-0.47593656,-28.04505228996277,1.0,87592
28889,73.38617750120142,0.9683664441108704,48.41832220554352,0.11378741,-1.0,-0.24753088,-0.09463083,-36.13697350025177,1.0,160000
46928,73.38594936739196,0.9683619737625122,48.41809868812561,-1.0,-1.0,-0.8046014,-0.5228968,-22.16248631477356,1.0,128767
23044,73.38473873695312,0.9683382511138916,48.41691255569458,-1.0,-1.0,-0.2355833,-0.43514502,-39.37985956668854,1.0,160000
57918,73.38437980620517,0.968331217765808,48.416560888290405,-1.0,-0.57157916,-1.0,0.37406972,-28.85318398475647,1.0,160000
50196,73.38389007857413,0.9683216214179992,48.41608107089996,-0.45377427,-1.0,-0.19038594,-0.46072713,-48.56019854545593,1.0,116366
1121,73.38381707568904,0.9683201909065248,48.41600954532623,-1.0,-1.0,-0.6802522,-0.09147456,-30.96413254737854,1.0,125642
30704,73.3837349474407,0.9683185815811156,48.415929079055786,-0.6202489,-0.88547224,-0.19198364,-0.61485076,-41.102093905210495,1.0,160000
54860,73.3825273576926,0.96829491853714,48.414745926857,-1.0,-1.0,0.8155891,-0.94637895,-60.0,1.0,160000
46489,73.38187641486026,0.968282163143158,48.4141081571579,-0.7005257,-0.7436194,-1.0,-0.028640687,-47.52931475639343,1.0,147394
22464,73.38176386865203,0.9682799577713012,48.41399788856506,-1.0,-0.10701978,0.79231054,-0.40876204,-43.04719030857086,1.0,160000
2134,73.38169390749295,0.9682785868644714,48.41392934322357,-1.0,-1.0,-0.6195485,0.27388412,-47.20777750015259,1.0,113142
15196,73.3815570269585,0.9682759046554564,48.41379523277283,-0.40567827,-1.0,0.40356869,-0.9838664,-20.444786548614506,1.0,160000
15566,73.37934564481647,0.9682325720787048,48.41162860393524,-1.0,-0.36344934,1.0,-0.23463075,-41.86707854270935,1.0,160000
23840,73.37933956123146,0.9682324528694152,48.41162264347077,-1.0,-0.634206,-0.49080932,-0.94512534,-20.0,8.153550386428833,149053
43766,73.3788437490033,0.9682227373123168,48.411136865615845,-0.9638046,-1.0,-1.0,-0.9132854,-24.451892375946045,1.0,160000
18792,73.37836922923049,0.968213438987732,48.4106719493866,-0.45181346,-1.0,0.77852076,-0.84478927,-52.68792390823364,1.0,160000
48740,73.37804984086995,0.9682071805000304,48.410359025001526,-0.9811821,-1.0,1.0,-0.82480717,-26.67362928390503,1.0,139655
22328,73.37696696192702,0.9681859612464904,48.40929806232453,-1.0,-1.0,1.0,-0.85629654,-20.0,1.0,139673
15701,73.37484987137016,0.9681444764137268,48.40722382068634,-1.0,-0.93386436,0.4796096,-0.5243108,-46.37007713317871,1.0,160000
54898,73.37422326088193,0.9681321978569032,48.406609892845154,-1.0,-0.9957387,-0.15706354,-0.39596355,-60.0,1.0,157741
60439,73.37422326088193,0.9681321978569032,48.406609892845154,-0.6887318,-0.21029276,0.1954503,-0.5344826,-20.0,1.0,132814
47935,73.3736818206218,0.9681215882301332,48.40607941150665,-1.0,-0.62830025,-0.4999761,0.62165827,-32.85909593105316,1.0,142705
4574,73.37357839943485,0.9681195616722108,48.405978083610535,-1.0,-0.82469064,-0.4969052,-0.4232724,-38.79676342010498,1.0,156472
16491,73.37355710683698,0.9681191444396972,48.40595722198486,-1.0,-1.0,0.9428141,-0.71353036,-20.0,1.0,160000
48188,73.37243772428813,0.96809720993042,48.404860496521,-0.079995036,-0.46537113,-0.09062642,-0.56123924,-30.077298283576965,1.0,160000
16843,73.37222175640034,0.9680929780006408,48.40464890003204,-1.0,-0.925621,-0.81257707,-0.104826435,-20.0,1.0,149816
29233,73.37199970489013,0.9680886268615724,48.40443134307861,-1.0,-1.0,0.49809396,-0.23027426,-37.38897114992142,1.0,160000
3433,73.37179590417122,0.9680846333503724,48.404231667518616,-1.0,-1.0,-1.0,-0.41602767,-24.542781114578247,1.0,160000
60421,73.37140046989195,0.9680768847465516,48.403844237327576,-0.18803519,-1.0,-1.0,-0.16034351,-29.707165956497192,1.0,160000
59033,73.37031150439172,0.968055546283722,48.402777314186096,-1.0,0.061407328,0.0033480525,-0.6238208,-30.90623617172241,1.2164644002914429,160000
26426,73.36990086085069,0.9680474996566772,48.40237498283386,-1.0,-1.0,0.5544357,-0.10662004,-60.0,1.0,160000
46558,73.3698552337863,0.9680466055870056,48.40233027935028,-1.0,-0.9585127,-0.96369195,-0.4987962,-60.0,1.0,152719
36412,73.3698552337863,0.9680466055870056,48.40233027935028,-1.0,-1.0,0.032868564,-0.7893785,-57.752087116241455,1.0,160000
52193,73.36943850655882,0.9680384397506714,48.40192198753357,-0.9809515,-1.0,-0.046369195,-0.56378376,-46.48977220058441,1.0,160000
56632,73.36756475405814,0.9680017232894896,48.40008616447449,-1.0,-1.0,-0.48122796,-0.76444995,-20.0,1.0,160000
25590,73.36312979516636,0.9679148197174072,48.39574098587036,-0.5672412,-0.44284534,-1.0,-0.52454424,-20.0,1.0,160000
32485,73.36220204211531,0.9678966403007508,48.39483201503754,-0.47497004,-1.0,0.52163047,-0.30207103,-20.0,1.1687559485435486,160000
34035,73.3610735289121,0.9678745269775392,48.39372634887695,-1.0,-1.0,0.8531622,-0.7506011,-24.012809991836548,1.274774432182312,113305
359,73.3600636460343,0.9678547382354736,48.39273691177368,-0.5963546,-0.30094033,-1.0,-0.6279334,-42.7740091085434,1.0,160000
15926,73.35884387730223,0.9678308367729188,48.391541838645935,-1.0,-0.9151099,-0.025439978,-0.81498325,-20.0,1.0,113076
20823,73.3576028152232,0.9678065180778505,48.39032590389252,-1.0,-1.0,-1.0,-0.7835816,-24.48476910591125,1.0,160000
6629,73.35755718792885,0.9678056240081788,48.390281200408936,-0.45049578,-1.0,-0.9533824,-0.6235453,-20.0,1.0,160000
9170,73.35735034418376,0.967801570892334,48.3900785446167,-0.47241646,-1.0,-1.0,-0.19058383,-25.213793516159058,1.0,160000
24422,73.35693057300008,0.967793345451355,48.38966727256775,-1.0,-0.892591,0.0026042461,-0.43722072,-60.0,1.0,160000
25588,73.35684844384701,0.967791736125946,48.3895868062973,-0.33113062,-0.54093754,-1.0,-0.5275428,-60.0,1.0,160000
40824,73.35128798956995,0.9676827788352966,48.38413894176483,-1.0,-1.0,-1.0,-0.42113647,-51.74447178840637,1.0,160000
21926,73.35058228549477,0.9676689505577089,48.38344752788544,-0.4738233,-0.57101756,-0.25515392,-0.7824851,-21.838068962097168,1.0,160000
6294,73.35036023201508,0.96766459941864,48.38322997093201,-1.0,-0.34716958,-0.64564157,-0.5982647,-52.8126072883606,1.0,160000
30727,73.34995566877407,0.967656672000885,48.38283360004425,-0.9394529,-1.0,-0.3503587,-0.67997617,-20.0,1.0,134008
12725,73.34956327278448,0.967648983001709,48.38244915008545,-0.13794571,-1.0,-0.73412544,-0.9596983,-30.58925330638885,1.0,116869
15594,73.34776859264741,0.9676138162612916,48.380690813064575,-0.66180205,-1.0,0.8755786,-0.9265753,-44.37583744525909,1.0,152578
24786,73.34648189743109,0.9675886034965516,48.379430174827576,-0.5006412,-1.0,-0.9243099,-0.6017166,-25.6766939163208,1.0,160000
22498,73.34566060225715,0.9675725102424622,48.37862551212311,-1.0,0.19279289,-0.7327251,0.19736406,-20.0,1.0,160000
41369,73.34343397839388,0.9675288796424866,48.37644398212433,-0.5978923,-1.0,0.030287385,0.27391395,-20.0,1.0,152525
2046,73.34325146815097,0.9675253033638,48.37626516819,-0.55377126,-0.98283255,-0.6110392,-0.07000221,-27.19422817230225,1.0,160000
50524,73.34156020591684,0.9674921631813048,48.37460815906525,-1.0,-1.0,0.20268941,-0.67628306,-45.04790544509888,1.0,160000
46911,73.34150241096364,0.9674910306930542,48.37455153465271,-1.0,-1.0,-0.26447883,-0.9127668,-20.0,1.9122711420059204,141973
47083,73.34131077505641,0.9674872756004332,48.37436378002167,-0.29383045,-0.04921031,-0.07324761,-0.45422086,-20.0,1.0,160000
55766,73.33825676586676,0.9674274325370787,48.37137162685394,-1.0,-1.0,-0.39602095,-0.41772,-42.631933987140656,1.0,160000
52213,73.33817767792854,0.9674258828163148,48.371294140815735,-1.0,-1.0,-1.0,-0.44235316,-20.0,1.0,160000
12740,73.33806512970436,0.967423677444458,48.3711838722229,-1.0,-1.0,-0.8785431,0.15540883,-20.0,1.0,160000
39577,73.33630998510348,0.9673892855644226,48.36946427822113,-1.0,-1.0,0.07717502,-0.3844003,-47.9477733373642,1.0,92297
21126,73.3359753820032,0.9673827290534972,48.36913645267487,-1.0,-0.38842195,-1.0,-0.51697624,-49.76866960525513,1.0,160000
7421,73.33440883051364,0.967352032661438,48.3676016330719,-0.5204433,-1.0,-0.37769094,-0.95060796,-28.12151312828064,1.0993752479553225,138868
42235,73.33319817449794,0.9673283100128174,48.36641550064087,-1.0,-0.7785975,0.8445124,-0.7015494,-37.30679243803024,1.0,160000
2458,73.3326171810708,0.9673169255256652,48.365846276283264,-1.0,-0.93768203,-1.0,0.82007986,-39.411838352680206,1.0,147555
8132,73.33231907967746,0.9673110842704772,48.365554213523865,-0.26549947,-1.0,-0.26028883,-0.72370267,-60.0,1.0,160000
613,73.33140956601733,0.9672932624816896,48.36466312408447,-0.34753615,-1.0,1.0,-0.4854868,-28.565282821655277,1.0,158582
48667,73.33090157663466,0.967283308506012,48.3641654253006,-1.0,-1.0,-0.5125936,0.2557444,-39.421307146549225,1.0,160000
12609,73.33036925231762,0.9672728776931764,48.36364388465881,-0.25603688,-0.15623105,-0.035934567,-0.97844875,-26.05614185333252,1.0,144377
45126,73.32924680809089,0.9672508835792542,48.36254417896271,-0.57397825,-1.0,-0.628786,-0.40475786,-40.49199342727661,1.4126137495040894,160000
25985,73.32908558977195,0.967247724533081,48.36238622665405,-1.0,-0.70290554,1.0,-0.8987067,-34.06572699546814,1.0,160000
22174,73.32794793567098,0.9672254323959352,48.36127161979675,0.0711565,-1.0,-1.0,-0.19370797,-60.0,1.0,160000
10523,73.32747036413873,0.9672160744667052,48.36080372333527,-1.0,-1.0,-0.9601599,-0.729815,-20.0,1.0,126346
53476,73.3272756852707,0.9672122597694396,48.36061298847199,0.027205229,-0.43956572,-0.9544912,-0.2634697,-34.52323913574219,1.0,160000
22136,73.32613194660692,0.9671898484230042,48.35949242115021,0.028922915,-0.5225958,-1.0,0.816872,-24.508056640625,1.0,160000
54222,73.32602548154442,0.967187762260437,48.35938811302185,-0.9626659,-1.0,-1.0,0.17178284,-27.563090324401852,1.0,160000
47940,73.32588859788578,0.967185080051422,48.35925400257111,-0.7643512,-0.40923536,-1.0,-0.61512756,-20.0,1.0,160000
15108,73.32588251416745,0.9671849608421326,48.35924804210663,-0.879215,-1.0,0.7000572,0.003877893,-20.0,1.0,147347
21922,73.32553574219696,0.9671781659126282,48.35890829563141,-0.93068266,-0.5321724,-0.31860775,-0.77428085,-59.397114515304565,1.0,160000
9802,73.32541710966942,0.967175841331482,48.3587920665741,-1.0,-1.0,-0.48226973,0.13547519,-42.80007988214493,1.0,160000
45267,73.32425511896595,0.9671530723571776,48.35765361785889,-1.0,0.076322794,-1.0,-0.84548336,-54.46597218513489,1.0,160000
17991,73.32367412340638,0.9671416878700256,48.35708439350128,-0.4264258,-0.07629508,-0.9901221,-0.4022498,-32.310272455215454,1.0,117684
35454,73.32347031864846,0.9671376943588256,48.35688471794128,-1.0,-0.17723107,-0.29749566,-0.9153091,-20.0,5.286055564880371,160000
25295,73.32270072739394,0.9671226143836976,48.35613071918488,-0.40887797,-1.0,0.69225544,-0.9149465,-52.40662455558777,1.0,134733
58229,73.321900717255,0.9671069383621216,48.35534691810608,-1.0,-1.0,-1.0,-0.766514,-20.0,1.029253363609314,160000
37807,73.32048929188255,0.9670792818069458,48.35396409034729,-1.0,-1.0,-0.28144798,-0.2963196,-43.437998592853546,1.0,160000
189,73.32006038875174,0.9670708775520324,48.35354387760162,-1.0,-0.30889004,-0.6447897,-0.94481766,-59.02782678604126,1.0890359282493591,125788
22139,73.32000563515514,0.9670698046684264,48.353490233421326,-0.3668692,-1.0,-0.15878272,0.35815334,-56.19751214981079,1.0,96608
21675,73.31962844367843,0.9670624136924744,48.35312068462372,-0.8066795,-1.0,-0.046930373,-0.8780005,-43.35670322179794,1.0,107511
18384,73.31933338256319,0.9670566320419312,48.35283160209656,-0.5493895,-1.0,-1.0,-0.9217122,-20.0,1.0,160000
41636,73.31564663654262,0.9669843912124634,48.34921956062317,-0.6330248,-1.0,1.0,-0.29237306,-51.18285894393921,1.0,90477
36775,73.31504434582081,0.966972589492798,48.34862947463989,-1.0,-0.87334406,-1.0,-0.29241318,-36.75379276275635,1.0,160000
59393,73.31428083565126,0.9669576287269592,48.34788143634796,-1.0,-0.6484694,-0.12894374,-0.2204802,-49.39676880836487,1.0,117975
42703,73.31396752264389,0.9669514894485474,48.34757447242737,-0.74622166,-1.0,-0.56763947,-0.9706582,-33.22101414203644,1.0,160000
41212,73.31370592146122,0.9669463634490968,48.347318172454834,-1.0,-0.53171784,-0.41087672,-0.41378745,-60.0,1.0,107962
10144,73.31347473899734,0.9669418334960938,48.34709167480469,0.08525014,-0.29814982,-1.0,-0.20521455,-20.0,1.0,136301
28256,73.3131948865117,0.9669363498687744,48.34681749343872,-1.0,-1.0,-1.0,1.0,-43.20421278476715,1.0,112593
35464,73.31292720149531,0.9669311046600342,48.34655523300171,-0.8141249,-0.17978895,0.10714561,-0.48728544,-20.0,1.0,160000
54752,73.31136976081643,0.9669005870819092,48.34502935409546,-1.0,0.045826316,-1.0,-0.5779346,-35.2452689409256,1.0,160000
34221,73.31128458825057,0.9668989181518556,48.34494590759277,-1.0,-1.0,0.2169643,-0.23015782,-41.72830015420914,1.0,101834
34725,73.30895755092361,0.9668533205986024,48.34266602993012,-1.0,-0.89057255,-1.0,1.0,-31.676329374313354,1.0,160000
34728,73.30895755092361,0.9668533205986024,48.34266602993012,-0.72176814,-1.0,-1.0,1.0,-37.415689527988434,1.0,160000
17146,73.30806932171035,0.966835916042328,48.3417958021164,-1.0,-0.99718976,-1.0,-0.58369404,-38.46046641469002,1.0,160000
35289,73.30806627982894,0.9668358564376832,48.34179282188416,-0.35524058,-1.0,-0.70419216,-0.20042932,-38.634734749794006,1.0,160000
50527,73.30802977725155,0.9668351411819458,48.34175705909729,-1.0,-1.0,0.123170614,-0.57008505,-39.251909255981445,1.0,139644
9659,73.3075582855778,0.9668259024620056,48.34129512310028,-1.0,-1.0,-1.0,-0.20894644,-31.912717819213867,1.0,144860
4896,73.3073757726473,0.9668223261833192,48.34111630916596,-1.0,-1.0,-1.0,-0.57773435,-38.19603025913239,1.0,160000
488,73.30691036461265,0.9668132066726683,48.34066033363342,-1.0,-1.0,-1.0,-0.3276928,-22.19568252563477,1.0,138875
10859,73.30684952695448,0.966812014579773,48.34060072898865,-0.87358433,-0.73964715,-0.94157004,-0.37681127,-20.0,1.0,115568
48849,73.30659096689033,0.966806948184967,48.34034740924835,-0.548027,-1.0,-1.0,-0.91945577,-49.32832598686218,1.0,160000
55631,73.30560235462706,0.966787576675415,48.33937883377075,-1.0,-0.19261962,-1.0,-0.48437077,-27.237361669540405,1.0,98782
39286,73.30477800378672,0.9667714238166808,48.338571190834045,-1.0,-1.0,1.0,-0.46872076,-55.50859689712525,1.0,149507
12006,73.30274298151335,0.9667315483093262,48.33657741546631,-0.6611881,-0.25629514,-1.0,-0.22026044,-20.0,1.0,104281
25815,73.30209505926655,0.966718852519989,48.33594262599945,-0.6270603,-1.0,-1.0,-0.8480092,-60.0,1.0,160000
29617,73.30189429459169,0.9667149186134338,48.33574593067169,-0.70967233,-0.19401628,-1.0,-0.48713836,-35.68067908287048,1.1530781388282776,87440
59031,73.30036118198309,0.966684877872467,48.33424389362335,-1.0,-0.96628237,-1.0,-0.12199326,-35.55632412433624,1.0,133634
21571,73.30016041716522,0.966680943965912,48.33404719829559,-1.0,-0.7586142,-0.8559777,0.19566429,-39.753802325576544,1.0,160000
11190,73.29913225768684,0.9666607975959778,48.33303987979889,-1.0,-1.0,-1.0,-0.12237321,-20.0,1.0,139414
53634,73.29872768593867,0.9666528701782228,48.33264350891113,-1.0,-1.0,-0.84070605,-0.4432699,-42.23726570606232,1.0,99837
3425,73.29786378814606,0.9666359424591064,48.33179712295532,-1.0,-1.0,-0.808528,-0.45293337,-51.61165475845337,1.0,149429
23163,73.29662573690155,0.9666116833686828,48.33058416843414,-1.0,-1.0,-1.0,-0.42230758,-41.93236023187637,1.0,160000
23782,73.29633067299848,0.9666059017181396,48.33029508590698,-1.0,-1.0,-0.9652925,0.56477916,-41.39149725437164,1.0,160000
19191,73.29395495099071,0.96655935049057,48.3279675245285,-1.0,-1.0,-0.924892,-0.71325994,-30.952341556549072,1.0,160000
30437,73.29373897614772,0.966555118560791,48.32775592803955,-0.033426046,-1.0,-0.89828795,-0.3276698,-20.0,1.0,160000
54049,73.29124157551438,0.9665061831474304,48.32530915737152,-1.0,-0.6941066,1.0,-0.45283088,-47.27370500564575,1.0,160000
9937,73.29124157551438,0.9665061831474304,48.32530915737152,-1.0,-1.0,-1.0,0.5876038,-32.94871151447296,1.0,152860
4038,73.28940730764293,0.9664702415466307,48.32351207733154,-1.0,-0.14024985,0.13992071,-0.6208675,-60.0,1.0,154610
2688,73.28877154946755,0.9664577841758728,48.32288920879364,-1.0,-1.0,-1.0,-0.014169723,-58.34281086921692,1.0,120783
33600,73.28729926673935,0.9664289355278016,48.32144677639008,-1.0,-1.0,0.24682736,-0.72402406,-39.71587985754013,1.0,151116
3292,73.2871471713654,0.9664259552955629,48.32129776477814,-1.0,-0.43995237,-1.0,0.04697779,-42.93578058481216,1.0,160000
25759,73.28693423782592,0.9664217829704284,48.32108914852142,-1.0,-1.0,-0.44124037,-0.26069543,-38.44661220908165,1.0,153444
32147,73.28433948905429,0.9663709402084352,48.31854701042175,-0.644861,-0.96605414,0.3257724,0.11861776,-57.07041025161743,1.0,160000
17969,73.284184351584,0.9663679003715516,48.318395018577576,-1.0,-1.0,-0.943838,-0.62647176,-20.0,1.0,136059
52037,73.28083824687528,0.9663023352622986,48.31511676311493,-1.0,-1.0,-0.8660128,-0.33922952,-37.44472086429596,1.0,160000
39763,73.28052797147814,0.9662962555885316,48.314812779426575,-1.0,-1.0,-1.0,-0.73571956,-59.33056354522705,1.0,160000
21576,73.27952109712263,0.9662765264511108,48.31382632255554,-1.0,-1.0,-0.71275604,0.33104017,-60.0,1.0,160000
18332,73.27928991141114,0.966271996498108,48.3135998249054,0.00040769577,-1.0,-1.0,0.71343946,-28.949966430664062,1.0,160000
49638,73.27541450555435,0.966196060180664,48.3098030090332,-1.0,-1.0,-0.8143531,-0.5529175,-26.322306394577023,1.0,160000
55386,73.27535670903094,0.9661949276924132,48.30974638462067,-0.11633003,-1.0,-0.24209625,-0.52024037,-20.0,1.0,151438
41115,73.27524415790245,0.9661927223205566,48.30963611602783,-1.0,-1.0,0.7574173,-0.5195111,-48.25492084026337,1.0,160000
26561,73.27247296496031,0.9661384224891664,48.30692112445831,-1.0,0.19753003,-1.0,0.4909768,-60.0,1.0,160000
34753,73.27198929868946,0.966128945350647,48.30644726753235,-1.0,-0.63170755,-1.0,-0.74688816,-60.0,1.0,110722
37716,73.27180374116378,0.9661253094673156,48.30626547336578,-1.0,-0.6079618,-0.046702087,-0.89490086,-34.49125289916992,1.0,160000
36984,73.27167293830931,0.9661227464675904,48.30613732337952,-0.8394097,-1.0,-0.3797261,-0.48008707,-57.244486808776855,1.0,104434
43090,73.27064476678947,0.9661026000976562,48.30513000488281,-0.3778488,0.21366954,-1.0,-0.011416087,-49.87950026988983,1.0,160000
12053,73.26856104506797,0.9660617709159852,48.303088545799255,-0.5187665,-1.0,-0.7265667,-0.2453344,-25.94776034355164,1.0,91649
32557,73.26765150758138,0.9660439491271972,48.30219745635986,-0.4565419,-1.0,-0.45806628,-0.9086058,-20.0,2.656516790390014,160000
29228,73.26408636070676,0.9659740924835204,48.298704624176025,-0.29769486,-1.0,-0.2787547,-0.6123573,-39.41244333982468,1.061933994293213,160000
33972,73.26284829226667,0.9659498333930968,48.297491669654846,-0.39195722,-1.0,-1.0,-0.6477282,-49.162527322769165,1.0,160000
43223,73.26280266319662,0.9659489393234252,48.29744696617127,-0.21140802,-0.6696199,-0.19859302,-0.65634686,-45.76904773712158,1.0,160000
37761,73.26052120860233,0.9659042358398438,48.29521179199219,-1.0,-1.0,-0.9022126,0.06249228,-24.94234681129456,1.0,160000
23834,73.26031739855435,0.9659002423286438,48.29501211643219,-1.0,-0.97663194,-0.9735812,-0.5594666,-20.0,1.0,160000
7795,73.2602170144946,0.9658982753753662,48.29491376876831,-0.84127563,-0.9811959,-0.07539731,-0.21168375,-20.0,1.0,160000
26287,73.25683741539581,0.9658320546150208,48.29160273075104,-1.0,-1.0,-0.763924,-0.7632869,-32.97019839286804,1.0,160000
24725,73.25583965706734,0.9658125042915344,48.29062521457672,-1.0,-0.435216,-0.60921943,-0.759965,-40.95526322722435,1.0,160000
3782,73.25568755972517,0.9658095240592957,48.29047620296478,-1.0,-1.0,-0.7686325,-0.6163591,-34.90429759025574,1.0,160000
10017,73.25523735153658,0.9658007025718688,48.290035128593445,-0.664875,-0.4952469,-1.0,-0.81386924,-36.98438495397568,1.0,128876
48187,73.25394452350419,0.9657753705978394,48.28876852989197,-1.0,-1.0,-0.029350758,-0.8106899,-20.0,1.0,160000
36652,73.2538806425718,0.9657741189002992,48.28870594501496,-1.0,-1.0,-0.7797183,-0.2668748,-29.65749502182007,1.0,160000
34456,73.25138624294645,0.9657252430915833,48.28626215457916,-0.6458883,-1.0,-1.0,-0.799878,-60.0,1.0,135044
17812,73.25007516114081,0.9656995534896852,48.28497767448425,-0.72541666,-0.65692407,-1.0,-0.5655397,-45.10641396045685,1.0,145280
4573,73.24971621054627,0.9656925201416016,48.28462600708008,-1.0,-0.050103366,-1.0,-0.66641784,-60.0,1.0,160000
5811,73.24922341388091,0.965682864189148,48.2841432094574,-0.62887716,-0.72442865,-0.11928421,-0.7863632,-25.108391046524048,1.0,122391
15705,73.24798837982351,0.9656586647033693,48.28293323516846,-0.66402817,-0.56559527,-1.0,-0.5309931,-60.0,1.0,84444
24562,73.24744691149196,0.9656480550765992,48.28240275382996,-0.4375674,-1.0,-0.811482,-0.38263017,-36.88775271177292,1.0,160000
42456,73.24536621183624,0.9656072854995728,48.28036427497864,-1.0,-1.0,-0.37622318,-0.56716967,-49.70638811588287,1.0,160000
55510,73.24232425006694,0.9655476808547974,48.27738404273987,-1.0,-1.0,-1.0,-0.7460968,-34.60260450839996,1.0,160000
46104,73.23855829611735,0.9654738903045654,48.27369451522827,-0.70360994,-0.7820928,0.5070528,-0.78230226,-27.541440725326535,1.0,152569
27521,73.23774913239004,0.9654580354690552,48.27290177345276,-0.0858829,-1.0,-1.0,-0.29534656,-60.0,1.0,160000
29963,73.23692780051135,0.9654419422149658,48.27209711074829,-0.14589077,-0.52809894,-0.77684397,-0.44003484,-24.762396812438965,1.0,114817
48814,73.2366783589228,0.9654370546340942,48.27185273170471,0.13599479,-1.0,0.16721201,-0.43496317,-26.128979921340942,1.0,160000
17084,73.23329872706904,0.9653708338737488,48.26854169368744,-1.0,-1.0,-0.9022504,-0.43803665,-36.876609325408936,1.0,101815
45311,73.2330523270829,0.965366005897522,48.2683002948761,-1.0,-0.738225,-1.0,0.31786543,-46.14843845367432,1.0,97007
30870,73.23175644526258,0.9653406143188475,48.26703071594238,-1.0,-1.0,-1.0,-0.40055904,-34.245277643203735,1.0,155402
14021,73.23088339773065,0.9653235077857972,48.266175389289856,-1.0,-0.01237309,-1.0,-0.9746716,-32.07243800163269,5.019810259342194,160000
16373,73.23001034988468,0.9653064012527466,48.26532006263733,0.17293859,-0.40796274,-0.6732436,-0.16176425,-36.97697818279266,1.0,152130
60626,73.22901562251369,0.965286910533905,48.26434552669525,-1.0,-1.0,0.06578529,-0.95823723,-43.18626016378403,1.0,160000
59522,73.22882397774399,0.9652831554412842,48.26415777206421,-1.0,-0.30261606,-0.05309093,-0.6306454,-25.10740041732788,1.0,160000
8953,73.22573028151061,0.9652225375175476,48.26112687587738,-0.6007376,-0.6352459,-1.0,-0.7669635,-55.01211047172546,1.0,160000
60648,73.22250881781916,0.9651594161987304,48.25797080993652,-0.86395645,-0.7092284,-1.0,-0.23412186,-60.0,1.0,160000
22940,73.22028208120953,0.9651157855987548,48.255789279937744,-0.55363286,-1.0,-1.0,-0.22388574,-57.331005334854126,1.0,160000
41730,73.21745606964605,0.9650604128837584,48.25302064418793,-1.0,-0.9442221,-1.0,-0.7918596,-52.43258714675903,1.0,160000
21093,73.21705148429814,0.9650524854660034,48.25262427330017,-1.0,-0.14548546,-1.0,-0.56090283,-20.0,1.3729179501533508,160000
38187,73.21602024765505,0.9650322794914246,48.25161397457123,-1.0,-0.97764295,-0.80623287,-0.90561587,-60.0,1.0,135587
46929,73.21466047477408,0.96500563621521,48.2502818107605,-1.0,-1.0,-0.6031562,-0.41876063,-60.0,1.0,121917
57897,73.21301475310884,0.9649733901023864,48.24866950511933,-0.7610708,-1.0,1.0,-0.7608549,-20.0,1.0,138109
37077,73.2088441669564,0.9648916721343994,48.24458360671997,-1.0,-1.0,-0.0040120482,-0.977981,-30.003145933151245,1.0,160000
28483,73.20835744600443,0.9648821353912354,48.24410676956177,-1.0,-0.7763512,0.272192,-0.31178033,-47.15088486671448,1.0,160000
44872,73.20673605612845,0.96485036611557,48.2425183057785,-1.0,-0.5327681,0.251558,-0.91192484,-45.99240481853485,1.0,160000
48450,73.20653224156452,0.96484637260437,48.242318630218506,-1.0,-1.0,-0.26709145,-0.782688,-30.94273447990417,1.0,160000
20347,73.20537323603199,0.9648236632347108,48.241183161735535,-1.0,-0.6330471,-1.0,-0.49789628,-20.0,1.0,160000
32337,73.20494735459475,0.964815318584442,48.24076592922211,-1.0,-1.0,0.52504444,-0.9437193,-33.68002772331238,1.0,141002
18794,73.20474962390203,0.9648114442825316,48.24057221412659,0.008195162,-0.3822323,-1.0,-0.6706917,-46.073939204216,1.0,96606
55625,73.20473137183728,0.9648110866546632,48.240554332733154,0.068468094,-0.05783236,-0.06997979,-0.72934747,-20.0,1.0,143808
48963,73.20342330683869,0.9647854566574096,48.23927283287048,-1.0,-1.0,-1.0,-0.7367865,-40.975748896598816,1.0,139694
9663,73.2032194919963,0.9647814631462096,48.239073157310486,-1.0,-1.0,1.0,-0.6057594,-39.43340823054314,1.0,160000
12701,73.20299438304596,0.9647770524024964,48.23885262012482,-0.5623054,-0.056896567,0.19382012,-0.3176275,-47.85758674144745,1.0,116855
36819,73.20216695537329,0.9647608399391174,48.23804199695587,0.24336135,-0.8355123,0.078653276,-0.7876084,-20.0,1.0,160000
21509,73.20190534215331,0.9647557139396667,48.23778569698334,-0.7605,-1.0,-0.74695706,-0.65566486,-35.30235707759857,1.0,160000
9857,73.20157072055173,0.9647491574287416,48.23745787143707,0.024885058,-1.0,-1.0,-0.49251154,-27.56876230239868,1.0,160000
22163,73.19997670428832,0.9647179245948792,48.23589622974396,-0.7380617,-1.0,-1.0,0.04730171,-20.163042545318604,1.0,160000
39769,73.19958428409323,0.9647102355957032,48.23551177978516,-1.0,-0.7941346,-0.52036023,-0.65295047,-35.81150710582733,1.0,160000
49376,73.19876293929323,0.9646941423416138,48.23470711708069,-1.0,-0.2282604,-1.0,-0.41557074,-40.81112295389176,1.0,115032
53305,73.195337624275,0.9646270275115968,48.23135137557984,-1.0,-1.0,-1.0,-0.49253118,-59.77759599685669,1.0,107661
42890,73.19373751986345,0.9645956754684448,48.22978377342224,-0.010554671,-1.0,-0.86079645,-0.47226188,-33.368669748306274,1.0,160000
28172,73.19297092954292,0.9645806550979614,48.22903275489807,-1.0,-0.5163973,-0.63617855,-0.95921504,-35.69757282733917,1.0,160000
7929,73.19240511272224,0.9645695686340332,48.22847843170166,-1.0,-1.0,-1.0,-0.4688848,-54.98148918151856,1.0,149595
14183,73.19156855535284,0.96455317735672,48.227658867836,-1.0,-1.0,-0.00493443,-0.4028728,-51.39156222343445,1.0,160000
54476,73.1868138619825,0.964460015296936,48.2230007648468,-1.0,-1.0,-1.0,-0.13603045,-52.51663327217102,1.0,160000
33833,73.18594384030479,0.9644429683685304,48.222148418426514,-0.5737129,-1.0,-1.0,-0.11869039,-59.92132306098938,1.170087814331055,160000
21443,73.1824667925084,0.964374840259552,48.2187420129776,-1.0,-0.0036901236,-1.0,-0.8118535,-58.867812156677246,1.0,109017
23804,73.18066894693979,0.9643396139144896,48.21698069572449,-1.0,-1.0,0.1735872,-0.35683703,-60.0,1.0,160000
19350,73.18016396807982,0.964329719543457,48.21648597717285,-0.61638325,-1.0,-0.9830649,0.46072736,-29.30704951286316,1.0,83737
37013,73.17966811524138,0.9643200039863586,48.21600019931793,-0.06536174,-0.7873689,-0.41115203,-0.9252002,-60.0,1.0,110239
10147,73.17870074560796,0.96430104970932,48.215052485466,-1.0,-1.0,0.051845253,0.0549258,-60.0,1.0,99595
31990,73.17789764599611,0.9642853140830994,48.21426570415497,-0.08441687,-1.0,-1.0,-0.20169292,-24.79715228080749,1.0,160000
34922,73.17767557673827,0.9642809629440308,48.21404814720154,-1.0,-1.0,0.26440084,-0.8767245,-20.0,1.0,113164
6341,73.17650438921962,0.9642580151557922,48.21290075778961,-0.6245307,-1.0,1.0,-0.004620135,-60.0,1.0,138477
54895,73.17360835946899,0.964201271533966,48.2100635766983,-1.0,-0.292754,-0.8308381,-0.5916095,-20.0,1.687275528907776,160000
58037,73.1720477873796,0.9641706943511964,48.20853471755981,-1.0,-0.5723002,-0.20743638,-0.5695752,-57.24473834037781,1.0,160000
30091,73.1678102054629,0.9640876650810242,48.20438325405121,-1.0,-1.0,-0.59211427,0.029447764,-46.10356569290161,1.0,130968
47934,73.1665964243515,0.9640638828277588,48.20319414138794,-0.19889677,-0.005060792,-0.7522334,0.87659,-59.0422797203064,1.0,154005
6181,73.16652949905948,0.9640625715255736,48.20312857627869,-1.0,-0.7734136,1.0,-0.65737104,-55.35634994506836,1.0,160000
17543,73.16498413271106,0.9640322923660278,48.20161461830139,-0.83160555,-1.0,0.3934821,-0.90615565,-56.99558615684509,1.0,160000
22323,73.16493241767841,0.9640312790870668,48.20156395435333,-1.0,-1.0,-1.0,-0.8201843,-29.10520076751709,1.5060487985610962,134356
17090,73.16446394027344,0.9640220999717712,48.20110499858856,-1.0,-1.0,1.0,-0.5351912,-46.676822900772095,1.0,132743
52695,73.16441222522967,0.96402108669281,48.2010543346405,-1.0,-0.8793514,-0.71945107,-0.34256396,-60.0,1.0,126344
7336,73.16418711267333,0.9640166759490968,48.200833797454834,-0.41357678,-1.0,-0.7161359,-0.63293636,-44.775754511356354,1.0,137291
51018,73.1622645289069,0.9639790058135986,48.19895029067993,-0.5651176,-1.0,-0.98475605,-0.65787596,-20.0,1.0,160000
35298,73.16167741045867,0.963967502117157,48.19837510585785,-1.0,-1.0,-1.0,-0.85147387,-38.20368945598602,1.0,117463
11445,73.15925592561281,0.9639200568199158,48.19600284099579,-1.0,-0.31640953,-0.4785698,-0.69483984,-53.90960335731506,1.0,104750
35994,73.15734550621067,0.9638826251029968,48.19413125514984,-1.0,-1.0,-0.95326483,-0.79615337,-60.0,1.0,160000
39226,73.15672492378738,0.9638704657554626,48.19352328777313,-1.0,-1.0,-1.0,0.5152931,-29.523686170578003,1.0,160000
8077,73.15559327307639,0.9638482928276062,48.19241464138031,-1.0,-1.0,-0.0024841428,-0.7848147,-20.0,1.0,160000
12769,73.15505178410812,0.9638376832008362,48.19188416004181,-1.0,-1.0,-0.25914416,-0.84338933,-45.9624844789505,1.0,160000
22626,73.1549270591039,0.9638352394104004,48.19176197052002,-0.63680774,-0.74798775,0.69378185,-0.7544247,-44.31250989437103,1.0,160000
28886,73.15395055336069,0.9638161063194276,48.190805315971375,-1.0,0.04946816,-0.12301439,-0.9376948,-47.07878768444061,1.0,160000
2017,73.15306226742022,0.9637987017631532,48.18993508815765,-1.0,-0.92075306,-1.0,-0.50303054,-56.1792516708374,1.0,155097
15215,73.15292233193412,0.9637959599494934,48.18979799747467,-0.53216434,-1.0,0.065948546,-0.7664683,-57.64799356460571,1.0,160000
43914,73.15108491740924,0.9637599587440492,48.18799793720245,-0.3677358,-1.0,0.14519864,-0.97276384,-21.69796705245972,1.0,160000
60601,73.15107883325285,0.9637598395347596,48.187991976737976,-0.3729769,-1.0,-1.0,-0.72411174,-43.63039493560791,1.5691960453987122,160000
23831,73.1508172145143,0.9637547135353088,48.18773567676544,-1.0,-1.0,-0.63588536,-0.5388451,-44.77708876132965,1.0,102358
51611,73.15002627396991,0.9637392163276672,48.18696081638336,-1.0,-1.0,1.0,-0.5516062,-33.835769295692444,1.0,160000
46578,73.14748613624208,0.9636894464492798,48.18447232246399,-0.8103072,-0.65329564,-1.0,-0.8245665,-20.0,2.915240883827209,160000
8078,73.1469811504598,0.9636795520782472,48.18397760391235,-1.0,-1.0,-1.0,-0.75772,-27.54537582397461,1.0,160000
35992,73.1445626929929,0.9636321663856506,48.18160831928253,-0.97488296,-0.23681605,-1.0,-0.45842308,-41.34303331375122,1.0,160000
24728,73.14450185126444,0.9636309742927552,48.18154871463776,-1.0,-1.0,0.2550354,-0.4956512,-20.0,1.0,144126
34842,73.14141108944501,0.9635704159736632,48.17852079868317,-1.0,-0.7848523,-1.0,-0.22029123,-24.43514108657837,1.0,130587
33232,73.14035548386364,0.9635497331619264,48.17748665809631,-0.29430026,-1.0,-1.0,0.010830626,-20.0,1.0,160000
20348,73.14016383208043,0.9635459780693054,48.17729890346527,-0.030802548,-0.8271245,-1.0,-0.45475277,-60.0,1.0,139805
28258,73.13986266496184,0.9635400772094728,48.17700386047363,-1.0,-1.0,-0.6619516,1.0,-22.24713444709778,1.0,120471
11962,73.13666238174844,0.963477373123169,48.17386865615845,-1.0,-1.0,-1.0,0.02150102,-60.0,1.0,160000
23609,73.13620302516013,0.963468372821808,48.17341864109039,-0.71589124,-1.0,-1.0,0.01781869,-47.47181415557861,1.0,160000
41398,73.13291147407367,0.9634038805961608,48.17019402980805,-0.43421453,-1.0,-1.0,-0.6091515,-24.478968381881717,1.0,147371
10766,73.13229696958517,0.9633918404579164,48.16959202289581,-1.0,-0.55427396,-0.22477156,-0.3168208,-60.0,1.0,137713
16526,73.13221787493669,0.963390290737152,48.169514536857605,-1.0,-0.07506889,-1.0,-0.95282245,-60.0,1.0,160000
48125,73.13008840265881,0.9633485674858092,48.16742837429047,-0.2746861,-1.0,-1.0,0.6279088,-20.0,1.0,160000
57941,73.1281840444329,0.96331125497818,48.165562748909,-1.0,-0.78352916,-1.0,0.5720066,-60.0,1.0,143700
30433,73.12762125457415,0.9633002281188964,48.16501140594482,-0.5406295,-1.0,-0.21342695,-0.20668271,-25.718506574630737,1.0,160000
10337,73.12727445427161,0.963293433189392,48.1646716594696,-0.5579909,-1.0,-0.790684,-0.8967186,-24.214661121368408,1.0,111455
33094,73.12684247487782,0.963284969329834,48.1642484664917,-1.0,-1.0,-1.0,-0.6544739,-20.66741704940796,1.0,88140
45575,73.12626447415973,0.9632736444473268,48.16368222236633,-0.6498404,-1.0,-1.0,-0.9196199,-20.0,1.0,131345
50653,73.12515410397135,0.9632518887519836,48.16259443759918,-1.0,-1.0,-1.0,0.09612152,-60.0,1.0,128456
28100,73.12324974185788,0.9632145762443542,48.16072881221771,-1.0,-0.8843361,-1.0,-0.8021945,-49.84868466854096,1.0,160000
30084,73.12248921343799,0.9631996750831604,48.15998375415802,-1.0,-1.0,-1.0,0.73375154,-53.69030952453613,1.0,160000
26440,73.12129670439373,0.9631763100624084,48.15881550312042,-1.0,-1.0,0.10630143,-0.5645887,-20.0,1.0,160000
40834,73.12098640857656,0.9631702303886414,48.15851151943207,-1.0,-0.92573,-0.8145542,0.13317548,-24.3110466003418,1.0,148738
47532,73.11747580410477,0.9631014466285706,48.15507233142853,-1.0,0.052051425,-0.7307525,-0.5651572,-27.106773853302,1.0,102168
59099,73.11528243425057,0.9630584716796876,48.152923583984375,-1.0,-1.0,-1.0,-0.88562346,-31.4882093667984,1.0,160000
314,73.11099912094372,0.9629745483398438,48.14872741699219,-1.0,-0.7414793,-0.3064711,-0.94709146,-36.376991271972656,1.0,125010
35725,73.10909170554265,0.9629371762275696,48.14685881137848,-1.0,0.03335464,-1.0,0.09197684,-20.0,1.0,160000
28996,73.10853803763223,0.9629263281822203,48.14631640911102,-1.0,-1.0,-1.0,-0.62879825,-60.0,1.0,121039
41366,73.10709606676427,0.9628980755805968,48.144903779029846,-1.0,-1.0,-0.38297272,0.5292865,-30.085288286209103,1.0,160000
20666,73.10462281092913,0.9628496170043944,48.14248085021973,-1.0,-0.58126557,-1.0,-0.8198265,-54.493807554245,1.0,140171
59812,73.10435814502551,0.9628444314002992,48.14222157001496,0.15243375,-1.0,-1.0,-0.7620443,-54.61763381958008,1.0,160000
30709,73.1042121224456,0.96284157037735,48.14207851886749,-0.24419314,-0.7031671,0.41488594,-0.4624799,-33.01854372024536,1.0,133772
40303,73.1031686691696,0.962821125984192,48.1410562992096,-0.29893768,-1.0,-0.6836582,-0.6232068,-38.59931528568268,1.0,126630
57624,73.10004439092116,0.9627599120140076,48.13799560070038,-0.67812717,-1.0,-1.0,-0.013742616,-20.0,1.0,141654
24564,73.098365127719,0.9627270102500916,48.13635051250458,-1.0,-1.0,-1.0,-0.32894158,-20.0,1.0,160000
57419,73.09829515839358,0.9627256393432616,48.136281967163086,-1.0,-1.0,-0.6288616,-0.38346925,-20.0,1.0,127445
57977,73.09804266037624,0.9627206921577454,48.13603460788727,-1.0,-0.8010967,0.88510185,-0.89626,-20.0,1.0,160000
4604,73.097851005237,0.9627169370651244,48.13584685325623,-1.0,-1.0,-1.0,-0.72128403,-38.54015454649925,1.0,110502
45766,73.09632689001681,0.962687075138092,48.1343537569046,-1.0,-1.0,-0.74141526,-0.81560004,-33.28785538673401,1.0,160000
447,73.09515566309598,0.9626641273498536,48.13320636749268,-1.0,-1.0,-1.0,-0.8503903,-21.16904377937317,6.195866823196411,129157
4923,73.09452898040627,0.9626518487930298,48.13259243965149,-1.0,-1.0,0.33202487,-0.56280565,-60.0,1.0,160000
46699,73.0930687482651,0.9626232385635376,48.13116192817688,-1.0,-0.9793171,-1.0,-0.032826602,-20.0,1.0,85369
36138,73.09251811883252,0.9626124501228333,48.13062250614166,-1.0,-1.0,-1.0,-0.92382824,-60.0,1.0,160000
50199,73.09249378161712,0.962611973285675,48.13059866428375,-0.9444481,-1.0,-1.0,-0.9077824,-36.248605251312256,1.0,136888
23607,73.0923690533844,0.9626095294952391,48.13047647476196,-0.33800316,-0.79428464,-0.60643363,0.04733765,-44.90934073925018,1.0,160000
3998,73.09215610272828,0.962605357170105,48.13026785850525,-1.0,-0.048374593,-0.93965423,-0.2673285,-30.221821069717407,1.0,126698
46737,73.09082972393296,0.9625793695449828,48.128968477249146,-1.0,-0.9752219,-1.0,-0.9093671,-54.56456899642944,1.0,160000
8973,73.09009352254391,0.9625649452209472,48.12824726104736,-1.0,-0.7810019,-1.0,-0.44132197,-42.90921717882157,1.0,160000
25499,73.08955810321085,0.9625544548034668,48.12772274017334,-1.0,-0.5412669,-1.0,-0.99263954,-20.0,6.3366899490356445,152998
7867,73.08748335217328,0.96251380443573,48.1256902217865,-0.5675358,-1.0,0.6713673,-0.9650533,-56.019169092178345,1.0,160000
19474,73.0866832644198,0.962498128414154,48.1249064207077,-0.4213761,-1.0,-0.6146438,-0.5466037,-32.12266027927399,1.0,160000
51095,73.08623606696673,0.962489366531372,48.1244683265686,-1.0,-0.971991,-1.0,-0.85225666,-32.01420903205872,1.0,123196
2178,73.08495227517847,0.9624642133712769,48.12321066856384,-1.0,-0.029214501,0.09897035,-0.7215465,-20.0,6.977082848548889,160000
6786,73.08448986659452,0.962455153465271,48.12275767326355,-0.28640062,-0.34409803,-0.33907855,-0.73067236,-20.0,1.0,160000
14805,73.08428604173004,0.962451159954071,48.12255799770355,-0.9679265,-1.0,-1.0,-0.25458956,-49.886765480041504,1.0,73853
44148,73.08339164585253,0.9624336361885072,48.12168180942536,-1.0,-1.0,-0.14380336,-0.24405093,-21.890692710876465,1.0,160000
33300,73.08312697762113,0.9624284505844116,48.12142252922058,-1.0,-1.0,-1.0,-0.591082,-46.94480538368225,1.0,143392
45204,73.080510715381,0.9623771905899048,48.11885952949524,-0.61346984,-1.0,-0.6231646,-0.7911571,-37.78271466493607,1.0,160000
19866,73.08020041432246,0.9623711109161376,48.118555545806885,-1.0,-0.5851198,0.025047898,-0.92809224,-20.0,1.0,108424
1957,73.07937902897488,0.9623550176620485,48.11775088310242,-1.0,-0.39301813,-1.0,-0.7277217,-43.01051467657089,1.0,160000
16857,73.07724951010469,0.9623132944107056,48.11566472053528,-1.0,-1.0,-1.0,-0.6897824,-45.6582772731781,1.0,160000
27834,73.07705176897136,0.9623094201087952,48.11547100543976,-1.0,-1.0,-1.0,-0.90650785,-60.0,1.0,136930
39061,73.07694529296978,0.962307333946228,48.1153666973114,-1.0,-1.0,-1.0,-0.85401917,-60.0,1.0,130685
46698,73.07617258127463,0.9622921943664552,48.114609718322754,-1.0,0.05796802,-0.29276603,0.035321757,-20.0,1.0,160000
15156,73.07574363491182,0.9622837901115416,48.11418950557709,-0.9621545,-0.03434384,-1.0,0.6961244,-60.0,1.0,109166
17284,73.07451459668394,0.9622597098350524,48.11298549175263,-1.0,-1.0,-1.0,-0.7723494,-20.0,1.0,117303
39853,73.06881051255192,0.9621479511260986,48.10739755630493,-1.0,0.2099266,-0.85570824,-0.60352194,-48.74749481678009,1.0,120176
8219,73.06826900413049,0.9621373414993286,48.10686707496643,-0.64858353,-1.0,-0.5216435,-0.41363075,-20.0,1.0,126679
10196,73.06822945575786,0.9621365666389464,48.10682833194733,-1.0,-0.1281333,-0.16542083,-0.47322196,-22.567789554595947,1.0,148984
30371,73.06757538642427,0.9621237516403198,48.10618758201599,-0.7128823,-1.0,-0.945582,-0.78988355,-31.417808532714844,1.0,160000
49356,73.0671920712905,0.962116241455078,48.10581207275391,-0.38900322,-1.0,-1.0,-0.58667856,-22.96832919120789,1.0,127739
5177,73.06694565438661,0.9621114134788512,48.105570673942566,-0.587324,-1.0,-1.0,-0.94367254,-48.95397901535034,1.0,160000
11113,73.06539718215505,0.9620810747146606,48.10405373573303,-0.45350748,-1.0,-0.9815723,-0.72003746,-33.588197231292725,1.0,160000
32630,73.063477561957,0.9620434641838074,48.10217320919037,-1.0,-1.0,0.6243976,-0.62642574,-60.0,1.0,128599
55842,73.06323418686236,0.9620386958122252,48.10193479061127,-1.0,-1.0,-1.0,-0.42848408,-60.0,1.0610578060150146,153710
19480,73.06293605233792,0.9620328545570374,48.10164272785187,-1.0,-1.0,-1.0,-0.77660125,-50.72449564933777,1.0,149915
32078,73.062558820846,0.9620254635810852,48.10127317905426,-1.0,-1.0,1.0,-0.9177966,-60.0,1.0,110660
45386,73.06218767367538,0.9620181918144226,48.10090959072113,0.19251657,-1.0,-0.9282893,-0.63995636,-40.60333639383316,1.0,111344
40275,73.06118983509731,0.9619986414909364,48.099932074546814,-1.0,-1.0,-1.0,-0.97387874,-60.0,1.0,160000
44289,73.06104989428809,0.9619958996772766,48.09979498386383,-1.0,-1.0,0.024924517,-0.25280088,-59.640902280807495,1.0,160000
36657,73.0610225145636,0.9619953632354736,48.09976816177368,-0.5090521,-1.0,0.4617173,-0.87655145,-53.89713525772095,1.0,134452
46147,73.0588868950951,0.9619535207748412,48.09767603874207,-1.0,-1.0,0.11018145,-0.4774629,-38.73454347252846,1.0,130834
25811,73.05860701320117,0.961948037147522,48.0974018573761,-0.37918186,-1.0,1.0,-0.5060347,-20.0,1.0,160000
37047,73.05484381544959,0.9618743062019348,48.09371531009674,0.20114279,-1.0,-1.0,-0.5520122,-60.0,1.0,103302
7187,73.05480426685673,0.9618735313415528,48.09367656707764,-1.0,-0.25193596,-0.079331756,-0.5216194,-20.0,1.0,110538
26285,73.0546308614804,0.9618701338768004,48.09350669384003,-1.0,-0.8645337,-1.0,-0.7791426,-32.53172993659973,1.0,160000
630,73.05261692444135,0.9618306756019592,48.09153378009796,-1.0,-1.0,-0.8980621,0.36561656,-34.86462891101837,1.0,159444
33823,73.05248002533682,0.9618279933929444,48.09139966964722,-0.9359487,-0.4066488,0.44438267,-0.9428834,-21.986660957336422,1.0,160000
17966,73.05081898224894,0.961795449256897,48.08977246284485,-1.0,-1.0,-0.52942014,-0.58140355,-43.76621186733246,1.0,148246
10629,73.04843997715082,0.9617488384246826,48.08744192123413,-0.9282923,-0.9994755,0.10088974,-0.49077773,-56.98428511619568,1.0,73548
55285,73.04628305106112,0.9617065787315368,48.08532893657684,-0.5920095,0.06978071,-1.0,0.04895352,-20.0,1.0,150160
55850,73.04574457978973,0.9616960287094116,48.08480143547058,-1.0,-1.0,-1.0,-0.37404585,-23.13398122787476,1.0,160000
19331,73.0439314214034,0.9616605043411256,48.083025217056274,-1.0,-1.0,1.0,-0.54704297,-37.430089712142944,1.0,160000
52735,73.04003434313901,0.9615841507911682,48.07920753955841,-1.0,-1.0,-0.80592144,0.81656116,-42.12876915931702,1.0,160000
38377,73.0386318801756,0.9615566730499268,48.07783365249634,-0.740807,-1.0,-0.065292835,-0.74851215,-60.0,1.0,124035
47161,73.03777093179139,0.9615398049354552,48.076990246772766,-1.0,-0.90491444,-1.0,-0.44300818,-50.99056005477905,1.0,148935
22964,73.0375397229856,0.9615352749824524,48.07676374912262,-1.0,-0.9606842,0.7734802,0.07512909,-20.0,1.0,160000
55388,73.03682784310212,0.961521327495575,48.07606637477875,-0.44543135,-0.5206028,-1.0,-0.054465696,-25.697609186172485,1.0,160000
21867,73.0360399074302,0.961505889892578,48.075294494628906,-1.0,-0.023443818,0.012618065,-0.798001,-57.6835036277771,1.0,160000
41754,73.03512115585785,0.961487889289856,48.0743944644928,-0.11002004,-0.08531535,-1.0,-0.69746184,-52.65188217163086,1.0,127627
60739,73.03381299904076,0.9614622592926024,48.07311296463013,-0.6379076,-1.0,-0.38362518,-0.2547551,-20.0,1.0,160000
1707,73.0332927783416,0.961452066898346,48.0726033449173,0.10487056,-0.29231936,-1.0,-0.6069409,-54.873164892196655,1.0,143386
26892,73.0318933536808,0.9614246487617492,48.07123243808746,-1.0,-1.0,0.040278673,-0.8535354,-47.40789771080017,1.243317484855652,160000
44082,73.031315330214,0.961413323879242,48.0706661939621,-0.4535041,-0.79693925,-0.33365116,-0.4491158,-50.12020587921143,1.0,160000
56668,73.03009843825141,0.9613894820213318,48.06947410106659,-0.72607505,-0.84760183,-0.7828666,-0.3338403,-41.46299168467522,1.0,160000
46311,73.0285651535029,0.961359441280365,48.06797206401825,-1.0,0.04895425,0.620139,0.019815698,-32.94317066669464,1.0,160000
9729,73.02652381455447,0.9613194465637208,48.06597232818604,-1.0,-0.2882883,-0.85424006,-0.67767465,-30.222591161727905,1.0,141910
22384,73.02644471643816,0.9613178968429564,48.06589484214783,-1.0,-1.0,-0.3417645,-0.93765306,-60.0,1.0,160000
47376,73.02128812209537,0.9612168669700624,48.06084334850311,-0.9059539,-1.0,0.8942456,0.5420878,-20.0,1.0,119682
57134,73.02075572971994,0.9612064361572266,48.06032180786133,-1.0,-1.0,-1.0,-0.6682681,-49.215731620788574,1.0,106368
29705,73.02041804078077,0.9611998200416564,48.059991002082825,-1.0,-0.9036315,-0.7313113,-0.90986073,-55.089404582977295,1.0,160000
22385,73.02036023816481,0.9611986875534058,48.05993437767029,-0.61445266,-1.0,0.11669433,-0.4895479,-25.07284045219421,1.0,113941
60529,73.01970311359106,0.9611858129501344,48.05929064750672,0.11502373,-0.73943174,-0.7527326,1.0,-20.0,1.0,160000
27883,73.0196179307628,0.9611841440200806,48.05920720100403,-1.0,-1.0,-1.0,-0.52056706,-45.38180351257324,1.0,160000
45664,73.01958142383549,0.9611834287643432,48.05917143821716,-1.0,0.031523228,-0.5742278,-0.88283384,-54.95449423789978,1.0,160000
23733,73.0190459888379,0.9611729383468628,48.05864691734314,-1.0,0.13606548,-0.13323152,-0.77003294,-45.95607936382294,1.0,121132
29862,73.01653309345095,0.9611237049102784,48.05618524551392,-0.60187954,-1.0,-0.26443577,-0.9657984,-57.60491609573364,1.0,160000
51663,73.01464081456322,0.961086630821228,48.0543315410614,-1.0,-0.49787766,-1.0,-0.8962394,-39.09066587686539,1.0,160000
34936,73.0135608154957,0.9610654711723328,48.05327355861664,-1.0,-0.13689756,-0.0610528,-0.2369231,-20.72867155075073,1.0,160000
5813,73.01260554831083,0.9610467553138732,48.05233776569367,-0.8445329,-1.0,-1.0,-0.32096475,-60.0,1.0,160000
1958,73.01166549201662,0.9610283374786376,48.051416873931885,-1.0,-1.0,-1.0,-0.96041316,-20.0,1.0,135756
13778,73.00959980068178,0.9609878659248352,48.04939329624176,-1.0,0.14840782,-0.92775214,-0.14682439,-21.33071780204773,1.0,84608
46289,73.00905219443405,0.9609771370887756,48.04885685443878,-0.72785616,-0.8583764,-0.95654434,-0.7366178,-20.0,1.0,124198
7922,73.00865365869761,0.96096932888031,48.0484664440155,-0.6884446,-1.0,0.25358927,-0.5461823,-60.0,1.0,119078
25755,73.00802086899571,0.9609569311141968,48.04784655570984,-1.0,-1.0,-0.4008398,-0.18581267,-55.8299458026886,1.0,88717
34018,73.00746413561073,0.9609460234642028,48.047301173210144,-1.0,-0.4297098,0.374255,-0.45811692,-56.77462100982666,1.0,127624
50687,73.00717816322083,0.960940420627594,48.0470210313797,-1.0,-0.68680894,-0.72753644,-0.9110846,-20.0,1.0,108854
3904,73.00263910754347,0.9608514904975892,48.042574524879456,-0.5389484,-1.0,-1.0,-0.57477814,-20.0,1.0,160000
15036,73.00197893586349,0.9608385562896729,48.04192781448364,-1.0,-1.0,-1.0,0.22637382,-47.38711774349213,1.0,160000
15459,73.00186941427694,0.9608364105224608,48.04182052612305,-1.0,-0.5934701,-1.0,-0.7821944,-50.14307618141174,1.0,125686
25015,72.99926827513042,0.960785448551178,48.0392724275589,-1.0,-1.0,-0.46038744,-0.37026873,-47.27677226066589,1.0,160000
15516,72.99877238512587,0.9607757329940796,48.03878664970398,-0.8307328,-1.0,-1.0,-0.9629182,-32.14749574661255,1.0,106676
14025,72.99677361272113,0.9607365727424622,48.03682863712311,-1.0,0.40138245,-0.62718284,-0.621714,-29.60414409637451,1.0,149926
57915,72.99624121492063,0.9607261419296264,48.03630709648132,-1.0,-1.0,-1.0,0.5219401,-50.93568563461304,1.0,160000
37034,72.99606172077847,0.9607226252555848,48.03613126277924,-0.6593305,-0.11498737,0.4098382,-0.44858113,-60.0,1.0,160000
17324,72.99598262166072,0.9607210755348206,48.03605377674103,-1.0,-1.0,-0.5217163,-0.9326355,-43.39872986078262,1.0,160000
21834,72.9935001249505,0.9606724381446838,48.03362190723419,-1.0,-1.0,0.3685372,-0.8356508,-43.85170131921768,1.0,160000
42955,72.99307724841717,0.96066415309906,48.033207654953,-1.0,-1.0,-0.7629014,-0.03470207,-29.85527992248535,1.0,160000
18160,72.99240490499878,0.9606509804725648,48.03254902362824,0.118460536,-1.0,-0.9740376,-0.83607227,-20.0,1.0,160000
7252,72.99217977639134,0.9606465697288512,48.032328486442566,-0.5516739,-0.38663024,-1.0,-0.59457076,-60.0,1.0,160000
438,72.99197290143617,0.9606425166130066,48.03212583065033,-1.0,-0.95324785,-1.0,-0.20789546,-60.0,1.0,160000
56180,72.9917538573466,0.9606382250785828,48.03191125392914,-0.48979133,-1.0,1.0,-0.48497358,-37.23860502243042,1.0,160000
34228,72.99147396764755,0.9606327414512634,48.03163707256317,-0.07987094,0.15491915,-0.66668755,0.25523883,-39.24148619174957,1.0,160000
37816,72.98870549169513,0.9605785012245178,48.02892506122589,-0.4819497,-0.2209279,1.0,-0.88963515,-51.21127843856812,1.0,142395
22576,72.98862639233536,0.9605769515037536,48.02884757518768,-1.0,-1.0,-1.0,-0.30762494,-20.0,1.2068597078323364,160000
29225,72.98747640904156,0.9605544209480286,48.02772104740143,-1.0,-1.0,0.108563125,-0.3852135,-52.61911034584045,1.0,160000
47969,72.98677364120228,0.9605406522750854,48.02703261375427,-1.0,-1.0,-1.0,0.13163905,-20.0,1.0,145869
22507,72.98476877424585,0.9605013728141784,48.02506864070892,-1.0,-1.0,0.9107842,-0.82955384,-43.87139707803726,1.0,160000
5818,72.98369788863097,0.9604803919792176,48.02401959896088,-1.0,-1.0,-1.0,-0.6024456,-20.0,1.2420881390571594,160000
29797,72.98149831241969,0.9604372978210448,48.021864891052246,-1.0,-1.0,-1.0,-0.7417614,-20.0,1.0,156188
30234,72.98148005866678,0.9604369401931764,48.02184700965881,0.034396052,0.14028871,-1.0,-0.30335125,-60.0,1.0,160000
38606,72.98082900805548,0.9604241847991944,48.02120923995972,-1.0,-0.9486847,0.9530753,-0.92673516,-60.0,1.0,140466
33295,72.97866897906303,0.9603818655014038,48.01909327507019,-0.7567237,-1.0,-0.4124342,-0.57737267,-35.969217121601105,1.0,160000
49646,72.97765285207672,0.9603619575500488,48.01809787750244,-1.0,-1.0,-1.0,-0.44913808,-20.0,1.0,160000
10773,72.97726648032544,0.9603543877601624,48.01771938800812,-0.25265115,-0.64062417,-1.0,-0.9737699,-48.0266797542572,1.0,160000
49603,72.97662455546745,0.9603418111801147,48.01709055900574,-0.012206078,-1.0,-0.29830164,-0.2119134,-35.287155508995056,1.0,160000
3685,72.97535895903654,0.9603170156478882,48.01585078239441,-1.0,-1.0,0.22930396,-0.11320546,-57.91301369667053,1.0,115382
19514,72.97525552083724,0.9603149890899658,48.01574945449829,-1.0,-1.0,-1.0,-0.8410841,-20.0,1.5108919739723206,160000
37725,72.97412378495392,0.9602928161621094,48.01464080810547,-1.0,-0.8476683,-1.0,-0.6546912,-55.006359815597534,1.0,160000
30759,72.97289469484232,0.96026873588562,48.013436794281006,-0.45895654,-0.89284515,-0.35755968,-0.89720213,-58.197184801101685,1.0,144464
20930,72.97175991554236,0.9602465033531188,48.012325167655945,-1.0,0.07868731,-1.0,-0.10196791,-36.799721121788025,1.1606371998786926,160000
42544,72.97118796223359,0.9602352976799012,48.011764883995056,-0.56992024,-0.9960955,0.24743688,-0.97611135,-20.0,2.600455343723297,152622
46142,72.97088677400028,0.9602293968200684,48.01146984100342,-1.0,-1.0,0.45888686,-0.46435985,-20.0,1.0,160000
2847,72.97004405520747,0.9602128863334656,48.01064431667328,-0.779097,-1.0,-1.0,-0.36420563,-29.074724912643436,1.0,160000
33872,72.96908572842314,0.9601941108703612,48.00970554351807,-0.70160013,-0.3414355,-0.90181535,-0.4542868,-27.60000824928284,1.0,160000
16931,72.96783533956773,0.9601696133613586,48.00848066806793,-0.5053739,-1.0,-1.0,-0.9086001,-56.09265923500061,1.0,160000
27522,72.96630809974202,0.9601396918296814,48.00698459148407,-1.0,-0.8773177,-1.0,-0.28864986,-38.88279899954796,1.0,97481
60578,72.96613468798728,0.9601362943649292,48.00681471824646,-1.0,-1.0,-0.20098948,-0.7792877,-45.43111205101013,1.0,160000
56696,72.96559619877428,0.960125744342804,48.0062872171402,-1.0,-1.0,0.8938552,-0.98456895,-32.53311038017273,1.0,160000
50619,72.96316234771788,0.9600780606269836,48.00390303134918,-1.0,-1.0,-1.0,-0.901669,-58.39245676994324,1.0,160000
42240,72.9608228060647,0.9600322246551514,48.00161123275757,-0.41373062,-0.7170819,-0.73730946,-0.42351997,-20.0,1.0,149093
42593,72.96019608840768,0.9600199460983276,48.00099730491638,-1.0,-1.0,0.7343497,-0.8489642,-49.5581591129303,1.0,160000
15326,72.95602810759507,0.9599382877349854,47.99691438674927,-1.0,-1.0,1.0,-0.99203503,-43.48528891801834,1.0,160000
58423,72.95597943040416,0.959937334060669,47.99686670303345,-1.0,-1.0,-0.32527775,-0.29766047,-20.0,1.3830105066299438,123532
48664,72.95527056869949,0.9599234461784364,47.99617230892181,-0.85076624,-1.0,-1.0,0.52288425,-60.0,1.0,160000
22500,72.95298273893717,0.9598786234855652,47.99393117427826,-1.0,-1.0,-1.0,0.9687054,-44.09296244382858,1.0,160000
40554,72.95265416746244,0.9598721861839294,47.99360930919647,-0.89476967,-1.0,-0.34666243,-0.93116415,-54.32056784629822,1.0,93546
46551,72.95167149509837,0.959852933883667,47.99264669418335,-0.17476714,-1.0,1.0,-0.84590656,-40.40395013988018,1.0,134231
45146,72.95011990633597,0.9598225355148317,47.99112677574158,-1.0,-0.5480388,-0.80432683,1.0,-20.0,1.0,160000
9805,72.94920720659542,0.9598046541213988,47.990232706069946,-0.040366113,-1.0,-1.0,-0.91812,-20.63099503517151,1.0,100173
57785,72.94846487721716,0.9597901105880736,47.98950552940369,-1.0,-1.0,-0.5675338,-0.18036325,-25.692540407180783,1.0,142844
19837,72.9478655373467,0.959778368473053,47.98891842365265,-0.5902918,-1.0,-0.41935065,-0.3579026,-23.38297724723816,1.0,160000
53536,72.9472540279845,0.9597663879394532,47.988319396972656,-1.0,-0.65391487,-1.0,-0.54765606,-20.0,1.0,106057
55290,72.94676116957918,0.9597567319869996,47.987836599349976,-0.865766,-1.0,-1.0,0.06798306,-60.0,1.1043447852134705,160000
15412,72.94634132715407,0.9597485065460204,47.98742532730103,-1.0,-0.15735805,-0.5175285,-0.30335015,-36.84149414300919,1.0,160000
35942,72.94508179943801,0.9597238302230836,47.986191511154175,0.042672873,-0.31050563,-1.0,0.41425976,-20.0,1.0,160000
46522,72.9450026986415,0.9597222805023192,47.98611402511597,-0.03465402,-1.0,-0.92126936,-0.29097998,-37.38974928855896,1.0,160000
23930,72.94481711599333,0.959718644618988,47.9859322309494,-1.0,-0.7880496,-0.89691705,-0.5551404,-57.94494390487671,1.0,160000
37873,72.94464370268616,0.9597152471542358,47.98576235771179,0.032969713,-0.764434,0.3853578,0.11972785,-42.18882843852043,1.0,111160
29619,72.94265401226494,0.9596762657165528,47.98381328582764,0.18612492,-0.72583026,-0.43783528,-0.44583666,-20.0,1.0,137024
34772,72.94207596733787,0.9596649408340454,47.98324704170227,-1.0,-0.8570382,-1.0,-0.50106925,-43.71264189481735,1.0,160000
57981,72.94129712763694,0.9596496820449828,47.982484102249146,-0.9959062,-1.0,-0.840983,-0.5528604,-60.0,1.0,160000
54208,72.93879936267179,0.9596007466316224,47.98003733158112,-1.0,-0.11550027,-1.0,-0.96252245,-60.0,1.0,160000
52105,72.93711390226116,0.9595677256584167,47.97838628292084,-1.0,-1.0,-0.4013785,-0.7414394,-39.88205008208752,1.0,94190
31942,72.93691614960828,0.9595638513565063,47.97819256782532,-0.29168683,-0.24410433,-1.0,-0.9603653,-56.20061874389648,1.0,147897
2020,72.93499034215172,0.9595261216163636,47.976306080818176,-1.0,-1.0,-0.5460774,-0.6398215,-34.551300406455994,1.0,114663
14028,72.93445793065474,0.9595156908035278,47.97578454017639,-0.052331388,-0.32197535,-1.0,0.17096382,-20.0,1.0,160000
34843,72.93412022958684,0.9595090746879578,47.97545373439789,0.1569972,-0.6849117,-0.51514804,-0.30400273,-45.436641573905945,1.0,153169
53738,72.93393160374443,0.9595053791999816,47.975268959999084,-1.0,-0.5899969,-1.0,0.5573618,-20.61136245727539,1.0,160000
32080,72.9318415067236,0.959464430809021,47.97322154045105,-1.0,-1.0,-0.7209096,-0.5611437,-48.51633310317993,1.0,151587
44185,72.9309044611797,0.9594460725784302,47.97230362892151,-0.014613032,-0.57589763,-1.0,-0.42531484,-35.93888521194458,1.0,160000
29224,72.92987614454458,0.959425926208496,47.971296310424805,-0.6110382,-1.0,-1.0,-0.977224,-60.0,1.0,119501
44923,72.9281389577481,0.9593918919563292,47.96959459781647,-1.0,-1.0,-1.0,0.5299403,-20.0,1.0,160000
14509,72.92755786696263,0.9593805074691772,47.96902537345886,-0.5217918,-1.0,-1.0,-0.40779716,-52.08901643753052,1.0,130409
12678,72.92694635242376,0.9593685269355774,47.96842634677887,-1.0,0.0077289343,-0.34102136,-0.5095961,-59.258668422698975,1.0,155356
58954,72.92488058822624,0.9593280553817748,47.966402769088745,-1.0,-0.5074124,-1.0,-0.84294015,-48.46188485622406,1.1745623350143433,160000
16567,72.92468283456466,0.9593241810798644,47.966209053993225,-0.109710574,-1.0,-0.0058689713,-0.9288188,-20.0,1.0,87107
51106,72.92405610746789,0.9593119025230408,47.96559512615204,-1.0,-1.0,-0.10529947,-0.94940937,-37.03594952821732,1.0,141949
44088,72.9224162722017,0.9592797756195068,47.96398878097534,-1.0,-1.0,0.521273,-0.5175313,-20.0,1.0,160000
59674,72.92223677254044,0.9592762589454652,47.96381294727325,-0.36299348,-0.3098427,-1.0,-0.5995755,-27.01769709587097,1.0,116891
16628,72.92119019797673,0.9592557549476624,47.96278774738312,-0.6265033,-0.09637904,0.5383849,-0.6372882,-60.0,1.0,115522
44874,72.91993978416346,0.9592312574386596,47.96156287193298,-1.0,-0.7882782,1.0,-0.7819762,-49.44867730140686,1.0,88678
8929,72.9190909627361,0.9592146277427672,47.96073138713837,-1.0,-0.31599867,-0.81507874,-0.9568135,-37.89271026849747,1.0,152668
35993,72.91873804764559,0.9592077136039734,47.96038568019867,-1.0,0.08103323,-0.3683462,-0.77455,-20.0,1.0,160000
22097,72.91813870034696,0.9591959714889526,47.95979857444763,-1.0,-1.0,-0.48805574,-0.35741037,-20.0,1.0,160000
5778,72.91636499654967,0.9591612219810486,47.95806109905243,-1.0,-0.17011333,-1.0,-0.46890694,-41.21075727045536,1.0,160000
56239,72.91494724951741,0.9591334462165833,47.95667231082916,-0.9651002,-1.0,-1.0,-0.14409,-50.43947339057922,1.0,151695
9855,72.91214826149793,0.95907860994339,47.953930497169495,-0.29994416,-1.0,-1.0,-0.22231352,-60.0,1.0,160000
50170,72.91204177819351,0.9590765237808228,47.95382618904114,-0.020688772,-1.0,0.24525374,-0.5373244,-20.0,1.0,160000
2086,72.91132681874132,0.9590625166893004,47.95312583446503,-1.0,-1.0,-1.0,-0.36820322,-31.314966678619385,1.0,146938
46555,72.91110168252922,0.9590581059455872,47.95290529727936,-1.0,-0.27827698,-1.0,-0.75331235,-60.0,1.0,160000
54815,72.90936752451096,0.9590241312980652,47.95120656490326,-1.0,-0.5263866,-1.0,-0.85832286,-55.67211627960205,1.0,160000
58430,72.90921540532668,0.9590211510658264,47.95105755329132,-1.0,-0.40438944,-0.5211629,-0.36156088,-30.25373518466949,1.0,134071
44896,72.90720134641641,0.9589816927909852,47.949084639549255,-0.7144563,-1.0,-1.0,-0.9075624,-40.48430144786835,1.0,160000
32625,72.90718917687103,0.958981454372406,47.9490727186203,-1.0,-1.0,-1.0,-0.7555205,-37.306436002254486,1.0,160000
34628,72.9065411484898,0.9589687585830688,47.94843792915344,-1.0,-0.9731214,-0.613513,-0.22301118,-60.0,1.0,85815
37855,72.90632209660298,0.958964467048645,47.94822335243225,-1.0,-0.35784268,-1.0,0.100026086,-20.0,1.0,160000
60468,72.90618823155117,0.9589618444442748,47.94809222221375,-1.0,-1.0,0.96221507,-0.9356054,-60.0,1.0,160000
36870,72.90231222658036,0.958885908126831,47.94429540634155,-1.0,-1.0,-1.0,0.026345909,-28.154723644256592,1.0,136257
26216,72.90185282526156,0.95887690782547,47.9438453912735,-1.0,-1.0,0.15733814,-0.25292456,-28.03233504295349,1.0,160000
58021,72.90163985773287,0.9588727355003356,47.94363677501679,-1.0,-1.0,-0.82901776,-0.61897093,-60.0,1.0,160000
48813,72.90122609219445,0.9588646292686462,47.94323146343231,-1.0,-0.70852214,-0.8890109,0.31499052,-24.05701518058777,1.0,144793
23050,72.90083362334565,0.9588569402694702,47.94284701347351,-0.734152,0.20867729,-1.0,-0.5777173,-29.079190492630005,1.0,160000
33839,72.89890474450289,0.9588191509246826,47.94095754623413,-1.0,-1.0,-1.0,0.15887484,-37.47665852308273,1.0,160000
22938,72.8972496800305,0.9587867259979248,47.93933629989624,-1.0,-1.0,-1.0,-0.12483052,-48.88672351837158,1.0,157393
33211,72.89552463918852,0.9587529301643372,47.93764650821686,0.1987822,-0.5428789,-0.13460112,-0.18683076,-51.86952352523804,1.0,160000
26923,72.89243964241537,0.9586924910545348,47.934624552726746,-1.0,-1.0,-1.0,0.12636295,-60.0,1.0,93111
33723,72.891371757991,0.9586715698242188,47.93357849121094,-0.9188507,-1.0,-0.37491828,-0.70654255,-35.197276175022125,1.0,160000
22251,72.89012437102329,0.9586471319198608,47.93235659599304,-0.74639654,-0.69066304,-1.0,-0.90947974,-20.0,1.0,114322
28249,72.88864271785384,0.9586181044578552,47.93090522289276,-1.0,-0.8574965,-1.0,-0.78714,-20.0,1.0,126191
61354,72.8878638607893,0.9586028456687928,47.93014228343964,-0.47846556,-1.0,-0.786162,-0.98055655,-20.0,1.0,142518
46523,72.8877817156935,0.9586012363433838,47.93006181716919,-1.0,-1.0,-0.27970615,-0.5241981,-46.62026405334473,1.0,86402
34777,72.88678076226275,0.9585816264152528,47.92908132076264,-0.90271515,-0.22315073,-1.0,-0.60978216,-55.265185832977295,1.0,160000
48500,72.8849857383448,0.9585464596748352,47.92732298374176,-1.0,-1.0,-0.7587768,-0.69663906,-20.0,1.0,158965
20659,72.88402737756628,0.958527684211731,47.92638421058655,-0.084870696,-1.0,-1.0,-0.8502557,-43.41661334037781,1.0,160000
10782,72.88353146374295,0.9585179686546326,47.92589843273163,-1.0,-0.45762217,-0.5844839,-0.83416593,-60.0,1.0,113594
48421,72.88183683720317,0.9584847688674928,47.92423844337464,-1.0,-1.0,-0.43194538,-0.82798594,-20.0,1.0,160000
56457,72.88021218513909,0.9584529399871826,47.92264699935913,-1.0,-0.33310962,-0.9745575,-0.91816056,-20.0,1.0,124396
28426,72.88002659747357,0.9584493041038512,47.922465205192566,-0.6217189,-0.6071668,-0.46050906,0.29289216,-32.04714775085449,1.0,121021
47301,72.87865142284791,0.9584223628044128,47.92111814022064,-1.0,-1.0,-1.0,-0.28487557,-30.252022743225098,1.0,160000
35997,72.87725495046145,0.9583950042724608,47.91975021362305,-1.0,-1.0,-0.55418324,-0.38347816,-50.34226059913635,1.0,160000
5036,72.87690202920646,0.958388090133667,47.91940450668335,-0.10070664,-1.0,-0.82485175,-0.27175006,-50.08199453353882,1.0,108156
15282,72.87566071955135,0.9583637714385986,47.91818857192993,-1.0,-0.031866014,-1.0,-0.7177166,-36.61982953548432,1.0,160000
11089,72.87378354171736,0.9583269953727722,47.91634976863861,-0.7653887,-0.7734231,-0.87798333,-0.8520247,-52.56812453269959,1.0,160000
3424,72.87265480036592,0.9583048820495604,47.91524410247803,-0.67280877,-1.0,0.09850359,-0.34806725,-28.97982120513916,1.0,147401
36467,72.872380981629,0.9582995176315308,47.91497588157654,-0.38546836,-0.95401937,-1.0,-0.8811296,-60.0,1.2842611074447632,160000
14364,72.87167818006074,0.9582857489585876,47.91428744792938,-0.8345935,-1.0,-1.0,-0.9470756,-43.55027735233307,1.0,160000
36320,72.86897345694783,0.9582327604293824,47.91163802146912,-1.0,-1.0,-1.0,-0.8094771,-20.0,8.61234700679779,149643
25981,72.86743702682102,0.9582026600837708,47.91013300418854,-1.0,-1.0,-0.31688443,-0.7390864,-60.0,1.0,122104
57204,72.86669162967132,0.9581880569458008,47.90940284729004,-1.0,-0.65944433,-1.0,-0.3089162,-20.0,1.0,160000
32622,72.86541380544577,0.9581630229949952,47.90815114974976,-0.4264024,-1.0,-1.0,-0.6942482,-48.94478857517242,1.0,116315
15601,72.86225879366057,0.958101212978363,47.90506064891815,-0.32495564,-1.0,-1.0,-0.89998835,-42.11208239197731,1.0,129775
45304,72.86154381934105,0.9580872058868408,47.90436029434204,-1.0,-1.0,0.31839347,-0.37712854,-38.69822174310684,1.0,160000
39225,72.85775597310362,0.9580129981040956,47.90064990520477,0.01311326,-0.24787927,-1.0,1.0,-36.22705161571503,1.0,160000
43764,72.85212135057105,0.9579026103019714,47.89513051509857,-1.0,-1.0,1.0,-0.694878,-43.72784078121185,1.0,152732
10142,72.85207571372528,0.9579017162322998,47.89508581161499,-0.084516585,-1.0,0.85760236,0.070238486,-20.0,1.0,160000
17901,72.85150068939379,0.9578904509544371,47.89452254772186,-0.7280461,-0.9697754,0.0048545003,-0.01938048,-48.59924077987671,1.0,160000
2608,72.85061837665856,0.9578731656074524,47.89365828037262,-1.0,-1.0,0.5269918,-0.55717224,-60.0,1.0,160000
9371,72.84887200497415,0.9578389525413512,47.891947627067566,-0.2687195,-0.4719723,-0.50888026,-0.90989953,-26.450012922286987,1.0,160000
11426,72.84861643827918,0.9578339457511902,47.89169728755951,-1.0,-0.8336874,0.7252034,-0.9552038,-43.50360870361328,1.0,126939
36319,72.84657798866255,0.9577940106391908,47.889700531959534,-1.0,0.17249918,-0.8249748,0.3351974,-60.0,1.0,160000
33137,72.84653843663787,0.9577932357788086,47.88966178894043,-0.32173485,-1.0,-1.0,-0.9563097,-29.329419136047363,1.6076431274414062,160000
47385,72.845434022146,0.9577715992927552,47.88857996463776,-0.69630075,-1.0,-0.20993751,-0.5553117,-60.0,1.0,160000
49836,72.84307915317814,0.957725465297699,47.88627326488495,-0.9327651,-0.29901057,-1.0,-0.9437909,-20.0,1.0,108151
60246,72.84276577896742,0.9577193260192872,47.88596630096436,-0.08584368,-0.54272085,-0.92662466,-0.7910024,-60.0,1.0,160000
30251,72.83832377117267,0.957632303237915,47.88161516189575,-1.0,-1.0,-1.0,-0.36326253,-30.623818039894104,1.0,160000
36314,72.83720109803238,0.9576103091239928,47.880515456199646,-1.0,-0.33213407,-0.16197622,0.6737876,-32.9505455493927,1.0,160000
60575,72.83693944513797,0.9576051831245422,47.88025915622711,-1.0,-0.74690527,-0.69203526,0.18401124,-37.11224019527435,1.0,160000
32074,72.83390305247698,0.9575456976890564,47.87728488445282,-0.9914669,-0.91609937,-1.0,-0.624223,-26.40073299407959,1.0,132240
10040,72.83000563299458,0.9574693441390992,47.87346720695496,-0.90544736,-0.16582918,-1.0,-0.40109065,-20.0,1.0,135018
16057,72.82961923743011,0.9574617743492126,47.87308871746063,-1.0,-1.0,-0.47279862,-0.08838009,-44.12352859973908,1.0,160000
33285,72.82950666548226,0.957459568977356,47.8729784488678,-0.13428569,-0.06801963,-0.79915345,-0.8489214,-20.0,1.0,160000
39356,72.82927847908516,0.9574550986289978,47.87275493144989,-1.0,-1.0,1.0,-0.6677452,-31.953312158584595,1.0,160000
2083,72.82611124964238,0.9573930501937866,47.86965250968933,-1.0,-0.38921112,-1.0,-0.6114349,-44.73551958799362,1.0,141776
2604,72.82359510952156,0.9573437571525574,47.86718785762787,-1.0,-1.0,-1.0,-0.91981494,-20.0,1.0,110177
4429,72.81914698108042,0.9572566151618958,47.86283075809479,-0.19645095,-0.9131096,-0.9025481,-0.92583555,-20.0,1.0,119969
48375,72.81902832364192,0.9572542905807496,47.86271452903748,-0.14851499,-0.23470801,-1.0,-0.11271213,-46.35879278182984,1.0,160000
40301,72.81628703092059,0.9572005867958068,47.86002933979034,-1.0,-0.5012397,-0.8097055,-0.4472376,-20.0,1.0,121859
57737,72.81600103571618,0.957194983959198,47.8597491979599,-1.0,-1.0,-1.0,-0.7409308,-55.74188590049744,1.0,160000
56928,72.8154199176953,0.957183599472046,47.859179973602295,-1.0,-1.0,0.2566734,-0.49914086,-26.176323890686035,1.0,91321
53842,72.81401732335529,0.9571561217308044,47.85780608654022,-0.97815824,-0.42157245,-1.0,-0.17623825,-60.0,1.0,160000
33099,72.81320801691864,0.9571402668952942,47.85701334476471,-1.0,-1.0,-1.0,-0.040421218,-38.76878544688225,1.0,158118
47962,72.81294636139546,0.9571351408958436,47.856757044792175,-1.0,-1.0,-1.0,0.18712421,-48.01517724990845,1.0,160000
32237,72.81246564535952,0.957125723361969,47.85628616809845,-0.8210088,-1.0,-0.82811075,-0.4620183,-28.12711238861084,1.0,151046
41952,72.80963611229981,0.957070291042328,47.8535145521164,-1.0,-0.4297772,-0.61570156,-0.6411917,-20.0,1.0,160000
3790,72.8071442949242,0.9570214748382568,47.85107374191284,-1.0,-0.14887953,-0.9555429,-0.7592321,-54.31590437889099,1.0,160000
47373,72.80434213821053,0.9569665789604188,47.848328948020935,-0.6357262,-1.0,-0.80249953,0.9748708,-36.675074994564056,1.0,160000
37250,72.80399529122232,0.9569597840309144,47.84798920154572,-0.26777798,-1.0,-1.0,-0.5855361,-24.18133974075317,1.0033089518547058,147373
668,72.8024679468674,0.9569298624992372,47.84649312496185,-0.3464868,-0.20953834,-0.8415892,-0.9847046,-20.0,1.0,160000
30816,72.80168906172034,0.9569146037101746,47.84573018550873,-1.0,-1.0,0.21046287,-0.40327471,-53.74534130096436,1.0,160000
2826,72.80129961905146,0.9569069743156432,47.845348715782166,-0.06189078,-1.0,-1.0,-0.8288585,-24.31099772453308,1.0,160000
20176,72.80015563084399,0.9568845629692078,47.84422814846039,-1.0,-1.0,-0.07162571,-0.95309764,-26.14388942718506,1.0,160000
54051,72.79982703838512,0.956878125667572,47.8439062833786,-0.7909155,-0.7073167,0.19468856,0.6043705,-47.08905637264252,1.0,160000
44712,72.79907553509148,0.9568634033203124,47.843170166015625,0.25441527,-1.0,-1.0,-0.8931657,-60.0,1.0,160000
6295,72.79793154581752,0.956840991973877,47.84204959869385,-0.9336865,-0.7247438,-1.0,-0.26823613,-20.0,1.0,160000
765,72.7957378839996,0.956798017024994,47.839900851249695,-1.0,-1.0,-1.0,-0.87081754,-60.0,1.0,142035
41258,72.79555837482951,0.956794500350952,47.83972501754761,-0.7932283,-1.0,-1.0,-0.7240314,-45.45177698135376,1.0,143684
10661,72.79388802614145,0.9567617774009703,47.83808887004852,-0.58381367,-1.0,0.0109472275,-0.61560124,-20.0,1.0,160000
29334,72.79256148245196,0.9567357897758484,47.83678948879242,-1.0,-0.58414525,-1.0,-0.9197017,-60.0,1.0,160000
57784,72.79131404390569,0.9567113518714904,47.83556759357453,-1.0,-1.0,-1.0,0.09232444,-60.0,1.0,153684
14691,72.7898657973603,0.9566829800605774,47.83414900302887,-1.0,-0.71466935,0.12586486,-0.9353888,-25.665297508239743,1.0,112394
30050,72.78849057083505,0.9566560387611388,47.83280193805695,-1.0,0.13667428,-1.0,-0.6433079,-43.4924840927124,1.0,160000
55990,72.78805853047977,0.9566475749015808,47.83237874507904,-1.0,-1.0,-0.67542076,-0.37153634,-27.60911464691162,1.0,160000
8971,72.78637600637835,0.95661461353302,47.830730676651,-1.0,-1.0,1.0,-0.9117806,-33.26999366283417,1.0,160000
57877,72.78567926458548,0.9566009640693665,47.83004820346832,-0.45325297,-1.0,-1.0,-0.5803791,-57.1112334728241,1.0,160000
44740,72.78471477888559,0.9565820693969728,47.82910346984863,-1.0,-1.0,-1.0,-0.5092423,-28.281866312026978,1.0,160000
42343,72.78402107915042,0.956568479537964,47.82842397689819,-1.0,-0.6213828,1.0,-0.9136206,-53.183499574661255,1.0,112632
55919,72.78249372200456,0.9565385580062866,47.82692790031433,-1.0,-1.0,0.39259326,-0.5451884,-43.1580513715744,1.0,160000
56667,72.78229899911085,0.956534743309021,47.82673716545105,-0.9079842,0.0014864206,-0.44553772,-0.31304654,-24.31393384933472,1.0,154363
12076,72.78161442631144,0.9565213322639464,47.82606661319733,-1.0,-1.0,-1.0,0.5051254,-34.49361503124237,1.0,160000
11241,72.78145925644958,0.956518292427063,47.82591462135315,-1.0,-1.0,-1.0,-0.1735315,-41.87428280711174,1.0,160000
22730,72.78123715055129,0.9565139412879944,47.82569706439972,-1.0,-1.0,-1.0,0.0929645,-36.79616928100586,1.0,160000
59621,72.7800657697865,0.956490993499756,47.82454967498779,-0.047900796,-0.6395866,-0.38811073,-0.94491637,-25.08668541908264,1.0,139826
53631,72.77986191904915,0.956486999988556,47.8243499994278,-0.6081238,-1.0,0.4032609,-0.35995921,-57.74895906448364,1.0,160000
21364,72.77944508987522,0.9564788341522216,47.82394170761109,-1.0,-1.0,-1.0,-0.34945655,-38.42093497514725,1.0,160000
18006,72.77734573015405,0.9564377069473268,47.82188534736633,-0.61404264,-1.0,-0.1729182,-0.8099468,-54.22309994697571,1.0,160000
36917,72.77569666658366,0.9564054012298584,47.82027006149292,-0.6599637,-1.0,-1.0,-0.6693486,-20.48456907272339,1.0,129950
23571,72.77368858025253,0.9563660621643066,47.81830310821533,0.16436839,-0.98019445,-1.0,-0.46135914,-34.76028680801392,1.0,160000
26414,72.77257500437597,0.9563442468643188,47.81721234321594,-1.0,-1.0,0.09619939,-0.3286808,-52.00669527053833,1.0,160000
37050,72.76920384800373,0.9562782049179076,47.813910245895386,-0.57868505,0.08270931,-0.4118859,-0.30874982,-23.7317955493927,1.0,160000
8972,72.76775558802544,0.9562498331069946,47.81249165534973,-1.0,-0.75262463,-0.95347935,0.48170787,-23.233795166015625,1.0,116142
9113,72.7663377528242,0.9562220573425292,47.81110286712647,-1.0,-1.0,-1.0,-0.99398875,-36.42099916934967,1.0,160000
60577,72.76220898757154,0.9561411738395692,47.807058691978455,-1.0,-0.53199154,-1.0,-0.77977157,-42.3351201415062,1.0,160000
18793,72.76177998502362,0.9561327695846558,47.80663847923279,-1.0,-0.25272548,0.024664342,-0.463936,-60.0,1.1493915915489197,160000
6244,72.76120189636168,0.9561214447021484,47.80607223510742,-0.67295957,-0.6370829,-0.20898837,-0.69529784,-20.0,1.0,157275
51317,72.75762991383348,0.956051468849182,47.80257344245911,-1.0,-0.7907403,-0.61022335,-0.905298,-52.88926124572754,1.0,160000
52370,72.7569514191022,0.9560381770133972,47.80190885066986,-0.39442384,-1.0,-1.0,0.3505851,-20.0,1.0,160000
5017,72.75617251908265,0.9560229182243348,47.801145911216736,-0.099588275,-1.0,0.040370703,-0.39510235,-52.37658619880676,1.0,146164
9914,72.7554575129811,0.9560089111328124,47.80044555664063,-0.14575553,-0.87483704,0.6979047,-0.8570776,-47.843186259269714,1.0,110147
19864,72.75511674404014,0.9560022354125975,47.80011177062988,-1.0,-1.0,-1.0,-0.9877244,-42.57634401321411,1.0,160000
43887,72.75471512343996,0.9559943675994872,47.799718379974365,-1.0,-1.0,-1.0,-0.44144022,-36.35658800601959,1.0,160000
45166,72.75438348213575,0.9559878706932068,47.79939353466034,-0.8131972,-0.71566033,-0.7195109,-0.7449615,-32.765732407569885,1.0,160000
9727,72.75187335150054,0.9559386968612672,47.79693484306336,-0.34432948,-1.0,-0.38888407,-0.65503377,-20.0,1.0,160000
49166,72.75161473183019,0.9559336304664612,47.79668152332306,-0.6296401,-1.0,-1.0,-0.7944088,-40.53296089172363,1.0,108977
6442,72.74854476206811,0.9558734893798828,47.79367446899414,-1.0,-1.0,-0.6370575,-0.26061735,-48.8214123249054,1.0,160000
45273,72.74702042476902,0.9558436274528505,47.79218137264252,-1.0,-1.0,-0.016435921,-0.31372327,-30.774353742599487,1.0,160000
428,72.74418472883347,0.9557880759239196,47.789403796195984,-1.0,-1.0,-0.7606802,-0.6430006,-52.98230528831482,1.0,113967
18435,72.74086221384728,0.955722987651825,47.78614938259125,-1.0,-1.0,-0.2405262,-0.8814554,-36.09902501106262,1.0,160000
57874,72.73860460486407,0.9556787610054016,47.78393805027008,-0.24190193,0.09600091,-0.8529347,-0.6013746,-38.12900185585022,1.0,135001
28955,72.73686119376598,0.9556446075439452,47.78223037719727,-0.73002696,0.020334959,-0.39829266,-0.8113579,-27.23100185394287,1.3962698578834534,160000
54061,72.73355996680885,0.955579936504364,47.7789968252182,-0.6675415,-0.2583657,-0.24022293,0.08401632,-60.0,1.0,78543
41370,72.73115934820058,0.9555329084396362,47.77664542198181,-0.44419867,0.29794574,-1.0,0.69476616,-20.58493733406067,1.0,120006
30736,72.73036522668293,0.95551735162735,47.77586758136749,-0.61262614,-1.0,-1.0,-0.79490787,-34.65427041053772,1.0,143239
7418,72.72916947998962,0.9554939270019532,47.774696350097656,-0.60009277,-1.0,0.09642887,0.062161714,-31.586464047431942,1.0,160000
9217,72.727952434392,0.955470085144043,47.77350425720215,-1.0,-1.0,-1.0,-0.92447567,-30.154042840003967,1.0,160000
48845,72.72699705316161,0.9554513692855836,47.772568464279175,-1.0,-0.3286783,0.0020394325,-0.34384617,-33.69938850402832,1.0,115798
5981,72.72563700342332,0.9554247260093688,47.771236300468445,-0.9853649,-0.116763234,-0.9213979,-0.20843041,-26.220531463623047,1.0,137532
23813,72.72541489231837,0.9554203748703004,47.771018743515015,-1.0,-1.0,-0.54655087,-0.8938143,-20.0,1.0,137801
40530,72.72493111600429,0.955410897731781,47.77054488658905,-0.80325305,-1.0,-1.0,-0.3253706,-39.27114069461823,1.0,160000
41395,72.72423131361484,0.9553971886634828,47.76985943317413,-1.0,-0.5420737,0.54681623,-0.7413197,-50.42189598083496,1.0,160000
16280,72.72403050071723,0.9553932547569276,47.769662737846375,-1.0,-0.20044875,0.92146885,-0.26710147,-20.0,1.0,160000
9376,72.72372623871887,0.95538729429245,47.7693647146225,-1.0,-0.2553603,-0.45732898,-0.76618516,-53.65994334220886,1.0,138797
31619,72.72345240288706,0.9553819298744202,47.76909649372101,-1.0,-1.0,-0.923362,-0.2889733,-36.33062481880188,1.0,160000
5734,72.71953958966861,0.955305278301239,47.76526391506195,-1.0,-1.0,1.0,-0.28475332,-22.193493843078613,1.0,151103
6392,72.71912579255992,0.9552971720695496,47.76485860347748,-0.96438426,-1.0,0.52511954,-0.9348015,-43.14998984336853,1.0,160000
18202,72.71788440080182,0.9552728533744812,47.76364266872406,-0.64015925,-1.0,-0.83373195,-0.7495816,-35.940046310424805,1.0,160000
16848,72.71049384674825,0.9551280736923218,47.75640368461609,-0.60846186,-1.0,-0.43026042,-0.15995781,-20.0,1.0,73055
38474,72.70787413475277,0.9550767540931702,47.75383770465851,-1.0,-1.0,0.028553486,-0.39568877,-20.0,1.0,97990
58356,72.70768853367724,0.9550731182098388,47.75365591049194,-0.89781547,-1.0,-0.9728779,-0.4456464,-39.48630511760712,1.0,160000
22867,72.70603637920235,0.9550407528877258,47.75203764438629,0.12930393,-0.36744577,-1.0,-0.8907857,-20.0,2.856855750083924,114315
30162,72.70194097844336,0.9549605250358582,47.74802625179291,-1.0,-0.9456548,-1.0,-0.7822076,-36.59193843603134,1.0,160000
43529,72.69847235712423,0.9548925757408142,47.74462878704071,-0.24991918,-1.0,0.5457516,-0.98472196,-30.266548991203308,1.0,160000
51974,72.69730093562268,0.9548696279525756,47.743481397628784,-1.0,-0.42348486,-1.0,-0.57194114,-39.313479363918304,1.0,160000
23366,72.69729485031468,0.954869508743286,47.74347543716431,-0.20794946,-1.0,-1.0,-0.58358794,-27.450199127197266,1.0,160000
46045,72.69545404392633,0.954833447933197,47.74167239665985,-1.0,-1.0,-0.39909557,-0.94452906,-60.0,1.0,160000
48468,72.69529278313345,0.954830288887024,47.7415144443512,-1.0,-0.575648,-1.0,-0.31928146,-23.64428400993347,1.0,160000
39413,72.69386273411392,0.9548022747039796,47.740113735198975,-0.011230469,-1.0,-0.32219696,-0.53186405,-20.0,1.0,77575
42293,72.69068923927861,0.9547401070594788,47.73700535297394,-0.07505369,-1.0,-0.02734238,-0.6138252,-60.0,1.0,123593
6026,72.68937785139245,0.9547144174575806,47.73572087287903,-1.0,-0.7119036,-0.59693146,0.040298462,-36.51951372623444,1.0,98820
49169,72.68871455051537,0.9547014236450196,47.73507118225098,-1.0,-0.13432407,-1.0,-0.83381706,-50.081892013549805,1.0,107944
206,72.68865673987969,0.9547002911567688,47.73501455783844,-0.15230107,-0.19798249,-1.0,0.2130332,-50.70774555206299,1.0,160000
39860,72.6878382628341,0.9546842575073242,47.73421287536621,-1.0,-0.8590289,-0.37412006,1.0,-20.0,1.0,160000
59396,72.68597919310642,0.9546478390693665,47.73239195346832,-0.9289681,-1.0,-0.23273295,-0.9761419,-35.26076674461365,1.0,160000
34989,72.6846982293212,0.954622745513916,47.7311372756958,-1.0,0.13756776,-0.22053707,-0.5560287,-55.87243318557739,1.0,140851
28154,72.67996382985712,0.9545300006866456,47.72650003433228,-0.4534607,0.12904775,-0.3803561,-0.36593592,-20.0,1.0,160000
40955,72.67598096335628,0.9544519782066344,47.722598910331726,-0.773855,-1.0,-0.5991241,0.7676,-35.85374176502228,1.0,160000
372,72.6716481812089,0.9543671011924744,47.71835505962372,-1.0,-0.35566658,-1.0,-0.57306784,-42.56353169679642,1.0,160000
45997,72.66946961641061,0.9543244242668152,47.71622121334076,-1.0,0.13082933,-1.0,-0.48767132,-57.43672013282776,1.0,160000
48358,72.6686267912245,0.9543079137802124,47.71539568901062,-1.0,-1.0,-1.0,-0.11531299,-33.902573585510254,1.0,102173
39579,72.6630069347679,0.9541978240013124,47.70989120006561,-1.0,-1.0,-0.9367612,-0.62724733,-29.603482484817505,1.3947240114212036,160000
4603,72.66274830542815,0.9541927576065063,47.70963788032532,-1.0,-1.0,0.8775757,-0.64159894,-42.9741969704628,1.0,160000
24722,72.66040238389401,0.9541468024253844,47.707340121269226,-1.0,-1.0,-0.75777173,-0.37477192,-21.84146881103516,1.0,154720
38508,72.6553180245912,0.9540472030639648,47.70236015319824,-1.0,-1.0,-0.07373053,0.08679923,-53.63633513450623,1.0,138580
31988,72.65515676107174,0.9540440440177916,47.70220220088959,-1.0,-1.0,-0.6075198,-0.028376665,-20.0,1.0,160000
23364,72.65371755974277,0.954015851020813,47.70079255104065,-1.0,-1.0,0.15791559,-0.31071645,-20.825570821762085,1.0,160000
26684,72.65130773230626,0.9539686441421508,47.69843220710754,-0.26319695,0.4688003,-0.76948553,-0.81141496,-60.0,1.0,160000
33239,72.65037970467323,0.9539504647254944,47.69752323627472,-1.0,-1.0,-1.0,0.15937775,-42.14274346828461,1.0,160000
28466,72.64462592524195,0.953837752342224,47.691887617111206,-1.0,-0.57932067,-1.0,-0.26531905,-26.272486448287964,1.0,160000
42757,72.64020180400995,0.9537510871887208,47.68755435943604,-1.0,-1.0,-0.21846819,-0.23096982,-50.6990373134613,1.0,160000
16372,72.64013486401042,0.9537497758865356,47.68748879432678,-1.0,-1.0,-0.4069952,0.942475,-20.0,1.0,160000
20727,72.63912772106222,0.953730046749115,47.68650233745575,-1.0,-1.0,-1.0,-0.21386041,-45.43084383010864,1.0,144128
20755,72.63733555324723,0.9536949396133424,47.68474698066712,-1.0,-0.5014988,-1.0,-0.7155546,-35.95938980579376,1.0,85247
1432,72.63428977767214,0.953635275363922,47.681763768196106,-1.0,-0.52266085,0.7565281,-0.8973248,-24.424216747283936,1.0,143006
24617,72.63272581147021,0.9536046385765076,47.68023192882538,-0.91361725,-0.8828901,0.44226074,-0.74652207,-20.0,1.0,160000
19467,72.63153001560396,0.9535812139511108,47.67906069755554,-0.09020907,-0.39177084,-0.6043504,-0.55852544,-35.54596692323685,1.0,160000
57893,72.63048939886289,0.9535608291625975,47.67804145812988,-0.6201602,-0.19384366,1.0,-0.5313524,-51.3239336013794,1.0,124993
7494,72.62805520587088,0.9535131454467772,47.67565727233887,-0.7861458,-1.0,-1.0,-0.3528495,-38.85350361466408,1.0,160000
8977,72.62681985197081,0.9534889459609984,47.67444729804993,-1.0,-0.08389568,-0.6002748,-0.44848156,-60.0,1.0,97375
36306,72.62654904770466,0.9534836411476136,47.67418205738068,-1.0,-1.0,-0.6972208,-0.7751031,-60.0,1.0,160000
19674,72.62653383398093,0.9534833431243896,47.67416715621948,-0.50820535,-1.0,0.15778953,-0.32355195,-42.59356021881104,1.0,160000
47980,72.62646689359534,0.9534820318222046,47.67410159111023,-1.0,-1.0,-0.947201,-0.8616235,-20.0,5.61227297782898,160000
18796,72.62038748159873,0.9533629417419434,47.66814708709717,-1.0,-0.87009406,-0.61271256,-0.52822995,-52.73338079452515,1.0,160000
8937,72.61809020223266,0.953317940235138,47.6658970117569,-1.0,-1.0,-1.0,-0.98903644,-20.0,1.0,160000
48427,72.6127714594661,0.9532137513160706,47.66068756580353,-1.0,-0.7627801,-1.0,-0.51477665,-44.15275096893311,1.0,108687
50401,72.61194687070213,0.9531975984573364,47.65987992286682,-1.0,-0.8164791,-1.0,-0.9204496,-28.27120065689087,1.0,160000
4318,72.60926619454419,0.9531450867652892,47.65725433826447,-1.0,-1.0,-0.0047827363,-0.5376049,-60.0,1.0,155614
30046,72.60750747459872,0.9531106352806092,47.65553176403046,-1.0,-1.0,-1.0,-0.6518296,-38.09350162744522,1.0,156360
48349,72.60604390216017,0.9530819654464722,47.65409827232361,-0.33623993,-0.012567639,0.6791545,-0.88581395,-30.14594674110413,1.0,160000
50705,72.60524669600214,0.953066349029541,47.65331745147705,-1.0,-0.62060624,-0.41472635,-0.0057829022,-21.945013999938965,1.0,160000
29487,72.60506412966862,0.9530627727508544,47.653138637542725,-0.20581257,-1.0,0.08331734,-0.0040207505,-20.04518747329712,1.0,160000
6298,72.60484809282244,0.9530585408210754,47.65292704105377,-0.6250442,-0.16709769,-1.0,-0.22284296,-26.71804666519165,1.0,142574
29772,72.60178097603409,0.9529984593391418,47.64992296695709,-1.0,-1.0,-1.0,-0.5420317,-20.0,1.0,160000
43620,72.60131847395131,0.952989399433136,47.6494699716568,-1.0,0.16227913,-1.0,0.63841826,-34.89974498748779,1.0,109533
36303,72.60077077399956,0.9529786705970764,47.64893352985382,-1.0,-0.88476545,-0.90025663,-0.7962625,-40.07338613271713,1.0,160000
2418,72.59906377500346,0.9529452323913574,47.64726161956787,-0.15081292,-1.0,-1.0,-0.13586152,-23.43254923820496,1.0,133294
29002,72.59876862531958,0.9529394507408142,47.64697253704071,-1.0,-1.0,-1.0,-0.2117979,-32.47691631317139,1.0,106178
60650,72.59591145276534,0.95288348197937,47.644174098968506,-0.60905844,-1.0,-1.0,0.06936384,-23.91161799430847,1.0,160000
33298,72.59089693923865,0.9527852535247804,47.63926267623901,-1.0,-0.10461229,-1.0,-0.32075387,-29.210000038146973,1.0,160000
29378,72.58725471613607,0.952713906764984,47.63569533824921,-1.0,-1.0,-1.0,-0.7275833,-50.04961252212525,1.0,160000
20753,72.58685306712982,0.9527060389518738,47.63530194759369,-0.9488995,-1.0,-1.0,-0.9793515,-35.796137154102325,1.0,129879
10544,72.58298567055682,0.9526302814483644,47.63151407241821,-0.95323193,-1.0,-0.59701145,-0.7278141,-46.0573935508728,1.0,160000
48005,72.58136385720867,0.952598512172699,47.62992560863495,-1.0,-0.76388514,0.15002823,-0.6373333,-38.49924623966217,1.0,160000
42472,72.57921563744044,0.9525564312934875,47.62782156467438,-1.0,-0.55909795,-1.0,-0.68234086,-60.0,1.0,160000
8045,72.57681181980533,0.952509343624115,47.62546718120575,-1.0,-1.0,-0.45417503,-0.9256952,-20.0,1.0,160000
16867,72.57633714160364,0.95250004529953,47.6250022649765,-1.0,-1.0,-0.36619338,-0.7716744,-29.557602405548096,1.0,160000
26220,72.57512914600669,0.9524763822555542,47.62381911277771,-1.0,-1.0,-1.0,-0.8708642,-20.0,4.910634517669678,139016
59437,72.570443212661,0.9523845911026,47.619229555130005,-0.56874394,-1.0,-1.0,-0.88797307,-53.460190296173096,1.0,160000
33633,72.56681617216131,0.9523135423660278,47.61567711830139,-1.0,-0.51397824,-1.0,-0.47825354,-52.57770776748657,1.0,160000
36590,72.56434235694987,0.9522650837898254,47.61325418949127,-1.0,-1.0,-0.6262138,-0.69127566,-39.10733222961426,1.0,103510
49631,72.56218499323096,0.9522228240966796,47.611141204833984,-1.0,-1.0,-1.0,-0.044470727,-20.0,1.0,133239
31788,72.56178942562171,0.9522150754928588,47.610753774642944,-1.0,-1.0,-0.74552643,-0.18709758,-20.0,1.0,135551
39856,72.56165554118513,0.9522124528884888,47.61062264442444,-0.95268714,-1.0,-0.53213197,1.0,-54.16632652282715,1.0,91143
54265,72.56112608902066,0.952202081680298,47.61010408401489,-0.7280474,-0.8736877,-0.9788291,-0.5226627,-60.0,1.0,160000
54270,72.5538658881768,0.9520598649978638,47.60299324989319,-0.39419717,-0.76211953,-0.4580746,-0.6220977,-44.688764214515686,1.0,160000
25739,72.55231708301366,0.9520295262336732,47.601476311683655,-1.0,-1.0,-0.5344574,-0.9658936,-59.31160926818848,1.0,160000
31112,72.55229882597227,0.9520291686058044,47.60145843029022,-1.0,-1.0,-0.59770805,-0.7420906,-42.37411111593247,1.0,160000
38318,72.54616749492759,0.951909065246582,47.5954532623291,-1.0,-1.0,0.75959516,-0.9211582,-47.35500037670136,1.0,160000
52946,72.54263170274093,0.951839804649353,47.59199023246765,-1.0,-1.0,-0.86961865,-0.82249117,-20.0,1.0,160000
52040,72.53988096230051,0.951785922050476,47.58929610252381,-1.0,-1.0,-1.0,-0.093138,-27.14728593826294,1.0,144391
33234,72.53863947662734,0.9517616033554076,47.58808016777039,-1.0,-1.0,-1.0,0.20062321,-44.22560125589371,1.0,160000
18797,72.53754404755,0.9517401456832886,47.58700728416443,-1.0,-1.0,-1.0,-0.5349204,-28.56538414955139,1.0,160000
53191,72.53465637235163,0.9516835808753968,47.58417904376984,-1.0,-1.0,0.5825584,-0.7425768,-32.3394113779068,1.0,160000
50706,72.5346381151737,0.951683223247528,47.5841611623764,-0.76961946,-1.0,-1.0,0.076938495,-35.06990909576416,1.0,149456
29812,72.53239552407736,0.9516392946243286,47.58196473121643,-1.0,-1.0,-1.0,-0.98221433,-49.171621799468994,1.0,160000
56530,72.53204255160759,0.9516323804855348,47.58161902427673,-0.27236456,-1.0,-0.55298394,-0.4611753,-53.68581175804138,1.006680190563202,117302
13266,72.53085887630212,0.951609194278717,47.58045971393585,-0.35332543,-0.02796501,-0.039880455,-0.4850337,-60.0,1.0,160000
26565,72.5304115746825,0.9516004323959352,47.58002161979675,-1.0,-1.0,-1.0,-0.95683384,-60.0,1.0,112176
44993,72.52977257222172,0.9515879154205322,47.57939577102661,-1.0,-0.9314709,-1.0,-0.8255018,-58.45324993133545,1.0,100137
36317,72.52760604830493,0.951545476913452,47.57727384567261,-0.9477747,-1.0,-0.57306266,1.0,-41.73290193080902,1.0,160000
44737,72.52755127660708,0.9515444040298462,47.57722020149231,-0.8730556,-1.0,-1.0,-0.4833881,-60.0,1.0,160000
20682,72.52402458516472,0.9514753222465516,47.573766112327576,-1.0,-1.0,-0.9679089,0.2971351,-36.99310868978501,1.0,160000
29791,72.51838308504554,0.951364815235138,47.5682407617569,-1.0,-1.0,0.48230672,-0.3771369,-20.0,1.0,160000
10860,72.51793273817624,0.9513559937477112,47.56779968738556,0.05282235,-0.5806414,-1.0,0.28046086,-60.0,1.0,160000
2606,72.51658169705243,0.9513295292854308,47.566476464271545,-0.49508876,-0.48707992,-1.0,-0.57548183,-38.38777273893356,1.0,121064
47307,72.51532194179386,0.951304852962494,47.565242648124695,-0.8170854,-0.10520965,-1.0,0.013465169,-60.0,1.0,160000
13754,72.50940047448594,0.951188862323761,47.55944311618805,-0.26258785,-1.0,0.012392521,-0.9030543,-20.0,1.0,160000
26175,72.50884666743062,0.951178014278412,47.55890071392059,-0.701964,-0.68084145,-0.42830855,-0.4541799,-20.0,1.0,160000
18221,72.50754735036716,0.9511525630950928,47.55762815475464,-1.0,-1.0,-0.6603022,-0.80015206,-55.40066838264465,1.0,130449
13614,72.50729174692614,0.9511475563049316,47.55737781524658,-1.0,-1.0,-0.30407932,-0.44630662,-22.98384666442871,1.0,150138
19344,72.50222227295416,0.9510482549667358,47.55241274833679,-1.0,-0.07300055,-0.11387128,1.0,-43.523189425468445,1.0,160000
34781,72.50172019360615,0.951038420200348,47.5519210100174,-1.0,-1.0,0.030096054,-0.86231077,-49.056655168533325,1.0,155423
12738,72.49921588107932,0.9509893655776978,47.54946827888489,-0.6689164,0.35913444,-0.5643507,0.07570842,-51.26897692680359,1.0,160000
29481,72.49875944473067,0.9509804248809814,47.54902124404907,-1.0,-0.35168195,-0.98679125,0.2391235,-39.79180749505758,1.0,132822
54819,72.4980352322094,0.9509662389755248,47.548311948776245,-0.78755933,-1.0,-1.0,-0.80574745,-20.0,1.0,160000
11240,72.49212893607016,0.950850546360016,47.54252731800079,-1.0,-1.0,-0.26897275,-0.3472504,-60.0,1.0,154778
3213,72.48906471580592,0.950790524482727,47.53952622413635,-1.0,-1.0,-0.27225336,-0.7717009,-60.0,1.0,160000
54020,72.48817313954862,0.950773060321808,47.53865301609039,-1.0,-1.0,-1.0,-0.8149861,-60.0,1.0,160000
33031,72.48806968016586,0.9507710337638856,47.53855168819428,-1.0,-1.0,-1.0,-0.9771544,-21.3288152217865,1.0,155469
28406,72.47901088071151,0.9505935907363892,47.52967953681946,-1.0,-1.0,-0.49064386,-0.63014144,-20.912792682647705,1.0,160000
28467,72.47886786277198,0.9505907893180848,47.52953946590424,-1.0,-1.0,-0.45844296,-0.4226315,-37.45316922664642,1.0,160000
33411,72.47528023970227,0.9505205154418944,47.52602577209473,-0.3528735,-0.29737002,-0.27214298,-0.96191734,-20.0,5.929183721542358,132269
51807,72.47446168880438,0.95050448179245,47.5252240896225,-1.0,-1.0,-1.0,-0.89309,-60.0,1.0,160000
44022,72.47252637774308,0.9504665732383728,47.52332866191864,-0.74124056,-1.0,-1.0,-0.7833171,-31.14142417907715,1.0,149677
14531,72.46603577101268,0.9503394365310668,47.51697182655335,-1.0,0.0020196438,-1.0,-0.94859564,-42.55525529384613,1.0,160000
53773,72.46435301819832,0.950306475162506,47.515323758125305,-1.0,-1.0,-0.11610234,-0.49095166,-20.368318557739254,2.6099441051483154,137396
30503,72.46412783961111,0.9503020644187928,47.51510322093964,-0.11787188,-1.0,-0.57429266,-0.7330358,-28.763670921325684,1.0,141206
1591,72.46155045613915,0.950251579284668,47.5125789642334,-0.8222259,-1.0,0.47695917,-0.59044296,-39.13955606520176,1.0,160000
45317,72.45870224632743,0.9501957893371582,47.50978946685791,-0.48061663,-0.9450451,-1.0,0.48477063,-45.38459897041321,1.0,111102
59509,72.4582701458198,0.9501873254776,47.509366273880005,-1.0,-1.0,-0.4349667,-0.8037282,-55.85632085800171,1.0,160000
53216,72.45818798585513,0.9501857161521912,47.50928580760956,-1.0,-0.79744375,-1.0,-0.61629367,-20.0,1.0,154162
34447,72.45685212528657,0.9501595497131348,47.50797748565674,-0.13748884,-0.54071623,-0.82645965,-0.7227198,-42.99776494503021,1.0,160000
3431,72.45315492180885,0.9500871300697328,47.50435650348663,-1.0,-1.0,-0.6891636,0.27005196,-20.0,1.0,137188
55844,72.45074793271854,0.9500399827957152,47.50199913978577,-0.8416195,-1.0,-0.74895006,-0.29190654,-23.09929251670837,1.0051456689834597,95689
46482,72.4502701861713,0.9500306248664856,47.50153124332428,-0.8770519,-1.0,-1.0,-0.07683589,-33.408233523368835,1.298229455947876,160000
8575,72.44829225357384,0.9499918818473816,47.49959409236908,-0.064183354,-0.21523541,0.07177502,-0.848028,-46.01548135280609,1.0,160000
19979,72.44639952266947,0.9499548077583312,47.497740387916565,-0.7805192,-0.48668754,-1.0,-0.9948729,-28.509706258773804,1.0,146437
28448,72.44292748340116,0.9498867988586426,47.49433994293213,-1.0,-1.0,-0.9112988,-0.72708297,-31.72270655632019,1.0,160000
43880,72.439732350711,0.9498242139816284,47.49121069908142,-1.0,-0.302836,-0.77026135,-0.5405333,-24.860483407974243,1.0,160000
12312,72.43928198880175,0.9498153924942015,47.49076962471008,-0.04160154,-1.0,0.18179381,0.12019351,-45.19797146320343,1.0,151070
56677,72.43697540415761,0.949770212173462,47.488510608673096,-0.85578746,-1.0,0.14297521,-0.94609356,-44.34923589229584,1.0,160000
7920,72.43675022294974,0.9497658014297484,47.48829007148743,-0.9476948,-1.0,0.12576956,0.715352,-28.860901594161987,1.0,160000
49482,72.43337858823116,0.9496997594833374,47.48498797416687,-0.5723523,-1.0,-1.0,-0.87584627,-60.0,1.0,108664
26448,72.43244134595227,0.9496814012527466,47.48407006263733,-1.0,-1.0,-1.0,-0.89528793,-36.95469528436661,1.0,160000
5551,72.41801446228973,0.9493988156318665,47.46994078159332,-0.20972902,-1.0,-1.0,-0.16089556,-52.46762990951538,1.0,160000
50812,72.41758235430463,0.9493903517723083,47.46951758861542,-1.0,-0.7517099,-1.0,-0.34595862,-37.588795721530914,1.0,91319
33722,72.41695245026847,0.9493780136108398,47.46890068054199,-1.0,-1.0,0.53130955,-0.801916,-29.805556535720825,1.0,160000
50070,72.40218465168171,0.9490887522697448,47.45443761348725,-1.0,-1.0,-1.0,-0.84781563,-46.40539884567261,1.0,160000
22569,72.39986585846843,0.949043333530426,47.4521666765213,-0.719046,-0.9554961,-1.0,-0.121428065,-39.11292023956776,1.0,136682
19478,72.39858169641217,0.9490181803703308,47.45090901851654,-1.0,-0.016994476,-1.0,-0.048312053,-39.89569567143917,1.0,160000
52573,72.39453140816809,0.9489388465881348,47.44694232940674,-1.0,-1.0,-1.0,-0.23969433,-60.0,1.0,160000
4575,72.39443707379814,0.9489369988441468,47.446849942207336,-1.0,-0.97505635,-1.0,-0.19033352,-37.89866521954536,1.0,160000
6406,72.39266297832786,0.9489022493362428,47.44511246681213,-0.40307087,-0.14823067,-0.27015278,-0.31768003,-20.94595313072205,1.0,91757
19748,72.38969296301212,0.948844075202942,47.442203760147095,-1.0,-0.80800146,0.93363255,-0.97897536,-27.648155689239506,4.76652866601944,160000
49851,72.38900827657115,0.9488306641578674,47.44153320789337,-1.0,-0.61371005,-1.0,-0.8524005,-60.0,1.0,160000
61067,72.38758412813397,0.9488027691841124,47.44013845920563,-1.0,-0.47417986,-0.10769588,-0.5985453,-29.27679419517517,1.1170146465301514,123780
31586,72.3869481299416,0.9487903118133544,47.439515590667725,-1.0,-1.0,-0.5978894,-0.70000434,-25.894964933395386,1.0,160000
11770,72.38667425506881,0.9487849473953248,47.43924736976624,-0.9893933,-0.20892525,-1.0,-0.70409596,-21.35300874710083,1.0,147892
10096,72.37989127718511,0.9486520886421204,47.43260443210602,-0.9995901,-1.0,-0.42056957,-0.7071365,-44.28326100111008,1.0,108934
33040,72.37830279769972,0.9486209750175476,47.43104875087738,-0.8156284,-1.0,-0.014947236,-0.92543435,-37.00599312782288,1.0,160000
7946,72.37691211650079,0.9485937356948853,47.42968678474426,-0.5325028,-1.0,-1.0,-0.15296915,-50.43001890182495,1.0,109291
46226,72.37477283943613,0.9485518336296082,47.42759168148041,-0.5403287,-1.0,0.77556455,-0.8088529,-60.0,1.0,91603
27884,72.37414596698206,0.9485395550727844,47.42697775363922,-1.0,-0.10474235,0.44861275,-0.8632783,-60.0,1.0,160000
41480,72.37220448715343,0.9485015273094176,47.425076365470886,-1.0,-0.6740509,-1.0,-0.26645657,-28.296502828598022,1.0,157791
18414,72.36787723322462,0.9484167695045472,47.42083847522736,-1.0,-1.0,-0.88689697,-0.9886581,-22.968032360076904,1.0,145907
56271,72.36579880954622,0.9483760595321656,47.41880297660828,-1.0,-0.60939384,0.26832688,-0.9550493,-26.26781940460205,1.0,114858
2081,72.36571056018381,0.948374330997467,47.41871654987335,-1.0,-1.0,-1.0,-0.7476932,-43.47198873758316,1.0,119093
60641,72.3617028183966,0.948295831680298,47.41479158401489,-1.0,-1.0,-1.0,0.13478123,-34.335907101631165,1.0,124886
27414,72.3616602151821,0.948294997215271,47.41474986076355,-1.0,-0.8947302,-1.0,-0.5896428,-27.02171802520752,1.0,137746
55768,72.36163891357455,0.9482945799827576,47.41472899913788,-1.0,-1.0,-0.60544974,-0.1671474,-20.0,1.0,99850
17804,72.36114593346026,0.948284924030304,47.4142462015152,-1.0,-0.863636,-1.0,-0.6970013,-20.0,1.0,160000
48819,72.35719295953541,0.9482074975967408,47.41037487983704,-0.0953027,-1.0,-0.8902457,0.6075642,-33.12963664531708,1.0,160000
30471,72.35402509802086,0.9481454491615297,47.40727245807648,-1.0,0.07972801,-1.0,-0.62865996,-35.1383376121521,1.0,160000
53954,72.35291132436708,0.9481236338615416,47.40618169307709,-0.76839125,-1.0,0.36915648,-0.18288887,-20.56593894958496,1.0,160000
8065,72.35226314437406,0.9481109380722046,47.40554690361023,-0.73891056,-1.0,-0.15096056,-0.14451568,-32.84527599811554,1.0,145902
42977,72.35215359280824,0.9481087923049928,47.405439615249634,-1.0,-1.0,-0.46994928,-0.6664599,-55.28728008270264,1.0,160000
53548,72.35187058457281,0.9481032490730286,47.40516245365143,-0.8922402,-0.9501978,-0.3926761,-0.88316476,-28.85300993919373,1.0,141961
16830,72.34961564676595,0.94805908203125,47.4029541015625,-0.29821897,-1.0,1.0,-0.087623,-20.0,1.0,139749
9756,72.34759198278377,0.9480194449424744,47.40097224712372,-0.3059891,-1.0,-1.0,-0.9840472,-49.23100233078003,1.0,156211
46562,72.34609477462223,0.9479901194572448,47.39950597286224,-0.49754554,-1.0,-0.23396206,-0.58449805,-21.113418340682983,1.0,160000
4441,72.3428295185441,0.9479261636734008,47.39630818367005,-1.0,-1.0,-1.0,-0.9184773,-20.0,1.0,157799
13554,72.33971032745221,0.947865068912506,47.393253445625305,-0.48578972,-1.0,-1.0,-0.3838878,-20.0,1.0,123568
35723,72.33844743426764,0.9478403329849244,47.392016649246216,-1.0,-0.8250183,-1.0,0.050021634,-26.000252962112427,1.0,160000
12511,72.33416880795806,0.94775652885437,47.387826442718506,-0.2985198,-1.0,-0.06803352,-0.7072382,-31.635175943374637,1.0,140506
18528,72.32656403250813,0.9476075768470764,47.38037884235382,-1.0,-1.0,-0.044510305,-0.7934947,-37.537783086299896,1.0,160000
37972,72.3254989359349,0.947586715221405,47.37933576107025,-1.0,-1.0,-0.88901615,-0.8247609,-40.3377890586853,1.0,160000
1290,72.3196469824006,0.947472095489502,47.3736047744751,-0.2774154,-1.0,1.0,-0.8475133,-20.0,1.0,160000
32553,72.31403542298855,0.947362184524536,47.36810922622681,-1.0,-1.0,-0.16456807,-0.13207614,-34.072911739349365,1.0,160000
52576,72.30819257025142,0.9472477436065674,47.36238718032837,-0.7665094,-1.0,0.6361055,-0.3087897,-42.810774743556976,1.0,160000
18576,72.3045651251669,0.9471766948699952,47.35883474349976,-0.80620116,-1.0,-1.0,0.31317008,-58.28258514404297,1.0,160000
16955,72.30081594782422,0.9471032619476318,47.35516309738159,-1.0,-1.0,-1.0,0.022635758,-30.23107588291168,1.0,160000
42627,72.29757801709957,0.9470398426055908,47.35199213027954,-1.0,-1.0,-0.36053786,-0.8914206,-28.452242612838745,3.2288015484809875,141898
50652,72.29281849424702,0.946946620941162,47.347331047058105,-1.0,-0.98242885,0.30866557,0.0031693177,-26.599795818328857,1.0,160000
20722,72.28999746813547,0.9468913674354552,47.344568371772766,-0.5235355,-1.0,-0.9132488,-0.18347643,-29.213879108428955,1.0,160000
53218,72.28950142975091,0.9468816518783568,47.34408259391785,-0.28536093,-1.0,-1.0,-0.6499881,-42.82112658023834,1.0,160000
17868,72.28655867226163,0.9468240141868592,47.34120070934296,-1.0,-1.0,-0.20571762,-0.89508533,-36.45979821681976,1.0,122344
52090,72.27418809481279,0.9465817213058472,47.32908606529236,-1.0,-1.0,1.0,-0.36475068,-20.0,1.1616159081459043,160000
2645,72.27285212939283,0.9465555548667908,47.32777774333954,-0.46418756,-0.3891524,0.31300437,-0.9566574,-47.03473031520844,1.0,160000
33569,72.2662757600008,0.9464267492294312,47.32133746147156,-0.92598087,-1.0,-1.0,-0.7752019,-30.83308637142181,1.241418182849884,160000
9668,72.26484849367472,0.9463987946510316,47.319939732551575,-0.4881215,-0.84512544,-1.0,-0.17563744,-34.88216161727905,1.0,97121
3997,72.26303169497831,0.9463632106781006,47.31816053390503,-1.0,0.083762884,-1.0,0.06408134,-51.56060576438904,1.0,83815
20670,72.26035062095251,0.9463106989860536,47.31553494930267,-1.0,-0.27845782,-0.92945266,-0.44841114,-27.81603455543518,1.0,160000
48364,72.25875901709472,0.946279525756836,47.3139762878418,-0.99530745,-0.827665,-1.0,-0.10365771,-53.96730065345764,1.0,160000
24427,72.2586342450447,0.9462770819664,47.31385409832001,-0.6239211,-1.0,-1.0,0.17952895,-60.0,1.0,88191
56538,72.25733478939563,0.946251630783081,47.31258153915405,-1.0,-1.0,-1.0,-0.76338136,-20.0,1.0,160000
45740,72.25318991665971,0.946170449256897,47.30852246284485,-1.0,-0.21045643,-0.28563905,-0.014756774,-36.10445588827133,1.0,160000
40822,72.251141823376,0.9461303353309632,47.30651676654816,-0.37654626,-0.15764505,-1.0,-0.25925457,-32.93392777442932,1.0,160000
48031,72.24781861321274,0.9460652470588684,47.30326235294342,-1.0,-1.0,1.0,-0.85939705,-30.578386783599854,1.0,131066
39378,72.24570965046183,0.9460239410400392,47.30119705200195,-1.0,-0.56108534,0.07946992,-0.6041267,-60.0,1.0,137609
28757,72.2448149384158,0.9460064172744752,47.30032086372376,-1.0,-0.09477389,-0.74125296,-0.83015376,-20.0,1.0,125682
13269,72.24455321986127,0.9460012912750244,47.30006456375122,0.028836489,-1.0,-0.9236396,-0.73433673,-47.18279182910919,1.0,160000
26199,72.24297073495262,0.9459702968597412,47.29851484298706,-0.14177811,-1.0,-1.0,-0.9494207,-22.74949789047241,1.0,146036
46050,72.23977228621534,0.9459076523780824,47.295382618904114,-1.0,-1.0,-0.8456868,-0.92431164,-60.0,1.0,160000
42366,72.23609604285788,0.9458356499671936,47.29178249835968,-0.91409457,0.098774195,-1.0,-0.6321595,-34.74353909492493,1.0,160000
48778,72.23483309367833,0.9458109140396118,47.29054570198059,-1.0,-0.5870775,-1.0,-0.8547939,-38.956778049468994,1.0,160000
53552,72.23319886685736,0.9457789063453674,47.28894531726837,-0.72274256,-1.0,-0.57019985,-0.530837,-60.0,1.0,160000
4761,72.23259021597956,0.9457669854164124,47.28834927082062,-1.0,-1.0,-1.0,-0.71500444,-60.0,1.0,147452
28050,72.23043559059542,0.9457247853279114,47.28623926639557,-1.0,-0.8425214,-0.99121565,-0.14675415,-60.0,1.067965388298035,160000
60785,72.22838139081155,0.945684552192688,47.2842276096344,-1.0,-1.0,-1.0,0.7118888,-47.19949245452881,1.0,160000
50813,72.22178663645718,0.9455553889274596,47.277769446372986,-0.20184785,0.07872903,0.5141476,-0.44012418,-25.36542654037476,1.0,160000
184,72.21574573988258,0.9454370737075806,47.27185368537903,-1.0,-1.0,-1.0,-0.43174943,-20.0,1.0,160000
42796,72.21200250643885,0.9453637599945068,47.26818799972534,-0.9695725,-0.8073648,-0.27578783,-0.9277166,-20.0,1.0,160000
43408,72.20815275194906,0.945288360118866,47.2644180059433,-1.0,-1.0,0.38623154,-0.35005927,-40.38034051656723,1.0,160000
1433,72.20678631582166,0.9452615976333618,47.26307988166809,-1.0,-1.0,-1.0,-0.695524,-20.0,1.0,160000
10853,72.2042816880548,0.9452125430107116,47.26062715053558,-0.57329106,-1.0,-0.5635553,0.094325006,-24.61143970489502,1.0,154629
48322,72.20065408145891,0.9451414942741394,47.25707471370697,-1.0,0.12463045,-0.1913727,-0.9684044,-59.72469806671143,1.0,160000
22497,72.19972891914087,0.9451233744621276,47.256168723106384,-1.0,-1.0,0.07004261,0.21163347,-32.279802560806274,1.0,159179
28265,72.19940937286009,0.9451171159744264,47.25585579872131,-1.0,-1.0,-0.8350976,-0.17528215,-27.349015474319454,1.4046666622161863,155655
27178,72.1934992804086,0.9450013637542723,47.25006818771362,-1.0,-1.0,1.0,-0.6963606,-42.86606162786484,1.0,160000
55598,72.19211457583692,0.9449742436408995,47.24871218204498,-1.0,-1.0,-1.0,-0.8782067,-60.0,1.0,97952
33227,72.1877595985074,0.944888949394226,47.2444474697113,-0.25865054,-1.0,-1.0,-0.8443793,-44.75463092327118,1.0,157681
45391,72.1848806222979,0.9448325634002686,47.24162817001343,-0.5962111,-0.23114109,-0.7601899,-0.5877453,-60.0,1.0,148621
22415,72.1792291755541,0.9447218775749208,47.23609387874603,0.07417512,-1.0,-1.0,-0.40923017,-22.494351863861084,1.0,160000
41802,72.17872094030616,0.9447119235992432,47.23559617996216,-1.0,-1.0,-1.0,-0.58760035,-60.0,1.0,160000
10871,72.17574152305673,0.944653570652008,47.2326785326004,-1.0,-1.0,-0.88731337,-0.8817832,-31.80311620235443,1.0,160000
27411,72.174825480827,0.9446356296539308,47.23178148269653,-1.0,-0.8565192,-1.0,-0.5379808,-20.0,1.0,160000
51720,72.1716421551906,0.9445732831954956,47.22866415977478,-0.40926707,-1.0,-1.0,-0.8103641,-57.47240900993347,1.0,160000
18791,72.16810275455455,0.9445039629936218,47.22519814968109,-1.0,-1.0,-0.9148842,-0.92252064,-43.19559633731842,1.6272342801094055,160000
4245,72.16713497253144,0.9444850087165833,47.22425043582916,-1.0,-0.7109717,0.36773533,-0.46445107,-20.0,1.0,160000
27240,72.16578981571719,0.9444586634635924,47.22293317317963,-1.0,-1.0,1.0,-0.8639777,-43.62178862094879,1.0,160000
61348,72.16232648984091,0.944390833377838,47.21954166889191,-1.0,-1.0,1.0,-0.5641854,-20.0,1.0,160000
26303,72.15669629177356,0.9442805647850036,47.21402823925018,-0.30661184,-1.0,0.30583525,-0.30881706,-20.0,1.0,160000
48038,72.15607240412149,0.9442683458328248,47.21341729164124,-1.0,-1.0,0.2149502,-0.8341205,-58.52549195289612,1.0,159050
42670,72.15317512853795,0.9442116022109984,47.21058011054993,-1.0,-0.92181134,-0.6050829,-0.7615557,-32.56178021430969,1.0,116079
31787,72.15237168172811,0.9441958665847778,47.20979332923889,-1.0,-1.0,0.74563617,-0.31850484,-35.787301659584045,1.0,146077
10050,72.1517082292288,0.9441828727722168,47.20914363861084,0.17692113,-0.5133408,-1.0,-0.94560695,-55.44792175292969,1.0,160000
12051,72.15104173317872,0.944169819355011,47.20849096775055,-1.0,-0.7740262,-1.0,0.31421202,-32.153202295303345,1.0,155229
13869,72.15039045374877,0.944157063961029,47.20785319805145,-1.0,-1.0,-0.5273907,-0.1690936,-29.770987033843998,1.0,160000
5774,72.14962961306209,0.9441421627998352,47.20710813999176,-1.0,-1.0,-1.0,-0.9323984,-24.67091202735901,2.0242515802383423,160000
8365,72.14907267752153,0.9441312551498412,47.20656275749207,-0.3973958,-1.0,-0.050964832,-0.781082,-42.4855238199234,1.0,87052
35110,72.14896920314409,0.944129228591919,47.20646142959595,-1.0,-0.41221416,0.6996069,-0.9080446,-60.0,1.0,160000
842,72.14426111409666,0.9440370202064514,47.20185101032257,-1.0,-1.0,1.0,-0.8160463,-60.0,1.0,160000
19469,72.1398299627488,0.9439502358436584,47.19751179218292,-1.0,-1.0,-0.12153453,-0.54767895,-33.16069483757019,1.0,160000
52029,72.13295800939271,0.9438156485557556,47.19078242778778,-1.0,-1.0,-1.0,-0.48840427,-33.866955041885376,1.0,160000
27835,72.12842640457932,0.9437268972396852,47.18634486198425,-1.0,-0.9099541,-1.0,-0.20726971,-52.47848391532898,1.0,106803
25581,72.12743425889342,0.9437074661254884,47.185373306274414,0.22130299,-0.8894099,-0.71473897,-0.04786828,-44.43631142377853,1.0,160000
13560,72.1266794974742,0.943692684173584,47.1846342086792,-0.58330977,-1.0,-1.0,-0.97635025,-57.38222599029541,1.0,160000
45747,72.12502084752555,0.9436601996421814,47.18300998210907,-1.0,-0.97699076,-0.55361307,-0.9654405,-60.0,1.0,160000
44241,72.11920491146186,0.9435462951660156,47.17731475830078,-0.353002,-1.0,-1.0,-0.87639076,-27.83941626548767,1.0,125197
53032,72.11112770554317,0.9433881044387816,47.16940522193909,-1.0,-0.121035874,-1.0,-0.8220227,-60.0,1.0,160000
2663,72.10536347282329,0.9432752132415771,47.16376066207886,-1.0,-1.0,-1.0,-0.7766522,-26.764321327209476,1.7291996479034424,160000
691,72.10404262761706,0.9432493448257446,47.16246724128723,-0.3682601,-1.0,-1.0,-0.18222104,-45.823007225990295,1.0,160000
33729,72.10354959303857,0.943239688873291,47.16198444366455,-1.0,-1.0,-1.0,-0.76864344,-38.70736077427864,1.0,93297
52743,72.09571580734018,0.9430862665176392,47.15431332588196,-0.21854538,-0.4446863,-1.0,-0.89315116,-25.73413848876953,1.0,130539
52236,72.08870068152484,0.942948877811432,47.1474438905716,-1.0,-0.8971038,-0.79330873,-0.9079234,-20.8208692073822,1.0,91782
11768,72.08680765912123,0.9429118037223816,47.14559018611908,-1.0,-0.7880485,0.54584277,-0.4943079,-33.58744144439697,1.0,160000
10857,72.07732730662106,0.9427261352539062,47.13630676269531,-1.0,-1.0,-1.0,0.05058977,-42.30163991451264,1.0,160000
10979,72.06692170010751,0.9425223469734192,47.12611734867096,-1.0,-1.0,-1.0,0.07596271,-20.0,1.0,160000
3630,72.06452648660826,0.942475438117981,47.12377190589905,-1.0,-0.3608073,-0.3811319,-0.94498754,-58.50767016410828,1.0,160000
501,72.06444431278479,0.942473828792572,47.1236914396286,-0.96251786,-1.0,-0.895713,-0.088456824,-60.0,1.0,113280
9748,72.06238996625046,0.9424335956573486,47.12167978286743,-0.31966263,-1.0,-1.0,-0.8061882,-34.5838588476181,1.0,160000
16241,72.05626952451267,0.9423137307167052,47.11568653583527,-0.7957679,-0.6388348,-1.0,-0.5850444,-26.875518560409542,1.0,160000
35607,72.05619952433955,0.9423123598098756,47.115617990493774,-1.0,-0.42004925,-1.0,1.0,-41.351763010025024,1.0,160000
35604,72.05619952433955,0.9423123598098756,47.115617990493774,-1.0,-1.0,-1.0,1.0,-36.81744694709778,1.0,127651
34797,72.05607169793099,0.9423098564147948,47.11549282073975,-0.98230916,-0.8131028,1.0,-0.9165791,-20.0,1.0,160000
45768,72.05363995133807,0.9422622323036194,47.11311161518097,-1.0,-1.0,-0.9962624,-0.57630146,-22.107003927230835,1.0,160000
30144,72.05061167760405,0.942202925682068,47.110146284103394,-1.0,-1.0,-1.0,-0.907555,-21.25020265579224,4.954525589942932,146644
59702,72.0458851278679,0.9421103596687316,47.10551798343658,-0.997412,-0.35017568,-1.0,-0.59260297,-45.50436556339264,1.0,160000
36771,72.04365728523726,0.942066729068756,47.103336453437805,-1.0,-1.0,-0.34857848,0.020537898,-20.0,1.0,131996
1438,72.04276249538023,0.942049205303192,47.10246026515961,-0.80582637,-1.0,0.2540167,-0.87490165,-38.74355837702751,1.0,160000
58491,72.03963985867843,0.9419880509376526,47.09940254688263,-0.53189003,-1.0,-1.0,-0.7789613,-20.0,1.0,160000
33637,72.03887289463329,0.9419730305671692,47.09865152835846,-1.0,-1.0,-1.0,-0.8449378,-53.135446310043335,1.0,99345
35867,72.0370376582074,0.9419370889663696,47.09685444831848,-0.8958811,-0.63893193,-0.503729,0.3819917,-20.0,1.0,112062
44388,72.02753884076417,0.9417510628700256,47.08755314350128,-1.0,-1.0,-1.0,-0.40518543,-60.0,1.0,160000
20343,72.02553620141148,0.9417118430137634,47.08559215068817,-0.30148733,-1.0,0.22622198,-0.93205315,-20.0,2.935105919837952,152784
15565,72.02233440966366,0.9416491389274596,47.082456946372986,0.2773279,-1.0,-1.0,-0.8841592,-36.63522332906723,1.0,142343
41329,72.02130265263298,0.9416289329528807,47.08144664764404,-1.0,0.019652963,-1.0,0.20971578,-45.66052198410034,1.0,126119
30253,72.01940044451094,0.9415916800498962,47.07958400249481,-1.0,-0.7721813,-0.4554791,-0.32095078,-20.0,1.0,129442
56788,72.01804911491008,0.941565215587616,47.0782607793808,-1.0,-1.0,-0.83289045,-0.9290748,-30.852461457252502,1.0,86860
12666,72.01714822807062,0.9415475726127625,47.07737863063812,-1.0,-0.5991584,0.33583194,-0.7050327,-20.867849588394165,1.0,160000
37720,72.00617016326997,0.9413325786590576,47.06662893295288,-0.7439914,-0.1004616,-0.8450171,-0.7661638,-20.0,1.0,160000
31986,72.00587798229105,0.9413268566131592,47.06634283065796,-1.0,-0.90857834,-1.0,0.38193905,-60.0,1.0,152620
26546,72.001090469946,0.9412330985069276,47.061654925346375,-0.81895256,-1.0,0.5975709,-0.8479515,-20.0,1.0,160000
61350,71.98449084297317,0.9409080147743224,47.045400738716125,-1.0,-1.0,-1.0,-0.62557924,-60.0,1.0,160000
41068,71.98258251737211,0.9408706426620485,47.04353213310242,-1.0,-0.9918724,0.5402184,-0.6454916,-60.0,1.0,160000
30806,71.97827280016165,0.9407862424850464,47.03931212425232,-1.0,-1.0,0.22480017,-0.7543303,-45.38339614868164,1.0,160000
50588,71.97515920708463,0.9407252669334412,47.03626334667206,-1.0,-1.0,-0.12270367,-0.1844519,-60.0,1.0,159552
35877,71.97441657038318,0.940710723400116,47.0355361700058,-1.0,-0.30858153,-0.98962486,-0.90015864,-51.22481107711792,1.0,113801
43360,71.9675654311784,0.9405765533447266,47.02882766723633,-1.0,-1.0,-0.012944162,-0.4289107,-20.0,1.0,160000
18911,71.96706323670021,0.9405667185783386,47.02833592891693,-0.49535906,-0.69393337,-0.1726898,-0.4145331,-60.0,1.0,160000
21487,71.9607903619145,0.9404438734054564,47.02219367027283,-1.0,-0.776439,-1.0,-0.63484466,-55.9297251701355,1.0,160000
37695,71.9603155584705,0.9404345750808716,47.02172875404358,-1.0,-1.0,-1.0,-0.88633627,-60.0,1.0,160000
41821,71.95883636249903,0.9404056072235109,47.02028036117554,-0.9727497,-0.70808107,-0.4495899,-0.9180995,-27.802809476852417,1.0,160000
49352,71.95883027527086,0.9404054880142212,47.02027440071106,-1.0,-1.0,1.0,-0.8069589,-20.0,1.0,96887
32146,71.95730238048935,0.940375566482544,47.0187783241272,-1.0,-1.0,-1.0,1.0,-40.29577933251858,1.0,160000
45131,71.95659321782645,0.9403616786003112,47.01808393001557,-0.50974715,-0.7297677,-1.0,-0.7683939,-23.35660219192505,1.0,160000
51782,71.95546099200695,0.9403395056724548,47.01697528362274,-1.0,-1.0,-1.0,-0.36070496,-20.0,1.0,160000
5062,71.9515742878531,0.9402633905410768,47.01316952705383,-1.0,0.073810935,-1.0,-0.54543835,-42.64905750751496,1.0,160000
4039,71.94961114974822,0.9402249455451964,47.01124727725983,-0.5856526,0.25593472,-0.6443124,0.13564041,-42.33137115836144,1.0,160000
28407,71.9490724278364,0.9402143955230712,47.010719776153564,-0.54870534,-1.0,-0.74579054,-0.3127464,-50.36242842674256,1.0,160000
2665,71.94509744757792,0.9401365518569946,47.00682759284973,-1.0,-1.0,-0.871292,-0.11030516,-20.0,1.0,160000
31332,71.94277819865525,0.9400911331176758,47.00455665588379,-0.79343534,-1.0,0.7720976,-0.6800585,-37.24234342575073,1.0,115508
42927,71.94113159137598,0.9400588870048524,47.002944350242615,-1.0,-1.0,1.0,-0.88487273,-21.018084287643436,1.0,116567
41155,71.93974369227476,0.9400317072868348,47.001585364341736,-1.0,0.26069653,-1.0,0.37685204,-21.47999882698059,1.0,156203
58853,71.93951846295582,0.9400272965431212,47.00136482715607,-0.8135711,-1.0,-0.23064655,-0.47306532,-20.0,1.0,160000
51096,71.93928105905526,0.9400226473808287,47.00113236904144,-1.0,-0.23816413,-1.0,-0.6519972,-60.0,1.0,142435
8422,71.93862972002297,0.9400098919868468,47.000494599342346,-0.84235394,-0.30200714,0.69520664,0.051400095,-25.45701146125793,1.0,160000
25828,71.9345847178914,0.9399306774139404,46.99653387069702,-0.40205842,-0.7990012,-1.0,-0.7170185,-40.92462956905365,1.0,160000
8370,71.93185456571118,0.9398772120475768,46.993860602378845,-0.57967734,-1.0,-1.0,-0.89393663,-60.0,1.0,100975
44021,71.93125801028896,0.9398655295372008,46.993276476860046,-1.0,-0.7770399,-1.0,-0.499258,-60.0,1.0,136720
11541,71.92770911106311,0.9397960305213928,46.98980152606964,-0.0066995025,-0.0036129951,0.017346263,-0.77726007,-20.0,1.0,148209
3174,71.92711864187913,0.9397844672203064,46.98922336101532,-1.0,-1.0,0.97176415,-0.9275093,-43.05714726448059,1.0,160000
60204,71.9208487020292,0.9396616816520692,46.983084082603455,-1.0,-1.0,-1.0,-0.72313964,-47.43628799915314,1.0,160000
51630,71.91760719730472,0.9395982027053832,46.979910135269165,-1.0,-1.0,0.078507364,-0.9493873,-45.25386214256287,1.0,160000
43298,71.91733022344994,0.9395927786827089,46.97963893413544,-0.3417406,-0.88477665,-1.0,-0.7661308,-60.0,1.0,100325
24619,71.9109385098502,0.9394676089286804,46.97338044643402,-1.0,-0.61464095,-1.0,-0.62574524,-40.71757376194,1.0,158390
50870,71.90770612221436,0.939404308795929,46.97021543979645,-1.0,-1.0,-1.0,-0.04924705,-53.7694525718689,1.0,94991
39063,71.90656778499792,0.939382016658783,46.96910083293915,-1.0,-0.8353089,-1.0,-0.610374,-39.51795011758804,1.0,160000
14721,71.90412370613063,0.9393341541290284,46.966707706451416,-0.7859901,-0.35207433,-1.0,-0.14936337,-56.09524607658386,1.0,160000
939,71.90012125505575,0.9392557740211488,46.96278870105744,-0.7625929,-0.28231794,-0.88879335,-0.98198557,-21.68765544891357,1.0,160000
21679,71.89951556033209,0.9392439126968384,46.96219563484192,-0.60049427,-1.0,-1.0,0.61285686,-60.0,1.0,160000
2520,71.89880637987507,0.9392300248146056,46.961501240730286,-0.70863247,-0.7265737,-1.0,-0.56390834,-45.34769713878632,1.0,160000
3153,71.89707147397269,0.9391960501670836,46.95980250835419,-1.0,-0.6682801,-1.0,-0.81243646,-41.88234522938728,1.0,160000
15350,71.89592704409975,0.9391736388206482,46.95868194103241,-0.27085924,-1.0,-0.34332642,-0.066023976,-43.43051433563232,1.0,160000
17424,71.89410386873766,0.9391379356384276,46.95689678192139,-1.0,-1.0,-1.0,-0.35591447,-30.49507439136505,1.0,160000
23579,71.88769687206913,0.9390124678611756,46.95062339305878,-1.0,-1.0,-0.46952045,-0.14132816,-60.0,1.0,113554
60973,71.8855571442645,0.9389705657958984,46.94852828979492,-1.0,-1.0,-1.0,-0.42995676,-20.0,1.0,160000
39719,71.88176772100424,0.9388963580131532,46.94481790065765,-0.38235742,-1.0,-0.4504673,-0.7420089,-22.057347297668457,1.0,160000
26065,71.88062937094932,0.9388740658760072,46.943703293800354,-1.0,-1.0,-0.4671283,-0.4933063,-23.77366304397583,1.0,160000
40919,71.8749223935928,0.9387623071670532,46.93811535835266,-1.0,-0.16764247,1.0,-0.6126214,-36.89774423837662,1.0,160000
6904,71.87372925306899,0.9387389421463012,46.93694710731506,-1.0,-1.0,-0.076582074,-0.7186395,-28.10673952102661,1.0,160000
50062,71.87172343635348,0.9386996626853944,46.934983134269714,0.05427265,-0.0985921,-1.0,-0.8921578,-38.5233111679554,1.0,160000
24608,71.86240351841568,0.938517153263092,46.9258576631546,-0.5021741,-1.0,-0.7973063,-0.798421,-34.499494433403015,1.0,160000
45163,71.85767353906594,0.9384245276451112,46.921226382255554,-1.0,-1.0,-0.28050292,-0.57590693,-55.86400985717773,1.0,160000
37512,71.85288876239835,0.9383308291435242,46.91654145717621,-1.0,-1.0,-1.0,-0.92508674,-33.61098289489746,1.0,160000
56917,71.85045375772138,0.938283145427704,46.91415727138519,-1.0,-1.0,-1.0,-0.6089064,-60.0,1.0,160000
508,71.8449628126959,0.938175618648529,46.90878093242645,-1.0,-0.7838383,-1.0,0.052766502,-51.3656747341156,1.0,160000
10326,71.84139856141647,0.9381058216094972,46.90529108047485,-1.0,-1.0,0.8303757,-0.9163859,-20.0,1.0,160000
55378,71.8411854975438,0.9381016492843628,46.90508246421814,-1.0,0.119236946,-1.0,0.1585909,-37.92429447174072,1.0,144589
40253,71.84107287806027,0.938099443912506,46.904972195625305,-1.0,-1.0,-0.37645742,-0.5934946,-39.57304328680039,1.0,108511
60259,71.84065283777562,0.9380912184715272,46.90456092357636,-1.0,-0.30163258,-1.0,-0.25691187,-60.0,1.0,142458
39354,71.83867742989868,0.938052535057068,46.902626752853394,0.027450204,-0.95078355,-0.027463198,-0.25397807,-20.0,1.0,160000
23812,71.83177414217431,0.9379173517227172,46.89586758613586,-0.95091504,-0.949068,-1.0,-0.6563064,-20.0,1.0,149220
3961,71.8284381544184,0.9378520250320436,46.89260125160217,-0.03144431,-1.0,0.14923185,-0.9865675,-37.20147520303726,1.0,160000
11656,71.82452992901435,0.937775492668152,46.88877463340759,-1.0,-1.0,-0.08515149,-0.63008404,-21.754181385040283,1.0,160000
37123,71.82025339747904,0.9376917481422424,46.88458740711212,-1.0,-1.0,-1.0,-0.59051096,-20.0,1.0,160000
38319,71.81987901035285,0.9376844167709352,46.88422083854675,-0.5905628,-1.0,1.0,-0.6521145,-57.11331844329834,1.0,93694
11966,71.81788227798076,0.9376453161239624,46.88226580619812,-1.0,-1.0,-0.15766412,0.30885428,-60.0,1.0,156822
61091,71.81675302765292,0.9376232028007508,46.88116014003754,-1.0,-1.0,-1.0,0.23933785,-36.30213648080826,1.0,72063
42979,71.80924395539513,0.9374761581420898,46.87380790710449,-1.0,-1.0,-0.7942349,-0.6915799,-20.0,1.0,131294
10547,71.80839777546306,0.9374595880508424,46.872979402542114,-1.0,-1.0,-0.56750906,-0.80967325,-20.0,1.0,160000
50703,71.80656844295937,0.9374237656593324,46.87118828296661,-0.22370648,-1.0,-0.013005555,-0.056069113,-42.99667418003082,1.0,115723
46454,71.8047025831776,0.937387228012085,46.86936140060425,-0.9337224,-1.0,-1.0,-0.33685517,-20.0,1.0,160000
46125,71.80264800498821,0.9373469948768616,46.86734974384308,-0.5356053,-1.0,-0.5341556,-0.9497628,-22.444950342178345,1.0,160000
58894,71.79695909665485,0.9372355937957764,46.86177968978882,-0.56459963,-1.0,-0.75354445,-0.96556365,-60.0,1.0,123844
49613,71.78862203532262,0.9370723366737366,46.85361683368683,-0.05663407,-1.0,-1.0,-0.6622601,-47.6264089345932,1.0,160000
26393,71.78404713992015,0.9369827508926392,46.84913754463196,-1.0,-1.0,-1.0,-0.31700695,-50.85142493247986,1.0,160000
7995,71.77555175102052,0.936816394329071,46.84081971645355,-1.0,0.08388245,-1.0,0.027421534,-24.74178433418274,1.0,160000
52571,71.77352149755419,0.936776638031006,46.83883190155029,-0.78722537,-0.4731183,-1.0,-0.1797861,-60.0,1.0,128397
42367,71.77040762704395,0.9367156624794006,46.83578312397003,-0.967734,-1.0,-0.8181974,-0.5490741,-33.10060381889343,1.0,142434
57389,71.76293492930463,0.936569333076477,46.82846665382385,-1.0,-0.33520025,-1.0,-0.5431375,-60.0,1.0,160000
46619,71.7600097648047,0.936512053012848,46.8256026506424,-0.6155308,-1.0,-0.5804529,-0.31988567,-20.0,1.0,160000
2417,71.7590326798875,0.936492919921875,46.82464599609375,-1.0,-0.8590273,-1.0,0.022227466,-51.18348240852356,1.0,160000
8072,71.75089637712277,0.9363335967063904,46.81667983531952,-1.0,-0.14532244,-0.7078666,-0.13450447,-20.0,1.0,124619
33877,71.75005321951298,0.9363170862197876,46.81585431098938,-0.34549427,-0.9419101,0.2180407,-0.37007973,-20.0,1.0,160000
37124,71.74994668333078,0.9363150000572203,46.81575000286102,-1.0,-1.0,-1.0,-0.59674793,-40.80296978354454,1.0,160000
8138,71.73894299091474,0.9360995292663574,46.80497646331787,-1.0,-0.39272463,-1.0,-0.35781372,-49.6200829744339,1.0,132497
58280,71.73415796623249,0.9360058307647704,46.800291538238525,-0.61427736,-1.0,-0.59411055,0.06229792,-20.76950192451477,1.0,118719
53533,71.7336952915589,0.9359967708587646,46.79983854293823,0.01987636,-1.0,-0.6784203,-0.04830461,-20.0,1.0,160000
10068,71.7295555666256,0.93591570854187,46.79578542709351,-1.0,-1.0,-1.0,-0.0868312,-34.53196585178375,1.380931794643402,160000
34975,71.72398518961923,0.9358066320419312,46.79033160209656,-0.2594394,-1.0,-1.0,-0.8588369,-35.269964039325714,1.0,128428
16650,71.7204116182005,0.9357366561889648,46.78683280944824,-0.7764254,-0.8794986,-1.0,-0.8296289,-38.11272770166397,1.0,160000
29236,71.71740116911357,0.935677707195282,46.7838853597641,-0.0471493,-1.0,0.84170896,-0.92635304,-57.64180660247803,1.0,147545
9164,71.71540130337026,0.9356385469436646,46.78192734718323,-0.27170354,-1.0,-1.0,-0.008331314,-24.710805416107178,1.0,147721
37089,71.71522171107928,0.9356350302696228,46.78175151348114,-1.0,-1.0,1.0,-0.9477625,-38.05309921503067,1.0,160000
59034,71.71293571305635,0.9355902671813964,46.779513359069824,-0.56533927,-1.0,-0.98280525,0.3187002,-45.23097217082977,1.0,160000
42201,71.71050055951522,0.9355425834655762,46.77712917327881,-0.19660097,-0.31385243,-1.0,-0.8268501,-20.0,1.3839567303657532,130797
12734,71.70383126945336,0.9354119896888732,46.77059948444367,-0.057258844,-1.0,-0.8815801,0.56282294,-54.75450277328491,1.0,96846
23608,71.69733242172906,0.9352847337722778,46.76423668861389,-1.0,0.13003182,-0.62552905,-0.042739287,-60.0,1.0,160000
40959,71.69342397230976,0.9352082014083862,46.76041007041931,-1.0,-1.0,0.40385175,0.4851661,-20.0,1.0,160000
41410,71.69107098512313,0.9351621270179749,46.75810635089874,-0.8076066,-0.41279387,-0.69794226,-0.7716316,-50.7270348072052,1.0,160000
51147,71.6869494467367,0.935081422328949,46.75407111644745,-1.0,-1.0,-0.12436527,-0.8683952,-20.0,1.0,116768
48590,71.68465124447552,0.9350364208221436,46.75182104110718,-0.007985592,-1.0,-1.0,-0.5102087,-44.4851091504097,1.0,117973
31122,71.6813302620167,0.9349713921546936,46.74856960773468,-1.0,-1.0,-1.0,-0.87515706,-56.99868202209473,1.0,160000
34968,71.68070015755784,0.9349590539932252,46.747952699661255,-0.28551638,-1.0,0.12613374,0.06016372,-20.0,1.0,160000
10070,71.678815931108,0.9349221587181092,46.74610793590546,-1.0,-0.52217484,-0.11137104,0.27420112,-60.0,1.0,147624
41314,71.67674297581559,0.9348815679550172,46.74407839775085,-1.0,-1.0,-0.44552836,-0.7972257,-50.07141828536987,1.0,160000
6905,71.67384814082105,0.9348248839378356,46.741244196891785,-1.0,-1.0,-1.0,-0.6746534,-53.536051511764526,1.0,144909
48498,71.67383292085869,0.9348245859146118,46.74122929573059,-1.0,-1.0,-0.7372651,-0.63182735,-34.56120431423187,1.0,160000
59137,71.6709228621863,0.9347676038742064,46.73838019371033,-1.0,-0.6780089,0.15383983,-0.71159315,-20.0,1.0,160000
52015,71.66526710991118,0.934656858444214,46.73284292221069,-0.94351566,-1.0,-0.1820128,0.0054908246,-46.29197716712952,1.0,160000
23862,71.66352898300651,0.9346228241920472,46.73114120960236,-1.0,-0.48425245,-1.0,-0.56817114,-22.406914234161377,1.0,117060
34809,71.66218961986365,0.934596598148346,46.7298299074173,-1.0,-1.0,-1.0,0.60233164,-32.0892870426178,1.0,160000
16842,71.66149558592534,0.9345830082893372,46.72915041446686,-1.0,-1.0,0.7413786,-0.03618321,-60.0,1.0,160000
30027,71.66112421680133,0.9345757365226746,46.72878682613373,-1.0,-1.0,-0.86908466,-0.78021276,-25.5416738986969,1.0,160000
47428,71.65827502216372,0.9345199465751648,46.72599732875824,-1.0,-1.0,-1.0,-0.5077915,-60.0,1.0,107910
5670,71.65086892583935,0.9343749284744264,46.71874642372131,-1.0,-1.0,-0.091836095,-0.76451063,-60.0,1.0,102790
3106,71.6448813243955,0.9342576861381532,46.71288430690765,-0.6305641,-0.33327472,-0.5259156,-0.38897178,-20.0,1.0,160000
44448,71.64258003566547,0.9342126250267028,46.71063125133514,-0.7546029,-0.97554195,-0.32785717,-0.60442466,-41.044940650463104,1.0,160000
54443,71.64072012997866,0.9341762065887452,46.708810329437256,-1.0,-1.0,-1.0,-0.19765745,-43.671367168426514,1.0,137928
13318,71.6380900807178,0.9341247081756592,46.70623540878296,-0.030995369,-0.82909703,-1.0,-0.91459465,-37.480977177619934,1.0,160000
13780,71.63536870710257,0.93407142162323,46.7035710811615,-1.0,-0.89009035,-0.6819322,-0.050512582,-20.0,1.0,160000
46740,71.63056824481608,0.9339774250984192,46.69887125492096,-1.0,-1.0,-1.0,-0.58615386,-60.0,1.0,133166
5256,71.62931409573966,0.9339528679847716,46.697643399238586,-0.6549456,-0.63836634,-0.08197397,-0.31335717,-48.43174576759338,1.0,113870
14460,71.62777684896264,0.9339227676391602,46.69613838195801,-0.36464012,-1.0,0.4013269,-0.55585825,-60.0,1.0,79311
4618,71.62370694505394,0.9338430762290956,46.69215381145477,-0.27444327,-1.0,-0.4813362,-0.6891253,-42.31863617897034,1.0,160000
12705,71.60956420064612,0.933566153049469,46.67830765247345,0.057907343,-1.0,-1.0,0.038418084,-57.847092151641846,1.0,113186
42455,71.6041366023224,0.9334598779678344,46.67299389839173,-0.41499883,-0.82484436,-1.0,-0.048924405,-38.07105466723442,1.0,160000
55034,71.60112904366011,0.9334009885787964,46.67004942893982,-0.6557063,-1.0,-1.0,0.3053843,-24.27603244781494,1.0,155590
29583,71.5963559059515,0.9333075284957886,46.66537642478943,0.073103905,0.044309735,-0.031499743,-0.13485372,-60.0,1.0,160000
57153,71.58951885576916,0.933173656463623,46.65868282318115,-1.0,-1.0,1.0,-0.11044808,-60.0,1.0,160000
4922,71.58577155907119,0.9331002831459044,46.65501415729523,-0.2315368,-0.92724514,-1.0,-0.34850812,-60.0,1.0,160000
24689,71.58084922736789,0.9330039024353028,46.65019512176514,-1.0,-1.0,0.21491307,-0.6866219,-39.29873675107956,1.0,108297
13264,71.57271837654949,0.9328446984291076,46.64223492145538,-0.96126676,-1.0,-1.0,-0.3401081,-60.0,1.0,160000
44334,71.56742158797962,0.9327409863471984,46.63704931735992,-1.0,-1.0,-0.33189827,-0.06785931,-24.45778489112854,1.0,145605
4904,71.56318110408165,0.9326579570770264,46.63289785385132,-0.56666327,-1.0,-0.55131674,-0.18177804,-47.1176278591156,1.0,160000
13580,71.56249008405946,0.9326444268226624,46.63222134113312,-1.0,-1.0,-0.31303206,-0.7328378,-20.0,1.0,138558
54045,71.56215827260839,0.9326379299163818,46.63189649581909,-0.56217384,-1.0,-1.0,0.116883904,-39.641829431056976,1.0297623872756958,160000
60354,71.56132113341063,0.9326215386390686,46.63107693195343,-1.0,-0.104445696,0.062103033,-0.9332117,-52.98699140548706,1.0,94300
45631,71.55467575929228,0.932491421699524,46.6245710849762,-1.0,-0.13316071,-1.0,-0.19367932,-47.83513128757477,1.0,160000
49860,71.55208214029096,0.9324406385421752,46.622031927108765,-1.0,-0.88703144,-1.0,-0.6272827,-30.835269689559937,1.0,150860
34622,71.54862702116857,0.9323729872703552,46.61864936351776,-1.0,0.06952524,-0.8353026,0.22225697,-54.60225462913513,1.0,160000
12517,71.54333322051178,0.9322693347930908,46.61346673965454,-0.3332687,-1.0,1.0,-0.43755186,-41.5210947394371,1.0,160000
49744,71.54152498444773,0.9322339296340942,46.61169648170471,-0.855315,-0.97677535,-0.30066776,-0.9172943,-51.24737977981568,1.0,160000
33054,71.53312306058059,0.9320694208145142,46.60347104072571,-1.0,-0.51891905,-1.0,-0.2800734,-20.0,1.0,107119
23314,71.53309261877082,0.9320688247680664,46.60344123840332,-1.0,-1.0,-0.8832137,-0.32611382,-40.99613294005394,1.0663623213768003,160000
5690,71.51799951911003,0.93177330493927,46.5886652469635,-1.0,-1.0,-1.0,-0.86676776,-20.0,1.074317455291748,128250
26599,71.51510448184251,0.9317166209220886,46.58583104610443,-1.0,-0.8808775,-1.0,-0.80345476,-39.42175030708313,1.1627081632614136,160000
7301,71.51168888106396,0.9316497445106506,46.58248722553253,0.086007595,-0.2665686,-1.0,-0.92129433,-20.0,1.0,160000
45887,71.50362171081667,0.9314917922019958,46.57458961009979,-1.0,-1.0,-1.0,-0.764367,-23.69991183280945,1.0,124421
59082,71.50232791668667,0.9314664602279664,46.57332301139832,-1.0,-1.0,-1.0,-0.6679461,-35.23130238056183,1.0,160000
25084,71.50194738886061,0.9314590096473694,46.57295048236847,-0.058069468,-1.0,-0.9571228,-0.8706221,-52.16694712638855,1.0,160000
31398,71.5001665177843,0.9314241409301758,46.57120704650879,-1.0,-1.0,0.10134363,-0.60683686,-20.0,1.0,145082
44513,71.4994754785448,0.9314106106758118,46.57053053379059,-1.0,-1.0,-1.0,-0.98892975,-24.44667935371399,1.0,160000
48966,71.49838260107887,0.9313892126083374,46.56946063041687,-1.0,-1.0,-0.27026594,-0.26730052,-29.951446056365967,1.0,160000
22260,71.4983247607526,0.9313880801200868,46.56940400600433,-1.0,-0.474869,-0.21465868,-0.5584304,-22.32567429542541,1.0,160000
23926,71.4972471038769,0.9313669800758362,46.56834900379181,-0.99088734,-1.0,-0.45771155,-0.49793628,-34.52833414077759,1.0,160000
41505,71.4874842398089,0.9311758279800416,46.55879139900208,-1.0,-0.5951524,-1.0,0.5715625,-58.23734760284424,1.0,124396
61015,71.4816484197434,0.9310615658760072,46.553078293800354,-0.4919256,-1.0,0.4169712,-0.75529665,-42.24894046783447,1.0,130622
31837,71.4777395991336,0.9309850335121156,46.549251675605774,-0.77710754,-0.17906773,0.94517934,-0.9477904,-20.0,1.0,140735
15509,71.46704510446637,0.9307756423950196,46.53878211975098,-0.5030524,-0.81160486,1.0,-0.9778396,-20.0,1.0,138421
31285,71.46690202377908,0.9307728409767152,46.53864204883576,-1.0,-1.0,-0.70268595,-0.96564215,-60.0,1.0,129215
14441,71.45295922398427,0.9304998517036438,46.52499258518219,-0.99059975,-1.0,0.46084172,-0.83670723,-50.48641920089722,1.0,160000
52215,71.45266392794886,0.9304940700531006,46.52470350265503,-1.0,-1.0,-1.0,-0.20703971,-30.054253339767456,1.0,160000
37341,71.4511113399111,0.9304636716842652,46.52318358421326,-0.31324756,-0.32682186,-0.113989115,-0.780942,-20.0,1.0,140598
46457,71.44653880972452,0.9303741455078124,46.51870727539063,-1.0,-0.9963118,-1.0,-0.30323312,-20.0,1.0,101890
3774,71.43807869117515,0.9302085041999816,46.510425209999084,-1.0,-1.0,-0.54230493,-0.16086441,-40.29526241123676,1.0,127171
6413,71.43574370504975,0.930162787437439,46.50813937187195,-1.0,-1.0,0.30883044,-0.871369,-20.0,1.0,160000
59343,71.42543259662068,0.9299609065055848,46.49804532527924,-1.0,-1.0,0.7981316,-0.3830166,-20.0,1.1885244250297546,160000
20980,71.42143539310862,0.9298826456069946,46.49413228034973,-1.0,-0.5905412,-0.97709846,-0.97465056,-55.555827617645264,1.0,160000
40046,71.41119728356426,0.929682195186615,46.48410975933075,-1.0,-1.0,-0.6052158,-0.93744123,-20.0,1.0,116250
44508,71.38678759186956,0.929204285144806,46.460214257240295,-1.0,-1.0,0.6886694,-0.42206794,-21.914963722229004,1.0,135056
998,71.38621220432793,0.9291930198669434,46.45965099334717,-0.9826725,-1.0,0.33497697,-0.94087553,-47.58326947689056,1.0,160000
20656,71.38576163620331,0.9291841983795166,46.45920991897583,-0.25659484,-0.84393793,-0.7837939,-0.15487713,-32.33741223812103,1.0,160000
4365,71.38500054119348,0.9291692972183228,46.45846486091614,-1.0,-1.0,-0.2583753,-0.31307212,-20.0,1.0,160000
58061,71.38451952901463,0.9291598796844482,46.45799398422241,-1.0,-0.5557934,-1.0,-0.9123292,-38.09406816959381,1.0,108556
14085,71.3831708677375,0.9291334748268129,46.45667374134064,-0.59710073,-1.0,1.0,-0.43549544,-20.0,1.0,160000
26601,71.37997426329056,0.9290708899497986,46.45354449748993,-1.0,-1.0,-1.0,-0.60715544,-60.0,1.0,101295
60356,71.37676243234745,0.9290080070495604,46.45040035247803,-1.0,-0.15530121,-0.339537,-0.70353794,-55.70935487747192,1.0,160000
23859,71.37650974782294,0.9290030598640442,46.45015299320221,-1.0,-0.21571887,-1.0,-0.45956564,-60.0,1.0,160000
57627,71.37610179925362,0.9289950728416444,46.44975364208221,-1.0,-1.0,0.36635208,-0.0243752,-44.54883128404617,1.0,91721
7091,71.37528590189324,0.9289790987968444,46.448954939842224,-1.0,-1.0,0.13931131,-0.48752573,-49.109511971473694,1.0,160000
10787,71.36679811629149,0.9288129210472108,46.440646052360535,-1.0,-1.0,-1.0,-0.5715997,-54.960904121398926,1.0,125136
4701,71.35903486972558,0.9286609292030334,46.43304646015167,-1.0,-1.0,-1.0,-0.7392709,-41.455839425325394,1.0,88837
39828,71.35192919233049,0.9285218119621276,46.426090598106384,0.23504817,-0.6974176,-0.14367169,0.17136827,-20.0,1.0,160000
56,71.35178914876295,0.928519070148468,46.4259535074234,-0.40572822,-1.0,-0.071121395,-0.88761973,-35.6968680024147,1.0,154080
29968,71.3453593129669,0.9283931851387024,46.41965925693512,-0.12176442,-0.23174316,-1.0,-0.10462579,-40.94615340232849,1.0,160000
13367,71.34120974535057,0.9283119440078736,46.41559720039368,-1.0,-0.15922415,-0.018949151,-0.9615712,-55.02971053123474,1.0,160000
37768,71.34062521283325,0.9283004999160768,46.41502499580383,-0.9519003,-1.0,0.36910784,0.25568753,-60.0,1.0,153524
9185,71.33516043533163,0.9281935095787048,46.40967547893524,-1.0,0.49528718,-0.9154051,1.0,-38.28079402446747,1.0,160000
19504,71.33356818846819,0.9281623363494872,46.408116817474365,-1.0,-1.0,-0.68313336,-0.17233099,-53.50730061531067,1.0,160000
14443,71.32236762846028,0.9279430508613586,46.39715254306793,-1.0,-1.0,0.0009829998,-0.8575866,-24.64728355407715,1.0,150359
10067,71.32051659278092,0.9279068112373352,46.39534056186676,-1.0,-1.0,-1.0,0.6852639,-54.57229852676392,1.0,160000
57164,71.31626042271905,0.9278234839439392,46.39117419719696,0.091671586,-1.0,-1.0,-0.47338203,-36.2108114361763,1.0,160000
5183,71.30179912654665,0.927540361881256,46.377018094062805,-0.8381857,-1.0,-1.0,-0.98857856,-41.255528181791306,1.0,160000
9851,71.29423050366422,0.9273921847343444,46.36960923671722,-1.0,-1.0,-1.0,-0.0367696,-38.28218638896942,1.0,160000
25145,71.29280872008968,0.9273643493652344,46.36821746826172,-0.8187536,-1.0,-0.21488881,-0.27316692,-60.0,1.0,160000
60909,71.28720377863445,0.9272546172142028,46.362730860710144,-1.0,-0.19747972,0.7100999,-0.8764436,-20.0,1.0,160000
54539,71.28569369967173,0.9272250533103944,46.361252665519714,-0.9457737,-1.0,-1.0,-0.72752815,-20.0,1.0,160000
34457,71.27083641695226,0.9269341826438904,46.34670913219452,-0.2621786,-1.0,-1.0,-0.16145116,-20.0,1.0,160000
40809,71.2641292957962,0.9268028736114502,46.34014368057251,-0.6266394,-0.79097915,-0.63066083,-0.9350954,-49.8925256729126,1.0,160000
60647,71.2584603470556,0.9266918897628784,46.33459448814392,-1.0,0.069272995,-1.0,0.1598073,-32.811426520347595,1.0,160000
14725,71.25342769686934,0.9265933632850648,46.32966816425324,-0.56057376,-0.4280694,-1.0,0.020329967,-60.0,1.0,149315
35639,71.24575235076634,0.926443099975586,46.3221549987793,-1.0,-0.23204148,-0.46321344,-0.80482614,-53.64495873451233,1.0,135159
14826,71.24124333906411,0.9263548254966736,46.31774127483368,-0.70541215,-1.0,-1.0,-0.721705,-59.76452827453613,1.0,160000
39476,71.240418258965,0.9263386726379396,46.31693363189697,-1.0,-0.50466853,-0.976959,0.1277927,-21.030473709106445,1.0,160000
35330,71.22328636102989,0.9260032773017884,46.30016386508942,-1.0,-1.0,-1.0,-0.7901654,-47.524983286857605,1.0,160000
50521,71.22086285821452,0.9259558320045472,46.29779160022736,-1.0,-1.0,-0.5555129,-0.2540506,-48.69969248771668,1.0,160000
373,71.21549521637526,0.925850749015808,46.292537450790405,-1.0,-1.0,0.6751224,-0.4906441,-34.43987786769867,1.0,160000
56684,71.21232881923251,0.9257887601852416,46.289438009262085,-0.95623213,-1.0,-0.84586143,-0.900015,-48.924680948257446,1.0,97165
44865,71.20851391364324,0.925714075565338,46.28570377826691,-0.24879998,-0.88909024,-0.5345985,-0.9326809,-38.455843180418015,1.0699406862258911,160000
5591,71.20570068300552,0.9256590008735656,46.28295004367829,-0.7162279,-1.0,0.3808136,-0.7261336,-60.0,1.0,160000
48767,71.20073489604343,0.925561785697937,46.27808928489685,-0.72674507,-0.84559107,-0.45433092,1.0,-56.77656650543213,1.0,160000
7422,71.19654243580128,0.9254797101020812,46.27398550510407,-0.5114951,-1.0,-1.0,-0.78760195,-41.65159195661545,1.0,150963
52014,71.19528500065883,0.9254550933837892,46.27275466918945,-1.0,-1.0,-1.0,0.19968966,-31.418148279190063,1.0,109185
19963,71.1948983315987,0.9254475235939026,46.27237617969513,-1.0,-1.0,-1.0,-0.5278444,-60.0,1.0,101960
9138,71.18786825016893,0.9253098964691162,46.26549482345581,-0.39529514,-1.0,-0.7735976,0.52610385,-60.0,1.0,160000
13775,71.18560607547656,0.925265610218048,46.263280510902405,-0.5541753,-0.886894,-0.76984346,-0.044701755,-60.0,1.0,101120
505,71.17767778969407,0.925110399723053,46.25551998615265,-0.08989602,0.10769391,-0.874208,0.09219411,-32.56739258766174,1.0,127318
10960,71.17467575094139,0.9250516295433044,46.25258147716522,-1.0,-1.0,-1.0,-0.9801394,-20.0,1.0,160000
71,71.17454178562913,0.9250490069389344,46.25245034694672,-0.005439937,-1.0,-1.0,0.134731,-25.799033641815186,1.0,160000
38248,71.16224129997548,0.9248082041740416,46.24041020870209,-0.85756445,-1.0,-1.0,-0.74419284,-60.0,1.0,98216
23278,71.15981164157398,0.924760639667511,46.23803198337555,-1.0,-0.3043928,0.031129897,0.57631654,-29.36901926994324,1.0,160000
27909,71.15166100127098,0.9246010780334472,46.23005390167236,-1.0,-1.0,-1.0,-0.993745,-30.72853684425354,1.0,160000
61153,71.123521729477,0.9240502119064332,46.202510595321655,-1.0,-0.5327861,-0.8764511,0.11058468,-20.0,1.0,123551
51678,71.11418959432163,0.9238675236701964,46.19337618350983,-0.5900347,0.13991523,-0.009144127,-0.66087866,-25.709452629089355,1.0,160000
31558,71.10646809828322,0.923716366291046,46.18581831455231,-1.0,-0.2891721,-0.55880374,0.32129025,-57.32718706130981,1.0,160000
21027,71.10465342103818,0.92368084192276,46.184042096138,-1.0,-0.37760025,-1.0,-0.98179823,-20.0,1.633830428123474,160000
50576,71.09815893481792,0.923553705215454,46.17768526077271,-1.0,-0.5143009,0.1107986,-0.49017003,-42.631461918354034,1.0,160000
59862,71.09670962353937,0.923525333404541,46.17626667022705,-1.0,-0.635613,0.115403354,-0.5900189,-60.0,1.0,160000
17602,71.09525117699332,0.9234967827796936,46.17483913898468,-1.0,-1.0,1.0,-0.18347166,-28.21523904800415,1.0,136895
19100,71.09455696828074,0.9234831929206848,46.17415964603424,-1.0,-0.16269463,-0.91029584,-0.39626387,-51.35308027267456,1.0,160000
7276,71.09110723493126,0.9234156608581544,46.17078304290772,-1.0,-1.0,-0.7938498,-0.80097526,-23.022773265838623,1.0,121512
52363,71.09102502586298,0.9234140515327454,46.17070257663727,-1.0,-1.0,-0.08961433,0.42044175,-47.90444612503052,1.0,121767
30620,71.08688716550225,0.9233330488204956,46.16665244102478,-0.80504185,-1.0,-0.9620504,-0.55411035,-60.0,1.0,160000
42307,71.08116600520333,0.9232210516929626,46.16105258464813,-0.7656647,-0.8996384,-1.0,0.076957434,-28.876527547836304,1.0,76534
48424,71.07796896935608,0.9231584668159484,46.157923340797424,-1.0,-1.0,-0.38099813,-0.29136813,-20.0,1.0,134995
49562,71.07738741281743,0.9231470823287964,46.15735411643982,-1.0,-1.0,-1.0,-0.9743305,-24.11267399787903,1.0,160000
31599,71.07674496012935,0.9231345057487488,46.15672528743744,-1.0,-1.0,0.03232205,-0.70544493,-47.1808397769928,1.0,143227
25141,71.07314295891916,0.9230639934539796,46.153199672698975,-1.0,-1.0,-0.45431814,-0.29948854,-23.360310792922974,1.0,160000
55895,71.07196461913318,0.9230409264564514,46.15204632282257,-1.0,-1.0,-1.0,0.50503063,-38.44028130173683,1.0,160000
41125,71.05993760109908,0.9228054881095886,46.14027440547943,-1.0,-1.0,-1.0,-0.96093047,-56.77452445030213,1.0,160000
40952,71.04602271673316,0.9225330948829652,46.126654744148254,-0.84056354,-1.0,-0.5027493,1.0,-20.0,1.0,160000
33695,71.04451247458672,0.9225035309791564,46.12517654895783,-1.0,-1.0,0.31269687,-0.9353134,-20.0,1.0,160000
26005,71.03827053546537,0.9223813414573668,46.11906707286835,-0.8713213,-0.67380106,-1.0,0.44552302,-49.21416401863098,1.0,160000
39507,71.0292607982449,0.9222049713134766,46.11024856567383,-1.0,-1.0,-0.99093634,-0.6508591,-46.52637362480164,1.0,150033
15671,71.02479702168,0.9221175909042358,46.10587954521179,-1.0,-0.795861,-1.0,-0.19005132,-32.54231512546539,1.0,160000
31137,71.02141112241688,0.9220513105392456,46.10256552696228,-0.83316624,-1.0,0.67303354,-0.44557035,-52.56399035453797,1.0,160000
12572,71.01764765278372,0.9219776391983032,46.09888195991516,-1.0,-1.0,-0.95407,-0.7998822,-20.0,1.0,99824
19593,71.01488289917928,0.9219235181808472,46.09617590904236,-1.0,-0.2744434,-0.19774199,-0.6396991,-35.30476778745651,1.0,136992
59763,71.0136679898425,0.9218997359275818,46.09498679637909,-1.0,-1.0,-0.0053448677,-0.83578324,-41.70398026704788,1.0,160000
23172,71.01273625441154,0.9218814969062804,46.094074845314026,-1.0,-1.0,-1.0,-0.93602264,-54.257800579071045,1.0,144145
24978,71.00185379918014,0.9216684699058532,46.08342349529266,-1.0,-1.0,-1.0,-0.9590316,-50.18855810165405,1.0,113422
57899,70.99823340701705,0.9215975999832152,46.07987999916077,-0.6217516,0.22052217,-1.0,-0.16062586,-36.203743517398834,1.0,160000
25766,70.99388831963282,0.9215125441551208,46.07562720775604,-1.0,-1.0,-0.40185064,-0.8939362,-27.414124011993408,1.0,160000
27524,70.99053282235423,0.9214468598365784,46.07234299182892,-1.0,0.030614376,-0.24667591,0.05095133,-20.0,1.0,160000
41999,70.98757620484221,0.9213889837265016,46.06944918632507,-1.0,-1.0,-0.22673959,-0.9910878,-47.865498065948486,1.0,142107
52534,70.97377048443202,0.9211187362670898,46.05593681335449,-1.0,-1.0,0.21063203,-0.90106755,-42.53162533044815,1.0,160000
23279,70.97246420426812,0.9210931658744812,46.05465829372406,-1.0,-0.108602524,-0.1278221,0.6503696,-50.12873649597168,1.0,160000
31544,70.96716904204989,0.9209895133972168,46.04947566986084,-0.23077458,-0.5884515,0.59309244,-0.7720035,-38.32459941506386,1.0,160000
4150,70.96264424129713,0.9209009408950806,46.04504704475403,0.022904158,-1.0,-0.29916131,-0.7988632,-60.0,1.0,160000
19644,70.95428277491705,0.9207372665405272,46.03686332702637,-1.0,-0.58355004,0.08845967,-0.63535464,-26.93144917488098,1.0,160000
37372,70.94443837140945,0.9205445647239684,46.027228236198425,-1.0,-1.0,-0.84790367,-0.5701182,-41.82253509759903,1.0,117249
1073,70.93905788243012,0.9204392433166504,46.02196216583252,-0.5246421,-0.6433588,-1.0,-0.541593,-49.42788541316986,1.0,160000
39372,70.9384945593973,0.9204282164573668,46.02141082286835,-1.0,-0.87155294,-0.036659777,-0.06562644,-30.93489170074463,1.0,160000
58830,70.9365853499969,0.9203908443450928,46.01954221725464,-0.9938374,-1.0,-1.0,-0.957553,-30.59760928153992,1.0,160000
25493,70.93393620503564,0.9203389883041382,46.01694941520691,-0.119755626,-0.14459068,-1.0,-0.95924914,-20.0,1.0,118296
4215,70.92672868767488,0.9201979041099548,46.00989520549774,-1.0,-0.928678,-0.69141585,-0.8313681,-37.23317474126816,1.0,160000
35544,70.91648526387404,0.9199973940849304,45.99986970424652,-1.0,-1.0,-1.0,-0.5285144,-20.0,1.0,160000
18124,70.91356204266337,0.919940173625946,45.9970086812973,-1.0,-1.0,-1.0,-0.8839422,-46.41091287136078,1.0,160000
55882,70.90160724565163,0.919706165790558,45.98530828952789,-0.61357975,-1.0,-0.3337763,1.0,-25.45087099075317,1.0,160000
37126,70.90054148118615,0.9196853041648864,45.98426520824432,-0.97444683,-0.93527454,-0.47511435,-0.4583494,-40.9042988717556,1.0,160000
7752,70.89906463529064,0.9196563959121704,45.98281979560852,-1.0,-0.7023276,-1.0,-0.90070593,-48.08063209056854,1.0,124927
27293,70.89872968041398,0.9196498394012452,45.982491970062256,-0.27989691,-0.4971711,-1.0,-0.93551314,-20.0,1.0,160000
19789,70.89289536731786,0.9195356369018556,45.97678184509277,-1.0,-1.0,0.6698719,-0.7360619,-37.42616772651672,1.0,160000
34226,70.8926274026716,0.9195303916931152,45.97651958465576,-1.0,-1.0,-1.0,0.28031528,-29.18075680732727,1.0,157861
27092,70.88741426580603,0.9194283485412598,45.97141742706299,-1.0,-0.7714072,0.040070474,-0.5986204,-42.84894108772278,1.0,160000
55578,70.88662864014034,0.9194129705429076,45.970648527145386,-1.0,-1.0,-1.0,-0.8794315,-21.7327880859375,1.0,92651
17064,70.88550196718576,0.9193909168243408,45.96954584121704,-1.0,-1.0,-0.22882485,-0.3728341,-60.0,1.0,160000
12719,70.88494472061988,0.9193800091743468,45.96900045871735,-1.0,-1.0,0.25471717,-0.9104917,-27.06316113471985,1.0,153437
22574,70.88405860693835,0.9193626642227172,45.96813321113586,-0.5729814,-0.027399182,0.7956145,-0.18637751,-34.57670032978058,1.0,160000
26576,70.88403424641974,0.9193621873855592,45.968109369277954,-0.6031545,-0.5726819,-0.040404975,-0.86295664,-54.30150389671326,1.0,121329
27135,70.88193924081304,0.9193211793899536,45.96605896949768,-1.0,-0.033587933,-1.0,-0.4319476,-20.263088941574097,1.1543545722961426,160000
60233,70.87901901892224,0.919264018535614,45.9632009267807,-1.0,-0.41361237,-1.0,-0.41744325,-20.0,1.0,160000
34440,70.87749648251352,0.9192342162132264,45.96171081066132,-1.0,-0.89946723,-0.061141312,-0.5389456,-20.0,1.0,160000
14668,70.8736018295966,0.9191579818725586,45.95789909362793,-0.18726784,-1.0,-1.0,-0.44211513,-60.0,1.053279995918274,160000
37244,70.87028878088744,0.919093132019043,45.95465660095215,-1.0,-1.0,-0.9572326,-0.33157867,-20.0,1.0,160000
10283,70.86071197146507,0.9189056754112244,45.94528377056122,-1.0,-0.5682342,-0.97005177,-0.9265697,-27.822260856628414,1.1602539420127869,158569
26236,70.85214609681,0.9187380075454712,45.93690037727356,-1.0,-0.8075723,-1.0,0.052671745,-30.92721462249756,1.0,160000
16500,70.84747793993652,0.9186466336250304,45.932331681251526,-0.38074923,-1.0,-0.9056866,-0.5270833,-60.0,1.0,160000
17110,70.84511797428188,0.9186004400253296,45.93002200126648,-1.0,-1.0,-1.0,-0.5012816,-30.253106355667114,1.0,160000
13679,70.840976609085,0.9185193777084352,45.92596888542175,-1.0,-1.0,-1.0,0.26184896,-60.0,1.0,160000
35559,70.83512691747362,0.9184048771858216,45.92024385929108,-1.0,-1.0,0.11075604,-0.4852229,-37.19127267599106,1.0,160000
24345,70.83385709688747,0.9183800220489502,45.91900110244751,-1.0,-1.0,-1.0,-0.97170603,-60.0,1.0,113868
39888,70.82922544292946,0.9182893633842468,45.91446816921234,-1.0,-0.47671998,0.110746264,0.3422339,-20.0,1.0,160000
10878,70.824806939504,0.9182028770446776,45.91014385223389,-0.5427344,-0.34752476,-0.35928753,-0.8605665,-44.26242530345917,1.0,160000
5068,70.80898430035586,0.9178931713104248,45.89465856552124,-0.42751288,-0.6045786,-1.0,-0.09647693,-60.0,1.0,157639
54625,70.80888076462094,0.9178911447525024,45.89455723762512,-1.0,-1.0,-0.47369042,-0.8909892,-25.18696665763855,1.0,111269
27359,70.80663342893824,0.9178471565246582,45.89235782623291,-0.16477114,-0.2395863,-0.8602889,-0.4344954,-48.7440150976181,1.0,160000
49372,70.79761361139346,0.9176706075668336,45.88353037834168,-1.0,-1.0,-1.0,0.014005852,-42.29206055402756,1.0,160000
18228,70.79242461113327,0.9175690412521362,45.87845206260681,-1.0,-1.0,-1.0,-0.32699984,-60.0,1.0,160000
53781,70.79135879383546,0.9175481796264648,45.87740898132324,-0.31182843,-0.35751426,-1.0,-0.97009176,-49.421016573905945,1.0,160000
45744,70.78797558178799,0.9174819588661194,45.87409794330597,-1.0,0.23016131,-1.0,0.31996968,-43.8906329870224,1.0,160000
6434,70.7731789162981,0.9171923398971558,45.85961699485779,-1.0,-1.0,-1.0,-0.27750382,-42.477220594882965,1.0,157869
41213,70.76690271257526,0.9170694947242736,45.85347473621368,-1.0,-1.0,-1.0,-0.037123114,-29.77044105529785,1.0,120322
5672,70.7659130136013,0.9170501232147216,45.85250616073608,-1.0,-1.0,-1.0,-0.8753562,-37.124474942684174,1.0,136178
23870,70.764152870939,0.9170156717300416,45.85078358650208,-1.0,-0.08167207,-0.9078863,-0.5160859,-47.44296491146088,1.0,96964
58451,70.76137257351205,0.9169612526893616,45.84806263446808,-1.0,-0.7159405,0.9671319,-0.99018586,-45.11304974555969,1.0,160000
57585,70.75941144155473,0.9169228672981262,45.84614336490631,-1.0,-1.0,-1.0,-0.04625997,-53.13715577125549,1.0,160000
31395,70.75759647936198,0.91688734292984,45.844367146492,-0.79038304,-0.7004,1.0,-0.6823075,-60.0,1.0,109761
9539,70.75607081367289,0.9168574810028076,45.84287405014038,-0.31087917,-1.0,0.48061574,-0.6292535,-20.0,1.0,135222
44067,70.75348540172985,0.9168068766593932,45.84034383296967,-1.0,-0.064276576,1.0,-0.8841862,-53.35687041282654,1.0,160000
35548,70.74646000901237,0.9166693687438964,45.83346843719482,-1.0,-0.8883567,-1.0,-0.34214708,-47.2041916847229,1.0,159574
59504,70.74281483539409,0.9165980219841005,45.82990109920502,-0.88553745,-0.414106,-1.0,-0.6947366,-20.0,1.0,153151
18820,70.73120627218341,0.9163708090782166,45.81854045391083,-1.0,-1.0,0.61727995,-0.900693,-54.31861996650696,1.0,160000
25852,70.72546591850005,0.9162584543228148,45.81292271614075,-0.25323564,-0.9758132,-0.2015217,-0.5508901,-34.28133845329285,1.0,160000
7358,70.71158242267516,0.915986716747284,45.7993358373642,-1.0,-0.8961144,-1.0,-0.35102436,-36.28491282463074,1.0,100965
60875,70.71115303480359,0.9159783124923706,45.79891562461853,-1.0,-0.62331384,0.72465074,-0.8672402,-38.946744948625565,1.0,160000
41143,70.71012372169065,0.9159581661224364,45.79790830612183,-1.0,-0.42336226,-1.0,-0.80863416,-37.35340178012848,1.0,132190
33649,70.70382906558923,0.9158349633216858,45.79174816608429,-1.0,-0.9052873,-0.97385114,-0.8407917,-45.63320755958557,1.0,105895
7119,70.69875861101264,0.9157357215881348,45.78678607940674,-1.0,-0.19174683,-1.0,-0.966722,-38.70154991745949,1.0,160000
41146,70.6858616360764,0.915483295917511,45.77416479587555,-1.0,-1.0,0.551651,-0.904244,-33.49401593208313,1.0,92326
36418,70.6768565485283,0.9153070449829102,45.76535224914551,-1.0,-0.5119793,-1.0,-0.4831922,-36.16422951221466,1.0,160000
60355,70.67592467059487,0.9152888059616088,45.76444029808045,-1.0,-1.0,-1.0,-0.61960673,-20.0,1.0,152890
14498,70.675148105347,0.9152736067771912,45.76368033885956,-0.9937242,-0.16973495,-1.0,-0.119339876,-59.899481534957886,1.0,160000
940,70.67342747940366,0.9152399301528932,45.76199650764465,-1.0,-0.9094509,-0.40698564,-0.9263786,-34.37934219837189,1.0,115439
26405,70.6682412305373,0.9151384234428406,45.75692117214203,-1.0,-1.0,1.0,-0.86470145,-60.0,1.0,129679
55627,70.66730630356676,0.9151201248168944,45.75600624084473,-1.0,-0.9925134,0.06379998,-0.45419264,-42.58885324001312,1.0244629383087158,160000
60040,70.66440102306744,0.9150632619857788,45.75316309928894,-0.26167083,-0.79937077,-1.0,-0.58492124,-60.0,1.0,160000
53128,70.65029178098358,0.9147871136665344,45.73935568332672,-1.0,-0.7204208,-0.5038185,-0.7828139,-21.73982262611389,1.0,105053
5467,70.6490188079745,0.9147621989250184,45.73810994625092,-1.0,-0.081766605,-1.0,-0.9835255,-20.0,8.9691481590271,160000
45474,70.64501716071746,0.9146838784217834,45.73419392108917,-1.0,-0.80913347,-0.8526067,-0.014541682,-20.0,1.0,160000
24394,70.64453903342397,0.9146745204925536,45.733726024627686,-1.0,-1.0,-0.599134,-0.96873903,-39.89477200433612,1.692288875579834,160000
3934,70.63862790963915,0.9145588278770448,45.72794139385224,-1.0,-1.0,-1.0,-0.64002657,-46.320494413375854,1.0,98092
57398,70.63694075442312,0.9145258069038392,45.72629034519196,-1.0,-0.31189007,-0.33955088,-0.74416554,-57.72471070289612,1.0,114201
56220,70.62987844253502,0.914387583732605,45.71937918663025,-1.0,-1.0,-1.0,-0.66623455,-55.64737796783447,1.0,112262
37805,70.62836486948488,0.9143579602241516,45.71789801120758,-0.36222273,0.13692796,-0.80129343,0.141747,-25.326075553894043,1.0,111241
48385,70.62786237518185,0.9143481254577636,45.71740627288818,-0.40099692,-1.0,-0.06545347,-0.6397983,-21.35299324989319,1.0,160000
41147,70.62674166019829,0.9143261909484864,45.71630954742432,-1.0,-1.0,-0.9346287,-0.27741432,-24.31527256965637,1.2754738926887512,160000
23772,70.62208825052345,0.9142351150512696,45.71175575256348,-1.0,-0.3292302,0.45686305,-0.66885257,-42.88092255592346,1.0,93800
33639,70.60767419015951,0.9139530062675476,45.69765031337738,-0.49239886,-1.0,0.2673272,-0.2435835,-33.008689284324646,1.0,160000
46095,70.60603573822348,0.9139209389686584,45.69604694843292,-1.0,-1.0,0.23205125,-0.9156548,-43.88159304857254,1.0,137425
28649,70.5908967495362,0.91362464427948,45.681232213974,-1.0,-1.0,-1.0,-0.14637053,-41.99040085077286,1.0,105301
47016,70.58166894986527,0.9134440422058104,45.67220211029053,-1.0,-1.0,-1.0,-0.7911304,-35.85822969675064,1.0,160000
60732,70.56811040893417,0.9131786823272704,45.658934116363525,-1.0,-1.0,0.37961328,0.09272551,-20.0,1.0,104880
26154,70.56644451769037,0.9131460785865784,45.65730392932892,-0.9021974,-1.0,-0.41434988,-0.34561557,-34.35492932796478,1.0,160000
50862,70.5655247746293,0.9131280779838562,45.65640389919281,-1.0,-0.6997082,-0.603488,0.05031997,-57.58103370666504,1.0,160000
20031,70.54973376111931,0.9128190279006958,45.64095139503479,-1.0,-1.0,-1.0,-0.61729413,-60.0,1.0,141408
54605,70.54245797881251,0.9126766324043274,45.63383162021637,-0.7413399,-0.118315935,-1.0,-0.6790804,-34.40593957901001,1.0,132608
45840,70.53198129681323,0.9124715924263,45.623579621315,-1.0,-0.99061674,-0.75524276,-0.6311703,-20.0,1.0,160000
41718,70.50736698649617,0.9119898676872252,45.59949338436127,-1.0,-1.0,-0.66458917,-0.44208694,-45.71722030639648,1.0,160000
42864,70.50588987536032,0.9119609594345092,45.59804797172546,-1.0,-0.33421564,-1.0,-0.43253067,-30.711531043052677,1.0,160000
12586,70.50491224042709,0.9119418263435364,45.59709131717682,-1.0,-0.21176237,-1.0,-0.9855763,-21.018530130386356,1.0,160000
11766,70.50266154649323,0.9118977785110474,45.59488892555237,-0.70941055,-0.39548123,-0.65899396,-0.5688096,-60.0,1.0,155475
40905,70.49939666562463,0.911833882331848,45.59169411659241,-1.0,-0.5063443,-1.0,0.5919007,-39.60704579949379,1.0,160000
50275,70.49486480792217,0.9117451906204224,45.58725953102112,-1.0,-0.08499044,-0.99027866,-0.22995809,-33.99774730205536,1.0,160000
38276,70.48918779002909,0.911634087562561,45.58170437812805,-1.0,-0.15241635,-0.9085045,-0.36486104,-20.0,1.0,160000
23767,70.48690357799565,0.9115893840789796,45.579469203948975,-1.0,-1.0,-1.0,-0.66985834,-44.84744280576706,1.0,160000
11222,70.48576147107713,0.9115670323371888,45.57835161685944,-0.43023384,-1.0,-0.54096615,-0.9650458,-42.02982112765312,1.0,160000
58802,70.4788844519079,0.911432445049286,45.57162225246429,-1.0,-1.0,-0.10687029,-0.6356225,-20.0,1.0,160000
53648,70.4781839571463,0.9114187359809875,45.57093679904938,-0.8728906,-1.0,-0.013134658,0.14476624,-47.09870457649231,1.0,160000
20932,70.47746214274223,0.9114046096801758,45.57023048400879,-1.0,-0.33602273,-0.015521586,-0.5851047,-36.84901982545853,1.0,160000
49314,70.47289673721204,0.9113152623176576,45.56576311588287,-1.0,-0.2980891,0.25149572,-0.4018071,-27.673197984695435,1.0,132055
37566,70.47182162697311,0.9112942218780518,45.56471109390259,-1.0,-1.0,-0.2804606,-0.37077639,-34.68467354774475,1.0,142580
13261,70.47020134651245,0.9112625122070312,45.56312561035156,-1.0,-0.8519197,-1.0,-0.57761914,-20.0,1.0,160000
18288,70.46988764545628,0.9112563729286194,45.56281864643097,0.11302745,-1.0,-0.1365354,-0.8424395,-26.52236580848694,1.0,121804
1936,70.46322377151968,0.9111259579658508,45.55629789829254,-1.0,-0.6138742,-1.0,-0.73856765,-42.48510465025902,1.0,160000
25651,70.46092734952094,0.9110810160636902,45.55405080318451,-1.0,-1.0,-0.53354794,-0.76091135,-20.0,1.0,160000
55967,70.45910300192818,0.9110453128814696,45.552265644073486,-1.0,-0.06733,-1.0,-0.34133202,-40.83692029118538,1.0,103133
21636,70.45893853646038,0.911042094230652,45.55210471153259,-0.888794,-1.0,-0.10304052,-0.8675599,-33.20043921470642,1.0,160000
770,70.45730301807356,0.9110100865364076,45.55050432682037,0.038036823,-1.0,-1.0,-0.096643135,-20.0,1.450034737586975,160000
31781,70.45324315052278,0.910930633544922,45.546531677246094,-1.0,-1.0,-0.73584986,-0.05045046,-24.951753616333008,1.0,160000
12538,70.45318832855332,0.910929560661316,45.5464780330658,-1.0,-0.0400486,-0.40698883,-0.9719182,-20.0,1.0,160000
16864,70.45117514304697,0.9108901619911194,45.54450809955597,-1.0,-0.45547068,-1.0,-0.4816838,-25.008866786956787,1.0,160000
52575,70.44074979694463,0.9106861352920532,45.53430676460266,-1.0,-1.0,-1.0,-0.05504467,-56.866536140441895,1.0,134577
22383,70.43681477158015,0.9106091260910034,45.53045630455017,-1.0,-0.5467482,-0.4165956,-0.32616165,-20.0,1.0,152951
18702,70.43205435594886,0.9105159640312196,45.525798201560974,-0.6187148,-0.31531733,-1.0,-0.32838595,-60.0,1.0,160000
46453,70.42927668057148,0.9104616045951844,45.523080229759216,-1.0,-1.0,-0.6097776,-0.652794,-31.25256359577179,1.0,160000
23016,70.42772641940851,0.9104312658309937,45.52156329154968,0.036490917,-1.0,-0.22673535,1.0,-45.90039074420929,1.0,160000
35999,70.42361776510003,0.9103508591651917,45.51754295825958,-1.0,-1.0,-0.14736712,-0.22826844,-59.5364248752594,1.0,160000
20686,70.42313045198851,0.9103413224220276,45.51706612110138,-1.0,-1.0,-1.0,1.0,-43.99996072053909,1.0,132683
58039,70.42212232264067,0.9103215932846068,45.51607966423035,0.09367585,-1.0,0.42747408,-0.87360936,-20.0,1.0,160000
187,70.41794665197122,0.91023987531662,45.511993765830994,-0.22627819,-1.0,0.84580773,-0.47260475,-60.0,1.0,160000
11062,70.40099109240309,0.9099080562591552,45.49540281295776,-1.0,-1.0,-0.77773505,0.3089024,-31.38066053390503,1.0,160000
14204,70.40082053104221,0.909904718399048,45.49523591995239,-0.4360246,-0.66999394,0.06986505,-0.28432956,-58.62592458724976,1.0,160000
47431,70.39729051699835,0.9098356366157532,45.49178183078766,-1.0,-0.6517666,-1.0,-0.9028188,-27.276220321655277,1.0,89615
61032,70.39490569838051,0.909788966178894,45.4894483089447,-1.0,-1.0,-1.0,-0.63166845,-39.75662440061569,1.0,142514
15808,70.38136121883764,0.909523904323578,45.476195216178894,-1.0,-0.24927115,-1.0,-0.4918556,-23.23951482772827,1.0,160000
21312,70.37426761786148,0.909385085105896,45.4692542552948,-0.7084209,-1.0,0.023102462,-0.90265846,-35.268017053604126,1.0,160000
39714,70.36971722351603,0.9092960357666016,45.46480178833008,-0.49356806,0.1435597,-1.0,-0.8285116,-57.380183935165405,1.0,119631
40442,70.36872125239009,0.90927654504776,45.463827252388,-1.0,-1.0,-0.2016896,-0.990628,-39.01559241116047,1.0,160000
26317,70.3641921668871,0.909187912940979,45.45939564704895,-1.0,-1.0,0.69767636,-0.459198,-32.55249500274658,1.0,160000
25331,70.35887725617772,0.909083902835846,45.4541951417923,-1.0,0.18801081,-1.0,-0.25670952,-20.0,1.0,144709
46559,70.35499690622379,0.909007966518402,45.450398325920105,0.19658613,-0.60087365,0.6878534,-0.5458336,-20.0,1.0,160000
31648,70.34930429228902,0.9088965654373168,45.444828271865845,-1.0,-1.0,-1.0,0.47843453,-52.97486782073975,1.0,160000
27983,70.34294462877838,0.908772110939026,45.438605546951294,-1.0,-0.9192085,-0.43891418,-0.90704197,-58.33812713623047,1.0,160000
38315,70.3356498767054,0.9086293578147888,45.43146789073944,-0.7639489,-1.0,-0.6439395,-0.30509603,-30.67565858364105,1.0,160000
10091,70.3346234315311,0.9086092710494996,45.430463552474976,-1.0,-0.22072387,-0.51404446,0.039890468,-60.0,1.0,160000
22961,70.32911351421512,0.9085014462471008,45.42507231235504,-1.0,0.30362344,-1.0,0.5914741,-60.0,1.0,160000
12171,70.32110903212252,0.9083448052406312,45.41724026203156,-1.0,-1.0,-0.14822143,-0.23695995,-60.0,1.0,160000
26607,70.31680219421756,0.9082605242729188,45.413026213645935,-1.0,-1.0,-1.0,-0.49939248,-53.114458322525024,1.0,153539
49608,70.31098764480029,0.9081467390060424,45.40733695030213,-1.0,-1.0,-1.0,-0.0049442453,-25.408376455307007,1.0,133110
9183,70.30833164843442,0.9080947637557985,45.40473818778992,-0.02191019,-1.0,-0.9487549,0.948333,-20.0,1.0,120552
45351,70.30415880349071,0.908013105392456,45.4006552696228,-0.8271731,-1.0,-0.906061,-0.71366435,-60.0,1.0,115860
16702,70.30276988396373,0.9079859256744384,45.39929628372192,-1.0,-0.69749165,0.43784434,-0.7400009,-20.0,1.0,101680
17900,70.3005555301455,0.9079425930976868,45.39712965488434,-1.0,-0.49288034,-0.55943716,-0.32935667,-59.37326908111572,1.0,160000
48585,70.29844168819947,0.9079012274742126,45.39506137371063,0.0121792555,-1.0,-1.0,-0.7262908,-22.734276056289676,1.0,149449
3240,70.28160702556244,0.9075717926025392,45.37858963012695,0.22153974,-0.043150365,-1.0,-0.9385903,-58.3679986000061,1.0,160000
35977,70.2760543297652,0.9074631333351136,45.37315666675568,-0.288576,-1.0,-0.9256239,-0.4852869,-43.917913138866425,1.0,116257
29943,70.2687745806966,0.9073206782341005,45.36603391170502,-0.9035087,-1.0,-0.6979948,-0.713286,-60.0,1.0,123955
59398,70.26610330257603,0.9072684049606324,45.363420248031616,-1.0,-1.0,-0.68777263,-0.03430668,-20.0,1.0,83037
54892,70.24957602797849,0.906944990158081,45.34724950790405,-1.0,-1.0,-0.62290835,0.29900613,-20.0,1.0,160000
32478,70.24395319233821,0.9068349599838256,45.34174799919128,-0.37506187,-0.53492546,-0.9842438,0.22207078,-47.49574303627014,1.0,125191
22863,70.2287629338133,0.9065377116203308,45.32688558101654,-0.07470298,0.20436394,-0.7318441,0.6942361,-32.223676443099976,1.0,144394
4036,70.22511384426616,0.90646630525589,45.323315262794495,-0.8044318,-0.35137957,-1.0,-0.051469415,-54.68849778175354,1.0,160000
43593,70.21628655524063,0.9062935709953308,45.31467854976654,-0.5938738,-0.82375264,-1.0,-0.8878758,-21.65026068687439,1.0,144972
36292,70.21343549760866,0.906237781047821,45.31188905239105,-0.80450666,-0.08085501,-0.73914737,-0.97990453,-38.58582392334938,1.0,160000
16970,70.20716072066705,0.9061149954795836,45.30574977397919,-1.0,-0.51990455,-0.5768553,-0.96575314,-36.33464694023132,1.0,156702
57203,70.19926544126179,0.905960500240326,45.298025012016296,-1.0,-0.91919696,-1.0,-0.99391454,-20.0,2.4609751105308533,160000
36903,70.19446185619152,0.9058665037155152,45.29332518577576,-1.0,-1.0,-0.9048321,-0.86802673,-45.38894176483154,1.0,160000
7539,70.18649342499894,0.9057105779647828,45.285528898239136,-1.0,-0.9143722,-0.085169494,-0.9585874,-45.111517906188965,1.0,94832
60526,70.18182992953999,0.9056193232536316,45.28096616268158,-1.0,-1.0,-0.42464268,0.506523,-20.0,2.051211357116699,160000
36773,70.17493061815776,0.9054843187332152,45.27421593666077,-0.28078395,-1.0,0.806675,-0.30349892,-21.715415716171265,1.4164040088653564,113900
33321,70.1741965179341,0.9054699540138244,45.27349770069122,-0.75038034,-1.0,-1.0,-0.9397737,-51.16197943687439,1.0,160000
26643,70.17079102065856,0.9054033160209656,45.27016580104828,-1.0,-0.24994671,0.34208417,-0.8950247,-20.0,1.230787992477417,160000
54009,70.16834502955902,0.9053554534912108,45.26777267456055,-1.0,-0.29185003,0.78581214,-0.91179484,-60.0,1.0,160000
9050,70.15870420304917,0.9051668047904968,45.25834023952484,0.109256506,-1.0,-1.0,-0.253677,-31.93616807460785,1.0,160000
39829,70.15702581143614,0.9051339626312256,45.25669813156128,-0.03318584,-1.0,0.08375263,0.45081168,-60.0,1.0,134114
56873,70.14544456880846,0.9049073457717896,45.24536728858948,-0.6224473,-1.0,-1.0,-0.8425851,-20.0,1.0,151747
20958,70.14223702260993,0.9048445820808412,45.24222910404205,-1.0,-1.0,-1.0,-0.5969476,-36.72867298126221,1.0,129493
28682,70.12168180699564,0.9044423699378968,45.22211849689484,-1.0,-1.0,-0.469485,-0.6155326,-35.05298435688019,1.0,160000
56549,70.1192205290382,0.9043942093849182,45.21971046924591,-1.0,-0.5575754,-0.9791848,-0.6604238,-37.363072633743286,1.0,160000
51122,70.11758475239148,0.9043622016906738,45.21811008453369,-1.0,-1.0,-1.0,-0.9355768,-49.4515872001648,1.0,160000
49564,70.11447159486582,0.9043012857437134,45.21506428718567,-0.048002362,-1.0,-0.92403394,-0.5837492,-60.0,1.0,110515
32489,70.1073436045761,0.904161810874939,45.20809054374695,-1.0,-1.0,-1.0,0.41784582,-42.17841118574143,1.0,160000
14875,70.09649926601486,0.9039496183395386,45.19748091697693,-0.50374,-0.6085957,-0.63414663,-0.8309009,-60.0,1.0,157539
20451,70.08262696157948,0.9036781787872314,45.18390893936157,-0.20491117,-1.0,-1.0,-0.73632026,-60.0,1.0,120715
46424,70.07886795973164,0.9036046266555786,45.18023133277893,-0.9024403,-0.84883344,0.17636144,-0.7629578,-47.11387991905213,1.0,160000
45310,70.06370394495801,0.9033079147338868,45.165395736694336,-1.0,-1.0,-1.0,-0.13920087,-40.50136476755142,1.0,160000
53848,70.04737920499932,0.9029884934425354,45.14942467212677,-1.0,-1.0,-1.0,0.04805783,-50.06522536277771,1.0,160000
20044,70.04212443376011,0.902885675430298,45.14428377151489,-0.96462,-0.72285694,-0.62476087,-0.6798254,-20.0,1.0,160000
19409,70.02887930644813,0.9026265144348145,45.13132572174072,-1.0,-1.0,-1.0,0.009433553,-60.0,1.0,119865
60522,70.02561065954384,0.9025625586509703,45.12812793254852,-0.3688587,-1.0,0.89230436,-0.19492954,-20.0,2.3411492109298706,160000
47304,70.02432208627162,0.9025373458862304,45.12686729431152,-1.0,-1.0,-0.30097085,0.14868,-48.46686899662018,1.0,160000
43948,70.02077317476159,0.9024679064750672,45.12339532375336,-1.0,-0.43949986,-1.0,-0.98229337,-46.55773103237152,1.0,160000
30983,70.0173095532702,0.9024001359939576,45.12000679969788,-1.0,-0.108247876,-0.49798185,-0.8827528,-25.162657499313354,1.0,160000
38116,70.0039881139104,0.9021394848823548,45.10697424411774,-1.0,-1.0,-1.0,0.9842632,-46.032559871673584,1.0,160000
25328,69.97695505305556,0.901610553264618,45.080527663230896,-1.0,-0.056615233,-0.29779655,-0.48896587,-20.0,1.0,160000
3746,69.96461124214494,0.901369035243988,45.0684517621994,-1.0,-0.69543755,-0.54775107,-0.56701815,-54.03688430786133,1.0,101266
16825,69.96289918767783,0.9013355374336244,45.06677687168121,-0.81403905,0.3743099,-0.85808605,-0.70621055,-52.92402505874634,1.0,140950
50061,69.95584989547945,0.901197612285614,45.0598806142807,0.04373312,-0.32225597,-1.0,-0.5766766,-47.41100072860718,1.0,160000
30461,69.95108536492869,0.9011043906211852,45.05521953105927,-1.0,-0.92577726,-1.0,-0.9375222,-48.200451135635376,1.4940173029899595,160000
12318,69.92336923260355,0.9005621075630188,45.02810537815094,-0.9727329,-1.0,-1.0,0.9757235,-48.31684470176697,1.0,160000
20253,69.91981710590599,0.9004926085472107,45.024630427360535,-1.0,-0.8294932,-0.55923694,-0.7564416,-20.0,1.0,136970
34779,69.91752314784927,0.9004477262496948,45.02238631248474,-1.0,-1.0,-1.0,-0.7441007,-20.0,7.808897256851196,160000
7253,69.9056542361978,0.9002155065536499,45.010775327682495,-1.0,-1.0,-1.0,-0.23073402,-41.10020093619824,1.0,160000
57193,69.89163750201243,0.8999412655830383,44.99706327915192,-1.0,-1.0,-0.8401469,-0.637144,-48.825106620788574,1.0,160000
45122,69.88916377184361,0.8998928666114807,44.99464333057404,-1.0,-1.0,-1.0,0.92356616,-43.69766414165497,1.0,160000
2012,69.86787494976099,0.8994763493537903,44.97381746768952,-1.0,-1.0,-0.55367875,-0.049828053,-26.17041826248169,1.1449376344680786,160000
38950,69.8652275411866,0.8994245529174805,44.97122764587402,-0.20870274,-1.0,-1.0,-0.47990987,-60.0,1.0,160000
14540,69.84581514130123,0.8990447521209717,44.95223760604858,-0.5758081,0.148108,-1.0,0.7787768,-60.0,1.0,160000
18897,69.81969707811899,0.8985337615013123,44.92668807506561,-0.12324387,-0.9117186,0.1429531,-0.99173707,-36.508601903915405,1.0,149370
26225,69.81550804338188,0.8984518051147461,44.922590255737305,-0.89334524,-1.0,-1.0,-0.39459926,-60.0,1.0,160000
34480,69.81162670486069,0.8983758687973022,44.91879343986511,-1.0,-1.0,-0.21913177,-0.90019214,-20.0,1.0,160000
9189,69.79600378805742,0.898070216178894,44.9035108089447,-0.71303785,-0.0408206,-1.0,1.0,-40.46460837125778,1.0,127720
57637,69.77989634206455,0.8977550864219666,44.88775432109833,-1.0,-0.7078695,-1.0,-0.95790136,-20.0,1.0168049335479736,160000
2272,69.7720725939401,0.8976020216941833,44.88010108470917,-0.78226334,-1.0,-0.8832757,-0.6446241,-56.50469064712525,1.0,160000
27642,69.74092050459429,0.896992564201355,44.84962821006775,-1.0,-0.6650388,0.30220056,-0.4023033,-38.44931095838547,1.0,136629
55982,69.74060669635897,0.8969864249229431,44.84932124614716,-1.0,-1.0,-1.0,-0.12901807,-24.956345558166504,1.0,102626
44234,69.7245719471737,0.8966727256774902,44.83363628387451,-1.0,-1.0,-1.0,-0.6852422,-60.0,1.0,160000
41817,69.7199348564807,0.8965820074081421,44.829100370407104,-1.0,-0.49867845,0.3620904,-0.84140056,-36.7870643734932,1.0,114107
7849,69.70059119227601,0.8962035775184631,44.81017887592316,-1.0,-1.0,-1.0,-0.8753677,-46.23719871044159,1.0,160000
52375,69.70004887245591,0.8961929678916931,44.809648394584656,-1.0,-1.0,-1.0,-0.8508762,-26.61334991455078,1.0,160000
37820,69.69778818944881,0.8961487412452698,44.80743706226349,-1.0,-0.905243,-1.0,-0.75318325,-60.0,1.0,133577
47115,69.69514056703525,0.89609694480896,44.804847240448,-1.0,-1.0,-0.5074329,-0.8354564,-28.221759796142575,1.0,123562
16436,69.69173429991338,0.8960303068161011,44.801515340805054,-1.0,0.035905242,-0.33991992,-0.30954957,-60.0,1.0,93669
7833,69.68378225943229,0.8958747386932373,44.793736934661865,-0.79470444,-0.6301528,0.43832785,-0.5829196,-43.44897270202637,1.0,81043
38320,69.67314293052243,0.8956665992736816,44.78332996368408,0.027829409,0.09150708,-0.83996886,-0.0975244,-20.0,1.0,121962
1098,69.67097971557627,0.8956242799758911,44.78121399879456,-0.46734655,-1.0,-0.70301867,-0.14772488,-44.05628055334091,1.0,160000
34409,69.66454489960736,0.8954983949661255,44.774919748306274,-0.6978862,-0.9418537,0.21533692,-0.7363649,-39.70203096047044,1.2085894346237185,160000
14973,69.66433467091142,0.895494282245636,44.7747141122818,-0.83996654,-0.8074765,-0.5519446,-0.33074936,-23.544468879699707,1.0,160000
8979,69.66311900021253,0.8954704999923706,44.77352499961853,-0.2167412,-1.0,-0.57303417,-0.8689048,-38.74940231442452,1.0,138387
30306,69.63907965274296,0.8950002193450928,44.75001096725464,-1.0,0.01142621,-1.0,-0.11461186,-32.11259603500366,1.0,84590
34984,69.63397620695608,0.894900381565094,44.7450190782547,-0.59089184,-1.0,-1.0,1.0,-26.985669136047363,1.0,111239
44618,69.62474731726712,0.8947198390960693,44.73599195480347,-1.0,-1.0,0.085142136,-0.69783545,-27.453866004943848,1.0,122803
25223,69.61957375878674,0.8946186304092407,44.73093152046204,-1.0,-1.0,-1.0,-0.9367017,-60.0,1.0,160000
23014,69.61500956052613,0.8945293426513672,44.72646713256836,-0.96649384,-1.0,-0.66009825,1.0,-42.45240464806557,1.0,160000
43554,69.61294073840702,0.8944888710975647,44.72444355487824,-1.0,-0.6462382,-1.0,-0.6161429,-60.0,1.0,160000
32370,69.61012238391977,0.8944337368011475,44.72168684005737,-0.30689448,-0.2624302,-0.22503501,-0.6708678,-55.28609871864319,1.0,160000
16723,69.60446433538574,0.8943230509757996,44.71615254878998,-1.0,-1.0,-1.0,-0.7992121,-29.701679944992065,1.0,140493
39883,69.59679532430998,0.8941730260848999,44.708651304245,-1.0,-0.4501477,-1.0,0.13980015,-45.63146352767944,1.0,160000
33866,69.5962864934177,0.8941630721092224,44.70815360546112,-1.0,-1.0,-0.4389987,-0.035770223,-30.453667044639587,1.054771602153778,99802
27090,69.59479656272694,0.8941339254379272,44.70669627189636,-1.0,-1.0,0.59424084,-0.790859,-32.356327176094055,1.0,160000
6386,69.58241699525361,0.8938917517662048,44.69458758831024,-1.0,-0.23291999,-0.50784475,-0.36513388,-34.942832589149475,1.0,141256
52115,69.5821854299155,0.8938872218132019,44.694361090660095,-1.0,-1.0,0.98668784,-0.43037125,-22.57049798965454,1.0,111869
28732,69.57610073676122,0.8937681913375854,44.68840956687927,-0.25707877,-0.10763949,-1.0,-0.7471121,-54.77246403694153,1.0,160000
38824,69.5698027407403,0.8936449885368347,44.682249426841736,-1.0,-1.0,-0.15784842,-0.76816094,-60.0,1.0,130967
57582,69.56714581557696,0.8935930132865906,44.67965066432953,-1.0,-0.7709968,-0.617054,-0.052877005,-20.0,1.0,160000
59122,69.564976397109,0.8935505747795105,44.677528738975525,-1.0,-0.7126472,-1.0,-0.8818377,-31.88519835472107,1.0,160000
9540,69.56431825847615,0.893537700176239,44.67688500881195,-1.0,-0.4725542,0.448731,-0.6097611,-24.901024103164676,1.0,160000
58509,69.52692893977098,0.8928062915802002,44.64031457901001,-1.0,-1.0,-0.7792842,-0.5218042,-20.0,1.0,160000
15286,69.51211745294651,0.892516553401947,44.62582767009735,-0.3578964,-0.2778858,0.78566504,-0.60783255,-21.56230092048645,1.0,144850
32937,69.51037455968506,0.8924824595451355,44.624122977256775,-1.0,-0.829927,0.11166054,-0.054871783,-60.0,1.0,160000
41417,69.50689181580663,0.8924143314361572,44.62071657180786,-1.0,-1.0,-0.0691461,-0.9002558,-20.0,1.0,152273
38948,69.50683392237708,0.8924131989479065,44.620659947395325,-1.0,-1.0,-0.4134422,-0.18526477,-20.0,1.0176286697387695,160000
14839,69.50164483633448,0.892311692237854,44.6155846118927,-1.0,-0.6463618,-1.0,-0.12301382,-21.3251268863678,1.0,160000
22963,69.50089221972709,0.8922969698905945,44.61484849452973,-1.0,-1.0,0.49036664,0.6290626,-60.0,1.0,160000
57789,69.50077643253256,0.892294704914093,44.61473524570465,-1.0,-1.0,-1.0,0.7171774,-57.03939199447632,1.0,160000
39351,69.49741860108824,0.8922290205955505,44.61145102977753,-1.0,-0.626381,-0.45968607,-0.9443449,-25.17470598220825,9.342768549919128,140566
17742,69.4718233375076,0.8917283415794373,44.58641707897186,-1.0,-0.73319334,-0.8416557,-0.07998796,-25.621612071990967,1.0772875547409058,91192
39884,69.46338292553462,0.8915632367134094,44.57816183567047,-1.0,-0.19091374,-1.0,0.13788873,-20.0,1.0,160000
49882,69.45830647351556,0.8914639353752136,44.57319676876068,-1.0,-0.53917646,0.6038094,-0.8853577,-54.74751234054565,1.0,160000
33545,69.441678416228,0.8911386728286743,44.55693364143372,-0.76262623,-1.0,-1.0,-0.22752169,-20.0,1.0,102444
35291,69.4370224144332,0.8910475969314575,44.55237984657288,-1.0,-1.0,-1.0,0.40422532,-53.560460805892944,1.0,134697
28435,69.42735995852063,0.8908585906028748,44.54292953014374,-1.0,-1.0,0.86185014,-0.90035766,-49.156649112701416,1.0,160000
59964,69.4027267388697,0.8903767466545105,44.518837332725525,-0.9993081,-0.6872431,-0.7603023,-0.7768663,-30.403645038604736,1.0,160000
11583,69.39807064960841,0.8902856707572937,44.514283537864685,-1.0,-1.0,-1.0,0.02080293,-40.0288250297308,1.0,160000
41947,69.39442316923167,0.8902143239974976,44.51071619987488,-1.0,-1.0,-1.0,-0.9727385,-40.75703591108322,1.0,156302
8135,69.3932195297697,0.8901907801628113,44.50953900814056,-1.0,-0.29203057,-0.042693436,-0.36112577,-42.18546658754349,1.0,160000
53078,69.38296571206331,0.8899902105331421,44.499510526657104,-1.0,-0.5080626,-0.60010797,-0.96629226,-26.836007833480835,1.0,147303
28756,69.36870474593778,0.8897112607955933,44.48556303977966,-1.0,-0.2390936,-0.5242709,-0.9130604,-20.0,1.0,160000
31078,69.36595005226627,0.8896573781967163,44.482868909835815,-0.3516239,-1.0,-1.0,-0.71283126,-27.850430011749268,1.0,127357
14719,69.35634516245072,0.8894695043563843,44.473475217819214,-0.07857525,-0.79690546,0.37226695,-0.871138,-20.0,1.0,160000
40779,69.35608005223247,0.8894643187522888,44.47321593761444,-0.69873583,-0.6242163,-1.0,-0.28167266,-46.48429751396179,1.0,160000
50918,69.33737903070563,0.8890985250473022,44.45492625236511,-0.12312055,-1.0,0.43030757,-0.38540843,-44.220343828201294,1.0,151120
11298,69.33182079973295,0.8889898061752319,44.4494903087616,-0.23528391,-1.0,-1.0,-0.23115353,-38.92266519367695,1.0,141777
13989,69.31640150611973,0.8886882066726685,44.43441033363342,-0.8880973,-1.0,-1.0,-0.92174864,-57.02499508857727,1.0,96839
52617,69.30894779048619,0.8885424137115479,44.42712068557739,-0.7791599,-0.75885373,-0.7428748,-0.96756107,-20.0,1.0,124435
29843,69.29553651969512,0.8882800936698914,44.41400468349457,-1.0,-1.0,0.38002557,-0.85925865,-23.585879802703857,1.0,160000
35870,69.26883865872571,0.8877578973770142,44.38789486885071,-1.0,-1.0,-1.0,0.80580187,-20.0,1.0,158042
5326,69.2667146387253,0.8877163529396057,44.385817646980286,-0.39536768,-0.67797446,-1.0,-0.21725279,-37.7164152264595,1.0,160000
21618,69.25482679050894,0.8874838352203369,44.374191761016846,-0.9278913,-0.69992554,-1.0,-0.67767096,-46.294973492622375,1.0,160000
50656,69.23412574151038,0.8870789408683777,44.35394704341888,-0.80951846,-0.38456017,1.0,-0.035568774,-59.8047947883606,1.0,150335
47876,69.22779623154187,0.8869551420211792,44.34775710105896,-1.0,-1.0,-1.0,-0.9522039,-48.40576887130737,1.0,160000
5741,69.22336221078828,0.886868417263031,44.34342086315155,-0.52614635,-1.0,-0.4109438,-0.67826664,-20.0,1.0,160000
24773,69.209721823063,0.8866016268730164,44.33008134365082,-1.0,-1.0,-0.23923215,-0.58999777,-60.0,1.0,104338
4388,69.20565041186312,0.8865219950675964,44.32609975337982,-0.73496854,-1.0,-0.53849655,-0.40530425,-49.04628098011017,1.2024072408676147,141368
10497,69.20345318734707,0.8864790201187134,44.32395100593567,-1.0,-1.0,0.2674389,-0.8899163,-20.0,1.0,160000
9307,69.20069827284405,0.8864251375198364,44.32125687599182,-1.0,-1.0,-0.15211463,-0.95938337,-30.250723361968998,1.0,122900
32120,69.18384567336264,0.8860955238342285,44.30477619171143,-1.0,-1.0,-1.0,1.0,-23.931422233581543,1.0,114318
30011,69.18364149092942,0.8860915303230286,44.30457651615143,-0.9931822,-1.0,0.58463335,-0.49585605,-39.56558670848608,1.0,160000
40635,69.18020086149954,0.8860242366790771,44.30121183395386,-1.0,-1.0,-1.0,-0.14677836,-50.21084904670715,1.0,122726
17747,69.17917080479984,0.8860040903091431,44.30020451545715,-1.0,-0.19697642,-0.5221955,0.2452808,-60.0,1.0,153769
11296,69.16138853142999,0.8856562972068787,44.28281486034393,-1.0,-0.23894483,-1.0,-0.21192843,-20.0,1.0,160000
70,69.15149621800634,0.8854628205299377,44.27314102649689,-0.929723,-0.71373844,-0.3512446,-0.6005062,-20.822700262069706,1.0,160000
35883,69.15017053466879,0.8854368925094604,44.27184462547302,-1.0,-1.0,0.6422951,-0.4200093,-20.0,1.0,160000
44373,69.13874828960286,0.8852134943008423,44.260674715042114,-0.48388034,-1.0,-0.91351813,-0.8930112,-27.77768850326538,1.0,101216
50725,69.13514301599832,0.885142982006073,44.25714910030365,-1.0,-1.0,-1.0,-0.100216925,-50.98786354064941,1.0,134247
15703,69.12316907358867,0.8849087953567505,44.24543976783752,-1.0,-1.0,-0.8957437,0.8001118,-43.02301526069641,1.0,131596
22420,69.12293440921749,0.8849042057991028,44.24521028995514,-1.0,-0.07573408,-1.0,-0.33398315,-60.0,1.0,80281
6540,69.10716612086433,0.8845958113670349,44.22979056835175,-0.1647765,-1.0,-1.0,-0.5524895,-52.841219902038574,1.0,160000
17536,69.10659316956017,0.8845846056938171,44.22923028469086,-1.0,-1.0,0.40132356,-0.7717825,-20.0,1.0,140087
42342,69.09978478911901,0.8844514489173889,44.222572445869446,-1.0,-0.85913885,-1.0,-0.34236467,-45.787532329559326,1.0,116217
35050,69.09959278880486,0.8844476938247681,44.2223846912384,-1.0,-1.0,-1.0,-0.81136054,-23.11481356620789,1.0,160000
45269,69.0992514548685,0.8844410181045532,44.22205090522766,-1.0,-1.0,-0.22769564,-0.3741405,-20.0,1.0,142630
15270,69.07519336403655,0.8839704990386963,44.198524951934814,0.06753647,-1.0,-1.0,-0.5252787,-20.0,1.0,160000
10338,69.06783629820154,0.8838266134262085,44.191330671310425,-1.0,-0.9473748,-0.22194299,-0.5965239,-24.95635747909546,1.0,160000
5675,69.05320132704233,0.8835403919219971,44.17701959609985,-0.9535731,-1.0,-0.7075816,-0.84558976,-56.41783118247986,1.0,160000
8573,69.05220168336831,0.8835208415985107,44.17604207992554,-1.0,-1.0,-1.0,-0.88747144,-60.0,1.0,160000
26278,69.02850267037891,0.8830573558807373,44.15286779403687,-1.0,-1.0,-0.68537444,-0.6683659,-47.25924968719482,1.0,102183
26927,69.0157082584966,0.8828071355819702,44.14035677909851,-0.18488353,-0.999646,-1.0,0.42898428,-39.26681160926819,1.0,160000
33079,69.01131949461276,0.8827213048934937,44.13606524467468,-1.0,-1.0,-1.0,-0.66695017,-37.16946244239807,1.0,93429
24853,69.01070994332564,0.8827093839645386,44.13546919822693,-0.35220355,-1.0,-1.0,0.24816066,-44.75054025650024,1.0,70859
13265,68.99479449465483,0.8823981285095215,44.11990642547608,0.05441451,-1.0,-1.0,0.30033588,-20.0,1.0,160000
52391,68.96712350545906,0.8818569779396057,44.092848896980286,-1.0,-1.0,-0.07915479,-0.70549804,-20.0,1.0,153591
48771,68.9640177723049,0.8817962408065796,44.08981204032898,-1.0,-1.0,0.11732578,-0.7432327,-40.380545407533646,1.0,160000
3210,68.96353926343836,0.8817868828773499,44.08934414386749,-1.0,-0.910201,-1.0,-0.08327182,-37.17609018087387,1.0,160000
57873,68.96170142260463,0.8817509412765503,44.08754706382752,-0.942151,-1.0,-0.21425712,-0.3574924,-22.82692670822144,1.0,160000
27142,68.93898276863987,0.8813066482543945,44.06533241271973,0.10246229,-1.0,-1.0,-0.75824213,-51.31279110908508,1.0,143652
53789,68.93796782955188,0.8812867999076843,44.064339995384216,-0.9549037,-1.0,-1.0,-0.98580146,-20.0,1.0,160000
57702,68.93327411065556,0.8811950087547302,44.05975043773651,-1.0,-0.6913424,-0.14929897,-0.80764616,-53.20572376251221,1.0,154167
49568,68.92203961992749,0.8809753060340881,44.04876530170441,-0.47732675,-0.5801493,-1.0,-0.7784901,-57.104352712631226,1.0,160000
13270,68.90309384844258,0.8806048035621643,44.030240178108215,-1.0,-0.7079488,-1.0,0.058443785,-60.0,1.0,125108
56665,68.89889686064032,0.8805227279663086,44.02613639831543,-1.0,-1.0,-1.0,-0.04540155,-60.0,1.0,132051
25665,68.89633660237668,0.8804726600646973,44.02363300323486,-1.0,-1.0,-0.71378946,-0.63315177,-20.0,1.0,102739
24945,68.88335848157378,0.8802188634872437,44.01094317436218,-1.0,-0.15795821,-1.0,-0.35177612,-49.04361724853516,1.0,160000
24852,68.87291618498881,0.8800146579742432,44.00073289871216,-0.53652984,-1.0,0.057347536,-0.32384974,-33.453760743141174,1.3814634680747986,160000
18437,68.84221991020314,0.8794143795967102,43.97071897983551,-0.20042753,-1.0,-0.8435189,-0.6458584,-43.01926672458649,1.0,132534
16646,68.84129636299436,0.8793963193893433,43.96981596946716,-1.0,-1.0,-1.0,-0.8877594,-60.0,1.0,160000
22503,68.83528567580494,0.8792787790298462,43.96393895149231,-1.0,-0.4830045,-0.0974918,-0.30319393,-35.97249090671539,1.0,160000
61095,68.81829593898921,0.8789465427398682,43.94732713699341,-0.6721313,-1.0,-0.40030387,0.2596314,-38.45524191856384,1.0,108482
15512,68.81211449230423,0.8788256645202637,43.941283226013184,-0.7361984,-0.83344585,-0.9558857,-0.90326,-60.0,1.0,160000
33155,68.80844767845254,0.8787539601325989,43.93769800662994,-0.7731439,-1.0,-0.83089274,-0.8437816,-28.652455806732178,1.0,157847
42848,68.79225326630328,0.8784372806549072,43.92186403274536,-1.0,-1.0,-0.32222956,-0.8100184,-28.26054573059082,1.0,160000
45162,68.76408876165438,0.8778865337371826,43.89432668685913,-0.7992711,-1.0,-1.0,-0.48694637,-35.62350034713745,1.0,159096
38271,68.75183525043363,0.8776469230651855,43.88234615325928,-1.0,-1.0,-1.0,-0.5585474,-39.21156644821167,1.0,160000
19970,68.74477268286913,0.877508819103241,43.87544095516205,-0.3118345,-1.0,-1.0,-0.4470617,-20.0,1.0,160000
8034,68.73801795545668,0.8773767352104187,43.868836760520935,-0.240529,0.17031384,-0.54968166,-0.023007676,-55.053595304489136,1.0,160000
5966,68.72600509226962,0.8771418333053589,43.85709166526794,-1.0,-1.0,-0.91054404,-0.9818503,-60.0,1.0,160000
12004,68.6842048901261,0.876324474811554,43.8162237405777,-0.45169306,-0.7852324,-1.0,0.11736724,-20.0,1.0,109622
4034,68.67810838311888,0.8762052655220032,43.81026327610016,-0.1537264,-0.44564468,-1.0,-0.83816624,-20.0,4.742951452732086,160000
10177,68.67629771697284,0.8761698603630066,43.80849301815033,-1.0,-1.0,-0.9667219,0.15033486,-60.0,1.0,160000
33025,68.66146787301463,0.8758798837661743,43.79399418830872,-1.0,-0.9394311,-0.2235108,-0.9477736,-52.036248445510864,1.0,160000
29345,68.6535484171065,0.8757250308990479,43.78625154495239,-1.0,-1.0,1.0,-0.9878503,-37.08041161298752,1.0,160000
57145,68.64549175608921,0.8755674958229065,43.778374791145325,-1.0,-1.0,-0.022113085,-0.8591057,-20.0,1.0,160000
54048,68.6437298334753,0.8755330443382263,43.77665221691132,-1.0,-1.0,-0.83793145,0.17340933,-24.595017433166504,1.0,160000
33908,68.62454672458382,0.8751579523086548,43.75789761543274,-1.0,-1.0,-0.009371996,-0.54731923,-35.45910894870758,1.0,160000
35295,68.62259273798685,0.8751197457313538,43.75598728656769,0.08499217,-1.0,-0.8915707,0.8807672,-53.79409193992615,1.0,160000
31878,68.6223945957138,0.8751158714294434,43.75579357147217,-1.0,-0.4919027,1.0,-0.8523992,-24.42127227783203,1.0,160000
22549,68.6184652779734,0.8750390410423279,43.7519520521164,-0.6988179,-0.217278,-0.73763216,-0.62058735,-40.75215399265289,1.0,160000
48302,68.59367595211239,0.8745543360710144,43.72771680355072,-1.0,-1.0,-1.0,-0.41110486,-31.687183380126957,1.0,160000
42644,68.57466917168605,0.8741827011108398,43.70913505554199,-1.0,0.04702449,-1.0,1.0,-22.781496047973636,1.0,99192
43353,68.57390706766084,0.874167799949646,43.7083899974823,-1.0,-1.0,0.70279145,-0.40888274,-20.0,1.0,160000
52048,68.57365100064315,0.8741627931594849,43.70813965797424,-1.0,-1.0,0.42415208,-0.86803424,-23.07730078697205,4.724404573440552,146835
19141,68.57290718673906,0.8741482496261597,43.70741248130798,-0.7178788,-0.04875213,-1.0,-0.9615435,-30.938135981559757,1.0,160000
29472,68.5728736541385,0.8741475939750671,43.70737969875336,-1.0,-0.37975335,-1.0,-0.88590634,-60.0,1.0,160000
25976,68.56817298765668,0.8740556836128235,43.70278418064117,-1.0,-1.0,-0.802939,-0.9119494,-20.0,1.0,123021
54875,68.5277931362267,0.8732661604881287,43.66330802440643,-1.0,-1.0,-0.5387334,-0.49855405,-43.918657302856445,1.0,152896
20697,68.52594880068958,0.8732300996780396,43.66150498390198,-1.0,-1.0,-0.06615728,-0.76949453,-20.0,1.0,160000
19567,68.51680940702715,0.8730514049530029,43.65257024765015,-1.0,-1.0,-0.36221993,-0.6154109,-25.155479907989506,1.0,155055
25586,68.50866988507478,0.8728922605514526,43.64461302757263,-1.0,-0.78399384,0.4228903,-0.3543623,-23.402328491210938,1.0,160000
55747,68.4965519958652,0.8726553320884705,43.63276660442352,-1.0,-1.0,-0.75087595,-0.44708243,-52.66534447669983,1.0,160000
52044,68.48865017784024,0.8725008368492126,43.62504184246063,-1.0,-1.0,-1.0,1.0,-20.0,1.0,160000
25383,68.4799648486306,0.8723310232162476,43.61655116081238,-1.0,-1.0,0.8254643,-0.40960497,-59.974764585495,1.0,160000
20208,68.47759306734241,0.8722846508026123,43.614232540130615,-1.0,-0.123375535,-0.8196904,-0.6386329,-20.0,1.3820046782493591,160000
43402,68.47391954447292,0.872212827205658,43.6106413602829,-0.28687012,-1.0,-0.9447812,-0.04369463,-41.35059058666229,1.0,145644
34847,68.4664352922508,0.8720664978027344,43.60332489013672,-1.0,-0.7916416,-1.0,0.6190813,-54.644330739974976,1.0,79120
34830,68.45955768167762,0.8719320297241211,43.596601486206055,0.04316497,-0.31064796,-1.0,-0.665967,-23.177181482315063,1.0,160000
19095,68.45651213641965,0.8718724846839905,43.59362423419952,-1.0,-1.0,-0.5097899,-0.25818256,-20.591262578964237,1.0,153867
52672,68.43250429648229,0.8714030981063843,43.570154905319214,-1.0,-1.0,-1.0,-0.43860286,-28.227885961532596,1.0,160000
3021,68.39990499608683,0.870765745639801,43.53828728199005,-1.0,-1.0,-1.0,-0.89617485,-20.0,1.0,103678
56606,68.39899343963754,0.8707479238510132,43.53739619255066,-0.73789203,-1.0,-1.0,-0.92573774,-20.0,3.05391138792038,160000
22417,68.39424663222609,0.8706551194190979,43.532755970954895,-1.0,-1.0,0.21476674,-0.45094872,-20.0,1.0,160000
58022,68.38047259494859,0.8703858256340027,43.51929128170013,-0.4723006,-1.0,-0.42145044,-0.34961072,-60.0,1.0,160000
26319,68.35885710219085,0.8699632287025452,43.49816143512726,-1.0,-1.0,-1.0,-0.2228889,-27.70579218864441,1.0,160000
46007,68.35847296012982,0.8699557185173035,43.49778592586517,-1.0,-1.0,-0.16012704,-0.68265605,-56.78669571876526,1.0,125071
43617,68.33594259296517,0.8695152401924133,43.47576200962067,-1.0,-0.78765976,-1.0,0.029584587,-20.0,1.0,160000
13707,68.32456145880455,0.8692927360534668,43.46463680267334,-1.0,-1.0,-0.552425,-0.4330473,-60.0,1.0,160000
11586,68.3140064882599,0.8690863847732544,43.45431923866272,-1.0,-1.0,-0.3980826,-0.06320171,-47.7006995677948,1.0,160000
44862,68.30860093125786,0.8689807057380676,43.44903528690338,-1.0,-1.0,-1.0,-0.6285013,-29.111558198928837,1.0,160000
18580,68.30016176926756,0.8688157200813293,43.44078600406647,-0.59541655,-1.0,-1.0,0.5625912,-33.30357551574707,1.0,118174
41375,68.29752147491014,0.8687641024589539,43.43820512294769,-1.0,-0.46316886,-0.26418883,-0.37322545,-51.57944440841675,1.0,160000
30840,68.28396628223442,0.8684991002082825,43.42495501041412,-0.08913171,-0.9503989,-1.0,-0.115748115,-20.0,1.0,160000
13680,68.2682340930291,0.8681915402412415,43.40957701206207,-0.50481945,-0.56698114,-0.76249015,0.71374303,-60.0,1.0,84595
1875,68.24640699708567,0.8677648305892944,43.38824152946472,-0.84902155,-1.0,-1.0,0.007485509,-55.96609473228455,1.0,95177
30805,68.2313361288932,0.8674702048301697,43.37351024150848,-1.0,-1.0,-1.0,-0.5496038,-44.44820612668991,1.0,116872
26735,68.23084220004534,0.8674605488777161,43.3730274438858,-1.0,-1.0,-1.0,-0.9556428,-42.497091591358185,1.0,160000
43288,68.23068060601267,0.867457389831543,43.37286949157715,-0.53086436,-0.44248784,-0.11807203,-0.8421889,-24.09472703933716,1.0,160000
48184,68.22930553172628,0.8674305081367493,43.37152540683746,-1.0,-1.0,-1.0,-0.25360245,-55.14129877090454,1.0,140012
42666,68.22377168647341,0.8673223257064819,43.3661162853241,-0.81042624,-1.0,-0.3331339,-0.4174506,-20.0,1.0,160000
35974,68.21941472518733,0.8672371506690979,43.361857533454895,-1.0,-0.4016137,0.10468876,-0.5839673,-20.0,1.0,140987
12685,68.2024654747155,0.8669058084487915,43.345290422439575,-1.0,-1.0,-1.0,-0.7574853,-46.08653962612152,1.0,160000
10409,68.201392230697,0.8668848276138306,43.34424138069153,-1.0,-0.56311524,-0.39968967,-0.47217536,-30.534486174583435,1.785377323627472,160000
43221,68.19862984425066,0.8668308258056641,43.3415412902832,-0.66715443,-1.0,-0.82424057,-0.32251716,-36.6789186000824,1.0,160000
3152,68.19423623926926,0.8667449355125427,43.337246775627136,-1.0,-1.0,-1.0,-0.86596525,-44.15965259075165,1.0,160000
8821,68.18919623478577,0.866646409034729,43.33232045173645,-0.97724855,-1.0,-1.0,0.35616875,-60.0,1.0,109535
59512,68.18495201045927,0.8665634393692017,43.32817196846008,-0.6407728,-1.0,0.22659945,0.932763,-43.66560995578766,1.0283294916152954,160000
30506,68.15832173274028,0.8660428524017334,43.30214262008667,-1.0,-0.31216925,-0.8309423,-0.647215,-43.8226929306984,1.0,91098
43354,68.14566505894217,0.8657954335212708,43.28977167606354,-1.0,-1.0,-0.66837585,-0.936832,-42.40326330065727,1.0,155114
14812,68.14260683329464,0.865735650062561,43.28678250312805,-1.0,-1.0,0.700516,-0.9724354,-30.928768515586853,4.272134959697723,156605
44924,68.12181504115252,0.8653292059898376,43.26646029949188,-1.0,-1.0,-0.39072806,0.8034149,-24.585059881210327,1.0,160000
61405,68.10094070146332,0.8649211525917053,43.24605762958527,-0.7529824,-1.0,0.31426203,0.4822183,-60.0,1.0,142095
13573,68.06420120091698,0.8642029762268066,43.21014881134033,-1.0,-0.34079903,-1.0,-0.6493342,-58.80038499832153,1.0,160000
20202,68.06349378571778,0.8641891479492188,43.20945739746094,-1.0,-0.19376671,0.16978282,-0.8243526,-20.0,1.4106688499450684,160000
57009,68.06235643229608,0.8641669154167175,43.20834577083588,-1.0,-0.28892618,-1.0,-0.4415248,-28.27303409576416,1.0,116873
41986,68.0606122858167,0.864132821559906,43.2066410779953,-0.80544233,-1.0,-1.0,-0.7193286,-44.32132750749588,1.0,147920
11324,68.05391926171322,0.864001989364624,43.2000994682312,-1.0,-1.0,0.10252261,-0.9849513,-52.7424955368042,1.0,160000
10331,68.04082892095171,0.8637461066246033,43.18730533123016,-1.0,-1.0,-1.0,-0.9872918,-21.959093809127808,9.562113046646118,160000
33568,68.03719422423421,0.863675057888031,43.18375289440155,-1.0,-0.65786684,0.62867725,-0.6253569,-20.0,1.0,160000
8421,68.0358830484219,0.8636494278907776,43.18247139453888,-1.0,-0.7782408,-0.6761258,0.47764233,-28.1771719455719,1.0,124660
121,68.0268786009678,0.8634734153747559,43.17367076873779,0.23538947,-0.43415642,-0.7247727,-0.36560708,-60.0,1.0,160000
2975,68.02649134476113,0.8634658455848694,43.17329227924347,-1.0,-1.0,-0.29096544,-0.91048926,-30.40929198265076,1.0,160000
40467,68.01714533504318,0.8632831573486328,43.16415786743164,-1.0,-1.0,-1.0,-0.3151904,-20.0,1.0,160000
50197,68.01372404394345,0.8632162809371948,43.16081404685974,-1.0,-0.96297705,-1.0,0.3923961,-28.633568286895752,1.0,160000
43523,67.99930088801554,0.8629343509674072,43.14671754837036,-1.0,-1.0,0.20851523,-0.85031354,-38.937376737594604,1.0,160000
5038,67.99709928907544,0.8628913164138794,43.14456582069397,-0.9235711,-0.7121692,-0.76511526,-0.19300899,-57.35805153846741,1.184890329837799,160000
47019,67.98977788745228,0.8627482056617737,43.13741028308869,-0.9134579,-1.0,-1.0,-0.67162144,-47.55210757255554,1.0,160000
47634,67.97124708656601,0.8623859882354736,43.11929941177368,-1.0,-1.0,0.66956747,-0.7731377,-42.62995719909668,1.0,160000
27149,67.96148914783373,0.8621952533721924,43.10976266860962,-1.0,-0.44288683,-1.0,-0.4473628,-50.90267181396485,1.0,116977
39822,67.9436167462573,0.8618459105491638,43.09229552745819,-1.0,-1.0,-0.84976006,0.6470664,-23.51746082305908,1.0,160000
22939,67.92433534802804,0.861469030380249,43.07345151901245,-0.19479018,0.017677903,-1.0,-0.6772249,-35.17845094203949,1.0,80402
54949,67.91565057538891,0.8612992763519287,43.06496381759644,-1.0,-1.0,-0.4088362,-0.98911923,-26.21902227401733,1.0,160000
46466,67.89941531335518,0.8609819412231445,43.04909706115723,-0.30845034,-1.0,0.24640775,-0.4799352,-24.857451915740967,1.0,137893
49013,67.89933297790859,0.8609803318977356,43.04901659488678,-0.40109652,-1.0,-1.0,-0.81696963,-38.72816011309624,1.0,160000
20514,67.89059015337921,0.8608094453811646,43.04047226905823,-0.42368942,-1.0,-1.0,-0.42545283,-41.15942060947418,1.3784507513046265,160000
15354,67.81634926713575,0.8593583703041077,42.96791851520538,-1.0,-0.17946595,-0.40502548,1.0,-23.317346572875977,1.0,132584
33351,67.8161754404003,0.8593549728393555,42.96774864196777,-1.0,-1.0,-1.0,-0.7094896,-43.00644099712372,1.0,160000
58118,67.81528800892833,0.8593376278877258,42.96688139438629,-1.0,0.257833,-0.46306625,-0.47684932,-25.890220403671265,1.0,160000
52539,67.79802113403457,0.8590001463890076,42.95000731945038,-0.76329863,-1.0,-1.0,-0.94240546,-20.0,1.0,108140
30188,67.79667930048797,0.8589739203453064,42.94869601726532,-0.43873852,-0.7467302,-0.7718014,-0.07595724,-41.891061663627625,1.0,160000
26273,67.78372445956657,0.8587207198143005,42.93603599071503,-1.0,-1.0,-0.039589465,-0.9501502,-42.97772765159607,1.0,160000
26930,67.77022669149105,0.8584569096565247,42.92284548282623,-1.0,-1.0,-0.9500812,0.43489498,-60.0,1.0,160000
40544,67.77022669149105,0.8584569096565247,42.92284548282623,-1.0,-1.0,-1.0,-0.94900566,-40.29001921415329,1.0,160000
47166,67.76481962867145,0.8583512306213379,42.917561531066895,-1.0,-1.0,0.20849794,-0.25143492,-60.0,1.0,160000
38312,67.75982120799091,0.858253538608551,42.91267693042755,-0.4447645,-1.0,-1.0,0.23754564,-44.44404512643814,1.0,160000
15680,67.7536943891286,0.8581337928771973,42.90668964385986,-0.61694235,-1.0,-1.0,-0.11980202,-31.878271102905277,1.0,137720
34225,67.75227018305,0.8581059575080872,42.90529787540436,-1.0,-1.0,-1.0,0.39195797,-24.963457584381104,1.0,135585
43614,67.74221836889626,0.8579095005989075,42.89547502994537,-1.0,-1.0,-0.23432297,-0.046147883,-36.30884319543839,1.0,160000
51957,67.72494169078702,0.8575718402862549,42.87859201431274,-1.0,-0.39929676,-0.29297906,-0.29995304,-34.0218198299408,1.0,143227
5164,67.71331606126621,0.8573446273803711,42.86723136901856,-0.8125794,-0.2139256,1.0,-0.9897846,-29.949427843093872,1.0,159746
41504,67.70877192150864,0.8572558164596558,42.86279082298279,-1.0,-1.0,-0.6873343,0.863778,-20.0,1.0,160000
35546,67.70816501880917,0.8572439551353455,42.86219775676727,-0.34008324,-1.0,-0.7503784,-0.043890867,-47.34078288078308,1.0,100359
61419,67.70219662377067,0.85712730884552,42.856365442276,-1.0,-0.4641403,-0.8514395,-0.6522285,-45.95999479293823,1.5254322290420532,151402
4672,67.7006869859133,0.8570978045463562,42.85489022731781,-0.4006765,-0.36274958,-1.0,-0.2823373,-60.0,1.0,160000
57324,67.70059549267174,0.8570960164070129,42.85480082035065,-1.0,-1.0,-0.41850185,-0.5549506,-60.0,1.0,133980
46452,67.6967710712808,0.8570212721824646,42.85106360912323,-1.0,-1.0,-0.7238598,0.051059898,-60.0,1.0,160000
43383,67.68552649638079,0.8568015098571777,42.84007549285889,-1.0,-0.72843766,0.39892173,-0.76981145,-20.0,1.0,94538
27095,67.67768849775064,0.856648325920105,42.83241629600525,-0.7111823,-1.0,-1.0,-0.32485116,-50.311537981033325,1.0,160000
30815,67.65922790223917,0.8562875390052795,42.81437695026398,-0.49859875,-1.0,-0.32721382,-0.029838305,-42.93804913759232,1.0,160000
20898,67.63964172691814,0.855904757976532,42.7952378988266,-1.0,-0.6096973,-0.050445974,0.032452673,-51.43878221511841,1.0,69956
38657,67.63008645544886,0.8557180166244507,42.78590083122253,-1.0,0.11180627,-0.790549,-0.3353032,-44.283446967601776,1.0886476039886477,160000
40339,67.62366033323566,0.8555924296379089,42.77962148189545,-1.0,-1.0,-1.0,-0.9294673,-28.296736478805546,6.955104231834412,160000
54287,67.6232760461748,0.8555849194526672,42.77924597263336,-1.0,-1.0,-1.0,0.52714705,-23.19077491760254,1.0,160000
58736,67.62173889716077,0.8555548787117004,42.77774393558502,-0.25219792,-0.18375552,-0.12172413,-0.13038354,-20.0,1.0,140875
7060,67.58745771372503,0.854884922504425,42.74424612522125,-1.0,-1.0,-1.0,-0.38752532,-60.0,1.0,160000
53031,67.58576803809865,0.8548519015312195,42.742595076560974,-0.32272327,-1.0,-0.16065586,-0.54714274,-60.0,1.0,160000
38531,67.5624906219586,0.8543969988822937,42.719849944114685,-0.33961302,-1.0,-1.0,0.8544668,-60.0,1.0,160000
8645,67.55432576931018,0.85423743724823,42.7118718624115,-1.0,-1.0,0.9733962,-0.6160236,-20.0,1.0,160000
46614,67.54932070043853,0.8541396260261536,42.70698130130768,-1.0,-1.0,-1.0,0.043745548,-60.0,1.0,160000
43521,67.5374835536202,0.8539083003997803,42.69541501998901,-0.84433424,-0.8670838,-1.0,-0.89398736,-60.0,1.0,128990
29486,67.52755871588386,0.8537143468856812,42.68571734428406,0.0059087276,-0.50056964,0.4864605,0.11000593,-20.0,1.0,160000
44405,67.52722931042756,0.8537079095840454,42.68539547920227,-1.0,-1.0,-1.0,-0.75538146,-20.0,1.0,124696
20117,67.49590198157651,0.8530957102775574,42.65478551387787,-1.0,-0.20750582,-0.9745463,-0.7817899,-20.0,1.0,160000
51529,67.4948313958642,0.8530747890472412,42.65373945236206,-1.0,-0.98482907,0.0050624013,-0.82174253,-57.23685145378113,1.0,160000
5273,67.48974076782287,0.8529753088951111,42.648765444755554,-1.0,-0.5029609,-0.5312909,-0.6529658,-33.091291189193726,1.0,152978
15564,67.48931070215858,0.8529669046401978,42.64834523200989,-1.0,-1.0,1.0,-0.96742,-34.678398966789246,11.0,147924
60107,67.47272412393646,0.8526427745819092,42.63213872909546,-1.0,-1.0,-1.0,-0.96513,-44.25873100757599,1.0,127994
37806,67.46272574530376,0.8524473905563354,42.62236952781677,0.22299242,-1.0,-0.050204813,-0.11285725,-21.413716077804565,1.0,160000
11575,67.45481362931059,0.8522927761077881,42.61463880538941,-1.0,-1.0,-1.0,-0.4670795,-51.32406830787659,1.0,141104
30013,67.45441710759697,0.8522850275039673,42.61425137519837,-1.0,-1.0,1.0,0.065583155,-57.12036967277527,1.0,160000
12330,67.42320143873212,0.8516750335693359,42.5837516784668,-1.0,-1.0,-1.0,-0.4620581,-35.82626014947891,1.0,103005
5070,67.40746530178724,0.8513675332069397,42.568376660346985,-1.0,-1.0,-1.0,-0.97794235,-54.11967396736145,1.0,160000
40683,67.4042076397743,0.8513038754463196,42.56519377231598,-0.39484727,-0.078870535,-0.9219513,-0.9191365,-21.13127827644348,1.0,160000
43799,67.38946878444729,0.8510158658027649,42.550793290138245,-0.54981667,-0.90660954,-1.0,0.043686636,-20.0,1.0,159156
30706,67.37747202812572,0.8507814407348633,42.53907203674317,-0.10066688,-0.80324495,-1.0,-0.3807565,-60.0,1.173722505569458,124613
37268,67.37494333524795,0.8507320284843445,42.53660142421722,-1.0,-1.0,-0.24827772,-0.9189632,-36.15037858486176,1.0,160000
20754,67.3651427120348,0.8505405187606812,42.52702593803406,0.03720081,-1.0,-1.0,0.48072124,-38.08805897831917,1.0,145856
55506,67.36394088920355,0.8505170345306396,42.52585172653198,-1.0,-0.6015018,-1.0,-0.3603253,-48.67946207523346,1.0,160000
26290,67.3564676082932,0.8503710031509399,42.518550157547,-1.0,-1.0,-1.0,-0.8983857,-34.928470849990845,1.0,160000
46229,67.34735931666447,0.8501930236816406,42.50965118408203,-0.60009724,-1.0,-1.0,-0.53651404,-20.0,1.0,160000
61062,67.34693531943624,0.8501847386360168,42.50923693180084,-0.5125507,-1.0,-1.0,-0.6131687,-39.20945584774017,1.0,139007
35975,67.34677670174372,0.8501816391944885,42.509081959724426,-1.0,-1.0,-0.32655343,-0.13471144,-28.38513493537903,1.0,160000
4385,67.32859963619546,0.849826455116272,42.4913227558136,-1.0,-1.0,-1.0,-0.021815628,-40.64140647649765,1.0,160000
49379,67.31627000179616,0.8495855331420898,42.47927665710449,-0.41123915,-0.80186486,1.0,-0.2466543,-20.0,1.0,145616
37343,67.29856240744928,0.8492395281791687,42.46197640895844,-1.0,-1.0,-0.23367703,-0.7476469,-20.0,1.0,160000
55740,67.27602883417393,0.8487992286682129,42.439961433410645,-1.0,-0.1531145,-1.0,-0.7068912,-38.96122798323631,1.0,131408
1296,67.27466528049683,0.8487725853919983,42.43862926959992,-1.0,-1.0,-1.0,-0.5072439,-60.0,1.0,160000
4319,67.26511427621946,0.8485859632492065,42.42929816246033,-1.0,-1.0,0.38238966,-0.29635623,-20.0,1.0,107722
14979,67.24569792070099,0.8482065796852112,42.41032898426056,-0.34664017,-1.0,-0.41200167,-0.40331778,-49.239601492881775,1.0,102863
18347,67.23371550439435,0.8479724526405334,42.39862263202667,-1.0,-1.0,0.49966103,-0.053755507,-20.08116841316223,1.0,110216
5815,67.23216583806354,0.8479421734809875,42.39710867404938,-0.9884222,-0.7503009,-0.28629926,-0.30999896,-60.0,1.0,75590
46618,67.21462218401652,0.8475993871688843,42.37996935844421,-0.901772,-1.0,-1.0,0.05235819,-36.1582088470459,1.0,160000
52461,67.20994567899028,0.8475080132484436,42.37540066242218,0.05566609,-1.0,0.02850312,-0.2579017,-29.13257598876953,1.0,134986
42648,67.20673038438163,0.8474451899528503,42.37225949764252,-1.0,-1.0,-1.0,0.5428456,-41.83647304773331,1.0,160000
18369,67.20573589935769,0.8474257588386536,42.37128794193268,-0.3813917,-1.0,-1.0,-0.34152186,-57.75014042854309,1.0451117753982544,160000
7998,67.16995849316011,0.8467267155647278,42.33633577823639,-1.0,-1.0,-0.7021482,0.23225766,-57.84056544303894,1.0,160000
51104,67.15821659530744,0.8464972972869873,42.324864864349365,-1.0,-0.73324764,-1.0,-0.84633386,-20.0,1.0,160000
18134,67.15428125847257,0.846420407295227,42.32102036476135,-1.0,-1.0,-1.0,-0.86888623,-32.64888525009155,1.0,160000
57740,67.12035465179696,0.8457575440406799,42.287877202034,-1.0,-1.0,-0.9944217,-0.39096472,-28.054267168045044,1.0,160000
13301,67.11911301359629,0.8457332849502563,42.28666424751282,-1.0,-0.78400093,0.15703708,-0.5171807,-33.74194324016571,1.0,160000
43004,67.1169927695579,0.8456918597221375,42.28459298610687,-1.0,-1.0,-1.0,-0.98370916,-24.10927653312683,1.0,160000
4246,67.08276041088463,0.8450230360031128,42.25115180015564,-1.0,-1.0,-1.0,-0.046808988,-60.0,1.0,120128
5436,67.06520925817051,0.84468013048172,42.234006524086,-1.0,-0.795536,-1.0,0.45065832,-53.700772523880005,1.0,131205
19334,67.03353561531787,0.8440613150596619,42.20306575298309,-0.78707826,-1.0,-1.0,-0.94264925,-60.0,1.2942213416099548,117568
61344,67.03336476778142,0.8440579771995544,42.20289885997772,-1.0,-1.0,-0.45468408,0.09273139,-43.94937872886658,1.0,160000
3108,66.99034119893977,0.8432174324989319,42.160871624946594,-0.5765635,-1.0,-0.8495318,-0.18891093,-38.8549592345953,1.0,160000
6176,66.98311965872634,0.8430763483047485,42.15381741523743,-1.0,-1.0,0.85754186,-0.9285712,-20.0,1.0,160000
59448,66.95894392270357,0.8426040410995483,42.13020205497742,-1.0,-1.0,1.0,-0.8127507,-60.0,1.0,160000
55281,66.92883974956783,0.8420159220695496,42.10079610347748,-1.0,-0.9452639,-1.0,0.52741086,-54.49254512786865,1.0,106691
43199,66.92522733806223,0.8419453501701355,42.097267508506775,-1.0,-1.0,-1.0,-0.6548781,-51.88337802886963,1.0,160000
45449,66.91775841091098,0.8417994379997253,42.08997189998627,-1.0,-1.0,-0.75868267,-0.42871165,-23.77465128898621,1.0,121795
47447,66.90542912351586,0.841558575630188,42.0779287815094,-1.0,-1.0,-1.0,-0.9570687,-20.0,1.0,160000
54630,66.89325841030644,0.841320812702179,42.06604063510895,-1.0,-0.9192168,-1.0,-0.71459323,-34.06017005443573,1.0,160000
60003,66.88400141427317,0.8411399722099304,42.05699861049652,-1.0,-1.0,-1.0,-0.7698407,-42.0029017329216,1.0,118273
49652,66.88256739954701,0.841111958026886,42.0555979013443,-0.61093825,-1.0,-0.53648853,-0.041783877,-60.0,1.0,160000
4668,66.8797512354841,0.8410569429397583,42.05284714698792,-0.8097862,-1.0,-1.0,-0.6232933,-47.582780718803406,1.0,160000
55649,66.8743873922041,0.8409521579742432,42.04760789871216,-1.0,-1.0,-0.012540996,-0.6529636,-60.0,1.0,160000
36948,66.86025154653701,0.8406760096549988,42.03380048274994,-0.82353735,-0.3890605,-0.8989805,-0.8930255,-60.0,1.0,132739
61414,66.8538289002442,0.8405505418777466,42.02752709388733,-1.0,-1.0,-1.0,-0.50410247,-51.60248160362244,1.0,160000
48224,66.8369254871087,0.8402203321456909,42.01101660728455,-0.28401875,-0.80141497,-0.16948992,-0.5248289,-50.37976622581482,1.0,140188
32907,66.8347469493451,0.8401777744293213,42.008888721466064,-0.4100352,-1.0,-1.0,-0.8533768,-20.0,1.0,160000
4993,66.83433809183182,0.8401697874069214,42.00848937034607,-1.0,-0.83169824,-0.8592709,-0.8438716,-60.0,1.0,120933
31931,66.83239144064103,0.8401317596435547,42.00658798217773,-0.19096941,-1.0,-1.0,-0.39036572,-41.02985829114914,1.0,160000
34408,66.82793671390587,0.8400447368621826,42.00223684310913,-1.0,-1.0,-0.78653276,-0.5407589,-58.0905032157898,1.0,160000
26921,66.82327754644854,0.8399537205696106,41.99768602848053,-0.7913147,-0.6855091,-0.6468979,-0.2917946,-52.95279622077942,1.238597393035889,160000
45399,66.82143767551561,0.839917778968811,41.99588894844055,-0.8832552,-0.38598144,-0.9684329,-0.08621956,-60.0,1.0,160000
18709,66.81243357095643,0.8397418856620789,41.98709428310394,-1.0,-0.29481602,-0.70156586,-0.73763907,-42.62585401535034,1.0,160000
1661,66.79063558410819,0.8393160700798035,41.96580350399017,-1.0,-1.0,-1.0,-0.37429234,-33.977025747299194,1.0,160000
36305,66.78997651442896,0.839303195476532,41.9651597738266,-0.7705605,-0.46658093,-1.0,-0.24788742,-20.0,1.0,160000
60733,66.76782431329767,0.8388704657554626,41.94352328777313,-1.0,-1.0,-1.0,-0.74537104,-38.2905749976635,1.0,87614
22547,66.7404113587984,0.8383349776268005,41.91674888134003,-1.0,-0.9103548,-0.6437299,-0.44532648,-60.0,1.0,160000
38295,66.73936170060809,0.8383144736289978,41.91572368144989,-0.46063226,-1.0,-1.0,-0.92921317,-39.5054267346859,1.0,160000
57626,66.73503795692932,0.8382300138473511,41.911500692367554,-1.0,-1.0,-1.0,0.22491214,-52.39668846130371,1.0,151817
25082,66.72951807462759,0.8381221890449524,41.90610945224762,-1.0,-1.0,0.22738743,-0.6542534,-34.37830328941345,1.0,160000
18939,66.72674744753239,0.8380680680274963,41.90340340137482,-0.7953892,-1.0,-0.1787991,-0.36121675,-36.77401095628738,1.0,160000
40165,66.71278439992597,0.8377953171730042,41.88976585865021,-1.0,-0.56540865,-1.0,-0.18419796,-20.0,1.0,160000
43409,66.71265319071557,0.8377927541732788,41.88963770866394,-1.0,-0.12145609,-0.52049524,0.2640642,-32.31049180030823,1.0,160000
2354,66.71170421219438,0.8377742171287537,41.88871085643768,-1.0,-1.0,-1.0,0.27998894,-60.0,1.0,160000
60787,66.70964758182184,0.837734043598175,41.88670217990875,-1.0,-1.0,0.55225825,0.3259446,-56.04542136192322,1.0,160000
49605,66.69438145390282,0.8374358415603638,41.87179207801819,-1.0,-1.0,-1.0,0.17217568,-46.27542734146118,1.0,160000
21921,66.6918670924719,0.8373867273330688,41.86933636665344,0.15460396,-0.7298622,-0.68819714,-0.18474598,-60.0,1.1009109616279602,152665
54708,66.67370500091403,0.8370319604873657,41.851598024368286,-1.0,-1.0,-1.0,-0.16081733,-60.0,1.0,155374
56663,66.6571142370997,0.8367078900337219,41.835394501686096,0.043701768,-0.9544586,-0.1517955,-0.1745865,-38.4847766160965,1.0,160000
52405,66.62011174657383,0.8359851241111755,41.79925620555878,-0.4826275,-0.563779,-1.0,0.13149185,-38.89041170477867,1.0,160000
43543,66.60790253062935,0.8357466459274292,41.78733229637146,-0.5123038,-1.0,-1.0,0.3188401,-28.20707321166992,1.0,160000
59160,66.60076798984682,0.8356072902679443,41.78036451339722,-0.8157939,-1.0,-1.0,-0.4453109,-38.005320727825165,1.0,160000
59436,66.57284292216046,0.8350618481636047,41.75309240818024,-0.097819924,-1.0,0.24949169,-0.18399459,-20.0,1.0,160000
59777,66.5723912838602,0.835053026676178,41.7526513338089,-0.52712613,-0.98126626,-1.0,-0.36967227,-20.0,1.0,140007
6427,66.57222039366343,0.8350496888160706,41.75248444080353,-1.0,-0.74178696,-1.0,-0.27429226,-30.704432129859924,1.0,160000
4299,66.55109702161221,0.8346371054649353,41.731855273246765,-1.0,-1.0,-0.9037504,0.7310467,-21.187732219696045,1.0,160000
9533,66.53541759670168,0.8343308568000793,41.71654284000397,-1.0,-0.6550777,-0.6749112,-0.26594105,-20.0,1.0,129241
25119,66.5302419531458,0.8342297673225403,41.71148836612701,-1.0,-1.0,-1.0,-0.3277955,-20.0,1.0,115873
58859,66.52892362649752,0.8342040181159973,41.710200905799866,-1.0,-1.0,-1.0,-0.13687646,-54.68709588050842,1.0,160000
2093,66.52667758630975,0.8341601490974426,41.70800745487213,-0.121495545,-1.0,-0.7933802,-0.7161058,-24.58258390426636,1.0,160000
29796,66.51273437548282,0.8338878154754639,41.69439077377319,-1.0,-1.0,-0.5321367,-0.0403398,-32.04688787460327,1.0,160000
38515,66.47458149439166,0.8331426382064819,41.6571319103241,-0.11796862,-0.27437502,-0.17260659,-0.78813267,-60.0,1.0,123813
27465,66.47210650384547,0.8330942988395691,41.654714941978455,-1.0,-1.0,-1.0,-0.03914709,-37.12389230728149,1.0,160000
53641,66.46701613046157,0.8329948782920837,41.64974391460419,-1.0,-1.0,-0.17127061,0.2373481,-40.79003818333149,1.0,160000
9464,66.43828943368365,0.832433819770813,41.62169098854065,-1.0,-0.24487472,-0.17508739,-0.39137778,-60.0,1.0,131522
40493,66.4357899790158,0.8323850035667419,41.6192501783371,-1.0,0.08615935,-1.0,-0.95097494,-60.0,1.0,122476
42130,66.43074528164547,0.8322864770889282,41.61432385444641,-1.0,-1.0,-1.0,-0.9365246,-23.846954107284542,1.0,160000
60026,66.41852564202283,0.8320478200912476,41.60239100456238,-1.0,-0.24891478,0.9435194,0.28733376,-34.38733458518982,1.0,160000
60064,66.4174788508874,0.8320273756980896,41.60136878490448,-1.0,-1.0,-0.4956731,-0.866493,-20.0,1.0,160000
32346,66.41118588387201,0.8319044709205627,41.59522354602814,-0.20878738,-1.0,-0.35251713,-0.942612,-60.0,1.0,160000
16853,66.40337915633806,0.8317520022392273,41.587600111961365,-1.0,0.11181188,-0.8735987,-0.52957,-20.0,1.0,160000
29837,66.39606070024544,0.8316090703010559,41.5804535150528,-0.70830595,-1.0,-1.0,-0.8623972,-25.922223329544067,2.294008195400238,158320
52882,66.38310226056868,0.8313559889793396,41.56779944896698,-0.46588075,-1.0,0.22711855,-0.7357499,-20.0,1.0,160000
56262,66.37849994740078,0.8312661051750183,41.56330525875092,-0.9674381,-0.057471633,-1.0,-0.6275915,-47.71363317966461,1.0,135667
34870,66.37748365253252,0.8312462568283081,41.562312841415405,-1.0,-0.18524414,-0.5673222,-0.885859,-50.07769107818604,1.0,160000
15708,66.3723624943405,0.831146240234375,41.55731201171875,-0.5636872,-0.3738581,0.48169678,0.832864,-35.933018922805786,1.0335010886192322,107624
58162,66.37041229977983,0.8311081528663635,41.555407643318176,-1.0,-0.5969809,-0.6743621,-0.42072242,-20.0,1.0,160000
29336,66.3598097968263,0.8309010863304138,41.54505431652069,-1.0,-1.0,-0.107213855,-0.77670467,-36.089736223220825,1.0,160000
17132,66.3500099036629,0.83070969581604,41.535484790802,-1.0,-1.0,-0.86308885,-0.6865495,-20.0,1.0,125940
25230,66.30615541785876,0.8298532366752625,41.49266183376312,-1.0,-1.0,-1.0,-0.68048793,-55.29160976409912,1.0,160000
28954,66.30520622764463,0.8298346996307373,41.49173498153687,-1.0,-0.9333467,0.035782218,-0.39500034,-40.98595842719078,1.0,106673
13672,66.3003076657125,0.8297390341758728,41.48695170879364,-1.0,-1.0,-1.0,-0.8978497,-20.0,11.0,160000
11590,66.28921336570666,0.8295223712921143,41.47611856460571,-1.0,-0.6903192,-1.0,0.052003324,-40.47226145863533,1.0,160000
25786,66.28792843686938,0.8294972777366638,41.47486388683319,-1.0,-0.708305,-1.0,-0.9639352,-60.0,1.0,160000
46695,66.2837409664689,0.829415500164032,41.4707750082016,0.0469656,-1.0,-0.4403416,0.31492907,-42.08047270774841,1.0,160000
13673,66.26126519386966,0.828976571559906,41.4488285779953,-0.9221133,-0.80678606,-1.0,-0.5134566,-35.88629126548767,1.0,160000
4289,66.2608806249797,0.8289690613746643,41.448453068733215,-1.0,-0.22126919,-1.0,-0.9707828,-41.72648370265961,1.0,122234
9619,66.24143231976755,0.8285892605781555,41.429463028907776,-0.49670327,-1.0,-0.8395393,-0.74410546,-20.0,1.0,160000
14493,66.24120951153861,0.8285849094390869,41.429245471954346,-1.0,-1.0,-1.0,0.048936993,-27.71316170692444,1.0,160000
56280,66.22007923044461,0.8281722664833069,41.408613324165344,-0.601877,0.16595936,0.25077826,-0.65921015,-37.786830365657806,1.0,160000
58504,66.20610618829652,0.8278993964195251,41.39496982097626,-0.21054918,-1.0,-1.0,-0.44129047,-60.0,1.0,131751
43707,66.19913793992478,0.8277633190155029,41.38816595077515,-1.0,0.49179637,-1.0,-0.16083933,-48.60292077064514,1.0,160000
37974,66.19659847519263,0.8277137279510498,41.38568639755249,-1.0,-0.78956103,-0.65552986,-0.0632308,-20.0,1.0,160000
32803,66.1837973206662,0.8274637460708618,41.37318730354309,-0.040382266,-0.04404223,-0.5216825,-0.8281283,-45.81377863883972,1.0,92131
33230,66.16649394597971,0.8271258473396301,41.35629236698151,-0.27000886,-1.0,-1.0,-0.68143725,-32.33333468437195,1.0,134050
59097,66.16484570613652,0.8270936608314514,41.35468304157257,-1.0,-0.69547904,-1.0,-0.14109771,-20.0,1.0,160000
9820,66.1473254334357,0.8267515301704407,41.337576508522034,-0.7275049,-1.0,-1.0,-0.45986992,-31.40913128852844,1.0,116069
53598,66.12632224667166,0.8263413906097412,41.31706953048706,-1.0,-0.7403841,-1.0,-0.579929,-20.0,2.4401519298553467,88467
43197,66.12264109309355,0.8262695074081421,41.313475370407104,-1.0,-1.0,-0.2893114,-0.6467507,-25.18871307373047,1.0,160000
38464,66.12088597989228,0.8262352347373962,41.31176173686981,-0.40026903,-1.0,-1.0,-0.9650458,-20.0,3.345364391803741,160000
49194,66.11387466703218,0.8260983228683472,41.30491614341736,-0.41925538,-1.0,-1.0,-0.2119104,-60.0,1.0,160000
13262,66.10458623769259,0.8259169459342957,41.29584729671478,-0.81286234,-0.51429176,-1.0,0.17178895,-20.0,1.0,144761
33034,66.10117975595757,0.8258504271507263,41.29252135753632,-0.41668987,-1.0,-0.7660284,-0.84970963,-20.0,1.0,160000
60016,66.10026098154725,0.8258324861526489,41.291624307632446,-1.0,-1.0,-1.0,-0.76628065,-60.0,1.0,109575
13236,66.08990413303538,0.825630247592926,41.2815123796463,-1.0,-1.0,-0.013453662,-0.5426835,-54.65280532836914,1.1942262053489685,130036
28515,66.08043853760685,0.8254454135894775,41.27227067947388,-1.0,-1.0,-0.157843,-0.89698035,-20.916484594345093,1.0,143403
52572,66.06538078117946,0.8251513838768005,41.25756919384003,-0.048243046,-1.0,-0.91942763,0.059530973,-52.07587003707886,1.0,126890
45869,66.04178810753228,0.8246906995773315,41.23453497886658,-1.0,-1.0,-0.95867765,-0.98976946,-28.65138292312622,1.0,160000
21338,66.04053657906348,0.8246662616729736,41.23331308364868,-1.0,-1.0,0.4985261,-0.69905865,-23.742276430130005,1.0,160000
31194,66.04013975278026,0.8246585130691528,41.23292565345764,-0.5130284,-0.2688896,-0.7708451,-0.88394153,-46.71663165092468,1.0,160000
26308,65.9993058559813,0.8238611817359924,41.19305908679962,-1.0,0.2910533,0.10852951,0.2243154,-39.75389361381531,1.0,160000
28215,65.98407036318962,0.8235636949539185,41.17818474769592,-1.0,-1.0,-1.0,-0.66046,-27.110459804534912,1.6632086634635923,123117
17173,65.96552263062854,0.8232015371322632,41.16007685661316,-1.0,-0.26927894,0.3087896,-0.4245994,-60.0,1.0,160000
41378,65.9599637678924,0.8230929970741272,41.15464985370636,-1.0,-1.0,-1.0,0.025513135,-60.0,1.0,160000
35971,65.94424561544243,0.8227860927581787,41.139304637908936,-1.0,-1.0,-1.0,-0.6320359,-33.67628574371338,1.0,160000
28676,65.88865859115465,0.8217007517814636,41.08503758907318,-1.0,-0.7091569,0.44421226,0.45745552,-54.46123480796814,1.0,160000
55392,65.88086790401005,0.8215486407279968,41.07743203639984,-1.0,-1.0,0.14102167,-0.2762082,-60.0,1.0,123236
2767,65.86805227118448,0.8212984204292297,41.06492102146149,-0.247127,-1.0,-1.0,-0.25092685,-38.59638139605522,1.0,151548
10624,65.85044359903392,0.8209546208381653,41.04773104190826,-0.04772842,-0.31600457,-0.36535752,-0.24681976,-35.97727745771408,1.0,160000
19645,65.834907646796,0.8206512928009033,41.032564640045166,-0.8395869,-1.0,-1.0,-0.6403722,-53.989354372024536,1.0,160000
16398,65.83186088675299,0.8205918073654175,41.02959036827088,-0.80097735,-0.0033031702,0.14873415,-0.6934448,-37.286265194416046,1.0,119988
35803,65.82046754510912,0.8203693628311157,41.018468141555786,-1.0,-1.0,-0.69761986,-0.9312278,-42.8825107216835,1.0,160000
41632,65.81401067496415,0.8202432990074158,41.01216495037079,-1.0,-0.24729419,-0.9176176,-0.9480122,-20.0,1.0,98667
13703,65.81146455513719,0.8201935887336731,41.009679436683655,-1.0,-1.0,0.12171763,-0.6084287,-59.059298038482666,1.0,160000
57902,65.80820405100204,0.820129930973053,41.00649654865265,-1.0,-1.0,1.0,-0.8734374,-44.26741689443588,1.1070353388786316,117534
18086,65.78237014320084,0.8196255564689636,40.98127782344818,-1.0,-0.072033584,-0.44080517,0.22258037,-45.8460533618927,1.0,126639
50836,65.74844844427327,0.8189632892608643,40.94816446304321,-0.18728662,-0.7883441,1.0,-0.9232087,-21.965668201446533,1.0,151707
30723,65.73500292432436,0.8187007904052734,40.93503952026367,-1.0,-0.6006199,1.0,-0.3015506,-32.37252175807953,1.0,160000
18785,65.73153772484515,0.8186331391334534,40.93165695667267,-1.0,-0.5441429,-0.12468088,-0.8540621,-24.501116275787357,1.0,146388
54816,65.6852377298899,0.8177292346954346,40.88646173477173,-1.0,-1.0,-1.0,-0.7087297,-60.0,1.0,146467
32448,65.6842210397429,0.8177093863487244,40.88546931743622,-1.0,-0.76392865,-1.0,-0.09414337,-43.00125241279602,1.0,160000
32659,65.6781453115673,0.8175907731056213,40.87953865528107,-0.7341128,-0.1486265,-1.0,-0.77138984,-35.98657250404358,1.0,160000
30975,65.67129711633703,0.8174570798873901,40.87285399436951,-1.0,-1.0,-1.0,-0.085159004,-28.05347442626953,1.0,160000
31966,65.64794038656339,0.8170011043548584,40.85005521774292,-0.73804986,-1.0,-1.0,-0.6741229,-20.0,1.0,160000
37817,65.63907085400298,0.8168279528617859,40.841397643089294,-0.6148603,-1.0,-0.577566,-0.6159934,-37.51185342669487,1.0,135133
806,65.63340715307785,0.8167173862457275,40.83586931228638,-1.0,-1.0,0.14164484,-0.15686421,-60.0,1.0,160000
39210,65.62232700807535,0.8165010809898376,40.82505404949188,-0.078483105,-1.0,0.1931845,-0.9911529,-40.97851037979126,1.0,154824
1348,65.61759754481898,0.8164087533950806,40.82043766975403,-1.0,-0.5660688,-0.32045317,-0.5065616,-37.98268154263496,1.0,160000
31237,65.61624495872125,0.8163823485374451,40.81911742687225,-1.0,-0.86558455,-1.0,-0.42484048,-24.208555221557617,1.4745256900787354,97231
57734,65.60428231197511,0.8161488175392151,40.807440876960754,-0.07906151,-1.0,-1.0,-0.36496726,-33.725990653038025,1.0,118935
42598,65.59730559020396,0.8160126209259033,40.800631046295166,-1.0,-1.0,-1.0,-0.6246031,-20.0,1.0,160000
23078,65.57400893883349,0.8155578374862671,40.77789187431336,-0.42490375,-1.0,-0.6353601,-0.918056,-36.444836258888245,1.0,160000
43457,65.57095561941419,0.8154982328414917,40.774911642074585,-1.0,-1.0,-0.60160846,-0.62339574,-60.0,1.0,160000
25702,65.54620216160785,0.8150150179862976,40.75075089931488,-1.0,-1.0,-1.0,-0.6857808,-20.862797498703003,1.0,160000
27463,65.54026335573951,0.8148990869522095,40.74495434761048,-0.5705876,0.06797397,-1.0,-0.18977693,-50.25259613990784,1.0,160000
40777,65.4888162663758,0.8138948082923889,40.694740414619446,-0.7555305,-1.0,-1.0,-0.8049614,-20.0,1.0,151898
48369,65.48560096361805,0.8138320446014404,40.69160223007202,-1.0,-1.0,0.9272318,-0.30412441,-20.0,1.0,160000
46465,65.47579013125858,0.8136405348777771,40.682026743888855,-1.0,-1.0,0.07964152,-0.40191695,-38.246004581451416,1.0,160000
9082,65.47290152829302,0.8135841488838196,40.67920744419098,-1.0,-1.0,-1.0,-0.70875496,-32.39228010177612,1.0,160000
41741,65.4727274791237,0.8135807514190674,40.67903757095337,-1.0,-0.6276226,-0.92785186,-0.7256679,-60.0,1.0,160000
34448,65.45705992893522,0.8132749199867249,40.66374599933624,-0.09724516,-0.63141435,-0.67441386,-0.8923205,-60.0,1.4204219579696655,133750
57006,65.431043727297,0.8127670884132385,40.638354420661926,-1.0,-1.0,-1.0,-0.5007298,-32.51109957695007,1.0,103548
30762,65.43090937031323,0.8127644658088684,40.63822329044342,-1.0,-1.0,-1.0,-0.79996437,-25.38629174232483,1.0,160000
10852,65.42975206768114,0.8127418756484985,40.63709378242493,-1.0,-1.0,-0.34885406,0.41196233,-32.93930530548096,1.0,124442
26315,65.42312886176472,0.8126125931739807,40.63062965869904,-1.0,-1.0,-0.9814372,-0.15846443,-20.0,1.0,160000
40532,65.42110738954209,0.8125731348991394,40.62865674495697,-0.038205147,-1.0,-1.0,-0.7654362,-45.21075665950775,1.0,160000
29834,65.40235827496656,0.8122071623802185,40.610358119010925,-0.8052595,-1.0,0.06340796,-0.07237433,-20.0,1.0,148537
57848,65.39183852812903,0.8120018243789673,40.60009121894837,-1.0,-0.6118911,-1.0,-0.53891885,-20.0,1.0,160000
12661,65.38709011637657,0.8119091391563416,40.59545695781708,-0.49488544,-1.0,-0.77033997,-0.66295713,-43.66472750902176,1.0,133471
49606,65.37945904022021,0.8117601871490479,40.58800935745239,-1.0,-1.0,-1.0,0.2040826,-33.07417392730713,1.0,160000
34205,65.357371786059,0.8113290667533875,40.56645333766937,-1.0,-1.0,0.08873236,-0.74769187,-20.0,1.0,160000
5329,65.3563915488269,0.8113099336624146,40.56549668312073,-1.0,-1.0,-0.66623557,-0.19997463,-43.1506335735321,1.0,160000
27132,65.34976195468975,0.8111805319786072,40.55902659893036,-0.046561122,-0.6049734,-0.24912888,-0.29248548,-21.25330924987793,1.0,160000
18533,65.33809979251075,0.81095290184021,40.5476450920105,-1.0,-0.9882222,-0.44494244,0.075161725,-20.0,1.0,115328
31232,65.32634593896813,0.8107234835624695,40.536174178123474,-1.0,-0.46653414,-1.0,0.5221476,-39.94418531656265,1.0,104170
27900,65.32105683143948,0.8106202483177185,40.531012415885925,-0.74625987,-1.0,-0.73297423,-0.36413902,-20.0,1.0,148102
46123,65.30485654837943,0.8103040456771851,40.51520228385925,-1.0,-1.0,-0.40159148,-0.92006695,-41.8743222951889,1.0,160000
35801,65.29025020599171,0.8100189566612244,40.50094783306122,-0.81158906,-0.86075294,-0.47703198,-0.8298324,-52.464059591293335,1.0,148420
16013,65.28529385468383,0.8099222183227539,40.496110916137695,-1.0,-0.6518175,0.32323343,-0.9253156,-20.0,1.0,160000
255,65.2682534252441,0.8095896244049072,40.47948122024536,-1.0,-0.93475777,-1.0,-0.8825933,-31.92024946212769,1.0,160000
28212,65.25942165240951,0.8094172477722168,40.47086238861084,-0.51435757,-0.99300516,-0.6191086,0.24575415,-20.91987609863281,1.0,130586
11446,65.25600742101962,0.8093506097793579,40.467530488967896,-0.12476188,-1.0,-1.0,-0.21547572,-26.16670608520508,1.0263795256614685,134190
50866,65.25509431147574,0.8093327879905701,40.4666393995285,-0.7947801,-1.0,-1.0,0.2239764,-53.37916135787964,1.0,152270
26305,65.25353072477623,0.8093022704124451,40.46511352062225,-0.65916353,-0.48032475,-0.82120335,0.2413699,-28.99248719215393,1.0125935673713684,160000
22876,65.24136096327928,0.8090647459030151,40.45323729515076,-1.0,-1.0,0.60211456,-0.8256427,-20.0,1.0,160000
4083,65.23216258196797,0.8088852167129517,40.44426083564758,-1.0,-0.34384596,-1.0,-0.90512776,-60.0,1.0,160000
48841,65.22673881213383,0.8087793588638306,40.43896794319153,-1.0,-1.0,-1.0,0.08218466,-41.40091359615326,1.0,160000
2341,65.2155522327423,0.8085610270500183,40.42805135250092,-1.0,-0.3590938,-0.3322389,-0.9139001,-23.754942417144772,1.0,160000
20340,65.21447113439253,0.8085399270057678,40.42699635028839,0.08356464,-1.0,-0.84108365,-0.8017681,-30.748807787895203,1.0,160000
32691,65.20546806292424,0.80836421251297,40.4182106256485,-1.0,-0.6742861,-0.018811107,-0.6803912,-20.0,1.0,119771
35206,65.17249406278782,0.8077206611633301,40.3860330581665,-1.0,-1.0,-1.0,-0.8010713,-51.89904451370239,1.0,160000
33286,65.14683089102557,0.8072198033332825,40.36099016666412,-1.0,-0.65753466,-0.47600907,-0.97904515,-24.10964727401733,9.361066579818726,117027
59408,65.13603471362812,0.8070091009140015,40.35045504570007,-1.0,-1.0,-0.21645302,-0.89761615,-48.54738473892212,1.0,160000
8654,65.13393044367506,0.8069680333137512,40.34840166568756,-1.0,0.119564295,0.5997514,-0.32645306,-60.0,1.0,130003
45844,65.13096796924977,0.8069102168083191,40.34551084041596,-1.0,-1.0,-0.73610675,-0.29264003,-20.0,1.0,111060
23213,65.12826508862003,0.8068574666976929,40.34287333488464,-1.0,-1.0,0.25902689,-0.39118993,-22.563129663467407,1.0,160000
34211,65.12056261890376,0.8067071437835693,40.33535718917847,-1.0,-1.0,-0.8323444,-0.8031809,-60.0,1.0,160000
12676,65.1187270926472,0.8066713213920593,40.333566069602966,-1.0,-0.1918469,-1.0,-0.20049238,-36.26525193452835,1.0,96545
46736,65.08978598858857,0.8061065077781677,40.30532538890839,0.15811133,-1.0,-1.0,-0.47544572,-41.3290286064148,1.0,111943
55424,65.0893645125742,0.8060982823371887,40.30491411685944,-1.0,-1.0,-1.0,-0.8180863,-44.074316918849945,1.0,160000
4189,65.07654914867402,0.8058481812477112,40.29240906238556,-0.73637146,-0.98198915,-0.23203504,-0.592114,-20.0,1.0,141891
4669,65.06785077245084,0.8056784272193909,40.28392136096954,-1.0,-1.0,-1.0,-0.51368123,-58.81881475448608,1.0,140483
18766,65.06369398358757,0.8055973052978516,40.27986526489258,-1.0,-0.3926984,-1.0,-0.56408036,-20.98196268081665,1.0,160000
27264,65.03732058645741,0.8050826191902161,40.2541309595108,-0.8391664,-0.842284,-0.6748781,-0.5297414,-48.40228319168091,1.0,85197
61066,64.9981949675021,0.8043190836906433,40.215954184532166,-0.40893137,-0.07833624,-0.6081187,-0.44031665,-34.40927505493164,1.0,101786
40627,64.98429156420607,0.8040477633476257,40.20238816738129,-1.0,-1.0,1.0,-0.76691335,-60.0,1.0,120997
30260,64.97222984199952,0.8038123846054077,40.19061923027039,-1.0,-1.0,-1.0,-0.0324459,-20.0,1.0,160000
39979,64.96671055991813,0.8037046790122986,40.18523395061493,-0.6423412,-1.0,-0.79815876,-0.8372307,-20.0,1.0,115127
22020,64.96506118602683,0.8036724925041199,40.183624625206,-1.0,-1.0,-0.9388889,-0.9075572,-57.00940251350403,1.0,160000
34981,64.94413843351107,0.8032642006874084,40.16321003437042,-0.58699083,-1.0,-0.70473194,-0.07825181,-31.923248767852783,1.447084903717041,160000
43615,64.93964229881671,0.8031764626502991,40.15882313251496,-1.0,-0.3270803,-1.0,0.29564106,-28.89111638069153,1.0,160000
32743,64.93699103988509,0.803124725818634,40.1562362909317,-1.0,-1.0,-0.39282575,-0.495985,-40.96091091632843,1.0,160000
32522,64.93554017638574,0.8030964136123657,40.154820680618286,-1.0,-0.9961505,-1.0,-0.7342968,-44.80312794446945,1.355064868927002,160000
31889,64.92338952758854,0.8028593063354492,40.14296531677246,-1.0,-0.034118056,0.024727881,-0.9596604,-28.36630940437317,1.0,160000
50912,64.9209795469131,0.8028122782707214,40.14061391353607,-0.6378857,-1.0,-0.016482115,-0.079749696,-34.776549339294434,1.097801387310028,147748
39355,64.88794810962915,0.8021677136421204,40.10838568210602,-1.0,-1.0,-1.0,0.24590449,-60.0,1.0,95444
22209,64.87757792568799,0.8019653558731079,40.0982677936554,-1.0,-1.0,0.5985045,-0.77532256,-20.0,1.8080145716667173,160000
3732,64.86993235607774,0.8018161654472351,40.09080827236176,-0.68661904,-0.35679227,-1.0,-0.8013428,-57.72103786468506,1.0,160000
40006,64.86453797810401,0.8017109036445618,40.08554518222809,-1.0,-0.38847792,-1.0,-0.14656092,-20.996075868606567,1.0,160000
55636,64.86281214006166,0.8016772270202637,40.083861351013184,-1.0,-1.0,-0.83500516,0.13018502,-20.0,1.0,86412
41324,64.85985224734598,0.8016194701194763,40.080973505973816,-1.0,-1.0,-1.0,0.23097107,-20.0,1.0,160000
9190,64.85749715872133,0.8015735149383545,40.078675746917725,-1.0,-1.0,-1.0,-0.7092464,-20.0,8.702360153198242,160000
39675,64.85600651727071,0.8015444278717041,40.077221393585205,-1.0,-0.62307894,-1.0,-0.595084,-33.448883295059204,1.0,160000
54880,64.855542218845,0.8015353679656982,40.07676839828491,-1.0,-0.88368624,-0.64414084,-0.7876438,-59.888105392456055,1.0,160000
42458,64.85344981974909,0.8014945387840271,40.07472693920136,-1.0,-0.5211887,0.13324463,-0.13223146,-60.0,1.0,158366
29987,64.85158651326032,0.8014581799507141,40.072908997535706,-1.0,-0.76893795,0.002261877,-0.5746624,-20.0,1.0,116534
17049,64.83724509360506,0.8011783361434937,40.05891680717468,-0.32335454,-1.0,-1.0,-0.7790984,-39.712223913520575,1.0,129681
55394,64.81018086807043,0.8006502389907837,40.03251194953919,-1.0,-1.0,-1.0,-0.8573679,-60.0,1.3468921780586245,160000
20613,64.80081520069344,0.8004674911499023,40.02337455749512,-1.0,-1.0,-1.0,-0.31060392,-20.0,1.0,160000
10896,64.79903431283923,0.8004327416419983,40.02163708209992,-1.0,-1.0,-1.0,-0.94390965,-20.0,1.0,160000
26650,64.79319982999402,0.8003188967704773,40.015944838523865,-1.0,-1.0,0.1152423,-0.2580114,-46.8051028251648,1.0,146359
9544,64.78620453331135,0.8001824021339417,40.00912010669708,-1.0,-1.0,-0.5265877,-0.66686344,-20.0,1.0,144568
11985,64.78450610754379,0.8001492619514465,40.00746309757233,-1.0,-1.0,-0.35297415,-0.77770257,-49.94331419467926,1.0,160000
55690,64.77911756551578,0.8000441193580627,40.00220596790314,-1.0,-0.3479715,-0.3299286,-0.92995083,-20.0,1.0,160000
52682,64.7777795915194,0.8000180125236511,40.00090062618256,-1.0,-1.0,1.0,-0.47371727,-32.13883757591248,1.0,135126
58125,64.7652276329172,0.799773097038269,39.98865485191345,-1.0,-1.0,-0.8608512,-0.55140716,-42.11842805147171,1.0,141199
34586,64.75963435954246,0.7996639609336853,39.983198046684265,-1.0,-1.0,-0.46385103,-0.8646255,-29.01963710784912,1.0,112282
42937,64.75483225525295,0.7995702624320984,39.97851312160492,-1.0,-1.0,-1.0,-0.62201214,-37.0094445347786,1.0,160000
8610,64.74911370093315,0.7994586825370789,39.97293412685394,-0.14158261,0.30943024,-0.94250625,-0.0900314,-55.78850746154785,1.0,155129
38821,64.73524795869001,0.7991881370544434,39.95940685272217,-1.0,-1.0,-0.58702123,-0.8006313,-46.6121107339859,1.0,98769
59638,64.70715260144117,0.7986399531364441,39.931997656822205,0.21422374,-0.8270734,-0.5376242,-0.14539947,-60.0,1.0,122550
46224,64.70451319606723,0.7985884547233582,39.92942273616791,-1.0,-0.8378166,-1.0,-0.30390683,-31.52871787548065,1.0,160000
27191,64.69849814675442,0.7984710931777954,39.92355465888977,-1.0,-0.3536169,0.43944734,-0.33542,-28.30382227897644,1.0,160000
24646,64.68690788923557,0.7982449531555176,39.91224765777588,-0.3453073,-1.0,-0.019147992,-0.49719772,-30.72470784187317,1.0,160000
15153,64.68169010873302,0.7981431484222412,39.90715742111206,-1.0,-1.0,0.1487031,1.0,-55.99039435386658,1.0,89400
47290,64.65913860091626,0.7977031469345093,39.88515734672546,-1.0,-0.19932348,-1.0,-0.5443076,-29.016010761260983,1.0,160000
10847,64.65384435972496,0.7975998520851135,39.87999260425568,-1.0,-0.7590618,-0.24969608,-0.9086276,-28.149086236953732,1.1850202679634094,160000
25386,64.64846761751747,0.7974949479103088,39.87474739551544,-1.0,0.028050065,-1.0,0.7721436,-38.0296203494072,1.0,160000
22506,64.62808471943445,0.7970972657203674,39.85486328601837,-1.0,-1.0,-1.0,-0.0933475,-43.19620072841644,1.0,160000
31547,64.62753787266813,0.7970865964889526,39.85432982444763,-0.18596756,-1.0,-0.84823596,-0.572096,-35.128111839294434,1.0,105677
16322,64.62674967980702,0.7970712184906006,39.85356092453003,-1.0,-0.25209975,0.030760288,-0.7538775,-45.969807505607605,1.0,151181
34294,64.62623338273112,0.7970611453056335,39.85305726528168,-0.15440136,-1.0,-0.9997673,-0.79297936,-60.0,1.0,104522
49575,64.59399963171107,0.7964322566986084,39.82161283493042,-1.0,0.028708458,-1.0,-0.55388314,-23.98577094078064,1.1893365383148191,119083
52163,64.5587192888288,0.7957439422607422,39.78719711303711,-0.6047752,-1.0,0.5856073,-0.7018056,-27.9077410697937,1.0,159082
57359,64.55612853102467,0.7956933975219727,39.78466987609863,-1.0,0.18238735,0.121561885,0.36361507,-45.55800199508667,1.0,84888
52234,64.54360851485387,0.7954491376876831,39.77245688438416,0.2799642,-1.0,-0.32604295,-0.81010884,-35.4079407453537,1.0,160000
13338,64.53703073309781,0.7953208088874817,39.76604044437408,-1.0,-0.8671616,-1.0,-0.7445812,-32.71673142910004,1.0,160000
32698,64.52910864182837,0.7951662540435791,39.75831270217896,-1.0,-1.0,-1.0,-0.47493234,-60.0,1.0,160000
52101,64.49823259492467,0.794563889503479,39.72819447517395,-1.0,-0.27726752,-1.0,0.3590985,-34.40426886081696,1.0,156991
40348,64.4956814610618,0.7945141196250916,39.72570598125458,-1.0,-0.768834,0.50851876,-0.9341688,-39.01995956897736,1.0,121417
13705,64.48497887707079,0.7943053245544434,39.71526622772217,-0.89282084,-0.026432753,-1.0,-0.32281902,-45.57824790477753,1.0,160000
51010,64.47830309385965,0.7941750884056091,39.70875442028046,-1.0,-1.0,-0.69336295,-0.9161482,-39.84598249197006,1.0952237844467163,160000
56999,64.47643020339623,0.7941385507583618,39.70692753791809,-1.0,-1.0,0.2880795,-0.86220396,-20.0,1.0,160000
9750,64.46887445903357,0.7939911484718323,39.699557423591614,-1.0,-1.0,-1.0,0.3791546,-20.0,1.0,130587
13683,64.4673529179897,0.7939614653587341,39.69807326793671,-0.76931506,-0.36027908,0.33792478,-0.7996107,-42.73122638463974,1.0,160000
2255,64.44563261438391,0.7935377359390259,39.676886796951294,-1.0,-0.39946836,0.1561507,-0.9456951,-20.0,8.529816031455994,160000
33262,64.44407133245903,0.7935072779655457,39.67536389827728,-0.9245338,-0.59766215,-1.0,-0.7699798,-40.07702067494392,1.0,160000
7639,64.43103105718474,0.7932528853416443,39.66264426708221,-0.71364415,-0.45543557,-0.4483567,-0.9582067,-59.0186607837677,1.0,160000
39691,64.42287930522279,0.7930938601493835,39.65469300746918,-0.9265917,-1.0,-0.118460834,-0.65576047,-45.77774167060852,1.0,160000
27840,64.40780090242185,0.792799711227417,39.63998556137085,-1.0,-1.0,-1.0,-0.039688397,-60.0,1.0,130212
29541,64.40246613971462,0.7926956415176392,39.63478207588196,-1.0,-1.0,-0.29527992,-0.40740013,-38.722366243600845,1.0,160000
19016,64.39950848606783,0.7926379442214966,39.63189721107483,-1.0,-1.0,-1.0,-0.96142304,-45.3292715549469,1.0,146954
22700,64.38660229904674,0.7923861742019653,39.61930871009827,0.011806369,-0.47822362,0.14313686,-0.62572515,-56.30279064178467,1.0,91091
51259,64.37598150692396,0.7921789884567261,39.608949422836304,-1.0,-1.0,0.7634046,-0.9935361,-27.58002519607544,1.0,153494
22968,64.34487649193315,0.7915722131729126,39.57861065864563,-1.0,0.06618452,0.34616053,1.0,-28.49574565887451,1.0,160000
39947,64.34091651860612,0.7914949655532837,39.574748277664185,-1.0,-1.0,-0.6269174,-0.60595703,-35.09737610816956,1.0,160000
10405,64.3402656887452,0.7914822697639465,39.57411348819733,0.005155802,-1.0,-1.0,0.69552565,-23.45021963119507,1.0,159769
30725,64.30613495454566,0.7908164858818054,39.54082429409027,-1.0,-1.0,-0.7618743,-0.18412928,-33.79498898983002,1.0,160000
52248,64.30266072996892,0.7907487154006958,39.53743577003479,0.0074255466,-1.0,-1.0,-0.911372,-20.0,1.1625916361808777,160000
57385,64.29732868236007,0.7906447052955627,39.53223526477814,-1.0,-1.0,-0.5811058,-0.27757698,-20.0,1.0,160000
38366,64.28623980127907,0.7904284000396729,39.52142000198364,-1.0,-0.8429165,-0.28397846,-0.97096956,-36.50933474302292,1.0,160000
33488,64.28454392005678,0.7903953194618225,39.519765973091125,-0.91953033,-1.0,-1.0,-0.33684605,-20.0,1.0,160000
15034,64.26499074134435,0.7900139093399048,39.50069546699524,-1.0,-0.70746994,-1.0,0.6034166,-40.7178870588541,1.0,160000
49609,64.25252963166514,0.7897708415985107,39.48854207992554,-0.535461,-1.0,-0.059949875,0.17545766,-36.24346166849136,1.0,160000
5109,64.20816938989498,0.7889055609703064,39.44527804851532,-1.0,-0.47071153,1.0,-0.9437457,-45.24656355381012,1.0,160000
503,64.20483857995399,0.7888405919075012,39.44202959537506,-1.0,-0.27125865,-1.0,0.37622115,-40.11144120246172,1.0,160000
50540,64.2045207775501,0.7888343930244446,39.44171965122223,-0.080387115,-0.93606865,-0.3198418,-0.7263927,-60.0,1.0,160000
42752,64.17487932019533,0.7882562279701233,39.412811398506165,-0.08384287,-1.0,-1.0,-0.8905699,-42.65569925308228,1.7731705904006958,148803
46734,64.16183385270025,0.7880017757415771,39.40008878707886,-1.0,-0.6172081,-1.0,-0.3242322,-20.0,1.0,160000
20384,64.15956333786802,0.787957489490509,39.39787447452545,-1.0,-0.67684066,-1.0,-0.61277956,-60.0,1.0,126958
47281,64.15684360531051,0.7879044413566589,39.39522206783295,-1.0,-1.0,-0.81045794,-0.5432073,-26.253479719161987,1.0,160000
44514,64.15484200148771,0.787865400314331,39.39327001571655,-1.0,-0.49657577,-0.73390627,-0.33391118,-25.70663452148437,1.0,160000
11580,64.14439389525464,0.787661612033844,39.3830806016922,-1.0,-1.0,-0.789104,-0.36100692,-59.15165066719055,1.0,147977
19570,64.13651269683484,0.7875078916549683,39.37539458274841,-1.0,-1.0,-0.5104938,-0.5687572,-34.231401681900024,1.0,160000
16387,64.13263778577321,0.7874323129653931,39.37161564826965,-1.0,-1.0,-0.14224833,-0.50316435,-41.82394996285439,1.0,160000
24393,64.12847866357069,0.7873511910438538,39.36755955219269,-0.8103088,0.4648701,-0.6604939,-0.06556939,-42.61107712984085,1.0,147277
60022,64.1267795628351,0.7873180508613586,39.36590254306793,-1.0,-1.0,-0.45554566,0.6014087,-24.98274803161621,1.0,147682
39371,64.1109955657283,0.7870101928710938,39.35050964355469,-0.4159478,-1.0,-1.0,0.5285907,-23.193994760513306,1.0,160000
39161,64.11047299515366,0.7870000004768372,39.35000002384186,-0.46440852,-0.48998958,-0.95516163,-0.7429921,-42.19853058457375,1.0,160000
2018,64.09225320741254,0.7866446375846863,39.33223187923432,-1.0,-1.0,-0.6254905,-0.10440116,-20.0,1.0,160000
11968,64.07560707400464,0.7863199710845947,39.315998554229736,-1.0,-1.0,0.14284217,0.46213457,-26.063841581344604,1.0,123326
29593,64.06578800625732,0.7861284613609314,39.30642306804657,-1.0,-1.0,0.08847207,-0.36626393,-23.88823270797729,1.0,151550
44282,64.03233916462662,0.7854760885238647,39.27380442619324,0.365214,-0.7189614,-1.0,-0.33638492,-20.0,1.0,160000
24083,64.02564625743233,0.7853455543518066,39.26727771759033,-0.6517111,-0.36736083,-1.0,-0.71306247,-52.31474757194519,1.0,160000
28828,64.01774309035127,0.7851914167404175,39.25957083702088,-1.0,-0.9563343,1.0,-0.717275,-23.246012926101685,1.0,142701
22416,64.01616611968666,0.7851606607437134,39.25803303718567,-0.7258823,0.063909054,-1.0,-0.319219,-40.34912802278996,1.0,160000
51654,64.00876717288016,0.7850163578987122,39.25081789493561,-1.0,-1.0,-1.0,-0.29302964,-20.0,1.0,160000
9142,63.9837156344509,0.7845277786254883,39.226388931274414,-1.0,-1.0,-1.0,-0.64012533,-57.55745530128479,1.0,160000
34955,63.95682078550362,0.7840032577514648,39.20016288757324,-1.0,-1.0,0.8523509,-0.858175,-24.459673166275024,1.0,129866
20820,63.94768560375496,0.7838250994682312,39.19125497341156,0.07372248,-0.642944,-1.0,-0.5532354,-38.08824345469475,1.0,160000
57584,63.839217793214985,0.7817097902297974,39.08548951148987,0.34458315,-0.95327574,-1.0,-0.6742386,-54.890079498291016,1.0,96538
33474,63.83074520468624,0.78154456615448,39.077228307724,-0.79256666,-1.0,0.02797407,-0.6645102,-27.36408472061157,1.0,84240
57814,63.810813661247096,0.7811558842658997,39.05779421329498,-0.77092814,-1.0,-0.83649737,-0.57251537,-20.0,1.0,160000
44337,63.78031831788191,0.7805612087249756,39.02806043624878,-0.66674125,-1.0,-0.595613,-0.5344478,-20.0,1.6113728880882263,160000
53692,63.764161083111176,0.7802461385726929,39.01230692863464,-0.30456424,-1.0,-1.0,-0.33566648,-42.28299140930176,1.0,99565
15306,63.75316025429747,0.7800316214561462,39.00158107280731,-1.0,-0.091154575,-0.8863335,-0.9526128,-20.0,1.0,160000
31550,63.74845301353084,0.7799398303031921,38.99699151515961,-1.0,-1.0,-1.0,-0.72092646,-35.831472873687744,1.0,136645
31589,63.74785085251151,0.7799280881881714,38.99640440940857,-0.6495159,-1.0,0.3527835,-0.21488577,-20.0,1.0,89961
1976,63.740025795301726,0.7797755002975464,38.98877501487732,-0.17682135,-0.8605698,0.00045639277,-0.8241546,-50.31002879142761,1.0,160000
29258,63.73322468908523,0.7796428799629211,38.98214399814606,-0.9818109,-1.0,-1.0,-0.47434318,-32.87282764911652,1.157756209373474,160000
9137,63.725628812656254,0.7794947624206543,38.97473812103272,0.18967807,-1.0,0.37190884,-0.6275316,-26.3601016998291,2.499747633934021,139841
30161,63.71602769545389,0.7793075442314148,38.96537721157074,-0.38783813,-1.0,-0.64916104,-0.17417815,-36.636304557323456,1.0,130822
12655,63.66320676278663,0.778277575969696,38.9138787984848,-0.71726394,-0.4030366,-0.7151492,-0.6041517,-26.94148063659668,1.0,160000
41374,63.63232649227744,0.777675449848175,38.88377249240875,-1.0,-1.0,-0.9518342,-0.37934417,-22.678591012954712,1.0,160000
11258,63.6210771456276,0.7774561047554016,38.87280523777008,-1.0,-1.0,-1.0,-0.84909904,-20.0,1.0,148038
57620,63.620765341951085,0.7774500250816345,38.872501254081726,-1.0,-1.0,-1.0,1.0,-41.600036919116974,1.0,160000
6011,63.620765341951085,0.7774500250816345,38.872501254081726,-1.0,-1.0,-1.0,1.0,-43.35431128740311,1.0,160000
57621,63.60164126619157,0.7770771384239197,38.853856921195984,-0.86032474,0.3150673,-1.0,-0.8713015,-46.47791385650635,1.0,160000
51155,63.598844167399946,0.7770226001739502,38.85113000869751,-1.0,-0.29138958,0.5251474,-0.72054994,-29.662786722183228,1.0,140681
14990,63.58506341638669,0.7767539024353027,38.83769512176514,-1.0,-1.0,0.15683895,-0.7984438,-20.0,1.0,160000
27590,63.57875076532892,0.7766308188438416,38.83154094219208,-1.0,-0.5621465,-0.661293,-0.97220737,-60.0,1.0,160000
50634,63.56397631237926,0.7763427495956421,38.8171374797821,-1.0,-1.0,0.24518192,-0.58771986,-20.0,1.0,90638
29806,63.562698482337694,0.776317834854126,38.8158917427063,-0.019048452,-1.0,-1.0,-0.83229566,-21.62047863006592,1.1241859793663025,160000
16850,63.56259454396366,0.7763158082962036,38.81579041481018,-0.9024838,-0.932813,-0.6469772,0.5014158,-50.38146495819092,1.0,149635
28997,63.51857908665377,0.7754576206207275,38.77288103103638,-1.0,-0.18302524,1.0,-0.34030837,-37.40053921937943,1.0,133305
17660,63.51498699469133,0.7753875851631165,38.76937925815582,-1.0,-1.0,-1.0,-0.76692545,-60.0,1.0,146626
26398,63.51124815328584,0.7753146886825562,38.76573443412781,-1.0,-1.0,-1.0,-0.3419035,-27.794435024261475,1.0,78016
9508,63.50572394542949,0.775206983089447,38.76034915447235,-1.0,-0.7219002,-1.0,-0.95235467,-51.354851722717285,1.3292763233184814,160000
54070,63.50529594844238,0.7751986384391785,38.75993192195892,-0.862316,-1.0,1.0,1.0,-44.15664076805115,1.0,160000
2978,63.495458100033744,0.7750068306922913,38.75034153461456,-1.0,-1.0,-0.12705708,-0.89479494,-26.96014523506165,1.0,160000
53698,63.47495983810025,0.7746071815490723,38.73035907745361,-1.0,-1.0,-1.0,-0.26825097,-20.0,1.0,134787
14151,63.467445270640816,0.7744606733322144,38.72303366661072,-1.0,-1.0,1.0,-0.9019722,-20.02387404441833,1.0,160000
44883,63.46437584385868,0.7744008302688599,38.72004151344299,-1.0,-0.29595655,0.50733566,-0.9386198,-50.03013968467712,1.0,152168
48738,63.46198205368779,0.7743541598320007,38.71770799160004,-1.0,-0.7936054,-0.24728799,0.2393144,-42.8334641456604,1.0,91417
3900,63.45691931308469,0.7742554545402527,38.71277272701264,-1.0,-1.0,-1.0,-0.7844901,-52.842689752578735,1.0,156366
52035,63.4398049283008,0.7739217877388,38.69608938694,-0.026774406,-1.0,-1.0,0.17347166,-41.25583738088608,1.0,160000
22946,63.432397197514256,0.7737773656845093,38.68886828422546,-1.0,-0.5836294,-1.0,-0.27563596,-60.0,1.0,160000
13913,63.3670865903442,0.7725040912628174,38.62520456314087,-1.0,-1.0,-0.8370274,-0.94050235,-20.0,5.707340896129608,160000
44387,63.36131117011304,0.7723914980888367,38.61957490444183,-1.0,-0.8594868,-1.0,-0.7446041,-24.332659244537357,1.921990275382996,149058
50600,63.33978691808514,0.7719718813896179,38.598594069480896,-1.0,-1.0,-0.8192406,-0.8007159,-46.32977485656738,1.0,160000
51677,63.33194149935888,0.7718189358711243,38.59094679355621,-1.0,-1.0,-1.0,0.59999305,-52.72618055343628,1.0,160000
1273,63.32755098288907,0.7717333436012268,38.58666718006134,-1.0,-1.0,-0.9043982,1.0,-60.0,1.0,160000
52135,63.30388600951531,0.7712720036506653,38.563600182533264,-1.0,-1.0,-1.0,-0.57753074,-60.0,1.0,160000
31532,63.302268584194856,0.7712404727935791,38.56202363967896,-1.0,-0.7276416,1.0,-0.12322046,-60.0,1.0,160000
12016,63.28421996100802,0.77088862657547,38.5444313287735,-0.032349646,-0.6906092,-1.0,-0.6072782,-60.0,1.0,123337
43706,63.28206744317406,0.7708466649055481,38.542333245277405,-1.0,-0.65886813,-1.0,0.6129961,-55.91694593429565,1.0,140320
5035,63.24073791421978,0.7700409889221191,38.50204944610596,-0.93634033,-1.0,-1.0,-0.082678765,-60.0,1.0,84892
51357,63.21460101630996,0.7695314884185791,38.47657442092896,-1.0,-1.0,-1.0,0.054854203,-25.51334500312805,1.0,114687
49749,63.18868383724946,0.7690262794494629,38.451313972473145,-0.42118657,-1.0,-0.8343931,-0.6844829,-60.0,1.0,107988
14755,63.17425430056582,0.7687450051307678,38.43725025653839,-1.0,-0.91436327,-1.0,-0.64532876,-30.990707278251648,1.0,148342
27837,63.16891542980112,0.76864093542099,38.4320467710495,-1.0,-1.0,-0.35693356,-0.02433768,-38.40337067842484,1.0,160000
61156,63.15895927360725,0.7684468626976013,38.42234313488007,-0.5657609,-1.0,-1.0,0.19888008,-27.900245189666748,1.0,157201
52320,63.158940926823206,0.7684465050697327,38.42232525348663,-1.0,-0.35410082,1.0,-0.967549,-31.26313626766205,1.0,160000
13238,63.14794810643667,0.7682322263717651,38.41161131858826,-0.46545595,-0.55015904,-1.0,-0.34927982,-60.0,1.0,160000
23807,63.14181716725541,0.7681127190589905,38.40563595294952,-0.89740074,-1.0,-0.32812488,-0.8024275,-42.922461330890656,2.0544347763061523,160000
44943,63.13478108203415,0.7679755687713623,38.39877843856812,-1.0,-0.43551672,-0.9900204,-0.93595886,-40.47682851552963,1.0,151461
44131,63.13417257077536,0.767963707447052,38.3981853723526,-0.14550155,-1.0,-1.0,0.5510628,-20.0,1.3454813361167908,160000
1280,63.12084336229145,0.7677038908004761,38.38519454002381,-1.0,-1.0,-0.22615701,0.2724095,-60.0,1.0,160000
17450,63.06802689045874,0.7666743993759155,38.333719968795776,0.06169331,-0.58225125,-0.37415922,-0.9093465,-60.0,1.0,160000
32729,63.0653970283102,0.7666231393814087,38.33115696907044,0.0629915,-1.0,-1.0,-0.7211498,-20.0,1.0,160000
56160,63.06477931585485,0.7666110992431641,38.3305549621582,-1.0,-0.4481889,0.3377086,-0.8919219,-47.16079235076904,1.0,160000
4181,63.06091096244322,0.7665356993675232,38.32678496837616,-1.0,-1.0,0.051178396,-0.60943544,-60.0,1.0,160000
60238,63.05337605497492,0.7663888335227966,38.31944167613983,-1.0,-1.0,-1.0,-0.22338626,-29.333494901657104,1.0,160000
14293,63.04796031754972,0.7662832736968994,38.31416368484497,-1.0,-1.0,0.41665685,-0.11027253,-35.029481649398804,1.0,125343
26244,63.03515329210687,0.7660336494445801,38.30168247222901,-1.0,-1.0,-0.44287646,1.0,-20.0,1.0,129483
14752,63.03275578557467,0.7659869194030762,38.29934597015381,0.040961385,-1.0,-0.49044722,-0.7502296,-60.0,1.0,160000
43352,63.0219241471667,0.7657757997512817,38.28878998756409,-1.0,-0.20691973,-1.0,-0.0092112515,-60.0,1.0,160000
36583,63.00608327428459,0.7654670476913452,38.27335238456726,-1.0,-1.0,-1.0,-0.35011896,-54.79266405105591,1.0,137907
60452,62.9904532497133,0.7651624083518982,38.25812041759491,-1.0,-1.0,-1.0,-0.78834957,-58.85331392288208,1.0,160000
50046,62.98387825560769,0.7650342583656311,38.25171291828156,-0.96672976,-1.0,-0.616013,-0.36843482,-20.0,1.0,160000
30101,62.98071919032136,0.7649726867675781,38.248634338378906,-1.0,-1.0,-1.0,-0.96985775,-50.825374126434326,1.0,156099
8823,62.97456312289697,0.7648527026176453,38.24263513088226,-0.4719904,-0.0321486,-1.0,0.43461266,-20.0,1.0,160000
60607,62.95128421917137,0.764398992061615,38.21994960308075,-0.42475635,-1.0,0.5564867,0.8212161,-46.642640829086304,1.0,76737
39974,62.95106096996626,0.7643946409225464,38.21973204612732,-0.82794625,-0.15567881,-1.0,-0.71425915,-60.0,1.0,158081
24583,62.94839726804659,0.764342725276947,38.21713626384735,-0.5781361,-1.0,-1.0,-0.8898549,-30.05292773246765,1.0,160000
30596,62.93902381415859,0.7641600370407104,38.20800185203552,-0.6110263,-0.9334203,-0.89248383,-0.8877399,-58.76695156097412,1.0,96669
36413,62.911104956479896,0.7636159062385559,38.1807953119278,-1.0,-0.07105726,-1.0,-0.44124186,-37.455216348171234,1.0,103054
22253,62.84687344607994,0.7623640894889832,38.11820447444916,-0.07344639,-1.0,-1.0,-0.3305676,-26.061002016067505,1.0,160000
27079,62.84586416840097,0.7623444199562073,38.11722099781037,-0.49104822,-1.0,-0.3576994,-0.5638623,-20.0,1.0,160000
11092,62.83107664484771,0.7620562314987183,38.10281157493591,-1.0,-1.0,-1.0,-0.8472568,-20.0,1.0,160000
2991,62.82747684756656,0.7619860768318176,38.09930384159088,-0.22081494,-1.0,-0.8107835,-0.93260086,-28.379863500595093,1.0,116722
5785,62.82538180446518,0.7619452476501465,38.09726238250733,-1.0,-1.0,-1.0,-0.2542475,-23.76723051071167,1.0,134062
12941,62.8208185765597,0.7618563175201416,38.09281587600708,-0.17902416,-1.0,-1.0,-0.476717,-31.32603168487549,1.0,132905
14346,62.820093719398464,0.7618421912193298,38.09210956096649,-1.0,-0.18878025,-0.5990409,-0.28889954,-20.0,1.0,160000
36307,62.76206732841199,0.7607113718986511,38.03556859493256,-0.84309137,-0.33936834,-0.37611648,-0.1613955,-55.05549430847168,1.0,138079
1528,62.73353962903866,0.760155439376831,38.00777196884155,-1.0,-1.0,-1.0,-0.6122972,-20.0,1.0,160000
32215,62.73245381025638,0.7601342797279358,38.00671398639679,-0.032162905,-0.681584,-1.0,-0.77321863,-20.0,1.0,160000
10837,62.7244462551364,0.7599782347679138,37.99891173839569,-0.33002692,-1.0,-1.0,-0.45455116,-34.83305096626282,1.0,160000
60210,62.7235439496823,0.7599606513977051,37.99803256988525,-1.0,-0.3079446,-1.0,-0.48375353,-40.17653852701187,1.0,160000
440,62.69091989507868,0.7593249082565308,37.96624541282654,-1.0,-1.0,-1.0,-0.28091922,-30.28942465782165,1.2653950452804563,113388
13480,62.68355751621109,0.7591814398765564,37.95907199382782,-1.0,-0.59468913,-1.0,-0.86501056,-27.42610216140747,1.0,111223
49206,62.68350551756281,0.7591804265975952,37.95902132987976,-0.8418672,-1.0,0.38038015,-0.7223197,-60.0,1.0,160000
9743,62.68212296461397,0.7591534852981567,37.95767426490784,-1.0,-0.063073695,-1.0,0.5654542,-31.50091230869293,1.0,160000
38142,62.656019394372215,0.7586448192596436,37.93224096298218,-1.0,-0.50251234,0.93003094,-0.98234904,-20.0,6.927600860595703,160000
21129,62.63745848533463,0.7582831382751465,37.91415691375733,-0.3670177,-0.19821149,-1.0,-0.16280958,-40.48745021224022,1.0,151628
67,62.6206103175343,0.7579548358917236,37.89774179458618,-0.14659351,-1.0,-0.2162539,-0.27181742,-36.61635458469391,1.0,160000
1076,62.61662766222398,0.7578772306442261,37.8938615322113,-1.0,-1.0,-0.16576815,-0.3542235,-20.0,1.0,109515
48083,62.61480456919806,0.7578417062759399,37.892085313797,-1.0,-1.0,-1.0,-0.74812293,-29.656460285186768,1.0,124608
16206,62.61191698111688,0.757785439491272,37.8892719745636,-0.9895385,-1.0,-1.0,-0.85158896,-43.0495673418045,1.0,160000
49614,62.60315629879112,0.7576147317886353,37.88073658943176,-1.0,-0.6172254,-1.0,0.08184098,-60.0,1.00267893075943,156506
23906,62.59756766660903,0.7575058341026306,37.87529170513153,-1.0,-0.6839491,0.12393588,-0.94162595,-60.0,1.0,160000
51511,62.57245374409494,0.7570164799690247,37.85082399845123,-0.8676714,-0.5334666,-1.0,-0.94014174,-20.0,1.0,88989
21994,62.566396974318494,0.7568984627723694,37.84492313861847,-1.0,-0.75233877,-0.45848814,-0.5615799,-20.0,1.0,97091
59361,62.54260097517659,0.7564347982406616,37.82173991203308,-1.0,-1.0,-0.45124525,-0.6934185,-56.88037157058716,1.0,78022
10670,62.529226840847045,0.7561742067337036,37.80871033668518,-1.0,-0.62714016,-1.0,-0.5262419,-43.24673414230347,1.2326041460037231,130399
33077,62.51401713661369,0.7558778524398804,37.79389262199402,-1.0,-1.0,-0.81001383,-0.6183888,-20.0,1.0,160000
44068,62.50524364922799,0.7557069063186646,37.78534531593323,-1.0,-1.0,-1.0,-0.90788007,-60.0,1.0,160000
51672,62.47488478531277,0.7551153898239136,37.75576949119568,-0.41756368,-0.3072394,-0.50479937,0.45132053,-20.0,1.0,147058
1026,62.45864664054257,0.7547990083694458,37.73995041847229,-1.0,-1.0,-0.6220737,-0.6936692,-60.0,1.0,116383
21579,62.45474309650771,0.7547229528427124,37.73614764213562,-1.0,-1.0,-0.8158512,1.0,-37.96305075287819,1.0,78341
43130,62.44826062124268,0.7545966506004333,37.72983253002167,-1.0,-0.014444709,-0.7421402,-0.5579338,-57.1696662902832,1.0,160000
20713,62.4136757290537,0.7539228200912476,37.69614100456238,-1.0,-0.78828025,0.21723044,-0.6098145,-53.01912069320679,1.0,160000
58868,62.36270400368788,0.7529297471046448,37.64648735523224,-0.032136917,-0.7890856,1.0,-0.8402771,-60.0,1.0,160000
60683,62.35389291761949,0.7527580857276917,37.63790428638458,-0.62924975,-1.0,-1.0,-0.78458357,-30.249053239822388,1.0,160000
28398,62.349882020592645,0.7526799440383911,37.63399720191956,-0.5640321,-1.0,1.0,-0.9807272,-31.056560277938843,1.0,160000
54205,62.34886935152329,0.7526602149009705,37.63301074504852,-1.0,-0.37680036,-1.0,-0.05498489,-33.99859964847565,1.0,160000
53853,62.34177147048079,0.7525219321250916,37.62609660625458,-1.0,-1.0,0.2823329,-0.54674894,-20.0,1.0,98523
55720,62.286339528329634,0.751442015171051,37.57210075855255,-0.7598242,-0.19983321,0.19840229,-0.8762528,-38.85607540607453,1.0,160000
18899,62.28004907490484,0.7513194680213928,37.56597340106964,-1.0,-0.1292814,-0.82843983,-0.75904197,-45.89627206325531,1.0,160000
23232,62.279908334883885,0.7513167262077332,37.56583631038666,-1.0,-1.0,0.2344088,-0.900683,-60.0,1.0,160000
58429,62.24549699982863,0.7506463527679443,37.53231763839722,-1.0,-1.0,0.10588229,0.04509552,-22.238993644714355,1.0,160000
58904,62.207511124377376,0.7499063611030579,37.49531805515289,-0.46429658,-1.0,-0.23809892,-0.7500316,-20.0,1.0,160000
49846,62.20273490153049,0.7498133182525635,37.490665912628174,-0.700069,-1.0,-1.0,-0.23681183,-48.79109025001526,1.0,160000
56614,62.199381439261245,0.7497479915618896,37.48739957809448,-0.9096787,-1.0,1.0,-0.09564762,-20.0,1.0,160000
14086,62.194476681047135,0.7496524453163147,37.482622265815735,-0.80735546,-1.0,-0.8363149,-0.36531186,-36.520087122917175,1.0,160000
45619,62.18634998414362,0.7494941353797913,37.47470676898956,-1.0,-1.0,-1.0,-0.13835622,-30.4358184337616,1.0,160000
57788,62.18206937547973,0.7494107484817505,37.47053742408752,-1.0,-1.0,-1.0,1.0,-49.70259845256805,1.0,137153
19390,62.15004856109878,0.748786985874176,37.4393492937088,-0.4182607,-0.49180222,-1.0,0.002537176,-20.0,1.0,129354
17042,62.12920788577421,0.7483810186386108,37.41905093193054,-0.79533935,-0.17488521,-0.8032503,-0.7356043,-37.75749713182449,1.0,82085
32851,62.10221952358646,0.7478553056716919,37.3927652835846,-1.0,-0.8973903,-1.0,0.15241212,-25.51461696624756,1.0,75031
33747,62.0799614027549,0.7474217414855957,37.371087074279785,-0.64821607,-0.9557522,-0.7204155,-0.019642338,-21.843597888946533,1.0,160000
59834,62.06340988197129,0.7470993399620056,37.35496699810028,-1.0,-1.0,0.8130535,-0.30466634,-51.15557789802551,1.0,160000
42846,62.05553644576021,0.7469459772109985,37.34729886054993,-0.84761727,-0.82737947,-1.0,-0.6922662,-20.422147512435917,1.0,107194
52677,62.03622140927274,0.7465697526931763,37.32848763465881,-1.0,-1.0,0.35924894,-0.3708908,-20.0,1.0,102873
45114,62.02721865500624,0.7463943958282471,37.31971979141235,-1.0,-0.822724,0.25660396,0.9727503,-33.20994853973389,1.2388772368431091,128721
12263,62.00430758980055,0.7459481358528137,37.297406792640686,-1.0,-1.0,0.12777615,-0.44294927,-50.922712087631226,1.0,160000
33481,62.00353949526726,0.7459331750869751,37.29665875434876,-0.20376009,-1.0,-0.23806137,-0.16642909,-32.086138129234314,1.0,160000
31601,61.99422746459763,0.7457517981529236,37.28758990764618,-1.0,-0.29474044,-1.0,-0.7657501,-60.0,1.0,160000
49845,61.99137845490012,0.7456963062286377,37.284815311431885,-1.0,-1.0,-0.92985183,0.18512832,-20.0,1.0,160000
468,61.9615415543431,0.7451151609420776,37.25575804710388,-1.0,-1.0,-1.0,-0.80348384,-54.842896461486816,1.0,160000
7682,61.92106338345283,0.7443267703056335,37.21633851528168,-0.04085815,-1.0,-0.087261975,-0.14307879,-20.0,1.0,160000
43393,61.913865514624135,0.7441865801811218,37.20932900905609,-1.0,-1.0,0.7790666,-0.9324187,-60.0,1.0,124040
49841,61.90652683461485,0.7440436482429504,37.20218241214752,-1.0,-1.0,-1.0,0.011783883,-20.0,1.0,160000
61009,61.89789358624377,0.7438755035400391,37.19377517700195,-1.0,0.11402297,-0.5763518,-0.9173638,-32.63568580150604,1.0,160000
21034,61.89565646179483,0.7438319325447083,37.19159662723541,-1.0,-1.0,-1.0,-0.9613417,-26.47487998008728,1.0,160000
51597,61.86716419351283,0.7432770133018494,37.16385066509247,-1.0,-1.0,1.0,-0.59329665,-23.80999326705933,1.0,154498
40029,61.85678013807701,0.7430747747421265,37.15373873710632,-1.0,-1.0,0.05810702,-0.6206996,-27.7454686164856,1.0,139835
34513,61.84023527424844,0.7427525520324707,37.137627601623535,-1.0,-0.50144523,-1.0,-0.8945814,-33.289995193481445,1.0,160000
43525,61.82963985195393,0.7425462007522583,37.12731003761292,-1.0,-1.0,0.5998643,-0.81977236,-60.0,1.0,160000
34031,61.79077094565498,0.7417892217636108,37.08946108818054,-1.0,-1.0,-1.0,0.232904,-20.0,1.0,160000
16204,61.76577799502277,0.741302490234375,37.06512451171875,-1.0,0.01639986,-0.06380224,-0.8321321,-42.90393352508545,1.0,160000
35356,61.7159193510727,0.7403315305709839,37.0165765285492,-1.0,-1.0,-1.0,0.19450699,-60.0,1.0,116292
30782,61.702990714860576,0.7400797605514526,37.00398802757263,-1.0,-1.0,-1.0,1.0,-40.16680359840393,1.0,160000
37840,61.686930763388496,0.7397670149803162,36.98835074901581,-0.8245724,-0.33394724,-0.33607787,-0.09665887,-58.23880672454834,1.0,160000
7557,61.66245024188274,0.7392902970314026,36.96451485157013,-1.0,-1.0,0.0038889647,-0.78726095,-60.0,1.0,160000
37835,61.65723147230722,0.7391886711120605,36.95943355560303,-0.20564508,-1.0,-1.0,0.5816525,-29.354379177093502,1.0132805109024048,134793
11054,61.641654633567214,0.7388853430747986,36.94426715373993,-1.0,-0.9032893,-0.44125536,-0.0016599447,-22.21755743026733,1.0,160000
58544,61.638544755233255,0.7388247847557068,36.94123923778534,-0.4350844,-1.0,-1.0,-0.40946946,-56.45337104797363,1.0,160000
7679,61.61625505653125,0.7383907437324524,36.91953718662262,-0.6951049,-1.0,-0.45369622,-0.478873,-60.0,1.0,134408
56650,61.56955025211845,0.7374812960624695,36.874064803123474,-1.0,-1.0,-0.5738237,-0.049489737,-33.43857228755951,1.0,160000
46426,61.55739169351218,0.7372445464134216,36.86222732067108,-0.504617,-0.13013041,-1.0,-0.40486503,-45.32289981842041,1.0,160000
32229,61.541758672179526,0.7369401454925537,36.847007274627686,-1.0,-0.23350531,-0.5989945,-0.13710926,-34.501102566719055,1.0,127190
32605,61.54009036435322,0.7369076609611511,36.84538304805756,-1.0,-1.0,-0.41188526,-0.43561527,-26.451728343963623,1.0,160000
48744,61.52380819013519,0.7365906238555908,36.82953119277954,-1.0,-1.0,-1.0,-0.2652387,-20.0,1.0,160000
4367,61.44171798374521,0.734992265701294,36.7496132850647,-0.33290368,-0.9052837,0.50035065,-0.19087559,-20.0,1.0,138722
37833,61.4264510599718,0.7346950173377991,36.734750866889954,-1.0,-0.12388718,-0.88725245,0.34231508,-60.0,1.0,160000
34037,61.419881364844265,0.7345671057701111,36.728355288505554,-1.0,-0.3118664,-0.37436965,0.044976465,-59.80913043022156,1.0,160000
20210,61.41292284294936,0.7344316244125366,36.72158122062683,-1.0,-1.0,-1.0,-0.079947434,-60.0,1.0,160000
29703,61.34349801189703,0.7330799698829651,36.653998494148254,-0.74121773,-1.0,-1.0,-0.32271367,-20.0,1.0,154031
41123,61.32300085746141,0.7326809167861938,36.63404583930969,-1.0,-0.35213286,-0.41213518,-0.83299625,-40.125207006931305,1.0,160000
44034,61.32261509786585,0.7326734066009521,36.63367033004761,-1.0,-1.0,0.6730762,-0.64676595,-60.0,1.0,160000
801,61.31319763260216,0.732490062713623,36.62450313568115,-0.5507773,0.0061136484,-1.0,0.38690153,-20.206997394561768,1.0,160000
6626,61.26243531290285,0.7315018177032471,36.57509088516235,-1.0,-0.23706096,-1.0,-0.6786112,-50.75003147125244,1.3457790613174438,160000
32225,61.22913877156864,0.7308536171913147,36.542680859565735,-0.5316647,-0.49850512,-0.76025957,-0.1282766,-20.0,1.0,114939
20770,61.22559015588497,0.73078453540802,36.539226770401,-1.0,-1.0,0.45962322,-0.06814523,-40.44185757637024,1.0,160000
11450,61.21967781775842,0.7306694388389587,36.53347194194794,-1.0,0.114468575,0.2993045,-0.09179869,-40.35491302609444,1.0,160000
25758,61.15712982148494,0.7294518351554871,36.47259175777435,-1.0,-1.0,-0.9150479,0.24136934,-20.0,1.0,142948
55646,61.15006283742055,0.7293142676353455,36.46571338176727,-1.0,-0.20635962,-1.0,-0.8130514,-29.01620388031006,1.0,157900
37770,61.14594143427568,0.7292340397834778,36.46170198917389,0.32553434,-1.0,-0.122594476,-0.5405725,-26.206945180892944,1.0,159745
32693,61.10878089590334,0.7285106778144836,36.42553389072418,-0.97183156,-0.7099664,-0.32581595,-0.512918,-35.897842049598694,1.0,160000
55574,61.09846175154947,0.7283098101615906,36.41549050807953,0.35542536,-0.30680394,-1.0,-0.9047041,-47.447123527526855,1.0,160000
41327,61.08903666243852,0.7281263470649719,36.4063173532486,-0.5400037,-1.0,-0.013863087,-0.19758041,-37.79090762138367,1.0,160000
46751,61.04358834623186,0.7272416949272156,36.36208474636078,-1.0,-1.0,-1.0,-0.4373654,-40.90494051575661,1.0,160000
58737,61.041968445659165,0.7272101640701294,36.36050820350647,-0.43818778,-1.0,0.98882353,0.25382972,-20.0,1.0,160000
59223,61.02226920181883,0.7268267273902893,36.34133636951447,-0.099583745,-0.37771147,-0.2617981,-0.9643419,-20.0,1.0,114383
9813,61.00682012088134,0.7265260219573975,36.32630109786987,-1.0,-1.0,0.8389528,-0.097082555,-34.793267250061035,1.0,160000
50230,60.99262335156416,0.7262496948242188,36.31248474121094,-1.0,-1.0,-1.0,0.5730738,-20.0,1.0,160000
46418,60.98803601250435,0.7261604070663452,36.30802035331726,-0.8430761,-1.0,-1.0,-0.8547354,-20.0,4.417710065841675,144730
50635,60.97541309626729,0.725914716720581,36.29573583602905,-1.0,-1.0,-0.7511941,-0.36202684,-60.0,1.0,91322
43683,60.96484185169304,0.7257089614868164,36.28544807434082,-1.0,-1.0,-0.06216556,-0.82304174,-37.29229629039765,1.0,160000
5798,60.95282201620891,0.725475013256073,36.27375066280365,-0.675102,-1.0,-0.8345067,-0.9914452,-60.0,1.0,160000
7282,60.930579687096255,0.7250421047210693,36.25210523605347,-0.8526834,-1.0,1.0,-0.8640871,-48.26650559902191,1.0,160000
44328,60.90837681384626,0.7246099710464478,36.23049855232239,-0.53442824,-1.0,-1.0,-0.5519189,-31.497485637664795,1.0,96632
52116,60.869984909756425,0.7238627672195435,36.19313836097717,-1.0,-1.0,-1.0,-0.046521038,-58.42721581459045,1.0,77112
4983,60.8699389711351,0.7238618731498718,36.19309365749359,-1.0,-1.0,-0.9969829,1.0,-34.03737425804138,1.01166433095932,134879
12012,60.86312778799704,0.7237293124198914,36.18646562099457,-1.0,-1.0,-1.0,-0.527704,-60.0,1.0,104916
44547,60.857795808721846,0.7236255407333374,36.18127703666687,-1.0,-0.36299872,-1.0,-0.9887356,-39.52681630849838,1.0,160000
39467,60.81986496598556,0.7228873372077942,36.14436686038971,0.012277603,-0.64049435,0.2297653,-0.7892053,-27.63953685760498,1.0,160000
21592,60.81310253913605,0.7227557301521301,36.137786507606506,-0.86932915,-1.0,-1.0,-0.8192531,-30.835782289505005,1.0,153150
3593,60.80311197284806,0.7225612998008728,36.12806499004364,-0.7681922,-0.7853183,-0.7079655,-0.9522232,-49.148890376091,1.0,160000
55395,60.77028225366574,0.7219223976135254,36.09611988067627,-0.088786006,-0.9590263,-0.4338963,-0.09914648,-38.412889540195465,1.0,160000
32991,60.76599739535888,0.7218390107154846,36.09195053577423,-1.0,-1.0,-0.3870318,-0.6041446,-51.97364687919617,1.0,160000
39133,60.73768146642352,0.7212879657745361,36.06439828872681,-0.066214085,-1.0,-1.0,-0.66909355,-29.960834980010983,1.0,160000
12894,60.7263396170061,0.7210672497749329,36.05336248874664,-0.67699575,-0.40924603,-0.3749236,-0.8119022,-40.40080152451992,1.0,160000
37480,60.71955835307671,0.7209352850914001,36.04676425457001,-1.0,-1.0,-0.93065035,1.0,-57.884405851364136,1.0,160000
32876,60.706066172290775,0.7206727266311646,36.03363633155823,-1.0,-1.0,-1.0,-0.8272995,-25.48499345779419,1.0,160000
35736,60.6700700382483,0.7199722528457642,35.99861264228821,0.14837396,-1.0,0.46352667,1.0,-46.15004658699036,1.0,160000
38747,60.66625963649023,0.7198981046676636,35.99490523338318,-1.0,-0.10838032,-1.0,0.7348777,-57.43113040924072,1.0,135534
36343,60.66348759317548,0.7198441624641418,35.99220812320709,-0.5684431,-1.0,-0.08895719,-0.54135704,-20.0,1.0,154530
22362,60.66159463661359,0.7198073267936707,35.99036633968353,-1.0,-1.0,-1.0,-0.4367296,-60.0,1.0,160000
36079,60.63688181770769,0.7193264365196228,35.96632182598114,-0.41574228,0.27892637,-1.0,-0.9774537,-40.8118861913681,1.0,149322
17893,60.61980802513945,0.7189942002296448,35.94971001148224,-1.0,0.14816236,-0.064451635,-0.7443292,-36.49538367986679,1.0,160000
59603,60.60378468615959,0.7186824083328247,35.934120416641235,-1.0,-1.0,-0.25713336,-0.7680526,-38.97091075778008,1.0,160000
42083,60.6009512525953,0.7186272740364075,35.93136370182037,-1.0,-1.0,0.8688536,-0.9940306,-60.0,1.0,160000
16652,60.5868238181456,0.7183523774147034,35.91761887073517,-1.0,-1.0,-1.0,0.89610493,-41.82485893368721,1.0,160000
41500,60.57875530875305,0.718195378780365,35.90976893901825,-0.9685011,-1.0,0.19447976,-0.8455131,-20.0,1.0,160000
6461,60.56451736694648,0.717918336391449,35.89591681957245,-1.0,-1.0,-1.0,-0.9792478,-38.97160060703754,1.9682244062423704,145968
43954,60.518475842423776,0.7170224785804749,35.85112392902374,-1.0,-0.32988375,-1.0,-0.6653096,-43.43978464603424,1.0,106173
14613,60.49083179812685,0.7164846062660217,35.824230313301086,-0.06734347,-1.0,-0.6848297,-0.6297543,-31.63811206817627,1.0,159875
22179,60.490111893614426,0.7164705991744995,35.823529958724976,-1.0,-0.96648264,0.4319616,-0.19153576,-20.0,1.0,160000
12952,60.46454737698415,0.7159731984138489,35.798659920692444,-1.0,-1.0,-0.3206809,-0.7585815,-24.048714637756348,1.0,160000
45933,60.43704621908937,0.7154381275177002,35.77190637588501,-1.0,-1.0,-0.17035365,-0.7495243,-52.815308570861816,1.0,160000
51727,60.431268362142205,0.7153257131576538,35.76628565788269,-1.0,0.1873306,-1.0,0.26556236,-48.16452622413635,1.0,160000
2873,60.427981161033415,0.7152617573738098,35.76308786869049,-1.0,-1.0,-0.21062893,0.4119962,-58.33974480628967,1.0,153523
49537,60.417938758071394,0.7150663733482361,35.753318667411804,-0.62416524,-1.0,0.0163576,-0.1560222,-60.0,1.0,160000
16630,60.41011126896838,0.714914083480835,35.74570417404175,-0.34623677,-1.0,0.55825424,-0.53196955,-50.46318292617798,1.0,101751
36508,60.39191026659594,0.7145599722862244,35.72799861431122,0.1484214,-0.67577267,-0.3256421,-0.98882973,-50.57606339454651,1.0,123587
9747,60.36606509521941,0.7140571475028992,35.70285737514496,-1.0,-1.0,-1.0,0.79427296,-40.32181270420551,1.0,153402
12040,60.36526240415178,0.714041531085968,35.7020765542984,-1.0,-1.0,-1.0,1.0,-44.90957587957382,1.0,160000
18764,60.33640809981719,0.7134801745414734,35.67400872707367,-1.0,-0.9672169,-1.0,-0.42114025,-20.0,1.0,160000
27462,60.32004132508227,0.7131617665290833,35.65808832645416,0.107889295,-1.0,-1.0,0.5582093,-39.82674581930041,1.0,160000
31039,60.31408832857253,0.7130459547042847,35.65229773521423,-0.5162758,-1.0,-0.92725384,-0.44161952,-52.72642254829407,1.0,160000
61135,60.30100267325558,0.712791383266449,35.63956916332245,0.25366962,-0.28811085,-0.71477914,-0.4167256,-26.89915895462036,1.117090344429016,160000
37962,60.296707143519605,0.7127078175544739,35.635390877723694,-1.0,-1.0,-0.86535686,-0.34753305,-20.0,1.0,137178
46724,60.29539274543989,0.7126822471618652,35.63411235809326,-0.6100867,-1.0,-0.9469203,0.744576,-35.369388461112976,1.0,124040
26926,60.29441843554302,0.7126632928848267,35.63316464424133,-0.5275543,-1.0,0.5964692,0.47652236,-49.88465905189514,1.0,106591
25965,60.27629246578992,0.7123106718063354,35.61553359031677,-1.0,-0.26706338,-1.0,-0.95377797,-44.53055053949356,1.0,160000
41674,60.27599833038656,0.712304949760437,35.61524748802185,-1.0,-0.6281444,-0.51383114,-0.7495917,-37.94460654258728,1.0,160000
44056,60.26339334213653,0.712059736251831,35.60298681259155,-1.0,-1.0,-0.682388,-0.7897366,-60.0,1.0,156543
20214,60.25039911124581,0.7118069529533386,35.59034764766693,-1.0,-1.0,-1.0,-0.4820302,-60.0,1.0,148868
55984,60.20761315933318,0.7109746336936951,35.54873168468475,-0.6667104,-1.0,-1.0,0.06402363,-20.0,1.0,135707
32335,60.20417220725567,0.7109076976776123,35.545384883880615,-1.0,-0.042551517,-0.6726662,-0.82697296,-23.62565755844116,1.2986085414886477,98283
22292,60.1923601449076,0.7106779217720032,35.53389608860016,-0.10330057,-0.6779575,-1.0,-0.93354243,-20.0,1.0,154582
9440,60.19019382277976,0.710635781288147,35.53178906440735,-1.0,-1.0,0.30198824,-0.25725007,-36.162910759449005,1.0,159563
59788,60.18971582194986,0.710626482963562,35.5313241481781,-1.0,-0.5769781,-1.0,-0.081172146,-43.77095192670822,1.0,160000
9048,60.18555475621072,0.710545539855957,35.52727699279785,-1.0,-1.0,-1.0,0.8769387,-20.0,1.0,111455
41743,60.18247837820436,0.7104856967926025,35.52428483963013,-0.8975383,-0.24476552,-0.23093158,-0.6120266,-60.0,1.0,124691
29611,60.15831446909532,0.7100156545639038,35.50078272819519,-0.82737255,-1.0,-1.0,0.25853992,-36.74578130245209,1.0,160000
13141,60.14903609795074,0.7098351716995239,35.4917585849762,-1.0,-1.0,-0.5511256,0.15531959,-47.4463564157486,1.0,160000
36656,60.13795589764269,0.7096196413040161,35.480982065200806,-1.0,0.012440562,-1.0,0.99157953,-28.49164128303528,1.0,160000
27073,60.070243939317024,0.7083025574684143,35.415127873420715,-1.0,-1.0,-0.22037596,-0.48680383,-39.54244062304497,1.0,160000
1272,60.05993531271393,0.7081020474433899,35.405102372169495,-1.0,-1.0,0.41594297,-0.5686293,-55.67552447319031,1.0,160000
35281,60.02524576603261,0.7074273228645325,35.37136614322662,0.18900096,-0.82462066,1.0,0.3428386,-20.110594034194943,1.0,160000
8633,59.93521417664847,0.705676257610321,35.28381288051605,-0.8538259,-1.0,-0.2589636,-0.35349885,-60.0,1.0,160000
20817,59.93193188226978,0.7056124210357666,35.28062105178833,-0.26039612,-1.0,-0.2710818,0.33378792,-20.0,1.0,160000
40795,59.89555027257988,0.7049048542976379,35.2452427148819,-0.34601915,0.17385149,-0.83149254,0.041848004,-47.52457082271576,1.0,160000
3454,59.88350253079982,0.7046705484390259,35.233527421951294,-1.0,-1.0,-0.5655429,-0.38880882,-20.0,1.0,111415
6407,59.88025688520205,0.7046074271202087,35.23037135601044,-1.0,0.12472248,-0.5896754,-0.21071166,-20.0,1.5361130833625791,127063
15799,59.87367975440384,0.7044795155525208,35.22397577762604,-1.0,-1.0,-0.32170638,-0.7078865,-20.0,1.0,149693
59154,59.857552465620586,0.7041658759117126,35.20829379558563,-0.0990057,-1.0,-1.0,-0.91651595,-44.248051941394806,1.0,123171
27377,59.85518024791543,0.7041197419166565,35.205987095832825,-1.0,-0.21428281,-0.8826353,-0.8420509,-47.13621258735657,1.0,139952
51190,59.76055467772782,0.7022795677185059,35.11397838592529,-1.0,-1.0,-1.0,0.22129558,-34.86195385456085,1.0,160000
45914,59.74336851881918,0.7019453644752502,35.09726822376251,-1.0,-1.0,-0.51784563,-0.9893093,-45.35319209098816,1.0,160000
23517,59.724321563879045,0.701574981212616,35.0787490606308,-1.0,-0.65016824,-0.7405002,-0.75310427,-28.913949728012085,1.0,160000
12473,59.71845477589179,0.7014608979225159,35.07304489612579,0.07820916,-0.71632314,-0.4642342,0.24116,-47.21314609050751,1.0,160000
9073,59.70713492681652,0.7012407779693604,35.06203889846802,-0.83018535,-0.5642395,-0.07018334,-0.7533349,-41.629488468170166,1.0,160000
34248,59.706200031004926,0.7012225985527039,35.06112992763519,-1.0,-1.0,0.19205904,-0.8035557,-59.90807175636292,1.0,160000
23241,59.70305203262511,0.7011613845825195,35.05806922912598,-1.0,-0.25548542,-1.0,-0.8987304,-36.16810947656632,1.0,160000
14455,59.68724755553463,0.7008540630340576,35.04270315170288,-0.78249717,-1.0,0.7861526,-0.57979214,-60.0,1.0,160000
16338,59.63922908794757,0.6999203562736511,34.99601781368256,-1.0,-0.04275751,-1.0,-0.41816574,-60.0,1.0,160000
9905,59.59505910951931,0.6990615129470825,34.953075647354126,-0.6968323,-0.80459595,-1.0,-0.6946305,-60.0,1.0,160000
34232,59.59306040455332,0.699022650718689,34.95113253593445,-1.0,0.021203637,-1.0,-0.28203225,-45.96514403820038,1.0,160000
30042,59.59034436800458,0.698969841003418,34.9484920501709,-1.0,-1.0,-1.0,-0.24100496,-22.57240653038025,1.0,65428
15845,59.58429610809128,0.6988522410392761,34.942612051963806,-0.85403615,-1.0,-1.0,-0.7246687,-36.6373798251152,1.0,160000
2885,59.58093935760391,0.6987869739532471,34.93934869766235,-1.0,-1.0,-1.0,-0.5472176,-60.0,1.0,160000
32197,59.57772667864781,0.6987245082855225,34.93622541427612,-1.0,-1.0,-0.72341144,-0.6634536,-40.974767208099365,1.0,160000
5061,59.57545817915103,0.6986804008483887,34.934020042419434,-0.059088647,-1.0,0.37686324,-0.3065619,-55.7915723323822,1.0,160000
11149,59.569431308424825,0.6985632181167603,34.92816090583801,-1.0,-0.94009787,0.73211116,-0.85805684,-44.42740976810455,1.0,160000
7674,59.554354811700506,0.6982700824737549,34.913504123687744,-0.2269845,-1.0,-0.36464965,-0.9787303,-24.113774299621586,4.426885008811951,139497
49318,59.53584769584751,0.6979102492332458,34.89551246166229,-1.0,-0.68903226,-0.7362602,-0.07222978,-29.409559965133667,1.0,140425
51359,59.52946195878812,0.6977860927581787,34.889304637908936,-0.7693151,-1.0,-0.26286286,-0.09303513,-20.0,1.0,98484
38198,59.51519740153664,0.6975087523460388,34.87543761730194,-1.0,-1.0,-1.0,-0.900096,-48.3843070268631,1.0,140586
7689,59.496260520654914,0.6971405744552612,34.85702872276306,-1.0,-0.17066133,0.011441469,-0.4223001,-58.261157274246216,1.1895257830619812,101591
20088,59.47512519746682,0.6967296600341797,34.836483001708984,-0.21479827,-1.0,-0.315393,-0.6107301,-34.109957218170166,1.0,160000
7199,59.472540741137934,0.696679413318634,34.8339706659317,-0.47235352,-0.34359854,-0.928557,-0.83647835,-60.0,1.0,92707
23815,59.45464561430055,0.6963315010070801,34.816575050354004,-1.0,-1.0,-1.0,0.4096517,-23.35779905319214,1.0,160000
45083,59.45429304376458,0.6963246464729309,34.816232323646545,-0.5666224,-0.37735105,-0.8614818,-0.11551574,-54.2015552520752,1.0,94621
32800,59.45263136219483,0.6962923407554626,34.81461703777313,-1.0,-0.9560781,-0.32689846,-0.6901673,-34.15916860103607,1.0,160000
48679,59.44520282213622,0.6961479187011719,34.807395935058594,-0.63666916,-0.90138626,-1.0,-0.89356863,-60.0,1.0,140057
20918,59.43878904182706,0.6960232257843018,34.80116128921509,-0.61500174,-1.0,-0.10864085,-0.44437286,-57.09887385368347,1.0,160000
34746,59.40316928937314,0.6953307390213013,34.76653695106506,-1.0,-0.5682468,-1.0,-0.9331366,-40.44534385204315,1.0,148877
61209,59.39540013954783,0.6951797008514404,34.75898504257202,-1.0,-0.2659614,-1.0,-0.5772635,-24.84766960144043,1.0,155633
50095,59.38363595028752,0.6949509978294373,34.74754989147186,-1.0,-1.0,-0.9132222,-0.72009504,-53.13181281089783,1.0098568201065063,160000
21418,59.36306598822414,0.6945511102676392,34.72755551338196,-1.0,-1.0,0.04799795,-0.5291795,-21.824442148208615,1.0,160000
35231,59.31314358915844,0.6935806274414062,34.67903137207031,-0.63676274,-1.0,-0.17103058,-0.84641963,-60.0,1.0,160000
34754,59.30244874387619,0.6933727264404297,34.668636322021484,-1.0,-0.35937607,-0.8539826,0.16349155,-20.21319031715393,1.0,130542
41865,59.3017987102446,0.6933600902557373,34.668004512786865,-1.0,-0.9960173,-1.0,-0.8507964,-20.0,1.0,124816
5755,59.28752241615089,0.6930825710296631,34.654128551483154,-0.98159283,-1.0,-0.83013576,0.56529164,-56.277127265930176,1.0,160000
54695,59.28610888260649,0.6930550932884216,34.65275466442108,-1.0,-0.8496121,-1.0,-0.5925427,-33.53792190551758,1.0,156919
14365,59.25632619305503,0.6924761533737183,34.62380766868591,-1.0,-1.0,0.21355379,-0.9425453,-24.445680379867557,1.2543136477470398,92945
17486,59.24672248352487,0.6922894716262817,34.61447358131409,-0.4987902,-0.8868744,-0.80672634,-0.6099774,-44.36749696731568,1.0,143734
22678,59.24340777635247,0.6922250390052795,34.61125195026398,-0.5875886,-1.0,0.10966462,-0.44332042,-60.0,1.0,155066
56109,59.22397930916949,0.6918473839759827,34.59236919879913,-1.0,-1.0,-0.687674,0.15591905,-25.087790489196777,1.0,92891
1668,59.2207749326674,0.6917850971221924,34.58925485610962,-0.3887629,-1.0,-1.0,-0.71084267,-27.977041006088257,1.7153549790382383,141456
15524,59.2052711553736,0.691483736038208,34.5741868019104,-1.0,-0.16783655,-1.0,0.37771904,-60.0,1.0,160000
25116,59.15138362508393,0.6904363036155701,34.5218151807785,-0.56790423,-1.0,-1.0,-0.054440573,-46.05788469314575,1.0,160000
43700,59.15064765018275,0.690421998500824,34.5210999250412,-1.0,-1.0,-1.0,-0.22264966,-43.56130599975586,1.0,160000
42569,59.14444397801637,0.6903014183044434,34.51507091522217,-1.0,-1.0,-0.32820815,0.038605027,-34.19327199459076,1.0,152776
596,59.14328481097603,0.6902788877487183,34.51394438743591,0.13881123,-0.8510833,-0.4780165,-0.9257132,-54.28778529167175,1.0,160000
9901,59.13775268693291,0.6901713609695435,34.50856804847717,-1.0,-0.69245785,-1.0,-0.6966523,-23.003543615341187,1.0,160000
43299,59.13180347988846,0.6900557279586792,34.50278639793396,-0.15326595,-0.42241788,-1.0,-0.5592991,-49.17381167411804,1.0,150239
40781,59.122919482865214,0.6898830533027649,34.494152665138245,-1.0,-0.44618195,0.4110633,-0.8278568,-60.0,1.0,160000
25491,59.09180506613568,0.6892783045768738,34.46391522884369,-1.0,-1.0,-0.30360445,-0.82469726,-29.24128770828247,1.0,160000
48090,59.07544714870596,0.6889603734016418,34.44801867008209,-0.8163518,-1.0,-1.0,-0.86877596,-37.86036729812622,1.0,103065
22992,59.07136223621693,0.688880980014801,34.44404900074005,-1.0,-1.0,-0.7196005,-0.6397276,-20.0,1.0,160000
28218,59.07058634668316,0.6888659000396729,34.44329500198364,-1.0,-1.0,-1.0,-0.7671155,-20.731788873672485,5.249851107597351,135742
23811,59.0497414195661,0.6884607672691345,34.423038363456726,-1.0,-1.0,-1.0,0.5111618,-29.180926084518436,1.0,160000
57683,59.0417032876512,0.6883045434951782,34.41522717475891,-1.0,-1.0,-0.00821805,-0.89731306,-56.103595495224,1.0,160000
60600,59.01294530633689,0.6877456307411194,34.38728153705597,-0.9332522,-0.7557907,-0.7688144,-0.6787195,-50.11277914047241,1.0,160000
14976,59.00260674732704,0.6875447034835815,34.37723517417908,-1.0,0.050801992,-1.0,-0.67551017,-29.49022650718689,1.0,104838
28382,58.99839892015893,0.6874629259109497,34.373146295547485,-0.461743,-0.0048481226,0.040908754,-0.962088,-20.0,1.0,160000
3699,58.99767512338888,0.6874488592147827,34.372442960739136,-0.62819004,-1.0,-1.0,-0.84186107,-20.0,1.0,109788
31537,58.9902163119424,0.687303900718689,34.36519503593445,-0.42836767,-1.0,-0.46031544,0.5959605,-37.13955849409104,1.0,160000
48979,58.98227900814403,0.6871496438980103,34.35748219490051,-0.8235528,-1.0,-0.9838817,-0.6174803,-38.90375122427941,1.0,160000
21869,58.9761511788559,0.687030553817749,34.35152769088745,-1.0,-0.80256426,-0.6826294,-0.44796088,-57.879120111465454,1.0,160000
3653,58.9666066721864,0.686845064163208,34.3422532081604,-1.0,-1.0,0.032344222,-0.93538034,-44.30595189332962,1.0,101044
61346,58.93350396657611,0.6862017512321472,34.31008756160736,-1.0,-1.0,-0.7268933,1.0,-51.043806076049805,1.0,160000
40719,58.92874076060339,0.686109185218811,34.30545926094055,-1.0,-0.4272673,-0.8805002,-0.39129668,-20.0,1.0,160000
18258,58.90094633917092,0.6855690479278564,34.27845239639282,-1.0,-0.073272705,-0.20325094,-0.8500533,-43.41676890850067,1.0,145566
36659,58.89641304760363,0.6854809522628784,34.27404761314392,-1.0,-0.16703647,-0.50565386,0.5401115,-28.03650975227356,1.0,97933
2297,58.818737219935045,0.6839715242385864,34.19857621192932,-0.8220412,0.044201493,-0.6139245,-0.52254146,-60.0,1.0,160000
21203,58.79786354245379,0.6835659146308899,34.178295731544495,-1.0,-1.0,-0.69419587,-0.9107085,-20.0,1.0,128391
29699,58.766826907735,0.6829628348350525,34.148141741752625,-1.0,-0.6880261,-0.30957904,-0.70977473,-60.0,1.0,160000
55058,58.759685733433685,0.6828240752220154,34.14120376110077,-1.0,-1.0,-0.43516144,-0.4185089,-49.165306091308594,1.0,160000
1187,58.74830210086562,0.6826028823852539,34.130144119262695,0.105455756,-1.0,-0.6701828,-0.88392574,-20.79780340194702,1.0,160000
47278,58.74821007430553,0.6826010942459106,34.13005471229553,-1.0,0.11863911,-0.8978676,-0.51195425,-48.67340087890625,1.0,160000
25115,58.73667909201527,0.6823770403862,34.11885201931,-1.0,-1.0,-0.21386331,-0.058564555,-53.98057341575623,1.0,160000
288,58.69800856192497,0.6816256642341614,34.08128321170807,-0.19215852,-1.0,-1.0,-0.07237774,-31.51358902454376,1.0,160000
58732,58.693486797608685,0.6815378069877625,34.07689034938812,-1.0,-1.0,-1.0,0.11765726,-20.0,1.0,140988
59654,58.68399226553301,0.6813533306121826,34.06766653060913,-1.0,-1.0,-0.26950032,-0.81768715,-60.0,1.0,124025
14410,58.68251055973157,0.6813245415687561,34.066227078437805,-1.0,-0.94053215,-1.0,-0.017898053,-49.74400818347931,1.0,100925
46653,58.67600698519837,0.6811981797218323,34.059908986091614,-0.7146477,-1.0,-1.0,-0.43756536,-20.0,1.0,107406
20037,58.67159251099331,0.6811124086380005,34.055620431900024,-1.0,-1.0,-1.0,-0.7433083,-20.0,2.645914316177368,124725
13941,58.66828547962206,0.6810481548309326,34.05240774154663,-1.0,-1.0,-1.0,-0.90461016,-60.0,1.0,155831
36017,58.649648749534016,0.6806860566139221,34.034302830696106,-1.0,-0.9815744,-0.42831236,-0.829797,-20.0,1.0,160000
38449,58.63538954259188,0.6804090142250061,34.020450711250305,-0.4926486,0.11728954,-1.0,0.76532364,-20.0,1.0,160000
50049,58.60840458266456,0.6798847317695618,33.99423658847809,-1.0,-1.0,1.0,-0.5960717,-47.98636019229889,1.0,157380
24702,58.5899724947606,0.6795266270637512,33.97633135318756,-1.0,-0.015312552,-0.1028831,-0.72111994,-43.20212095975876,1.0,160000
34437,58.585649749532514,0.6794426441192627,33.972132205963135,-1.0,-1.0,-1.0,-0.18706052,-60.0,1.0,154795
50277,58.57550703821545,0.6792455911636353,33.96227955818176,-1.0,-0.5821662,-1.0,-0.29011482,-40.66401183605194,1.1748207211494446,160000
20337,58.49895231377606,0.6777583360671997,33.887916803359985,-1.0,-1.0,-1.0,-0.44582376,-20.0,1.0,140567
53544,58.49583504292694,0.6776977777481079,33.8848888874054,-0.5257385,-0.8636514,-1.0,-0.6399936,-28.01177740097046,1.0,160000
46516,58.46411267590183,0.6770815253257751,33.85407626628876,-1.0,-0.6818559,-1.0,-0.48935515,-60.0,1.0,160000
23761,58.46365857275249,0.6770727038383484,33.85363519191742,0.17388618,-0.926134,-1.0,-0.730106,-20.0,1.4286637902259829,160000
52990,58.42939784125366,0.6764071583747864,33.82035791873932,-1.0,-1.0,-1.0,-0.2740896,-44.599306881427765,1.0,160000
31860,58.42717635257661,0.676364004611969,33.81820023059845,-1.0,-1.0,0.33284533,-0.8002976,-22.468631267547607,1.0,160000
59519,58.3867224539781,0.6755781769752502,33.77890884876251,0.0294559,-0.9549038,0.4313205,1.0,-60.0,1.0,160000
55498,58.38537539935649,0.6755520105361938,33.77760052680969,-1.0,-1.0,0.14563417,-0.72600836,-60.0,1.0,160000
21195,58.36216225192875,0.675101101398468,33.7550550699234,-1.0,-0.9128049,-0.43790913,-0.87592703,-20.0,1.0,105296
55393,58.35890654549517,0.6750378608703613,33.751893043518066,-1.0,-1.0,-0.13046199,-0.054178834,-20.0,1.0,160000
18888,58.3361102174416,0.674595057964325,33.72975289821625,-1.0,-0.046046615,-0.47988063,-0.47436148,-36.00764334201813,1.0,160000
5486,58.331970684556055,0.674514651298523,33.72573256492615,-1.0,0.0073207617,0.78423995,-0.4011044,-60.0,1.0,160000
93,58.32644719378592,0.6744073629379272,33.72036814689636,-1.0,-0.74457693,-0.36937994,-0.77997977,-20.0,1.0,160000
3794,58.32356269410281,0.6743513345718384,33.71756672859192,-1.0,-1.0,-0.8680997,0.1266532,-60.0,1.0,160000
40227,58.32118144235436,0.6743050813674927,33.715254068374634,-1.0,-1.0,-1.0,-0.82536095,-60.0,1.0,160000
2114,58.31905181373807,0.6742637157440186,33.71318578720093,-1.0,-0.39950627,-1.0,-0.90524876,-20.0,1.0,160000
28162,58.30973234279066,0.6740826964378357,33.704134821891785,-1.0,-0.066491246,0.46440148,-0.40555236,-20.0,1.0,160000
38015,58.28147889928957,0.6735339164733887,33.676695823669434,0.019238234,-1.0,0.5614797,-0.79515135,-20.0,1.0,116349
42484,58.28103086497272,0.6735252141952515,33.67626070976257,-1.0,-1.0,-0.16291916,-0.34352788,-47.31692671775818,1.0,141546
32696,58.26106248100732,0.673137366771698,33.6568683385849,0.25019705,-1.0,-1.0,-0.7007418,-46.1567360162735,1.0,160000
18652,58.24953302010432,0.6729134321212769,33.64567160606384,-0.9643885,-1.0,-0.7726731,-0.60575473,-21.84812068939209,1.0,160000
40774,58.208803092500446,0.6721223592758179,33.606117963790894,-0.1266495,-1.0,-1.0,1.0,-60.0,1.0,104293
52790,58.18302701066037,0.6716217398643494,33.58108699321747,-1.0,-1.0,-1.0,-0.63297117,-20.0,1.0,128437
48268,58.17909871034355,0.6715454459190369,33.57727229595184,-0.8730168,-1.0,-1.0,0.42491356,-20.0,1.0,160000
23156,58.16658637399496,0.6713024377822876,33.56512188911438,-0.26498997,-0.54144174,-0.53953826,-0.20608778,-20.0,1.0,160000
27442,58.15294449421934,0.671037495136261,33.55187475681305,-0.6346461,-1.0,-1.0,-0.9735495,-30.66643238067627,1.0,160000
16170,58.13116319897603,0.67061448097229,33.5307240486145,-0.56651473,-1.0,-0.4833413,-0.6530613,-20.0,1.0,160000
57538,58.09083130400701,0.6698312163352966,33.49156081676483,-0.09614551,-0.80287904,-0.9093301,-0.8383877,-38.77129033207893,1.0,160000
44881,58.08880254996461,0.6697918176651001,33.489590883255005,-0.7978623,-0.042435765,-0.094803095,-0.87524253,-60.0,1.0,157094
1686,58.08067215297534,0.6696339249610901,33.481696248054504,-0.15024263,-1.0,1.0,-0.56215847,-60.0,1.209639072418213,160000
9447,58.05253299973657,0.6690874695777893,33.454373478889465,-0.37568802,-0.8163172,-0.30929706,-0.679553,-31.508320569992065,1.0,110524
27768,58.04205124024982,0.6688839197158813,33.44419598579407,-1.0,-1.0,-0.9997574,-0.59342,-20.0,1.0,160000
25227,57.99369275744576,0.6679448485374451,33.39724242687225,0.13154781,-0.1763398,0.5258478,-0.7599239,-35.118295550346375,1.0,160000
5067,57.97472022285004,0.6675764322280884,33.37882161140442,-1.0,-1.0,0.7717215,-0.40550613,-44.60040479898453,1.0,160000
53743,57.9199771811239,0.6665134429931641,33.3256721496582,-1.0,-0.94230366,1.0,-0.7875918,-21.060917377471924,1.0,160000
24131,57.89638047016536,0.6660552620887756,33.30276310443878,-0.31859094,-1.0,-0.016885817,-0.8256048,-56.89576387405396,1.0,102717
24293,57.89073523919412,0.6659456491470337,33.297282457351685,-1.0,-1.0,-0.7375889,-0.83392483,-28.21183443069458,1.0,160000
28539,57.88415063702864,0.6658177971839905,33.290889859199524,-1.0,-1.0,-1.0,0.30900884,-20.0,1.0,160000
59290,57.83434590548429,0.6648507714271545,33.24253857135773,-1.0,-1.0,-1.0,0.11834436,-20.0,1.0,160000
35147,57.82349074751947,0.6646400094032288,33.23200047016144,-1.0,-1.0,-1.0,-0.7652757,-60.0,1.0,160000
56219,57.8146984870473,0.664469301700592,33.2234650850296,-1.0,-0.7367681,-0.3927427,-0.48668635,-37.70962446928024,1.0,160000
32681,57.78772879855013,0.6639456748962402,33.19728374481201,-1.0,-1.0,-0.7980834,-0.5428536,-51.194385290145874,1.0,160000
61089,57.70766644744655,0.6623913049697876,33.11956524848938,-1.0,-0.95348746,-1.0,1.0,-35.16735553741455,1.0,80154
32194,57.702557596350005,0.6622921228408813,33.11460614204407,-1.0,-1.0,0.7231578,-0.7530855,-20.0,1.0,111058
15962,57.70018737656706,0.6622461080551147,33.11230540275574,-1.0,-1.0,-1.0,-0.4573823,-57.63988137245178,1.0,160000
14915,57.68471942473332,0.6619458198547363,33.097290992736816,-0.13006502,-1.0,-1.0,-0.5484866,-54.25586104393005,1.0,160000
58872,57.6839794877804,0.6619314551353455,33.09657275676727,-1.0,-1.0,-1.0,-0.5220388,-60.0,1.0,143299
56588,57.67911922629551,0.661837100982666,33.0918550491333,-1.0,-1.0,-1.0,0.47940615,-39.9536058306694,1.0,160000
27933,57.65588916759141,0.6613861322402954,33.06930661201477,-0.46712822,0.26027584,-1.0,1.0,-20.0,1.0,125799
38330,57.6347158198694,0.6609750986099243,33.048754930496216,-1.0,-0.2866515,-1.0,-0.7191013,-20.0,1.0,160000
5409,57.60757615620423,0.6604482531547546,33.02241265773773,-0.47461647,-0.8492516,-1.0,-0.6493541,-22.25174069404602,1.0,92463
51218,57.57546154953346,0.6598248481750488,32.99124240875244,-1.0,-1.0,-1.0,-0.58988875,-52.07315683364868,1.0,160000
10490,57.55783636461271,0.6594827175140381,32.974135875701904,-0.41686654,-1.0,-0.9292847,-0.5861715,-54.76379156112671,1.0,160000
36301,57.55612603182456,0.6594495177268982,32.97247588634491,-1.0,-0.6549257,0.38990223,-0.931178,-26.486817598342896,3.7419647574424735,160000
45476,57.552637804852736,0.6593818068504333,32.96909034252167,-1.0,-1.0,-0.4858949,0.18958898,-25.72590112686157,1.1177430152893066,160000
10508,57.52546550665542,0.6588543653488159,32.9427182674408,-0.9905556,-0.22164476,-1.0,-0.16148034,-60.0,1.0,155915
34270,57.50818962259944,0.6585190296173096,32.92595148086548,-1.0,-0.991256,-0.8045207,-0.76280856,-60.0,1.0,106080
4082,57.4990111279699,0.6583408713340759,32.9170435667038,-1.0,-1.0,-0.82236576,-0.858519,-28.692126274108887,1.0,160000
19406,57.48463676422299,0.6580618619918823,32.90309309959412,-1.0,-0.3126498,0.26669425,0.1142018,-48.111422061920166,1.0,122260
18682,57.46128302982733,0.6576085686683655,32.880428433418274,-1.0,-1.0,-0.13818711,-0.627138,-20.0,1.0,160000
45441,57.45571859858667,0.6575005650520325,32.87502825260162,-1.0,-1.0,0.4204374,-0.33793354,-60.0,1.0,82985
29990,57.43858599981528,0.6571680307388306,32.85840153694153,-1.0,-0.35589403,-1.0,-0.18576261,-27.760863304138184,1.0,160000
39276,57.40111080995167,0.6564406752586365,32.822033762931824,0.15900183,-0.67574,-1.0,-0.96523774,-43.876495361328125,1.0,160000
13915,57.373532610149866,0.6559054255485535,32.79527127742767,-1.0,-1.0,-1.0,-0.93068683,-20.0,1.0,160000
45587,57.36036670248576,0.6556499004364014,32.78249502182007,-0.25646085,-0.4501142,-0.8450391,-0.4185053,-24.71913456916809,1.0,160000
59740,57.35601795784298,0.6555655002593994,32.77827501296997,-1.0,-1.0,-1.0,-0.59041125,-20.0,1.5005240440368652,118407
25419,57.355615636703,0.6555576920509338,32.77788460254669,-1.0,-1.0,0.33765388,-0.63736093,-25.94494700431824,1.0,160000
8982,57.29752020161456,0.6544302105903625,32.72151052951813,-0.95325875,-0.24207306,-1.0,-0.3089613,-43.4631535410881,1.0,160000
3842,57.24225675985014,0.653357744216919,32.66788721084595,-0.9854157,-1.0,-1.0,-0.7880579,-43.35769563913345,1.0,133812
15788,57.23352456420996,0.6531882882118225,32.659414410591125,-0.49633962,-1.0,-0.5216739,-0.9040366,-41.92460775375366,1.0,160000
32219,57.19827259243623,0.6525042057037354,32.62521028518677,-1.0,-1.0,-0.7253118,-0.651942,-60.0,1.0,160000
20204,57.19312461303026,0.6524043083190918,32.62021541595459,-0.6322418,-1.0,-1.0,0.039210945,-54.12143111228943,1.0,160000
36235,57.17887539977623,0.6521278023719788,32.60639011859894,-0.30213737,-0.66031575,0.27281517,-0.95292914,-51.73854470252991,1.0,122937
5789,57.177413301764766,0.6520994305610657,32.604971528053284,-1.0,-1.0,-1.0,-0.17778677,-46.7638635635376,1.0,126764
16450,57.17298706494193,0.6520135402679443,32.60067701339722,-0.32186466,-1.0,0.64333916,-0.9619155,-45.07295191287994,1.0,160000
53397,57.16538163761833,0.6518659591674805,32.59329795837402,-0.883611,-1.0,-0.39519286,-0.87634706,-54.52343463897705,1.0,160000
11678,57.12287507800711,0.6510411500930786,32.55205750465393,-1.0,-1.0,-0.10874224,0.5609995,-20.0,1.0,160000
23820,57.117253697336906,0.6509320735931396,32.54660367965698,-0.88012,-1.0,-1.0,0.7776669,-29.704716205596924,1.0,142490
47972,57.11541368740073,0.6508963704109192,32.54481852054596,-1.0,-1.0,-0.8641242,0.5141833,-51.98102116584778,1.0,160000
2679,57.110219252462144,0.650795578956604,32.5397789478302,-1.0,-1.0,-1.0,-0.5712191,-53.69259595870972,1.0,160000
18708,57.10031873434059,0.6506034731864929,32.530173659324646,0.14298558,-1.0,-0.5802823,1.0,-60.0,1.0,146903
15638,57.0931336620977,0.6504640579223633,32.523202896118164,-0.5519069,-1.0,-1.0,-0.933466,-37.47258484363556,1.0,155592
58651,57.09182811817402,0.6504387259483337,32.52193629741669,0.0027868748,-1.0,0.4608953,-0.3209859,-60.0,1.0,130676
45849,57.08880846606374,0.6503801345825195,32.51900672912598,-0.30180693,-1.0,-1.0,-0.2059729,-21.37866497039795,1.0,131872
12397,57.08185371252711,0.650245189666748,32.5122594833374,-1.0,-0.9819418,-0.7906821,-0.8214922,-46.49022042751312,1.0,160000
42636,57.07327387110682,0.6500787138938904,32.50393569469452,-0.4564318,-1.0,-1.0,0.2266015,-46.728150844573975,1.0,119240
32226,57.07007906914778,0.650016725063324,32.5008362531662,-0.46034062,-0.7554256,-0.13346845,-0.038614824,-34.33958053588867,1.0,149841
57339,57.043187077420185,0.6494949460029602,32.47474730014801,0.018231392,-0.27818078,-0.4708855,0.65742373,-20.0,1.0,152811
38277,57.02197776791803,0.6490834355354309,32.454171776771545,0.04443395,-0.4157663,-0.32332674,0.0023275316,-20.0,1.0,103758
42700,57.017471045092286,0.6489959955215454,32.44979977607727,-1.0,-0.58336467,-0.270795,-0.6265401,-60.0,1.0,155139
58647,56.99219988252749,0.648505687713623,32.42528438568115,-1.0,-0.75702083,-0.3008172,-0.4187408,-59.738945960998535,1.0,160000
29079,56.98261782744529,0.6483197808265686,32.41598904132843,-1.0,-1.0,-0.31892124,-0.37038332,-60.0,1.0,160000
28679,56.970657808118986,0.648087739944458,32.4043869972229,0.19546461,-1.0,0.53096765,-0.7352073,-20.90092778205872,1.0,160000
707,56.96238126452501,0.6479271650314331,32.396358251571655,-1.0,-1.0,-0.2983581,-0.7086617,-44.17317509651184,1.0,160000
19671,56.96070997284279,0.6478947401046753,32.394737005233765,-0.7658955,-0.29548466,-0.3377459,0.1664832,-60.0,1.0,160000
2761,56.87703465393667,0.6462714076042175,32.31357038021088,-1.0,-0.42486852,-1.0,0.11885372,-33.902607560157776,1.1034504175186155,160000
24856,56.87100339710934,0.6461544036865234,32.30772018432617,0.08678317,-1.0,0.5233681,-0.03927398,-23.188761472702023,1.0,82994
14416,56.85380968006123,0.6458208560943604,32.29104280471802,-1.0,-1.0,1.0,-0.490764,-20.0,1.0,123697
21620,56.84003853705275,0.645553708076477,32.27768540382385,-1.0,-1.0,-0.114667475,-0.49673894,-39.85321998596192,1.0,160000
25603,56.78914957364486,0.644566535949707,32.22832679748535,-1.0,-1.0,-1.0,-0.7321163,-48.03236126899719,1.0,160000
55344,56.73072361918115,0.6434332132339478,32.17166066169739,-1.0,-1.0,0.43410212,-0.5275692,-44.63222086429596,1.0,153873
26934,56.70128208095879,0.6428621411323547,32.14310705661774,-1.0,0.1438911,-0.082766175,1.0,-48.61139714717865,1.0,98541
22588,56.68401196697329,0.642527163028717,32.12635815143585,-1.0,-1.0,-1.0,-0.76702887,-45.1166033744812,1.0,160000
13300,56.68382758706629,0.6425235867500305,32.126179337501526,-0.8909018,-1.0,-0.41249728,-0.61441743,-50.41160345077515,1.0,160000
13878,56.66703966666525,0.6421979665756226,32.10989832878113,-1.0,-0.813469,-0.9208336,-0.51272047,-20.0,1.0,160000
16321,56.63160687622225,0.6415107250213623,32.075536251068115,-1.0,-1.0,-0.6402233,-0.6486026,-20.325990915298465,1.0,158108
33880,56.63133951255941,0.6415055394172668,32.07527697086334,-1.0,-1.0,-0.03707117,-0.1057853,-59.139485359191895,1.0,137433
39496,56.59050278670999,0.6407135128974915,32.03567564487457,-1.0,-0.21808928,-1.0,-0.97103465,-28.6331570148468,1.0,160000
19784,56.57208765268452,0.6403563618659973,32.017818093299866,-1.0,-1.0,-0.9882308,-0.40438512,-60.0,1.0,160000
40180,56.5679939925249,0.6402769684791565,32.013848423957825,-1.0,-0.53971845,0.48379493,-0.94903183,-47.09082365036011,1.0,121351
52410,56.56745001400411,0.6402664184570312,32.01332092285156,-1.0,-1.0,-0.5696964,0.48380035,-51.13653898239136,1.0,160000
17322,56.54685239015848,0.6398669481277466,31.99334740638733,-0.013479352,-1.0,-0.8898269,-0.45237857,-20.0,1.0,160000
26234,56.4897750804253,0.6387600302696228,31.93800151348114,-1.0,-1.0,-0.7072533,0.1727387,-60.0,1.0,108292
3773,56.40110274256227,0.6370404958724976,31.85202479362488,-0.562506,-1.0,-1.0,0.20792305,-41.590606123209,1.0,100678
42200,56.366491231160936,0.6363693475723267,31.818467378616333,-1.0,-0.9251518,-1.0,-0.4171138,-20.0,1.0,160000
30195,56.359965330520176,0.6362428069114685,31.812140345573425,-0.12824464,-1.0,-0.88223624,0.08511165,-22.49761700630188,1.0,160000
21647,56.30900476921048,0.6352546811103821,31.762734055519104,-0.9395933,-1.0,-0.5544218,-0.80869085,-20.0,1.0,160000
6755,56.28545720975724,0.6347981095314026,31.73990547657013,-1.0,-1.0,-1.0,0.314544,-21.739734411239624,1.0,109914
45085,56.23682955415304,0.6338552832603455,31.692764163017277,-0.8524262,-1.0,-0.1647349,-0.309046,-37.66818940639496,1.0,160000
9407,56.19492339386538,0.6330428123474121,31.652140617370605,-1.0,-1.0,-1.0,-0.6367604,-34.91729915142059,1.0,160000
4988,56.1880920817821,0.6329103708267212,31.64551854133606,-0.6041104,-1.0,-0.074477255,1.0,-54.96059536933899,1.0,160000
9047,56.11939837302346,0.6315786242485046,31.578931212425232,-1.0,-0.10275006,0.2743026,0.13363066,-20.0,1.0,160000
12052,56.09191103651307,0.6310457587242126,31.552287936210632,0.08903313,-0.062689304,1.0,-0.19120386,-20.0,1.0,139888
53633,56.06536079012383,0.6305310726165771,31.526553630828857,-1.0,-0.95334035,0.8510752,0.13181736,-40.37978410720825,1.0,160000
14401,56.04424003148934,0.630121648311615,31.50608241558075,-1.0,-0.7714598,-1.0,0.028360546,-50.10396242141724,1.0,134446
55962,56.01866948121896,0.6296259760856628,31.481298804283146,-0.92047805,-0.8533132,-1.0,-0.083880186,-60.0,1.0,159607
8993,56.01839889007327,0.6296207308769226,31.48103654384613,-0.9604953,-1.0,-0.5856074,-0.8977238,-44.05224055051804,1.0,160000
29180,55.99979865729837,0.6292601823806763,31.463009119033813,-1.0,-1.0,-0.8520973,-0.63705516,-42.14361995458603,1.019480586051941,160000
9187,55.96994350558728,0.628681480884552,31.4340740442276,-0.792855,-1.0,-0.21892214,1.0,-60.0,1.0,130733
14840,55.90706318129554,0.6274626851081848,31.37313425540924,-0.25595802,-1.0,0.21731997,-0.35507324,-20.77426552772522,1.1817965507507324,155739
6255,55.80829765567958,0.6255484819412231,31.27742409706116,-0.22372037,-0.8997681,0.86049664,-0.61436605,-29.87568616867065,1.0,160000
50633,55.77681312182386,0.6249383091926575,31.246915459632877,-1.0,-0.8301133,-1.0,-0.11081258,-20.0,1.0,150644
23272,55.75729204766238,0.6245599985122681,31.227999925613403,-1.0,-1.0,-0.084616125,1.0,-32.5545597076416,1.0,104220
40295,55.71284463405068,0.6236986517906189,31.184932589530945,-1.0,-0.46444488,-1.0,0.22122633,-20.0,1.0,100057
9174,55.703038941519935,0.623508632183075,31.175431609153748,-1.0,-0.23783576,0.097138345,-0.8254858,-54.58810329437256,1.0,129351
30786,55.69411592667133,0.6233357191085815,31.16678595542908,0.23842382,-0.842747,-1.0,-0.6332658,-20.0,5.4772762060165405,160000
7864,55.68298742596516,0.6231200695037842,31.15600347518921,-1.0,-0.8783866,-1.0,-0.75395566,-20.0,1.0,160000
12811,55.67929327860996,0.6230484843254089,31.152424216270447,-1.0,-0.64807135,-1.0,-0.5378317,-54.19026732444763,1.0,146224
3405,55.66534398531548,0.6227781772613525,31.138908863067627,-0.004179597,-1.0,-1.0,-0.9369904,-45.32103717327118,1.0,153312
30099,55.66269252171578,0.6227267980575562,31.136339902877808,-1.0,-1.0,-1.0,1.0,-60.0,1.0,155573
12129,55.66170821795085,0.622707724571228,31.1353862285614,-0.98629355,-0.7166363,-0.32099885,-0.14249587,-36.897219717502594,1.0,97558
2734,55.64912750280818,0.6224639415740967,31.123197078704838,-1.0,-0.04041058,-0.57529944,-0.9651046,-60.0,1.0,160000
52444,55.6418343089648,0.6223226189613342,31.11613094806671,-1.0,-0.4884017,0.9958526,-0.18495296,-60.0,1.0,160000
58546,55.61733667455314,0.621847927570343,31.09239637851715,-1.0,-1.0,-0.883417,-0.8370459,-46.9611394405365,1.0,151788
15580,55.58579403537048,0.6212367415428162,31.061837077140808,-0.7790059,-1.0,-1.0,0.56919396,-28.841482400894165,1.0,160000
54647,55.57266790267912,0.6209824085235596,31.04912042617798,-0.13766557,-1.0,-1.0,-0.6448299,-33.38995099067688,1.0,146662
8605,55.57087139057138,0.6209475994110107,31.047379970550537,-1.0,-1.0,-0.31735334,-0.103886545,-40.41122078895569,1.0,94457
40885,55.55524098734422,0.620644748210907,31.03223741054535,-1.0,-0.625649,0.8358582,-0.22274272,-32.703057527542114,1.0,160000
31281,55.54634130283563,0.6204723119735718,31.02361559867859,-1.0,-1.0,-1.0,-0.093841605,-38.405000269412994,1.0,160000
52885,55.52738499419223,0.6201050281524658,31.00525140762329,-0.42871767,-1.0,0.9156249,-0.6147764,-38.028156757354736,1.0,104538
39662,55.52536690497754,0.6200659275054932,31.003296375274655,-1.0,-1.0,0.18981057,-0.020557262,-30.701197385787964,1.0,105920
1947,55.52087848803068,0.6199789643287659,30.998948216438293,-0.13582593,-0.62669736,-0.95125705,-0.6015494,-60.0,1.0,131118
33121,55.51611010028888,0.619886577129364,30.9943288564682,-0.5077089,-1.0,-0.6029146,-0.71953577,-39.00728590786457,1.0,160000
41217,55.50277695497858,0.6196282505989075,30.981412529945374,-1.0,-1.0,-1.0,0.2920869,-20.0,1.0,160000
18440,55.496704071154966,0.6195105910301208,30.97552955150604,-1.0,-1.0,-0.80037904,-0.96473145,-20.0,4.500525951385498,160000
13299,55.47252908268624,0.6190422177314758,30.95211088657379,-0.76100105,-1.0,0.048495233,-0.54803556,-58.83647799491882,1.0,160000
5381,55.46298260422694,0.6188572645187378,30.94286322593689,-1.0,-0.84207875,-1.0,-0.35933113,-27.41246223449707,1.0,160000
8952,55.44519078191094,0.6185125708580017,30.925628542900085,-1.0,-1.0,0.19926578,0.08525303,-60.0,1.0,160000
26299,55.43654242273672,0.6183450222015381,30.917251110076904,-1.0,-1.0,-1.0,-0.95228827,-20.0,1.0,160000
52878,55.357097758353646,0.6168059706687927,30.84029853343964,-1.0,-1.0,-0.41402012,1.0,-47.31826066970825,1.0,160000
19368,55.334648691054,0.6163710951805115,30.818554759025574,-1.0,-1.0,-0.10122025,-0.38510448,-35.49167454242706,1.0,160000
34638,55.33098713205672,0.6163001656532288,30.81500828266144,-1.0,-0.891109,-1.0,-0.05829417,-20.0,1.0,160000
24649,55.317076164030034,0.6160306930541992,30.80153465270996,-1.0,-0.7781478,-0.6989093,-0.4667815,-57.91245222091675,1.0,160000
17334,55.30768515242024,0.6158487796783447,30.79243898391724,-0.9924834,-1.0,-0.5785407,-0.80699396,-29.82581615447998,1.0,160000
27030,55.30614048881385,0.6158188581466675,30.79094290733337,-0.51468486,-0.6048762,-1.0,-0.94661933,-60.0,1.0,160000
22166,55.30608817944721,0.6158178448677063,30.790892243385315,-1.0,-1.0,-0.009235442,1.0,-37.54853665828705,1.0,85411
13790,55.27165572027124,0.6151508688926697,30.757543444633484,-1.0,-1.0,-0.7865141,-0.71145016,-20.0,1.0,160000
31240,55.24265030769241,0.6145890355110168,30.72945177555084,-0.4490624,-0.19350708,-0.8975761,0.75990736,-60.0,1.0,160000
9308,55.19188113045167,0.6136056780815125,30.680283904075623,-1.0,-0.78020215,0.3225094,-0.66306615,-33.77613127231598,1.0,160000
10085,55.180187054061015,0.613379180431366,30.6689590215683,-0.9045274,-0.57955456,0.58178264,-0.30955556,-59.59208130836487,1.0,98508
10529,55.16538769716721,0.6130925416946411,30.654627084732056,-0.52167684,-0.86685956,-0.5578767,-0.14004642,-34.83465909957886,1.0597542524337769,160000
12561,55.14450389090464,0.6126880645751953,30.63440322875977,-1.0,-1.0,-0.65182227,-0.804366,-60.0,1.0,114956
60646,55.14237424751536,0.6126468181610107,30.632340908050537,-1.0,-1.0,-1.0,1.0,-49.52853798866272,1.0,160000
38856,55.07161334175533,0.611276388168335,30.563819408416748,-0.39799404,-1.0,-0.73976773,-0.684342,-33.904356956481934,1.0,160000
55052,55.06893878146173,0.6112245917320251,30.561229586601257,0.15386665,-0.10834032,-1.0,-0.11995654,-43.096516728401184,1.0,160000
57938,55.06731065090828,0.611193060874939,30.55965304374695,-1.0,-0.8364819,0.36057562,-0.3016716,-20.0,1.0,160000
36745,55.04322693427517,0.6107266545295715,30.536332726478577,-1.0,-0.49824327,-1.0,-0.8284353,-27.184282541275024,1.0,136978
52031,55.035439997653576,0.6105758547782898,30.52879273891449,-1.0,-0.899828,-0.63395846,0.18711399,-25.619239807128903,1.0,160000
40576,55.03477210341174,0.6105629205703735,30.52814602851868,-0.7125952,-0.29087192,-0.31102332,-0.5419822,-60.0,1.0,160000
28625,55.02033070430456,0.6102832555770874,30.51416277885437,-0.0906291,-1.0,-0.9349335,-0.3860206,-46.898672580718994,1.0,160000
36736,54.994343659337545,0.6097800135612488,30.48900067806244,-0.53934515,-0.35443825,-1.0,-0.8273498,-51.78724646568298,1.0,150214
7054,54.91795448209166,0.6083008050918579,30.415040254592896,-1.0,-0.33797687,0.49400282,-0.98157,-32.7121102809906,1.0,101397
20624,54.91169028915672,0.60817950963974,30.408975481987,-0.7467211,-0.7980697,-0.53320396,-0.30638826,-20.0,1.0,160000
29840,54.88876946813818,0.6077356934547424,30.38678467273712,-1.0,-1.0,-0.6393876,0.22759888,-32.1147882938385,1.0,160000
60030,54.882471228137845,0.607613742351532,30.3806871175766,-1.0,-0.00066518784,-1.0,0.65265256,-41.0503163933754,1.0,160000
27763,54.878413982798094,0.607535183429718,30.3767591714859,-0.40727264,-1.0,-1.0,-0.27262133,-39.48006302118301,1.0,160000
4857,54.87099515255342,0.6073915362358093,30.369576811790463,-0.55219567,-0.88516587,0.676914,-0.80051875,-30.00951766967773,1.0,160000
60569,54.86948983121002,0.6073623895645142,30.368119478225708,-1.0,-1.0,-1.0,-0.8681636,-30.77551662921905,1.0,160000
42910,54.86862788748165,0.607345700263977,30.367285013198853,-1.0,-1.0,-1.0,-0.27621356,-60.0,1.0,140441
30230,54.83799453246043,0.6067525744438171,30.337628722190857,-1.0,-1.0,-1.0,-0.82487166,-30.513787269592285,1.0,160000
5400,54.83578726860854,0.6067098379135132,30.33549189567566,0.08320391,-1.0,-1.0,-0.88937646,-54.11063075065613,1.0,160000
35585,54.81690064485007,0.6063441634178162,30.317208170890808,-1.0,-1.0,-0.64301825,-0.8317996,-57.50365972518921,1.0,117389
42841,54.81116224085216,0.6062330603599548,30.31165301799774,-1.0,-1.0,-1.0,-0.50193876,-60.0,1.0,160000
34625,54.79928203697469,0.6060030460357666,30.30015230178833,-0.46250403,-0.18311852,-0.47187382,-0.99417645,-27.663062810897827,8.382088303565979,124473
15197,54.79409460036382,0.6059026122093201,30.295130610466003,-1.0,-0.8768242,0.4659924,-0.68567604,-55.50435543060303,1.0,160000
40552,54.73398605886119,0.6047388911247253,30.236944556236267,-1.0,0.17968452,-0.81011,-0.8030741,-32.46974349021912,1.0,160000
18653,54.730122163672505,0.6046640872955322,30.23320436477661,-1.0,-0.09231466,-0.49528766,-0.84304506,-50.45873761177063,1.0,136833
32343,54.72606120872803,0.6045854687690735,30.229273438453674,-0.99009895,-1.0,-1.0,-0.39179182,-30.11449933052063,1.0,148034
40890,54.71913076058961,0.6044512987136841,30.222564935684204,-1.0,-0.08656776,0.7156439,-0.40232605,-53.26246976852417,1.0,160000
1080,54.710125106877975,0.6042769551277161,30.213847756385803,-1.0,-1.0,-0.0075826645,-0.24036834,-60.0,1.0,160000
44240,54.70785597690076,0.6042330265045166,30.21165132522583,-0.36627853,-0.7961096,-0.7415442,-0.44500417,-49.69554960727692,1.0153309106826782,160000
42936,54.68396359539487,0.6037704944610596,30.18852472305298,-0.08310282,0.16180968,-0.44533205,-0.5614622,-40.83080545067787,1.0,110088
38465,54.65290262193589,0.6031692028045654,30.15846014022827,-1.0,-1.0,-1.0,-0.5832709,-27.62033581733704,1.0,160000
52096,54.6457160894821,0.6030300855636597,30.151504278182983,-1.0,-0.7322115,-1.0,-0.23106655,-20.0,1.0,160000
46085,54.64548207981868,0.6030255556106567,30.15127778053284,-1.0,-0.7573254,-1.0,-0.8390696,-34.07281160354614,1.0,160000
50068,54.63025285587402,0.6027307510375977,30.136537551879883,-1.0,-0.40260237,0.09750575,-0.4326362,-60.0,1.0,160000
37094,54.62178522999147,0.6025668382644653,30.128341913223267,-0.69329274,-0.9125129,-1.0,0.39026302,-57.92930722236633,1.0,88632
53264,54.61623658555769,0.6024594306945801,30.122971534729004,-1.0,-1.0,-0.46834436,-0.6371796,-33.83982062339783,1.0,156148
43455,54.60060660380692,0.6021568775177002,30.10784387588501,-1.0,-1.0,-1.0,-0.36726767,-43.086984157562256,1.0,113839
60234,54.5768439906056,0.6016969084739685,30.084845423698425,-1.0,-0.50100446,-1.0,-0.14758965,-36.04885548353195,1.0,160000
24043,54.57588325066484,0.6016783118247986,30.08391559123993,-0.43890065,-1.0,-0.19623888,0.2767741,-32.33373939990997,1.0,136901
45393,54.56993711137911,0.6015632152557373,30.078160762786865,-0.45850158,-0.48256457,-0.24863172,-0.053444736,-60.0,1.0,137201
26362,54.55598463355312,0.60129314661026,30.064657330513,-0.20204836,-0.22567648,-0.055104017,-0.5594778,-20.0,1.0,160000
61396,54.545548627192105,0.6010911464691162,30.05455732345581,-1.0,-1.0,-1.0,-0.21596383,-33.16745638847351,1.0,160000
43602,54.522388234338266,0.6006428599357605,30.032142996788025,-1.0,-1.0,-1.0,-0.50575465,-32.17220962047577,1.0,94178
636,54.52234204233231,0.6006419658660889,30.032098293304443,-1.0,0.25755262,-0.26896745,-0.53716594,-51.38698697090149,1.0,146239
39704,54.47920697921408,0.59980708360672,29.990354180336,-0.82011807,-1.0,1.0,-0.7128073,-20.0,1.0,160000
29232,54.47802133045542,0.5997841358184814,29.989206790924072,-0.4538679,-1.0,0.70509446,0.30742007,-56.9407320022583,1.0,160000
2011,54.45003651488536,0.5992425084114075,29.962125420570374,-0.1043005,-0.44713616,-1.0,0.058699876,-60.0,1.0,147972
46974,54.44983325473717,0.5992385745048523,29.96192872524261,-1.0,-1.0,-0.8907686,-0.61814916,-40.42841762304306,1.0,160000
58122,54.44947908922448,0.5992317199707031,29.96158599853516,-1.0,-0.8550578,-1.0,-0.43877265,-46.00572943687439,1.0,160000
1816,54.41631321849092,0.5985898375511169,29.929491877555847,-1.0,-0.35922378,-1.0,-0.8065436,-20.426392555236816,1.0,106215
5089,54.412001478494766,0.5985063910484314,29.92531955242157,-0.811713,-0.46685886,-1.0,-0.84482586,-33.89267563819885,1.0,160000
6217,54.38511734095161,0.597986102104187,29.89930510520935,-0.5977609,-0.48849386,0.9207365,-0.6438758,-32.49741196632385,1.0,160000
38619,54.37573897540564,0.597804605960846,29.890230298042297,-0.63435435,-1.0,-1.0,-0.78889024,-33.7495094537735,1.0,155725
33665,54.37500286990718,0.5977903604507446,29.88951802253723,-1.0,-1.0,-0.20829076,-0.666792,-32.495514154434204,1.0,160000
37757,54.34720908169194,0.5972524881362915,29.86262440681457,-1.0,-1.0,-0.53161144,-0.5795709,-52.545520067214966,1.0,110397
26905,54.34682715785728,0.5972450971603394,29.862254858016968,-1.0,-1.0,-0.4897419,-0.7164072,-24.790349006652832,1.0,160000
31131,54.32489400059903,0.5968206524848938,29.84103262424469,-1.0,0.046746016,-0.10517752,-0.14500087,-51.111873388290405,1.0,160000
10836,54.30182067265585,0.5963741540908813,29.818707704544067,-0.8021597,-1.0,-0.6675398,-0.3129145,-50.660767555236816,1.0,160000
21798,54.256608753322254,0.5954992771148682,29.774963855743408,-1.0,-0.6681056,0.37513667,-0.62298834,-25.502225160598755,1.0,160000
38745,54.209906806735454,0.5945956110954285,29.729780554771423,-0.5090019,-1.0,-1.0,-0.18535271,-20.0,5.00786817073822,108963
30015,54.20579436199621,0.5945160388946533,29.725801944732662,-0.6578083,-1.0,-0.11046374,-0.39411902,-58.93689632415772,1.0,160000
58741,54.17367971071008,0.5938946604728699,29.694733023643494,-0.6810925,-0.6893475,-1.0,-0.94616157,-44.70681846141815,1.0,160000
43930,54.17072233529398,0.5938374400138855,29.691872000694275,-1.0,-0.5864705,0.101613045,-0.68026596,-20.0,1.0,160000
58353,54.12126809614024,0.5928806066513062,29.644030332565308,-1.0,-0.29179227,-1.0,0.33368188,-40.25109231472016,1.0,157167
46242,54.10090401056303,0.5924866199493408,29.62433099746704,-1.0,-0.968999,-1.0,-0.54401165,-27.827402353286743,1.0,149987
17416,54.04596498432191,0.591423749923706,29.571187496185303,-1.0,-1.0,-0.3155351,-0.57651967,-60.0,1.0,160000
47317,54.04342314443024,0.5913745760917664,29.56872880458832,0.003886938,-1.0,-0.7078151,-0.68567705,-52.75591850280762,1.0,124873
56203,54.022025199863485,0.5909606218338013,29.548031091690063,-0.4674495,-1.0,-1.0,-0.22190686,-37.63882398605347,1.0,147406
56637,53.99572462053908,0.5904518365859985,29.522591829299927,-1.0,-0.08155024,0.11957872,-0.14031309,-52.15956091880798,1.0,146208
22381,53.990474275445216,0.5903502702713013,29.517513513565063,-1.0,-0.91984236,-0.9897753,-0.2509352,-31.67037844657898,1.133080780506134,155545
30788,53.988875132767184,0.5903193354606628,29.515966773033146,-1.0,-0.6068466,-0.03047204,-0.8622992,-31.432619094848636,4.9567044377326965,160000
35358,53.972969830048086,0.5900116562843323,29.500582814216614,-1.0,-0.01206851,-1.0,-0.12466744,-53.83666038513184,1.1839226484298706,118299
5431,53.94044353258247,0.5893824696540833,29.469123482704163,-0.76291895,-0.19317728,-1.0,0.82896864,-24.285967350006104,1.0,160000
56583,53.90982352406117,0.5887901782989502,29.43950891494751,-1.0,-0.94836104,-1.0,0.30458122,-54.22829866409302,1.0170829892158508,160000
49154,53.90569127076119,0.5887102484703064,29.43551242351532,-1.0,-0.289752,-1.0,-0.36566103,-37.67720431089401,1.0,145638
42447,53.89942352251598,0.5885890126228333,29.429450631141663,-1.0,-0.3493712,0.60047144,-0.45410895,-36.16700828075409,1.0,160000
46420,53.88545498106528,0.5883188247680664,29.41594123840332,-0.35623896,-0.730242,-1.0,0.6007865,-25.49731135368347,1.0,92896
599,53.884841753258186,0.5883069634437561,29.415348172187805,-0.13672608,-0.23462522,-0.9618834,-0.075182155,-60.0,1.0,113988
54364,53.86315972880038,0.5878875851631165,29.394379258155823,-1.0,-1.0,-1.0,0.24641335,-20.0,1.0,160000
48326,53.85405349661722,0.5877114534378052,29.38557267189026,-1.0,0.12820351,-1.0,-0.5494536,-60.0,1.0,133073
41855,53.8379887130108,0.5874007344245911,29.370036721229557,-1.0,-1.0,-0.6357832,0.18796022,-41.09270006418228,1.0,160000
9267,53.80786456320634,0.5868180990219116,29.34090495109558,-1.0,-1.0,-0.9380405,1.0,-42.36632078886032,1.0,143534
35395,53.797703796540446,0.5866215825080872,29.33107912540436,-1.0,-0.69059306,-0.26599056,-0.8427333,-25.966233015060425,1.0,160000
10706,53.789934447929056,0.5864713191986084,29.32356595993042,-1.0,-1.0,-0.2904012,0.84620965,-60.0,1.0,156207
56547,53.7767717086767,0.5862167477607727,29.310837388038635,-1.0,-0.4122765,-1.0,-0.53606087,-36.75641238689423,1.0,156713
20515,53.761565443585305,0.5859226584434509,29.296132922172543,-1.0,-1.0,-0.76366097,0.8323225,-20.0,1.0,130194
38129,53.759753249271725,0.585887610912323,29.29438054561615,0.12907958,-1.0,0.712811,-0.6259357,-46.99396133422852,1.0,129361
20524,53.74867351402597,0.5856733322143555,29.283666610717773,-1.0,-1.0,-0.05632764,-0.6582798,-22.0032262802124,1.0,106121
14337,53.73545778827539,0.5854177474975586,29.27088737487793,-1.0,-1.0,-0.004801333,-0.84872323,-56.580069065094,1.0,160000
57412,53.73256990492276,0.585361897945404,29.268094897270203,-0.30895948,-1.0,0.1532163,-0.08157482,-20.0,1.0,128935
49619,53.715898904021614,0.585039496421814,29.2519748210907,-1.0,-0.8331281,-1.0,1.0,-34.633556604385376,1.0,129167
37389,53.70306489280475,0.5847913026809692,29.239565134048465,-1.0,-1.0,0.36985362,-0.15000579,-60.0,1.0,92190
10183,53.69920294207625,0.5847166180610657,29.235830903053284,-0.12300193,-1.0,-1.0,-0.86614215,-42.441837042570114,1.0,160000
46518,53.69842007058638,0.5847014784812927,29.23507392406464,-0.19507337,-1.0,-1.0,-0.4744538,-54.75786209106445,1.0,160000
8732,53.68496012398644,0.5844411849975586,29.22205924987793,-1.0,-1.0,1.0,-0.9959785,-23.701530694961548,4.02291065454483,160000
13282,53.68222927480805,0.5843883752822876,29.21941876411438,-1.0,-1.0,-0.3896358,-0.8002162,-45.56942939758301,1.0,160000
28250,53.67816072589666,0.5843096971511841,29.215484857559204,-1.0,-1.0,0.6370465,0.19738701,-47.80959010124207,1.0,149338
8717,53.67412606365455,0.5842316746711731,29.21158373355865,-1.0,-1.0,0.68419325,-0.9520254,-33.198415637016296,1.0,160000
604,53.6714506628152,0.5841799378395081,29.208996891975403,-1.0,-1.0,-0.8692257,-0.8372278,-38.7159463763237,1.0,86165
10995,53.67065543847298,0.584164559841156,29.2082279920578,-0.26686907,-1.0,-1.0,-0.7821878,-20.0,1.0,160000
24414,53.645701069650414,0.5836820006370544,29.18410003185272,-0.45514596,-1.0,-0.60321736,-0.98478436,-60.0,1.0,160000
12196,53.64155221630639,0.5836017727851868,29.18008863925934,-1.0,-0.9844973,-0.41918898,0.012896836,-31.061057448387142,1.0,149124
14900,53.63351953865413,0.5834464430809021,29.172322154045105,-0.32922977,-1.0,0.2079103,-0.86531365,-30.029126405715942,1.0,154495
28216,53.60788908967247,0.5829508304595947,29.147541522979736,-0.48684615,0.016815305,-0.9756899,-0.89375514,-29.672269821166992,4.021343648433685,160000
52310,53.60011504520213,0.5828005075454712,29.14002537727356,-1.0,-0.15931094,-1.0,-0.6689849,-33.954594135284424,1.0,114239
3553,53.57050093620969,0.582227885723114,29.1113942861557,-1.0,-1.0,-1.0,-0.7325567,-38.64242747426033,1.0,160000
43452,53.51638109470024,0.5811814665794373,29.059073328971863,-1.0,-1.0,-0.7743495,-0.11453033,-43.380393385887146,1.0,160000
29706,53.50356276311277,0.5809336304664612,29.04668152332306,0.25950658,-0.003473878,0.43970692,-0.796232,-41.405514776706696,1.0,160000
54502,53.4824389392996,0.5805252194404602,29.02626097202301,-0.23687518,-0.25800896,0.55068743,-0.6302694,-20.0,1.0,151652
24471,53.48025623928629,0.5804830193519592,29.02415096759796,-1.0,-0.12498683,0.13780475,-0.6006893,-51.12226486206055,1.0,69661
18585,53.44357807233772,0.5797739028930664,28.98869514465332,-1.0,-1.0,-1.0,-0.17819218,-32.17309355735779,1.0,159165
19683,53.405677475328176,0.5790411829948425,28.952059149742126,-0.0504421,-0.14548725,0.20190656,-0.6398709,-20.0,1.0,160000
29306,53.39053282115307,0.5787484049797058,28.93742024898529,-1.0,-0.35987556,-0.9049099,-0.96064734,-31.36426627635956,1.0,160000
13488,53.379060081956425,0.5785266160964966,28.92633080482483,-0.88439536,-0.053571463,-0.5331174,0.24339148,-20.0,1.0,160000
9068,53.37654105450976,0.5784779191017151,28.923895955085754,-1.0,-0.09835827,-1.0,-0.4400791,-43.31803619861603,1.0,153106
12519,53.32408077280178,0.5774638056755066,28.87319028377533,-0.45082825,-0.36089307,-0.8849211,1.0,-47.30065166950226,1.0,160000
35066,53.3235874206312,0.5774542689323425,28.872713446617126,-1.0,-1.0,-0.98435,0.36083055,-20.0,1.0,160000
57341,53.30671769567384,0.5771281719207764,28.85640859603882,-1.0,-1.0,-0.052092373,-0.66069394,-20.0,1.217922925949097,160000
32435,53.30626133604134,0.5771193504333496,28.85596752166748,-0.9605539,-1.0,-1.0,-0.9600887,-20.0,1.0,131129
47730,53.28218495043194,0.5766539573669434,28.832697868347168,-1.0,-1.0,-0.7428697,-0.9941251,-43.42629313468933,1.0,160000
36328,53.2685245189514,0.5763899087905884,28.81949543952942,0.17842555,-1.0,-0.86243725,0.32661536,-55.7346248626709,1.0,160000
15154,53.26755008738,0.5763710737228394,28.818553686141968,-1.0,-1.0,0.64106387,1.0,-48.77063810825348,1.0,132511
39167,53.241462060110365,0.5758668184280396,28.793340921401978,-1.0,-0.9837902,-0.67143846,-0.52870166,-23.382080793380737,1.0,160000
12608,53.24089156868254,0.5758557915687561,28.792789578437805,-1.0,-0.90635204,-0.7167445,-0.46886677,-47.89572596549988,1.0,135440
27329,53.22357004079736,0.5755209922790527,28.77604961395264,-0.5858694,-0.37907302,-0.93544376,-0.5713291,-38.23976784944534,1.0,160000
55084,53.19331437565716,0.5749362111091614,28.74681055545807,-0.6002415,-0.04908991,-0.92716676,-0.81751627,-25.56922435760498,1.0,160000
6426,53.178634870857856,0.5746524930000305,28.73262465000153,-1.0,-1.0,-0.4851378,0.20906115,-60.0,1.0,160000
6824,53.12276108711314,0.5735726356506348,28.67863178253174,-1.0,-0.841746,0.031052768,0.14136654,-60.0,1.0,160000
46769,53.10140925460833,0.5731599926948547,28.657999634742737,-0.84626675,-1.0,-0.5537813,-0.2125214,-57.39753603935242,1.0,160000
23942,53.10116251655217,0.5731552243232727,28.657761216163635,-1.0,-1.0,-1.0,-0.61008215,-31.4629340171814,1.0,102607
31612,53.091582858000855,0.5729700922966003,28.648504614830017,-1.0,-0.84685564,0.29202402,-0.12399881,-32.4700927734375,1.0,143910
24323,53.09139780239722,0.5729665160179138,28.64832580089569,-1.0,-1.0,-0.51934665,-0.96795887,-28.225151300430294,1.0,160000
36428,53.0804516941203,0.572754979133606,28.637748956680294,-0.54189205,-1.0,-0.08403206,-0.13183542,-20.418347120285038,1.0,160000
5173,53.07048935247015,0.5725624561309814,28.628122806549072,-0.914019,-1.0,-1.0,0.15554985,-37.35117971897125,1.0,132119
38317,53.06519661971437,0.5724601745605469,28.623008728027344,-1.0,-0.2823708,-1.0,1.0,-60.0,1.0,131408
33895,53.05388314217035,0.5722415447235107,28.612077236175537,-1.0,-0.26771367,-1.0,-0.8938774,-33.42414975166321,1.0,160000
41479,53.01588260646328,0.5715072154998779,28.575360774993896,-1.0,0.3098309,-0.5713532,-0.44844112,-37.61048436164856,1.0,154694
34169,53.00424152780645,0.5712822675704956,28.56411337852478,-1.0,-1.0,-1.0,-0.54933864,-21.83079242706299,1.0,160000
40882,53.00271775034064,0.5712528228759766,28.562641143798828,-1.0,-1.0,0.14752239,-0.46139234,-44.3430095911026,1.265810489654541,160000
39068,53.001030487577424,0.5712202191352844,28.56101095676422,-0.4477417,-1.0,-0.115692794,0.4615143,-60.0,1.0,159026
5977,52.99775774375198,0.5711569786071777,28.557848930358887,-1.0,0.3097118,-1.0,1.0,-55.97798943519592,1.0,160000
22270,52.9940839893768,0.5710859894752502,28.554299473762512,-1.0,-1.0,-1.0,-0.7539574,-25.8547306060791,1.0,160000
7761,52.9495812879844,0.5702260732650757,28.511303663253784,-1.0,-1.0,-1.0,-0.333952,-20.0,1.0,160000
7137,52.93375015402144,0.5699201822280884,28.49600911140442,-1.0,-0.761425,0.04144466,0.7550636,-54.47396636009216,1.0,122085
40560,52.87897134201859,0.5688617825508118,28.44308912754059,-1.0,-0.5344786,-0.79193914,-0.12755315,-20.0,1.0,135168
34802,52.87812296357275,0.5688453912734985,28.442269563674927,-0.1419583,-0.9752797,0.20890301,1.0,-20.0,1.0337430834770205,160000
24164,52.8527483515052,0.568355143070221,28.417757153511047,-0.884396,-1.0,-1.0,-0.52041113,-51.20360493659973,1.0,160000
51967,52.84895057962797,0.5682817697525024,28.41408848762512,-0.37236285,-0.48055285,0.35487688,-0.9751035,-20.0,1.0,160000
10097,52.84740801927157,0.5682519674301147,28.412598371505737,-0.7321409,-0.73748374,-0.27916372,0.19157171,-60.0,1.0,137652
43805,52.80376476085222,0.5674088001251221,28.370440006256104,-1.0,-1.0,-1.0,-0.34633836,-60.0,1.0,135625
14878,52.78699610464403,0.5670848488807678,28.35424244403839,0.08397353,-0.5295407,0.1712659,-0.84860134,-36.50436341762543,1.0,160000
4663,52.754315570181205,0.5664535164833069,28.322675824165344,-0.5992726,-0.5688101,-0.56368834,-0.27466097,-36.53115153312683,1.0,160000
54449,52.73599701980928,0.5660996437072754,28.30498218536377,-1.0,-0.4354474,-1.0,0.19335975,-39.77523684501648,1.0,160000
5433,52.70128110662426,0.5654290318489075,28.271451592445374,-0.9871222,-1.0,0.03384328,0.5725764,-60.0,1.0,148588
18165,52.67925547411623,0.5650035738945007,28.25017869472504,-1.0,-1.0,1.0,-0.90262866,-20.06661295890808,1.0,160000
32140,52.66754506181945,0.5647773742675781,28.238868713378903,-1.0,-0.39551413,-1.0,-0.29453164,-20.0,1.0,129957
43397,52.62920043845719,0.5640367269515991,28.20183634757996,-1.0,-1.0,-1.0,-0.9418262,-43.71075093746185,1.0,160000
3157,52.61115386123265,0.5636881589889526,28.184407949447632,-1.0,-0.6328453,-1.0,-0.063970655,-20.0,1.0,160000
38408,52.602707512071206,0.5635250210762024,28.17625105381012,-0.5517513,-1.0,-1.0,-0.39205253,-60.0,1.0,160000
49022,52.60101638057789,0.5634923577308655,28.174617886543277,-0.88744366,-1.0,-1.0,-0.36900556,-60.0,1.0,117254
49342,52.56987797536388,0.5628909468650818,28.14454734325409,-1.0,-1.0,-1.0,-0.39766073,-41.17549508810043,1.0,160000
43127,52.568257759529146,0.5628596544265747,28.142982721328732,-0.12979043,-0.47851312,0.83214134,-0.8938265,-20.0,1.5115064978599548,160000
24300,52.558752431030754,0.5626760721206665,28.133803606033325,-0.4287302,-1.0,-0.022759676,-0.7727546,-57.13582515716553,1.0,160000
56725,52.55181470848842,0.5625420808792114,28.12710404396057,-1.0,-1.0,-1.0,-0.88916874,-33.513970375061035,1.0,160000
8996,52.52398300718716,0.562004566192627,28.100228309631348,-0.9481795,-1.0,-1.0,-0.3663526,-52.164952754974365,1.0,160000
27544,52.50165340837377,0.561573326587677,28.07866632938385,-1.0,-1.0,0.3234321,-0.37113574,-44.877178370952606,1.0,124143
10585,52.48843746484254,0.5613180994987488,28.06590497493744,0.08106387,-0.4617706,0.5404954,-0.91475815,-53.49502921104431,1.0,160000
46519,52.48788499563103,0.561307430267334,28.0653715133667,-1.0,-0.64142555,-0.80283386,-0.23856612,-25.631253719329838,1.0,160000
55623,52.48569980660558,0.561265230178833,28.06326150894165,-0.5380522,-1.0,-1.0,-0.23062909,-52.29538679122925,1.0,124374
1440,52.46119320330504,0.5607919692993164,28.03959846496582,-0.4373228,-0.50454044,-1.0,-0.3204111,-32.29151010513306,1.0,160000
33287,52.45316204316299,0.5606368780136108,28.031843900680546,-1.0,-0.49293613,0.0007543564,-0.4309438,-33.85626137256622,1.1704603433609009,160000
46961,52.44978535267535,0.5605716705322266,28.028583526611328,-0.991229,-1.0,-0.46530074,-0.8787214,-48.595075607299805,1.0,125069
52713,52.44382209657051,0.5604565143585205,28.022825717926025,-1.0,-1.0,-1.0,-0.8084992,-58.84911060333252,1.0,127551
57590,52.42793530705144,0.5601497292518616,28.00748646259308,-1.0,-1.0,-0.4177701,0.1099929,-24.460604190826416,1.0,160000
52226,52.41986370302175,0.5599938631057739,27.999693155288696,-1.0,-1.0,-0.77115494,1.0,-47.43930399417877,1.0,160000
61034,52.414554613396206,0.5598913431167603,27.994567155838013,-1.0,-0.28559798,-0.3261279,-0.10709263,-36.192593574523926,1.0,160000
15118,52.40276028906735,0.5596635937690735,27.983179688453674,-1.0,-1.0,-0.2082861,-0.41957292,-20.0,1.203048586845398,160000
42585,52.399053114454986,0.5595920085906982,27.979600429534912,-1.0,-1.0,-0.89093715,-0.9265673,-30.70321202278137,1.0,124904
5199,52.39410504490705,0.5594964623451233,27.974823117256165,-0.3651461,-1.0,0.14185703,-0.23533489,-40.26997534558177,1.0,160000
54221,52.35669879389088,0.5587741732597351,27.938708662986755,-0.5833523,0.6854733,-0.56388354,-0.25327414,-30.43735682964325,1.0,160000
601,52.35647653687396,0.5587698817253113,27.938494086265564,-1.0,-0.74079424,0.42736524,-0.6728656,-51.40488624572754,1.0,125054
9261,52.34307926882488,0.5585111975669861,27.925559878349304,-1.0,-1.0,-1.0,0.30520496,-41.36533007025719,1.0,155888
34087,52.34088752944546,0.5584688782691956,27.923443913459774,-1.0,-0.36220843,-1.0,-0.40491316,-20.0,1.0,74450
52109,52.31950387775605,0.5580559968948364,27.90279984474182,-1.0,-1.0,-1.0,0.60260236,-34.002991914749146,1.0,159279
16040,52.28929664601969,0.5574727654457092,27.87363827228546,-0.51789266,-1.0,-0.11462307,-0.9879871,-26.97922110557556,1.0,151111
56274,52.25323793464244,0.5567765831947327,27.838829159736637,-1.0,-1.0,-1.0,-0.98723227,-41.22479736804962,1.0,120479
18427,52.193215852134685,0.5556178092956543,27.780890464782715,-0.5501443,-1.0,-0.8335442,-0.8882641,-40.99484652280808,1.0,160000
11919,52.190585290648926,0.5555670261383057,27.778351306915283,-1.0,-1.0,-0.8729701,-0.29240942,-35.040616393089294,1.0,149999
36237,52.18408603894545,0.5554415583610535,27.772077918052677,-1.0,-0.44139528,0.09325099,-0.9495863,-50.33077836036682,1.0,142671
15592,52.17684263226755,0.5553017258644104,27.76508629322052,-1.0,-1.0,0.9938761,-0.5103119,-20.0,1.0,160000
40267,52.17380137058171,0.5552430152893066,27.76215076446533,-1.0,-0.2706042,-0.19496393,-0.97896063,-51.691107749938965,1.0,98814
38460,52.17189015574069,0.5552061200141907,27.760306000709534,-1.0,0.046192408,0.48680997,-0.0994535,-29.680582284927368,1.0,160000
45642,52.16660727558768,0.55510413646698,27.755206823349,0.2315402,-1.0,-1.0,1.0,-34.64572250843048,1.0,160000
39101,52.16444903488534,0.555062472820282,27.7531236410141,-1.0,-1.0,-1.0,-0.5614529,-38.6882883310318,1.0,160000
55102,52.14782514364444,0.5547415614128113,27.737078070640564,-1.0,-1.0,-0.4761898,-0.95224243,-60.0,1.0,160000
32111,52.14161271208243,0.5546216368675232,27.73108184337616,-1.0,-1.0,0.49962837,0.55185485,-45.58387637138367,1.0,160000
35774,52.11818599002721,0.5541694164276123,27.70847082138061,-1.0,-0.47151977,0.06162876,-0.9706328,-39.74447160959244,1.0,160000
34988,52.0850317326411,0.5535294413566589,27.676472067832947,-1.0,-0.52222854,-0.12386584,1.0,-33.01747441291809,1.0,130744
13575,52.06270581617555,0.5530984997749329,27.654924988746643,-1.0,-0.96607727,-1.0,-0.7837905,-49.47675347328186,1.0,160000
15430,52.03806940462723,0.5526229739189148,27.63114869594574,-0.39121217,-1.0,0.2632504,-0.3585777,-51.73888802528381,1.0,105417
37759,52.03117984701066,0.5524899959564209,27.624499797821045,-1.0,0.041221976,-1.0,-0.6044068,-28.586381673812863,1.0,160000
34384,52.02296541752739,0.5523314476013184,27.61657238006592,-0.22124803,-0.58306587,-0.20434403,-0.8127247,-20.0,1.0,85435
24291,52.022319994577146,0.5523189902305603,27.61594951152801,-1.0,0.30568492,-1.0,-0.56133664,-30.24626135826111,1.0,139017
23277,52.0203003424414,0.5522800087928772,27.61400043964386,-0.70811903,0.4188367,0.3762222,0.05701533,-20.88599920272827,1.0,76831
38327,52.01733879459732,0.5522228479385376,27.61114239692688,-0.9789239,-1.0,-1.0,-0.6510469,-20.0,1.0,160000
40441,52.01362680813304,0.5521512031555176,27.60756015777588,-1.0,-0.20887184,-0.22869456,-0.6506086,-20.0,1.0,160000
14822,52.003880447383736,0.5519630908966064,27.59815454483032,-1.0,-1.0,0.78311163,-0.42135528,-60.0,1.0,160000
51852,51.99877251739039,0.551864504814148,27.5932252407074,-0.61162615,-0.24363989,-0.4486633,-0.87066466,-29.198086261749268,1.0,97900
55287,51.9974600151108,0.5518391728401184,27.59195864200592,-1.0,-1.0,-1.0,0.6788674,-47.56578803062439,1.0,160000
55762,51.989004361664165,0.5516759753227234,27.58379876613617,-1.0,-0.5255061,-1.0,0.4681975,-45.00319242477417,1.0,160000
13577,51.97152144926419,0.5513385534286499,27.56692767143249,-1.0,-0.31526828,-1.0,0.8664696,-41.73944398760796,1.0,145308
40097,51.937230875814535,0.5506767630577087,27.53383815288544,-1.0,-1.0,-0.1547271,0.13855428,-20.0,1.0,160000
55827,51.92936141332636,0.550524890422821,27.52624452114105,-1.0,-1.0,-1.0,-0.37119254,-47.08752751350403,1.0,142658
22466,51.90658339953823,0.5500853061676025,27.504265308380127,-1.0,-1.0,-0.60828507,0.38004252,-33.17136466503143,1.0,160000
46828,51.90312726275892,0.5500186085700989,27.500930428504944,-0.8464111,-0.2845022,-1.0,-0.82966983,-20.60919523239136,1.0,131280
56426,51.88575987555187,0.5496834516525269,27.484172582626343,-1.0,-0.5438044,0.6160902,-0.44635275,-33.88786435127258,1.0,160000
18878,51.84130347616946,0.5488255620002747,27.441278100013733,-1.0,-1.0,-1.0,0.05699277,-30.081584453582764,1.0,160000
20921,51.83113805225943,0.5486294031143188,27.431470155715942,-0.292022,-1.0,-1.0,1.0,-23.261911869049072,1.0,127566
12170,51.82383282973419,0.548488438129425,27.42442190647125,-1.0,-0.32226527,0.31615555,-0.42292267,-60.0,1.0,151744
43002,51.81197135520216,0.5482595562934875,27.412977814674377,-1.0,-1.0,-0.43825567,-0.7917967,-20.0,1.0,160000
34019,51.79870421300804,0.5480035543441772,27.400177717208862,-1.0,-0.30061376,-1.0,0.12476918,-28.904407024383545,1.0,96381
57896,51.791358539614535,0.5478618144989014,27.39309072494507,-0.6532617,-1.0,-1.0,-0.9618596,-60.0,1.5285042524337769,160000
49191,51.7849055358116,0.5477373003959656,27.38686501979828,-1.0,-1.0,-1.0,-0.69628155,-20.0,1.0,122433
15318,51.76732863813259,0.5473981499671936,27.36990749835968,-1.0,-1.0,1.0,-0.0864458,-60.0,1.0,149555
57004,51.74348646107849,0.5469381213188171,27.346906065940857,-1.0,-1.0,-1.0,-0.31423813,-41.60186380147934,1.0,160000
2511,51.73221694026648,0.5467206835746765,27.336034178733826,-0.994676,-0.2279486,-1.0,-0.29718795,-37.00022220611572,1.0,160000
26805,51.72043752699179,0.546493411064148,27.3246705532074,-1.0,-1.0,-0.059715867,-0.72634757,-20.0,1.0,110146
60247,51.69842905396622,0.5460687875747681,27.303439378738403,-0.47771704,-1.0,0.9626911,-0.41925603,-38.66359204053879,1.0,84115
54315,51.681097419344326,0.5457344055175781,27.286720275878903,-1.0,-0.028967977,0.2222994,-0.77993846,-46.60921931266785,1.0,160000
35284,51.667772504545454,0.5454773306846619,27.273866534233093,-1.0,-1.0,-1.0,1.0,-37.512444853782654,1.0,78781
46279,51.593809468413625,0.5440504550933838,27.20252275466919,-1.0,-0.7299653,-0.68210995,-0.61930454,-60.0,1.2936634421348572,160000
36014,51.57614185610062,0.5437096357345581,27.185481786727905,-1.0,-1.0,-0.39889136,-0.7663978,-41.13174051046372,1.0,112124
22681,51.5593266702174,0.5433852672576904,27.16926336288452,-1.0,-0.9633486,-0.60046047,-0.7180371,-34.74145472049713,1.0,160000
28159,51.55752215280994,0.5433504581451416,27.16752290725708,-0.8566096,-1.0,0.049911976,0.5619848,-36.66667759418488,1.0,160000
10743,51.54948829261685,0.5431954860687256,27.15977430343628,-1.0,-1.0,-0.47732717,-0.42147958,-60.0,1.0,142026
59867,51.52122699735064,0.5426503419876099,27.132517099380493,-1.0,-1.0,-1.0,-0.13685721,-53.78886342048645,1.0,160000
56805,51.52085618861036,0.5426431894302368,27.13215947151184,-1.0,-0.42715257,0.11693096,-0.10183462,-20.0,3.596549093723297,160000
14709,51.50753476934612,0.5423862338066101,27.119311690330505,-0.2433024,-1.0,-0.9839825,-0.990798,-48.48370552062988,1.0,141441
59358,51.493109931439164,0.5421079993247986,27.10539996623993,-0.26614845,-1.0,-0.8990434,-0.79322004,-41.40892416238785,1.0,160000
48671,51.49197892401773,0.5420861840248108,27.10430920124054,-1.0,-0.932765,-0.17110008,-0.8553151,-60.0,1.1546484231948853,109039
49151,51.49078920134847,0.5420632362365723,27.103161811828613,-1.0,0.36841726,-0.45719543,-0.68902206,-45.12613534927368,1.0,160000
38462,51.46760933773088,0.5416161417961121,27.080807089805603,-0.024597645,0.03512168,-1.0,-0.8059983,-20.0,1.0,160000
34974,51.46610436903477,0.5415871143341064,27.07935571670532,-1.0,-1.0,-1.0,-0.91855943,-20.0,1.369617938995361,117290
33935,51.46442016041422,0.5415546298027039,27.077731490135196,-0.7151158,-0.6736679,0.14802521,-0.18583198,-21.451408863067627,1.0,160000
31124,51.45315595702402,0.5413373708724976,27.06686854362488,-1.0,-0.3474058,-0.629605,-0.075357795,-52.86279678344727,1.0,160000
1539,51.4387919325832,0.5410603284835815,27.05301642417908,-0.035142183,-1.0,0.22375631,-0.41115218,-55.58188319206238,1.0,160000
55812,51.41583923478436,0.5406176447868347,27.030882239341736,-1.0,-1.0,-0.58789134,-0.46851194,-60.0,1.0,143485
36987,51.41236861234629,0.540550708770752,27.0275354385376,-0.8321799,-0.4531793,-1.0,0.25080976,-60.0,1.1799273490905762,157264
26263,51.40865691456931,0.5404791235923767,27.023956179618835,0.043675065,-1.0,-0.37172648,-0.6000149,-60.0,1.0,158473
44004,51.34719964835783,0.5392938852310181,26.964694261550903,-1.0,-0.8808119,0.5701348,-0.31138462,-20.0,1.0,160000
55898,51.33801695915111,0.5391167998313904,26.95583999156952,-1.0,-1.0,-0.7231836,1.0,-28.154900074005127,1.0,136286
23967,51.318142913543696,0.5387335419654846,26.93667709827423,-0.031597614,-1.0,-1.0,-0.7547948,-24.186283349990845,1.0,160000
23353,51.3178090994378,0.5387271046638489,26.936355233192444,-0.4721709,-1.0,0.20654058,-0.48897898,-20.0,1.0,160000
7949,51.31506440026452,0.5386741757392883,26.933708786964417,-1.0,-1.0,0.16117662,-0.15356793,-30.951889753341675,1.0,126885
803,51.30881461004222,0.5385536551475525,26.927682757377625,-1.0,-1.0,0.42552572,-0.5201503,-28.791487216949463,1.0,141524
12055,51.30452441843032,0.5384709239006042,26.92354619503021,-1.0,-0.6814445,-0.585459,0.70632136,-50.08759617805481,1.0,160000
37970,51.29755744313991,0.5383365750312805,26.916828751564022,-0.60560143,-1.0,-1.0,-0.8191105,-51.06525897979736,1.0,160000
8163,51.29606142080328,0.5383077263832092,26.91538631916046,-1.0,-0.4591239,-0.7334607,-0.7343664,-46.88098609447479,1.0,124170
57387,51.28994439049819,0.5381897687911987,26.909488439559937,-0.80705374,-0.60752106,-0.3896856,-0.095172845,-54.1155731678009,1.013301968574524,160000
5366,51.27834693788903,0.5379661321640015,26.898306608200077,-1.0,-1.0,-1.0,-0.9388684,-60.0,1.0,89165
624,51.27075842588246,0.5378198027610779,26.89099013805389,0.021396756,-1.0,-0.44227624,0.8958707,-46.043100357055664,1.0,110048
18895,51.24543296978856,0.5373314619064331,26.86657309532165,-1.0,-0.028381586,-1.0,-0.22680876,-46.04824244976044,1.0,160000
60662,51.22697234643076,0.5369755029678345,26.848775148391724,-0.8015214,-1.0,-0.09678036,-0.6183083,-20.0,1.0,160000
37714,51.20246775576166,0.5365030169487,26.825150847435,-1.0,-1.0,-1.0,-0.35407382,-45.49372673034668,1.0,154270
9436,51.197209384429726,0.536401629447937,26.82008147239685,-0.96648777,-1.0,-1.0,-0.12011554,-46.446314454078674,1.0,160000
56774,51.19175931224164,0.536296546459198,26.8148273229599,-0.78978056,-1.0,-1.0,0.19595437,-21.788779497146606,1.0,160000
22131,51.1904021981093,0.5362703800201416,26.81351900100708,0.06309271,0.58933544,-0.20223677,0.4660803,-32.54016399383545,1.0,160000
51211,51.14681870989703,0.5354300737380981,26.771503686904907,-1.0,-0.4353292,-0.55429345,-0.48391238,-48.34336221218109,1.0,160000
28535,51.12902043209365,0.5350869297981262,26.75434648990631,-0.93342847,-0.9444299,-1.0,-0.8617751,-28.32123637199402,1.0,160000
55159,51.092195209440106,0.5343769788742065,26.718848943710327,-1.0,-0.90725416,0.80391777,-0.6131614,-37.80559122562408,1.0,136927
25204,51.06416159479288,0.5338365435600281,26.691827178001404,-0.63071877,-1.0,0.058426082,-0.6394138,-60.0,1.0085309147834778,160000
52088,51.05661426489488,0.5336910486221313,26.684552431106567,0.17263043,-0.38109106,-0.5023967,-0.7675324,-21.430200338363647,1.0,160000
18745,51.04802487399762,0.5335254669189453,26.676273345947266,-1.0,-0.44774568,-0.94107264,-0.5213178,-32.67765402793884,1.0,160000
13470,51.02501113902598,0.5330818295478821,26.654091477394104,-1.0,-0.9721901,-0.7595566,-0.19155411,-20.0,1.0,152747
51622,51.00970536961859,0.5327867865562439,26.639339327812195,-0.26704574,-1.0,-0.49158743,-0.52405876,-22.200543880462646,1.0,160000
9555,50.99800475242745,0.5325612425804138,26.62806212902069,-1.0,-1.0,-0.76409554,0.26322436,-42.20191970467568,1.0,160000
12521,50.99654834698825,0.5325331687927246,26.62665843963623,-1.0,-0.44293654,0.06667638,-0.7442888,-20.0,1.0,80162
8134,50.99120816993199,0.5324302315711975,26.621511578559875,-0.8135902,-0.59255075,-0.14741623,-0.6886187,-20.0,1.7054215669631958,154353
56633,50.97063870775905,0.5320337414741516,26.60168707370758,-1.0,-1.0,-1.0,0.02633585,-46.87057316303253,1.0,160000
44014,50.935905606821024,0.5313642621040344,26.56821310520172,-1.0,-0.49941254,-1.0,-0.96168745,-24.484347105026245,1.0,135169
23328,50.93207719967548,0.5312904715538025,26.564523577690125,-1.0,-0.19852936,-1.0,-0.9049585,-46.22358441352844,1.0,141356
40223,50.93113710321012,0.5312723517417908,26.56361758708954,-1.0,-0.95570856,-1.0,-0.8845484,-20.0,1.2371776103973389,151079
3095,50.91567482332949,0.5309743285179138,26.54871642589569,-1.0,-0.9682934,-1.0,-0.71743196,-60.0,1.0,97802
55340,50.914688319186205,0.5309553146362305,26.547765731811523,-1.0,-1.0,-0.94189477,-0.27182198,-43.45386654138565,1.0,160000
52401,50.88733164609273,0.5304280519485474,26.521402597427368,-1.0,-0.6232071,1.0,-0.2606215,-60.0,1.0,136402
20139,50.86225331233484,0.5299447178840637,26.497235894203182,-1.0,-0.33293414,-1.0,-0.9822651,-20.0,3.322044968605041,160000
4031,50.85003084112852,0.5297091603279114,26.48545801639557,0.0030914545,-0.5958477,-0.6395616,0.2948763,-20.0,1.0,160000
17170,50.8497215655072,0.5297031998634338,26.48515999317169,-1.0,-0.5157295,-0.08942652,-0.9414401,-60.0,1.0,160000
39102,50.83659269857552,0.5294501781463623,26.472508907318115,-1.0,-1.0,-1.0,-0.093459465,-38.91281738877296,1.0,160000
37023,50.8278616436798,0.5292819142341614,26.46409571170807,-1.0,-1.0,-1.0,-0.124418415,-21.96365237236023,1.0,82787
3028,50.79444269731116,0.5286378860473633,26.431894302368164,-0.99412185,-1.0,-1.0,-0.4215407,-20.0,1.0,130830
14421,50.78192528851713,0.5283966660499573,26.419833302497864,-1.0,-0.52478784,-0.1612243,-0.7876201,-20.0,1.0,121868
44905,50.769936588940986,0.5281656384468079,26.408281922340397,-1.0,-1.0,-1.0,-0.42994386,-43.24761033058167,1.0942015647888184,91835
51768,50.74297678105988,0.5276461243629456,26.38230621814728,-1.0,-1.0,-0.63816965,-0.7061909,-36.50934159755707,1.0,160000
47164,50.71089037673364,0.5270278453826904,26.35139226913452,-1.0,-1.0,-1.0,0.047890175,-53.00296902656555,1.0,160000
57081,50.68262919745382,0.5264832973480225,26.324164867401123,-1.0,-0.92925024,-1.0,0.08451708,-20.0,1.0,160000
55376,50.67393965978162,0.5263158679008484,26.31579339504242,-1.0,-1.0,-1.0,0.2530856,-22.33955979347229,1.0,160000
60656,50.67069459110654,0.526253342628479,26.31266713142395,-1.0,-1.0,-0.9465475,-0.9704168,-39.0228483080864,1.0,160000
23690,50.663192829212754,0.5261088013648987,26.30544006824493,-1.0,-1.0,1.0,-0.6147013,-42.263230085372925,1.0,133234
14486,50.64305989253285,0.5257208943367004,26.286044716835026,-1.0,-1.0,0.38643265,-0.9298891,-60.0,1.0,160000
53571,50.6415192735504,0.5256912112236023,26.284560561180115,-0.9447961,-0.1370315,-0.44442794,-0.84935313,-60.0,1.0,84190
25225,50.625008463847024,0.525373101234436,26.2686550617218,-1.0,0.07075107,-0.23857093,-0.32925034,-21.892247200012207,1.362309813499451,160000
51551,50.61318121480202,0.5251452326774597,26.257261633872982,-0.27033877,-0.6380244,-1.0,0.465001,-55.33566117286682,1.0,160000
18072,50.60903560034893,0.5250653624534607,26.253268122673035,-0.35285378,-1.0,-1.0,-0.37255394,-52.98565626144409,1.0,69775
57371,50.59314592640541,0.5247592329978943,26.237961649894714,-1.0,-1.0,-0.56333864,-0.1322851,-29.49168920516968,1.0,118493
45588,50.58441821734257,0.5245910882949829,26.229554414749146,-1.0,-1.0,-1.0,-0.32521558,-52.62627840042114,1.0,84200
58223,50.57238612384484,0.5243592858314514,26.21796429157257,-0.56445426,-1.0,-0.1848517,0.107714675,-22.09218382835388,1.0,146733
60025,50.50233064028248,0.523009717464447,26.15048587322235,-0.41088063,-0.9942714,-0.25834936,0.8843881,-34.57470715045929,1.0,128494
23196,50.47310227616123,0.5224466919898987,26.12233459949493,-1.0,-1.0,-0.9718937,-0.81348884,-21.059000492095947,1.0,117476
54367,50.456869295559954,0.522134006023407,26.10670030117035,-1.0,-1.0,-1.0,-0.6769002,-33.467639684677124,1.0,160000
11252,50.43632846026063,0.5217383503913879,26.0869175195694,-1.0,-1.0,1.0,-0.9015485,-35.06378799676895,1.1817074418067932,160000
977,50.422997342340565,0.5214815735816956,26.074078679084774,-1.0,-0.08842397,-1.0,0.8015814,-56.45251035690308,1.0,160000
16834,50.403585092853376,0.5211076736450195,26.055383682250977,-1.0,-1.0,-1.0,-0.38660175,-60.0,1.0,160000
46220,50.398042620148615,0.5210009217262268,26.05004608631134,-1.0,-1.0,-0.9938259,-0.64923656,-37.79889896512032,1.0,160000
44773,50.39155004428798,0.520875871181488,26.0437935590744,-1.0,-0.31136,-1.0,-0.6341076,-52.090386152267456,1.0,160000
8712,50.38117046819586,0.5206759572029114,26.03379786014557,-1.0,-1.0,-0.783648,-0.77485466,-56.94286346435547,1.0,160000
8597,50.373879300367925,0.5205355286598206,26.026776432991028,-0.73111856,-1.0,-1.0,-0.9328878,-60.0,1.0,160000
2766,50.3686925000072,0.520435631275177,26.02178156375885,-1.0,-1.0,-1.0,-0.64353955,-57.99530506134033,1.0,160000
20205,50.3620634926869,0.5203079581260681,26.01539790630341,-0.056163132,-1.0,-0.46288124,-0.8352363,-60.0,1.0,135011
10584,50.339019331936726,0.5198641419410706,25.993207097053528,-0.8647304,-1.0,-0.06568164,-0.6319456,-36.016886830329895,1.0,132507
41840,50.33175869200147,0.5197243094444275,25.98621547222137,-1.0,-0.029854298,-0.5216313,-0.6043564,-20.0,1.0,157302
26778,50.3143186237763,0.5193884372711182,25.969421863555908,-1.0,-1.0,0.58056056,-0.69678706,-41.48931175470352,1.5112981796264648,90748
30892,50.3100382379056,0.5193060040473938,25.96530020236969,-1.0,-1.0,-1.0,-0.8036077,-30.877410173416138,1.0,160000
47878,50.30004438276519,0.5191135406494141,25.955677032470703,-1.0,-0.65304637,-1.0,-0.37487626,-50.27472496032715,1.0,110855
23818,50.28614127481104,0.518845796585083,25.94228982925415,-0.5803066,-1.0,-0.5266267,0.8503615,-35.57774305343628,1.0,160000
41118,50.280152209262894,0.5187304615974426,25.93652307987213,-1.0,-1.0,-0.6102108,-0.09452587,-35.516679883003235,1.0952962040901184,160000
14894,50.27205219028663,0.5185744762420654,25.92872381210327,-0.5029344,-0.7232671,-0.14853942,-0.72816086,-60.0,1.0,160000
28168,50.25505021302351,0.5182470679283142,25.91235339641571,0.029315352,-1.0,0.68415076,-0.8594491,-52.21896409988403,1.4486021399497986,114099
5052,50.23842546521003,0.5179269313812256,25.89634656906128,-0.57909286,-0.2583058,-1.0,-0.82982486,-40.02273226622492,1.0,160000
542,50.19348627959853,0.5170615911483765,25.853079557418823,-1.0,-0.27200162,-1.0,-0.93383366,-60.0,1.0,139416
17255,50.17731826022958,0.5167502760887146,25.83751380443573,-1.0,-1.0,0.2310533,-0.4860556,-54.27930474281311,1.0,160000
30554,50.17387287434046,0.5166839361190796,25.83419680595398,-1.0,-1.0,-1.0,-0.58901954,-59.72623109817505,1.0,136456
20497,50.17174310374932,0.5166429281234741,25.832146406173703,-0.9342231,-1.0,-0.9196924,-0.5549749,-20.0,1.0,113402
56582,50.16429195269295,0.5164994597434998,25.824972987174988,-1.0,-0.8361139,-0.51975244,0.9977271,-20.0,1.0,78992
46315,50.16004473111336,0.5164176821708679,25.8208841085434,-1.0,-1.0,-0.5407593,0.97922015,-25.641746520996094,1.0,156601
40300,50.1558872588808,0.5163376331329346,25.81688165664673,-1.0,-1.0,-1.0,-0.11449476,-29.26361083984375,1.2532854676246643,113505
54423,50.14002796867402,0.5160322785377502,25.801613926887512,-1.0,-1.0,-1.0,-0.9464463,-33.93805265426636,1.0,160000
50490,50.08117867314616,0.5148992538452148,25.744962692260746,-1.0,-1.0,-1.0,-0.5326745,-60.0,1.0,109986
51296,50.07442628259072,0.5147692561149597,25.738462805747982,-1.0,-0.87219405,0.49116945,-0.44872904,-28.81537914276123,1.0,111797
47939,50.06302354521714,0.514549732208252,25.7274866104126,-0.45110023,0.46430755,-1.0,1.0,-40.53649395704269,1.0,160000
46081,50.055407170707326,0.5144031047821045,25.720155239105225,-0.74928284,-0.70216286,-0.46502063,-0.2968309,-33.16128849983215,1.0,89603
32881,50.020135485263,0.5137240886688232,25.68620443344116,-1.0,-0.7938986,-0.5194875,-0.8036329,-47.43239998817444,1.0,160000
17340,50.01997757614544,0.5137210488319397,25.686052441596985,-1.0,-0.21469736,-1.0,-0.82941973,-20.0,1.0,160000
49563,50.01609795486644,0.5136463642120361,25.682318210601807,-1.0,-0.7890947,-1.0,-0.19202417,-48.26693773269653,1.0,160000
27358,50.0155746842971,0.5136362910270691,25.68181455135345,-1.0,-1.0,0.11185932,-0.2513783,-60.0,1.0,160000
57922,49.98335100289404,0.5130159854888916,25.65079927444458,-1.0,-0.95016,-1.0,0.3917477,-60.0,1.0,115506
18084,49.97902839159391,0.5129327774047852,25.646638870239254,-1.0,-1.0,-1.0,1.0,-20.47404646873474,1.0,160000
18088,49.97902839159391,0.5129327774047852,25.646638870239254,-1.0,-0.51416516,-1.0,1.0,-46.84512794017792,1.0,160000
11897,49.97824189645063,0.5129176378250122,25.64588189125061,-1.0,-0.53558326,-1.0,-0.2514393,-20.0,1.0,160000
5694,49.96568882057721,0.5126760005950928,25.63380002975464,-1.0,-0.16002494,-1.0,-0.6921387,-60.0,1.0,160000
29831,49.939306200280924,0.5121681690216064,25.60840845108032,-1.0,-1.0,-1.0,0.25340182,-33.799335956573486,1.0,160000
7630,49.92500281722971,0.5118928551673889,25.59464275836945,-1.0,-0.7913927,-1.0,-0.9753258,-53.46267104148865,1.0,160000
32221,49.9247396000669,0.511887788772583,25.59438943862915,-1.0,-1.0,0.07812047,0.1673793,-60.0,1.0,146657
39139,49.91375871205943,0.5116764307022095,25.583821535110477,-1.0,-0.33019114,-1.0,-0.57111025,-38.27728509902954,1.0,92848
51156,49.87576092075376,0.5109450817108154,25.54725408554077,-1.0,-1.0,-1.0,-0.5730827,-42.72240251302719,1.0,94673
42184,49.85661569949069,0.510576605796814,25.5288302898407,-1.0,-1.0,-1.0,-0.26085645,-37.67168119549751,1.0,160000
10768,49.8468911398803,0.5103894472122192,25.51947236061096,-1.0,-1.0,-1.0,0.4179717,-42.63540118932724,1.0,88996
8281,49.83076479826703,0.5100790858268738,25.50395429134369,-1.0,-0.054136038,-0.36479768,-0.35388085,-26.59473180770874,1.0,147525
14649,49.82854108702033,0.510036289691925,25.50181448459625,-1.0,-0.8251046,-1.0,-0.46692032,-60.0,1.0,160000
39021,49.82569794734346,0.5099815726280212,25.499078631401066,-0.6791464,-1.0,-1.0,-0.4174829,-34.239216446876526,1.0,160000
4577,49.82186061965648,0.5099077224731445,25.495386123657227,-1.0,-0.93048817,-0.9438728,0.014470249,-40.92720620334149,1.0,160000
6970,49.788686526739525,0.5092692971229553,25.46346485614777,-1.0,-1.0,-0.8720633,-0.55150414,-39.93353276979178,1.0,160000
15536,49.78652462770032,0.5092276930809021,25.461384654045105,-1.0,-1.0,-0.3787141,-0.98727775,-38.90646755695343,1.0,94557
56779,49.77990260887377,0.5091002583503723,25.455012917518616,-1.0,-1.0,-0.44720563,0.04370124,-28.71406078338623,1.0,92899
23030,49.76373136311936,0.5087890625,25.439453125,-0.40065372,-0.66666156,-0.7769072,-0.47923756,-39.1977708041668,1.0,160000
17051,49.749037227231184,0.5085062980651855,25.42531490325928,-1.0,-1.0,-1.0,-0.9143982,-60.0,1.0,160000
29256,49.74862216915704,0.5084983110427856,25.42491555213928,-1.0,-1.0,-0.02418518,-0.32957357,-24.948277473449707,1.0,144324
40555,49.7112070765636,0.5077783465385437,25.388917326927185,-0.15962553,-0.49862826,1.0,-0.71462417,-29.49429750442505,1.0,160000
15311,49.707561173653104,0.5077081918716431,25.385409593582157,-1.0,-1.0,-1.0,-0.013779953,-20.254732370376587,1.0,160000
36655,49.68908665323714,0.5073527097702026,25.36763548851013,-0.89785975,-1.0,-1.0,0.90500647,-26.424169540405277,1.0,160000
22100,49.67615667510347,0.5071039199829102,25.355195999145508,-0.36279076,-1.0,-1.0,0.16825898,-20.0,1.0,86788
56566,49.64938831502463,0.506588876247406,25.3294438123703,0.11299348,-0.9447987,-0.5238782,-0.54621613,-53.8150429725647,1.0,160000
28583,49.647845563565326,0.5065591931343079,25.327959656715397,-1.0,-1.0,-1.0,-0.92319345,-60.0,1.0,160000
50035,49.59576484224979,0.5055571794509888,25.27785897254944,-0.9805151,-1.0,-0.5179205,-0.9670528,-20.0,1.0,160000
30991,49.569981713112206,0.505061149597168,25.2530574798584,-1.0,-1.0,-1.0,-0.5114554,-60.0,1.0,87628
16227,49.56791827755595,0.5050214529037476,25.251072645187374,-0.8881248,-1.0,0.95779526,-0.87365746,-41.31149232387543,1.0,160000
44009,49.54149893998024,0.5045132040977478,25.22566020488739,0.049375534,-1.0,0.6711642,-0.4041152,-60.0,1.0,160000
44570,49.51268654580392,0.5039589405059814,25.197947025299072,-0.48385155,0.048116803,-0.8892592,-0.20947368,-29.163427352905277,1.0,160000
27325,49.5067002079211,0.5038437843322754,25.19218921661377,-0.5585849,-0.47166854,-1.0,-0.5259721,-22.68958806991577,1.0227481126785278,160000
9534,49.45825294604036,0.5029118657112122,25.145593285560608,-1.0,-0.77389663,0.32705975,-0.914855,-30.608184337615967,2.1146852374076843,160000
6829,49.453065616671935,0.5028120875358582,25.140604376792908,0.21704888,-0.3081504,-0.7152805,-0.54376507,-20.0,1.0,160000
39065,49.44042869605684,0.5025690197944641,25.12845098972321,-1.0,-0.32636344,-1.0,0.53046256,-48.981470465660095,1.0,146836
50028,49.44015909760596,0.5025638341903687,25.128191709518436,-1.0,-1.0,-1.0,0.6765711,-28.13443899154663,1.0,160000
15425,49.42484449119876,0.5022692680358887,25.113463401794437,-1.0,-1.0,-1.0,-0.0420534,-26.46513938903809,1.0,160000
48122,49.38746449853443,0.5015503168106079,25.0775158405304,-1.0,-1.0,1.0,1.0,-39.81379643082619,1.0,106111
29631,49.38348527709972,0.5014737844467163,25.073689222335812,-1.0,-1.0,0.16729861,-0.9885168,-43.00686836242676,1.0,160000
16767,49.37339456130172,0.5012797117233276,25.063985586166385,-1.0,-1.0,0.50635135,-0.39303878,-20.0,1.6430131196975708,116474
18093,49.367097085317866,0.501158595085144,25.0579297542572,-0.9759754,-0.21496618,-0.014662862,-0.7784262,-60.0,1.0,133374
45361,49.359761319914064,0.5010175108909607,25.050875544548035,-0.074955046,-0.75608957,0.24464679,-0.2984116,-20.0,1.0,121590
32212,49.34106359207858,0.5006579160690308,25.032895803451535,-0.4353938,-1.0,-0.54343027,-0.55139816,-60.0,1.0,151279
28648,49.33274196108879,0.5004978775978088,25.02489387989044,-0.18101126,-0.46154082,-1.0,0.2910909,-20.0,1.0,160000
46496,49.32288294303416,0.5003082752227783,25.01541376113892,-0.7965696,-1.0,-0.95401114,-0.52218425,-41.54937654733658,1.0,147553
13058,49.30831265682356,0.5000280737876892,25.00140368938446,-1.0,-0.14137584,-1.0,0.6448184,-21.9170343875885,1.0,160000
14627,49.30795932116003,0.5000212788581848,25.00106394290924,-1.0,-0.17047876,-0.033329308,-0.965479,-20.0,1.0,160000
